run_id,area_size_m,n_drones,victim_x_m,victim_y_m,victim_dist_m,victim_depth_m,artva_noise_std,acc_sim_ms2,comm_radius_m,workspace_frac_r,workspace_frac_c,found,time_found_s,n_drones_stopped,n_drones_tracked,pos_variance_m2,pos_std_m,est_error_2d_m,est_error_3d_m,est_depth_m,est_error_depth_m,dcgd_err_final_mean_m,landing_err_mean_m,pf_std_xy_mean_m,note
21,100,3,9.3,1.5,5.5,2.71,1e-07,0.1,25,center,center,True,0.2,3,1,0.06799246955758664,0.26075365684413065,4.165619324360907,5.290188640307029,3.67,0.962,4.168,4.156,2.862,
32,100,3,9.4,0.5,6.3,4.95,1e-07,0.1,80,0.35,0.40,True,0.8,3,1,1.8960965780449923,1.3769882272717484,2.147867018265436,2.1589982631209184,5.277,0.33,2.232,2.192,3.256,
20,100,3,20.5,3.8,15.6,4.15,1e-07,0.05,120,0.60,0.58,True,26.5,3,3,0.506713088859542,0.7118378248305874,3.5645113563203012,5.5746486503183705,8.439,4.285,3.567,4.111,2.379,
6,100,3,14.7,19.7,17.6,4.32,1e-07,0.05,50,center,center,True,39.800000000000004,3,3,0.00047798997196325723,0.02186298177201036,1.3578677343824244,1.6947936078857693,6.26,1.938,1.358,1.524,1.591,
30,100,3,28.4,14.7,25.3,2.41,1e-07,0.1,50,0.60,0.58,True,55.1,3,3,0.36560281356931507,0.6046509849237948,2.3790569912124853,6.3087015944054,7.553,5.148,2.391,1.925,2.253,
11,100,3,24.6,20.7,25.2,2.5,1e-07,0.05,80,center,center,True,61.6,3,3,0.030455611324719023,0.1745153612858164,3.3753389117308035,4.369998410242167,7.597,5.097,3.376,6.438,2.435,
29,100,3,16.9,39.9,36.9,4.58,1e-07,0.1,50,0.60,0.45,True,79.7,3,3,0.19363812108000658,0.44004331727684104,2.508591792862161,9.005341363341605,-5.439,10.015,2.511,5.99,1.953,
3,100,3,47.2,8.4,42.3,2.35,1e-07,0.05,25,0.45,0.55,True,87.30000000000001,3,3,0.05336485421252117,0.2310083423007082,4.741625275204322,6.573109844033499,7.975,5.622,4.742,13.817,2.383,
27,100,3,39.3,33.1,44.3,2.22,1e-07,0.1,50,0.35,0.40,True,88.60000000000001,3,3,2.3661136673590795,1.5382176917975816,2.173887888370717,2.3062249016515732,1.244,0.972,2.63,9.33,2.433,
4,100,3,74.4,15.6,70.2,3.41,1e-07,0.05,25,0.60,0.45,True,116.4,3,3,0.010617607234383639,0.10304177421989413,1.2264261178430276,1.5117549044004142,5.028,1.617,1.227,6.375,1.758,
7,100,3,32.2,32.2,38.5,2.02,1e-07,0.05,50,0.35,0.40,True,87.4,3,3,0.4873338573440591,0.6980930148225658,3.5374067601763466,5.835433442297834,6.79,4.768,3.575,6.475,3.185,
1,100,3,84.3,25.6,81.9,1.61,1e-07,0.05,25,center,center,True,115.80000000000001,3,3,0.3137747006390782,0.5601559609957554,0.7356972264406443,1.905499571789574,-0.407,2.013,0.863,8.13,1.843,
19,100,3,28.0,43.9,45.2,2.54,1e-07,0.05,120,0.60,0.45,True,105.2,3,3,0.14115767704307172,0.37570956474792033,5.759894025369755,10.694908382623783,-10.165,12.702,5.762,10.378,2.458,
9,100,3,79.3,3.5,74.3,1.7,1e-07,0.05,50,0.60,0.45,True,118.10000000000001,3,3,0.003723455397623125,0.061020122890921194,1.1950349595499878,1.5206620877760653,3.259,1.558,1.196,1.657,1.661,
24,100,3,81.0,86.8,111.6,2.22,1e-07,0.1,25,0.60,0.45,True,117.60000000000001,3,3,1.5898018000902103,1.2608734274661395,4.300326028829773,5.947108059358505,7.33,5.109,4.313,7.08,3.045,
8,100,3,85.3,20.3,81.7,2.31,1e-07,0.05,50,0.45,0.55,True,120.80000000000001,3,3,0.004216029137156458,0.0649309566936793,0.8446885083002362,0.8917574012543638,1.709,0.597,0.845,9.295,1.762,
34,100,3,8.4,59.3,54.4,3.37,1e-07,0.1,80,0.60,0.45,True,104.7,3,3,0.2123864863785617,0.46085408360842556,1.4832296355801582,8.353501593605865,-5.572,8.945,1.494,11.423,2.138,
22,100,3,9.5,66.3,61.4,1.16,1e-07,0.1,25,0.35,0.40,True,110.2,3,3,3.152585769104588,1.7755522434174074,4.172669878211961,4.968674128074795,-3.354,4.519,4.456,9.135,2.631,
10,100,3,71.7,65.5,90.1,3.54,1e-07,0.05,50,0.60,0.58,True,109.7,3,3,0.0014680286359833987,0.03831486181605512,0.6898989094992518,1.2480887611088196,4.736,1.195,0.69,10.342,1.687,
5,100,3,48.6,67.2,75.9,4.09,1e-07,0.05,25,0.60,0.58,True,116.7,3,3,6.379202070824006,2.5257082315311097,3.531321501178171,8.804239680004732,-5.62,9.706,3.744,4.997,2.243,
12,100,3,10.3,54.6,49.9,1.69,1e-07,0.05,80,0.35,0.40,True,117.4,3,3,0.005963282434857287,0.07722229234396819,2.2222429093176004,6.121722213586054,-5.164,6.849,2.223,2.812,1.701,
31,100,3,33.9,67.0,68.4,2.32,1e-07,0.1,80,center,center,True,121.80000000000001,3,3,0.0028592978999147116,0.05347240316195553,0.733294320287742,0.7980507476140396,3.012,0.693,0.735,11.691,1.742,
26,100,3,70.3,57.5,83.8,2.26,1e-07,0.1,50,center,center,True,124.0,3,3,0.0012136370071965078,0.0348372933391288,2.97525605454376,7.233453427389012,-6.412,8.674,2.975,4.251,1.743,
14,100,3,52.7,17.5,49.3,4.11,1e-07,0.05,80,0.60,0.45,True,97.9,3,3,0.26709581476141586,0.5168131333097252,3.900433342159302,7.636226695870704,9.651,5.544,3.91,2.424,2.225,
17,100,3,76.2,79.5,103.0,1.49,1e-07,0.05,120,0.35,0.40,True,129.4,3,3,0.02320873841728028,0.15234414467671634,2.2992255872796203,3.6310784763120405,5.143,3.656,2.3,5.146,2.032,
18,100,3,52.3,49.6,65.0,2.89,1e-07,0.05,120,0.45,0.55,True,117.7,3,3,0.06791921207569142,0.2606131463984337,2.574310521695659,3.7450627446484805,6.659,3.773,2.577,16.719,2.146,
13,100,3,80.6,52.1,89.0,2.77,1e-07,0.05,80,0.45,0.55,True,131.3,3,3,0.004892511854397247,0.06994649279554513,0.3974846319779172,0.7166797666281788,3.527,0.757,0.399,17.769,1.967,
33,100,3,49.5,45.7,60.3,1.49,1e-07,0.1,80,0.45,0.55,True,112.30000000000001,3,3,4.679444093090662,2.1632022774328483,2.8592587583925493,4.125120036156157,-1.441,2.931,3.337,12.83,2.59,
16,100,3,74.1,82.8,104.0,1.82,1e-07,0.05,120,center,center,True,120.0,3,3,0.1647929129041753,0.4059469336060753,6.4087907023172885,9.473748460391247,-9.594,11.415,6.411,3.394,2.554,
2,100,3,62.8,41.3,68.3,2.02,1e-07,0.05,25,0.35,0.40,True,119.9,3,3,0.7137115475810533,0.8448145048358564,2.2043942985086766,3.345068992276794,4.786,2.764,2.227,3.087,2.592,
25,100,3,89.4,39.9,91.4,1.83,1e-07,0.1,25,0.60,0.58,True,152.5,3,3,0.015735779636362315,0.12544233590125112,3.1142977482334095,5.243576909640485,7.216,5.385,3.114,19.252,1.398,
35,100,3,46.5,87.8,92.6,3.0,1e-07,0.1,80,0.60,0.58,True,121.30000000000001,3,3,0.05250958145625851,0.2291496922456116,0.861143640856093,1.4162751219865595,1.772,1.229,0.864,5.151,1.579,
15,100,3,12.7,81.0,76.4,4.83,1e-07,0.05,80,0.60,0.58,True,137.8,3,3,0.002733710136202553,0.05228489395803106,0.4613580758664351,1.1310793718372028,5.982,1.154,0.463,14.242,1.514,
36,100,3,52.3,78.4,87.3,4.11,1e-07,0.1,120,center,center,True,116.2,3,3,0.058193953153986414,0.24123422881918397,1.6189646580370383,1.8400137155037117,5.472,1.365,1.62,12.846,2.228,
37,100,3,72.6,18.9,69.0,3.28,1e-07,0.1,120,0.35,0.40,True,126.0,3,3,0.0016447599459438315,0.04055564012494232,2.265682290589568,2.854181312401948,5.712,2.43,2.266,9.361,1.363,
59,100,3,6.9,21.3,16.4,4.72,1e-06,0.05,120,0.60,0.45,True,36.5,3,3,5.009509071157707,2.238193260457574,1.506528105606975,2.9367865908904474,1.528,3.196,1.853,1.722,1.682,
28,100,3,63.3,13.5,58.9,4.42,1e-07,0.1,50,0.45,0.55,True,173.4,3,3,0.0065748632456153755,0.08108553043308883,2.4800879388651893,3.4696317300061565,7.777,3.353,2.481,67.503,2.399,
38,100,3,62.8,48.1,72.1,3.0,1e-07,0.1,120,0.45,0.55,True,121.9,3,3,0.14694509665940833,0.38333418404755965,2.341918646773151,3.723242226307193,6.545,3.546,2.342,13.456,1.994,
40,100,3,68.8,11.9,64.2,3.71,1e-07,0.1,120,0.60,0.58,True,105.2,3,3,0.024208213555857817,0.1555898889897985,4.266809868365086,5.533065284832268,8.361,4.656,4.267,23.37,2.451,
43,100,3,42.7,28.2,44.3,4.4,1e-06,0.05,25,0.45,0.55,True,93.7,3,3,0.016871606173917753,0.1298907470681332,5.07147686585899,5.904390659989732,9.069,4.666,5.072,15.009,2.369,
50,100,3,38.0,22.2,37.2,2.17,1e-06,0.05,50,0.60,0.58,True,74.3,3,3,0.027794572230955317,0.16671704241305182,0.8158115536183079,1.9072465609769493,3.871,1.704,0.831,1.646,1.751,
56,100,3,32.9,7.0,28.0,1.54,1e-06,0.05,120,center,center,True,59.300000000000004,3,3,0.2717438972043813,0.5212906072474175,5.026317161615824,7.3772971296302625,9.242,7.701,5.027,7.43,2.598,
58,100,3,24.7,31.1,32.7,2.66,1e-06,0.05,120,0.45,0.55,True,68.10000000000001,3,3,0.2513639477752468,0.5013620924793245,3.7803316201852146,5.788824174222494,7.702,5.046,3.782,2.7,2.534,
41,100,3,6.9,74.1,69.1,3.35,1e-06,0.05,25,center,center,True,127.0,3,3,0.03866749003772668,0.19664050965588623,0.6152759345931622,0.9865277631300062,4.461,1.108,0.616,10.876,1.931,
47,100,3,19.7,49.8,47.1,4.57,1e-06,0.05,50,0.35,0.40,True,98.7,3,3,2.5451816518899504,1.5953625455958123,0.8713131432367633,3.56413027995918,1.06,3.507,1.74,5.456,1.808,
39,100,3,29.4,44.4,46.4,2.92,1e-07,0.1,120,0.60,0.45,True,119.9,3,3,0.01767732401925903,0.13295609808977935,4.590808340590461,9.396494503886414,-8.202,11.118,4.591,11.052,2.066,
53,100,3,83.4,2.0,78.4,3.39,1e-06,0.05,80,0.45,0.55,True,105.30000000000001,3,3,0.424740406589243,0.6517211110507646,1.1141639663124752,5.649439831541486,-2.562,5.947,1.118,9.544,1.76,
42,100,3,89.1,89.7,119.4,1.34,1e-06,0.05,25,0.35,0.40,True,123.30000000000001,3,3,0.044958993257630565,0.21203535850803415,6.098144155514478,8.017402453601942,8.327,6.989,6.098,7.378,2.659,
49,100,3,16.6,72.6,68.6,2.4,1e-06,0.05,50,0.60,0.45,True,118.4,3,3,0.01317261988736465,0.11477203443071247,2.298121235052035,8.221986909233818,-6.898,9.297,2.299,5.824,1.749,
51,100,3,74.4,77.5,100.4,2.72,1e-06,0.05,80,center,center,True,120.4,3,3,0.43384748037506016,0.6586709955471397,4.513383972094129,6.667227581024993,4.508,1.784,4.531,4.604,2.63,
44,100,3,70.4,24.7,68.3,4.42,1e-06,0.05,25,0.60,0.45,True,124.80000000000001,3,3,6.581446259029677,2.565432957422524,3.654663893618729,3.7448110348500694,3.841,0.578,4.419,8.272,2.606,
46,100,3,70.0,10.4,65.2,3.75,1e-06,0.05,50,center,center,True,118.9,3,3,0.09150200329996375,0.30249298057965535,3.314540507110881,3.85226635381227,7.558,3.812,3.316,9.889,2.338,
45,100,3,63.6,66.1,84.7,3.69,1e-06,0.05,25,0.60,0.58,True,123.30000000000001,3,3,0.5484212689507797,0.7405547035505072,0.46404821569563043,4.245565872458512,-0.63,4.319,0.717,6.229,1.864,
63,100,3,55.5,78.5,89.2,3.37,1e-06,0.1,25,0.45,0.55,True,103.4,3,3,0.16268039228283193,0.40333657444227883,4.528596952810914,5.28184008267889,7.849,4.482,4.529,30.705,2.545,
54,100,3,70.0,0.3,65.2,2.31,1e-06,0.05,80,0.60,0.45,True,108.2,3,3,0.0496592694097439,0.22284359853884944,4.483844053776739,6.422516377181504,9.323,7.012,4.487,12.931,2.862,
57,100,3,6.0,86.2,81.2,2.91,1e-06,0.05,120,0.35,0.40,True,120.2,3,3,0.2669749051235215,0.5166961439023147,0.5835215351960454,3.748146367502489,-1.098,4.012,0.688,2.71,2.132,
52,100,3,25.1,74.2,72.0,1.49,1e-06,0.05,80,0.35,0.40,True,133.0,3,3,0.018027932443376766,0.13426813636666282,3.031223427237433,8.679920602392901,-8.26,9.749,3.031,13.004,1.632,
48,100,3,28.4,59.7,59.5,3.51,1e-06,0.05,50,0.45,0.55,True,129.9,3,3,0.028085646049948287,0.16758772642991576,1.1126219872796344,2.138107311471015,5.576,2.07,1.117,15.864,1.361,
55,100,3,88.3,65.3,102.8,1.52,1e-06,0.05,80,0.60,0.58,True,120.5,3,3,0.057784890922874234,0.24038488081173956,0.5966264319893865,0.7216385743815456,1.009,0.514,0.629,13.639,1.639,
88,100,3,1.9,19.1,14.4,3.46,1e-05,0.05,50,0.45,0.55,True,19.6,3,2,1.6129520469205896,1.2700204907483146,4.474971992765318,5.763917448874239,7.832,4.372,4.487,4.718,2.973,
65,100,3,60.6,45.3,68.6,3.52,1e-06,0.1,25,0.60,0.58,True,120.60000000000001,3,3,0.00533378571081338,0.07303277148522697,1.9378378558626348,3.501025086313272,5.196,1.676,1.938,7.802,1.971,
60,100,3,82.8,18.2,78.9,1.44,1e-06,0.05,120,0.60,0.58,True,122.30000000000001,3,3,0.29430975014752275,0.542503225932826,0.33240772827791687,0.344487773240001,1.24,0.195,0.433,14.928,1.944,
61,100,3,82.4,71.8,102.3,2.87,1e-06,0.1,25,center,center,True,120.4,3,3,0.09099604385089909,0.30165550525541396,5.964304074034492,11.373694153817855,8.696,5.824,5.964,4.096,2.37,
68,100,3,82.9,33.4,82.9,3.29,1e-06,0.1,50,0.45,0.55,True,111.10000000000001,3,3,0.02045344218146128,0.1430155312595848,0.4991841711262977,2.3206221278497168,1.185,2.108,0.505,16.066,1.654,
89,100,3,2.6,26.6,21.8,1.14,1e-05,0.05,50,0.60,0.45,True,45.0,3,1,0.27474650425186875,0.5241626696473803,0.728953340140921,1.4112803345490252,0.095,1.041,0.827,2.614,1.923,
79,100,3,31.2,24.8,32.8,3.71,1e-06,0.1,120,0.60,0.45,True,75.5,3,3,0.19908377893520035,0.44618805333088013,6.7124638875703795,12.960432794976803,-11.194,14.902,6.713,12.153,2.63,
71,100,3,49.9,54.4,66.7,2.44,1e-06,0.1,80,center,center,True,117.60000000000001,3,3,0.012335709405651554,0.11106623882013632,1.6481201204457137,1.9591666508138839,4.287,1.848,1.649,10.596,2.011,
62,100,3,52.9,39.2,58.8,1.24,1e-06,0.1,25,0.35,0.40,True,130.9,3,3,0.37313445275418067,0.6108473236040088,5.578674841200272,8.65753677806108,9.255,8.01,5.588,23.419,3.071,
67,100,3,9.4,89.5,84.6,2.25,1e-06,0.1,50,0.35,0.40,True,121.2,3,3,0.01058609794304419,0.1028887649019279,2.261457138599345,7.470872812890679,-6.209,8.458,2.262,4.088,1.595,
66,100,3,21.7,59.3,56.8,4.39,1e-06,0.1,50,center,center,True,134.0,3,3,0.03798399772110963,0.1948948375948158,2.2380017115298347,2.448430578159137,6.807,2.415,2.24,12.831,2.459,
69,100,3,77.3,44.5,82.4,4.14,1e-06,0.1,50,0.60,0.45,True,110.4,3,3,0.07120283509840894,0.26683859371989077,4.022523675263884,4.277045569427374,7.336,3.199,4.023,17.322,2.542,
95,100,3,0.8,24.1,19.5,3.21,1e-05,0.05,80,0.60,0.58,True,33.300000000000004,3,2,0.007695184498585757,0.0877222007167271,0.8841356970310409,1.4975980972205327,4.529,1.32,0.886,0.37,1.686,
81,100,3,30.2,88.5,87.2,3.78,1e-05,0.05,25,center,center,True,90.4,3,3,5.296048254530486,2.301314462330276,3.1384188629122556,7.124903004483036,-4.753,8.532,3.217,3.643,1.766,
72,100,3,84.7,43.9,88.7,2.49,1e-06,0.1,80,0.35,0.40,True,125.4,3,3,0.002590548315874291,0.05089742936410729,0.917091231006756,1.1538605186154294,3.489,0.997,0.918,7.088,1.668,
84,100,3,12.9,43.2,39.0,2.1,1e-05,0.05,25,0.60,0.45,True,70.3,3,3,3.215161374495117,1.7930871073361485,2.7337798658626,4.331368876084875,3.047,0.948,2.901,7.143,2.532,
82,100,3,40.5,42.2,51.5,4.91,1e-05,0.05,25,0.35,0.40,True,82.30000000000001,3,3,0.04981718473056179,0.2231976360326466,0.34835071509375387,0.7288256825129384,4.407,0.505,0.41,2.646,1.899,
73,100,3,50.4,73.5,82.2,1.35,1e-06,0.1,80,0.45,0.55,True,121.9,3,3,0.1631552761176296,0.40392483968880843,3.191018658806409,4.985498360664156,6.154,4.802,3.194,14.499,2.211,
75,100,3,71.6,54.1,82.7,3.52,1e-06,0.1,80,0.60,0.58,True,122.10000000000001,3,3,0.009667957017122648,0.09832576985268231,2.8475015800647645,9.26784334971322,-6.42,9.937,2.849,3.527,2.234,
87,100,3,43.3,24.7,43.0,3.55,1e-05,0.05,50,0.35,0.40,True,82.5,3,2,0.810596933806357,0.9003315688158208,1.7539008275539931,2.434055946610848,5.371,1.826,1.767,2.834,2.419,
74,100,3,79.8,11.3,75.0,1.97,1e-06,0.1,80,0.60,0.45,True,119.30000000000001,3,3,0.004913339418810149,0.07009521680407407,1.2403740097225815,5.56635156586168,-4.145,6.11,1.242,12.095,1.747,
83,100,3,47.7,71.7,79.2,3.56,1e-05,0.05,25,0.45,0.55,True,104.10000000000001,3,3,0.5925698285818088,0.7697855731187802,4.129743540853299,5.361393594537318,8.2,4.644,4.13,9.436,2.743,
77,100,3,32.4,74.5,74.7,2.54,1e-06,0.1,120,0.35,0.40,True,118.4,3,3,0.0013182873143314751,0.036308226537955214,2.237665021382841,7.095087597461963,-5.244,7.781,2.238,9.99,1.869,
86,100,3,61.9,34.9,64.3,2.2,1e-05,0.05,50,center,center,True,100.9,3,3,0.003624570726178172,0.06020440786336306,2.228360072072663,6.885331650593748,-5.865,8.066,2.228,7.967,1.866,
85,100,3,9.5,59.3,54.5,1.05,1e-05,0.05,25,0.60,0.58,True,80.0,3,3,0.2972132262374363,0.5451726572723877,0.6696198912626431,4.5410546249076935,-3.723,4.775,0.678,5.167,1.966,
76,100,3,58.5,58.3,75.5,4.37,1e-06,0.1,120,center,center,True,127.80000000000001,3,3,0.004363619510655105,0.06605769834512178,0.980192464729434,1.126796039271131,5.461,1.091,0.98,15.237,1.74,
91,100,3,61.2,3.5,56.2,1.69,1e-05,0.05,80,center,center,True,93.80000000000001,3,1,0.026564068749704177,0.16298487276340765,0.6564336169590764,0.6650411274004221,1.339,0.349,0.66,9.97,1.887,
92,100,3,4.1,60.6,55.6,1.79,1e-05,0.05,80,0.35,0.40,True,85.9,3,2,0.03508485046238237,0.18730950446355457,4.376085980421894,7.727383814282728,8.408,6.618,4.377,7.001,2.391,
99,100,3,22.3,33.5,33.3,1.24,1e-05,0.05,120,0.60,0.45,True,42.0,3,3,0.005966040473976096,0.07724014807065104,0.16838755007446576,2.7193136272392127,4.049,2.81,0.184,0.999,1.644,
93,100,3,63.2,37.0,66.4,1.05,1e-05,0.05,80,0.45,0.55,True,85.5,3,3,0.07625329544730379,0.2761399924808136,0.05904371439086054,1.3374575159210689,-0.308,1.361,0.243,10.47,1.672,
78,100,3,51.2,80.6,88.6,2.89,1e-06,0.1,120,0.45,0.55,True,125.2,3,3,0.006519473267346606,0.08074325524368339,1.0141726969576987,1.1602674722402344,3.582,0.695,1.016,12.306,1.894,
94,100,3,41.5,36.0,47.9,1.27,1e-05,0.05,80,0.60,0.45,True,82.10000000000001,3,2,0.011147265012492346,0.10558060907426299,4.016990567638724,8.359201507973692,-8.573,9.845,4.018,4.025,1.812,
80,100,3,76.7,23.4,74.0,3.53,1e-06,0.1,120,0.60,0.58,True,117.2,3,3,0.01730621570251923,0.13155309081325012,1.0970958170239367,2.1802531843986452,5.481,1.947,1.098,4.391,1.748,
104,100,3,66.2,50.5,76.3,4.0,1e-05,0.1,25,0.60,0.45,True,73.0,3,3,0.014617248956450116,0.1209018153563052,0.926984881120144,1.467446432398088,5.263,1.261,0.928,9.138,1.392,
90,100,3,10.4,86.2,81.4,4.89,1e-05,0.05,50,0.60,0.58,True,106.5,3,3,1.6712842408792516,1.2927815905555167,0.30099469475339763,4.825875007510421,-0.014,4.903,1.183,10.564,2.155,
115,100,3,18.3,15.7,17.1,4.11,1e-05,0.1,80,0.60,0.58,True,32.9,3,3,0.1063539258825356,0.32611949632387144,0.27193819836160027,3.655137135260211,0.513,3.596,0.403,0.433,1.802,
96,100,3,61.8,71.9,87.8,1.88,1e-05,0.05,120,center,center,True,95.2,3,3,7.295222918173962,2.700967033892484,4.9308016943410955,5.933912326562547,-1.173,3.052,5.62,7.846,3.411,
105,100,3,72.6,33.4,73.3,4.97,1e-05,0.1,25,0.60,0.58,True,92.60000000000001,3,3,0.013272240719049196,0.1152052113363332,1.5967305972069463,1.691439288732745,5.298,0.327,1.597,12.211,1.856,
102,100,3,80.0,72.4,100.8,2.6,1e-05,0.1,25,0.35,0.40,True,98.9,3,3,0.03147099190700528,0.17740065362620647,4.40540415556384,5.164095235494829,6.328,3.725,4.406,12.139,2.404,
97,100,3,41.7,77.5,81.3,1.28,1e-05,0.05,120,0.35,0.40,True,102.7,3,3,0.014554318265293971,0.12064127927576851,0.7189493850203152,1.9622720405725524,3.369,2.091,0.722,3.895,1.611,
110,100,3,14.2,28.3,25.1,1.34,1e-05,0.1,50,0.60,0.58,True,72.4,3,2,0.43451692852642343,0.6591789806467007,1.4235129915283828,4.467067192768869,-3.237,4.576,1.425,16.752,1.233,
120,100,3,22.3,11.0,18.3,4.75,1e-05,0.1,120,0.60,0.58,True,42.1,3,3,1.2129926822397963,1.1013594700368252,3.006064349309311,5.48288662684133,8.576,3.822,3.019,3.82,2.697,
112,100,3,51.6,32.8,54.3,4.55,1e-05,0.1,80,0.35,0.40,True,81.80000000000001,3,3,0.040765326405600114,0.2019042505882432,1.0932329924053867,1.3712849854404798,5.531,0.976,1.096,7.622,2.24,
100,100,3,31.7,79.2,78.9,3.47,1e-05,0.05,120,0.60,0.58,True,97.7,3,3,0.005092610645458713,0.0713625297019291,2.850710241870849,9.657058249410486,-6.738,10.209,2.851,7.662,1.677,
98,100,3,86.8,20.2,83.2,3.68,1e-05,0.05,120,0.45,0.55,True,134.5,3,3,0.4359462253760688,0.6602622398532789,0.6660773420038065,1.2209105330036423,4.533,0.851,0.792,6.009,1.923,
136,100,3,9.1,5.9,4.2,4.4,1e-07,0.05,120,center,center,True,0.30000000000000004,3,2,0.061749929440256104,0.2484953308218408,4.107131802729651,4.476943323947482,3.827,0.577,4.107,4.095,2.586,
117,100,3,11.7,51.7,47.2,2.42,1e-05,0.1,120,0.35,0.40,True,76.0,3,3,4.310379913203745,2.0761454460619433,1.514307376385479,1.6957705383058914,1.544,0.872,2.484,4.621,2.161,
103,100,3,13.0,62.3,57.9,4.87,1e-05,0.1,25,0.45,0.55,True,100.30000000000001,3,3,0.004112845133529996,0.06413146757661169,0.74953912880202,1.1991117103275233,5.983,1.113,0.751,10.581,1.765,
109,100,3,73.8,45.0,79.6,3.31,1e-05,0.1,50,0.60,0.45,True,118.4,3,3,0.029381492703272713,0.1714103051256625,1.2571700981959895,2.228959250566257,5.62,2.314,1.259,16.698,1.645,
106,100,3,38.7,75.2,77.9,2.02,1e-05,0.1,50,center,center,True,105.5,3,3,0.010674794246736802,0.10331889588423215,3.302969463188764,4.481058611969059,7.138,5.114,3.304,18.315,2.311,
113,100,3,44.0,68.8,74.8,3.99,1e-05,0.1,80,0.45,0.55,True,98.60000000000001,3,3,0.044676113762013386,0.21136724855571495,2.9518644127768208,3.844852196891767,6.477,2.484,2.952,11.867,2.452,
122,100,3,36.2,2.7,31.3,4.53,1e-07,0.05,25,0.35,0.40,True,57.0,3,3,0.5143239358376623,0.717163813809413,3.716060392392941,4.870470676169962,8.492,3.958,3.742,3.901,3.093,
101,100,3,46.1,79.5,85.1,2.91,1e-05,0.1,25,center,center,True,106.60000000000001,3,3,0.3528968865429748,0.5940512490879678,4.832656310131396,5.725228488448544,8.971,6.066,4.833,11.682,2.681,
108,100,3,69.3,42.3,74.4,2.93,1e-05,0.1,50,0.45,0.55,True,120.9,3,3,1.7321320603544543,1.3161048819734902,1.5533175920437488,2.0582512745735078,3.628,0.696,1.601,20.275,1.593,
114,100,3,54.3,68.6,80.5,4.37,1e-05,0.1,80,0.60,0.45,True,96.7,3,3,0.6854899443277913,0.8279432011483585,6.4543163631710305,13.251018255422398,-11.633,16.0,6.468,18.085,2.527,
107,100,3,74.6,44.6,80.1,1.93,1e-05,0.1,50,0.35,0.40,True,125.80000000000001,3,3,0.4466067186228632,0.6682864046371609,1.065694699667934,1.0703833790715205,2.203,0.275,1.19,9.083,1.961,
111,100,3,31.0,81.6,80.9,4.84,1e-05,0.1,80,center,center,True,120.10000000000001,3,3,0.1124169139846471,0.33528631642917833,3.417151183996796,3.8349650924311884,8.855,4.013,3.421,20.817,2.67,
119,100,3,47.5,68.3,76.3,2.79,1e-05,0.1,120,0.60,0.45,True,105.9,3,3,0.002808630929663068,0.05299651808999407,1.6020961328128593,6.3631766286002565,-4.564,7.353,1.603,12.014,1.763,
118,100,3,15.4,79.0,74.7,1.49,1e-05,0.1,120,0.45,0.55,True,98.60000000000001,3,3,0.012563063160805181,0.11208507108801413,1.5844881541988916,3.6823521007920554,5.09,3.597,1.585,10.135,1.742,
116,100,3,79.3,35.6,80.3,4.78,1e-05,0.1,120,center,center,True,107.7,3,3,0.001908657946354967,0.04368819001005841,0.45182723939533465,0.8666818734011991,5.719,0.936,0.454,11.439,1.68,
121,100,3,13.6,51.0,46.8,4.32,1e-07,0.05,25,center,center,True,96.10000000000001,3,3,0.002699090923667059,0.051952775899532636,1.3572980689819492,1.4860873757017434,5.842,1.52,1.358,6.692,1.732,
128,100,3,76.5,50.0,84.5,4.5,1e-07,0.05,50,0.45,0.55,True,110.80000000000001,3,3,0.05732364234991144,0.23942356264559977,6.172954491282833,8.62753364027131,9.869,5.369,6.175,17.09,2.668,
139,100,3,27.9,23.3,29.4,4.44,1e-07,0.05,120,0.60,0.45,True,58.5,3,3,3.4770371415862,1.8646815121050029,2.5601728257478436,8.793952139210663,-5.273,9.718,2.678,2.307,2.359,
148,100,3,14.2,18.9,16.7,4.46,1e-07,0.1,50,0.45,0.55,True,32.1,3,3,0.20979517040730417,0.4580340275648788,1.494271917040685,2.153065005123889,6.354,1.899,1.495,1.83,2.345,
127,100,3,75.3,78.5,101.7,4.06,1e-07,0.05,50,0.35,0.40,True,119.4,3,3,0.008547485154217833,0.09245261031586849,0.40206052059339265,0.40780311571422856,4.26,0.197,0.405,13.73,1.677,
125,100,3,54.5,83.7,93.0,2.31,1e-07,0.05,25,0.60,0.58,True,112.80000000000001,3,3,0.09710755170971022,0.3116208460769437,2.53787316848154,4.179140991697631,5.858,3.546,2.54,13.178,2.265,
129,100,3,70.0,11.7,65.4,2.55,1e-07,0.05,50,0.60,0.45,True,103.9,3,3,4.402749258164946,2.0982729227068977,5.248062059297892,6.0092387154646145,2.608,0.062,5.611,5.433,2.496,
132,100,3,30.9,33.8,38.8,2.43,1e-07,0.05,80,0.35,0.40,True,89.7,3,3,0.09580232943521952,0.30951951381975823,2.081093024751101,8.667810064278589,-6.826,9.259,2.082,7.171,2.173,
123,100,3,69.8,25.5,68.0,3.79,1e-07,0.05,25,0.45,0.55,True,126.5,3,3,0.22547675769345515,0.47484392982690127,3.7041340560440785,4.9010461040762205,8.468,4.678,3.705,24.659,2.638,
124,100,3,51.3,77.4,86.0,1.88,1e-07,0.05,25,0.60,0.45,True,124.30000000000001,3,3,0.08974139309089472,0.29956867842098367,5.531805277528274,9.561753164861816,-9.407,11.292,5.532,14.37,2.329,
130,100,3,78.7,72.5,100.0,1.6,1e-07,0.05,50,0.60,0.58,True,128.5,3,3,0.008085184845116883,0.08991765591426905,1.5819128095926263,4.238033810353127,-2.61,4.214,1.584,5.425,1.808,
126,100,3,85.0,42.0,88.1,1.5,1e-07,0.05,50,center,center,True,128.1,3,3,0.13391950538426858,0.36595014057145625,1.4455248396454092,2.404591860207148,-1.423,2.919,1.448,5.587,1.855,
131,100,3,20.2,66.9,63.8,1.88,1e-07,0.05,80,center,center,True,120.5,3,3,0.05464404294784882,0.23376065312162528,0.5055557599206794,0.7143070104378663,2.688,0.811,0.541,9.286,1.998,
159,100,3,0.6,14.2,10.2,2.65,1e-07,0.1,120,0.60,0.45,True,14.3,3,1,1.2923689288385132,1.136824053597791,6.900509556559772,10.410546433316433,-10.999,13.653,6.902,7.176,2.806,
165,100,3,10.0,4.1,5.1,1.14,1e-06,0.05,25,0.60,0.58,True,0.2,3,2,0.07408064679661427,0.27217760157039794,5.377048019437812,6.219014962469126,4.338,3.2,5.381,5.36,3.083,
133,100,3,85.5,33.9,85.6,1.04,1e-07,0.05,80,0.45,0.55,True,123.2,3,3,0.017613524885588438,0.13271595565563485,2.8231789212981666,8.032497735692555,-7.618,8.655,2.824,1.239,1.974,
134,100,3,58.5,2.2,53.6,2.18,1e-07,0.05,80,0.60,0.45,True,106.10000000000001,3,3,0.6403128151185308,0.8001954855649529,5.107888966317619,10.114242459215696,8.72,6.537,5.111,4.263,2.454,
140,100,3,84.7,2.5,79.7,4.71,1e-07,0.05,120,0.60,0.58,True,108.60000000000001,3,3,0.9855634685889559,0.9927554928525734,1.2494076114047004,3.7342804708896975,0.785,3.922,1.258,11.101,1.691,
150,100,3,10.3,36.8,32.2,3.68,1e-07,0.1,50,0.60,0.58,True,63.6,3,3,0.9253665116856908,0.9619597245652703,2.0967515904392684,3.0674182457230286,1.119,2.564,2.21,2.574,1.968,
138,100,3,62.1,4.9,57.1,4.96,1e-07,0.05,120,0.45,0.55,True,113.5,3,3,0.03615159830466854,0.19013573652700994,3.6548284203371906,3.941837880772884,6.508,1.552,3.655,6.653,2.446,
137,100,3,46.6,28.8,47.9,1.4,1e-07,0.05,120,0.35,0.40,True,110.0,3,3,0.7115439711531482,0.8435306580991281,4.440495798528446,7.400127414228927,7.75,6.347,4.449,9.495,3.004,
135,100,3,60.3,67.6,83.5,1.03,1e-07,0.05,80,0.60,0.58,True,117.80000000000001,3,3,0.006968783126183832,0.08347923769527266,0.7970326429054269,5.701352260679788,-4.808,5.834,0.798,13.735,1.808,
154,100,3,26.6,16.4,24.4,4.08,1e-07,0.1,80,0.60,0.45,True,58.2,3,3,0.8972254753808462,0.9472198664411796,6.628648857929526,12.278187444602771,-10.438,14.519,6.63,9.639,2.615,
145,100,3,39.0,87.3,89.0,1.47,1e-07,0.1,25,0.60,0.58,True,120.0,3,3,0.020771728160563094,0.1441240027218336,0.4756471372148703,2.340422322263593,-0.93,2.403,0.479,20.601,1.646,
146,100,3,7.2,59.3,54.4,2.22,1e-07,0.1,50,center,center,True,123.30000000000001,3,3,0.009220009056665642,0.09602087823315116,1.220260593580454,1.2203505806077164,2.628,0.409,1.224,15.85,1.97,
149,100,3,17.3,84.4,80.4,1.91,1e-07,0.1,50,0.60,0.45,True,116.30000000000001,3,3,0.0025737679203909395,0.05073231633181102,1.3187642399889532,5.0530511479122895,-4.157,6.067,1.319,13.581,2.211,
142,100,3,13.6,67.7,63.3,2.57,1e-07,0.1,25,0.35,0.40,True,137.3,3,3,0.593743950755332,0.7705478250928569,1.4385506184031591,5.644408832168549,-3.607,6.176,1.512,21.324,1.945,
151,100,3,73.9,51.2,82.9,4.33,1e-07,0.1,80,center,center,True,110.60000000000001,3,3,0.012007914438946513,0.1095806298528463,1.0185087331422173,1.0191533086383067,4.878,0.546,1.02,16.661,1.633,
141,100,3,13.1,64.8,60.3,2.41,1e-07,0.1,25,center,center,True,145.8,3,3,0.005931710196318503,0.07701759666672613,1.6176122159343589,2.2751341193006343,5.075,2.662,1.618,16.905,1.46,
153,100,3,33.7,28.2,36.9,4.88,1e-07,0.1,80,0.45,0.55,True,92.0,3,3,0.012864050101833476,0.11341979589927623,2.0525370189027066,2.7747415463028386,7.471,2.587,2.053,17.937,1.539,
144,100,3,34.2,65.9,67.6,1.62,1e-07,0.1,25,0.60,0.45,True,119.5,3,3,0.008822112504155802,0.09392610129328163,2.924548184860602,7.2943165234842455,-6.903,8.521,2.925,15.464,1.741,
152,100,3,77.5,62.0,92.2,3.79,1e-07,0.1,80,0.35,0.40,True,122.10000000000001,3,3,0.02735689150780829,0.16539918835293083,1.6052733038946727,2.0490196933538014,5.634,1.841,1.607,8.365,1.671,
147,100,3,30.5,84.1,83.1,2.68,1e-07,0.1,50,0.35,0.40,True,118.9,3,3,0.0023984180652109324,0.048973646639911675,0.546208708787076,1.577658674794726,1.322,1.362,0.548,4.052,1.715,
157,100,3,43.2,7.5,38.3,1.62,1e-07,0.1,120,0.35,0.40,True,71.8,3,3,0.27527745822579197,0.5246689034293837,4.8161042560938645,7.9091058186327245,8.711,7.088,4.821,6.021,2.405,
163,100,3,32.1,22.0,32.0,2.46,1e-06,0.05,25,0.45,0.55,True,72.9,3,3,0.08695778581222896,0.2948860556422242,2.071566773951724,3.5442771039643572,5.973,3.512,2.072,6.032,2.003,
167,100,3,9.1,40.8,36.0,4.56,1e-06,0.05,50,0.35,0.40,True,83.4,3,3,0.03387717951029052,0.1840575440189576,5.2575205368459015,13.996902805974472,-10.792,15.348,5.26,6.057,1.932,
172,100,3,36.7,25.9,38.0,2.7,1e-06,0.05,80,0.35,0.40,True,76.3,3,3,0.21311673735559747,0.46164568378313414,4.201656243714449,6.985434143149125,8.584,5.881,4.206,4.058,2.543,
160,100,3,75.4,13.8,71.0,4.92,1e-07,0.1,120,0.60,0.58,True,113.30000000000001,3,3,1.8178445785642703,1.3482746673301662,1.9450237457585817,3.5014316519415942,1.434,3.484,2.072,3.149,1.674,
162,100,3,1.1,88.4,83.5,3.13,1e-06,0.05,25,0.35,0.40,True,119.5,3,3,0.08023032888771206,0.2832495876214334,5.409292213377515,10.73127116460078,-9.009,12.136,5.409,3.324,2.508,
158,100,3,45.9,65.7,73.2,4.34,1e-07,0.1,120,0.45,0.55,True,121.5,3,3,0.004170780282244952,0.06458157850536755,0.9061918230782334,1.26399402742477,5.441,1.101,0.908,13.175,1.825,
156,100,3,46.6,73.6,80.2,4.48,1e-07,0.1,120,center,center,True,127.7,3,3,0.010768141257755876,0.10376965480214279,1.0877436257520148,1.384615636601339,5.88,1.403,1.09,14.001,1.792,
164,100,3,35.1,65.4,67.5,2.13,1e-06,0.05,25,0.60,0.45,True,116.10000000000001,3,3,0.052886410674118714,0.2299704560897306,4.843388984243815,9.29708292371579,-8.882,11.016,4.844,10.165,2.138,
155,100,3,58.4,60.3,76.9,1.94,1e-07,0.1,80,0.60,0.58,True,117.7,3,3,0.04025894307772715,0.20064631339181677,1.3498849348523227,5.867218312794864,-4.465,6.408,1.355,2.833,1.847,
169,100,3,51.5,77.4,86.1,1.48,1e-06,0.05,50,0.60,0.45,True,118.7,3,3,3.3079524507005647,1.8187777353763062,3.912157047166734,4.803716971213592,-3.578,5.061,4.182,4.835,2.25,
166,100,3,85.7,19.1,81.9,3.03,1e-06,0.05,50,center,center,True,121.9,3,3,0.0017734394836013048,0.04211222487118562,2.815926558194217,8.075201381584245,-6.458,9.489,2.816,6.875,1.667,
171,100,3,78.8,84.3,108.3,2.48,1e-06,0.05,80,center,center,True,119.30000000000001,3,3,2.497664379347402,1.5804000693961646,4.649895806615632,4.650853402617656,-0.797,3.279,4.694,4.242,2.589,
192,100,3,8.2,21.2,16.5,4.6,1e-06,0.1,80,0.35,0.40,True,34.1,3,3,2.4045662597124435,1.5506663921399868,2.4296065675074545,6.978543167744259,-3.006,7.606,2.509,2.635,1.959,
161,100,3,58.4,79.4,91.6,2.38,1e-06,0.05,25,center,center,True,134.20000000000002,3,3,8.581698445632542,2.929453608718278,2.771757477752853,2.9358016543980687,5.15,2.769,3.707,24.68,2.666,
170,100,3,89.3,50.1,95.6,3.04,1e-06,0.05,50,0.60,0.58,True,123.10000000000001,3,3,0.025531522563235782,0.1597858647166131,2.827803815920073,4.720092372327188,7.364,4.327,2.829,9.802,1.715,
168,100,3,3.6,65.9,60.9,1.0,1e-06,0.05,50,0.45,0.55,True,124.30000000000001,3,3,0.024054807959937113,0.15509612490303268,0.7134209286465676,0.7766970739120482,0.824,0.18,0.728,13.908,1.896,
176,100,3,89.0,56.3,98.4,3.83,1e-06,0.05,120,center,center,True,116.7,3,3,0.36321580376852025,0.6026738784521196,1.974299752450495,7.572859916802976,10.26,6.434,2.041,9.261,2.342,
175,100,3,42.2,71.6,76.3,2.46,1e-06,0.05,80,0.60,0.58,True,122.30000000000001,3,3,0.02835425197042315,0.16838720845249247,2.824066588747698,9.042752404233585,-7.014,9.475,2.824,13.52,1.913,
197,100,3,12.6,23.6,20.0,3.65,1e-06,0.1,120,0.35,0.40,True,31.400000000000002,3,3,5.125057743775878,2.263859037965014,3.6496196996649446,9.487013408037582,-6.676,10.328,3.811,3.177,2.404,
195,100,3,20.7,15.5,18.9,4.97,1e-06,0.1,80,0.60,0.58,True,42.800000000000004,3,3,0.3325840007534355,0.5767009630245432,2.9640477227519457,5.11398709855728,8.444,3.478,2.969,3.706,2.584,
178,100,3,34.8,87.5,87.7,4.85,1e-06,0.05,120,0.45,0.55,True,125.9,3,3,0.05966287988999382,0.244259861397639,0.8002649713420894,1.3246136360621572,5.982,1.131,0.808,10.698,1.806,
183,100,3,48.4,34.2,52.3,2.48,1e-06,0.1,25,0.45,0.55,True,110.80000000000001,3,3,0.06357876941579735,0.2521483083738563,3.2602928689753057,4.579173230088692,6.993,4.517,3.261,22.316,2.47,
173,100,3,75.4,37.8,77.7,4.49,1e-06,0.05,80,0.45,0.55,True,135.0,3,3,0.01431312113413111,0.119637457069812,0.6227085754601596,1.085701105353507,5.166,0.675,0.633,13.974,1.74,
181,100,3,73.8,66.8,92.5,4.53,1e-06,0.1,25,center,center,True,120.9,3,3,0.005157567295092393,0.07181620496164075,0.24832867343153855,1.4305489754957579,5.999,1.474,0.254,8.894,1.648,
177,100,3,73.2,32.6,73.6,1.92,1e-06,0.05,120,0.35,0.40,True,134.20000000000002,3,3,0.015540906856934256,0.12466317361969514,0.730612641616606,1.4257000063798935,3.35,1.429,0.736,4.721,1.736,
174,100,3,82.1,81.2,108.4,1.52,1e-06,0.05,80,0.60,0.45,True,131.6,3,3,0.1820652493305422,0.42669104669601654,0.13359585922621986,2.590367059968478,-1.012,2.529,0.385,9.533,2.11,
179,100,3,70.7,52.6,81.1,3.6,1e-06,0.05,120,0.60,0.45,True,123.60000000000001,3,3,0.02484914657719585,0.15763612078833913,5.049052296058594,12.324308624252627,-9.715,13.313,5.049,5.07,2.101,
182,100,3,40.7,46.6,54.8,3.21,1e-06,0.1,25,0.35,0.40,True,115.30000000000001,3,3,0.005595611611323226,0.07480382083371963,0.9857489774493646,2.1678164058101443,5.236,2.021,0.988,10.684,1.633,
190,100,3,55.2,6.3,50.2,4.86,1e-06,0.1,50,0.60,0.58,True,93.60000000000001,3,3,0.11233887799020043,0.3351699240537558,0.5603050596183731,0.9142977343454423,5.325,0.469,0.581,21.962,1.894,
185,100,3,74.1,60.4,88.5,3.22,1e-06,0.1,25,0.60,0.58,True,123.5,3,3,0.010515186474962582,0.10254358329492189,0.8122166262914591,0.8948699966908279,3.792,0.571,0.817,28.553,1.901,
187,100,3,36.0,82.5,83.5,4.14,1e-06,0.1,50,0.35,0.40,True,130.6,3,3,0.03177604330217641,0.17825836110033216,0.5365772452585922,0.7603227159117414,3.888,0.256,0.564,7.078,1.804,
189,100,3,67.8,86.0,102.5,2.62,1e-06,0.1,50,0.60,0.45,True,117.80000000000001,3,3,0.04234705799312588,0.20578400810832187,4.537539250991558,10.0397142106554,-8.984,11.599,4.54,25.928,1.813,
186,100,3,84.2,25.9,81.9,1.78,1e-06,0.1,50,center,center,True,130.4,3,3,0.01239374245306847,0.11132718649579028,2.5983534448218437,4.425202042888177,-3.52,5.303,2.599,19.732,1.61,
188,100,3,59.3,31.6,60.4,1.69,1e-06,0.1,50,0.45,0.55,True,136.20000000000002,3,3,0.026220591423232936,0.161927735188364,4.7528823145945855,7.627007302681656,7.914,6.223,4.754,9.948,2.522,
202,100,3,1.1,57.9,53.1,4.85,1e-05,0.05,25,0.35,0.40,True,87.60000000000001,3,2,223.87501927999358,14.962453651724157,7.325802374089763,23.66627767167805,25.265,20.412,11.68,13.969,2.714,
204,100,3,51.5,84.1,91.8,3.68,1e-05,0.05,25,0.60,0.45,True,93.2,3,3,0.09484469640477919,0.30796866140044055,2.4493983277460973,9.050027603080176,10.976,7.296,2.454,7.263,2.379,
210,100,3,14.5,42.3,38.4,3.73,1e-05,0.05,50,0.60,0.58,True,70.4,3,3,2.037484998356772,1.4274049875059187,3.4004942397081264,3.473078602547212,1.96,1.771,3.48,7.62,2.499,
194,100,3,55.4,20.2,52.7,3.55,1e-06,0.1,80,0.60,0.45,True,116.9,3,3,1.5067202350305506,1.2274853298636814,2.9299384796607635,5.220759232837138,6.524,2.972,3.146,17.583,3.274,
193,100,3,21.2,82.3,79.0,1.45,1e-06,0.1,80,0.45,0.55,True,128.9,3,3,0.03335920198359033,0.1826450163119441,0.8938765852048376,0.9081310532085493,1.343,0.11,0.908,17.8,1.789,
206,100,3,34.6,46.1,50.7,1.4,1e-05,0.05,50,center,center,True,84.5,3,3,0.0082082077657812,0.09059915985140922,2.3607641490776823,3.2206965043798284,5.193,3.795,2.362,4.287,1.701,
198,100,3,12.9,59.1,54.7,3.53,1e-06,0.1,120,0.45,0.55,True,105.9,3,3,0.1294751820025823,0.35982659990970967,1.7526340549290338,2.591285087806185,5.881,2.352,1.76,7.864,1.821,
203,100,3,58.6,49.6,69.8,3.58,1e-05,0.05,25,0.45,0.55,True,106.80000000000001,3,3,0.13249165071604002,0.3639940256598177,3.560993758407104,4.527132051325851,7.647,4.067,3.562,8.454,2.523,
201,100,3,52.3,57.4,70.6,3.61,1e-05,0.05,25,center,center,True,92.60000000000001,3,3,0.005482308754215108,0.0740426144474593,0.8856336305064265,1.3807873093086964,5.128,1.521,0.888,6.76,1.827,
199,100,3,82.5,5.8,77.5,1.49,1e-06,0.1,120,0.60,0.45,True,105.4,3,3,0.14190090805985708,0.3766973693296213,0.8969148358030867,3.660254441537031,-1.962,3.451,0.966,14.486,1.735,
205,100,3,55.5,76.6,87.6,2.29,1e-05,0.05,25,0.60,0.58,True,105.4,3,3,0.0025727469932894224,0.05072225343268399,1.4327082978299464,4.817415374271488,6.916,4.63,1.433,10.163,1.941,
196,100,3,26.7,67.9,66.6,4.03,1e-06,0.1,120,center,center,True,129.5,3,3,0.021140753961380127,0.14539860371193433,1.1296793171440158,1.7001627594039133,2.086,1.945,1.135,17.649,1.964,
220,100,3,23.0,5.9,18.0,4.42,1e-05,0.05,120,0.60,0.58,True,29.8,3,3,0.1792289755521797,0.4233544325410798,3.4955862358162624,5.748656739305425,8.864,4.447,3.516,3.835,2.681,
219,100,3,21.0,35.2,34.1,4.15,1e-05,0.05,120,0.60,0.45,True,42.400000000000006,3,3,0.004471431671394799,0.06686876454215973,0.217883554734655,0.5492024719556492,3.765,0.38,0.221,0.986,1.716,
209,100,3,66.2,75.0,93.0,1.8,1e-05,0.05,50,0.60,0.45,True,107.0,3,3,0.010658530333666157,0.1032401585317756,1.0896413009807349,1.5831057827909103,3.608,1.812,1.094,5.66,1.628,
211,100,3,30.7,57.9,58.8,4.36,1e-05,0.05,80,center,center,True,85.2,3,3,0.0005480532400632378,0.023410536945214173,1.0772226897683648,1.0818678408449687,5.017,0.653,1.077,4.546,1.707,
212,100,3,22.8,79.9,77.0,4.1,1e-05,0.05,80,0.35,0.40,True,81.80000000000001,3,3,2.7505614019779148,1.6584816556048834,3.274598847002984,9.400684557892964,-6.491,10.591,3.337,3.969,2.549,
217,100,3,5.2,42.8,37.8,4.75,1e-05,0.05,120,0.35,0.40,True,66.5,3,2,0.43800227417826904,0.6618174024444122,2.7575891731265547,4.137228975108146,6.974,2.221,2.818,4.46,2.359,
237,100,3,13.6,0.3,9.8,2.48,1e-05,0.1,120,0.35,0.40,True,1.2000000000000002,3,2,1.0790457030175151,1.0387712467225472,6.095360177608933,7.316087395305957,8.752,6.275,6.153,6.116,3.628,
200,100,3,9.3,77.6,72.7,3.07,1e-06,0.1,120,0.60,0.58,True,132.70000000000002,3,3,1.4201397805449234,1.191696177951798,0.7101411097674336,2.4286584200609744,0.575,2.499,1.107,7.826,1.7,
215,100,3,56.4,7.8,51.5,3.9,1e-05,0.05,80,0.60,0.58,True,94.60000000000001,3,1,1.7400834389013287,1.319122222882068,1.2933503693481694,2.26862083974339,1.427,2.47,1.336,8.091,1.775,
213,100,3,22.0,64.5,61.9,4.77,1e-05,0.05,80,0.45,0.55,True,93.2,3,3,0.007344021594340349,0.0856972671346079,0.9492120793350072,1.7707510429496884,6.346,1.572,0.951,8.395,1.867,
208,100,3,77.7,22.3,74.7,1.05,1e-05,0.05,50,0.45,0.55,True,126.30000000000001,3,3,1.6102916210209401,1.2689726636224046,1.3612402583564833,2.8988039947055055,-1.967,3.014,1.65,4.832,2.303,
218,100,3,61.2,32.0,62.3,2.89,1e-05,0.05,120,0.45,0.55,True,86.9,3,3,0.012758197049860923,0.11295218922119625,0.9899240679142002,1.0298960409812001,2.194,0.695,0.991,6.043,1.844,
216,100,3,77.0,54.0,87.1,3.22,1e-05,0.05,120,center,center,True,114.5,3,3,0.016782287871906332,0.12954646993224606,0.9736205544089216,5.312941563629143,8.551,5.333,0.979,1.56,1.672,
214,100,3,74.2,71.8,96.1,3.6,1e-05,0.05,80,0.60,0.45,True,126.7,3,3,0.004022078657028561,0.06341986011517654,5.131328849053873,6.398852138719891,9.655,6.054,5.132,13.005,2.702,
225,100,3,26.6,40.7,41.7,1.36,1e-05,0.1,25,0.60,0.58,True,73.3,3,3,0.8761527560207433,0.936030317896137,1.2095769227851667,2.1755569149624634,-0.816,2.172,1.301,10.908,1.69,
221,100,3,37.0,69.6,72.1,1.25,1e-05,0.1,25,center,center,True,87.4,3,3,0.004571062819701968,0.06760963555368397,0.8539576005025846,1.5094752620376215,3.042,1.789,0.856,6.356,1.674,
227,100,3,54.5,47.1,65.0,4.42,1e-05,0.1,50,0.35,0.40,True,80.5,3,3,0.012373547544882794,0.1112364488145985,0.42890988005187153,0.9812456317809678,5.388,0.97,0.43,5.24,1.817,
226,100,3,11.3,52.8,48.2,1.04,1e-05,0.1,50,center,center,True,84.30000000000001,3,3,0.017808788926907074,0.133449574472559,2.1344000317780103,3.615871378680302,5.371,4.331,2.136,11.188,1.854,
224,100,3,79.2,8.8,74.3,4.28,1e-05,0.1,25,0.60,0.45,True,112.4,3,3,0.04757900720219099,0.21812612682159602,2.7797302294957404,3.0391115978945,7.164,2.882,2.78,18.133,2.058,
222,100,3,29.3,77.7,76.6,3.23,1e-05,0.1,25,0.35,0.40,True,101.2,3,3,2.9761356986020493,1.7251480222294113,0.9421130117213267,1.9991882631536113,1.308,1.917,1.835,15.101,1.814,
223,100,3,58.2,28.4,58.1,3.12,1e-05,0.1,25,0.45,0.55,True,94.2,3,3,0.4489830096742617,0.6700619446545683,0.8557613451954318,2.6714414440016725,0.246,2.874,0.863,6.349,1.695,
229,100,3,81.3,73.6,102.6,1.04,1e-05,0.1,50,0.60,0.45,True,89.10000000000001,3,3,0.2558051648963617,0.5057718506365906,1.7906865579858011,3.628627220939688,5.041,4.001,1.817,8.791,2.27,
234,100,3,52.3,0.8,47.5,1.61,1e-05,0.1,80,0.60,0.45,True,73.8,3,2,7.051577342009643,2.6554806235424957,3.884301587216711,5.406090408571492,-1.771,3.384,4.486,6.284,2.583,
230,100,3,29.1,54.9,55.5,3.5,1e-05,0.1,50,0.60,0.58,True,89.30000000000001,3,3,1.3762328477314871,1.1731295102125285,1.8311891913656846,4.349596458987359,-1.077,4.576,1.994,8.844,1.874,
232,100,3,61.7,35.9,64.6,1.19,1e-05,0.1,80,0.35,0.40,True,99.5,3,3,0.008736519797237241,0.09346935218154259,1.7107682491485419,3.0758968883514073,4.345,3.156,1.712,4.95,1.75,
239,100,3,15.2,25.4,22.8,3.28,1e-05,0.1,120,0.60,0.45,True,52.0,3,2,5.335197130947595,2.3098045655309445,1.215472042534126,4.171785702570448,-1.226,4.502,1.833,6.481,1.816,
233,100,3,53.3,50.1,66.0,4.85,1e-05,0.1,80,0.45,0.55,True,94.4,3,3,0.008151608103622952,0.0902862564492678,1.3448755442346936,1.3483252245622823,5.299,0.452,1.346,11.924,1.654,
231,100,3,82.7,88.8,114.2,3.46,1e-05,0.1,80,center,center,True,102.4,3,3,0.14656448526581975,0.3828374136181308,1.9590878236455498,5.987088899381969,7.815,4.353,1.975,0.799,3.236,
246,100,4,2.3,30.3,25.4,2.0,1e-07,0.05,50,center,center,True,37.2,3,4,0.09793613776013442,0.3129475000062062,2.7380017726249783,4.410053035024482,6.644,4.645,2.738,3.06,2.211,
236,100,3,20.8,50.5,48.2,3.23,1e-05,0.1,120,center,center,True,91.4,3,3,0.04481304977055139,0.21169092982589355,0.674781991520269,1.3024274425697475,4.666,1.433,0.697,6.098,1.996,
235,100,3,49.1,86.3,92.5,2.21,1e-05,0.1,80,0.60,0.58,True,99.30000000000001,3,3,0.006337589620704569,0.07960897952306994,0.6074777274106584,2.9090865101493124,-0.742,2.954,0.61,2.213,1.623,
238,100,3,63.1,75.8,91.6,3.09,1e-05,0.1,120,0.45,0.55,True,95.9,3,3,0.16363548254115468,0.4045188284136533,3.7393940404173125,8.112124965999715,9.053,5.964,3.74,8.868,2.258,
260,100,4,4.0,23.9,18.9,1.75,1e-07,0.05,120,0.60,0.58,True,20.0,3,4,0.023168050249651857,0.15221054578987572,1.6204397306076244,1.9727471318236767,0.851,0.898,1.623,1.707,1.882,
23,100,3,73.4,30.9,73.2,2.22,1e-07,0.1,25,0.45,0.55,False,900.0,1,3,11.79386435575161,3.4342196137917,6.0549204218282044,7.4078907038061175,4.124,1.906,6.071,329.406,2.757,vittima non trovata entro 15 minuti
240,100,3,81.9,79.0,106.7,3.99,1e-05,0.1,120,0.60,0.58,True,109.80000000000001,3,3,2.040490934098187,1.4284575366801027,4.841431851350589,7.634494018674185,9.234,5.247,4.849,3.23,2.945,
248,100,4,20.4,37.1,35.6,4.13,1e-07,0.05,50,0.45,0.55,True,66.2,3,4,0.11810830840162631,0.34366889356126823,2.654451742850354,3.1548272500135397,1.689,2.437,2.659,2.126,2.136,
247,100,4,44.9,20.7,42.8,4.43,1e-07,0.05,50,0.35,0.40,True,75.4,3,4,0.056420912485804414,0.23753086638541193,0.24060497327078637,0.28447180213687,4.662,0.235,0.312,1.772,2.496,
245,100,4,47.0,23.4,45.9,2.7,1e-07,0.05,25,0.60,0.58,True,88.0,3,4,0.20919106841693685,0.4573741011654867,2.2273784850357843,7.34499946739393,-4.69,7.386,2.231,0.626,2.138,
254,100,4,29.6,58.8,59.2,3.65,1e-07,0.05,80,0.60,0.45,True,87.7,3,4,0.024321586120810396,0.15595379482657803,1.5993576945142698,3.448595037886206,6.992,3.343,1.603,3.463,1.864,
244,100,4,33.9,86.5,86.5,1.14,1e-07,0.05,25,0.60,0.45,True,119.4,3,4,1.158088691132703,1.0761452927614854,1.9707962255931541,4.497645124552378,-4.413,5.548,2.015,8.988,1.991,
242,100,4,82.9,88.9,114.5,1.16,1e-07,0.05,25,0.35,0.40,True,111.4,3,4,0.04177497338749697,0.20438926925721168,1.3829073392391062,3.7360629275369703,4.876,3.715,1.387,7.831,1.877,
249,100,4,69.4,86.5,103.9,3.81,1e-07,0.05,50,0.60,0.45,True,121.7,3,4,1.7291147581188713,1.3149580822668345,2.4432417442016794,6.943555054640689,-4.131,7.937,2.446,6.59,1.926,
241,100,4,63.5,61.0,81.0,4.0,1e-07,0.05,25,center,center,True,108.80000000000001,3,4,0.02391765588919882,0.1546533410217795,0.47737482257640484,2.0104680456409434,5.761,1.764,0.487,4.781,1.648,
250,100,4,84.2,74.5,105.4,1.1,1e-07,0.05,50,0.60,0.58,True,118.60000000000001,3,4,0.007705265188967459,0.08777963994553327,1.0356044951269938,7.070773977759477,-6.073,7.174,1.036,9.393,1.666,
252,100,4,47.0,18.7,44.1,4.16,1e-07,0.05,80,0.35,0.40,True,87.5,3,4,0.1163424198481485,0.3410900465392511,2.911589405271144,3.115526068932142,3.986,0.179,2.919,6.321,2.179,
258,100,4,43.1,43.3,54.0,3.32,1e-07,0.05,120,0.45,0.55,True,92.7,3,4,0.15019823392406992,0.38755416901908035,1.8368696485788114,2.586403717562415,5.669,2.35,1.838,3.986,2.356,
255,100,4,41.1,72.7,76.8,4.69,1e-07,0.05,80,0.60,0.58,True,103.5,3,4,0.11289481159727345,0.33599823153890773,0.7245768301239889,3.3389539978380522,1.303,3.391,0.781,6.785,1.747,
251,100,4,20.2,89.7,86.1,2.06,1e-07,0.05,80,center,center,True,120.10000000000001,3,4,0.01956330124632729,0.13986887161311945,1.9531018177939228,2.7841773308312128,5.291,3.23,1.955,4.42,1.98,
275,100,4,13.2,14.7,12.7,1.87,1e-07,0.1,80,0.60,0.58,True,9.700000000000001,3,3,0.006589776687317775,0.08117743952181404,0.47479489180907014,2.779919374777904,4.651,2.784,0.476,0.466,1.695,
259,100,4,64.1,40.0,68.6,3.11,1e-07,0.05,120,0.60,0.45,True,111.0,3,4,0.011235913720089767,0.10599959301851006,3.6001709613707997,8.89844702678012,-7.303,10.41,3.601,3.311,2.092,
64,100,3,76.3,33.8,76.9,4.02,1e-06,0.1,25,0.60,0.45,False,900.0,2,3,801.4891342323408,28.310583431507393,28.880418398820076,33.03514969714459,16.834,12.813,37.247,348.742,3.466,vittima non trovata entro 15 minuti
243,100,4,4.7,62.4,57.4,3.81,1e-07,0.05,25,0.45,0.55,True,125.30000000000001,3,4,0.012774046962317402,0.11302232948544903,1.2119342449017942,2.167020690177854,5.666,1.859,1.216,7.071,1.785,
253,100,4,64.6,42.6,70.5,3.91,1e-07,0.05,80,0.45,0.55,True,109.80000000000001,3,4,3.239846797276411,1.7999574431848135,1.560587016897079,2.317326202584507,2.04,1.872,2.054,4.169,1.814,
267,100,4,43.8,8.5,38.9,2.87,1e-07,0.1,50,0.35,0.40,True,71.5,3,4,0.0315240971714651,0.17755026660488318,2.0647855259361583,2.2213385114762954,4.312,1.446,2.069,3.677,2.56,
256,100,4,89.1,69.3,105.9,2.66,1e-07,0.05,120,center,center,True,128.8,3,4,1.0742094666024107,1.0364407684968837,3.331920995123433,7.9863183769218,9.689,7.025,3.35,11.068,2.68,
257,100,4,56.1,44.5,64.6,1.81,1e-07,0.05,120,0.35,0.40,True,111.2,3,4,0.008510629853546349,0.09225307503572089,0.9286964135939383,1.9508615818701207,3.8,1.988,0.93,6.034,1.602,
264,100,4,59.3,63.4,79.8,2.93,1e-07,0.1,25,0.60,0.45,True,117.80000000000001,3,4,3.777727058712721,1.943637584199462,2.9818651442259267,3.758407579099456,-1.173,4.104,3.033,3.677,2.43,
270,100,4,23.2,34.2,34.4,4.25,1e-07,0.1,50,0.60,0.58,True,63.6,3,4,0.0073372076245211805,0.08565750185781267,1.5622144264922613,4.8238025125943595,-0.392,4.641,1.564,5.884,1.813,
263,100,4,76.0,45.1,81.5,4.47,1e-07,0.1,25,0.45,0.55,True,115.80000000000001,3,4,4.96750640645499,2.2287903460072216,0.8020076881611818,3.7072278267238725,8.027,3.554,2.184,10.11,1.732,
268,100,4,63.3,46.9,71.8,1.21,1e-07,0.1,50,0.45,0.55,True,98.5,3,4,2.421767529693656,1.5562029204745942,3.273172888272872,5.813143993177089,-4.784,5.998,3.398,18.7,2.501,
262,100,4,73.4,76.5,98.9,2.33,1e-07,0.1,25,0.35,0.40,True,111.4,3,4,0.010909227402498988,0.10444724698381948,0.402944529111432,0.42182789709168134,2.611,0.281,0.412,20.307,1.599,
269,100,4,44.1,31.1,47.0,3.66,1e-07,0.1,50,0.60,0.45,True,87.60000000000001,3,4,0.06953299932298497,0.2636911058852478,2.076951070488863,8.107384916683054,-5.405,9.06,2.079,7.453,2.054,
276,100,4,36.8,11.7,32.5,4.57,1e-07,0.1,120,center,center,True,59.400000000000006,3,4,0.009433227869180775,0.09712480563265377,3.7427817869360434,4.387478825998122,-0.21,4.778,3.744,4.779,2.036,
261,100,4,80.0,9.7,75.2,1.25,1e-07,0.1,25,center,center,True,133.20000000000002,3,4,0.8739805943893671,0.9348692926764507,1.3941946040508566,3.6707375361144483,-3.106,4.354,1.511,5.495,1.639,
70,100,3,0.6,44.6,39.9,3.51,1e-06,0.1,50,0.60,0.58,False,900.0,0,2,53.870737937611764,7.339668789367254,38.857003831428244,40.195495256088094,16.206,12.696,38.975,391.365,3.092,vittima non trovata entro 15 minuti
265,100,4,53.4,43.2,61.6,4.45,1e-07,0.1,25,0.60,0.58,True,121.80000000000001,3,4,0.4066620690691529,0.6377006108427001,1.2387236545762144,6.143121617618254,-1.99,6.441,1.353,8.458,1.898,
266,100,4,64.9,82.6,98.0,1.88,1e-07,0.1,50,center,center,True,109.4,3,4,1.5263712061519423,1.2354639639228424,1.0280528064901266,2.3158890347480496,-0.845,2.725,1.092,14.722,1.816,
286,100,4,48.4,0.7,43.6,2.88,1e-06,0.05,50,center,center,True,59.800000000000004,3,3,0.8941282640189805,0.9455835573966906,4.471265487474699,12.860021574081172,12.507,9.623,4.481,5.058,2.81,
271,100,4,36.7,64.7,67.6,3.03,1e-07,0.1,80,center,center,True,101.4,3,4,0.034603732800653556,0.1860207859370924,1.1716704882438995,1.3343763608095176,1.777,1.252,1.176,10.025,1.671,
277,100,4,58.7,10.4,53.9,2.11,1e-07,0.1,120,0.35,0.40,True,100.5,3,4,0.034078715045634186,0.18460421188487056,0.579731171735876,0.6923961550921222,2.651,0.543,0.59,5.48,1.704,
279,100,4,45.0,37.5,51.6,2.89,1e-07,0.1,120,0.60,0.45,True,89.60000000000001,3,4,0.2080268415984579,0.45609959613932777,1.0545509192285916,1.2938868534113455,2.565,0.322,1.091,6.216,1.98,
272,100,4,39.5,50.4,57.0,3.21,1e-07,0.1,80,0.35,0.40,True,97.30000000000001,3,4,0.27099512340526827,0.5205719195320357,0.30309303945350385,4.2769535378216315,-1.105,4.32,0.565,11.835,1.741,
281,100,4,54.6,20.2,51.8,1.63,1e-06,0.05,25,center,center,True,89.10000000000001,3,4,16.330642942903683,4.0411190211256685,2.364485778520384,11.86731646487597,14.384,12.757,4.468,8.519,3.131,
278,100,4,77.4,65.5,94.3,1.17,1e-07,0.1,120,0.45,0.55,True,112.60000000000001,3,4,0.005838421551951805,0.07640956453188177,2.2702750399050466,6.435221696377662,-5.981,7.147,2.271,7.702,1.901,
273,100,4,69.7,70.5,92.1,2.7,1e-07,0.1,80,0.45,0.55,True,113.9,3,4,1.9926747284133526,1.4116213119719299,1.5216099633981985,4.479959607132426,-2.099,4.798,1.558,9.37,1.866,
274,100,4,51.0,48.4,63.2,2.74,1e-07,0.1,80,0.60,0.45,True,86.30000000000001,3,4,0.014999810902896897,0.12247371515103515,1.1425830461758009,3.785278485649868,6.626,3.888,1.143,4.97,1.763,
291,100,4,45.5,0.6,40.7,3.28,1e-06,0.05,80,center,center,True,59.400000000000006,3,3,0.31423334997775504,0.5605652058215485,6.464436458329539,14.907081657076487,12.171,8.887,6.465,8.76,2.902,
287,100,4,37.4,11.9,33.1,4.06,1e-06,0.05,50,0.35,0.40,True,72.3,3,4,0.007932840212004948,0.08906649320594669,1.3819822339237382,2.2076973531673425,6.128,2.07,1.384,1.884,1.772,
302,100,4,5.2,21.0,16.0,1.79,1e-06,0.1,25,0.35,0.40,True,21.8,3,4,0.026743924176569588,0.16353569694892178,2.2111002024582898,8.559519147820062,-7.459,9.254,2.213,2.927,1.885,
289,100,4,42.4,13.2,38.3,4.59,1e-06,0.05,50,0.60,0.45,True,73.0,3,4,0.06794835447210076,0.2606690516192913,2.330342536162076,3.922525252742704,8.448,3.855,2.335,2.559,1.877,
280,100,4,53.6,49.7,66.0,3.08,1e-07,0.1,120,0.60,0.58,True,99.4,3,4,0.03205259715669584,0.17903239136171933,0.39232375363824196,3.9834070104201817,-0.879,3.956,0.418,4.131,1.666,
283,100,4,48.0,16.9,44.6,3.69,1e-06,0.05,25,0.45,0.55,True,90.0,3,4,5.149708957894218,2.2692970184385777,2.110755349078161,6.88367812136413,10.999,7.309,3.021,8.08,2.715,
288,100,4,41.7,21.3,40.2,2.24,1e-06,0.05,50,0.45,0.55,True,76.2,3,4,3.6409034585976654,1.9081151586310678,6.754259819943939,8.674067475238555,9.101,6.859,6.772,7.881,2.723,
284,100,4,49.9,41.1,57.6,3.08,1e-06,0.05,25,0.60,0.45,True,94.2,3,4,0.027812104679298844,0.1667696155757962,1.6742002793272663,6.923839816542521,-4.667,7.751,1.678,2.537,2.157,
290,100,4,11.3,39.9,35.5,1.8,1e-06,0.05,50,0.60,0.58,True,73.2,3,4,0.08302217550668974,0.28813568940117384,1.1175502837058289,7.39706552145604,-5.822,7.618,1.122,2.426,2.09,
298,100,4,36.5,0.3,31.8,3.58,1e-06,0.05,120,0.45,0.55,True,57.2,3,3,0.28278336053010716,0.5317737869903961,3.250139189208154,7.862366322155925,9.835,6.259,3.277,5.831,3.693,
285,100,4,64.8,87.8,102.1,3.29,1e-06,0.05,25,0.60,0.58,True,123.7,3,4,0.33687364990124147,0.580408175253624,0.703675310213897,0.9026113115476129,3.871,0.586,0.837,6.804,2.182,
312,100,4,11.3,24.6,20.6,3.11,1e-06,0.1,80,0.35,0.40,True,26.8,3,4,0.7471152207423315,0.864358271055661,0.6698480181113742,5.017786007822274,-2.136,5.248,0.978,1.39,2.167,
295,100,4,56.5,2.9,51.6,4.37,1e-06,0.05,80,0.60,0.58,True,73.5,3,4,0.03501496788761586,0.18712286842504275,0.17580555274456322,1.8590353528472807,6.194,1.82,0.242,6.109,2.104,
310,100,4,2.3,32.2,27.4,1.31,1e-06,0.1,50,0.60,0.58,True,52.0,3,3,0.3802176139862613,0.6166178832845033,2.831901404395594,8.660949305459345,-7.302,8.615,2.832,1.601,1.864,
296,100,4,28.7,56.1,56.3,4.67,1e-06,0.05,120,center,center,True,92.7,3,4,0.06886645788043391,0.26242419454088817,0.9839424752890458,0.984260938769688,3.963,0.709,1.017,3.8,2.131,
299,100,4,60.9,69.0,85.0,2.71,1e-06,0.05,120,0.60,0.45,True,106.60000000000001,3,4,0.048837308702979323,0.22099164849147426,2.161953333047391,7.734241720468803,-6.107,8.819,2.163,4.309,1.868,
292,100,4,83.1,88.4,114.3,1.36,1e-06,0.05,80,0.35,0.40,True,113.7,3,4,0.01557228462491253,0.12478896034871245,0.5864066238782948,1.6141755062610597,2.99,1.633,0.598,7.649,1.785,
293,100,4,75.0,67.4,93.8,1.37,1e-06,0.05,80,0.45,0.55,True,125.7,3,4,0.014097795890724116,0.11873413953334616,2.250184136702672,5.591395517527094,-4.852,6.219,2.252,7.701,1.664,
300,100,4,21.4,78.6,75.4,2.62,1e-06,0.05,120,0.60,0.58,True,106.7,3,4,1.3521584710478227,1.1628234909253523,2.6840408223078915,8.200061711738357,-6.021,8.643,2.689,5.515,1.966,
294,100,4,77.5,7.3,72.6,2.35,1e-06,0.05,80,0.60,0.45,True,116.80000000000001,3,4,0.008721778876510319,0.09339046459093304,0.9908114416826908,4.8219743161405555,7.373,5.019,0.992,2.553,1.647,
306,100,4,52.5,32.8,55.0,3.72,1e-06,0.1,50,center,center,True,108.2,3,4,0.01441485345869984,0.12006187345989501,0.513433773065843,0.5975805133468084,3.748,0.028,0.518,9.389,2.206,
318,100,4,32.8,26.0,34.9,4.34,1e-06,0.1,120,0.45,0.55,True,63.1,3,4,0.043857815213526254,0.20942257570168088,1.4508618480799043,3.1439162692973377,1.053,3.289,1.452,1.619,2.119,
297,100,4,72.4,9.5,67.5,4.31,1e-06,0.05,120,0.35,0.40,True,116.2,3,4,0.06413101337495086,0.2532410183500115,0.8954890566392139,1.0792272914374845,5.143,0.836,0.908,8.903,1.838,
321,100,4,26.4,24.8,29.2,1.3,1e-05,0.05,25,center,center,True,38.6,3,4,0.02739905736395764,0.1655266062116832,0.7817032377342181,1.2081909997417377,-0.099,1.396,0.782,0.975,1.679,
325,100,4,6.1,27.6,22.6,1.07,1e-05,0.05,25,0.60,0.58,True,38.300000000000004,3,2,0.002599607464100337,0.05098634585945866,1.3541419218203183,2.489536153864257,3.343,2.274,1.354,3.163,1.742,
305,100,4,26.8,68.0,66.6,1.39,1e-06,0.1,25,0.60,0.58,True,114.80000000000001,3,4,0.030569556939864878,0.17484151949655688,0.5864056897466534,4.36219884427898,-3.173,4.563,0.593,2.36,1.727,
308,100,4,28.4,59.7,59.5,3.06,1e-06,0.1,50,0.45,0.55,True,96.5,3,4,0.010519341486205862,0.1025638410269714,0.45803546913262316,0.551642666184203,3.456,0.395,0.462,8.631,1.853,
307,100,4,70.2,41.4,74.6,4.88,1e-06,0.1,50,0.35,0.40,True,109.9,3,4,0.013476709372874682,0.11608923021914945,0.9844761085193103,1.2657100719618797,5.964,1.082,0.988,18.666,1.73,
314,100,4,46.6,89.5,94.2,4.7,1e-06,0.1,80,0.60,0.45,True,99.0,3,4,0.01234385914119916,0.11110292138912982,1.0243922145677828,2.2942947862405916,7.029,2.327,1.026,8.876,1.538,
334,100,4,10.5,13.7,10.3,2.79,1e-05,0.05,80,0.60,0.45,True,3.9000000000000004,3,3,2.336576120439946,1.5285863143571403,0.8295299732111104,3.9825806406480786,6.845,4.058,1.737,1.703,2.095,
311,100,4,66.5,61.6,83.6,2.61,1e-06,0.1,80,center,center,True,104.4,3,4,0.027600639129582945,0.16613440080122763,3.4033550159013366,8.612770302351098,-7.52,10.132,3.406,8.974,2.077,
301,100,4,59.9,20.2,57.0,2.32,1e-06,0.1,25,center,center,True,109.2,3,4,0.02136931027684773,0.14618245543445949,0.2857909134088025,0.7082723107058663,2.968,0.647,0.312,8.136,1.836,
313,100,4,3.6,58.3,53.4,2.49,1e-06,0.1,80,0.45,0.55,True,107.80000000000001,3,4,0.008503269373151746,0.09221317353367547,0.9081592446223165,0.9113290625029189,2.611,0.125,0.912,12.211,1.84,
317,100,4,21.7,48.6,46.7,2.94,1e-06,0.1,120,0.35,0.40,True,85.9,3,4,0.25730992790136853,0.5072572600775356,1.5241676414035688,8.161671496458464,-5.72,8.663,1.539,8.891,2.079,
322,100,4,6.0,75.2,70.2,4.04,1e-05,0.05,25,0.35,0.40,True,79.9,3,3,0.1841581650203224,0.4291365342409364,0.39718399324267123,2.0843849574831936,6.19,2.151,0.43,3.669,1.91,
315,100,4,1.5,83.6,78.7,1.29,1e-06,0.1,80,0.60,0.58,True,102.9,3,4,0.006004694353212826,0.07748996291916022,0.6232267495398296,1.5460106112207057,-0.151,1.441,0.628,6.617,1.686,
331,100,4,20.2,18.3,20.2,2.8,1e-05,0.05,80,center,center,True,41.400000000000006,3,4,0.015872844747472744,0.12598747853446685,2.254536500558088,3.1340434295858297,6.484,3.688,2.255,3.741,2.024,
338,100,4,20.7,13.1,17.7,4.19,1e-05,0.05,120,0.45,0.55,True,20.6,3,4,0.024027139405207027,0.15500690115348745,0.3941453974092465,1.7119453213939164,2.515,1.679,0.405,0.17,1.668,
319,100,4,25.6,49.8,49.3,3.44,1e-06,0.1,120,0.60,0.45,True,76.10000000000001,3,4,0.08005288983455706,0.28293619392816655,0.5017489699783356,1.0511357767582903,4.451,1.014,0.534,3.097,1.991,
309,100,4,59.1,75.6,88.9,1.65,1e-06,0.1,50,0.60,0.45,True,119.5,3,4,0.05102528226404701,0.22588776475065447,0.32046002950750313,4.05468584117269,-2.59,4.242,0.326,13.692,1.797,
346,100,4,7.1,3.8,2.5,2.55,1e-05,0.1,50,center,center,True,0.30000000000000004,3,2,0.031117932831678657,0.17640275743785486,2.083045612007334,2.1105918878527787,1.639,0.915,2.087,2.109,2.165,
323,100,4,51.7,7.0,46.8,1.89,1e-05,0.05,25,0.45,0.55,True,85.9,3,3,21.29033933628794,4.6141455694730675,2.7013888387520355,14.325062698559996,16.161,14.273,4.687,8.664,3.009,
344,100,4,17.9,2.9,13.1,4.67,1e-05,0.1,25,0.60,0.45,True,11.600000000000001,3,4,0.004550375684258846,0.06745647251568115,0.6387335739161399,1.1605195970606446,4.221,0.446,0.64,0.495,1.668,
328,100,4,24.3,43.5,43.0,4.2,1e-05,0.05,50,0.45,0.55,True,60.5,3,4,0.04268001165142613,0.20659141233707207,1.0453306291982605,2.0766474380078304,6.209,2.013,1.049,1.252,1.786,
316,100,4,37.2,83.1,84.5,3.81,1e-06,0.1,120,center,center,True,107.4,3,4,0.010905059394621526,0.10442729238384728,0.4854930200771737,0.8131816445667053,4.65,0.841,0.487,9.695,1.884,
320,100,4,68.3,23.3,65.8,3.87,1e-06,0.1,120,0.60,0.58,True,103.9,3,4,0.37165498216663956,0.6096351221563925,2.1329596283641648,5.937249995107625,-2.565,6.436,2.156,8.905,2.607,
324,100,4,48.0,58.3,68.4,4.69,1e-05,0.05,25,0.60,0.45,True,84.80000000000001,3,4,3.639744845858059,1.9078115331075183,1.8576559327890771,2.166340368276898,2.478,2.215,2.35,3.767,2.359,
329,100,4,47.2,16.8,43.9,2.73,1e-05,0.05,50,0.60,0.45,True,71.0,3,3,8.40088461403679,2.8984279556402277,2.04369856552259,2.855292402631768,-0.562,3.294,2.684,2.911,2.748,
326,100,4,39.5,68.7,72.4,2.19,1e-05,0.05,50,center,center,True,80.2,3,4,0.001044615588155639,0.03232051342654753,1.2262738751017541,1.2345840759725863,3.179,0.99,1.226,2.0,1.736,
333,100,4,7.8,45.4,40.5,3.68,1e-05,0.05,80,0.45,0.55,True,61.1,3,3,0.23231336064675756,0.4819889632001521,1.148730710515262,1.5890249593548158,5.051,1.376,1.153,1.641,2.313,
330,100,4,52.7,26.8,52.4,4.3,1e-05,0.05,50,0.60,0.58,True,80.4,3,3,0.04759636934109607,0.218165921585146,0.22858361240720862,0.4359227290317886,3.848,0.449,0.291,4.752,1.787,
336,100,4,2.0,53.9,49.0,2.42,1e-05,0.05,120,center,center,True,71.9,3,3,0.00864314783480412,0.09296853142221899,0.8544676852121528,1.420531179149863,4.025,1.608,0.857,0.704,1.817,
347,100,4,29.5,1.4,24.8,4.38,1e-05,0.1,50,0.35,0.40,True,31.5,3,3,0.2524807289605551,0.5024746052892177,4.8782432948380166,6.146802801279725,9.007,4.626,4.879,5.664,3.248,
332,100,4,65.8,41.6,71.0,4.18,1e-05,0.05,80,0.35,0.40,True,86.7,3,4,0.007857145863932725,0.08864054300337247,0.6761295089056819,0.8616048553192922,4.958,0.776,0.68,4.392,1.609,
335,100,4,34.5,54.8,57.9,4.9,1e-05,0.05,80,0.60,0.58,True,67.5,3,4,0.008261371906281005,0.0908920893492993,0.6916622888873143,2.9071886210611235,7.427,2.53,0.695,2.255,1.67,
327,100,4,40.0,64.3,68.9,1.33,1e-05,0.05,50,0.35,0.40,True,91.30000000000001,3,4,1.3166793020837317,1.1474664710063347,0.9285883696553584,2.8255947929836127,-1.735,3.067,1.172,3.207,1.69,
337,100,4,58.8,15.2,54.8,3.7,1e-05,0.05,120,0.35,0.40,True,82.80000000000001,3,3,0.015370306141852134,0.12397703876868545,0.9877637471270914,0.9982272045697593,3.868,0.17,0.995,3.787,1.853,
351,100,4,21.6,28.1,28.5,1.59,1e-05,0.1,80,center,center,True,42.2,3,4,0.02956494483043946,0.171944598142656,2.780147617373057,3.8231172752199827,6.163,4.576,2.78,4.421,1.897,
342,100,4,31.1,70.2,70.2,1.36,1e-05,0.1,25,0.35,0.40,True,77.9,3,4,0.13400887067636913,0.3660722205745324,1.0816814654551778,4.133985739822995,-3.126,4.488,1.099,4.438,1.745,
350,100,4,55.5,40.8,61.9,3.44,1e-05,0.1,50,0.60,0.58,True,79.5,3,4,0.5938283236420838,0.7706025717852776,0.812185803638821,6.107271821145942,-2.992,6.435,0.94,5.397,1.8,
357,100,4,29.4,43.0,45.2,4.56,1e-05,0.1,120,0.35,0.40,True,55.900000000000006,3,4,0.009279152820365903,0.09632835937752653,0.6400489673905762,1.9476221393211732,2.721,1.839,0.642,4.277,1.644,
358,100,4,29.3,26.8,32.7,1.68,1e-05,0.1,120,0.45,0.55,True,43.400000000000006,3,4,0.014750464398915576,0.12145148989994144,0.5573162392304546,1.918687343425362,3.447,1.768,0.564,2.161,1.881,
341,100,4,50.5,88.7,95.3,2.75,1e-05,0.1,25,center,center,True,88.0,3,4,0.08814026444922513,0.2968842610331931,1.7390846396660038,5.321170269053399,-3.421,6.173,1.741,2.964,2.17,
356,100,4,23.5,45.0,44.0,1.5,1e-05,0.1,120,center,center,True,67.0,3,4,0.03304164392853933,0.18177360624837516,5.090590387403435,6.387722724390803,8.325,6.823,5.091,6.577,2.36,
339,100,4,83.7,57.2,94.4,4.26,1e-05,0.05,120,0.60,0.45,True,116.80000000000001,3,4,0.02587753126284423,0.16086494727828132,1.2321126666290825,1.5947009320924286,5.797,1.542,1.236,8.522,1.742,
345,100,4,70.6,74.6,95.6,2.66,1e-05,0.1,25,0.60,0.58,True,96.7,3,4,0.01156246399975488,0.10752889844016296,0.38382269046227985,1.364837796040756,3.971,1.311,0.393,4.484,1.622,
343,100,4,79.1,1.5,74.2,1.44,1e-05,0.1,25,0.45,0.55,True,104.30000000000001,3,4,0.15869111820488613,0.3983605379613876,0.8556649820147461,1.9269642217516791,3.321,1.88,0.904,21.75,2.11,
360,100,4,41.3,8.3,36.5,1.99,1e-05,0.1,120,0.60,0.58,True,60.400000000000006,3,3,0.008818556802826049,0.09390717120021265,2.4710175735291235,8.417507449499027,9.09,7.104,2.473,2.092,2.589,
348,100,4,68.8,57.7,82.8,1.22,1e-05,0.1,50,0.45,0.55,True,100.60000000000001,3,4,0.2737570623856166,0.5232179874446372,0.7249006788195087,2.8296785512651095,-1.845,3.061,0.787,8.616,1.939,
349,100,4,74.6,65.1,91.9,1.57,1e-05,0.1,50,0.60,0.45,True,106.80000000000001,3,4,0.13039308102701286,0.3610998214164788,1.7344465475562871,2.555279347903689,4.462,2.897,1.738,11.123,1.558,
143,100,3,72.1,15.1,67.9,4.0,1e-07,0.1,25,0.45,0.55,False,900.0,2,3,25.102356177856784,5.010225162391086,9.29597738073035,18.366468444212103,-14.343,18.339,10.4,580.776,3.24,vittima non trovata entro 15 minuti
340,100,4,74.3,10.4,69.5,1.28,1e-05,0.05,120,0.60,0.58,True,118.60000000000001,3,4,0.2601630021221899,0.5100617630465842,0.7989386345746337,0.9564543241862562,2.001,0.722,0.839,9.333,1.723,
359,100,4,69.8,41.3,74.3,4.36,1e-05,0.1,120,0.60,0.45,True,97.60000000000001,3,4,0.06539483315584659,0.2557241348716358,3.0049665383966944,4.064669178093121,7.096,2.739,3.007,5.287,2.043,
355,100,4,86.4,30.4,85.3,3.57,1e-05,0.1,80,0.60,0.58,True,111.2,3,3,0.010957013101283785,0.10467575221264849,1.1546535588727502,1.3066261156899897,4.69,1.117,1.158,2.753,1.705,
352,100,4,84.0,12.4,79.4,2.46,1e-05,0.1,80,0.35,0.40,True,113.80000000000001,3,4,0.031928068546749774,0.17868427056333128,1.345807728513218,2.8422883319141543,5.361,2.906,1.352,14.09,2.139,
353,100,4,2.5,83.0,78.0,4.45,1e-05,0.1,80,0.45,0.55,True,101.0,3,3,0.017657650616150194,0.1328820929100313,1.6281012784849838,2.4182623780643504,6.513,2.06,1.633,12.956,2.088,
354,100,4,67.6,68.7,89.3,1.4,1e-05,0.1,80,0.60,0.45,True,102.2,3,4,0.011006635261959719,0.10491251241848952,0.6584189471814347,0.7480958059439551,2.162,0.766,0.66,6.856,1.655,
367,100,4,35.3,14.3,31.7,2.67,1e-07,0.05,50,0.35,0.40,True,59.900000000000006,3,4,0.03418484380749834,0.18489143789667042,3.0701581209606896,3.8091929202502115,1.435,1.235,3.071,3.338,1.96,
365,100,4,44.5,29.4,46.5,4.19,1e-07,0.05,25,0.60,0.58,True,88.30000000000001,3,4,0.11751465001939089,0.34280409860354777,0.3099324311180801,4.634293161331392,-0.44,4.627,0.395,2.131,2.318,
385,100,4,10.6,20.5,16.4,1.95,1e-07,0.1,25,0.60,0.58,True,11.100000000000001,3,4,0.013968313810749474,0.11818762122468442,1.3855222632825228,5.754260887278691,7.34,5.393,1.386,1.719,1.827,
364,100,4,1.3,77.8,72.9,1.69,1e-07,0.05,25,0.60,0.45,True,117.10000000000001,3,4,1.1191811024710456,1.0579135609637706,1.2737681422477387,5.4298626545401865,6.605,4.914,1.541,3.345,1.847,
363,100,4,80.1,9.7,75.3,1.52,1e-07,0.05,25,0.45,0.55,True,116.4,3,4,1.2529070443574961,1.119333303514863,2.0529344119541317,5.664342950057295,-4.519,6.038,2.087,2.126,1.856,
361,100,4,23.0,89.8,86.7,4.9,1e-07,0.05,25,center,center,True,135.8,3,4,0.8875856665818127,0.9421176500744547,1.6594592150081373,1.891405196939758,6.605,1.708,1.709,10.383,2.787,
362,100,4,17.5,51.2,47.9,2.4,1e-07,0.05,25,0.35,0.40,True,109.0,3,4,0.16080773298170392,0.40100839515115383,0.48545647323113095,5.878543184957128,-3.525,5.925,0.627,11.123,2.555,
371,100,4,3.3,85.8,80.9,1.27,1e-07,0.05,80,center,center,True,105.60000000000001,3,4,0.2885204710427023,0.5371410159750438,3.6787527097983004,5.203908857394966,6.865,5.593,3.681,2.467,2.616,
184,100,3,65.7,36.4,68.4,4.95,1e-06,0.1,25,0.60,0.45,False,900.0,2,3,375.00871204856793,19.365141673857384,17.369252227723887,19.410534675053107,22.497,17.55,25.238,398.932,4.024,vittima non trovata entro 15 minuti
375,100,4,45.8,7.8,40.9,1.18,1e-07,0.05,80,0.60,0.58,True,71.7,3,4,0.17655758441763153,0.42018755861832885,2.443606458483188,3.809405685612887,4.357,3.18,2.46,2.827,2.605,
366,100,4,56.2,60.1,75.2,3.68,1e-07,0.05,50,center,center,True,104.60000000000001,3,4,0.03344179543322512,0.18287098029273294,4.550139436473354,10.598769112630773,-8.966,12.642,4.552,11.76,2.212,
180,100,3,2.5,89.0,84.0,1.06,1e-06,0.05,120,0.60,0.58,False,900.0,0,3,9.924567277893996,3.150328122258695,53.0637392009506,54.794555552393824,14.782,13.721,53.128,444.409,3.132,vittima non trovata entro 15 minuti
396,100,4,1.9,6.2,3.3,4.44,1e-07,0.1,120,center,center,True,0.30000000000000004,3,2,0.23230214670428406,0.481977330072986,2.8295065625844784,2.8356046543059166,6.111,1.668,2.838,2.793,3.348,
374,100,4,40.4,75.3,78.7,3.2,1e-07,0.05,80,0.60,0.45,True,95.4,3,4,0.007573166606985473,0.08702394272259488,1.0524145011611101,5.259801971265617,8.66,5.463,1.054,4.34,1.636,
380,100,4,64.4,5.6,59.4,4.14,1e-07,0.05,120,0.60,0.58,True,86.7,3,4,0.21042719919773512,0.4587234452235193,1.2510750316214125,3.8209336055811893,7.12,2.977,1.275,4.647,2.1,
369,100,4,47.9,55.8,66.5,2.83,1e-07,0.05,50,0.60,0.45,True,96.5,3,4,0.07959345332425014,0.2821231173162705,2.616009610756244,2.670071498125488,1.369,1.464,2.62,4.019,2.384,
368,100,4,14.1,71.0,66.6,2.99,1e-07,0.05,50,0.45,0.55,True,110.80000000000001,3,4,0.055769437873269455,0.23615553746052506,1.7929281896663205,2.595320317342462,4.998,2.012,1.803,5.093,2.096,
378,100,4,51.5,3.2,46.5,4.22,1e-07,0.05,120,0.45,0.55,True,84.5,3,4,0.2530113610501491,0.5030023469628637,1.0766149848224875,2.2565302188577436,6.399,2.183,1.084,0.928,2.892,
191,100,3,4.6,64.1,59.1,4.83,1e-06,0.1,80,center,center,False,900.0,0,3,7.783960466813592,2.7899749939405534,44.097232170963125,44.336435562028214,38.661,33.832,44.159,235.768,3.843,vittima non trovata entro 15 minuti
381,100,4,26.0,37.7,38.8,4.96,1e-07,0.1,25,center,center,True,94.80000000000001,3,4,0.036459717368013955,0.19094427817563414,2.5994070363441715,3.2853443087140293,8.756,3.791,2.601,16.137,1.736,
384,100,4,44.3,6.8,39.4,3.77,1e-07,0.1,25,0.60,0.45,True,70.60000000000001,3,4,0.11998944465680986,0.34639492585315085,0.6646678231387263,1.0728239817624254,5.095,1.323,0.685,2.984,2.76,
370,100,4,86.7,56.8,96.7,1.25,1e-07,0.05,50,0.60,0.58,True,127.80000000000001,3,4,0.28134979565928175,0.5304241657949624,0.7908660094154626,5.3145610976007935,-4.261,5.514,0.838,6.511,1.803,
377,100,4,17.2,78.9,74.9,2.34,1e-07,0.05,120,0.35,0.40,True,113.80000000000001,3,4,0.027676212454908346,0.16636169166881043,1.7528201676427733,6.580671681730663,-5.0,7.344,1.754,6.951,1.844,
372,100,4,65.5,34.0,67.1,4.43,1e-07,0.05,80,0.35,0.40,True,106.5,3,4,0.006771398315215227,0.08228850658029484,0.8821101429091002,1.2083037278374436,3.914,0.518,0.883,5.811,1.695,
376,100,4,55.2,34.4,58.1,3.91,1e-07,0.05,120,center,center,True,106.5,3,4,0.7484792690019264,0.8651469638170883,1.779548964167502,3.9243727665358565,-0.844,4.752,1.788,8.997,2.147,
207,100,3,83.8,8.5,78.8,4.06,1e-05,0.05,50,0.35,0.40,False,900.0,0,3,41.29076422782925,6.42578899652247,180.715725262872,180.86589967591297,47.378,43.32,180.782,562.947,3.732,vittima non trovata entro 15 minuti
373,100,4,72.3,67.4,91.8,2.8,1e-07,0.05,80,0.45,0.55,True,126.2,3,4,1.1243064698363185,1.0603331881235816,2.3471465399013076,6.8837011572618,-4.809,7.608,2.375,7.644,1.585,
387,100,4,82.8,87.4,113.4,1.07,1e-07,0.1,50,0.35,0.40,True,110.5,3,4,0.01669145554833669,0.12919541612741797,1.0585301372144498,2.5680094022786166,3.717,2.644,1.061,13.706,1.846,
379,100,4,78.3,87.0,110.0,4.77,1e-07,0.05,120,0.60,0.45,True,133.4,3,4,0.06317708148854354,0.2513505151945059,1.4804366153481328,2.8916796976821386,6.868,2.101,1.482,7.509,1.807,
383,100,4,65.4,58.6,80.7,4.4,1e-07,0.1,25,0.45,0.55,True,126.0,3,4,5.287320198169824,2.299417360587204,2.223964370360197,5.08232047161693,-0.713,5.115,2.917,25.188,2.48,
394,100,4,27.5,29.4,33.2,2.01,1e-07,0.1,80,0.60,0.45,True,62.6,3,4,0.08309574052516988,0.28826331803607946,1.825135579153365,6.123120607749312,-4.354,6.369,1.846,1.894,1.893,
408,100,4,21.8,5.7,16.8,2.4,1e-06,0.05,50,0.45,0.55,True,30.3,3,4,0.048716495043365615,0.22071813483120414,3.764209033354646,3.8619790955999105,0.424,1.976,3.764,3.795,2.186,
382,100,4,56.8,83.7,94.2,3.86,1e-07,0.1,25,0.35,0.40,True,126.7,3,4,0.4290218115958033,0.6549975660991446,0.7817379975377459,1.1094054662150286,4.902,1.044,0.978,2.727,1.923,
388,100,4,54.3,38.5,59.6,3.89,1e-07,0.1,50,0.45,0.55,True,94.80000000000001,3,4,0.4517649596471867,0.6721346291087722,4.268313102864807,5.269144082241603,8.145,4.252,4.276,10.101,2.861,
406,100,4,32.9,10.3,28.4,3.63,1e-06,0.05,50,center,center,True,47.2,3,4,1.1657019032632492,1.0796767586936606,2.427086662486502,5.519359828204444,-0.808,4.442,2.615,2.935,3.23,
390,100,4,59.8,29.2,59.9,1.47,1e-07,0.1,50,0.60,0.58,True,114.80000000000001,3,4,0.4225754539304315,0.6500580388937833,2.3012773726748024,7.50796279314868,8.249,6.783,2.322,22.537,2.42,
392,100,4,53.9,16.7,50.2,2.4,1e-07,0.1,80,0.35,0.40,True,96.2,3,4,0.05276933759729322,0.22971577568224003,0.9130537131721236,1.2334384372859493,3.475,1.071,0.941,6.488,1.641,
391,100,4,68.7,23.6,66.4,1.18,1e-07,0.1,80,center,center,True,100.9,3,4,0.01027884062965397,0.10138461732261936,1.5774476517914071,3.958051535194238,-3.538,4.719,1.578,15.393,1.727,
413,100,4,31.9,1.7,27.1,2.0,1e-06,0.05,80,0.45,0.55,True,43.2,3,4,0.5093571095139175,0.7136925875430664,1.4439002915439494,6.11121262945045,7.946,5.948,1.561,1.747,2.84,
401,100,4,6.3,41.6,36.7,3.01,1e-06,0.05,25,center,center,True,90.10000000000001,3,3,0.009657976872788233,0.09827500634845175,0.8227702678712117,1.581127476922316,4.862,1.85,0.824,8.344,1.809,
397,100,4,75.1,15.0,70.8,3.92,1e-07,0.1,120,0.35,0.40,True,102.30000000000001,3,4,0.015880937248230528,0.12601959073187996,0.5930711999140296,0.6053179793052968,4.164,0.249,0.599,13.634,1.915,
389,100,4,56.8,19.5,53.8,3.43,1e-07,0.1,50,0.60,0.45,True,121.2,3,4,0.4239550110944931,0.6511182773463613,2.3214016988384736,3.7467325363834907,-0.667,4.092,2.357,24.433,2.039,
400,100,4,87.6,4.9,82.6,1.94,1e-07,0.1,120,0.60,0.58,True,114.60000000000001,3,4,0.18087263166133988,0.425291231582947,0.8136338145424226,3.690386874852881,-1.877,3.819,0.882,10.961,1.778,
407,100,4,42.6,49.3,58.1,3.95,1e-06,0.05,50,0.35,0.40,True,88.7,3,4,0.0355458561290949,0.18853608707378783,0.201122372108568,0.3312109399282108,3.763,0.185,0.249,4.694,1.885,
425,100,4,6.6,17.2,12.3,2.51,1e-06,0.1,25,0.60,0.58,True,5.7,3,3,0.49807759162736276,0.7057461240611689,1.8534793852235092,5.435346308148566,7.253,4.744,1.86,1.964,2.47,
420,100,4,10.7,22.5,18.4,3.49,1e-06,0.05,120,0.60,0.58,True,21.5,3,4,0.12470974234331092,0.3531426657079415,0.7804264108488773,4.268562729036789,-0.731,4.222,0.837,1.077,1.934,
395,100,4,23.8,84.7,81.9,4.7,1e-07,0.1,80,0.60,0.58,True,107.80000000000001,3,4,0.013215840302108851,0.11496016832846433,1.453927723504724,1.6907345118412027,3.383,1.313,1.456,4.675,1.921,
393,100,4,73.0,70.3,94.3,1.43,1e-07,0.1,80,0.45,0.55,True,116.5,3,4,0.01940937627399399,0.13931753756793863,2.885109818872597,8.038292996761005,-7.021,8.454,2.887,8.782,1.887,
404,100,4,60.0,56.9,75.6,1.58,1e-06,0.05,25,0.60,0.45,True,121.30000000000001,3,4,0.012744511602874986,0.11289159225945476,2.7703266741354664,7.665045897275237,-7.096,8.672,2.77,3.436,1.713,
386,100,4,89.4,25.4,86.9,2.23,1e-07,0.1,50,center,center,True,189.10000000000002,3,4,0.021155886608347024,0.14545063289084384,0.7288061345537875,3.7658649395040236,-1.958,4.188,0.731,32.184,1.725,
402,100,4,78.5,71.1,98.8,4.8,1e-06,0.05,25,0.35,0.40,True,112.10000000000001,3,4,0.005512182353812638,0.07424407285307452,1.0158944928977678,1.2102657588284087,5.829,1.03,1.018,10.432,1.756,
409,100,4,54.4,44.7,63.4,4.31,1e-06,0.05,50,0.60,0.45,True,98.4,3,4,5.140141606839183,2.2671880395854207,1.798483507595829,1.8213432799565075,3.548,0.759,1.811,3.871,1.784,
403,100,4,77.1,1.6,72.2,1.14,1e-06,0.05,25,0.45,0.55,True,121.10000000000001,3,4,0.31124034033181913,0.5578891828417353,1.2797887775878685,1.3831912550409253,0.233,0.908,1.373,7.464,2.157,
432,100,4,19.7,9.5,15.4,3.5,1e-06,0.1,80,0.35,0.40,True,19.6,3,4,0.028147003582830753,0.16777068749585178,3.0181313587457925,4.099548011331789,7.45,3.954,3.019,2.837,2.036,
405,100,4,59.7,59.5,77.3,4.27,1e-06,0.05,25,0.60,0.58,True,116.7,3,4,8.68746874289917,2.94745122824775,4.661016453843389,8.612609739345169,-5.809,10.078,4.899,5.582,2.656,
228,100,3,80.7,18.9,77.0,1.89,1e-05,0.1,50,0.45,0.55,False,900.0,0,3,4.960681136883041,2.227258659626906,212.80877270822953,212.84617434181072,-17.585,19.478,212.82,506.574,3.433,vittima non trovata entro 15 minuti
412,100,4,22.1,81.3,78.2,2.61,1e-06,0.05,80,0.35,0.40,True,107.4,3,4,0.3054313964622749,0.5526584808561928,2.606101718729106,8.537018863184208,-6.95,9.559,2.607,8.467,2.121,
418,100,4,2.0,62.0,57.0,1.24,1e-06,0.05,120,0.45,0.55,True,99.60000000000001,3,4,0.03194385618534546,0.17872844257516893,2.853275665811961,5.382255698362931,6.2,4.959,2.854,2.079,1.901,
410,100,4,74.5,76.3,99.5,3.06,1e-06,0.05,50,0.60,0.58,True,119.9,3,4,0.010017622659272855,0.10008807451076704,0.8764249223862163,3.0054181621379543,5.973,2.917,0.88,8.579,1.644,
415,100,4,10.5,52.2,47.5,4.0,1e-06,0.05,80,0.60,0.58,True,95.10000000000001,3,4,1.8172412321001197,1.3480509011532613,1.4822256081659757,3.5312213506178063,0.328,3.669,1.702,5.191,2.334,
417,100,4,41.4,58.3,64.5,1.96,1e-06,0.05,120,0.35,0.40,True,99.2,3,4,0.018666737890824743,0.136626270866275,0.3527540450209867,1.9893230047137642,0.14,1.821,0.371,5.537,1.697,
411,100,4,85.9,62.2,99.1,2.79,1e-06,0.05,80,center,center,True,127.60000000000001,3,4,0.014509147481639704,0.12045392264945008,2.9633397547019484,8.028123632347175,-6.72,9.513,2.965,7.257,2.06,
419,100,4,28.3,80.9,79.4,1.96,1e-06,0.05,120,0.60,0.45,True,93.60000000000001,3,4,0.08512964228886555,0.2917698447215982,0.2383600654754845,1.8589974082007032,0.11,1.847,0.375,3.802,1.728,
447,100,4,6.8,8.3,3.7,2.02,1e-05,0.05,50,0.35,0.40,True,0.30000000000000004,3,2,0.126931809803435,0.3562749076253266,1.891582869618697,1.8935988637642822,2.728,0.707,1.893,1.936,2.245,
431,100,4,37.6,10.5,33.1,1.17,1e-06,0.1,80,center,center,True,59.300000000000004,3,3,0.057331323159510165,0.23943960232073175,5.7062812879866724,9.63887927694317,10.052,8.877,5.707,6.226,3.072,
416,100,4,52.4,82.6,90.9,4.25,1e-06,0.05,120,center,center,True,110.80000000000001,3,4,0.02452796586401503,0.15661406662243027,0.335256713876741,0.44063456627229314,4.318,0.069,0.362,5.24,2.272,
414,100,4,61.1,42.1,67.3,3.35,1e-06,0.05,80,0.60,0.45,True,112.60000000000001,3,4,0.002123280343021255,0.04607906621255747,3.9849350605346787,9.654560591183376,-7.813,11.162,3.985,3.065,1.656,
441,100,4,20.2,24.5,24.7,2.64,1e-05,0.05,25,center,center,True,35.1,3,3,0.0340147052855935,0.1844307601393908,0.5090660413302769,0.5153826203540546,2.654,0.014,0.534,0.597,1.798,
423,100,4,79.8,9.2,74.9,3.88,1e-06,0.1,25,0.45,0.55,True,90.7,3,4,11.196844220488902,3.3461685881749745,3.4039586987959267,7.763607347032631,9.617,5.74,3.858,18.524,2.401,
421,100,4,87.6,31.8,86.8,4.96,1e-06,0.1,25,center,center,True,130.3,3,4,0.30170158509185835,0.5492736886943141,5.973302400488346,12.734311502789394,-10.417,15.379,5.978,5.766,2.375,
428,100,4,20.7,74.4,71.1,2.78,1e-06,0.1,50,0.45,0.55,True,105.80000000000001,3,4,0.07074250852526842,0.2659746388760936,1.1410683146961342,1.595265043109988,1.392,1.392,1.149,8.733,1.752,
430,100,4,73.8,71.2,95.5,2.92,1e-06,0.1,50,0.60,0.58,True,113.60000000000001,3,4,1.2565790276795092,1.120972358124637,1.4863579185842193,7.705639800309229,-4.928,7.844,1.745,11.788,2.138,
427,100,4,47.4,89.9,94.9,3.4,1e-06,0.1,50,0.35,0.40,True,100.4,3,4,1.2278013567170296,1.1080619823444127,1.0329898049634538,4.731475966813396,-1.737,5.139,1.265,12.5,2.12,
426,100,4,39.9,54.0,60.1,1.44,1e-06,0.1,50,center,center,True,100.30000000000001,3,4,0.08244275897321163,0.28712847119923796,3.5706359961646057,4.1837665118956275,4.699,3.256,3.572,8.202,2.235,
451,100,4,23.8,22.3,25.6,3.43,1e-05,0.05,80,center,center,True,39.2,3,4,0.009023983621807202,0.09499465049047343,1.3446062296912737,1.933130253710174,5.626,2.2,1.345,1.512,1.893,
434,100,4,63.3,55.3,77.0,2.17,1e-06,0.1,80,0.60,0.45,True,105.60000000000001,3,4,0.03419484207282538,0.18491847412528956,2.397384450604822,7.148509394078728,-5.784,7.954,2.398,8.641,1.87,
429,100,4,67.7,64.8,86.6,1.49,1e-06,0.1,50,0.60,0.45,True,119.5,3,4,0.02517551306726488,0.15866793333016246,4.364305219371852,9.486503502543346,-9.571,11.056,4.365,4.626,1.769,
433,100,4,60.6,56.3,75.6,3.19,1e-06,0.1,80,0.45,0.55,True,114.7,3,4,0.016967947732988865,0.1302610752795664,1.328506560350767,1.8534371549177697,4.765,1.578,1.33,10.653,1.899,
424,100,4,29.5,79.0,78.0,1.58,1e-06,0.1,25,0.60,0.45,True,119.7,3,4,0.004036720081238363,0.06353518774063993,5.092940454742961,9.034992801046235,-9.648,11.226,5.093,10.9,1.829,
446,100,4,40.3,4.5,35.3,1.83,1e-05,0.05,50,center,center,True,64.10000000000001,3,3,0.7633244167558576,0.8736843919607684,4.006809783194714,6.412248288129681,9.41,7.576,4.008,8.366,2.75,
435,100,4,49.2,43.6,58.7,3.34,1e-06,0.1,80,0.60,0.58,True,96.7,3,4,0.035378433458596745,0.18809155605341976,0.6204626804685246,2.8443882018124045,0.589,2.755,0.632,3.521,1.766,
448,100,4,15.2,44.0,40.3,4.15,1e-05,0.05,50,0.45,0.55,True,57.0,3,4,0.04455656615111626,0.21108426315364265,0.4239033143067026,0.6222383732328934,4.668,0.522,0.463,1.517,2.182,
437,100,4,74.2,15.1,69.9,4.84,1e-06,0.1,120,0.35,0.40,True,102.60000000000001,3,4,0.056366964561011194,0.2374172794069783,0.9819415185225909,1.0241055743920078,5.28,0.439,0.985,12.401,2.14,
439,100,4,34.9,60.6,63.1,3.77,1e-06,0.1,120,0.60,0.45,True,90.7,3,4,0.02375614392612179,0.15413028231376788,1.003359972181499,2.9572120570167764,1.229,2.54,1.006,4.391,1.558,
452,100,4,34.2,29.2,37.9,4.59,1e-05,0.05,80,0.35,0.40,True,64.0,3,4,0.019061940590195003,0.1380649868366162,0.891881174063567,1.9920614944244561,3.036,1.553,0.896,1.895,1.702,
442,100,4,84.6,47.6,90.3,1.46,1e-05,0.05,25,0.35,0.40,True,99.9,3,4,0.714219422771355,0.8451150352297343,2.0142704815202164,3.292549513450553,4.734,3.279,2.017,6.089,2.716,
436,100,4,54.9,66.0,78.8,3.22,1e-06,0.1,120,center,center,True,93.30000000000001,3,4,0.009544856690393056,0.09769778242310855,2.6763543765423528,5.756352326514777,8.894,5.673,2.677,5.323,1.979,
445,100,4,50.4,61.3,72.3,4.2,1e-05,0.05,25,0.60,0.58,True,82.0,3,4,2.827908634204491,1.6816386752820867,2.6062198854893364,6.769197608105534,-3.392,7.59,3.06,7.188,2.007,
449,100,4,25.4,66.3,64.6,4.04,1e-05,0.05,50,0.60,0.45,True,71.8,3,4,0.3984284688291812,0.6312119048538147,0.92410182678931,2.6644927475674263,1.263,2.776,1.015,0.989,1.793,
453,100,4,13.6,41.1,37.1,3.78,1e-05,0.05,80,0.45,0.55,True,66.2,3,3,0.02046928273799625,0.1430709010875246,3.1285945390236627,4.5745713554119005,7.88,4.095,3.129,4.431,1.903,
450,100,4,14.3,74.2,69.8,4.79,1e-05,0.05,50,0.60,0.58,True,74.5,3,4,0.0591434466683942,0.24319425706293765,1.221224824181732,5.269150057575859,-0.667,5.458,1.232,2.309,2.344,
444,100,4,17.6,77.6,73.7,4.34,1e-05,0.05,25,0.60,0.45,True,90.30000000000001,3,4,2.467276616174027,1.5707567017759392,1.888460546120478,7.734219361469609,-4.427,8.766,1.913,5.694,2.238,
438,100,4,68.9,30.3,68.7,1.21,1e-06,0.1,120,0.45,0.55,True,109.10000000000001,3,4,0.4189066621006471,0.6472299916572525,1.0395389381702513,1.7636980583716764,-0.647,1.855,1.095,6.857,1.77,
457,100,4,35.2,12.2,31.1,1.81,1e-05,0.05,120,0.35,0.40,True,49.2,3,3,0.2325788661733893,0.4822643115278066,4.1782982079927695,7.390420328097273,8.324,6.512,4.182,3.623,2.695,
465,100,4,24.2,7.2,19.3,2.25,1e-05,0.1,25,0.60,0.58,True,29.1,3,3,0.01935909381390622,0.13913696063198383,3.647842860240154,7.577675403847818,8.509,6.264,3.648,3.701,2.13,
455,100,4,6.5,60.2,55.2,2.01,1e-05,0.05,80,0.60,0.58,True,70.7,3,3,3.633409121561276,1.9061503407552292,3.341075635852809,4.455825868187383,-1.741,3.752,3.789,4.82,3.032,
440,100,4,63.6,88.1,101.7,4.22,1e-06,0.1,120,0.60,0.58,True,124.30000000000001,3,4,0.009479533706710796,0.09736289697164313,0.36891337569520105,0.3941498848771779,4.333,0.118,0.379,12.34,1.811,
454,100,4,71.5,35.5,73.1,4.36,1e-05,0.05,80,0.60,0.45,True,99.2,3,4,0.006877459580986588,0.08293045026398077,1.0125471005913849,1.4529393609044765,5.895,1.537,1.014,3.02,1.693,
443,100,4,80.7,9.1,75.8,2.89,1e-05,0.05,25,0.45,0.55,True,124.5,3,4,0.3021430274467659,0.5496753837009312,0.22170525404556302,1.723915402431124,1.225,1.664,0.562,4.89,1.849,
475,100,4,30.0,1.4,25.3,3.24,1e-05,0.1,80,0.60,0.58,True,30.8,3,3,0.24159601253082832,0.49152417288555433,4.4048153351552575,7.488248511377278,8.846,5.61,4.419,4.207,3.396,
458,100,4,36.2,25.6,37.4,4.19,1e-05,0.05,120,0.45,0.55,True,69.7,3,4,0.01042965652620822,0.10212568984446675,0.7324266633197258,1.696573313544771,5.866,1.68,0.735,0.727,1.77,
459,100,4,38.2,11.8,33.9,1.66,1e-05,0.05,120,0.60,0.45,True,61.300000000000004,3,3,1.682274067826054,1.2970250837304782,4.2551594481741155,6.576113764469796,4.217,2.557,4.441,4.711,2.948,
474,100,4,28.7,6.1,23.8,4.95,1e-05,0.1,80,0.60,0.45,True,31.400000000000002,3,3,0.1027847217973585,0.3206005642499066,5.126119135559189,8.089903222822047,12.29,7.344,5.131,4.685,2.373,
473,100,4,1.3,28.2,23.5,4.49,1e-05,0.1,80,0.45,0.55,True,47.7,3,2,0.015078378031727041,0.12279404721617022,1.5847184006992887,2.34687599685695,6.692,2.198,1.586,4.225,1.733,
462,100,4,45.9,58.1,67.0,2.03,1e-05,0.1,25,0.35,0.40,True,80.9,3,4,11.554952433387983,3.399257629746234,2.248528228158182,2.364172547047728,3.318,1.286,2.29,11.693,2.171,
460,100,4,68.6,74.7,94.4,2.85,1e-05,0.05,120,0.60,0.58,True,93.2,3,4,1.2914385698086945,1.1364147877463997,1.448424705779571,2.1583123099390824,1.012,1.838,1.465,4.651,2.013,
464,100,4,13.2,80.9,76.4,1.4,1e-05,0.1,25,0.60,0.45,True,75.9,3,4,0.1219651225863582,0.3492350534902792,1.0436613753410062,4.11455927348454,-2.431,3.831,1.091,3.419,2.243,
467,100,4,39.5,25.9,40.3,3.25,1e-05,0.1,50,0.35,0.40,True,71.5,3,4,0.003230262217791495,0.05683539581802431,0.9668936245360024,1.7940048692828399,5.103,1.852,0.968,5.075,1.668,
477,100,4,27.9,10.9,23.6,4.16,1e-05,0.1,120,0.35,0.40,True,45.7,3,3,0.14113069218402244,0.37567365117082996,2.811406180674719,4.057355434021101,7.372,3.212,2.812,2.232,2.602,
461,100,4,68.3,65.9,87.9,3.34,1e-05,0.1,25,center,center,True,87.60000000000001,3,4,0.034925729028493765,0.1868842664016791,2.1952624236272085,7.019640866386655,9.341,6.003,2.197,4.26,1.81,
476,100,4,20.4,16.5,19.2,1.76,1e-05,0.1,120,center,center,True,49.300000000000004,3,4,0.01668848395858767,0.1291839152471687,1.5466139023675187,2.373560793888053,4.614,2.852,1.547,1.505,1.941,
463,100,4,49.2,30.5,51.0,4.08,1e-05,0.1,25,0.45,0.55,True,95.4,3,4,1.5806600549822263,1.2572430373568295,0.9426351769935346,1.1639624642586157,5.113,1.028,1.359,10.195,2.472,
456,100,4,80.6,10.2,75.8,3.27,1e-05,0.05,120,center,center,True,128.70000000000002,3,4,0.08236571446153497,0.2869942760083117,3.7518738793480395,9.005105173261143,-7.513,10.782,3.753,9.225,2.094,
472,100,4,18.2,53.6,50.3,3.63,1e-05,0.1,80,0.35,0.40,True,72.5,3,4,0.003211632613741202,0.05667126797364959,2.758553524365552,10.727218028568407,-8.16,11.791,2.759,7.536,1.802,
470,100,4,72.7,71.3,94.7,2.75,1e-05,0.1,50,0.60,0.58,True,104.80000000000001,3,4,0.22550341885933842,0.47487200260632173,0.8749422518377292,1.0067277973607083,2.123,0.622,0.953,6.546,1.693,
469,100,4,79.2,79.6,105.2,1.48,1e-05,0.1,50,0.60,0.45,True,111.4,3,4,0.025357125403288765,0.1592392081218968,1.067432683689859,1.5803871457373304,3.103,1.627,1.076,10.625,1.85,
478,100,4,69.9,27.6,68.7,3.03,1e-05,0.1,120,0.45,0.55,True,84.4,3,4,0.283452929121848,0.5324029762518688,2.2179959577042676,7.771145453913262,-5.326,8.353,2.22,3.704,1.764,
471,100,4,89.8,83.6,115.6,2.38,1e-05,0.1,80,center,center,True,99.30000000000001,3,3,0.1867397849006978,0.432133989522576,2.0361634284438273,8.53138497953309,9.567,7.191,2.047,11.487,2.082,
496,100,5,19.5,4.9,14.5,3.43,1e-07,0.05,120,center,center,True,15.3,3,4,0.28138382449349864,0.5304562418272583,4.6920713938997,12.267256572215384,12.508,9.08,4.692,4.913,2.754,
501,100,5,13.3,13.9,12.2,4.29,1e-07,0.1,25,center,center,True,4.4,3,3,0.3175715442395483,0.5635348651499287,2.638049450900835,4.249029598891878,8.741,4.452,2.638,2.831,2.323,
481,100,5,31.0,12.6,27.1,2.37,1e-07,0.05,25,center,center,True,45.300000000000004,3,5,0.046489556070034355,0.21561436888582902,3.386141720819078,3.391916613009232,-0.087,2.459,3.388,3.462,2.118,
480,100,4,42.6,66.9,72.5,1.21,1e-05,0.1,120,0.60,0.58,True,87.5,3,4,1.0289710938200685,1.0143821241623239,2.5121796110274572,4.812045992102991,-4.19,5.402,2.588,1.687,2.152,
468,100,4,83.3,73.8,104.2,2.57,1e-05,0.1,50,0.45,0.55,True,112.4,3,4,0.27845715947886374,0.5276904011623328,0.8284637114233857,4.708096063482307,-2.432,5.006,0.925,9.521,1.821,
479,100,4,45.1,45.3,56.8,1.5,1e-05,0.1,120,0.60,0.45,True,82.10000000000001,3,4,0.02703459077365853,0.1644219899333983,1.208851583097515,3.941604153579886,-2.769,4.268,1.214,1.828,1.652,
492,100,5,16.5,23.4,21.7,1.89,1e-07,0.05,80,0.35,0.40,True,34.6,3,5,0.022747971259186924,0.15082430592973708,0.21904273243443523,3.0536029870349823,-1.065,2.957,0.226,1.305,1.782,
484,100,5,20.3,28.7,28.2,4.54,1e-07,0.05,25,0.60,0.45,True,50.1,3,5,0.24892644125228033,0.49892528624262006,1.764704891511905,9.288814108916618,-5.311,9.853,1.813,4.068,1.931,
506,100,5,5.8,19.1,14.2,4.67,1e-07,0.1,50,center,center,True,22.700000000000003,3,4,0.019907398656659726,0.14109358120290139,1.1966185699577616,1.4938067238202115,6.418,1.748,1.198,2.327,1.417,
486,100,5,25.4,25.0,28.5,2.53,1e-07,0.05,50,center,center,True,60.0,3,5,0.5298432168507056,0.7279033018545152,2.5586623137052573,3.9808731676678004,-2.369,4.896,2.571,3.16,1.982,
483,100,5,41.3,26.9,42.4,4.19,1e-07,0.05,25,0.45,0.55,True,84.9,3,5,0.08334904735329429,0.28870235079280926,1.564432540080743,2.8386954030569624,1.419,2.773,1.572,3.462,1.637,
482,100,5,41.5,58.7,64.9,4.33,1e-07,0.05,25,0.35,0.40,True,101.80000000000001,3,5,0.11280288770117627,0.3358614114499852,0.4004731112608051,4.351847679556498,-0.022,4.351,0.5,7.666,1.788,
493,100,5,22.1,36.3,35.6,4.53,1e-07,0.05,80,0.45,0.55,True,74.9,3,5,0.007068036075473546,0.08407161278025743,1.0259480333143451,1.0263117693663868,4.177,0.353,1.029,2.134,1.823,
509,100,5,30.1,7.5,25.3,4.98,1e-07,0.1,50,0.60,0.45,True,43.400000000000006,3,4,0.960962391904765,0.9802868926517201,3.5061047298461383,4.03725312130475,9.024,4.043,3.524,3.343,2.841,
490,100,5,57.5,59.4,75.6,3.1,1e-07,0.05,50,0.60,0.58,True,101.80000000000001,3,5,0.01821427956440731,0.13496028884233802,0.44014386724062404,3.711896752121382,6.978,3.88,0.453,3.895,1.624,
494,100,5,5.8,78.1,73.1,3.73,1e-07,0.05,80,0.60,0.45,True,91.80000000000001,3,5,0.08816718552584554,0.29692959691793197,2.342271571054131,3.936137558423463,6.15,2.422,2.348,2.892,2.196,
513,100,5,2.4,24.8,20.0,3.9,1e-07,0.1,80,0.45,0.55,True,27.700000000000003,3,4,0.048813489488983196,0.22093775025781176,0.7709090684633642,0.9238863942623523,4.355,0.454,0.8,2.569,1.903,
489,100,5,85.4,45.8,90.2,3.61,1e-07,0.05,50,0.60,0.45,True,125.2,3,5,0.004303303659124669,0.06559957057119101,0.6691331521111126,0.8963933446643126,4.461,0.848,0.672,5.54,1.617,
485,100,5,81.7,47.4,87.6,3.73,1e-07,0.05,25,0.60,0.58,True,117.5,3,5,1.3157222636230168,1.1470493727922162,1.4463868148742218,2.359584432144683,6.21,2.476,1.609,6.671,1.864,
487,100,5,8.7,70.2,65.3,2.34,1e-07,0.05,50,0.35,0.40,True,99.10000000000001,3,5,0.06559884197785865,0.2561227088289101,0.2665257746908545,2.6084508149530503,-0.399,2.743,0.31,0.373,1.7,
500,100,5,51.4,6.3,46.4,1.03,1e-07,0.05,120,0.60,0.58,True,85.5,4,5,0.3062415576822452,0.5533909627760877,4.681901330990636,12.457275412830098,11.616,10.589,4.689,8.016,2.363,
516,100,5,17.3,8.3,12.8,2.69,1e-07,0.1,120,center,center,True,14.5,3,4,0.01032805086261243,0.10162701836919368,0.6879842989497212,2.5164802720798396,0.079,2.615,0.694,0.208,1.631,
488,100,5,65.4,41.2,70.4,1.35,1e-07,0.05,50,0.45,0.55,True,115.2,3,5,0.2529289921230637,0.5029204630188194,0.13056808811673054,1.3380146893658567,2.726,1.377,0.476,8.62,1.61,
498,100,5,34.9,85.7,86.1,2.74,1e-07,0.05,120,0.45,0.55,True,106.60000000000001,3,5,0.003504702421855288,0.05920052720926806,0.7020353783524022,1.4101155771945908,1.498,1.238,0.703,1.725,1.703,
282,100,4,73.3,88.0,107.5,4.52,1e-06,0.05,25,0.35,0.40,False,900.0,0,4,78.4614775961199,8.857848361544688,63.90417127092345,80.49318224547343,39.54,35.021,63.969,356.911,3.29,vittima non trovata entro 15 minuti
491,100,5,80.8,53.3,89.9,3.71,1e-07,0.05,80,center,center,True,127.7,3,5,1.8276710827360343,1.3519138592144229,0.19892340036248599,1.9870921402239041,1.863,1.843,1.198,2.554,1.594,
499,100,5,88.1,34.0,88.1,4.09,1e-07,0.05,120,0.60,0.45,True,125.10000000000001,3,5,0.024958825375213652,0.15798362375643132,1.3867456442252655,2.1669481319645643,6.306,2.213,1.389,5.017,1.75,
497,100,5,79.5,5.3,74.5,4.93,1e-07,0.05,120,0.35,0.40,True,129.20000000000002,3,5,0.011320093991792733,0.10639593033473006,2.5133226502853434,3.5703208469617858,7.786,2.856,2.514,3.281,1.577,
502,100,5,21.7,56.4,54.0,3.7,1e-07,0.1,25,0.35,0.40,True,97.9,3,5,0.13428551189251747,0.3664498763712678,1.6166679854729118,7.890849003381394,-4.395,8.093,1.642,8.893,2.334,
504,100,5,40.0,36.3,46.9,4.69,1e-07,0.1,25,0.60,0.45,True,97.2,3,5,0.03695854563308908,0.19224605492204275,1.181546778579223,8.654019474134147,-4.619,9.307,1.186,3.172,1.912,
495,100,5,69.6,82.6,100.9,1.66,1e-07,0.05,80,0.60,0.58,True,124.30000000000001,3,5,0.06417279660564985,0.25332350188178326,0.971127946875925,4.7466062056092495,-3.144,4.803,0.976,1.429,1.616,
528,100,5,16.5,3.1,11.6,4.42,1e-06,0.05,50,0.45,0.55,True,10.3,3,5,0.020466994605985705,0.1430629043672248,0.8963138449168366,2.4009199018944165,6.443,2.025,0.9,0.616,1.694,
511,100,5,4.3,70.8,65.8,4.68,1e-07,0.1,80,center,center,True,100.60000000000001,3,5,0.044504536652663074,0.21096098372131059,0.38813555449951304,0.7153579016960311,5.217,0.536,0.441,2.082,2.085,
514,100,5,21.7,88.8,85.4,3.42,1e-07,0.1,80,0.60,0.45,True,94.60000000000001,3,5,0.8589083501741206,0.9267730845110472,2.1753576005313615,4.941813520673655,-2.581,5.999,2.231,2.217,2.075,
505,100,5,70.4,48.4,78.5,4.09,1e-07,0.1,25,0.60,0.58,True,128.8,3,5,0.04122908470388207,0.20304946368774796,0.6947814438682632,0.6964333147020823,4.426,0.334,0.702,23.325,1.695,
517,100,5,41.1,8.5,36.2,2.21,1e-07,0.1,120,0.35,0.40,True,71.10000000000001,3,5,0.43447611049596113,0.6591480186543544,5.313012948755424,7.702966422117418,9.42,7.21,5.313,8.997,2.19,
507,100,5,81.3,17.6,77.3,1.72,1e-07,0.1,50,0.35,0.40,True,126.4,3,5,0.01711016088150449,0.13080581363802027,2.479294675824144,3.887506869322416,5.235,3.516,2.48,14.118,1.889,
515,100,5,41.0,13.1,36.9,2.1,1e-07,0.1,80,0.60,0.58,True,72.2,3,5,0.010505140639077329,0.10249458834044521,2.9452146045315737,3.1955688155291506,3.878,1.78,2.946,5.317,2.087,
522,100,5,40.2,17.6,37.4,1.26,1e-06,0.05,25,0.35,0.40,True,61.2,3,5,172.49435307231246,13.133710559941257,6.641450912627702,9.228918960777136,8.949,7.686,7.242,7.843,5.885,
503,100,5,52.9,59.8,72.7,4.39,1e-07,0.1,25,0.45,0.55,True,127.0,3,5,0.13080413904126006,0.36166854859285186,0.4496881495458816,5.993940871011938,-1.427,5.813,0.496,11.751,2.117,
508,100,5,85.7,73.6,105.9,3.67,1e-07,0.1,50,0.45,0.55,True,125.4,3,5,0.04477089567304372,0.21159134120526701,0.9228049246989457,7.8731351010566515,-4.629,8.3,0.925,4.117,1.803,
512,100,5,74.6,79.7,102.1,2.05,1e-07,0.1,80,0.35,0.40,True,123.10000000000001,3,5,0.008855101289470379,0.09410154775278874,1.8252280632253854,3.2432104500147885,5.317,3.265,1.826,2.437,1.968,
544,100,5,6.1,4.8,1.1,2.93,1e-06,0.1,25,0.60,0.45,True,0.30000000000000004,3,2,0.06298111934301534,0.25096039397286446,0.9239989996204846,0.9312029413192587,2.447,0.486,0.925,0.942,1.875,
510,100,5,54.9,36.7,59.1,2.29,1e-07,0.1,50,0.60,0.58,True,132.0,3,5,0.6680342138782969,0.8173336001158259,0.39829418319537546,0.9035745067704233,1.603,0.69,0.814,22.063,1.994,
527,100,5,52.7,6.9,47.7,2.96,1e-06,0.05,50,0.35,0.40,True,74.0,3,5,0.01766039243222727,0.1328924092347914,5.2455642194905465,6.786408232805208,8.835,5.878,5.247,4.344,2.279,
519,100,5,38.6,31.1,42.6,3.16,1e-07,0.1,120,0.60,0.45,True,85.5,3,5,0.6046538140687491,0.7775948907167208,0.9020414559697655,1.6059967598168705,2.301,0.863,1.077,3.434,1.736,
520,100,5,13.6,87.4,82.8,4.53,1e-07,0.1,120,0.60,0.58,True,108.0,3,5,0.01639755459397143,0.12805293668624484,1.324001060872023,2.5113328328894386,6.767,2.24,1.329,1.697,1.914,
525,100,5,25.0,54.6,53.5,1.82,1e-06,0.05,25,0.60,0.58,True,88.80000000000001,3,5,0.2582378105713814,0.5081710446015016,1.1217548011092344,1.5178760909898623,0.392,1.433,1.132,3.979,1.875,
518,100,5,43.4,75.5,80.2,3.88,1e-07,0.1,120,0.45,0.55,True,106.2,3,5,0.02210010973902974,0.1486610565650256,0.9937806944767335,2.1895771507615867,5.666,1.783,1.004,1.952,1.898,
534,100,5,0.9,47.3,42.5,4.98,1e-06,0.05,80,0.60,0.45,True,73.10000000000001,3,4,0.006879016169134573,0.08293983463411639,0.5666196526451531,3.9576833573232078,8.494,3.514,0.57,0.944,1.834,
523,100,5,42.1,77.9,81.8,1.61,1e-06,0.05,25,0.45,0.55,True,119.4,3,5,0.02211686813059726,0.14871741031431815,0.8330517129426631,1.136799026443617,2.175,0.565,0.84,7.628,1.785,
524,100,5,57.3,34.7,60.2,2.7,1e-06,0.05,25,0.60,0.45,True,108.4,3,5,8.168395652480502,2.8580405267386433,1.491052641755983,2.880692332207586,6.139,3.437,2.369,7.698,2.326,
521,100,5,83.2,37.2,84.6,2.44,1e-06,0.05,25,center,center,True,122.10000000000001,3,5,1.291763315130173,1.136557660275172,0.26650815919663845,3.2834151826706792,-1.012,3.453,1.069,8.277,1.824,
303,100,4,70.7,28.3,69.7,2.4,1e-06,0.1,25,0.45,0.55,False,900.0,2,4,49.96372016154045,7.068501974360653,9.21227106060697,10.283578429267026,10.04,7.639,9.374,565.204,3.001,vittima non trovata entro 15 minuti
304,100,4,74.1,33.8,74.9,2.75,1e-06,0.1,25,0.60,0.45,False,900.0,2,4,115.71297692592479,10.756996649898372,16.29791307748648,16.51102992514519,-1.996,4.744,17.433,1027.758,3.333,vittima non trovata entro 15 minuti
533,100,5,32.0,45.3,48.5,2.67,1e-06,0.05,80,0.45,0.55,True,82.0,3,5,0.02835952195459436,0.16840285613550135,0.5051660576104561,0.6921422509134098,2.958,0.291,0.521,1.293,1.776,
529,100,5,69.7,42.3,74.7,3.07,1e-06,0.05,50,0.60,0.45,True,115.0,3,5,0.010488276906531318,0.10241228884529101,3.520039236426344,9.734979139763887,-7.781,10.85,3.52,13.088,1.771,
555,100,5,14.2,16.9,15.0,1.62,1e-06,0.1,80,0.60,0.58,True,15.700000000000001,3,5,0.026190240255202703,0.1618339898019038,1.5678207721621065,5.6841037302674335,6.839,5.222,1.572,2.337,1.813,
552,100,5,10.1,22.6,18.4,3.46,1e-06,0.1,80,0.35,0.40,True,25.0,3,5,0.12855665335931832,0.35854797915944014,1.3042617460473005,8.918100339167818,-5.918,9.38,1.313,2.88,2.006,
531,100,5,10.5,68.7,64.0,1.99,1e-06,0.05,80,center,center,True,99.4,3,5,0.14018729583084089,0.374415939605729,2.165044131290856,3.7290262516643873,6.31,4.321,2.166,2.499,2.398,
526,100,5,71.8,47.6,79.3,1.26,1e-06,0.05,50,center,center,True,114.5,4,5,0.06872671364621015,0.2621578029474045,2.2420156825329016,6.2931296289819905,-6.186,7.442,2.243,2.976,1.885,
532,100,5,69.3,28.3,68.4,3.2,1e-06,0.05,80,0.35,0.40,True,107.10000000000001,3,5,0.010715298773638068,0.10351472732726522,1.2996092649168414,2.3574350147384506,5.536,2.335,1.3,4.676,1.742,
530,100,5,78.3,54.2,88.3,1.55,1e-06,0.05,50,0.60,0.58,True,128.5,3,5,0.1951561970140284,0.4417648662060264,0.5115308274791089,2.1716504107758925,-0.713,2.259,0.588,5.485,1.678,
536,100,5,40.0,41.8,50.8,4.69,1e-06,0.05,120,center,center,True,97.4,3,5,3.302326183860024,1.8172303607027986,0.7424921794246658,1.5136490203807706,2.867,1.825,1.341,1.74,2.008,
543,100,5,36.8,15.3,33.5,4.01,1e-06,0.1,25,0.45,0.55,True,74.9,3,5,39.388929381340304,6.276060020533607,2.877231978808759,4.335990996145898,8.017,4.012,3.545,14.844,4.459,
535,100,5,54.2,68.6,80.4,3.08,1e-06,0.05,80,0.60,0.58,True,106.7,3,5,4.74622630180513,2.178583554010525,3.6666709812881884,9.307664859081832,-6.652,9.727,3.713,2.976,1.923,
538,100,5,42.7,53.8,61.7,2.9,1e-06,0.05,120,0.45,0.55,True,99.7,3,5,0.024923464083176892,0.15787166966614655,1.0097293519638983,2.0265126523261423,4.291,1.388,1.022,0.875,1.87,
547,100,5,30.5,41.9,44.8,3.68,1e-06,0.1,50,0.35,0.40,True,80.9,3,5,0.09578353661050168,0.3094891542695829,0.33977450894194994,7.323000215898667,-3.545,7.229,0.411,2.273,1.93,
570,100,5,7.1,0.3,5.2,1.07,1e-05,0.05,50,0.60,0.58,True,0.2,3,2,0.06880799712696878,0.2623127849094832,2.0612355126479773,2.1056324471498544,1.491,0.418,2.062,2.079,2.16,
548,100,5,14.6,42.6,38.8,1.5,1e-06,0.1,50,0.45,0.55,True,72.4,3,5,0.0760351369331381,0.2757446952039841,1.4777172184646494,1.7827615786661097,0.114,1.382,1.485,4.841,1.747,
553,100,5,38.1,10.9,33.7,4.33,1e-06,0.1,80,0.45,0.55,True,59.300000000000004,3,4,0.18238804397527741,0.4270691325479722,2.1159166013371853,4.4369015706929575,7.633,3.3,2.149,3.639,2.078,
541,100,5,35.3,58.1,61.2,1.02,1e-06,0.1,25,center,center,True,102.60000000000001,3,5,0.10212741094012098,0.319573795765737,0.47857658688226756,0.8721799118840232,1.514,0.491,0.547,4.943,2.11,
540,100,5,72.0,28.8,71.1,4.92,1e-06,0.05,120,0.60,0.58,True,107.5,3,5,1.9819610304875745,1.407821377337187,0.8226817061054086,1.6811814088048436,3.191,1.724,1.078,1.219,1.68,
537,100,5,82.5,62.9,96.8,2.34,1e-06,0.05,120,0.35,0.40,True,125.4,3,5,0.14748566048448392,0.3840386184805949,3.381108662930774,5.989597752187954,7.751,5.414,3.383,2.27,1.909,
539,100,5,89.8,57.9,99.9,2.57,1e-06,0.05,120,0.60,0.45,True,127.60000000000001,3,5,0.0068243149622234794,0.08260941206801728,0.6273572292471907,1.088951882950792,3.755,1.182,0.631,4.079,1.553,
549,100,5,28.4,84.6,83.0,1.41,1e-06,0.1,50,0.60,0.45,True,92.80000000000001,3,5,0.1856302197230578,0.4308482560287993,1.2358312543308818,2.765579254547971,-1.735,3.144,1.285,3.397,1.853,
542,100,5,41.2,73.9,77.8,4.93,1e-06,0.1,25,0.35,0.40,True,121.60000000000001,3,5,0.10708511892901287,0.32723862689024485,1.2852063045594213,10.213657055843491,-5.637,10.567,1.3,17.178,1.926,
546,100,5,49.5,79.8,87.0,4.94,1e-06,0.1,50,center,center,True,108.60000000000001,3,5,0.06131648458551554,0.24762165613192144,0.7551707896446391,0.7711213044241393,4.311,0.627,0.758,2.42,1.92,
568,100,5,28.0,40.8,42.5,2.52,1e-05,0.05,50,0.45,0.55,True,55.2,3,5,0.03641874539858083,0.19083696025293642,1.1114049782329365,1.9003358922119107,4.4,1.883,1.119,1.99,1.742,
545,100,5,82.6,19.8,79.0,2.68,1e-06,0.1,25,0.60,0.58,True,123.9,3,5,1.1350010234323378,1.065364267953613,1.3382783520195891,1.3491984025084425,2.496,0.185,1.367,12.286,2.057,
564,100,5,9.4,56.5,51.7,3.95,1e-05,0.05,25,0.60,0.45,True,64.3,3,4,0.01575221118753244,0.12550781325293034,5.1182610888140205,11.627157296380474,-9.091,13.045,5.119,8.361,1.586,
559,100,5,40.4,30.2,43.4,4.53,1e-06,0.1,120,0.60,0.45,True,77.80000000000001,3,5,2.297519442835514,1.5157570527084854,2.3318007260971125,2.8028460301999143,1.548,2.982,2.34,3.913,2.069,
558,100,5,44.4,0.1,39.7,1.24,1e-06,0.1,120,0.45,0.55,True,71.5,4,5,6.638503126510025,2.5765292791874157,5.332441570406955,12.621258980554307,11.043,9.801,5.346,8.413,2.439,
551,100,5,31.1,67.3,67.5,2.1,1e-06,0.1,80,center,center,True,101.0,3,5,0.024951629201333182,0.1579608470518349,0.3674218221630876,1.9343855059385677,4.15,2.046,0.37,1.434,1.895,
567,100,5,16.6,60.0,56.2,1.05,1e-05,0.05,50,0.35,0.40,True,65.0,3,5,0.2973870164790584,0.5453320240725447,0.5064079940871432,2.1775501630811847,-1.299,2.35,0.72,1.003,1.733,
565,100,5,75.2,56.0,86.8,2.52,1e-05,0.05,25,0.60,0.58,True,94.80000000000001,3,5,0.01955468222096016,0.13983805712666406,0.29206625886429477,3.374855380422957,-0.943,3.462,0.305,5.344,1.527,
569,100,5,35.8,88.2,88.7,3.86,1e-05,0.05,50,0.60,0.45,True,77.7,3,5,0.08553535502752167,0.29246427991726043,0.27208404415954546,0.45837318531655724,4.235,0.38,0.382,1.415,1.684,
562,100,5,46.4,49.1,60.5,1.35,1e-05,0.05,25,0.35,0.40,True,89.30000000000001,3,5,0.41585055635311363,0.6448647581881907,0.7105550739266105,3.2256998658255456,-2.041,3.392,0.851,7.896,1.703,
561,100,5,59.4,8.4,54.5,1.87,1e-05,0.05,25,center,center,True,90.80000000000001,3,4,0.7037935908487625,0.8389240673915384,1.9997210687026732,3.8277132381551935,6.567,4.7,2.053,10.002,1.796,
571,100,5,30.1,82.6,81.6,2.09,1e-05,0.05,80,center,center,True,80.2,3,5,0.04437157863701013,0.21064562335118697,1.054546541113438,4.22595983288595,-2.693,4.779,1.061,1.693,1.965,
563,100,5,75.6,78.3,101.8,3.29,1e-05,0.05,25,0.45,0.55,True,100.60000000000001,3,5,0.021398231110835855,0.14628134231964052,0.4121519067570542,2.4634045573208034,5.775,2.488,0.435,4.73,1.876,
575,100,5,32.2,44.9,48.3,4.19,1e-05,0.05,80,0.60,0.58,True,61.0,3,5,0.023129026388361184,0.15208230136462686,0.2665342901914936,0.9930324227411675,5.177,0.991,0.301,1.457,1.615,
554,100,5,81.4,88.2,112.9,4.4,1e-06,0.1,80,0.60,0.45,True,125.2,3,5,0.04746063545055068,0.21785461998899788,0.13887249679726546,0.2065989602008518,4.485,0.089,0.202,6.094,1.768,
576,100,5,37.1,11.7,32.8,4.88,1e-05,0.05,120,center,center,True,48.900000000000006,3,4,0.1455035950357411,0.3814493348214689,2.2839893870706485,2.3206932424812554,6.832,1.956,2.291,3.4,2.691,
566,100,5,78.9,20.5,75.5,2.2,1e-05,0.05,50,center,center,True,108.9,3,5,0.3426483658474762,0.5853617393095283,0.561242334187341,1.5439209785031873,0.493,1.703,0.721,0.85,1.832,
573,100,5,43.3,35.4,48.9,1.06,1e-05,0.05,80,0.45,0.55,True,73.3,3,5,0.009379394944277204,0.09684727639059967,0.6466957784405492,2.5175335636559297,-1.606,2.661,0.651,1.422,1.664,
598,100,5,8.4,6.3,3.6,3.41,1e-05,0.1,120,0.45,0.55,True,0.2,3,3,0.19297719006132705,0.43929169131833923,3.499972771882914,3.648147860174229,3.506,0.097,3.5,3.494,2.508,
578,100,5,17.1,49.3,45.9,1.96,1e-05,0.05,120,0.45,0.55,True,57.1,3,5,0.00938554648977592,0.09687903018597946,0.26379215698082836,0.688625598570822,2.632,0.671,0.275,1.084,1.738,
556,100,5,48.2,75.4,82.6,2.36,1e-06,0.1,120,center,center,True,106.5,3,5,0.15309155661304208,0.39126916133659456,0.5592489920059286,2.322064546599321,4.376,2.021,0.674,1.848,2.058,
550,100,5,81.5,50.4,88.9,4.91,1e-06,0.1,50,0.60,0.58,True,130.5,3,5,0.3624667702279234,0.6020521324834947,1.3965937269431543,7.823613939224815,-3.08,7.99,1.473,8.919,1.625,
572,100,5,59.3,25.3,58.0,3.88,1e-05,0.05,80,0.35,0.40,True,92.4,3,5,0.009384588971026066,0.09687408823326321,0.8570212784593053,0.8719504674377492,4.018,0.135,0.86,2.687,1.65,
599,100,5,19.6,1.0,15.1,4.28,1e-05,0.1,120,0.60,0.45,True,13.600000000000001,3,5,0.01235748370381668,0.11116421953046168,1.1385945924120364,4.984807210480393,0.388,3.896,1.143,0.406,1.631,
583,100,5,26.1,17.5,24.5,4.05,1e-05,0.1,25,0.45,0.55,True,49.5,3,4,0.06288000742594185,0.25075886310545803,1.4586642765267854,3.1791329723970474,6.758,2.71,1.471,6.184,1.786,
577,100,5,59.0,10.8,54.3,1.92,1e-05,0.05,120,0.35,0.40,True,83.60000000000001,3,4,0.02724725089192953,0.16506741317391974,1.546772271958661,2.656699836428034,4.583,2.665,1.553,2.418,1.782,
580,100,5,42.2,44.6,54.3,1.6,1e-05,0.05,120,0.60,0.58,True,64.2,3,5,0.00576254898886292,0.07591145492521481,1.2565460503961547,2.018344450789362,3.171,1.569,1.257,1.586,1.61,
592,100,5,23.4,16.3,21.6,3.28,1e-05,0.1,80,0.35,0.40,True,35.1,3,4,0.008590593627749034,0.0926854553193166,0.32612907768245636,0.5258701446202625,2.98,0.298,0.328,1.966,1.653,
557,100,5,81.1,78.7,105.9,3.96,1e-06,0.1,120,0.35,0.40,True,133.70000000000002,3,5,0.024149934112576002,0.1554024906897441,2.555469964107565,3.9235367344783985,7.155,3.196,2.558,4.006,1.895,
585,100,5,19.2,40.0,37.7,2.71,1e-05,0.1,25,0.60,0.58,True,62.2,3,5,0.031311173911619236,0.1769496366529732,0.5168812501689459,4.31853329405412,-1.513,4.219,0.534,7.171,1.65,
584,100,5,72.9,21.8,70.0,3.9,1e-05,0.1,25,0.60,0.45,True,82.9,3,5,0.3914868800546465,0.6256891241300638,1.3460364050612732,1.7537525628119945,5.626,1.723,1.379,6.314,1.759,
574,100,5,65.5,50.8,75.9,3.77,1e-05,0.05,80,0.60,0.45,True,97.4,3,5,1.5105895076894147,1.229060416614828,0.5445761418379678,1.661033214539983,2.149,1.618,1.125,3.331,1.675,
582,100,5,42.6,22.0,41.3,3.98,1e-05,0.1,25,0.35,0.40,True,69.2,3,5,3.5963500826087813,1.8964045144981019,2.018274453226673,4.84904688629343,8.922,4.943,2.654,7.042,2.099,
560,100,5,84.9,45.2,89.4,3.86,1e-06,0.1,120,0.60,0.58,True,129.5,3,5,0.010383537260850825,0.10189964308500214,0.2794460556186532,0.9733245719376762,4.865,1.006,0.282,7.362,1.537,
581,100,5,54.1,62.3,75.4,3.05,1e-05,0.1,25,center,center,True,83.60000000000001,3,5,0.1966867994994757,0.443493855086489,2.8188590891910725,7.378934895226993,9.339,6.293,2.824,12.314,2.146,
593,100,5,44.8,0.3,40.1,3.96,1e-05,0.1,80,0.45,0.55,True,48.400000000000006,3,3,0.6725068229907193,0.8200651333831473,4.220699214760734,8.253016569829622,10.145,6.187,4.29,7.791,3.567,
603,100,5,7.0,29.4,24.5,3.79,1e-07,0.05,25,0.45,0.55,True,35.2,3,5,0.03398917286193198,0.18436152760793664,0.9867690082409593,1.4286558660183803,2.466,1.327,1.0,1.11,2.105,
579,100,5,67.9,48.6,76.6,3.81,1e-05,0.05,120,0.60,0.45,True,96.10000000000001,3,5,2.6176180271366847,1.6179054444363195,2.678596495482505,7.799473502569515,-4.641,8.449,2.984,3.048,1.951,
588,100,5,40.0,59.9,65.1,1.31,1e-05,0.1,50,0.45,0.55,True,80.5,3,5,0.033522101484426935,0.1830904188766494,0.7203540412121239,2.9742031101345656,4.157,2.843,0.722,3.96,1.66,
594,100,5,4.4,34.5,29.5,3.38,1e-05,0.1,80,0.60,0.45,True,54.2,3,3,1.295559385718622,1.1382264211125228,2.9233468851949653,6.738064582580806,8.154,4.776,2.95,6.076,2.713,
589,100,5,43.7,29.1,45.6,1.34,1e-05,0.1,50,0.60,0.45,True,85.9,3,5,0.008806117791645087,0.09384091747017975,1.8435275788528251,5.7968750437930865,-5.233,6.577,1.845,7.791,1.684,
597,100,5,1.9,67.3,62.4,3.43,1e-05,0.1,120,0.35,0.40,True,69.3,3,4,0.020123799796550455,0.14185837936671367,0.9860100740127437,3.4160273524211684,7.084,3.657,0.991,3.03,1.657,
587,100,5,61.7,67.9,84.7,1.02,1e-05,0.1,50,0.35,0.40,True,85.60000000000001,3,5,0.09467746106790409,0.3076970280452902,3.729247963891835,5.848377709849951,7.012,5.994,3.731,3.869,2.294,
596,100,5,6.6,46.7,41.7,1.88,1e-05,0.1,120,center,center,True,62.400000000000006,3,4,0.13782739520131526,0.371251121481559,0.6167527021814568,1.4040272579367103,3.284,1.405,0.7,3.706,2.033,
591,100,5,59.4,32.1,60.8,4.11,1e-05,0.1,80,center,center,True,79.80000000000001,3,5,0.01904831602164862,0.13801563687368407,0.43004577766331775,0.7020427586244683,4.91,0.796,0.435,4.11,1.634,
586,100,5,67.5,72.9,92.3,4.18,1e-05,0.1,50,center,center,True,99.10000000000001,3,5,3.976148170021212,1.994028126687588,1.232522017627422,4.986002625163105,-1.512,5.689,1.709,1.696,1.634,
620,100,5,16.0,8.8,11.6,4.83,1e-07,0.05,120,0.60,0.58,True,16.8,3,5,0.013286967902125295,0.11526911078916717,1.227627880925101,1.4462463172692959,4.332,0.495,1.231,0.841,1.752,
590,100,5,31.2,85.0,84.1,2.89,1e-05,0.1,50,0.60,0.58,True,78.30000000000001,3,5,0.033817390552895524,0.18389505309522472,1.7323503891708643,1.7614294171826466,3.121,0.236,1.734,1.208,2.144,
600,100,5,71.4,51.1,80.8,2.33,1e-05,0.1,120,0.60,0.58,True,89.4,3,5,0.015182224349489203,0.12321616918850059,0.7814898639851311,0.7816023774265768,2.202,0.132,0.786,1.545,1.561,
609,100,5,7.8,36.7,31.8,1.1,1e-07,0.05,50,0.60,0.45,True,50.400000000000006,3,5,0.020623174108567562,0.14360770908474085,0.5976564084046296,3.507338572772393,-2.522,3.619,0.6,1.818,1.778,
595,100,5,65.0,24.2,63.0,4.85,1e-05,0.1,80,0.60,0.58,True,97.10000000000001,3,5,0.007206548484826794,0.08489139228936461,0.4598663152861566,1.3375723742507906,5.931,1.08,0.466,6.457,1.658,
610,100,5,36.8,5.1,31.8,4.66,1e-07,0.05,50,0.60,0.58,True,57.7,3,4,1.3410692195835077,1.1580454307079269,6.088045150200956,8.942499421963618,10.7,6.037,6.104,8.137,2.732,
624,100,5,15.5,22.5,20.4,3.94,1e-07,0.1,25,0.60,0.45,True,34.5,3,5,0.03131290890743289,0.1769545390981336,4.857600444989208,11.940243428276077,-9.554,13.49,4.858,7.163,1.93,
604,100,5,38.7,23.6,38.5,1.83,1e-07,0.05,25,0.60,0.45,True,74.2,3,5,0.1308184873285456,0.3616883842875599,0.775209161493632,4.210069923703649,-2.753,4.583,0.778,1.973,2.161,
601,100,5,65.6,12.5,61.1,1.65,1e-07,0.05,25,center,center,True,102.80000000000001,3,5,26.38899275507383,5.137021778722943,0.6380247461769144,19.136954358133732,21.202,19.548,5.005,10.052,2.837,
602,100,5,54.5,30.0,55.5,2.87,1e-07,0.05,25,0.35,0.40,True,102.2,3,5,1.266245816915593,1.1252758848014086,2.132278142502277,3.51494640286338,6.391,3.522,2.404,3.85,3.071,
605,100,5,63.7,28.1,63.0,2.22,1e-07,0.05,25,0.60,0.58,True,91.7,3,5,17.48413939304623,4.181403997827313,2.040421861498814,9.003507438272104,11.405,9.184,3.835,4.975,2.559,
615,100,5,30.3,75.5,74.9,1.87,1e-07,0.05,80,0.60,0.58,True,102.7,3,5,0.17898956978638492,0.4230715894342055,0.7670283350418154,2.7363587485803667,-0.92,2.787,0.854,1.616,1.733,
618,100,5,12.9,42.4,38.3,1.31,1e-07,0.05,120,0.45,0.55,True,70.3,3,5,0.1600477450796253,0.4000596768978664,1.1522122950034583,1.3556978914938889,0.307,1.001,1.175,2.517,1.916,
619,100,5,72.1,6.4,67.1,4.28,1e-07,0.05,120,0.60,0.45,True,91.30000000000001,3,5,0.3104858784457026,0.5572125971706873,3.092015770859876,5.3437229945255496,9.937,5.658,3.107,6.175,2.29,
611,100,5,21.4,88.0,84.6,2.15,1e-07,0.05,80,center,center,True,111.9,3,5,0.03069236215710793,0.17519235758761834,0.5113726273875746,0.8857989887732053,2.64,0.485,0.536,1.606,2.207,
608,100,5,7.0,79.7,74.7,3.72,1e-07,0.05,50,0.45,0.55,True,106.30000000000001,3,5,0.017455282594987364,0.13211844154010963,1.91961537812762,3.649191097386269,6.943,3.22,1.922,0.125,1.754,
612,100,5,46.5,63.8,71.9,4.52,1e-07,0.05,80,0.35,0.40,True,102.80000000000001,3,5,0.019727239097094437,0.14045369022241616,2.4473368066810264,3.2768310757874555,7.599,3.083,2.45,2.929,1.881,
614,100,5,53.0,65.3,77.0,4.29,1e-07,0.05,80,0.60,0.45,True,101.2,3,5,0.04459802713514384,0.21118244987485071,2.9131690787584814,7.977747629430571,-5.017,9.307,2.915,1.233,2.037,
607,100,5,46.9,30.5,49.0,2.79,1e-07,0.05,50,0.35,0.40,True,97.9,3,5,0.006997609024769392,0.0836517126230503,1.112222099851927,1.2568531908941911,2.483,0.305,1.114,3.782,1.734,
613,100,5,37.9,85.5,87.0,1.72,1e-07,0.05,80,0.45,0.55,True,109.30000000000001,3,5,0.04861312196699619,0.22048383606740016,0.7487240835366378,1.0451902125378663,0.803,0.92,0.752,1.969,1.695,
606,100,5,77.5,84.6,107.7,1.91,1e-07,0.05,50,center,center,True,123.30000000000001,3,5,0.011607031101625781,0.107735932267864,3.492957567607536,8.289429424853813,-8.006,9.914,3.494,3.796,1.998,
625,100,5,63.4,20.8,60.5,1.03,1e-07,0.1,25,0.60,0.58,True,90.0,3,5,2.1016724446276873,1.4497146079927894,1.6292173401616508,7.994578678123623,8.599,7.569,2.055,3.603,2.437,
622,100,5,34.9,76.8,77.8,1.08,1e-07,0.1,25,0.35,0.40,True,115.2,3,5,0.014141241344601232,0.11891695146025748,1.5149554617526149,2.115648154870584,-1.068,2.147,1.517,4.669,2.022,
616,100,5,81.3,33.9,81.6,4.98,1e-07,0.05,120,center,center,True,128.20000000000002,3,5,4.056552902522995,2.014088603443998,1.1096436697827936,1.9622454006179655,2.589,2.391,1.114,2.698,1.717,
617,100,5,39.6,88.3,90.2,4.76,1e-07,0.05,120,0.35,0.40,True,110.30000000000001,3,5,0.02136529922519153,0.1461687354573184,1.1803961282789004,1.229238707327897,5.685,0.929,1.184,1.881,1.788,
629,100,5,35.8,47.1,52.1,4.31,1e-07,0.1,50,0.60,0.45,True,93.80000000000001,3,5,0.5589887433812393,0.7476554977937628,2.2039022477807433,8.241392034312348,-4.471,8.784,2.305,0.698,1.893,
631,100,5,65.5,2.4,60.6,4.86,1e-07,0.1,80,center,center,True,89.30000000000001,3,5,0.3614440964074399,0.6012022092502987,2.81593979113404,8.144986536310586,10.985,6.121,2.821,6.547,2.115,
639,100,5,28.2,17.3,26.3,4.4,1e-07,0.1,120,0.60,0.45,True,47.800000000000004,3,5,0.26290321355391666,0.5127408834430084,1.1813581086260239,5.667129911801118,-1.867,6.271,1.198,3.702,2.6,
627,100,5,55.0,68.3,80.7,3.65,1e-07,0.1,50,0.35,0.40,True,104.60000000000001,3,5,0.21714842877237886,0.4659918762944037,2.582129968355111,3.360701030359208,6.721,3.075,2.588,5.771,2.321,
621,100,5,35.2,49.0,53.4,3.54,1e-07,0.1,25,center,center,True,128.1,3,5,0.011055186868024466,0.10514364872889122,0.40207541761789933,1.3026208232309548,4.975,1.431,0.405,12.266,1.801,
623,100,5,85.0,9.0,80.1,2.13,1e-07,0.1,25,0.45,0.55,True,129.1,3,5,0.8911388251687908,0.9440014963805888,1.1982598327980405,6.723787896258706,-4.929,7.062,1.347,1.101,1.821,
632,100,5,41.6,27.9,43.2,1.3,1e-07,0.1,80,0.35,0.40,True,87.9,3,5,0.010225048218603618,0.10111898050615235,1.5796391004517887,2.720472240458413,-0.408,1.709,1.581,5.038,1.971,
648,100,5,7.1,24.5,19.6,4.79,1e-06,0.05,50,0.45,0.55,True,26.200000000000003,3,5,0.008909414621135711,0.09438969552411805,0.9215380359858647,1.7106477087324001,6.423,1.629,0.924,1.922,1.59,
628,100,5,2.2,86.6,81.6,2.05,1e-07,0.1,50,0.45,0.55,True,109.4,3,5,0.03206059446526023,0.17905472477781822,0.6367471620441996,1.6830107907277734,3.6,1.545,0.656,1.61,1.784,
630,100,5,56.4,76.9,88.4,2.2,1e-07,0.1,50,0.60,0.58,True,107.30000000000001,3,5,0.016274101743848225,0.12756998762972513,0.684774925949995,0.7060647275644566,1.991,0.206,0.688,2.625,1.672,
398,100,4,3.3,50.5,45.5,3.52,1e-07,0.1,120,0.45,0.55,False,900.0,0,4,0.6077349888787069,0.7795735942672166,31.23431625617694,43.712319105663994,42.326,38.81,31.235,76.471,5.809,vittima non trovata entro 15 minuti
399,100,4,75.5,2.5,70.5,4.82,1e-07,0.1,120,0.60,0.45,False,900.0,0,4,12.950271417162584,3.5986485542718096,24.641304768479955,39.521539339613604,51.072,46.255,24.641,105.929,4.433,vittima non trovata entro 15 minuti
422,100,4,84.0,52.6,92.2,2.37,1e-06,0.1,25,0.35,0.40,False,900.0,1,4,143.09882602114897,11.962392152957909,38.751331890665256,39.01258712950293,20.855,18.484,38.966,525.787,3.076,vittima non trovata entro 15 minuti
651,100,5,18.8,15.4,17.3,2.43,1e-06,0.05,80,center,center,True,30.8,3,5,0.01172989971518686,0.10830466155797201,0.09738441442412558,1.3333319580065208,3.692,1.259,0.127,0.947,1.819,
626,100,5,83.1,47.0,88.7,4.53,1e-07,0.1,50,center,center,True,129.5,3,5,0.008327674609688656,0.09125609354825932,0.9104648491962022,1.327640241135483,6.106,1.579,0.912,7.958,1.6,
634,100,5,44.5,51.9,61.3,2.89,1e-07,0.1,80,0.60,0.45,True,94.0,3,5,0.013247277809347337,0.11509681928423278,3.6084333070414036,7.688735718639283,-5.534,8.42,3.609,1.934,2.296,
638,100,5,12.5,55.7,51.2,1.86,1e-07,0.1,120,0.45,0.55,True,91.5,3,5,0.00774128709574695,0.08798458442106179,0.6171962739335536,3.2860863851212825,-1.384,3.246,0.62,2.032,1.757,
633,100,5,83.5,21.5,80.2,1.35,1e-07,0.1,80,0.45,0.55,True,122.60000000000001,3,5,0.05862176909199227,0.24211932820820453,0.5449283514889931,0.9650068507588917,2.019,0.668,0.576,13.518,1.704,
635,100,5,80.2,8.5,75.3,2.26,1e-07,0.1,80,0.60,0.58,True,115.7,3,5,0.025480357159826078,0.15962567825956472,3.0169440146005644,9.031885833173526,-7.257,9.513,3.018,2.752,1.928,
645,100,5,54.0,5.0,49.0,2.91,1e-06,0.05,25,0.60,0.58,True,74.2,3,5,29.964761643062737,5.474007822707485,2.3219027758992103,12.457233403042371,14.697,11.784,4.638,4.831,3.916,
641,100,5,56.5,24.2,54.9,2.17,1e-06,0.05,25,center,center,True,92.2,3,5,20.93496933861858,4.5754747664716255,2.845014985590718,5.085203212124176,7.86,5.689,5.183,6.371,3.378,
644,100,5,36.8,31.5,41.4,3.63,1e-06,0.05,25,0.60,0.45,True,77.2,3,5,0.07605997996986769,0.2757897386957457,1.891226991161154,1.8930362726881582,3.876,0.245,1.901,3.754,2.227,
654,100,5,31.7,7.0,26.8,2.19,1e-06,0.05,80,0.60,0.45,True,43.900000000000006,3,4,0.27949283874436487,0.5286708226716932,4.332850879577341,6.288468505827341,9.095,6.902,4.334,4.13,3.159,
659,100,5,0.3,31.2,26.6,2.96,1e-06,0.05,120,0.60,0.45,True,40.6,3,5,0.04196556792009975,0.20485499242171218,1.1116779043703133,4.876834261872147,-2.131,5.093,1.118,2.319,1.994,
640,100,5,80.6,0.3,75.7,4.85,1e-07,0.1,120,0.60,0.58,True,112.60000000000001,3,5,0.10028377307213975,0.31667613277943724,0.380371141525753,7.940720626195001,-3.082,7.934,0.486,1.523,1.754,
649,100,5,41.0,26.0,41.7,4.65,1e-06,0.05,50,0.60,0.45,True,76.0,3,5,0.337601729828357,0.5810350504301415,0.44302768971163903,1.8994207020516614,3.059,1.596,0.727,2.158,1.822,
636,100,5,68.2,76.1,95.1,2.7,1e-07,0.1,120,center,center,True,120.7,3,5,0.012935574477578433,0.11373466699990128,2.472177486510947,7.779046955324886,-6.378,9.082,2.473,3.505,1.987,
678,100,5,9.5,0.2,6.6,3.58,1e-06,0.1,120,0.45,0.55,True,0.2,3,2,0.09037933883835485,0.30063156660330076,4.829553801290848,5.147937048761437,4.067,0.482,4.83,4.85,3.138,
637,100,5,72.2,80.9,101.4,2.04,1e-07,0.1,120,0.35,0.40,True,122.30000000000001,3,5,0.002716466099659567,0.052119728507155204,1.062470159893136,2.706042269781055,4.877,2.838,1.063,1.201,1.781,
666,100,5,30.6,4.3,25.6,2.31,1e-06,0.1,50,center,center,True,43.5,3,4,0.6183971352634918,0.7863823085900978,3.739740332256134,10.419630382915589,9.454,7.145,3.768,5.756,2.822,
660,100,5,9.0,33.5,28.7,1.59,1e-06,0.05,120,0.60,0.58,True,49.400000000000006,3,5,0.01637916163845943,0.1279810987546967,0.4593339247508706,1.8546127322649704,-0.221,1.814,0.469,1.769,1.76,
647,100,5,30.3,50.7,52.2,1.6,1e-06,0.05,50,0.35,0.40,True,90.4,3,5,0.017399446506696805,0.13190696155509307,0.6826888894884812,0.8324854505260296,1.413,0.184,0.688,0.777,1.71,
681,100,5,17.5,4.1,12.6,3.04,1e-05,0.05,25,center,center,True,11.4,3,4,0.6229428874645275,0.7892673105257353,1.376548899066521,2.2244578823337724,0.356,2.689,1.429,1.15,1.98,
652,100,5,44.2,44.3,55.5,4.31,1e-06,0.05,80,0.35,0.40,True,94.60000000000001,3,5,0.020170463682306895,0.1420227576211182,1.9590596557051205,1.963253244842782,5.164,0.852,1.961,1.981,2.174,
643,100,5,84.9,71.0,103.6,1.3,1e-06,0.05,25,0.45,0.55,True,125.10000000000001,3,5,0.06462118752981964,0.254206977736292,0.5798515601648185,4.835372552650255,-3.791,5.095,0.61,4.592,1.731,
646,100,5,73.5,41.9,77.8,4.08,1e-06,0.05,50,center,center,True,115.60000000000001,3,5,0.09681069697275611,0.3111441739334936,4.898065576934953,11.297437251367723,-9.46,13.539,4.898,3.746,1.819,
664,100,5,42.0,22.0,40.7,3.64,1e-06,0.1,25,0.60,0.45,True,62.400000000000006,3,5,167.76108672615607,12.952261838233355,5.8335758865198315,7.218585847332241,11.444,7.808,6.997,7.638,4.56,
650,100,5,54.3,30.6,55.6,4.56,1e-06,0.05,50,0.60,0.58,True,104.80000000000001,3,5,0.005684746187618271,0.07539725583612623,0.9835481378656501,2.9393723135628815,7.266,2.71,0.985,7.124,1.675,
669,100,5,37.3,2.4,32.4,3.14,1e-06,0.1,50,0.60,0.45,True,58.7,3,4,0.4061334958669748,0.6372860392845389,5.283492477964934,10.016749051813033,12.051,8.913,5.301,10.737,3.059,
655,100,5,45.2,25.7,45.2,3.53,1e-06,0.05,80,0.60,0.58,True,89.7,3,5,1.4540269288511545,1.2058303897527025,2.380307222642668,3.040482600863408,1.079,2.45,2.516,5.434,1.794,
671,100,5,40.3,2.8,35.3,1.48,1e-06,0.1,80,center,center,True,56.900000000000006,3,4,1.2949580983904383,1.1379622570148968,3.986488120411432,12.21268094758585,12.641,11.157,4.117,6.142,3.064,
656,100,5,69.4,69.6,91.2,2.05,1e-06,0.05,120,center,center,True,108.9,3,5,2.2437620353546897,1.497919235257592,1.150623916367067,2.6116793606189534,-1.094,3.139,1.528,1.713,2.07,
675,100,5,32.6,15.3,29.5,4.81,1e-06,0.1,80,0.60,0.58,True,59.300000000000004,3,5,0.025967996173518117,0.16114588475514388,0.28826991423313236,3.4039832473950504,1.54,3.271,0.326,2.293,1.707,
653,100,5,74.6,12.1,69.9,2.62,1e-06,0.05,80,0.45,0.55,True,103.4,3,5,2.214717784993986,1.4881927916079913,2.4151233055018726,7.020805159570775,-4.881,7.501,2.553,2.084,2.092,
657,100,5,23.6,78.0,75.3,2.91,1e-06,0.05,120,0.35,0.40,True,107.60000000000001,3,5,0.15690903857267102,0.39611745552635147,1.3474875978388776,7.540037191470805,-5.244,8.156,1.349,2.428,1.957,
642,100,5,78.2,27.1,76.4,2.79,1e-06,0.05,25,0.35,0.40,True,163.10000000000002,3,5,3.35609711040523,1.8319653682330432,2.6070012103615436,4.711265492238193,7.419,4.63,2.818,27.273,2.683,
684,100,5,29.7,37.4,40.8,2.31,1e-05,0.05,25,0.60,0.45,True,55.0,3,5,1.0456715727821242,1.022580839240656,0.9502083952826986,1.8735795663525316,0.203,2.103,1.163,1.978,1.818,
662,100,5,24.6,67.0,65.0,2.03,1e-06,0.1,25,0.35,0.40,True,109.30000000000001,3,5,0.07365854232050931,0.27140107280648196,0.6467420619267813,1.1189893765814345,0.96,1.073,0.679,4.806,1.781,
680,100,5,19.8,35.4,33.8,2.11,1e-06,0.1,120,0.60,0.58,True,64.7,3,5,0.042585132171890916,0.20636165383106164,0.5728403994091371,4.289466207097328,-2.226,4.338,0.601,4.527,1.767,
667,100,5,56.6,57.9,73.9,2.4,1e-06,0.1,50,0.35,0.40,True,102.10000000000001,3,5,0.03879318074419932,0.19695984551222442,0.6432208085615725,1.6592282294869292,4.163,1.766,0.652,5.232,1.762,
683,100,5,57.8,28.0,57.6,1.48,1e-05,0.05,25,0.45,0.55,True,75.5,3,5,2.2856699012775525,1.5118432131929398,0.3132796445109061,4.272015732851651,5.815,4.331,1.404,6.093,2.06,
658,100,5,78.9,41.8,82.6,3.87,1e-06,0.05,120,0.45,0.55,True,121.0,3,5,0.007572139809688115,0.08701804301228633,2.405468388216153,9.029040233717609,-5.865,9.737,2.406,2.03,1.707,
661,100,5,86.5,11.1,81.8,3.79,1e-06,0.1,25,center,center,True,130.70000000000002,3,5,1.6530408163841206,1.28570634920425,1.235588219971758,4.9904878086616575,-1.861,5.653,1.59,11.425,1.786,
676,100,5,9.7,68.6,63.8,2.41,1e-06,0.1,120,center,center,True,95.4,3,5,0.051857039104293845,0.22772140677655636,1.862525208830167,2.9254753854587072,5.859,3.453,1.863,1.265,2.194,
672,100,5,52.6,59.9,72.6,3.26,1e-06,0.1,80,0.35,0.40,True,101.5,3,5,0.02514454090207586,0.1585703027116864,1.3705805359419565,1.4410122204824902,4.277,1.018,1.373,2.769,1.816,
673,100,5,57.9,30.7,58.9,2.96,1e-06,0.1,80,0.45,0.55,True,93.30000000000001,3,5,0.2906553507376495,0.539124615221425,0.40602091030434345,1.3746691859095275,1.577,1.386,0.581,6.106,1.965,
682,100,5,58.7,5.2,53.7,4.72,1e-05,0.05,25,0.35,0.40,True,90.7,3,5,3.4266520701962957,1.8511218409916446,0.6290367085379738,4.612513234657556,9.111,4.392,1.926,9.717,1.856,
670,100,5,53.8,60.5,73.9,3.48,1e-06,0.1,50,0.60,0.58,True,101.30000000000001,3,5,0.006146674056217416,0.07840072739597137,0.47188090310587955,1.212759068898449,4.689,1.211,0.475,2.429,1.594,
668,100,5,86.5,62.6,99.8,1.38,1e-06,0.1,50,0.45,0.55,True,126.9,3,5,0.08110946358731404,0.28479723240810123,1.598754770287446,6.348333803502474,-5.574,6.953,1.603,3.564,1.864,
688,100,5,35.7,34.7,42.7,4.37,1e-05,0.05,50,0.45,0.55,True,62.800000000000004,3,5,0.02304372953859883,0.15180161243741397,0.6197032066242892,1.8959198377525548,6.223,1.857,0.627,5.498,1.814,
711,100,5,3.3,13.6,8.8,4.74,1e-05,0.1,80,center,center,True,4.1000000000000005,3,3,0.7304442452744484,0.8546603098743082,1.5411057361984748,1.765174388357578,6.655,1.917,1.639,1.757,2.154,
674,100,5,49.5,56.4,67.9,3.4,1e-06,0.1,80,0.60,0.45,True,96.60000000000001,3,5,0.21906648121600722,0.4680453837140232,2.0368042702734437,2.803917892355189,4.737,1.336,2.084,2.297,1.878,
665,100,5,33.4,79.6,79.8,4.83,1e-06,0.1,25,0.60,0.58,True,123.60000000000001,3,5,0.1594249654660365,0.3992805598398656,1.0756730823923186,6.520908586306638,-1.855,6.686,1.132,13.178,1.765,
712,100,5,14.8,1.6,10.4,1.05,1e-05,0.1,80,0.35,0.40,True,1.4000000000000001,5,5,0.03513783746413111,0.18745089347381386,6.76742322162582,8.6502025420493,9.009,7.963,6.769,6.738,3.255,
695,100,5,17.5,44.7,41.7,1.96,1e-05,0.05,80,0.60,0.58,True,51.0,3,5,0.09744172888587752,0.3121565775149989,0.22737424916502424,0.5858450879990438,1.427,0.532,0.373,1.055,1.698,
685,100,5,81.5,75.2,103.8,1.62,1e-05,0.05,25,0.60,0.58,True,102.5,3,4,0.17744340431463157,0.42124031658262673,3.3630589281933916,4.437953241492091,4.207,2.591,3.373,4.964,2.227,
677,100,5,76.3,51.5,85.1,1.8,1e-06,0.1,120,0.35,0.40,True,127.2,3,5,0.009413027303434246,0.09702075707514472,1.4516660875397085,3.0447969291991197,4.889,3.086,1.454,1.218,1.686,
696,100,5,32.6,17.8,30.4,3.44,1e-05,0.05,120,center,center,True,49.6,3,4,0.3071884405201447,0.5542458304039325,3.106717384537683,4.724766631829155,8.652,5.211,3.109,4.182,2.56,
705,100,5,12.3,25.3,21.6,3.13,1e-05,0.1,25,0.60,0.58,True,35.800000000000004,3,4,0.9396059696581149,0.9693327445506599,2.562163692414333,8.21029669263928,-5.168,8.294,2.564,7.0,1.925,
679,100,5,71.5,8.7,66.7,3.83,1e-06,0.1,120,0.60,0.45,True,102.9,3,5,1.8697869907619202,1.367401547008749,1.1423255097927318,1.1423367706302257,3.738,0.096,1.717,4.362,2.052,
689,100,5,54.3,0.8,49.5,4.81,1e-05,0.05,50,0.60,0.45,True,88.80000000000001,3,4,0.01483665949984113,0.12180582703566004,1.2351409421872104,1.3631021602839388,4.812,0.003,1.238,7.836,1.655,
700,100,5,36.6,26.6,38.3,2.03,1e-05,0.05,120,0.60,0.58,True,48.2,3,4,0.01871422133771476,0.13679993178987612,0.2893062347715735,1.3951310189517991,3.4,1.368,0.29,1.293,1.994,
692,100,5,72.1,3.3,67.1,2.38,1e-05,0.05,80,0.35,0.40,True,89.2,3,5,0.015854500131336706,0.12591465415644323,0.9443000147816623,1.6099841869688893,3.957,1.578,0.951,3.33,1.718,
691,100,5,32.6,77.7,77.8,3.96,1e-05,0.05,80,center,center,True,79.80000000000001,3,5,0.1511445605941638,0.3887731479849963,1.1433081972884571,4.358711524011193,-0.83,4.791,1.179,1.362,1.891,
687,100,5,78.8,83.7,107.9,1.42,1e-05,0.05,50,0.35,0.40,True,101.5,3,5,0.1902188673185664,0.43614088012770186,2.9251606774442322,5.019564122496615,6.697,5.281,2.932,3.544,2.374,
694,100,5,27.3,85.8,83.8,4.69,1e-05,0.05,80,0.60,0.45,True,75.60000000000001,3,5,0.16901182717334984,0.41111048049563254,1.1435176247951648,3.9616645079129027,0.437,4.248,1.196,1.86,1.804,
690,100,5,49.4,62.6,72.7,3.36,1e-05,0.05,50,0.60,0.58,True,94.10000000000001,3,5,0.006946067352792344,0.0833430702145796,3.7596042296648466,9.684179699367364,-7.521,10.883,3.76,4.918,1.795,
716,100,5,18.7,14.5,16.7,3.27,1e-05,0.1,120,center,center,True,22.6,4,5,0.09816122902743543,0.313306924640097,0.2826640514224281,0.7152349211027477,3.724,0.452,0.369,1.607,2.136,
686,100,5,86.2,23.2,83.3,4.08,1e-05,0.05,50,center,center,True,110.80000000000001,3,4,0.017552468560342344,0.13248572964792224,0.7512587275641882,1.7103653116181379,6.032,1.952,0.754,2.619,1.623,
697,100,5,34.3,49.7,53.4,1.34,1e-05,0.05,120,0.35,0.40,True,66.4,3,5,0.18706511535972176,0.4325102488493443,0.4533573686789696,5.313980860811088,-4.148,5.486,0.506,1.607,1.78,
693,100,5,41.0,74.2,78.0,1.11,1e-05,0.05,80,0.45,0.55,True,85.4,3,5,0.023529201021746275,0.15339231082993135,0.6707071787087109,2.5874934032960644,3.79,2.678,0.674,0.726,1.702,
721,200,3,32.2,4.3,27.2,3.28,1e-07,0.05,25,center,center,True,43.1,3,3,4.6115536320075154,2.1474528241634356,4.343347898242219,5.576986911644452,4.6,1.317,4.742,4.823,3.087,
466,100,4,73.6,6.3,68.6,3.37,1e-05,0.1,50,center,center,False,900.0,0,4,41.88493059517261,6.471856812010956,156.80169847783102,157.07017286423104,-56.738,60.11,156.856,411.998,3.047,vittima non trovata entro 15 minuti
706,100,5,2.4,56.1,51.2,4.34,1e-05,0.1,50,center,center,True,78.4,3,3,0.011421242478636507,0.10687021324315071,0.4941224996821887,0.9494339725285951,5.026,0.688,0.496,2.213,1.787,
704,100,5,53.1,39.0,58.9,1.81,1e-05,0.1,25,0.60,0.45,True,76.3,3,5,5.728975001143907,2.3935277314340664,2.83767178902123,4.981628895685701,-4.206,6.014,3.375,7.198,2.174,
701,100,5,84.5,83.6,111.8,4.48,1e-05,0.1,25,center,center,True,90.80000000000001,3,4,0.7674904367782273,0.8760653153608053,3.1355891695508724,5.991365828493494,7.589,3.108,3.171,4.974,2.78,
703,100,5,63.1,51.5,74.3,2.25,1e-05,0.1,25,0.45,0.55,True,88.60000000000001,3,5,0.07091429473716153,0.2662973802671771,1.1200039820096888,2.703980628972484,5.117,2.87,1.14,16.957,1.684,
698,100,5,67.8,42.1,72.9,2.99,1e-05,0.05,120,0.45,0.55,True,98.5,3,5,0.007212259555718785,0.08492502314229172,2.6159600950237434,9.608932633745765,-7.381,10.375,2.617,2.626,1.66,
714,100,5,1.9,44.2,39.3,3.28,1e-05,0.1,80,0.60,0.45,True,66.3,3,3,0.9241087100688141,0.9613057318401956,0.8947450585433463,5.00390969261127,-2.399,5.675,1.019,4.146,2.037,
708,100,5,57.0,15.8,53.1,1.83,1e-05,0.1,50,0.45,0.55,True,81.2,3,4,0.14702537970384147,0.38343888653061975,1.4038432056734165,4.407105238570559,-2.885,4.717,1.417,2.45,1.981,
699,100,5,77.0,10.0,72.1,2.73,1e-05,0.05,120,0.60,0.45,True,117.5,3,5,0.03309824598733042,0.18192923345996492,2.334760475033479,3.122897947481561,6.157,3.423,2.336,6.067,1.907,
715,100,5,51.7,60.4,72.5,2.81,1e-05,0.1,80,0.60,0.58,True,79.60000000000001,3,5,0.029971699585049576,0.17312336521986157,2.695620129242191,7.675019560781323,-6.137,8.946,2.697,3.073,1.97,
717,100,5,47.0,84.1,89.6,2.43,1e-05,0.1,120,0.35,0.40,True,85.30000000000001,3,5,0.04632862638895687,0.2152408566907242,1.188329103797312,3.4951327880880196,-1.38,3.814,1.193,0.97,1.724,
719,100,5,52.6,20.8,50.2,1.23,1e-05,0.1,120,0.60,0.45,True,81.4,3,4,0.07879495806471261,0.28070439623331983,1.3970786368764585,5.706446090775389,-5.177,6.407,1.398,2.274,1.871,
707,100,5,50.5,71.1,80.2,4.74,1e-05,0.1,50,0.35,0.40,True,94.9,3,5,0.015805041226911294,0.12571810222442628,0.829036017936832,1.3757588192486658,6.016,1.275,0.832,1.876,2.024,
702,100,5,88.0,22.4,84.8,4.38,1e-05,0.1,25,0.35,0.40,True,125.9,3,4,0.011479765272501018,0.10714366650670966,1.1331078793948801,1.5684103192989753,5.696,1.316,1.137,2.582,1.691,
722,200,3,62.3,35.8,65.0,4.99,1e-07,0.05,25,0.35,0.40,True,123.80000000000001,3,3,0.14058687778423057,0.3749491669336399,3.5997077075637813,5.559818974820021,8.869,3.88,3.604,10.781,2.54,
713,100,5,54.4,83.0,92.3,4.79,1e-05,0.1,80,0.45,0.55,True,93.5,3,5,0.004213856260794874,0.06491422233066398,0.9079594832440038,1.55112410709941,6.277,1.483,0.909,1.768,1.671,
709,100,5,76.9,15.8,72.7,1.03,1e-05,0.1,50,0.60,0.45,True,115.4,3,5,0.0282653819505802,0.1681231154558474,1.7219970123813113,2.6773977309019847,4.094,3.069,1.723,7.159,1.822,
718,100,5,75.0,47.6,82.0,4.71,1e-05,0.1,120,0.45,0.55,True,110.9,3,5,0.023635950355580828,0.15373987887201168,0.9429377388493166,7.79653037899043,-3.36,8.074,0.949,0.171,1.774,
720,100,5,86.9,72.8,106.4,2.3,1e-05,0.1,120,0.60,0.58,True,111.80000000000001,3,4,0.02466057366834349,0.15703685449073249,0.6119607681546151,0.6680620780570647,2.59,0.291,0.631,4.422,1.628,
710,100,5,77.1,42.2,81.1,1.77,1e-05,0.1,50,0.60,0.58,True,112.60000000000001,3,5,0.05849246783576138,0.24185216111451513,0.8530707174671951,2.092736183985763,-0.475,2.246,0.868,3.648,1.728,
731,200,3,73.1,86.9,106.5,1.56,1e-07,0.05,80,center,center,True,139.8,3,2,0.011245368556192067,0.10604418209497429,0.5516673240416036,0.5936527514313432,1.937,0.378,0.556,12.57,1.776,
725,200,3,33.4,107.5,106.4,2.13,1e-07,0.05,25,0.60,0.58,True,133.3,3,3,0.011971665345579354,0.10941510565538633,8.793183975452303,11.707272155706221,9.593,7.461,8.793,12.431,2.563,
727,200,3,111.9,45.7,114.4,1.2,1e-07,0.05,50,0.35,0.40,True,164.60000000000002,3,1,0.19951366926495123,0.44666953026253226,0.7222332771739045,0.7536808835589626,1.599,0.398,0.755,14.598,2.138,
730,200,3,103.6,43.4,105.8,2.63,1e-07,0.05,50,0.60,0.58,True,171.10000000000002,3,1,1.8282337289382304,1.352121935676746,2.022589641218574,4.579327030462615,-2.62,5.248,2.144,11.602,1.713,
724,200,3,102.5,187.4,206.8,2.46,1e-07,0.05,25,0.60,0.45,True,166.0,3,3,0.34256085627572624,0.5852869862518099,4.206156817324515,6.54034178750287,7.774,5.318,4.207,6.519,2.018,
737,200,3,84.0,139.4,155.9,4.14,1e-07,0.05,120,0.35,0.40,True,138.3,3,3,3.491405328838348,1.8685302590106343,1.2596844303611663,2.6577664350461,1.196,2.949,1.662,8.67,1.849,
733,200,3,87.6,49.8,94.0,2.55,1e-07,0.05,80,0.45,0.55,True,157.20000000000002,3,3,0.02372176458259589,0.15401871504007522,1.2068982754164903,3.1911612557162394,-0.109,2.655,1.21,22.076,1.619,
736,200,3,107.1,63.2,117.5,3.24,1e-07,0.05,120,center,center,True,171.5,3,1,0.04976707964969086,0.22308536404186372,1.0408520633521094,1.0411768944048072,3.934,0.697,1.042,10.789,2.11,
732,200,3,149.9,98.4,172.4,3.64,1e-07,0.05,80,0.35,0.40,True,206.60000000000002,3,3,0.010230453584448542,0.10114570472565082,3.9881582528450306,5.483337547575214,8.454,4.819,3.989,17.183,2.481,
728,200,3,155.3,88.8,172.1,2.58,1e-07,0.05,50,0.45,0.55,True,223.60000000000002,3,3,19.724241786120185,4.441198237651657,3.5989123615025678,4.789238456696128,-1.482,4.064,3.708,22.445,2.401,
738,200,3,36.9,173.7,171.7,1.0,1e-07,0.05,120,0.45,0.55,True,155.20000000000002,3,3,0.09043530278844505,0.30072462950088585,1.4207976199742889,2.92537158150946,3.701,2.7,1.449,27.173,2.019,
747,200,3,46.3,59.4,68.3,4.05,1e-07,0.1,50,0.35,0.40,True,113.9,3,3,0.0588679563054683,0.24262719613734215,4.7484346326236055,11.5834963988642,-8.619,12.667,4.75,16.145,2.259,
740,200,3,92.8,184.6,199.9,2.29,1e-07,0.05,120,0.60,0.58,True,170.20000000000002,3,3,0.019249981729056013,0.1387443034111888,0.1687151876737966,0.24104357883241498,2.414,0.122,0.216,6.167,1.853,
739,200,3,129.6,159.9,198.8,1.31,1e-07,0.05,120,0.60,0.45,True,207.5,3,3,0.3028985684990063,0.5503622157261582,5.893320137344774,7.31582551695298,8.471,7.163,5.894,29.952,2.869,
752,200,3,104.5,17.1,100.2,1.59,1e-07,0.1,80,0.35,0.40,True,160.20000000000002,3,1,0.014259899344723338,0.11941482045677303,0.8553142481371029,1.1116536057914104,0.874,0.715,0.862,39.48,1.587,
754,200,3,55.0,161.1,163.9,2.53,1e-07,0.1,80,0.60,0.45,True,126.80000000000001,3,3,0.01182020540011681,0.10872076802578617,0.9796547106589363,3.6927962949771165,6.608,4.081,0.982,4.668,1.612,
748,200,3,84.3,134.1,151.5,3.62,1e-07,0.1,50,0.45,0.55,True,172.4,3,3,0.015644530322353693,0.12507809689291605,0.9314360840603638,1.4434099889462804,4.959,1.341,0.934,26.026,1.42,
757,200,3,129.0,113.5,164.7,3.52,1e-07,0.1,120,0.35,0.40,True,142.0,3,2,0.0016407188811626051,0.04050578824270187,1.0147716771473785,1.4549667833753233,4.549,1.028,1.015,35.618,1.615,
749,200,3,44.3,138.1,138.8,1.08,1e-07,0.1,50,0.60,0.45,True,162.0,3,3,0.32490491349188755,0.5700043100643079,4.688139803548675,7.909788795896515,-8.511,9.587,4.689,22.354,2.581,
750,200,3,155.3,102.7,179.3,2.94,1e-07,0.1,50,0.60,0.58,True,196.4,3,3,0.005943756192584866,0.07709575988720045,0.6513339508035015,1.5331667734914662,4.467,1.527,0.655,46.816,1.435,
758,200,3,105.4,86.3,129.2,4.11,1e-07,0.1,120,0.45,0.55,True,160.70000000000002,3,2,0.009209235956646536,0.09596476414104572,0.9261406444757411,0.9713580868602392,4.591,0.477,0.929,29.91,2.383,
760,200,3,141.4,148.2,197.7,1.59,1e-07,0.1,120,0.60,0.58,True,154.8,3,3,6.838676387447405,2.6150863059270923,3.451221027309206,4.076678953025843,2.346,0.753,3.89,30.56,2.804,
753,200,3,130.1,39.8,129.8,2.8,1e-07,0.1,80,0.45,0.55,True,232.20000000000002,3,3,0.14775440865104836,0.3843883565497898,0.36607432540038076,2.349053756487727,4.992,2.195,0.513,23.498,1.808,
769,200,3,52.4,11.9,47.9,4.49,1e-06,0.05,50,0.60,0.45,True,74.0,3,3,1.181935349958721,1.0871685011803465,4.484267396235896,7.646012312561931,10.985,6.498,4.52,5.87,2.909,
772,200,3,42.1,11.4,37.7,4.34,1e-06,0.05,80,0.35,0.40,True,75.60000000000001,3,3,0.7476832149258106,0.8646867727251357,3.592816579772618,6.204712168383809,9.604,5.267,3.611,11.258,2.74,
767,200,3,48.2,19.3,45.5,3.12,1e-06,0.05,50,0.35,0.40,True,101.10000000000001,3,3,0.0913118107499361,0.30217844190136417,3.6651524088308367,5.53806000772878,7.803,4.684,3.67,8.346,2.955,
768,200,3,113.5,156.3,186.2,4.58,1e-06,0.05,50,0.45,0.55,True,143.1,3,3,0.008546696083378368,0.09244834278329908,1.360446993014582,1.985292882742796,3.033,1.552,1.363,18.915,1.631,
756,200,3,140.4,136.2,188.5,3.84,1e-07,0.1,120,center,center,True,261.3,3,3,0.16957857891627892,0.41179919732350007,2.891436365108908,3.505812245181027,7.813,3.974,2.898,79.563,2.547,
774,200,3,43.3,46.2,56.2,2.55,1e-06,0.05,80,0.60,0.45,True,111.10000000000001,3,3,0.028082317890137414,0.1675777965308573,3.7649299616539507,8.690651079528596,-7.852,10.401,3.765,9.609,1.881,
763,200,3,160.6,53.3,162.9,2.38,1e-06,0.05,25,0.45,0.55,True,234.9,3,3,0.007036157028698305,0.08388180391895673,1.6649671916371083,3.496303263327308,5.964,3.585,1.667,43.839,1.394,
780,200,3,109.7,189.3,212.0,1.87,1e-06,0.05,120,0.60,0.58,True,162.10000000000002,3,3,2.9231603676911764,1.709725231635533,4.544521829368935,4.579651291179255,4.853,2.98,4.825,4.518,3.236,
778,200,3,90.0,158.5,175.4,4.96,1e-06,0.05,120,0.45,0.55,True,154.9,3,3,0.008809155366125405,0.09385710077626203,0.7107115186462196,0.7458551278833611,4.627,0.334,0.715,25.255,1.763,
770,200,3,159.8,75.4,170.0,4.54,1e-06,0.05,50,0.60,0.58,True,253.3,3,3,0.0009545890392630302,0.030896424376665826,1.4021962632044542,1.8684921584316079,6.434,1.897,1.402,37.314,1.792,
764,200,3,148.0,41.3,147.5,3.08,1e-06,0.05,25,0.60,0.45,True,316.20000000000005,3,3,0.004707641606126344,0.06861225550968532,1.132406137684743,1.2980684449544921,4.245,1.165,1.134,77.825,1.815,
776,200,3,68.7,55.1,81.0,2.38,1e-06,0.05,120,center,center,True,164.9,3,2,0.3191202013457559,0.5649072502152508,4.408173003816022,5.624550832525883,8.78,6.398,4.415,17.798,2.759,
755,200,3,166.7,51.6,168.3,3.71,1e-07,0.1,80,0.60,0.58,True,397.3,3,3,0.006967010161755838,0.08346861782583823,3.299257325301539,3.6559578858924957,6.487,2.776,3.3,130.57,1.742,
761,200,3,171.1,180.1,241.3,4.39,1e-06,0.05,25,center,center,False,340.6,3,3,151.00611054125864,12.288454359326833,14.262276638487428,24.508929075808755,22.05,17.66,17.555,44.053,4.705,vittima non trovata entro 15 minuti
777,200,3,133.6,59.0,139.5,3.4,1e-06,0.05,120,0.35,0.40,True,227.5,3,2,0.008157147950778047,0.09031693058767025,0.49173769667812234,1.6989396203351683,5.102,1.703,0.496,29.289,1.644,
782,200,3,91.9,138.1,159.0,3.74,1e-06,0.1,25,0.35,0.40,True,141.20000000000002,3,3,0.26468582029936094,0.5144762582465404,3.6470277089033374,5.000575837561909,6.207,2.471,3.649,27.336,2.772,
765,200,3,131.5,59.9,137.9,4.77,1e-06,0.05,25,0.60,0.58,True,355.6,3,3,0.02250302134902429,0.15001007082534257,1.2763236671557852,1.724809937642922,6.326,1.56,1.278,87.123,1.788,
792,200,3,37.9,51.0,56.6,3.87,1e-06,0.1,80,0.35,0.40,True,99.9,3,3,2.4154724859397922,1.5541790392164578,4.581754773561052,12.009313246987366,-9.115,12.987,4.597,3.548,2.703,
789,200,3,109.0,144.7,174.1,4.09,1e-06,0.1,50,0.60,0.45,True,189.9,3,3,0.03163040365722939,0.17784938475358691,2.6375767901745606,2.7750486189208274,6.792,2.701,2.638,25.469,2.449,
793,200,3,118.3,46.3,120.6,3.02,1e-06,0.1,80,0.45,0.55,True,158.4,3,3,0.01443042499975034,0.12012670394109022,0.671980741708882,1.4287652162560271,4.289,1.273,0.681,14.698,1.58,
775,200,3,189.1,98.9,206.6,1.38,1e-06,0.05,80,0.60,0.58,True,433.8,3,3,0.004314357621751634,0.06568376985033392,1.5889827024682817,7.625250399287236,8.653,7.27,1.589,39.895,1.796,
794,200,3,52.5,183.4,184.6,2.17,1e-06,0.1,80,0.60,0.45,True,148.8,3,3,0.20193483652788258,0.449371601826242,0.2830864895185497,2.1476047136100522,0.072,2.094,0.528,14.012,1.922,
786,200,3,157.3,169.0,223.8,2.76,1e-06,0.1,50,center,center,True,313.0,3,3,1.2772315179553657,1.1301466798408806,0.6861609873630166,3.681405624688256,-1.319,4.078,1.298,92.036,1.809,
795,200,3,47.6,157.9,158.7,2.82,1e-06,0.1,80,0.60,0.58,True,152.1,3,3,0.03593530634357971,0.18956610019615772,3.9398085819440385,4.252571670677948,5.502,2.681,3.941,8.492,2.407,
723,200,3,163.9,12.4,159.1,1.06,1e-07,0.05,25,0.45,0.55,False,900.0,1,3,6.845384802325237,2.616368628906339,15.712832139151407,17.18060211943018,6.4,5.336,15.812,296.983,3.475,vittima non trovata entro 15 minuti
726,200,3,181.6,141.7,223.3,3.3,1e-07,0.05,50,center,center,False,900.0,2,2,5.2570624276714994,2.292828477595195,2.2807033162656536,4.629495340274299,-0.947,4.247,3.117,246.117,3.473,vittima non trovata entro 15 minuti
735,200,3,170.8,174.5,237.1,4.46,1e-07,0.05,80,0.60,0.58,False,900.0,2,2,1.4616980044536063,1.2090070324252074,9.057788107686322,9.856372138308899,14.544,10.08,9.063,197.048,4.682,vittima non trovata entro 15 minuti
744,200,3,124.8,118.8,165.2,3.88,1e-07,0.1,25,0.60,0.45,False,900.0,1,3,34.728478781332775,5.893087372619956,24.571439105517975,25.114277550278484,14.378,10.494,24.89,423.576,3.375,vittima non trovata entro 15 minuti
797,200,3,182.0,166.7,239.8,4.84,1e-06,0.1,120,0.35,0.40,True,149.1,3,3,0.09194770218778353,0.3032287951164657,2.9109185984266297,3.0255425240021987,6.676,1.841,2.912,47.218,2.308,
788,200,3,141.2,115.5,175.4,3.53,1e-06,0.1,50,0.45,0.55,True,411.20000000000005,3,3,0.01583400818370141,0.12583325547605215,1.7484846008576007,2.970391651469024,6.644,3.117,1.749,112.193,1.585,
796,200,3,169.5,16.0,164.9,2.02,1e-06,0.1,120,center,center,True,253.60000000000002,3,3,0.0011209989066077626,0.03348132175717922,0.69877097268238,1.1723536832509622,2.891,0.869,0.699,80.682,1.844,
746,200,3,120.6,147.1,183.2,1.74,1e-07,0.1,50,center,center,False,900.0,1,3,45.709637490969,6.760890288339916,20.107631681730243,21.094046252737822,5.702,3.962,20.811,944.522,3.451,vittima non trovata entro 15 minuti
742,200,3,109.2,40.9,110.2,4.91,1e-07,0.1,25,0.35,0.40,False,900.0,1,1,7.8850941365672,2.8080409784344673,41.23115222300433,41.726737457840926,21.155,16.249,41.317,429.085,3.268,vittima non trovata entro 15 minuti
729,200,3,22.9,80.5,77.6,2.26,1e-07,0.05,50,0.60,0.45,False,900.0,2,3,245.70062427483268,15.674840486423863,7.711441905997993,18.43740042289761,-10.042,12.305,13.254,250.238,5.211,vittima non trovata entro 15 minuti
734,200,3,187.0,154.6,235.6,2.07,1e-07,0.05,80,0.60,0.45,False,900.0,2,2,0.07671563109413274,0.2769758673497255,0.5984688165245811,18.315541892328906,20.212,18.139,0.6,68.171,3.633,vittima non trovata entro 15 minuti
800,200,3,163.4,165.3,225.4,1.13,1e-06,0.1,120,0.60,0.58,True,147.70000000000002,3,3,0.06312777797502338,0.2512524188441245,3.620287263397198,5.66581191307407,7.001,5.87,3.621,32.072,2.505,
743,200,3,72.5,151.1,160.9,2.14,1e-07,0.1,25,0.45,0.55,False,900.0,2,3,4.867848433030617,2.2063201111875443,1.0691089470977186,10.795016301963045,12.659,10.516,1.777,362.396,2.923,vittima non trovata entro 15 minuti
741,200,3,10.2,129.2,124.3,4.28,1e-07,0.1,25,center,center,False,900.0,2,2,2.8158323388948943,1.6780442005188345,9.239874688381436,20.35009778050927,16.893,12.617,9.274,494.654,4.687,vittima non trovata entro 15 minuti
751,200,3,17.9,97.6,93.5,2.09,1e-07,0.1,80,center,center,False,900.0,2,3,10.39324579876486,3.2238557347941086,5.021266803955981,19.409435495275332,18.388,16.299,5.392,312.509,3.636,vittima non trovata entro 15 minuti
798,200,3,129.9,48.7,132.4,3.43,1e-06,0.1,120,0.45,0.55,True,270.90000000000003,3,3,0.006677115743354221,0.08171362030502761,1.2491848311655753,2.1783613775955613,5.495,2.069,1.251,30.689,1.64,
813,200,3,1.7,37.7,32.8,1.86,1e-05,0.05,80,0.45,0.55,True,78.0,3,1,0.02045309314272786,0.14301431097176204,0.8581380717640522,1.1873918145190925,1.228,0.632,0.86,5.585,1.904,
745,200,3,146.3,48.9,148.0,1.16,1e-07,0.1,25,0.60,0.58,False,900.0,2,3,22.64630063016173,4.75881294338848,7.042724369276362,9.142392299206817,-4.83,5.993,7.861,326.757,5.163,vittima non trovata entro 15 minuti
810,200,3,51.4,133.0,136.2,3.73,1e-05,0.05,50,0.60,0.58,True,106.80000000000001,3,3,0.008026662575314298,0.08959164344577177,0.41137996662509524,0.5585849379136844,4.115,0.387,0.413,3.496,1.688,
759,200,3,111.7,110.1,149.7,1.54,1e-07,0.1,120,0.60,0.45,False,900.0,2,2,6.767840526819144,2.601507356672117,19.22049362688118,19.310405851977606,3.827,2.288,19.323,339.171,4.061,vittima non trovata entro 15 minuti
771,200,3,186.6,69.8,192.8,3.69,1e-06,0.05,80,center,center,False,900.0,2,2,8.743435428686285,2.9569300682779573,2.8148265855593464,4.671404028094594,7.657,3.963,3.769,83.666,4.617,vittima non trovata entro 15 minuti
809,200,3,134.1,58.6,139.8,1.11,1e-05,0.05,50,0.60,0.45,True,214.5,3,3,9.847455561682818,3.1380655763834535,0.4983406778927009,4.724113747518433,5.52,4.414,2.821,30.269,1.879,
812,200,3,66.7,81.7,98.4,1.42,1e-05,0.05,80,0.35,0.40,True,155.10000000000002,3,2,0.006984848539474144,0.08357540630756242,0.9962719474009677,2.7486764443867866,-1.447,2.863,0.999,20.855,1.817,
815,200,3,94.3,187.5,203.2,4.51,1e-05,0.05,80,0.60,0.58,True,144.70000000000002,3,3,0.0009255622551599087,0.03042305466516978,0.5331744791656297,0.5711819635981127,5.095,0.586,0.534,11.348,1.467,
816,200,3,104.8,84.4,127.5,4.73,1e-05,0.05,120,center,center,True,150.1,3,1,0.007584395551407077,0.08708843523342853,0.8907473481875829,0.897396489339052,5.206,0.479,0.892,13.721,1.719,
766,200,3,16.5,61.1,57.3,1.1,1e-06,0.05,50,center,center,False,900.0,2,2,0.11806661819050028,0.34360823358950565,2.83876791291883,7.620570803526969,6.392,5.288,2.839,74.314,4.456,vittima non trovata entro 15 minuti
819,200,3,89.8,179.3,193.9,3.35,1e-05,0.05,120,0.60,0.45,True,136.1,3,3,0.005741287215544405,0.07577128226145051,1.5243893846682512,2.961468223566417,5.554,2.205,1.525,8.257,2.132,
762,200,3,147.1,10.9,142.3,4.61,1e-06,0.05,25,0.35,0.40,False,900.0,0,3,1.6352190248135794,1.278756827865869,50.72371110077753,50.91025998287832,20.847,16.24,50.735,258.456,2.686,vittima non trovata entro 15 minuti
820,200,3,82.9,92.9,117.5,2.58,1e-05,0.05,120,0.60,0.58,True,129.0,3,2,0.0032422911217307006,0.05694111977938878,0.11610655560514302,1.6275239430452302,4.165,1.586,0.129,5.219,1.638,
818,200,3,110.7,10.3,105.8,1.39,1e-05,0.05,120,0.45,0.55,True,167.5,3,1,151.52082489482694,12.309379549547854,9.70599931725094,20.273595757190787,19.435,18.045,10.388,23.749,2.289,
773,200,3,14.8,80.8,76.4,4.25,1e-06,0.05,80,0.45,0.55,False,900.0,2,2,25.138464987739262,5.013827379132558,45.482557054130915,45.75616351963801,12.959,8.712,45.542,316.43,3.505,vittima non trovata entro 15 minuti
779,200,3,20.3,174.1,169.8,3.67,1e-06,0.05,120,0.60,0.45,False,900.0,2,2,0.4973507810079242,0.7052310125114495,5.304508146767283,5.406960702993042,0.145,3.522,5.307,47.033,3.196,vittima non trovata entro 15 minuti
821,200,3,112.5,65.9,123.6,2.81,1e-05,0.1,25,center,center,True,169.9,3,1,0.020364721554712042,0.14270501587089376,0.7929528132383394,1.507860055333059,3.526,0.716,0.802,20.408,1.848,
823,200,3,85.6,186.1,198.2,3.65,1e-05,0.1,25,0.45,0.55,True,175.60000000000002,3,3,0.1783903882226394,0.42236286321436856,1.6143590550688558,4.6653018657841665,-0.791,4.441,1.64,6.539,2.152,
827,200,3,48.0,149.1,150.4,2.47,1e-05,0.1,50,0.35,0.40,True,116.60000000000001,3,3,0.31455881797022806,0.5608554341095645,0.15695610138466412,0.3214815264127871,2.095,0.377,0.493,17.482,1.744,
829,200,3,66.7,107.8,119.9,3.82,1e-05,0.1,50,0.60,0.45,True,127.5,3,2,0.008458410377358623,0.09196961659895415,0.22170318768178007,1.011965163476693,4.913,1.092,0.226,11.72,1.766,
781,200,3,80.5,115.5,133.8,2.81,1e-06,0.1,25,center,center,False,900.0,2,2,1032.8234887616875,32.13757129531862,18.88344847452288,27.160224529759347,29.202,26.392,36.628,452.894,3.325,vittima non trovata entro 15 minuti
828,200,3,109.9,26.4,107.1,3.88,1e-05,0.1,50,0.45,0.55,True,164.20000000000002,3,2,0.029283733309677415,0.17112490557974727,1.0721296846268995,1.157332202583108,3.136,0.747,1.073,32.222,1.902,
783,200,3,103.6,182.1,202.7,3.74,1e-06,0.1,25,0.45,0.55,False,900.0,2,3,1156.521019333328,34.00766118587587,26.849226462566193,26.859079157217767,0.477,3.261,43.312,352.211,3.472,vittima non trovata entro 15 minuti
784,200,3,161.1,57.8,164.8,1.23,1e-06,0.1,25,0.60,0.45,False,900.0,0,3,44.28010513894936,6.654329803890799,78.54825306010213,78.55216823157338,35.39,34.16,78.702,480.62,3.182,vittima non trovata entro 15 minuti
790,200,3,161.2,24.1,157.3,4.68,1e-06,0.1,50,0.60,0.58,True,854.7,3,3,0.009893611808747302,0.09946663666148213,7.40259576709799,15.73133156597523,-11.96,16.639,7.403,43.525,2.371,
837,200,3,124.0,95.4,149.5,3.75,1e-05,0.1,120,0.35,0.40,True,139.8,3,1,0.006787482759166992,0.08238618063223342,1.5035496473052625,2.4947998414470853,6.047,2.296,1.504,37.634,1.721,
787,200,3,31.8,141.7,139.3,2.2,1e-06,0.1,50,0.35,0.40,False,900.0,2,2,60.87267608604821,7.8020943397300835,55.68469261294533,55.684740852513656,-8.498,10.7,56.183,273.106,3.318,vittima non trovata entro 15 minuti
785,200,3,185.1,66.7,190.3,4.7,1e-06,0.1,25,0.60,0.58,False,900.0,0,3,223.8372083294448,14.961190070627563,22.754694934197133,23.412438355617027,9.564,4.86,22.839,351.7,3.451,vittima non trovata entro 15 minuti
834,200,3,104.1,169.5,192.0,3.32,1e-05,0.1,80,0.60,0.45,True,185.3,3,3,0.006646450546472232,0.08152576615078347,1.2045392923155538,2.017446499804201,5.416,2.092,1.205,29.401,1.559,
663,100,5,24.6,89.8,87.0,3.64,1e-06,0.1,25,0.45,0.55,False,900.0,0,5,115.97924967347616,10.76936626146015,33.35616322303115,38.141930439764515,19.587,15.949,33.746,182.281,3.022,vittima non trovata entro 15 minuti
836,200,3,169.2,40.9,168.0,4.56,1e-05,0.1,120,center,center,True,204.3,3,2,0.007282318547672548,0.0853365018481104,0.4579808523822193,0.9275621908254308,5.616,1.06,0.459,62.876,1.283,
835,200,3,147.3,54.3,150.6,3.61,1e-05,0.1,80,0.60,0.58,True,215.0,3,2,0.07438250144222833,0.27273155564075885,0.5381716385930929,0.7297647481483305,4.169,0.557,0.592,46.401,1.755,
838,200,3,168.2,34.9,165.9,2.89,1e-05,0.1,120,0.45,0.55,True,204.10000000000002,3,3,0.3809181895270262,0.6171857010066145,5.8036389916327105,8.339808133974238,8.895,6.002,5.805,36.938,2.746,
791,200,3,15.5,121.3,116.8,2.84,1e-06,0.1,80,center,center,False,900.0,2,2,16.48022146401057,4.059583902816959,78.9293945402391,80.6712615671957,-13.303,16.14,78.998,395.055,3.637,vittima non trovata entro 15 minuti
847,200,3,48.8,109.9,113.6,4.76,1e-07,0.05,50,0.35,0.40,True,140.3,3,3,8.016306984217731,2.831308352019916,2.6915697502299247,3.952338188151255,1.389,3.369,3.548,11.136,2.321,
841,200,3,145.7,95.6,167.4,2.73,1e-07,0.05,25,center,center,True,212.5,3,3,5.672297091621821,2.3816584750173186,2.8209315444954934,5.418384233235064,-3.762,6.49,3.333,2.052,1.714,
844,200,3,118.8,156.3,189.3,1.06,1e-07,0.05,25,0.60,0.45,True,175.4,3,3,0.0032450947265212733,0.0569657329148083,0.9154839965261283,1.4719294811485846,2.829,1.773,0.916,8.42,1.612,
849,200,3,83.6,63.2,97.8,1.56,1e-07,0.05,50,0.60,0.45,True,146.70000000000002,3,2,0.06798284893114959,0.26073520846090115,1.3777552671291509,2.189281074144367,2.869,1.313,1.379,6.716,2.951,
850,200,3,138.2,109.8,169.4,4.09,1e-07,0.05,50,0.60,0.58,True,275.2,3,3,0.015673014316004347,0.1251919099463074,1.6124851155647877,2.3640670701966533,6.266,2.178,1.614,49.193,1.952,
851,200,3,111.7,141.9,173.6,4.41,1e-07,0.05,80,center,center,True,163.5,3,3,0.006582140985165764,0.08113039495260554,2.666702260112921,2.8113548884815724,7.094,2.681,2.667,15.587,2.171,
808,200,3,11.7,117.4,112.6,1.12,1e-05,0.05,50,0.45,0.55,False,900.0,2,2,4.43221772418524,2.10528328834512,27.52377833754463,28.86260760569548,9.158,8.043,27.603,118.623,2.854,vittima non trovata entro 15 minuti
853,200,3,65.5,115.3,125.9,1.48,1e-07,0.05,80,0.45,0.55,True,127.4,3,3,0.012998900775602874,0.11401272199014842,0.2607921917754044,0.8850562362129245,2.39,0.913,0.283,5.807,1.819,
848,200,3,187.4,148.7,232.2,1.73,1e-07,0.05,50,0.45,0.55,True,315.8,3,2,0.41469097693677004,0.6439650432568294,2.0055206581242,7.977048745184138,10.375,8.645,2.015,36.277,1.77,
805,200,3,106.9,114.0,149.2,2.67,1e-05,0.05,25,0.60,0.58,False,900.0,2,2,378.163226150674,19.4464193658029,16.58839028700845,21.462391782258305,17.01,14.336,24.476,95.565,3.974,vittima non trovata entro 15 minuti
799,200,3,21.0,130.8,126.8,1.13,1e-06,0.1,120,0.60,0.45,False,900.0,2,3,23.716490202256246,4.869957926127929,16.410322665696714,16.649404545904552,0.774,0.359,16.796,407.835,4.4,vittima non trovata entro 15 minuti
842,200,3,143.0,66.7,151.2,4.81,1e-07,0.05,25,0.35,0.40,True,321.40000000000003,3,3,0.007745263798136799,0.08800718037828958,1.2805518107756177,1.500797117676157,5.976,1.163,1.282,63.051,1.724,
852,200,3,153.3,164.9,218.1,3.44,1e-07,0.05,80,0.35,0.40,True,177.10000000000002,3,3,0.08766240915215409,0.2960783834597759,5.054157677515623,5.7394436401906335,8.127,4.685,5.055,8.939,2.545,
802,200,3,158.5,88.8,174.8,4.28,1e-05,0.05,25,0.35,0.40,False,900.0,0,3,42.64078227842951,6.529990986090985,207.95751223616193,208.96120932027014,39.672,35.393,208.056,555.15,2.782,vittima non trovata entro 15 minuti
801,200,3,12.3,169.9,165.1,3.22,1e-05,0.05,25,center,center,False,900.0,2,2,2.3768345638824036,1.5416985969645312,40.80260277245233,43.54469416646535,39.809,36.585,40.803,136.572,4.67,vittima non trovata entro 15 minuti
803,200,3,9.0,69.8,64.9,1.83,1e-05,0.05,25,0.45,0.55,False,900.0,1,1,nan,nan,34.63118396900342,35.98756010348871,10.301,8.47,34.631,320.337,3.316,vittima non trovata entro 15 minuti
854,200,3,140.8,141.1,192.2,1.02,1e-07,0.05,80,0.60,0.45,True,194.20000000000002,3,3,0.0019481244179227186,0.0441375624374831,2.309465660246003,3.7741001177112534,5.085,4.065,2.31,12.234,1.615,
804,200,3,162.8,64.0,168.5,2.34,1e-05,0.05,25,0.60,0.45,False,900.0,2,3,3833.4548560449643,61.914900113340764,81.05977898068302,81.39895854209804,37.534,35.189,98.936,309.854,3.805,vittima non trovata entro 15 minuti
807,200,3,32.4,93.8,92.9,4.18,1e-05,0.05,50,0.35,0.40,False,878.7,3,3,990.2520229151535,31.468270097276612,48.89175315632737,49.46076080426416,43.573,39.389,49.567,175.191,3.015,vittima non trovata entro 15 minuti
817,200,3,7.0,148.1,143.1,3.08,1e-05,0.05,120,0.35,0.40,False,900.0,2,3,0.03535682616788157,0.18803410905439888,1.2120843397925443,1.4086748743039974,3.038,0.043,1.22,74.081,1.752,vittima non trovata entro 15 minuti
811,200,3,186.8,117.0,213.6,1.7,1e-05,0.05,80,center,center,False,900.0,2,2,4.24164595109731,2.05952566167487,75.88982946424939,84.71590727262594,-11.6,13.3,75.912,200.374,3.297,vittima non trovata entro 15 minuti
862,200,3,27.3,44.9,45.7,1.1,1e-07,0.1,25,0.35,0.40,True,90.80000000000001,3,3,2.420808185708981,1.5558946576516615,3.5338015308458326,7.457803012029965,-7.17,8.272,3.542,12.751,2.325,
868,200,3,19.5,20.2,21.0,4.79,1e-07,0.1,50,0.45,0.55,True,48.6,3,3,0.015489594088851649,0.12445719781857395,1.784212686230774,2.364946309658556,6.789,2.004,1.785,3.02,1.55,
859,200,3,32.9,108.3,107.0,1.24,1e-07,0.05,120,0.60,0.45,True,115.9,3,3,0.9280389832554983,0.9633477997356398,3.995707681314128,7.532735600580144,-7.332,8.571,3.996,1.589,3.041,
806,200,3,44.0,67.7,73.8,1.57,1e-05,0.05,50,center,center,False,900.0,2,2,6.145003543332965,2.4789117659434683,112.37719810678065,112.41633477109264,-17.427,18.994,112.378,303.966,3.029,vittima non trovata entro 15 minuti
814,200,3,179.7,7.7,174.7,4.97,1e-05,0.05,80,0.60,0.45,False,900.0,0,2,33.83510793008078,5.816795331630707,125.06775015172715,125.95989422207501,46.759,41.791,125.193,360.921,2.891,vittima non trovata entro 15 minuti
860,200,3,49.5,45.5,60.2,2.15,1e-07,0.05,120,0.60,0.58,True,112.9,3,3,0.033225624336867245,0.1822789739297082,3.420982624704756,8.918738731043387,-7.174,9.327,3.422,6.487,2.181,
856,200,3,58.4,149.2,153.8,3.4,1e-07,0.05,120,center,center,True,154.60000000000002,3,3,0.6782626306162747,0.8235670164693791,2.153755959965418,5.152121464993395,-2.683,6.08,2.159,5.821,2.415,
858,200,3,181.6,3.4,176.6,3.14,1e-07,0.05,120,0.45,0.55,True,218.10000000000002,3,3,0.19957250490181688,0.4467353857730736,4.421576596015592,5.90632404112781,6.808,3.672,4.422,43.008,2.59,
871,200,3,32.7,7.4,27.8,3.36,1e-07,0.1,80,center,center,True,58.2,3,3,0.156335109792196,0.395392349182677,5.691443463618862,6.798628483615706,8.985,5.623,5.695,7.008,2.703,
869,200,3,76.2,158.1,168.8,4.81,1e-07,0.1,50,0.60,0.45,True,145.5,3,3,0.001846576331515994,0.04297180856696625,0.6644290170198439,0.6969983502886968,4.988,0.182,0.665,16.7,1.647,
857,200,3,174.3,158.0,228.2,2.82,1e-07,0.05,120,0.35,0.40,True,296.5,3,2,0.07898730442226727,0.28104680112441643,1.7111124830126136,4.96597822466339,7.074,4.259,1.726,26.96,2.619,
839,200,3,8.2,65.9,60.9,2.09,1e-05,0.1,120,0.60,0.45,True,725.0,3,3,0.3179326920910541,0.5638552048984332,0.41629175502198973,3.4588969734454347,-1.649,3.739,0.671,111.575,3.041,
870,200,3,115.0,156.5,187.2,4.29,1e-07,0.1,50,0.60,0.58,True,170.10000000000002,3,3,0.3415125462353636,0.5843907479036297,8.183848786281331,13.966540481643383,-12.314,16.602,8.192,8.191,2.781,
875,200,3,122.1,84.4,141.5,2.64,1e-07,0.1,80,0.60,0.58,True,148.1,3,1,0.015769259511757686,0.12557571226856604,0.761785048399446,0.7642125189140837,2.959,0.323,0.77,26.083,2.058,
878,200,3,150.6,184.3,231.0,4.8,1e-07,0.1,120,0.45,0.55,True,151.70000000000002,3,3,1.4096522030579695,1.1872877507403037,7.419454437897227,8.644127539504291,10.606,5.808,7.469,33.509,3.337,
855,200,3,181.5,127.5,214.9,3.06,1e-07,0.05,80,0.60,0.58,True,313.70000000000005,3,2,0.005679653986504645,0.07536347912951369,1.1173928441184662,1.3030501961089558,3.912,0.851,1.12,14.478,1.65,
822,200,3,186.4,148.0,231.0,2.37,1e-05,0.1,25,0.35,0.40,False,900.0,1,2,367.1013842620749,19.159889985646444,43.42778301353334,44.67216994202049,13.348,10.973,47.136,435.717,2.814,vittima non trovata entro 15 minuti
886,200,3,17.8,8.7,13.3,4.96,1e-06,0.05,50,center,center,True,30.5,3,3,0.3198660735631426,0.5655670371964252,5.804862714376283,13.101028540476296,-10.349,15.308,5.829,6.129,3.208,
872,200,3,110.3,49.8,114.4,2.73,1e-07,0.1,80,0.35,0.40,True,223.4,3,3,0.012147654157100927,0.11021639695209115,0.6461940027209926,0.8967421986536777,2.295,0.439,0.653,59.787,1.835,
824,200,3,128.1,8.3,123.1,2.33,1e-05,0.1,25,0.60,0.45,False,900.0,0,3,766.0710207255622,27.677988018018258,62.60442799428488,62.65437164078626,34.953,32.625,64.547,679.759,3.154,vittima non trovata entro 15 minuti
830,200,3,100.0,39.2,101.0,1.55,1e-05,0.1,50,0.60,0.58,False,900.0,2,1,6679.857858999504,81.73039739900635,174.38984527835476,174.39575812407466,45.134,43.586,183.949,480.566,3.003,vittima non trovata entro 15 minuti
825,200,3,187.5,67.5,192.9,2.03,1e-05,0.1,25,0.60,0.58,False,900.0,0,3,4053.0460948734017,63.663538190029946,53.99017446096663,56.64270588048372,18.749,16.716,75.053,361.116,3.082,vittima non trovata entro 15 minuti
826,200,3,27.5,106.3,103.7,4.58,1e-05,0.1,50,center,center,False,900.0,2,2,4.366018959350026,2.0895020840741045,102.57103821790375,103.92003608487882,48.393,43.816,102.575,213.648,2.549,vittima non trovata entro 15 minuti
882,200,3,102.2,110.1,143.2,2.38,1e-06,0.05,25,0.35,0.40,True,148.20000000000002,3,2,0.021474598588559088,0.14654213929296614,2.5169406853748124,3.5116610095809597,5.751,3.368,2.519,19.858,2.523,
881,200,3,80.9,77.1,104.6,3.31,1e-06,0.05,25,center,center,True,162.4,3,3,1.7588552399378243,1.3262183982805489,2.0938158118403,6.4565337231611934,-4.019,7.33,2.191,13.969,2.721,
831,200,3,92.2,44.5,95.8,2.53,1e-05,0.1,80,center,center,False,900.0,2,1,4.422238104374473,2.10291181564384,78.691491031362,79.0153109843421,-15.944,18.471,78.697,223.734,3.284,vittima non trovata entro 15 minuti
865,200,3,157.0,183.9,234.7,4.22,1e-07,0.1,25,0.60,0.58,True,345.0,3,3,1.246688177929153,1.116551914569651,2.791155319486702,5.166789690927801,9.492,5.274,2.833,82.428,4.945,
832,200,3,56.1,31.4,57.5,3.46,1e-05,0.1,80,0.35,0.40,False,900.0,2,2,69.88724845130027,8.359859355952125,181.66585393560825,181.69148271081346,-8.997,12.452,181.71,526.869,3.202,vittima non trovata entro 15 minuti
880,200,3,150.4,21.2,146.3,4.26,1e-07,0.1,120,0.60,0.58,True,283.5,3,3,0.022767231058083672,0.15088814087953922,1.867414942428032,2.6377295412357546,6.807,2.549,1.869,85.822,1.688,
833,200,3,29.9,60.7,61.0,3.26,1e-05,0.1,80,0.45,0.55,False,900.0,2,3,1461.0625235352095,38.22384757628684,56.169521732075516,56.91922526644403,20.718,17.457,56.209,196.939,3.343,vittima non trovata entro 15 minuti
887,200,3,89.7,9.5,84.8,3.64,1e-06,0.05,50,0.35,0.40,True,160.70000000000002,3,2,1.3253183303184362,1.1512247088724408,2.658568753109354,2.6776740777346713,3.434,0.204,2.884,23.058,2.636,
892,200,3,62.1,133.7,140.8,3.17,1e-06,0.05,80,0.35,0.40,True,148.5,3,3,8.338842943179376,2.887705480685206,4.511479064948509,7.600111573384109,-4.459,7.631,5.317,14.96,2.715,
897,200,3,72.2,155.4,164.7,4.9,1e-06,0.05,120,0.35,0.40,True,148.8,3,3,0.0193504885499744,0.13910603347797104,0.5031828715155214,1.1062082103507977,4.13,0.767,0.519,10.17,1.819,
896,200,3,84.4,187.5,199.1,1.34,1e-06,0.05,120,center,center,True,160.10000000000002,3,3,0.0840452838321657,0.2899056464302924,3.0227332084517213,6.9007536574677415,-7.02,8.36,3.024,5.87,2.197,
898,200,3,119.7,158.2,191.4,1.31,1e-06,0.05,120,0.45,0.55,True,142.20000000000002,3,3,0.12653712498961076,0.3557205715018612,2.3044738168832453,4.109512825464127,4.61,3.295,2.306,21.084,2.299,
889,200,3,135.3,29.4,132.6,4.12,1e-06,0.05,50,0.60,0.45,True,275.2,3,3,0.07758870685703893,0.27854749479584073,2.115481213313511,2.868285279514338,7.238,3.113,2.119,45.451,2.13,
900,200,3,33.0,60.6,62.3,1.78,1e-06,0.05,120,0.60,0.58,True,114.5,3,3,0.22974152086798047,0.47931359345211616,3.2056497483145523,4.9957961191349805,5.169,3.394,3.23,6.419,2.321,
890,200,3,133.6,114.8,169.1,2.9,1e-06,0.05,50,0.60,0.58,True,273.7,3,3,0.0061602838930305635,0.07848747602662837,0.942632764271538,1.672055052356865,4.47,1.57,0.943,45.906,1.774,
891,200,3,142.0,14.7,137.3,3.88,1e-06,0.05,80,center,center,True,272.7,3,3,0.0035559821545468303,0.0596320564339922,1.573170275768367,2.100883584690426,6.189,2.312,1.573,38.701,1.776,
840,200,3,124.1,188.7,218.9,2.18,1e-05,0.1,120,0.60,0.58,False,900.0,0,3,5.525679903446939,2.3506764778350377,80.22684056855988,81.95813092923912,27.536,25.353,80.261,272.567,3.061,vittima non trovata entro 15 minuti
845,200,3,68.3,56.4,81.6,4.55,1e-07,0.05,25,0.60,0.58,False,900.0,2,2,4.31947032309212,2.0783335447160836,2.924106304062285,9.012201832793279,13.589,9.037,3.478,218.872,4.232,vittima non trovata entro 15 minuti
899,200,3,122.0,147.2,184.1,3.86,1e-06,0.05,120,0.60,0.45,True,161.20000000000002,3,3,0.014347762212082617,0.11978214479663744,0.7829820961570767,0.7945434067033238,4.509,0.65,0.783,16.829,1.663,
910,200,3,19.5,2.6,14.7,4.7,1e-06,0.1,50,0.60,0.58,True,15.600000000000001,3,3,0.24301640052350434,0.49296693654189866,6.3713887618050995,9.669506033043374,11.75,7.05,6.378,6.629,3.053,
846,200,3,171.4,97.5,190.4,2.67,1e-07,0.05,50,center,center,False,900.0,2,2,0.41121790154804055,0.6412627398719191,6.812698302265202,9.872357740752772,-6.205,8.879,6.837,179.945,3.557,vittima non trovata entro 15 minuti
904,200,3,39.2,59.3,64.1,2.56,1e-06,0.1,25,0.60,0.45,True,100.10000000000001,3,3,1.261916075047031,1.123350379466278,2.518466361405927,3.4200927864917188,-2.587,5.143,2.553,3.378,2.489,
843,200,3,168.2,189.6,246.4,1.29,1e-07,0.05,25,0.45,0.55,False,900.0,2,3,39.102432270856085,6.253193765657361,9.010567098379232,23.050636291407518,26.028,24.74,10.125,182.79,6.203,vittima non trovata entro 15 minuti
885,200,3,137.4,74.1,149.4,2.36,1e-06,0.05,25,0.60,0.58,True,363.20000000000005,3,3,0.014891844192305995,0.12203214409452125,1.0014384981532458,1.0145910841760752,2.746,0.385,1.007,89.612,1.366,
914,200,3,32.2,175.3,172.4,3.38,1e-06,0.1,80,0.60,0.45,True,123.4,3,3,1.2034973312999429,1.097040259653192,5.7830951811127616,9.355641745974594,8.108,4.724,5.795,15.095,2.744,
908,200,3,29.1,144.1,141.2,4.6,1e-06,0.1,50,0.45,0.55,True,151.6,3,3,0.08885289088754877,0.29808202040302395,1.804819961629255,2.5652829152417813,6.742,2.144,1.811,11.154,1.84,
913,200,3,54.2,151.4,154.4,2.62,1e-06,0.1,80,0.45,0.55,True,153.5,3,3,0.0705359197248755,0.2655859930886332,1.4867361542530007,2.760233940853545,5.19,2.566,1.497,25.316,2.252,
912,200,3,88.6,134.0,153.7,3.74,1e-06,0.1,80,0.35,0.40,True,155.20000000000002,3,3,2.059441589361107,1.4350754646920514,1.3363971812474553,3.53409404310276,-0.024,3.766,1.768,27.744,1.704,
916,200,3,115.9,151.1,183.4,4.12,1e-06,0.1,120,center,center,True,142.1,3,3,0.009646971266667907,0.09821899646538804,1.1692266547552272,1.2067808691925184,5.142,1.025,1.17,35.846,1.751,
895,200,3,174.8,37.1,172.8,4.15,1e-06,0.05,80,0.60,0.58,True,418.1,3,3,0.12380521738258773,0.3518596558041114,0.7221577889805624,2.475074013789172,1.859,2.288,0.727,42.359,1.672,
911,200,3,72.9,44.6,78.6,3.28,1e-06,0.1,80,center,center,True,179.8,3,2,0.04121157688263413,0.20300634690234226,0.8654152682946203,0.9145589468920596,3.843,0.566,0.868,33.518,1.907,
909,200,3,137.9,45.8,139.0,4.46,1e-06,0.1,50,0.60,0.45,True,247.3,3,3,0.452578101010615,0.6727392518729787,3.7391048242251417,4.100052787094862,8.207,3.751,3.739,8.521,2.438,
918,200,3,55.0,67.7,80.2,1.38,1e-06,0.1,120,0.45,0.55,True,125.2,3,3,1.2736729919696335,1.128571217057051,4.623834652781013,7.70318857104058,8.551,7.169,4.638,26.543,2.704,
915,200,3,71.2,40.7,75.2,1.35,1e-06,0.1,80,0.60,0.58,True,200.3,3,3,0.5529104552710008,0.7435794881994802,1.7262019632791634,6.736063796914071,7.686,6.334,1.837,48.489,1.971,
866,200,3,172.1,0.6,167.2,3.21,1e-07,0.1,50,center,center,False,900.0,0,1,nan,nan,3.3990110087098153,37.301896482920505,39.3,36.087,3.399,469.981,3.176,vittima non trovata entro 15 minuti
861,200,3,137.6,108.9,168.5,1.33,1e-07,0.1,25,center,center,False,900.0,1,3,20.971849478959577,4.5795031912817326,8.259046810200127,20.96125867711425,25.647,24.317,8.445,391.872,3.628,vittima non trovata entro 15 minuti
874,200,3,183.9,16.2,179.2,4.8,1e-07,0.1,80,0.60,0.45,False,900.0,0,1,nan,nan,4.126784864916883,6.686951035943715,-0.413,5.217,4.127,773.572,3.583,vittima non trovata entro 15 minuti
922,200,3,108.2,31.7,106.6,4.43,1e-05,0.05,25,0.35,0.40,False,169.9,3,1,1209.826737743033,34.78256370285308,26.466742812436102,27.916199194713176,16.877,12.446,27.183,46.559,1.967,vittima non trovata entro 15 minuti
927,200,3,120.5,143.3,180.2,3.94,1e-05,0.05,50,0.35,0.40,True,151.6,3,3,0.00427117667955388,0.0653542399508546,1.9962511194698735,2.644866232096395,1.382,2.56,1.996,4.289,1.821,
863,200,3,33.4,76.1,76.6,4.08,1e-07,0.1,25,0.45,0.55,False,900.0,2,3,217.90600767612125,14.761639735345165,13.036748661498526,13.579452635715079,10.648,6.565,18.063,674.632,3.369,vittima non trovata entro 15 minuti
920,200,3,156.4,20.7,152.2,4.01,1e-06,0.1,120,0.60,0.58,True,270.3,3,3,0.0005375312897365598,0.023184721040731972,0.3596296882356166,0.7820504117681839,4.78,0.765,0.36,81.375,1.622,
923,200,3,154.0,30.9,151.3,4.45,1e-05,0.05,25,0.45,0.55,True,216.70000000000002,3,3,0.008789385164230288,0.09375172086010095,1.056537595446491,2.32749517259077,6.706,2.257,1.058,35.039,1.485,
867,200,3,65.8,16.7,61.9,4.5,1e-07,0.1,50,0.35,0.40,False,900.0,2,2,1.1769731128740464,1.0848839167736086,3.041064186737227,30.80588742611801,34.241,29.738,3.067,157.373,3.132,vittima non trovata entro 15 minuti
926,200,3,148.5,80.1,162.0,4.64,1e-05,0.05,50,center,center,True,212.10000000000002,3,3,0.0520389305553072,0.2281204299384586,0.3596144139560386,1.5989255276805123,3.126,1.513,0.391,23.137,1.708,
876,200,3,104.5,23.8,101.3,3.99,1e-07,0.1,120,center,center,False,900.0,1,1,19.677547381146383,4.43593816245745,22.024794886992314,22.234226033151806,-0.277,4.271,22.202,741.347,2.933,vittima non trovata entro 15 minuti
929,200,3,73.0,75.4,97.9,2.55,1e-05,0.05,50,0.60,0.45,True,160.10000000000002,3,2,0.03448830248638985,0.1857102648923582,0.9309047231462341,6.194148144626711,-3.942,6.488,0.934,6.11,1.806,
864,200,3,146.0,25.4,142.5,4.08,1e-07,0.1,25,0.60,0.45,False,900.0,0,3,130.50948407901387,11.424074758115594,17.474834970595126,22.914020986622848,26.233,22.153,19.915,424.051,3.403,vittima non trovata entro 15 minuti
877,200,3,93.9,126.2,150.3,3.2,1e-07,0.1,120,0.35,0.40,False,900.0,1,3,7.94709494529101,2.8190592305396867,29.434120894709558,32.711080569724906,-20.657,23.86,29.528,422.25,3.446,vittima non trovata entro 15 minuti
873,200,3,153.4,70.6,162.3,4.16,1e-07,0.1,80,0.45,0.55,False,900.0,2,2,32.17536362987988,5.672333173384642,18.15617238846485,18.99988305261726,4.864,0.701,18.282,639.825,3.052,vittima non trovata entro 15 minuti
879,200,3,119.0,13.6,114.4,1.19,1e-07,0.1,120,0.60,0.45,False,900.0,1,1,0.027211125607165453,0.1649579510274223,2.4358128938088366,8.934131061863063,10.8,9.613,2.437,62.816,3.001,vittima non trovata entro 15 minuti
935,200,3,56.2,183.5,185.7,3.53,1e-05,0.05,80,0.60,0.58,True,128.1,3,3,6.639500526752356,2.576722826916461,1.6881479742604473,2.5424625163635186,0.176,3.352,1.89,3.522,1.846,
934,200,3,62.2,101.4,112.1,1.78,1e-05,0.05,80,0.60,0.45,True,144.3,3,2,0.03508717703923243,0.18731571487526727,3.171476275562094,6.2816325577022605,-5.887,7.671,3.172,1.696,2.309,
938,200,3,50.6,60.3,71.7,1.06,1e-05,0.05,120,0.45,0.55,True,89.60000000000001,3,3,0.002043523421716381,0.04520534726906078,1.1718762799703955,3.265522455436036,4.366,3.309,1.173,10.213,1.756,
933,200,3,141.8,182.1,223.8,1.43,1e-05,0.05,80,0.45,0.55,True,167.3,3,3,0.28010887694574893,0.529253131257387,5.160499790074468,7.342359553456228,7.68,6.253,5.161,23.774,2.469,
937,200,3,129.7,160.7,199.5,2.87,1e-05,0.05,120,0.35,0.40,True,139.6,3,3,0.3816333361799298,0.6177647903368481,5.202584930824253,6.375092241778908,8.823,5.955,5.206,11.866,2.768,
939,200,3,101.5,49.1,106.1,2.94,1e-05,0.05,120,0.60,0.45,True,164.20000000000002,3,1,0.024610808265101383,0.1568783231205044,2.01524924435553,2.6268727620157035,6.002,3.059,2.016,21.546,1.751,
883,200,3,182.0,61.0,185.7,1.22,1e-06,0.05,25,0.45,0.55,False,900.0,1,2,3.5022285273756646,1.871424197603436,4.944388512868047,15.958689738034437,17.409,16.185,4.968,119.946,4.479,vittima non trovata entro 15 minuti
924,200,3,182.0,137.2,221.0,1.79,1e-05,0.05,25,0.60,0.45,False,381.40000000000003,3,3,198.3835144186672,14.084868278356998,20.900430145257836,20.942465259563544,5.902,4.114,20.917,114.457,3.313,vittima non trovata entro 15 minuti
944,200,3,102.3,157.1,180.6,3.87,1e-05,0.1,25,0.60,0.45,True,126.9,3,2,0.17022066674811942,0.41257807351835774,2.2994309856907784,2.537142615794426,6.23,2.356,2.308,21.437,2.265,
884,200,3,77.7,54.9,88.2,3.06,1e-06,0.05,25,0.60,0.45,False,900.0,2,2,231.45308452855974,15.213582238531455,23.97610702636091,23.982479610232474,13.934,10.869,24.19,202.087,3.631,vittima non trovata entro 15 minuti
947,200,3,53.3,162.9,165.2,1.3,1e-05,0.1,50,0.35,0.40,True,149.0,3,3,0.014729980589731436,0.1213671314225208,2.6791355011659106,7.030927864951866,-6.777,8.077,2.682,10.627,1.85,
931,200,3,168.0,33.7,165.5,2.89,1e-05,0.05,80,center,center,True,398.1,3,3,1.7458103879824973,1.321291182133029,3.2158999317592514,8.890134165639704,11.308,8.421,3.22,72.461,2.774,
888,200,3,27.1,81.3,79.4,4.22,1e-06,0.05,50,0.45,0.55,False,900.0,2,2,0.04866341442334657,0.22059785679681154,4.092785208780779,5.07977202675953,8.266,4.041,4.096,111.943,3.304,vittima non trovata entro 15 minuti
894,200,3,22.3,96.1,92.8,2.15,1e-06,0.05,80,0.60,0.45,False,900.0,2,2,0.2579810641821355,0.5079183636984742,4.9094189255621705,10.724610431929081,13.697,11.549,4.92,120.014,4.133,vittima non trovata entro 15 minuti
953,200,3,91.5,9.1,86.6,3.82,1e-05,0.1,80,0.45,0.55,True,173.8,3,2,0.005462806828274402,0.07391080319056478,0.914520817887798,1.4368320317794903,2.74,1.078,0.917,18.981,1.799,
951,200,3,134.8,170.9,210.7,3.29,1e-05,0.1,80,center,center,True,219.10000000000002,3,3,0.018470320785833678,0.13590555833310747,1.0895770468798345,2.187527336889106,5.904,2.613,1.095,39.639,1.732,
955,200,3,146.4,182.4,226.9,3.95,1e-05,0.1,80,0.60,0.58,True,148.0,3,3,0.24773550036168315,0.4977303490462312,5.142585301267965,6.941731490268536,9.037,5.084,5.143,9.647,2.742,
893,200,3,32.8,187.5,184.6,4.8,1e-06,0.05,80,0.45,0.55,False,900.0,0,3,64.49978378720743,8.03117574127272,7.3620969419075575,25.550640217546654,28.108,23.308,9.385,100.236,10.985,vittima non trovata entro 15 minuti
950,200,3,126.4,122.4,168.9,2.85,1e-05,0.1,50,0.60,0.58,True,253.60000000000002,3,2,0.020545832884469185,0.14333817664693935,0.8735542838519218,2.6043053420570064,0.384,2.464,0.876,68.211,1.589,
901,200,3,24.1,164.0,160.2,3.01,1e-06,0.1,25,center,center,False,900.0,1,2,55.239878410386474,7.432353490677531,105.61761326803209,105.61934586611247,29.459,26.454,105.878,427.94,2.953,vittima non trovata entro 15 minuti
903,200,3,58.3,105.4,113.7,4.66,1e-06,0.1,25,0.45,0.55,False,900.0,2,3,1780.8729785755388,42.200390739607364,51.174938718882586,51.18058559490922,3.596,1.06,56.872,486.519,3.381,vittima non trovata entro 15 minuti
902,200,3,6.9,54.0,49.1,3.11,1e-06,0.1,25,0.35,0.40,False,900.0,2,2,0.31335143600803017,0.5597780238702036,63.21833606983248,63.652141025313355,-1.193,4.3,63.221,296.922,2.732,vittima non trovata entro 15 minuti
905,200,3,126.8,66.4,136.4,2.75,1e-06,0.1,25,0.60,0.58,False,900.0,0,3,820.7098946681754,28.648034743559204,10.03656001222815,12.7586409733136,13.679,10.933,28.45,342.675,3.255,vittima non trovata entro 15 minuti
907,200,3,165.9,30.0,162.8,4.72,1e-06,0.1,50,0.35,0.40,False,900.0,2,2,18.397638311773726,4.2892468233681456,54.70690833495844,54.899585486937966,9.474,4.754,54.801,373.001,3.258,vittima non trovata entro 15 minuti
906,200,3,167.3,98.9,187.5,4.22,1e-06,0.1,50,center,center,False,900.0,0,3,9.790456086913522,3.128970451588433,88.99393056071229,89.33360820482667,-36.239,40.461,89.025,566.768,3.332,vittima non trovata entro 15 minuti
959,200,3,121.4,4.0,116.4,1.62,1e-05,0.1,120,0.60,0.45,True,224.9,3,3,0.0976736867659631,0.312527897580301,1.7071960563453183,3.1282903447652957,4.955,3.331,1.712,19.4,1.872,
961,200,4,65.4,91.5,105.5,1.86,1e-07,0.05,25,center,center,True,140.4,3,4,9.621362694561919,3.1018321512554348,2.642216083390443,4.203603581919959,6.996,5.133,2.739,11.459,2.994,
964,200,4,59.3,72.9,87.0,1.98,1e-07,0.05,25,0.60,0.45,True,129.3,3,4,0.0015541568844483855,0.039422796507203615,5.275075818914726,10.237483591712737,-9.566,11.55,5.275,15.22,1.476,
917,200,3,144.6,13.3,139.9,4.26,1e-06,0.1,120,0.35,0.40,False,900.0,1,3,739.3021499581171,27.190111253139754,43.872663129800515,47.0637759812501,16.14,11.88,44.89,282.336,4.123,vittima non trovata entro 15 minuti
962,200,4,150.5,108.3,178.4,1.5,1e-07,0.05,25,0.35,0.40,True,172.60000000000002,3,4,14.902007928998852,3.8603118953005406,1.6891764479893174,5.225965457667738,6.739,5.244,2.522,31.829,2.08,
967,200,4,37.5,22.6,36.9,4.43,1e-07,0.05,50,0.35,0.40,True,71.0,3,4,0.018052717014670837,0.13436039972652225,0.9123841640785252,1.2207765747347492,3.923,0.503,0.92,2.361,1.723,
963,200,4,18.3,184.1,179.6,2.19,1e-07,0.05,25,0.45,0.55,True,146.1,3,3,0.05830878803058949,0.2414721268192035,4.0281049270759315,7.472352343895043,8.131,5.944,4.029,10.98,2.654,
919,200,3,175.5,123.7,207.7,2.05,1e-06,0.1,120,0.60,0.45,False,900.0,2,2,122.09521367893011,11.049670297295306,45.261831327188965,45.83783776563312,1.917,0.13,45.271,858.073,3.335,vittima non trovata entro 15 minuti
925,200,3,106.0,112.1,147.2,4.3,1e-05,0.05,25,0.60,0.58,False,900.0,2,2,1784.940324883244,42.248554115889505,84.85039199035202,84.89364127347284,7.397,3.096,85.683,330.202,3.307,vittima non trovata entro 15 minuti
968,200,4,25.6,129.1,125.8,2.65,1e-07,0.05,50,0.45,0.55,True,132.20000000000002,3,3,0.16616454392129276,0.4076328543202728,4.7952544777430735,6.643653191304254,7.894,5.248,4.797,11.633,2.883,
921,200,3,0.9,156.3,151.3,1.25,1e-05,0.05,25,center,center,False,900.0,1,2,406.67540252516767,20.16619454743923,12.7863636359417,12.817137590286936,5.479,4.229,21.262,276.7,3.64,vittima non trovata entro 15 minuti
928,200,3,41.3,119.5,120.1,3.79,1e-05,0.05,50,0.45,0.55,False,822.8000000000001,3,3,2040.154794286897,45.16807273159767,69.95265144422076,69.9592051258188,15.735,11.943,69.968,214.903,2.873,vittima non trovata entro 15 minuti
975,200,4,60.7,71.1,86.4,3.91,1e-07,0.05,80,0.60,0.58,True,111.60000000000001,3,4,0.016553141313117224,0.12865901178354053,0.434011577348506,2.229821081814468,1.769,2.139,0.443,4.982,1.623,
971,200,4,74.2,69.3,94.4,4.92,1e-07,0.05,80,center,center,True,131.4,3,4,0.17509162620830282,0.4184395132014935,1.2765708300655625,1.8034806678731063,6.823,1.904,1.279,0.773,2.179,
966,200,4,181.5,47.0,181.4,3.46,1e-07,0.05,50,center,center,True,239.60000000000002,3,3,0.03291493206153908,0.18142472836286425,7.514250601864803,12.775238252086039,-11.523,14.981,7.514,5.648,2.691,
973,200,4,96.7,104.5,135.3,3.16,1e-07,0.05,80,0.45,0.55,True,140.6,3,3,6.837805098452359,2.6149197116646543,2.8926404723552284,7.064930398851959,-4.195,7.357,3.238,13.752,2.135,
976,200,4,57.4,75.9,88.1,1.19,1e-07,0.05,120,center,center,True,116.4,3,4,0.017698161973101447,0.13303443904907272,1.6987050164550646,2.7513795349280645,4.475,3.281,1.7,3.74,2.132,
974,200,4,115.5,170.1,198.7,4.41,1e-07,0.05,80,0.60,0.45,True,163.9,3,4,0.007990441420314185,0.08938926904452338,0.5976706524250333,0.6771437582037364,4.902,0.496,0.604,13.771,1.608,
969,200,4,92.0,113.5,139.1,4.16,1e-07,0.05,50,0.60,0.45,True,247.4,3,4,9.086966167518284,3.0144595149907527,0.6272044503304787,1.2582542184503063,5.471,1.31,2.823,27.29,2.576,
979,200,4,20.8,83.0,79.6,1.21,1e-07,0.05,120,0.60,0.45,True,110.10000000000001,3,3,0.11696912298997227,0.34200748966941097,5.973528012274054,8.321031285100158,-9.968,11.174,5.974,2.002,2.635,
977,200,4,76.0,169.1,178.8,1.65,1e-07,0.05,120,0.35,0.40,True,156.60000000000002,3,4,0.020196365143125873,0.14211391607835552,1.9046361652470187,3.7688696129964305,5.751,4.101,1.905,2.988,1.968,
932,200,3,38.3,91.2,92.4,4.67,1e-05,0.05,80,0.35,0.40,True,831.5,3,3,3.7442912996176965,1.9350171316083216,2.0525529664089825,2.062943079126087,3.406,1.262,2.435,58.618,2.755,
930,200,3,179.8,149.3,226.7,2.17,1e-05,0.05,50,0.60,0.58,False,900.0,2,2,0.2414400105565594,0.4913654551925271,43.822879784666846,52.576625859999496,21.58,19.407,43.825,144.071,2.745,vittima non trovata entro 15 minuti
972,200,4,149.5,110.7,179.0,3.8,1e-07,0.05,80,0.35,0.40,True,227.70000000000002,3,4,0.008222151031095979,0.09067607750170922,1.2613862570722232,2.101667339949774,5.818,2.019,1.262,13.583,1.897,
942,200,3,14.6,85.5,81.1,3.7,1e-05,0.1,25,0.35,0.40,False,900.0,1,1,nan,nan,19.33222929432261,21.751683753963718,7.287,3.587,19.332,745.696,2.963,vittima non trovata entro 15 minuti
936,200,3,17.7,148.6,144.2,2.14,1e-05,0.05,120,center,center,False,900.0,2,2,6.470701153217377,2.5437572905482506,72.02477985595552,75.91544723632605,18.832,16.692,72.066,216.501,3.154,vittima non trovata entro 15 minuti
978,200,4,161.2,78.8,172.8,2.39,1e-07,0.05,120,0.45,0.55,True,223.8,3,4,0.05251385768798018,0.2291590227068971,5.463562656751581,12.42670070565006,-10.865,13.251,5.464,10.845,1.829,
943,200,3,163.3,84.7,177.2,3.06,1e-05,0.1,25,0.45,0.55,False,900.0,2,2,4002.5105817149056,63.2653979811627,52.03746592333569,55.3730146390218,19.248,16.188,79.489,280.171,3.33,vittima non trovata entro 15 minuti
980,200,4,144.6,18.3,140.3,1.72,1e-07,0.05,120,0.60,0.58,True,247.0,3,4,0.25370861406280254,0.5036949613236195,1.070119403496547,4.518213169484157,-3.168,4.892,1.116,16.272,1.826,
954,200,3,185.9,173.1,246.9,4.47,1e-05,0.1,80,0.60,0.45,False,900.0,0,1,nan,nan,41.63674048052241,41.789824088497134,14.293,9.824,41.637,570.463,2.839,vittima non trovata entro 15 minuti
983,200,4,186.9,111.8,210.9,3.07,1e-07,0.1,25,0.45,0.55,True,191.8,3,3,0.12742431536256854,0.3569654260044921,3.6527381277405944,6.892131778804107,8.132,5.063,3.655,42.008,2.413,
986,200,4,178.7,175.4,243.3,1.94,1e-07,0.1,50,center,center,True,178.0,3,3,1.1253385536271616,1.0608197554849559,2.660067489598204,10.993769714838018,11.298,9.362,2.712,13.588,2.559,
992,200,4,82.7,18.2,78.8,2.21,1e-07,0.1,80,0.35,0.40,True,110.2,3,3,0.07348816246378234,0.2710870016503601,4.08757456162082,6.1872722448496935,7.351,5.14,4.089,7.281,2.256,
940,200,3,171.6,177.8,240.0,4.4,1e-05,0.05,120,0.60,0.58,False,900.0,2,3,18.306131083504724,4.278566475293416,128.34659892362865,128.3617201772996,41.928,37.532,128.385,330.034,2.893,vittima non trovata entro 15 minuti
1002,200,4,5.8,15.9,10.9,4.34,1e-06,0.05,25,0.35,0.40,True,4.1000000000000005,3,3,0.3383448781433821,0.5816742027487398,1.0947070615602892,1.1196515327803216,5.004,0.66,1.182,1.18,1.788,
985,200,4,163.1,141.1,208.6,4.0,1e-07,0.1,25,0.60,0.58,True,190.8,3,4,2.4873399462615344,1.5771302882962885,1.8642919596797094,10.465363415817032,15.084,11.088,1.996,43.442,1.754,
941,200,3,98.3,7.1,93.4,1.38,1e-05,0.1,25,center,center,False,900.0,2,2,199.66096488454127,14.130143838069776,205.92204669012847,206.09591527405357,-19.639,21.022,206.009,687.45,3.499,vittima non trovata entro 15 minuti
965,200,4,175.1,98.7,194.2,4.67,1e-07,0.05,25,0.60,0.58,True,450.20000000000005,3,3,35.7518459953714,5.979284739445965,7.736781337715999,7.7511264310592,3.766,0.909,8.102,62.096,5.646,
990,200,4,122.5,136.5,176.3,2.52,1e-07,0.1,50,0.60,0.58,True,169.20000000000002,3,4,0.09631467601788453,0.31034605848614305,1.599177094116023,3.9949994536470457,6.565,4.041,1.599,39.542,1.669,
994,200,4,61.9,163.6,168.5,1.42,1e-07,0.1,80,0.60,0.45,True,115.4,3,4,1.0376859552575586,1.018668717129155,0.8964826768750083,0.9096564611758878,1.016,0.407,1.133,11.951,1.833,
993,200,4,55.9,71.6,83.8,3.48,1e-07,0.1,80,0.45,0.55,True,123.60000000000001,3,4,0.009830222379567731,0.09914747792842606,0.6480082191996573,1.3837360566354355,4.861,1.377,0.651,8.317,1.778,
987,200,4,176.1,74.2,184.6,3.46,1e-07,0.1,50,0.35,0.40,True,216.20000000000002,3,3,0.004169847059710616,0.06457435295619009,1.3121906561649566,1.9916383725357272,5.296,1.839,1.312,20.696,1.801,
946,200,3,155.0,152.8,210.6,1.97,1e-05,0.1,50,center,center,False,900.0,0,3,265.53857747197907,16.29535447518645,65.61281463757183,67.4436423388558,25.432,23.46,65.909,535.28,3.217,vittima non trovata entro 15 minuti
949,200,3,163.7,63.1,169.0,2.17,1e-05,0.1,50,0.60,0.45,False,900.0,2,2,6.887317036051118,2.6243698359894165,84.26827703976903,85.13464400224413,-42.351,44.518,84.299,477.533,3.259,vittima non trovata entro 15 minuti
948,200,3,120.5,138.5,176.5,3.62,1e-05,0.1,50,0.45,0.55,False,900.0,1,3,4019.22361144208,63.397347037885424,14.024742748304519,27.06412321557368,29.489,25.864,58.971,413.323,3.563,vittima non trovata entro 15 minuti
945,200,3,35.2,28.3,38.2,2.37,1e-05,0.1,25,0.60,0.58,False,900.0,2,2,1.0760804097905812,1.0373429566881829,31.859752783947588,46.29040958682507,38.206,35.838,31.86,391.51,3.131,vittima non trovata entro 15 minuti
956,200,3,11.4,181.8,176.9,3.8,1e-05,0.1,120,center,center,False,900.0,1,3,0.22087508273401077,0.4699734915226717,0.48971433914804374,1.6491035543183865,5.033,1.236,0.586,96.932,2.877,vittima non trovata entro 15 minuti
991,200,4,154.0,125.9,191.9,2.12,1e-07,0.1,80,center,center,True,200.8,3,4,0.04856534176205127,0.22037545635131708,1.1748798182391726,1.1937597781181173,3.041,0.918,1.182,28.027,1.978,
952,200,3,158.6,26.1,155.0,3.66,1e-05,0.1,80,0.35,0.40,False,900.0,2,2,384.5945911115166,19.61108337424316,103.06064494021952,103.25741283052535,24.881,21.221,103.157,746.93,3.479,vittima non trovata entro 15 minuti
998,200,4,73.2,19.5,69.7,2.28,1e-07,0.1,120,0.45,0.55,True,95.30000000000001,3,3,1.7547198117216227,1.3246583754770973,4.998086318301063,7.9818580881008,9.007,6.728,5.014,23.926,3.216,
996,200,4,86.2,149.7,165.9,1.34,1e-07,0.1,120,center,center,True,143.70000000000002,3,4,0.005703111934654905,0.07551895083126424,1.0237233789959244,1.3746812094509766,2.871,1.531,1.025,29.157,1.935,
995,200,4,30.0,138.8,136.1,1.6,1e-07,0.1,80,0.60,0.58,True,177.3,3,3,0.4855676355461461,0.6968268332564025,0.6446055211484577,0.9079805789069559,2.343,0.74,0.948,30.009,1.938,
1009,200,4,42.7,23.9,42.2,3.59,1e-06,0.05,50,0.60,0.45,True,75.2,3,4,0.8027466804392853,0.8959613163743652,1.4589078080156792,1.6049065223095589,3.03,0.56,1.709,2.262,1.937,
1014,200,4,27.0,38.6,40.1,4.16,1e-06,0.05,80,0.60,0.45,True,83.9,3,3,13.347345332523343,3.653401884890758,5.797236851533726,6.758383981383602,-4.684,8.845,5.959,5.424,2.008,
1008,200,4,58.0,22.5,55.8,4.34,1e-06,0.05,50,0.45,0.55,True,89.9,3,4,0.40014199989054167,0.6325677828427098,3.812685816195897,6.177061957456287,9.499,5.157,3.814,2.419,2.413,
1016,200,4,18.8,67.9,64.4,1.28,1e-06,0.05,120,center,center,True,103.60000000000001,3,3,0.2344645686683401,0.4842154155624747,1.8834919449245155,3.5058038264940934,5.121,3.844,1.886,5.229,1.807,
1005,200,4,127.1,88.8,148.0,1.27,1e-06,0.05,25,0.60,0.58,True,154.70000000000002,3,4,36.075401040904076,6.006280133402377,4.121245995884068,7.1825652881757795,8.8,7.533,4.774,11.283,3.248,
957,200,3,157.0,48.7,158.2,1.28,1e-05,0.1,120,0.35,0.40,False,900.0,0,3,168.75727871867113,12.990661211757896,165.5904635972219,168.3480711954328,18.346,17.062,165.623,751.658,3.391,vittima non trovata entro 15 minuti
1027,200,4,9.6,10.0,6.8,4.03,1e-06,0.1,50,0.35,0.40,True,0.30000000000000004,3,2,0.3031885285067218,0.550625579233949,4.208540540509319,4.2866781354474,6.471,2.442,4.21,4.253,4.053,
1004,200,4,28.8,171.8,168.5,1.69,1e-06,0.05,25,0.60,0.45,True,154.9,3,3,4.830865739190897,2.1979230512442642,2.7139604841257072,3.387964639219779,-2.301,3.992,3.326,18.407,3.335,
1001,200,4,52.7,189.0,190.1,2.97,1e-06,0.05,25,center,center,True,155.4,3,4,0.7681904241303975,0.8764647306825286,1.9087089527619452,3.100195298151183,6.579,3.611,1.91,21.633,2.102,
1019,200,4,28.0,78.4,76.9,4.16,1e-06,0.05,120,0.60,0.45,True,110.5,3,3,5.215869011185391,2.283827710486365,5.921736572131086,9.906259794949584,-8.956,13.115,5.933,3.676,2.687,
960,200,3,122.4,28.8,119.7,2.37,1e-05,0.1,120,0.60,0.58,False,900.0,2,3,151.19784171980103,12.296253157763182,17.306364545995557,23.265033461902004,10.764,8.39,17.692,144.859,3.239,vittima non trovata entro 15 minuti
997,200,4,172.8,82.6,184.8,1.56,1e-07,0.1,120,0.35,0.40,True,237.5,3,3,0.01127885909170619,0.10620197310646441,0.5206732306840566,2.1831751335983784,-0.693,2.25,0.524,36.924,1.709,
1006,200,4,163.3,153.2,216.9,1.2,1e-06,0.05,50,center,center,True,181.10000000000002,3,3,0.13301968097660755,0.3647186326150716,3.2594244212916474,11.445006929221845,10.154,8.952,3.263,4.466,2.542,
999,200,4,174.4,80.1,185.3,4.22,1e-07,0.1,120,0.60,0.45,True,225.8,3,3,0.010961853790992538,0.10469887196618947,3.771695436333417,4.003966076232326,7.504,3.285,3.772,32.775,2.615,
1007,200,4,155.0,107.4,181.7,3.01,1e-06,0.05,50,0.35,0.40,True,192.70000000000002,3,4,0.013527248067804134,0.1163066982929364,0.9843737134012625,2.3070078797997966,0.618,2.391,0.987,27.104,1.742,
1013,200,4,119.6,146.5,182.1,3.14,1e-06,0.05,80,0.45,0.55,True,157.8,3,4,0.009833893954451963,0.09916599192491327,0.5011541608242206,1.2430486935752902,4.136,0.994,0.505,21.225,1.694,
958,200,3,75.8,65.5,93.1,2.73,1e-05,0.1,120,0.45,0.55,False,900.0,2,2,13.193231262243438,3.632248788594118,113.68658554054711,114.32194368552912,-7.76,10.494,113.744,291.752,3.141,vittima non trovata entro 15 minuti
1017,200,4,116.0,94.3,142.5,3.71,1e-06,0.05,120,0.35,0.40,True,164.8,3,4,0.1281023211483009,0.3579138459857356,1.289764657310081,10.045100641777713,-6.717,10.424,1.294,13.344,1.514,
1022,200,4,59.2,27.0,58.5,4.2,1e-06,0.1,25,0.35,0.40,True,92.30000000000001,3,3,0.3202852957620846,0.5659375369792011,2.186963132852663,3.3177882986284764,6.724,2.521,2.198,5.073,2.796,
1012,200,4,163.1,145.8,211.7,1.14,1e-06,0.05,80,0.35,0.40,True,205.20000000000002,3,3,0.13720315195548274,0.3704094382645814,5.142744061469705,7.034365148538778,7.76,6.617,5.145,11.279,2.711,
1011,200,4,148.3,86.1,164.6,1.08,1e-06,0.05,80,center,center,True,210.60000000000002,3,4,0.3785486401973628,0.6152630658485546,2.604526161890917,5.068601672033413,-5.028,6.104,2.62,15.95,2.895,
1003,200,4,148.1,78.2,160.7,1.64,1e-06,0.05,25,0.45,0.55,True,240.0,3,4,0.014752516129534012,0.12145993631454782,1.1463001367890342,2.358660649077188,4.092,2.45,1.151,21.414,1.638,
1023,200,4,84.0,137.2,154.0,4.9,1e-06,0.1,25,0.45,0.55,True,126.7,3,4,6.2607987224725345,2.502158812400311,1.989818609028074,5.48794580550176,10.18,5.276,2.146,26.213,2.151,
1018,200,4,169.2,22.4,165.1,1.0,1e-06,0.05,120,0.45,0.55,True,235.5,3,3,0.05668583708166485,0.2380878768053192,1.0276236219553807,1.3147394848945362,0.091,0.912,1.051,9.598,1.613,
1041,200,4,10.1,32.3,27.7,3.41,1e-05,0.05,25,center,center,True,65.9,3,1,0.009982275515569298,0.09991133827333762,1.102703205513326,1.3329131236073308,4.727,1.314,1.105,6.512,1.773,
1020,200,4,152.6,154.1,209.8,3.92,1e-06,0.05,120,0.60,0.58,True,202.3,3,4,0.02121447161805183,0.145651885048055,1.128015473792579,6.0490364997251485,9.476,5.561,1.13,14.171,1.713,
1025,200,4,61.5,153.2,158.6,4.31,1e-06,0.1,25,0.60,0.58,True,139.4,3,4,0.4120643012830166,0.6419223483280642,0.205829952275933,0.7084286276928953,5.073,0.758,0.525,8.956,2.005,
1032,200,4,25.3,115.4,112.2,1.86,1e-06,0.1,80,0.35,0.40,True,119.9,3,3,0.0028064208794807886,0.052975663086749454,5.182088970874304,9.15259754196401,-8.701,10.564,5.182,15.778,2.637,
1029,200,4,78.1,138.4,152.1,3.38,1e-06,0.1,50,0.60,0.45,True,146.20000000000002,3,4,15.970937214200758,3.9963655005768377,1.2300504834282193,1.7099222962350447,3.781,0.404,3.537,28.505,3.217,
1033,200,4,73.6,51.7,83.0,2.03,1e-06,0.1,80,0.45,0.55,True,119.9,3,3,0.00673892645068595,0.08209096448870576,0.4984871878818335,1.2165031373854007,0.876,1.154,0.503,22.557,1.905,
1024,200,4,128.5,30.6,126.1,1.18,1e-06,0.1,25,0.60,0.45,True,187.4,3,2,34.48140024050916,5.872086532103317,1.4529527351775993,5.211827960731955,6.891,5.714,5.462,24.093,4.036,
1039,200,4,18.2,109.1,105.0,4.98,1e-06,0.1,120,0.60,0.45,True,113.80000000000001,3,3,4.772602757547173,2.1846287459307985,2.178098533164737,3.9111243493006214,0.927,4.052,2.559,9.364,3.372,
1035,200,4,115.9,10.4,111.1,2.78,1e-06,0.1,80,0.60,0.58,True,172.9,3,1,0.0021511915380386243,0.046380939382882534,1.0114634577059358,1.037868101049927,2.994,0.215,1.012,14.5,1.621,
1026,200,4,161.3,47.8,162.0,2.84,1e-06,0.1,50,center,center,True,202.8,3,4,0.02706303826457778,0.16450847475001942,3.833684375734494,8.916598639053587,-7.68,10.519,3.834,25.959,1.78,
1038,200,4,63.3,54.2,76.3,3.56,1e-06,0.1,120,0.45,0.55,True,118.30000000000001,3,4,0.5921831701225,0.7695343852762526,0.9945829534461679,1.5289403299004503,2.189,1.369,1.047,7.579,2.479,
1046,200,4,20.2,30.3,29.5,1.74,1e-05,0.05,50,center,center,True,57.300000000000004,3,2,0.005089828543227988,0.0713430343006799,1.7984443666465366,2.426135388522587,4.659,2.918,1.799,4.138,1.813,
1028,200,4,163.1,159.4,221.0,2.9,1e-06,0.1,50,0.45,0.55,True,186.10000000000002,3,4,0.003809616589986505,0.061722091587911254,0.2891251997369452,0.9605595147736968,3.994,1.089,0.293,22.852,1.579,
1036,200,4,63.4,187.1,191.2,3.36,1e-06,0.1,120,center,center,True,152.8,3,4,0.016662699131962184,0.129084077763147,0.4354140381817172,0.8401741691221111,4.292,0.928,0.448,31.766,1.783,
1042,200,4,44.1,103.8,106.2,4.12,1e-05,0.05,25,0.35,0.40,True,112.60000000000001,3,3,2.471796855719077,1.5721949165797087,1.6478512701123942,6.1740027477618975,-2.805,6.925,1.931,15.941,1.936,
1031,200,4,148.2,113.5,179.7,2.37,1e-06,0.1,80,center,center,True,204.8,3,4,0.02066912894878445,0.14376762135051288,1.1373792277895358,2.31972555549701,5.004,2.638,1.14,28.319,1.856,
1030,200,4,189.4,92.3,204.0,3.58,1e-06,0.1,50,0.60,0.58,True,223.9,3,3,4.1766398022552025,2.0436829015909495,3.6938249004303976,4.0748676141337645,1.316,2.267,3.85,8.523,2.46,
1048,200,4,60.4,100.8,110.7,3.1,1e-05,0.05,50,0.45,0.55,True,99.7,3,3,0.004552223099323094,0.06747016451234646,0.8409801148965446,0.9206966696543484,2.506,0.595,0.842,3.569,1.847,
1045,200,4,84.7,150.3,165.7,1.95,1e-05,0.05,25,0.60,0.58,True,125.0,3,3,0.28150944531239924,0.5305746368913606,1.6693644521765192,3.863301382382809,6.043,4.089,1.751,3.818,1.797,
1049,200,4,43.6,134.1,134.8,4.34,1e-05,0.05,50,0.60,0.45,True,114.30000000000001,3,3,0.3037014523308253,0.5510911470263565,0.605016015286685,6.55978697903863,-2.496,6.836,0.716,3.855,1.837,
1047,200,4,64.2,97.7,110.0,3.35,1e-05,0.05,50,0.35,0.40,True,114.2,3,3,0.2943559318849197,0.5425457878234055,4.074140571014964,11.0075035645513,-8.735,12.08,4.077,10.38,2.16,
1051,200,4,119.4,137.4,174.9,1.6,1e-05,0.05,80,center,center,True,124.4,3,2,0.051278209849509905,0.22644692501668,2.778855287022377,7.744059029083513,8.114,6.515,2.783,10.54,2.109,
1052,200,4,39.5,99.1,100.2,1.04,1e-05,0.05,80,0.35,0.40,True,106.60000000000001,3,3,0.006308686359711666,0.07942723940633759,3.792726497533626,8.635112209423385,-8.881,9.92,3.794,9.282,2.056,
1037,200,4,175.2,74.1,183.7,3.73,1e-06,0.1,120,0.35,0.40,True,247.4,3,3,0.03197485671620916,0.17881514677512406,1.276772197779847,2.370014476342455,6.004,2.274,1.278,34.82,1.717,
1044,200,4,165.6,74.7,175.1,2.59,1e-05,0.05,25,0.60,0.45,True,169.9,3,4,2.906264336284675,1.704776916867622,2.2418613774437604,2.860378021741624,5.47,2.876,2.279,31.892,2.226,
1058,200,4,8.2,70.9,66.0,4.45,1e-05,0.05,120,0.45,0.55,True,89.5,3,2,0.050462089649374424,0.22463768528315642,6.200605712574932,6.944240740413341,8.014,3.56,6.201,3.925,2.391,
1050,200,4,105.0,7.7,100.1,4.78,1e-05,0.05,50,0.60,0.58,True,167.70000000000002,3,1,0.014998381703720325,0.12246788029406047,0.9367956020558482,1.1262107828734564,5.804,1.019,0.937,14.414,1.835,
1055,200,4,100.0,162.9,184.2,4.9,1e-05,0.05,80,0.60,0.58,True,148.5,3,4,2.0843394514708025,1.443724160451297,1.2150415605496714,1.688962403849391,2.901,1.995,1.5,9.311,2.063,
1065,200,4,33.0,78.1,78.3,2.53,1e-05,0.1,25,0.60,0.58,True,78.80000000000001,3,3,0.11784455034847524,0.3432849404626938,2.7675768079662997,9.238757206948174,-6.621,9.15,2.782,5.467,1.904,
1056,200,4,134.6,41.3,134.6,1.03,1e-05,0.05,120,center,center,True,191.10000000000002,3,3,8.583590667509242,2.9297765559013613,2.328213431994912,2.674760084383739,1.095,0.065,2.994,7.865,1.991,
1060,200,4,75.7,14.4,71.3,4.21,1e-05,0.05,120,0.60,0.58,True,163.4,3,2,3.098741298492947,1.7603242026663575,3.273638719132329,4.8784968539338465,0.916,3.294,3.612,19.748,2.431,
1054,200,4,144.5,73.1,155.3,4.14,1e-05,0.05,80,0.60,0.45,True,198.0,3,3,0.04080996052019021,0.20201475322409057,2.975036791839557,3.2514796097094627,7.117,2.976,2.976,19.924,2.244,
970,200,4,7.9,143.2,138.2,2.45,1e-07,0.05,50,0.60,0.58,False,900.0,2,2,10.646897556920946,3.262958405637581,8.868556851377022,27.952135146439666,29.021,26.571,8.896,273.848,4.24,vittima non trovata entro 15 minuti
1059,200,4,142.0,50.3,144.3,3.03,1e-05,0.05,120,0.60,0.45,True,203.70000000000002,3,4,0.07557341318731041,0.274906189794465,1.656134531985231,2.468524357093648,5.601,2.567,1.657,19.92,1.492,
1068,200,4,109.5,150.1,178.8,3.89,1e-05,0.1,50,0.45,0.55,True,120.9,3,3,0.031025260855395476,0.17613989001755245,0.48654293552291006,1.3948851103391182,5.211,1.326,0.514,9.972,1.82,
1063,200,4,95.0,75.9,114.6,4.74,1e-05,0.1,25,0.45,0.55,True,131.20000000000002,3,2,3.9653746273622485,1.9913248422500656,0.6617145182179018,3.070996850981257,7.602,2.859,1.66,19.797,1.907,
1074,200,4,22.4,16.6,20.9,1.21,1e-05,0.1,80,0.60,0.45,True,31.1,3,4,0.19007257617569379,0.4359731369886151,1.3571391489565758,3.692552748930219,-2.464,3.677,1.425,1.557,2.116,
1061,200,4,36.9,170.2,168.3,2.99,1e-05,0.1,25,center,center,True,173.9,3,3,0.25663290643580056,0.5065894851216324,4.116764259268739,9.349918089323285,-8.221,11.208,4.127,44.68,2.081,
1066,200,4,145.0,34.1,143.0,3.3,1e-05,0.1,50,center,center,True,175.8,3,3,10.250090402447197,3.2015762371755567,5.5773293107260145,5.832825435082534,2.028,1.277,6.016,18.184,2.411,
1070,200,4,65.7,109.9,121.2,3.76,1e-05,0.1,50,0.60,0.58,True,140.0,3,3,0.017954928048840385,0.1339960001225424,0.15213049777879672,1.399249422867222,5.179,1.415,0.184,25.986,1.817,
1069,200,4,137.7,181.9,221.1,3.72,1e-05,0.1,50,0.60,0.45,True,155.70000000000002,3,4,0.10197847114054612,0.31934068193787357,1.7494481149134704,2.1349414620306635,5.626,1.905,1.754,2.185,2.247,
1077,200,4,64.6,3.7,59.6,3.34,1e-05,0.1,120,0.35,0.40,True,68.2,3,3,0.027121773354940683,0.16468689490952423,4.8092189819390185,6.488182369301053,8.639,5.296,4.811,8.263,2.86,
988,200,4,88.9,39.3,90.7,4.37,1e-07,0.1,50,0.45,0.55,False,900.0,2,3,3.4566488734655074,1.859206517164112,2.6166068541383427,4.996728692882042,9.082,4.712,2.97,366.274,2.785,vittima non trovata entro 15 minuti
1071,200,4,173.6,108.6,197.9,1.19,1e-05,0.1,80,center,center,True,190.9,3,3,0.014749261627065033,0.1214465381436006,3.575754981198892,7.49547155793212,-7.672,8.866,3.577,18.836,1.884,
1079,200,4,54.5,113.8,119.5,3.51,1e-05,0.1,120,0.60,0.45,True,91.7,3,3,0.10000401529561764,0.31623411469292434,3.8725786907043975,6.825133101790043,7.801,4.292,3.873,1.755,2.157,
1075,200,4,43.5,85.6,89.4,3.07,1e-05,0.1,80,0.60,0.58,True,101.9,3,3,0.8413754578322576,0.917265205833219,0.8098859356021668,1.566784409511156,4.429,1.356,1.018,19.509,2.106,
1073,200,4,106.9,63.7,117.6,1.39,1e-05,0.1,80,0.45,0.55,True,151.6,3,1,2.1642571008648637,1.4711414278936148,2.0366675069250997,4.643065106737611,-3.497,4.89,2.356,10.165,1.686,
1080,200,4,39.4,52.2,58.4,4.77,1e-05,0.1,120,0.60,0.58,True,106.0,3,3,0.022367048610150073,0.1495561720897873,0.48013690519593466,1.4594351838662143,6.077,1.308,0.497,17.636,1.683,
1078,200,4,91.4,186.7,201.2,4.63,1e-05,0.1,120,0.45,0.55,True,136.3,3,4,0.5011046531058594,0.7078874579379546,2.2252723288816756,3.0685591914801473,6.645,2.012,2.226,7.929,2.539,
1084,200,4,12.5,44.1,39.8,2.69,1e-07,0.05,25,0.60,0.45,True,91.80000000000001,3,4,3.1484903146273404,1.7743985782871166,5.748469759318134,10.185728603653052,-9.971,12.662,5.759,10.962,3.973,
1072,200,4,159.8,78.3,171.3,2.55,1e-05,0.1,80,0.35,0.40,True,231.8,3,3,0.02944639076260449,0.1715995068833372,0.591899535950029,2.4304503447981465,4.958,2.407,0.603,40.945,1.87,
1076,200,4,131.5,138.2,183.7,3.58,1e-05,0.1,120,center,center,True,178.70000000000002,3,3,0.06866950670539446,0.26204867239769497,1.0794845233116446,1.6681439504697095,5.523,1.947,1.08,39.801,1.729,
1081,200,4,147.2,167.5,215.9,1.82,1e-07,0.05,25,center,center,True,153.5,3,4,0.23017395394604503,0.4797644775783687,5.043911737824571,5.134677353782234,1.447,0.37,5.061,23.654,2.324,
1085,200,4,9.6,96.7,91.8,3.5,1e-07,0.05,25,0.60,0.58,True,122.7,3,3,0.1215507694419714,0.34864131918344304,2.1653496809501145,2.7620683330537226,5.904,2.401,2.178,8.901,2.366,
981,200,4,42.1,141.7,141.6,1.22,1e-07,0.1,25,center,center,False,900.0,1,4,28.173848772120643,5.307904367273458,7.288188357510874,9.257739727701692,6.57,5.352,8.134,541.174,3.434,vittima non trovata entro 15 minuti
1082,200,4,43.5,166.4,165.9,2.07,1e-07,0.05,25,0.35,0.40,True,165.0,3,4,1.9311884992883668,1.3896720833665641,2.8973416958258165,5.8376543500959155,-4.689,6.761,2.997,21.454,1.955,
984,200,4,130.0,32.4,127.9,4.93,1e-07,0.1,25,0.60,0.45,False,900.0,2,2,59.367831063307165,7.705052307629531,9.73081245296022,10.912665163066666,4.841,0.094,11.248,441.973,3.624,vittima non trovata entro 15 minuti
1089,200,4,129.7,79.6,145.3,4.68,1e-07,0.05,50,0.60,0.45,True,156.10000000000002,3,2,1.8727699463207506,1.3684918510246054,2.0161004240190943,2.141325133237963,6.321,1.64,2.053,9.821,2.005,
1087,200,4,99.3,128.3,155.2,4.63,1e-07,0.05,50,0.35,0.40,True,159.4,3,4,1.3566936363976807,1.164771924626311,0.17240839809817568,2.7816579732204763,1.784,2.85,0.933,21.444,1.636,
1092,200,4,79.6,49.0,86.6,2.93,1e-07,0.05,80,0.35,0.40,True,123.30000000000001,3,3,1.9783232255847938,1.4065287859069198,1.728223451863932,7.073853154787073,-4.466,7.394,1.92,7.861,2.276,
989,200,4,112.8,1.9,107.8,3.84,1e-07,0.1,50,0.60,0.45,False,900.0,1,2,93.46408799184674,9.66768265883023,14.201201702035757,14.432168513790431,7.804,3.967,15.083,386.748,2.982,vittima non trovata entro 15 minuti
1088,200,4,113.2,154.7,184.7,3.51,1e-07,0.05,50,0.45,0.55,True,173.8,3,4,0.011978434240752824,0.10944603346285704,0.7642538569389102,1.0094487983367668,3.982,0.476,0.769,13.346,1.712,
982,200,4,9.9,187.0,182.1,3.88,1e-07,0.1,25,0.35,0.40,False,900.0,2,2,1.036467066243288,1.018070265867385,7.725199803583898,7.7634762508883055,7.09,3.206,7.763,323.827,3.516,vittima non trovata entro 15 minuti
1090,200,4,162.6,145.8,211.4,4.27,1e-07,0.05,50,0.60,0.58,True,177.60000000000002,3,3,0.4995545384597036,0.7067917221216612,5.128077181497031,10.925458150684761,12.311,8.045,5.149,1.85,2.219,
1098,200,4,21.6,45.6,43.9,4.3,1e-07,0.05,120,0.45,0.55,True,75.7,3,4,0.036357741354014116,0.19067706037700002,2.4287164187731847,2.5005377380869285,2.905,1.392,2.43,4.623,2.834,
1057,200,4,21.6,66.7,63.9,2.56,1e-05,0.05,120,0.35,0.40,True,453.0,3,3,0.013215489426144917,0.11495864224209033,1.9258335902455124,2.1824264315401947,4.564,2.008,1.927,16.206,2.232,
1095,200,4,111.2,62.7,120.8,4.36,1e-07,0.05,80,0.60,0.58,True,159.20000000000002,3,1,1.1104682577850424,1.053787577163938,0.5771273486025615,5.006166804606364,-0.784,5.146,1.049,10.902,1.768,
1096,200,4,83.1,66.6,99.5,4.69,1e-07,0.05,120,center,center,True,130.4,3,4,0.05240579400080136,0.22892311810038182,1.3029079212391925,1.5789214419785111,6.106,1.42,1.304,6.416,2.272,
1097,200,4,45.6,186.7,186.2,2.42,1e-07,0.05,120,0.35,0.40,True,156.9,3,4,0.15956674382308808,0.39945806265875783,3.48969323716205,9.3536750503558,-8.208,10.627,3.494,5.55,1.978,
1106,200,4,47.6,4.7,42.6,1.65,1e-07,0.1,50,center,center,True,71.0,3,4,1.320972383299835,1.1493356269166266,2.5824833008630805,11.637358841100141,11.102,9.455,2.602,5.138,2.815,
1093,200,4,177.9,32.0,175.0,3.14,1e-07,0.05,80,0.45,0.55,True,238.0,3,3,10.679354120480633,3.2679281082179017,3.1289854252607627,3.8405625256281497,0.232,2.912,3.283,13.281,1.928,
1094,200,4,179.2,84.8,191.6,2.75,1e-07,0.05,80,0.60,0.45,True,233.70000000000002,3,3,0.006513336454293067,0.08070524427999129,1.1144177928025873,1.6910972482985422,4.612,1.862,1.116,22.601,1.792,
1104,200,4,27.3,143.8,140.6,4.21,1e-07,0.1,25,0.60,0.45,True,127.10000000000001,3,3,0.0384984771639218,0.19621028811946076,0.41188539784202943,1.5245689975738352,3.009,1.198,0.416,25.753,1.665,
1099,200,4,139.4,176.4,217.8,1.53,1e-07,0.05,120,0.60,0.45,True,184.20000000000002,3,4,0.03967468355766199,0.1991850485294064,0.8416760935226922,1.1083003585261169,2.29,0.761,0.863,15.993,1.81,
1105,200,4,19.4,81.5,77.9,4.05,1e-07,0.1,25,0.60,0.58,True,133.0,3,3,0.2558028633831826,0.5057695753830815,1.6062710374523592,1.992719218909673,5.625,1.575,1.638,16.028,2.183,
1108,200,4,55.3,106.6,113.4,1.54,1e-07,0.1,50,0.45,0.55,True,114.0,3,4,0.001519876679551977,0.03898559579578049,0.5496283929507406,1.9434135950335367,-0.316,1.859,0.55,14.787,1.584,
1110,200,4,135.7,72.7,147.2,2.26,1e-07,0.1,50,0.60,0.58,True,143.0,3,2,0.008058152719648133,0.08976721405751731,0.6954716490435637,0.8223718000618994,2.712,0.452,0.699,37.67,1.755,
1109,200,4,59.5,182.1,185.3,4.89,1e-07,0.1,50,0.60,0.45,True,142.8,3,4,1.2825357572850227,1.132490952407578,0.9455163154453943,6.164969058691985,-1.495,6.39,1.322,11.299,1.835,
1015,200,4,5.4,149.4,144.4,3.36,1e-06,0.05,80,0.60,0.58,False,900.0,2,2,0.7842945227759326,0.8856040440151188,7.624290630974307,38.43570038327931,39.222,35.866,7.639,71.691,4.06,vittima non trovata entro 15 minuti
1113,200,4,55.6,19.4,52.6,4.86,1e-07,0.1,80,0.45,0.55,True,87.10000000000001,3,4,0.053519030885861435,0.23134180531382872,4.0231607777000935,5.899346943499624,8.068,3.206,4.029,10.112,2.41,
1000,200,4,110.7,18.7,106.6,1.09,1e-07,0.1,120,0.60,0.58,False,900.0,2,2,0.2011804246185811,0.4485314087314077,1.4783625227413546,6.384941033894615,7.31,6.215,1.491,116.179,1.616,vittima non trovata entro 15 minuti
1100,200,4,156.2,10.4,151.3,1.15,1e-07,0.05,120,0.60,0.58,True,255.4,3,4,0.019785272908311335,0.14066013261870378,0.16633636788847483,3.8164745620979805,-2.64,3.79,0.202,16.86,1.748,
1010,200,4,189.9,19.9,185.5,3.3,1e-06,0.05,50,0.60,0.58,False,900.0,2,3,16.150296940956718,4.018743204156832,0.8283756456906418,1.7204870778337915,4.812,1.511,4.02,2242.271,3.535,vittima non trovata entro 15 minuti
1114,200,4,92.0,176.1,192.0,3.4,1e-07,0.1,80,0.60,0.45,True,143.1,3,4,0.24253562503850007,0.4924790605076525,0.4619986397781047,4.256835447230418,-0.775,4.179,0.66,16.676,1.669,
1119,200,4,23.7,173.4,169.4,3.28,1e-07,0.1,120,0.60,0.45,True,122.0,3,3,0.0039971683871570475,0.06322316337511946,2.2012163118882557,3.797662288629294,7.195,3.917,2.201,16.689,2.14,
1120,200,4,82.5,35.2,83.2,1.29,1e-07,0.1,120,0.60,0.58,True,105.30000000000001,3,3,0.7936458276469154,0.8908680192076239,5.268532259665636,6.344265461037956,3.656,2.368,5.334,14.468,3.107,
1116,200,4,158.2,158.7,217.0,1.69,1e-07,0.1,120,center,center,True,152.5,3,4,0.014806824168360082,0.12168329453281614,2.679383764474707,3.1169844315493602,2.547,0.855,2.68,32.488,1.913,
1040,200,4,3.0,111.9,106.9,4.53,1e-06,0.1,120,0.60,0.58,False,900.0,1,2,0.06212003893355952,0.24923891937969783,6.390314908792484,6.477422506485048,4.093,0.441,6.392,1470.399,3.447,vittima non trovata entro 15 minuti
1111,200,4,142.5,112.5,174.5,3.63,1e-07,0.1,80,center,center,True,217.5,3,3,0.12828093341183355,0.3581632775869597,3.021223378792475,8.603910460673749,-6.491,10.123,3.022,20.244,2.174,
1115,200,4,185.9,58.4,188.6,2.41,1e-07,0.1,80,0.60,0.58,True,216.70000000000002,3,3,0.03320870075073895,0.18223254580545967,3.4608120390518167,10.47935365694514,-8.348,10.759,3.461,24.379,2.333,
1124,200,4,108.5,42.6,110.1,1.75,1e-06,0.05,25,0.60,0.45,True,136.3,3,3,0.010446913572818543,0.10221014417766244,0.2322319793390033,0.971695609458841,2.831,1.079,0.233,2.886,1.623,
1112,200,4,148.2,148.1,202.5,4.73,1e-07,0.1,80,0.35,0.40,True,236.9,3,4,0.016120718714070042,0.1269673923260222,0.4667633102302808,1.1240865090702348,5.827,1.101,0.478,32.008,1.763,
1021,200,4,110.3,119.9,155.8,4.13,1e-06,0.1,25,center,center,False,900.0,2,4,275.82483979460204,16.607975186475986,30.28747196909389,35.47525123916574,3.9,0.232,32.856,493.287,3.359,vittima non trovata entro 15 minuti
1121,200,4,164.7,106.5,189.2,2.62,1e-06,0.05,25,center,center,True,184.20000000000002,3,4,0.4015509318685038,0.6336804651151113,0.6044109764731197,2.6431219174423934,5.54,2.918,0.872,29.745,1.875,
1118,200,4,144.6,83.5,160.2,3.93,1e-07,0.1,120,0.45,0.55,True,210.5,3,4,0.04264892220960953,0.2065161548392995,0.3933973668326316,0.9276423614903271,3.014,0.915,0.402,17.718,1.797,
1129,200,4,89.1,133.6,153.7,2.63,1e-06,0.05,50,0.60,0.45,True,132.5,3,4,5.605763946568374,2.3676494560150525,0.7561426201744771,2.437937217425029,-0.226,2.86,1.725,10.574,2.175,
1128,200,4,49.8,144.9,146.9,2.05,1e-06,0.05,50,0.45,0.55,True,137.8,3,4,0.06857349309728172,0.2618654102726852,0.837658161589561,0.9749744827074175,2.531,0.484,0.874,9.547,1.786,
1126,200,4,152.2,156.8,211.4,3.92,1e-06,0.05,50,center,center,True,174.0,3,4,1.8964774235206978,1.3771265096281815,3.989289823730805,8.033036674755255,-5.423,9.339,4.093,5.571,2.25,
1034,200,4,121.8,72.2,134.7,2.74,1e-06,0.1,80,0.60,0.45,False,900.0,2,2,18.39097982770513,4.288470569760871,51.636424038271024,51.80099152851624,9.488,6.744,51.753,258.731,3.777,vittima non trovata entro 15 minuti
1123,200,4,155.4,177.5,228.8,1.55,1e-06,0.05,25,0.45,0.55,True,210.0,3,4,0.4517240763692152,0.6721042154080089,1.0315768386994526,1.4384511919125749,2.462,0.914,1.082,28.667,2.205,
1127,200,4,161.8,131.5,201.5,1.46,1e-06,0.05,50,0.35,0.40,True,192.4,3,4,0.015976441459061887,0.12639794879293687,2.1797715755285796,3.958356248615592,5.521,4.056,2.181,30.882,1.536,
1133,200,4,125.6,128.5,172.6,3.73,1e-06,0.05,80,0.45,0.55,True,141.3,3,4,0.006662170490283456,0.0816221201040714,0.8081189075333631,1.2282391130608978,4.945,1.215,0.809,18.523,1.702,
1130,200,4,66.0,41.0,70.8,2.56,1e-06,0.05,50,0.60,0.58,True,129.8,3,3,0.37093607195521294,0.6090452133915946,4.893542563658547,11.131329177244318,11.15,8.592,4.894,19.815,2.834,
1117,200,4,170.8,155.3,223.8,2.8,1e-07,0.1,120,0.35,0.40,True,282.3,3,3,0.02052801018144874,0.14327599303947866,0.5726201219049508,2.184471653979552,5.026,2.225,0.576,63.529,1.788,
1131,200,4,117.4,24.2,114.1,1.11,1e-06,0.05,80,center,center,True,170.0,3,1,180.5859197086002,13.438226062564961,8.913876318279705,23.64449009076877,18.497,17.386,9.978,31.711,2.18,
1140,200,4,47.5,4.4,42.5,3.39,1e-06,0.05,120,0.60,0.58,True,59.300000000000004,3,4,1.2759359620507573,1.1295733539928947,6.728990873704407,15.179912508444499,12.876,9.482,6.738,5.563,2.552,
1135,200,4,50.6,180.6,181.4,4.73,1e-06,0.05,80,0.60,0.58,True,151.70000000000002,3,4,0.017429125017736437,0.1320194115186719,0.54319690772858,0.7674229698323777,5.567,0.842,0.556,8.047,2.041,
1138,200,4,56.8,64.9,79.2,1.69,1e-06,0.05,120,0.45,0.55,True,116.60000000000001,3,4,2.304320055292637,1.5179987006887183,2.017944489549363,2.024586174767522,1.499,0.193,2.255,6.58,1.985,
1141,200,4,25.0,53.1,52.0,3.48,1e-06,0.1,25,center,center,True,108.5,3,3,0.045455747740005645,0.21320353594630095,0.756724029279005,1.058865636400153,4.436,0.957,0.758,22.549,2.061,
1136,200,4,39.7,167.0,165.7,4.43,1e-06,0.05,120,center,center,True,153.8,3,4,0.024907823948267436,0.1578221275622257,1.761043357457346,2.3388649921379923,6.864,2.437,1.762,3.312,1.766,
1125,200,4,0.1,152.3,147.4,3.98,1e-06,0.05,25,0.60,0.58,True,280.5,3,2,0.0156296346171763,0.12501853709420976,1.2208947790739135,3.0714839201113793,7.069,3.091,1.224,10.459,1.658,
1134,200,4,163.1,88.0,178.6,2.13,1e-06,0.05,80,0.60,0.45,True,219.8,3,4,0.019576357166700524,0.13991553583037347,0.3056400724302654,0.6390924690151742,2.639,0.506,0.326,20.377,1.845,
1137,200,4,85.6,181.3,193.8,2.66,1e-06,0.05,120,0.35,0.40,True,164.5,3,4,0.08195055943294514,0.28627008127456344,0.15581132578514748,2.5701597131399474,0.044,2.612,0.308,4.552,1.755,
1132,200,4,157.1,63.7,163.0,3.14,1e-06,0.05,80,0.35,0.40,True,244.8,3,4,0.24501008571704969,0.49498493483847533,0.24891044471218596,0.4500901117691469,3.528,0.388,0.467,12.007,2.21,
1122,200,4,132.2,74.3,144.8,3.18,1e-06,0.05,25,0.35,0.40,True,324.0,3,3,7.429406263104418,2.7256937214412806,3.822300989652036,5.0477348857723365,-0.559,3.741,4.477,95.521,3.257,
1043,200,4,178.0,76.0,187.0,2.29,1e-05,0.05,25,0.45,0.55,False,900.0,2,2,14.096036075365557,3.7544688140089213,37.043916958175636,44.65215358273679,13.413,11.12,37.213,140.785,2.549,vittima non trovata entro 15 minuti
1053,200,4,16.9,83.4,79.3,1.92,1e-05,0.05,80,0.45,0.55,False,900.0,2,2,9.360660966678378,3.0595197281073996,4.627870197294346,4.699610896189775,1.933,0.009,5.032,2765.905,5.275,vittima non trovata entro 15 minuti
1146,200,4,48.4,33.4,51.9,4.79,1e-06,0.1,50,center,center,True,121.2,3,4,0.25153863766572665,0.501536277517117,1.3723266206583173,1.600043289672637,6.62,1.834,1.459,17.528,2.567,
1151,200,4,126.3,118.1,165.9,4.58,1e-06,0.1,80,center,center,True,148.4,3,3,0.02659980045815369,0.16309445256707442,1.2892211471128174,1.5514914427388067,6.337,1.758,1.29,34.796,1.748,
1139,200,4,166.8,39.8,165.6,3.9,1e-06,0.05,120,0.60,0.45,True,235.10000000000002,3,3,0.05064866767840046,0.2250525886951769,3.144742056268387,3.8707234047836097,7.405,3.502,3.145,22.161,2.539,
1062,200,4,29.8,179.7,176.4,1.21,1e-05,0.1,25,0.35,0.40,False,900.0,2,3,1469.0320784305752,38.32795426879154,47.29739440771232,51.11190112787212,3.197,1.982,52.138,417.546,3.067,vittima non trovata entro 15 minuti
1145,200,4,74.3,180.6,188.8,4.15,1e-06,0.1,25,0.60,0.58,True,153.1,3,4,0.034565482359501944,0.18591794523257282,0.4950873081268173,1.639633662879774,5.663,1.515,0.528,44.175,1.951,
1147,200,4,72.6,169.1,177.5,4.9,1e-06,0.1,50,0.35,0.40,True,173.8,3,4,0.05512535517300025,0.2347878940086142,1.6664094890399404,2.1021593490283528,7.122,2.224,1.675,17.171,1.989,
1067,200,4,107.9,51.2,112.8,3.93,1e-05,0.1,50,0.35,0.40,False,900.0,2,2,79.85764562080861,8.936310515017292,49.59983825969708,62.60763642881809,55.387,51.457,49.814,140.547,4.458,vittima non trovata entro 15 minuti
1162,200,4,62.6,17.1,58.8,1.99,1e-05,0.05,25,0.35,0.40,True,70.0,3,3,0.9995809897624839,0.9997904729304455,3.629461374481556,6.79260307643462,7.935,5.948,3.655,2.753,2.369,
1161,200,4,5.0,53.7,48.7,3.58,1e-05,0.05,25,center,center,True,89.30000000000001,3,1,0.04760007864790015,0.21817442253366948,0.781225585103107,1.3129042972980673,5.0,1.417,0.785,8.568,1.677,
1143,200,4,146.9,50.8,149.1,2.78,1e-06,0.1,25,0.45,0.55,True,233.20000000000002,3,4,6.958469105817652,2.6378910337270667,2.4370958358640946,5.544886354604079,8.354,5.576,2.839,64.725,3.447,
1148,200,4,172.3,139.5,214.6,4.42,1e-06,0.1,50,0.45,0.55,True,203.70000000000002,3,3,0.002940408470979481,0.054225533385845834,0.6515775313363801,2.0518505087295495,2.351,2.072,0.653,27.577,1.917,
1153,200,4,112.4,155.8,185.2,4.1,1e-06,0.1,80,0.45,0.55,True,153.1,3,4,0.004842968747807909,0.06959144162760181,0.7679976748241187,1.4051657757725617,5.386,1.288,0.77,21.885,1.821,
1164,200,4,52.9,15.0,49.0,2.84,1e-05,0.05,25,0.60,0.45,True,68.5,3,3,6.222887210193734,2.4945715484214386,3.088546124227095,4.290731444737378,3.457,0.618,3.211,6.316,2.078,
1064,200,4,85.9,161.2,175.9,4.75,1e-05,0.1,25,0.60,0.45,False,900.0,1,4,3011.6892847799913,54.87886009002001,82.8868524909376,83.60656090266858,-22.012,26.757,88.195,998.035,3.366,vittima non trovata entro 15 minuti
1144,200,4,118.4,14.4,113.8,3.07,1e-06,0.1,25,0.60,0.45,True,243.5,3,4,7.374658077090746,2.715632168960065,2.813292166824853,9.347442553033998,12.063,8.988,3.845,83.071,2.255,
1159,200,4,110.5,26.6,107.7,1.8,1e-06,0.1,120,0.60,0.45,True,159.20000000000002,3,3,0.04289354467056732,0.20710756787371948,2.0308045565637847,2.8108294951674075,4.617,2.82,2.034,21.549,2.165,
1150,200,4,177.3,6.8,172.3,1.16,1e-06,0.1,50,0.60,0.58,True,254.10000000000002,3,3,1.1497315635412908,1.0722553630275256,2.0955339541258264,4.667613104967086,5.451,4.294,2.105,14.263,2.385,
1156,200,4,63.6,25.4,62.1,2.95,1e-06,0.1,120,center,center,True,153.20000000000002,3,4,0.10440341039269335,0.3231151658351761,2.327554903021711,3.0363196837147033,6.541,3.59,2.328,29.606,2.453,
1175,200,4,22.4,14.4,19.7,2.99,1e-05,0.05,80,0.60,0.58,True,33.2,3,4,0.06984806213252878,0.26428783954720425,0.13377320739014165,0.623828765112441,2.455,0.538,0.284,0.306,1.678,
1167,200,4,120.2,176.6,206.7,3.76,1e-05,0.05,50,0.35,0.40,True,132.1,3,4,0.006869626085715206,0.0828832075013703,0.7519839033148361,0.757764026288593,3.45,0.311,0.753,16.365,1.795,
1154,200,4,175.2,31.1,172.2,1.51,1e-06,0.1,80,0.60,0.45,True,241.4,3,3,0.23296440660348725,0.4826638650277098,5.816778444501864,7.463066634453529,8.109,6.601,5.817,39.556,2.42,
1171,200,4,45.5,64.5,72.0,1.43,1e-05,0.05,80,center,center,True,93.30000000000001,3,3,0.000645450710777643,0.02540572200858781,1.3162055458731394,1.3854107680435417,2.801,1.374,1.316,4.972,1.721,
1166,200,4,134.9,153.9,197.6,1.69,1e-05,0.05,50,center,center,True,156.9,3,4,0.03943142472509616,0.19857347437433873,2.381383568856381,6.163092598393743,-5.669,7.356,2.384,4.107,2.171,
1170,200,4,40.1,124.4,124.4,2.6,1e-05,0.05,50,0.60,0.58,True,101.10000000000001,3,3,0.009811761388460936,0.09905433553591148,0.8575153530593104,2.4293276647362574,0.151,2.453,0.858,3.425,1.633,
1086,200,4,186.0,39.7,184.3,3.34,1e-07,0.05,50,center,center,False,900.0,2,2,25.268132704194823,5.02674175825602,11.582929963735523,20.70412420305774,24.781,21.437,11.841,418.974,3.419,vittima non trovata entro 15 minuti
1187,200,4,1.1,12.7,8.6,1.99,1e-05,0.1,50,0.35,0.40,True,0.30000000000000004,3,2,0.6095911134830643,0.7807631609413089,4.243905630743914,5.4882853454912555,3.866,1.874,4.247,4.204,2.939,
1172,200,4,67.5,121.6,132.3,1.53,1e-05,0.05,80,0.35,0.40,True,114.30000000000001,3,3,1.5369623504534085,1.2397428565849486,1.2676836270290364,2.3875645242954113,-1.002,2.534,1.671,7.713,2.206,
1168,200,4,118.0,49.5,121.4,3.29,1e-05,0.05,50,0.45,0.55,False,165.10000000000002,3,1,1383.1793271290262,37.191118928166524,26.128488135091654,26.13056345559707,3.624,0.337,27.619,30.842,2.094,vittima non trovata entro 15 minuti
1177,200,4,44.5,136.1,136.9,1.93,1e-05,0.05,120,0.35,0.40,True,104.9,3,3,0.015191676764651404,0.1232545202605219,1.1911401361253053,1.5665302566690589,3.639,1.707,1.194,2.012,1.743,
1176,200,4,100.2,169.5,190.1,4.63,1e-05,0.05,120,center,center,True,142.1,3,4,0.023499231905177775,0.15329459189801112,3.608112721025779,10.246488583076504,-7.536,12.166,3.61,2.771,1.809,
1185,200,4,46.6,14.1,42.6,4.15,1e-05,0.1,25,0.60,0.58,True,69.2,3,3,0.1752255043705312,0.41859945576951146,2.701147370036248,4.094680933802657,8.575,4.42,2.701,9.99,2.959,
1178,200,4,99.3,85.1,123.7,4.48,1e-05,0.05,120,0.45,0.55,False,151.9,3,1,1164.317049170452,34.122090339990194,24.223002236330686,31.69573802410471,23.119,18.642,24.508,37.853,2.088,vittima non trovata entro 15 minuti
1091,200,4,11.3,100.8,96.0,1.37,1e-07,0.05,80,center,center,False,900.0,2,2,9.135739461040657,3.022538578916844,5.411902282801974,6.500403208875359,5.9,4.532,6.059,1528.815,4.403,vittima non trovata entro 15 minuti
1169,200,4,122.3,9.2,117.4,1.54,1e-05,0.05,50,0.60,0.45,True,210.4,3,4,0.015813853283380024,0.12575314422860379,0.7730881979906131,1.4396855073225485,3.092,1.552,0.779,23.11,1.956,
1142,200,4,152.5,1.1,147.6,1.81,1e-06,0.1,25,0.35,0.40,True,384.20000000000005,3,3,0.03262146121919736,0.18061412242456945,6.904971284248889,9.732510956643615,9.283,7.468,6.905,34.525,2.554,
1196,200,4,8.8,14.5,10.2,4.24,1e-05,0.1,120,center,center,True,4.5,3,3,1.637967693802592,1.2798311192507361,1.6280087428026586,2.29531077823813,6.713,2.471,1.629,1.694,2.312,
1174,200,4,147.6,58.3,152.2,1.29,1e-05,0.05,80,0.60,0.45,True,201.9,3,3,0.2576517621761232,0.5075940919436742,1.9937867959016784,2.778292586746477,3.99,2.698,2.012,19.637,2.869,
1083,200,4,8.4,122.0,117.1,3.74,1e-07,0.05,25,0.45,0.55,False,900.0,2,2,0.010565364697609304,0.10278795988640549,1.9769493932853552,15.358150797881605,19.262,15.519,1.979,136.506,3.423,vittima non trovata entro 15 minuti
1189,200,4,65.6,10.9,60.9,3.92,1e-05,0.1,50,0.60,0.45,True,83.60000000000001,3,3,0.07238102781556172,0.2690372238474849,1.7720789859884962,7.946348104225745,10.96,7.038,1.78,8.484,2.269,
1179,200,4,169.1,91.5,185.5,1.33,1e-05,0.05,120,0.60,0.45,True,198.5,3,3,0.09555922423599685,0.30912655051935745,4.1139372683484705,5.0417108721359085,6.572,5.243,4.114,20.842,1.789,
1188,200,4,75.0,168.2,177.5,2.94,1e-05,0.1,50,0.45,0.55,True,136.0,3,4,0.00641206238862292,0.08007535443957098,0.07855575212755585,0.18435742964193275,3.113,0.171,0.108,16.934,1.619,
1183,200,4,108.5,86.3,131.6,2.12,1e-05,0.1,25,0.45,0.55,True,144.1,3,1,0.0049923955357269135,0.0706568859753026,1.1916033902613314,1.7460951857132612,0.821,1.303,1.193,30.985,1.826,
1190,200,4,45.7,113.0,115.4,4.58,1e-05,0.1,50,0.60,0.58,True,112.10000000000001,3,3,0.1375441296626419,0.37086942400613443,1.9982825305309901,3.8647082467364893,7.933,3.356,2.005,23.914,2.449,
1186,200,4,121.8,164.4,197.6,1.8,1e-05,0.1,50,center,center,True,148.20000000000002,3,4,0.03896951653349902,0.19740698197758613,4.0475555692630945,8.463462187214814,-8.501,10.303,4.049,0.681,2.136,
1180,200,4,166.0,13.8,161.3,2.5,1e-05,0.05,120,0.60,0.58,True,225.4,3,3,0.01423849840355458,0.11932517925213681,1.412519121172837,5.078828086618017,-2.8,5.297,1.413,11.63,2.715,
1195,200,4,66.8,6.4,61.8,2.54,1e-05,0.1,80,0.60,0.58,True,73.0,3,3,0.5220997997475082,0.7225647374093952,1.208153941204615,1.2972213021684187,3.091,0.554,1.402,18.425,2.822,
1192,200,4,27.6,171.6,168.2,2.77,1e-05,0.1,80,0.35,0.40,True,113.9,3,3,2.8688485587926804,1.693767563390172,4.840147221490701,9.767422058400967,-8.532,11.306,4.903,12.017,2.615,
1197,200,4,52.0,95.8,102.2,2.77,1e-05,0.1,120,0.35,0.40,True,99.7,3,3,0.3712249765190173,0.6092823454844374,4.783851701098428,11.01975399866072,-9.486,12.252,4.793,12.987,2.325,
1194,200,4,39.1,113.8,114.0,2.57,1e-05,0.1,80,0.60,0.45,True,105.30000000000001,3,3,0.010228592462289817,0.10113650410356202,1.8078901034100048,7.3966837123843145,-5.538,8.105,1.81,9.322,1.651,
1107,200,4,10.7,112.0,107.2,3.47,1e-07,0.1,50,0.35,0.40,False,900.0,2,2,1.1418976096929982,1.0685960928681137,1.7706320235825959,31.277524486838836,-26.648,30.118,1.998,201.213,4.258,vittima non trovata entro 15 minuti
1191,200,4,175.5,129.5,211.2,4.01,1e-05,0.1,80,center,center,True,202.3,3,3,0.005194919887441385,0.07207579265912645,4.537172356977807,10.94471512761608,-8.937,12.943,4.537,17.758,1.624,
1200,200,4,154.5,149.8,208.1,1.12,1e-05,0.1,120,0.60,0.58,True,156.5,3,4,0.024974893582116298,0.1580344696011484,2.3312519115035024,4.436029405070765,5.919,4.799,2.332,28.065,1.988,
1201,200,5,82.1,21.8,79.0,2.05,1e-07,0.05,25,center,center,True,98.4,3,3,1.0194434357172697,1.009674915860184,6.43304859881171,11.619211710213424,10.387,8.335,6.436,10.937,2.98,
1193,200,4,163.1,67.1,169.9,3.02,1e-05,0.1,80,0.45,0.55,True,201.20000000000002,3,3,4.380785729551779,2.09303266327876,2.309529425828321,2.9120645393447164,0.835,2.183,2.7,14.511,1.853,
1210,200,5,2.4,36.1,31.2,1.23,1e-07,0.05,50,0.60,0.58,True,62.7,3,4,0.010601432703629139,0.10296325899867942,3.9445165001318925,9.536646682951309,-8.618,9.843,3.946,4.579,2.015,
1182,200,4,111.2,134.0,167.1,2.79,1e-05,0.1,25,0.35,0.40,True,265.90000000000003,3,4,11.526324469502438,3.3950441042057817,2.2028886994851065,3.1604839267252562,1.384,1.406,2.423,80.998,2.276,
1101,200,4,133.4,95.5,157.1,4.79,1e-07,0.1,25,center,center,False,900.0,1,3,32.96190591195804,5.741246024336358,8.744971363044831,13.067537723358202,13.305,8.511,10.411,798.101,4.015,vittima non trovata entro 15 minuti
1198,200,4,172.5,21.8,168.3,3.04,1e-05,0.1,120,0.45,0.55,True,216.60000000000002,3,3,0.05537058710635376,0.2353095559180582,1.9554705298348674,4.244979913640014,6.689,3.654,1.956,21.174,1.83,
1205,200,5,23.3,77.7,75.0,1.44,1e-07,0.05,25,0.60,0.58,True,117.4,3,4,8.723753777012883,2.9536001383079737,2.460872604806285,3.2691566289281395,-0.939,2.379,2.704,5.756,2.254,
1103,200,4,55.1,151.2,154.5,1.58,1e-07,0.1,25,0.45,0.55,False,900.0,2,4,0.8084849128776349,0.899157890961112,3.897486813071839,17.885647116016415,19.46,17.881,3.903,103.628,2.337,vittima non trovata entro 15 minuti
1102,200,4,172.0,26.5,168.3,2.94,1e-07,0.1,25,0.35,0.40,False,900.0,0,3,0.3054521385260714,0.5526772462532462,3.0792877456071737,9.30305180560171,11.222,8.284,3.128,416.272,3.623,vittima non trovata entro 15 minuti
1204,200,5,46.1,172.6,172.6,3.29,1e-07,0.05,25,0.60,0.45,True,130.20000000000002,3,5,0.7952943331192707,0.8917927635495091,3.89631077648633,5.411527230881478,-3.146,6.44,3.949,4.452,2.182,
1209,200,5,92.7,18.1,88.7,2.39,1e-07,0.05,50,0.60,0.45,True,126.9,3,3,0.9074515445219958,0.9526025112931394,4.066961460367979,4.097143890616275,-0.504,2.893,4.069,7.24,3.065,
1207,200,5,134.4,31.8,132.1,2.36,1e-07,0.05,50,0.35,0.40,True,167.8,3,3,0.41491927223211045,0.644142276389394,0.8831722718254604,1.2432152005461539,3.45,1.091,1.041,9.945,1.724,
1158,200,4,129.4,6.6,124.4,3.89,1e-06,0.1,120,0.45,0.55,True,553.1,3,2,0.0334750862367517,0.18296198030397381,0.026942722061225322,0.9457833516475294,4.831,0.945,0.17,15.889,1.909,
1211,200,5,109.7,59.7,118.2,2.11,1e-07,0.05,80,center,center,True,158.70000000000002,3,5,2.2174084684084585,1.4890965275657781,4.379860000678106,8.994395370435495,-8.816,10.926,4.381,18.025,1.703,
1212,200,5,4.8,133.9,128.9,3.79,1e-07,0.05,80,0.35,0.40,True,137.70000000000002,3,3,0.28190817660056827,0.5309502581227061,6.795556472890187,13.549808618266658,-12.13,15.915,6.801,9.178,2.703,
1213,200,5,54.9,27.3,54.7,1.45,1e-07,0.05,80,0.45,0.55,True,101.0,3,5,0.04626855241080269,0.2151012608303417,0.9432842820049949,3.329494098748916,4.402,2.951,0.962,3.416,1.778,
1215,200,5,52.0,52.3,66.6,2.26,1e-07,0.05,80,0.60,0.58,True,111.2,3,5,0.7658036640502168,0.8751020877876002,0.7773442983944077,4.490219498800231,-2.31,4.566,1.058,2.505,1.75,
1208,200,5,179.6,33.8,177.0,4.25,1e-07,0.05,50,0.45,0.55,True,228.70000000000002,3,4,0.027124716057390613,0.16469582890100956,0.7393466124721131,1.7841864385746442,5.769,1.518,0.752,26.72,1.704,
1202,200,5,162.4,68.2,169.6,4.09,1e-07,0.05,25,0.35,0.40,True,238.8,3,4,7.838445589357858,2.7997224129112976,2.34832162472523,3.1864747519909082,6.577,2.484,2.453,22.789,2.127,
1219,200,5,100.4,71.2,116.1,4.92,1e-07,0.05,120,0.60,0.45,True,141.9,3,3,0.015922176338156954,0.1261831063897103,0.6279001978777079,0.6279140701591233,4.522,0.399,0.63,10.668,2.186,
1203,200,5,172.1,102.6,193.5,4.55,1e-07,0.05,25,0.45,0.55,True,238.5,3,3,0.008901509387783533,0.09434781072067085,0.8947970973998538,2.681611918019575,7.144,2.59,0.899,21.342,1.636,
1206,200,5,162.1,98.5,182.8,1.18,1e-07,0.05,50,center,center,True,245.20000000000002,3,4,0.011135797504325032,0.10552628821447778,0.33955834489526376,2.4221317792958024,-1.057,2.237,0.351,28.893,1.699,
1220,200,5,136.9,150.5,196.4,1.89,1e-07,0.05,120,0.60,0.58,True,169.4,3,5,0.0029953547214924122,0.054729833925313644,2.875244234047805,4.660262444538532,6.642,4.755,2.876,2.549,1.732,
1214,200,5,179.1,151.4,227.5,3.5,1e-07,0.05,80,0.60,0.45,True,203.70000000000002,3,3,0.04683246871331054,0.2164081068567223,6.074752276350894,7.245709819484052,9.032,5.536,6.075,8.349,2.626,
1223,200,5,60.7,96.7,107.3,3.85,1e-07,0.1,25,0.45,0.55,True,131.0,3,5,10.3980522969696,3.2246011066439833,1.7486425885594248,4.430724428135764,8.153,4.307,2.262,23.138,2.728,
1218,200,5,157.8,170.1,225.0,2.39,1e-07,0.05,120,0.45,0.55,True,183.0,3,4,0.2968300912983576,0.5448211553329749,2.8670376286673154,9.945433717874327,10.567,8.181,2.912,1.976,2.862,
1216,200,5,165.4,16.0,160.8,4.18,1e-07,0.05,120,center,center,True,229.8,3,4,0.023329404008674195,0.15273966088961372,0.5918464356671542,6.8594362584508275,-3.025,7.207,0.595,1.07,1.824,
1227,200,5,20.6,118.3,114.4,3.05,1e-07,0.1,50,0.35,0.40,True,132.20000000000002,3,4,0.21116117894410913,0.4595227730418909,2.6707234699184217,7.596655119234127,-5.787,8.838,2.69,20.652,2.052,
1221,200,5,70.0,139.4,149.3,2.28,1e-07,0.1,25,center,center,True,168.60000000000002,3,5,13.400375343270301,3.660652311169459,2.0045513130911656,2.442890012298709,2.623,0.339,3.898,34.193,2.185,
1217,200,5,178.0,66.4,183.6,4.02,1e-07,0.05,120,0.35,0.40,True,236.4,3,3,0.08425596910222662,0.29026878768173925,2.502342728937161,3.32296577989838,6.889,2.869,2.503,4.413,1.814,
1231,200,5,74.8,111.0,126.9,3.26,1e-07,0.1,80,center,center,True,116.80000000000001,3,5,0.413916894431403,0.6433637341593036,1.2327901732065916,1.9539782668575238,0.913,2.346,1.233,6.658,1.981,
1149,200,4,188.7,14.2,184.0,2.15,1e-06,0.1,50,0.60,0.45,False,900.0,0,2,72.97571492447148,8.542582450551558,42.59129002924857,44.115281614329994,4.905,2.756,43.421,748.331,3.099,vittima non trovata entro 15 minuti
1228,200,5,168.2,79.8,179.5,4.45,1e-07,0.1,50,0.45,0.55,True,191.4,3,5,1.1933638128450605,1.092411924525296,1.6814811353763952,4.028883624203342,0.248,4.201,1.872,44.855,1.95,
1229,200,5,186.3,88.5,199.7,3.4,1e-07,0.1,50,0.60,0.45,True,185.9,3,4,0.03680231036134239,0.19183928263351693,0.3507696788032789,0.6111077346326772,4.089,0.686,0.366,51.122,2.009,
1236,200,5,25.0,84.9,82.3,1.14,1e-07,0.1,120,center,center,True,119.9,3,4,0.03441659449675802,0.18551710028123558,3.3770796304616497,4.675448913514521,6.347,5.202,3.377,0.352,2.286,
1157,200,4,11.2,164.5,159.6,2.43,1e-06,0.1,120,0.35,0.40,False,900.0,2,2,16.708524614459687,4.087606220572095,39.83250341867564,46.90750123523795,43.541,41.115,39.86,305.252,3.177,vittima non trovata entro 15 minuti
1224,200,5,172.3,50.5,173.4,2.15,1e-07,0.1,25,0.60,0.45,True,245.8,3,4,0.5044076703195558,0.7102166361889559,2.073335338914381,4.594182621375809,7.035,4.883,2.188,73.889,1.94,
1230,200,5,137.3,85.9,155.1,3.01,1e-07,0.1,50,0.60,0.58,True,198.3,3,5,2.4810054439878755,1.5751207712387885,0.9192579280335333,0.9909213610976477,3.765,0.755,1.79,30.437,1.999,
1237,200,5,31.0,111.3,109.4,3.71,1e-07,0.1,120,0.35,0.40,True,123.9,3,4,0.009562394899525544,0.097787498687335,3.6375958488172926,9.861987812296599,-7.766,11.479,3.638,6.794,1.914,
1152,200,4,3.0,150.4,145.4,4.51,1e-06,0.1,80,0.35,0.40,False,900.0,0,2,8.094202766404708,2.8450312417273573,39.91652562535154,41.28941821140997,3.95,0.558,39.975,256.408,3.736,vittima non trovata entro 15 minuti
1234,200,5,117.7,144.3,179.2,4.37,1e-07,0.1,80,0.60,0.45,True,156.4,3,5,0.009717794085943776,0.09857887241160641,0.5331500173078537,1.0855748277947124,5.011,0.64,0.536,3.715,1.601,
1238,200,5,99.8,104.3,137.3,2.55,1e-07,0.1,120,0.45,0.55,True,145.70000000000002,3,5,0.037617717220665266,0.1939528737107684,0.38055853072695145,0.38701257057167937,2.327,0.222,0.406,8.026,1.812,
1239,200,5,116.1,74.9,131.3,3.93,1e-07,0.1,120,0.60,0.45,True,156.3,3,3,3.3087893681622864,1.819007797718934,0.6778689619730475,1.5328895593842584,2.883,1.049,1.846,9.514,1.774,
1232,200,5,137.5,76.1,150.4,3.61,1e-07,0.1,80,0.35,0.40,True,197.8,3,5,0.012722421933833453,0.11279371407056979,0.681999622278262,1.0113863128032368,4.524,0.917,0.69,8.983,1.703,
1233,200,5,163.7,93.3,181.6,3.28,1e-07,0.1,80,0.45,0.55,True,209.3,3,4,0.06859008415359721,0.261897086951339,0.9740796044411203,7.622965476816997,-4.663,7.941,0.981,9.116,1.766,
1235,200,5,160.7,54.8,163.4,4.9,1e-07,0.1,80,0.60,0.58,True,225.20000000000002,3,4,0.005309471253666448,0.07286611869494936,0.48913830223646504,0.8461101838200524,5.492,0.596,0.49,15.536,1.637,
1240,200,5,146.3,180.5,225.3,1.76,1e-07,0.1,120,0.60,0.58,True,167.70000000000002,3,5,0.03767248924324802,0.19409402165766987,1.435278413616111,4.096564155199172,5.005,3.243,1.439,4.496,2.553,
1242,200,5,99.6,122.6,150.9,3.03,1e-06,0.05,25,0.35,0.40,True,168.9,3,5,15.421245052691146,3.9269893115071177,2.1055246460303296,3.9124194885009294,7.26,4.23,3.074,11.146,1.946,
1247,200,5,24.1,69.5,67.2,2.18,1e-06,0.05,50,0.35,0.40,True,116.4,3,4,0.05803067735944355,0.24089557355718172,3.0833709121696953,8.695656335415414,-7.66,9.842,3.086,6.331,2.06,
1245,200,5,128.5,115.7,165.9,4.04,1e-06,0.05,25,0.60,0.58,True,154.8,3,5,5.151837970329157,2.2697660607051904,1.3527826607685898,5.082844456021465,9.126,5.088,1.54,11.561,1.868,
1249,200,5,72.1,98.6,115.2,2.63,1e-06,0.05,50,0.60,0.45,True,112.0,3,4,0.11486735028374909,0.3389208613876536,0.9105916463704844,4.426770216785157,-2.331,4.961,0.922,3.233,1.957,
1248,200,5,89.2,57.9,99.5,2.3,1e-06,0.05,50,0.45,0.55,True,125.80000000000001,3,3,0.08113385233390714,0.28484004692793313,2.8194854435861703,3.9043317132762994,5.601,3.299,2.82,7.349,2.821,
1173,200,4,9.9,110.3,105.4,3.46,1e-05,0.05,80,0.45,0.55,False,900.0,2,2,6.53653042356064,2.556663924640984,31.614729142760215,34.828662306469575,15.731,12.266,31.656,815.054,3.191,vittima non trovata entro 15 minuti
1241,200,5,107.7,42.6,109.3,3.04,1e-06,0.05,25,center,center,True,211.5,3,5,5.681565072991883,2.3836033799673726,1.9634073218478163,2.613572231633373,3.872,0.829,2.945,34.997,2.395,
1246,200,5,99.1,184.0,202.2,4.15,1e-06,0.05,50,center,center,True,174.20000000000002,3,5,0.3320333601639851,0.5762233596132537,0.8860904530739078,3.0260990795229925,0.691,3.463,0.968,11.024,2.193,
1165,200,4,0.4,56.2,51.4,4.0,1e-05,0.05,25,0.60,0.58,False,900.0,2,3,165.29495309739275,12.85670848613255,16.72138614085078,19.99885154432303,14.88,10.885,18.982,262.345,3.212,vittima non trovata entro 15 minuti
1155,200,4,154.6,177.4,228.3,3.69,1e-06,0.1,80,0.60,0.58,False,900.0,0,4,15.571318832220307,3.9460510427793896,55.14184199341792,56.86819438117363,47.877,44.182,55.281,245.204,3.651,vittima non trovata entro 15 minuti
1255,200,5,26.3,124.2,121.1,3.11,1e-06,0.05,80,0.60,0.58,True,133.8,3,4,4.165279027455731,2.040901523213634,1.1606365538199217,1.4617263977268582,2.288,0.818,2.105,2.722,1.712,
1253,200,5,90.4,113.9,138.4,4.05,1e-06,0.05,80,0.45,0.55,True,144.5,3,5,0.027011313041825618,0.16435118813633692,0.7138107827622729,0.7200963847127577,3.797,0.254,0.716,8.151,1.663,
1243,200,5,166.0,101.7,187.8,1.69,1e-06,0.05,25,0.45,0.55,True,229.70000000000002,3,4,0.84179667365671,0.9174947812694686,1.2407101759369872,5.085877864286178,-3.78,5.468,1.381,15.616,1.966,
1163,200,4,183.0,65.2,187.9,2.49,1e-05,0.05,25,0.45,0.55,False,900.0,2,2,103.39427817339775,10.168297702830978,118.96649014311201,120.43198430406426,22.816,20.331,119.119,403.387,3.176,vittima non trovata entro 15 minuti
1251,200,5,60.5,178.2,181.9,2.95,1e-06,0.05,80,center,center,True,151.1,3,5,0.008211730788716447,0.09061860067732477,1.385343243301758,2.107045273410839,5.433,2.485,1.387,1.298,1.672,
1252,200,5,95.2,189.5,205.3,2.59,1e-06,0.05,80,0.35,0.40,True,156.9,3,5,1.915289563009295,1.3839398697231375,0.7047757472268736,4.746177590194413,-2.491,5.077,1.518,3.535,1.713,
1260,200,5,50.7,41.6,58.5,2.81,1e-06,0.05,120,0.60,0.58,True,95.60000000000001,3,5,4.727596150022801,2.174303601161255,1.0317446616860204,2.2698417435218503,0.468,2.341,1.649,2.828,2.11,
1256,200,5,69.1,186.8,192.8,1.5,1e-06,0.05,120,center,center,True,149.3,3,5,0.03307233636502152,0.1818580115502793,2.904682995626555,7.2154400618403205,-7.156,8.656,2.906,4.242,1.861,
1160,200,4,42.0,177.4,176.3,3.94,1e-06,0.1,120,0.60,0.58,False,900.0,0,4,5.348664816986362,2.31271805825664,12.90992194741022,19.045158718195232,24.135,20.196,13.05,144.719,3.318,vittima non trovata entro 15 minuti
1250,200,5,9.5,176.4,171.5,1.53,1e-06,0.05,50,0.60,0.58,True,196.9,3,3,0.01061391906984635,0.10302387621248946,1.3931799235987823,1.7808894471488896,3.385,1.86,1.395,22.297,1.853,
1258,200,5,126.2,74.8,139.8,4.46,1e-06,0.05,120,0.45,0.55,True,155.5,3,5,0.011980016598037123,0.1094532621626104,0.3586235247389952,1.124674017979335,5.406,0.941,0.37,4.953,1.702,
1262,200,5,50.0,14.1,45.9,1.29,1e-06,0.1,25,0.35,0.40,True,74.3,3,5,0.0693197498342559,0.26328644065780504,0.8402576826636946,2.4882902616552967,3.96,2.671,0.869,2.604,2.257,
1257,200,5,110.8,90.5,136.1,1.94,1e-06,0.05,120,0.35,0.40,True,157.4,3,5,0.04342140131586957,0.2083780250311188,1.926074483169863,4.124185571776699,6.228,4.287,1.93,10.985,1.712,
1181,200,4,27.5,127.5,124.6,1.65,1e-05,0.1,25,center,center,False,900.0,2,2,4029.167069587543,63.47572031562575,77.92437934873314,77.92537816734627,17.312,15.659,94.694,629.963,3.506,vittima non trovata entro 15 minuti
1281,200,5,22.6,8.8,18.1,1.92,1e-05,0.05,25,center,center,True,19.200000000000003,3,5,0.043262568123606966,0.20799655796095995,4.562538419687547,11.072083809313408,11.99,10.068,4.564,5.399,2.243,
1264,200,5,84.1,29.9,83.0,4.64,1e-06,0.1,25,0.60,0.45,True,97.4,3,3,0.020646879819691658,0.14369022172608564,3.1892260833836885,5.048455180346656,8.941,4.302,3.19,15.765,2.622,
1263,200,5,80.2,22.8,77.3,1.76,1e-06,0.1,25,0.45,0.55,True,96.80000000000001,3,4,0.08733484882145062,0.2955247008651741,4.266444941683885,6.991086469732987,6.64,4.883,4.267,13.545,2.386,
1199,200,4,22.2,77.8,74.9,4.79,1e-05,0.1,120,0.60,0.45,False,900.0,2,2,74.12278030113065,8.609458769349596,81.3035521518466,81.42718951328095,37.878,33.086,81.323,528.212,2.9,vittima non trovata entro 15 minuti
1254,200,5,164.4,6.7,159.4,4.53,1e-06,0.05,80,0.60,0.45,True,237.8,3,4,0.02669922821134769,0.16339898473169193,1.0621659439098214,1.2601063232154592,5.75,1.224,1.069,12.997,1.81,
1259,200,5,110.2,172.9,198.1,4.77,1e-06,0.05,120,0.60,0.45,True,167.20000000000002,3,5,2.780074734788837,1.6673556113765404,1.5692474759471595,3.79654743801319,0.806,3.966,2.068,4.395,1.715,
1261,200,5,28.2,148.7,145.5,4.19,1e-06,0.1,25,center,center,True,164.3,3,3,0.014361964882476435,0.11984141555604404,0.8740935494477334,1.4138998175467954,5.775,1.581,0.875,11.746,1.483,
1266,200,5,8.8,73.8,68.9,1.71,1e-06,0.1,50,center,center,True,142.5,3,3,0.009799119504865953,0.0989905020942209,0.4776540541726425,0.8682966380326911,0.88,0.835,0.487,17.599,1.886,
1285,200,5,42.1,11.0,37.5,1.97,1e-05,0.05,25,0.60,0.58,True,49.0,3,4,0.3626139075672476,0.6021743165954918,1.5092646979266273,7.4605785778284055,8.409,6.438,1.522,1.402,3.322,
1267,200,5,54.3,170.4,172.6,2.46,1e-06,0.1,50,0.35,0.40,True,134.70000000000002,3,5,0.10027117472755914,0.3166562406262652,2.6781101303133754,8.653481719073897,-7.299,9.759,2.679,25.978,1.398,
1271,200,5,51.5,96.9,103.0,2.07,1e-06,0.1,80,center,center,True,111.80000000000001,3,5,1.41753029795404,1.1906008138557775,3.2693741305085737,4.639284760265009,7.254,5.18,3.288,1.574,2.612,
1276,200,5,67.8,52.7,78.9,2.56,1e-06,0.1,120,center,center,True,106.0,3,4,0.23024636222961406,0.47983993396716584,1.9374710274948883,2.522304107875702,5.12,2.558,1.938,4.982,2.631,
1278,200,5,80.6,26.8,78.7,3.42,1e-06,0.1,120,0.45,0.55,True,96.9,3,3,0.4209862397256152,0.6488345241474248,5.806097109388029,9.374874288002372,9.859,6.441,5.825,1.915,2.803,
1265,200,5,66.2,136.4,145.0,4.8,1e-06,0.1,25,0.60,0.58,True,148.1,3,5,0.1246078337620565,0.35299834810103076,0.7566526945850339,0.8123267277344366,5.295,0.494,0.816,24.69,1.721,
1273,200,5,58.3,33.7,60.5,3.77,1e-06,0.1,80,0.45,0.55,True,107.9,3,4,0.2476716230435911,0.4976661763105778,1.052984966491618,2.0749023356602563,5.586,1.816,1.132,4.596,2.367,
1184,200,4,155.3,188.6,237.3,2.74,1e-05,0.1,25,0.60,0.45,False,900.0,2,2,12.140712372258992,3.4843525040183567,42.120889183984055,46.13642476914276,31.213,28.472,42.261,147.674,2.827,vittima non trovata entro 15 minuti
1274,200,5,93.2,72.1,110.8,3.61,1e-06,0.1,80,0.60,0.45,True,137.5,3,5,0.03742640498067103,0.1934590524650398,4.160600702501822,10.33875855883587,-8.459,12.071,4.161,5.308,2.086,
1277,200,5,50.5,110.5,114.9,4.32,1e-06,0.1,120,0.35,0.40,True,110.80000000000001,3,5,0.5624437634154318,0.7499625080065214,0.8059022071518379,5.406597991205769,-1.285,5.602,1.01,4.083,1.717,
1272,200,5,94.1,80.0,116.4,2.39,1e-06,0.1,80,0.35,0.40,True,141.8,3,5,0.019049652493807356,0.13802047853056937,0.986723438397878,1.5872880523273227,0.978,1.417,0.989,5.892,1.865,
1279,200,5,54.9,147.3,150.8,2.79,1e-06,0.1,120,0.60,0.45,True,121.80000000000001,3,5,0.053001835635593235,0.23022127537565515,0.8184778851270342,0.825483860346688,3.318,0.528,0.841,5.012,1.674,
1269,200,5,156.8,67.9,164.3,1.03,1e-06,0.1,50,0.60,0.45,True,185.0,3,4,0.038448190083641906,0.19608210036523452,1.7750662640355512,2.23211609523223,3.08,2.054,1.776,53.585,2.209,
1268,200,5,173.4,53.0,175.1,4.8,1e-06,0.1,50,0.45,0.55,True,199.3,3,5,0.03653102234194122,0.19113090368106678,0.7468703732108574,1.760130101611835,6.414,1.615,0.751,40.494,1.655,
1280,200,5,70.3,170.0,177.5,2.7,1e-06,0.1,120,0.60,0.58,True,148.3,3,5,0.02522054128311559,0.15880976444512343,0.3689493126241266,0.8324986278154829,3.664,0.967,0.387,6.257,1.924,
1270,200,5,87.4,154.0,170.3,3.09,1e-06,0.1,50,0.60,0.58,True,174.5,3,5,3.0990087966255047,1.760400180818414,1.2691047496673034,2.5162188424415612,0.253,2.84,1.397,17.085,1.848,
1291,200,5,55.0,108.7,115.1,3.88,1e-05,0.05,80,center,center,True,100.2,3,4,0.09324421965028334,0.3053591650012872,3.278672388946967,3.777503569914508,7.609,3.728,3.28,3.1,2.512,
1275,200,5,106.2,170.9,194.3,4.22,1e-06,0.1,80,0.60,0.58,True,174.5,3,5,0.005915179382324151,0.07691020336941094,0.6272175740149482,0.9554442494863881,5.41,1.19,0.628,5.867,1.525,
1290,200,5,76.4,106.6,124.1,2.86,1e-05,0.05,50,0.60,0.58,True,120.9,3,4,1.6035296732834574,1.266305521303393,0.6622330499249315,1.685247756491934,1.06,1.801,0.868,3.229,1.772,
1298,200,5,47.2,73.7,80.6,1.85,1e-05,0.05,120,0.45,0.55,True,94.2,3,3,0.03132431599353752,0.1769867678487223,1.8858262356034785,3.360186431880429,5.179,3.325,1.89,0.359,1.885,
1289,200,5,133.7,53.9,137.6,1.01,1e-05,0.05,50,0.60,0.45,True,179.20000000000002,3,3,0.09582635154538104,0.3095583168732203,5.889345141094882,6.954731979278091,8.112,7.105,5.89,24.728,2.662,
1287,200,5,170.7,124.0,204.0,3.71,1e-05,0.05,50,0.35,0.40,True,186.10000000000002,3,4,0.0038032917657363427,0.061670833995790444,0.7319340889712508,1.401850117230738,5.116,1.408,0.734,18.979,1.832,
1295,200,5,89.9,76.3,110.9,3.25,1e-05,0.05,80,0.60,0.58,True,133.20000000000002,3,2,0.14486674532482685,0.3806136431144144,1.4031240556576523,1.8108115921723438,4.459,1.211,1.404,2.664,2.141,
1300,200,5,49.2,119.2,122.5,3.14,1e-05,0.05,120,0.60,0.58,True,102.9,3,4,0.2293357343045641,0.4788901067098423,0.33599102917036877,5.141885932525148,-2.059,5.202,0.54,2.144,1.802,
1297,200,5,61.0,153.2,158.4,3.07,1e-05,0.05,120,0.35,0.40,True,122.80000000000001,3,4,0.4426612753638486,0.6653279457259018,0.3776993730250283,2.6156556398872275,0.413,2.655,0.664,2.134,1.696,
1296,200,5,40.4,162.8,161.7,1.51,1e-05,0.05,120,center,center,True,121.9,3,4,0.02386904466198498,0.15449609918048085,0.7412110576156976,1.5245025514704376,3.287,1.776,0.748,1.61,2.002,
1284,200,5,162.9,179.6,235.4,4.72,1e-05,0.05,25,0.60,0.45,True,205.10000000000002,3,3,0.020862266848525202,0.14443776115865686,1.3996748197728912,1.5441517372869649,5.972,1.252,1.406,29.355,1.477,
1293,200,5,143.9,148.3,199.6,4.65,1e-05,0.05,80,0.45,0.55,True,169.10000000000002,3,3,0.24075719831860695,0.4906701522597507,3.2281998273085812,5.394629203033179,8.69,4.045,3.231,7.413,2.864,
1288,200,5,186.0,67.1,191.4,1.97,1e-05,0.05,50,0.45,0.55,True,211.5,3,3,0.010384352591271207,0.10190364366042662,0.6180673164761956,1.097163180489913,1.154,0.817,0.619,18.248,1.73,
1322,200,5,7.5,6.4,2.9,4.6,1e-07,0.05,25,0.35,0.40,True,0.2,3,3,0.04619956904318906,0.21494085010343905,2.6066592336423557,2.6109934132215527,5.399,0.794,2.613,2.609,3.105,
1294,200,5,133.2,73.5,145.3,1.03,1e-05,0.05,80,0.60,0.45,True,178.8,3,4,0.04087242997345045,0.20216931016712317,2.3667988390246157,3.265353394908611,4.706,3.673,2.367,7.307,1.932,
1299,200,5,139.8,132.3,185.4,3.73,1e-05,0.05,120,0.60,0.45,True,166.10000000000002,3,4,0.039600884756842536,0.19899971044411732,1.1846378048050068,1.5323632082554437,5.332,1.606,1.189,6.408,1.865,
1308,200,5,117.7,189.1,215.8,1.74,1e-05,0.1,50,0.45,0.55,True,116.30000000000001,3,5,0.4452307363885689,0.6672561250288894,4.444291121332805,9.363377419611549,9.759,8.021,4.446,19.927,2.291,
1313,200,5,67.2,16.5,63.2,2.85,1e-05,0.1,80,0.45,0.55,True,83.30000000000001,3,3,0.7554732713720781,0.8691796542557114,2.7261935004945554,6.9664401661632205,8.484,5.635,2.781,17.319,3.167,
1312,200,5,52.3,144.8,147.6,3.07,1e-05,0.1,80,0.35,0.40,True,113.0,3,4,0.85262788705217,0.9233785177554057,0.4143655547061666,1.6280057653396134,1.528,1.544,0.898,3.637,2.007,
1310,200,5,70.9,92.1,109.2,1.84,1e-05,0.1,50,0.60,0.58,True,117.7,3,3,0.4582876574391415,0.6769694656623306,1.2222352299181762,4.066523768425771,-2.405,4.248,1.23,13.396,1.844,
1301,200,5,171.1,53.7,173.1,2.11,1e-05,0.1,25,center,center,True,202.5,3,3,0.004504318562277829,0.06711422026871673,0.9105632082444575,2.1186187829843175,4.421,2.315,0.911,13.933,1.606,
1303,200,5,126.4,25.3,123.0,3.56,1e-05,0.1,25,0.45,0.55,True,195.60000000000002,3,4,18.503601576690944,4.301581287932491,1.3156383531407043,5.578158982059251,8.543,4.983,4.056,9.017,4.442,
1305,200,5,139.1,52.8,142.3,4.49,1e-05,0.1,25,0.60,0.58,True,168.9,3,3,0.11740531185440682,0.34264458532772235,5.179866636726292,6.22859258598608,8.3,3.81,5.18,29.049,2.47,
1316,200,5,35.4,135.8,134.3,2.17,1e-05,0.1,120,center,center,True,110.0,3,4,0.01943922536674227,0.13942462252680576,1.8219442787513538,2.645267765302924,5.193,3.02,1.824,0.296,1.758,
1314,200,5,94.3,141.2,162.9,3.98,1e-05,0.1,80,0.60,0.45,True,133.9,3,4,0.1064660613606417,0.3262913749406222,2.243518549303291,7.577128275758903,-4.891,8.868,2.244,7.707,2.51,
1317,200,5,49.1,114.2,117.8,4.04,1e-05,0.1,120,0.35,0.40,True,108.30000000000001,3,4,0.10892292655932836,0.3300347353830023,3.8432900407587285,10.771384368566403,-8.238,12.274,3.844,3.344,2.041,
1309,200,5,172.3,70.6,179.7,4.38,1e-05,0.1,50,0.60,0.45,True,175.10000000000002,3,4,0.2497534595893299,0.4997533987771668,2.694303478496719,3.0215247052272765,7.049,2.667,2.695,49.904,3.084,
1311,200,5,167.1,137.6,209.5,4.07,1e-05,0.1,80,center,center,True,168.5,3,3,0.13844452768399926,0.37208134552003447,0.8465264089216605,3.9446445429686654,-0.141,4.207,0.857,1.049,1.904,
1321,200,5,50.4,8.8,45.6,4.53,1e-07,0.05,25,center,center,True,84.0,3,5,0.49697094112074247,0.7049616593267626,1.9706731832262308,5.073149542206905,-1.285,5.813,2.014,4.268,2.038,
1315,200,5,144.5,174.1,219.2,4.4,1e-05,0.1,80,0.60,0.58,True,154.20000000000002,3,4,0.17518224975278804,0.4185477867015761,1.0436702002243983,1.2589721821882833,3.373,1.028,1.075,9.493,1.745,
1325,200,5,96.4,9.3,91.5,4.85,1e-07,0.05,25,0.60,0.58,True,118.80000000000001,3,3,0.4071371803831874,0.6380730211999152,2.6427178019123625,2.9559704238802276,7.631,2.78,2.643,16.273,2.433,
1320,200,5,143.4,115.7,177.2,2.32,1e-05,0.1,120,0.60,0.58,True,170.5,3,3,0.6348546587214264,0.796777672077617,1.731140593220945,3.60720404542228,5.661,3.343,1.737,8.171,2.324,
1319,200,5,90.8,32.7,90.2,2.76,1e-05,0.1,120,0.60,0.45,True,153.4,3,2,0.01854649333385973,0.136185510733924,0.9644840900340893,0.9651956819358329,2.274,0.484,0.965,7.23,2.018,
1292,200,5,178.7,144.7,222.9,2.16,1e-05,0.05,80,0.35,0.40,True,347.5,3,3,1.2098373607800272,1.0999260705974867,0.40596366644443965,1.802404826057693,0.369,1.792,1.023,34.763,2.168,
1306,200,5,144.7,110.0,174.8,4.46,1e-05,0.1,50,center,center,True,255.8,3,4,0.1665230196960557,0.4080723216490622,3.9215053882990567,10.487579598853861,-7.961,12.423,3.925,72.111,2.087,
1328,200,5,84.4,25.6,82.0,2.65,1e-07,0.05,50,0.45,0.55,True,112.9,3,3,0.15495995959950615,0.3936495390566413,4.829436003613478,8.779429139266812,9.144,6.497,4.83,9.888,3.02,
1323,200,5,127.0,172.3,207.0,2.38,1e-07,0.05,25,0.45,0.55,True,176.4,3,5,0.485188125352492,0.6965544668957999,0.9883974704744858,3.4095600913394564,-1.063,3.442,1.089,7.4,1.767,
1336,200,5,26.2,51.9,51.5,1.29,1e-07,0.05,120,center,center,True,91.80000000000001,3,5,0.04837309070958115,0.21993883401887251,0.6398143836759205,2.2760264287578624,3.304,2.011,0.67,0.458,2.175,
1334,200,5,33.8,115.0,113.8,3.46,1e-07,0.05,80,0.60,0.45,True,116.2,3,4,0.026576765765243718,0.16302381962536555,3.3386549862879864,9.770700460920617,-7.532,10.991,3.34,3.069,2.082,
1331,200,5,116.6,163.1,193.5,1.56,1e-07,0.05,80,center,center,True,159.20000000000002,3,5,0.007509007780532808,0.08665453121754689,1.3224134838934238,4.9122803690414685,6.608,5.052,1.323,1.25,1.639,
1329,200,5,163.3,144.7,211.1,2.03,1e-07,0.05,50,0.60,0.45,True,183.20000000000002,3,5,0.014783325070780128,0.12158669775423678,0.5849320193773077,1.0996643475916472,3.126,1.098,0.589,27.803,1.705,
1335,200,5,106.4,14.7,101.9,4.77,1e-07,0.05,80,0.60,0.58,True,153.20000000000002,3,3,0.37156325975548365,0.6095598902121789,4.003375817807828,6.997959055868325,8.74,3.975,4.004,5.185,2.241,
1304,200,5,156.6,0.4,151.7,3.25,1e-05,0.1,25,0.60,0.45,True,333.5,3,4,0.02922806085995643,0.17096216207089926,7.010003005043593,7.900746058975679,10.256,7.004,7.011,54.683,2.963,
1333,200,5,38.3,162.4,160.9,3.19,1e-07,0.05,80,0.45,0.55,True,145.4,3,5,0.025039774473871467,0.15823961095083452,0.9259259264870919,2.270194497806404,5.236,2.045,0.936,0.242,1.838,
1337,200,5,100.8,11.6,96.0,4.92,1e-07,0.05,120,0.35,0.40,True,156.60000000000002,3,3,0.05748564576437869,0.23976164364714111,1.6519960907615079,1.743162846048329,5.907,0.992,1.656,6.053,2.202,
1330,200,5,154.1,86.6,170.0,1.41,1e-07,0.05,50,0.60,0.58,True,199.20000000000002,3,4,0.16567484014725253,0.407031743414752,0.4498373897201465,1.4404726995065917,0.264,1.147,0.467,25.759,2.349,
1327,200,5,167.6,22.3,163.6,1.62,1e-07,0.05,50,0.35,0.40,True,233.20000000000002,3,5,0.020687433407463932,0.14383126714127192,0.305732089890675,1.3122403249025159,2.973,1.35,0.318,24.786,1.711,
1332,200,5,135.6,135.2,184.4,2.83,1e-07,0.05,80,0.35,0.40,True,185.4,3,5,0.023753864624660843,0.15412288806228894,0.8776578835472848,1.6784302899195145,4.574,1.747,0.88,2.503,1.859,
1222,200,5,8.1,117.4,112.5,2.64,1e-07,0.1,25,0.35,0.40,False,900.0,2,3,3.925936117406337,1.981397516251178,3.470067858873316,22.279342038723215,22.36,19.723,3.97,398.157,4.048,vittima non trovata entro 15 minuti
1344,200,5,49.7,14.6,45.7,2.64,1e-07,0.1,25,0.60,0.45,True,86.2,3,5,2.672218971786515,1.6346923171614023,3.0474285490687882,3.1924864248699745,4.699,2.06,3.419,5.181,1.922,
1338,200,5,188.8,137.9,226.8,4.62,1e-07,0.05,120,0.45,0.55,True,197.20000000000002,3,3,0.00889446585802402,0.09431047586574898,1.0763562369455848,3.916314635891239,8.327,3.708,1.079,1.298,1.695,
1340,200,5,76.2,66.9,94.3,1.32,1e-07,0.05,120,0.60,0.58,True,109.0,3,4,0.02761791634141388,0.1661863903615873,0.7405094015053407,3.142425925027261,4.4,3.081,0.75,5.954,1.632,
1339,200,5,100.9,117.0,147.4,1.0,1e-07,0.05,120,0.60,0.45,True,151.6,3,5,0.008269422969752305,0.09093636769605604,0.864617871867466,2.256766979017135,-1.201,2.204,0.869,5.467,1.78,
1342,200,5,100.9,62.8,112.0,2.36,1e-07,0.1,25,0.35,0.40,True,139.20000000000002,3,4,11.251784847844421,3.354368025104643,1.496584571569639,5.216723060674793,7.608,5.248,2.27,15.533,4.146,
1225,200,5,107.7,171.1,195.3,4.02,1e-07,0.1,25,0.60,0.58,False,900.0,2,5,5.754062684643607,2.3987627403817173,2.1226874964293994,3.8416157372769457,1.307,2.711,2.727,2496.445,2.539,vittima non trovata entro 15 minuti
1345,200,5,74.7,166.4,175.8,1.02,1e-07,0.1,25,0.60,0.58,True,127.5,3,5,4.6540203610898345,2.1573178627846743,0.3050412100344895,2.7375303759331677,3.959,2.935,1.886,45.829,2.08,
1346,200,5,30.1,94.5,92.9,2.2,1e-07,0.1,50,center,center,True,139.8,3,4,0.08338055079436367,0.28875690605483995,2.5146109784218775,5.071013020178776,7.768,5.565,2.517,13.797,1.926,
1357,200,5,35.5,10.5,31.0,2.45,1e-07,0.1,120,0.35,0.40,True,58.2,3,5,0.04556335808441947,0.2134557520527837,3.245354709767721,3.2532327262858374,3.98,1.534,3.246,3.93,2.015,
1349,200,5,45.4,65.9,73.1,2.66,1e-07,0.1,50,0.60,0.45,True,108.80000000000001,3,5,0.03957583793176884,0.19893676867730822,5.000662754597839,8.31919951696199,-8.162,10.823,5.001,4.697,2.249,
1362,200,5,35.2,23.2,35.2,4.47,1e-06,0.05,25,0.35,0.40,True,61.6,3,5,0.019837239539145884,0.14084473557483745,0.7583763640931138,2.0239430581670828,2.769,1.697,0.761,0.654,1.648,
1343,200,5,100.7,59.7,110.2,4.93,1e-07,0.1,25,0.45,0.55,True,187.70000000000002,3,5,1.908274141172501,1.3814029611856566,1.9851276501004211,1.9858637339114875,4.447,0.48,2.31,42.476,2.142,
1226,200,5,142.9,7.0,137.9,3.92,1e-07,0.1,50,center,center,False,900.0,0,4,16.01521261955366,4.001901125659361,0.22361571221758822,4.421397202303736,8.417,4.493,3.703,140.208,6.976,vittima non trovata entro 15 minuti
1347,200,5,166.0,161.7,224.7,1.72,1e-07,0.1,50,0.35,0.40,True,169.10000000000002,3,5,0.14533494806210379,0.3812282099505541,1.9089928561027416,3.0367563903949977,4.585,2.869,1.919,24.662,2.436,
1348,200,5,189.0,150.1,234.3,2.07,1e-07,0.1,50,0.45,0.55,True,163.4,3,4,0.03017609174859605,0.17371267008654276,1.8104768758402843,7.346280333881022,9.054,6.984,1.811,37.201,2.037,
1351,200,5,75.1,173.6,182.6,1.54,1e-07,0.1,80,center,center,True,144.0,3,5,0.03182716274172283,0.17840168929055247,0.705909476023482,1.3597125507306531,3.184,1.642,0.712,3.17,1.623,
1353,200,5,37.9,173.0,171.2,4.27,1e-07,0.1,80,0.45,0.55,True,137.6,3,5,0.05812569548430789,0.24109271138777275,0.5667757234728429,1.3144710006331701,3.065,1.203,0.577,4.998,1.722,
1354,200,5,101.2,128.4,156.5,3.45,1e-07,0.1,80,0.60,0.45,True,152.3,3,5,0.6263707270548358,0.7914358641449323,1.5558858843654544,5.682418995818809,-2.916,6.367,1.617,15.726,2.134,
1244,200,5,189.2,118.1,216.2,3.8,1e-06,0.05,25,0.60,0.45,False,900.0,0,2,92.1371696434031,9.598810845276779,44.24369579679584,48.07565458059475,2.502,1.303,45.25,524.843,3.382,vittima non trovata entro 15 minuti
1350,200,5,69.8,182.6,189.1,2.43,1e-07,0.1,50,0.60,0.58,True,168.10000000000002,3,5,0.03516669699740654,0.18752785659044507,4.237075856968987,5.019826186456106,8.509,6.078,4.237,15.172,1.72,
1364,200,5,52.2,43.4,60.9,3.97,1e-06,0.05,25,0.60,0.45,True,97.30000000000001,3,5,0.14728806933874802,0.38378127799405226,1.3654796160952778,7.356003956605115,-4.27,8.24,1.369,5.983,1.977,
1365,200,5,63.3,19.5,60.1,2.52,1e-06,0.05,25,0.60,0.58,True,91.4,3,4,0.1433019652349667,0.37855246034726375,2.9549985738206717,7.884579827226727,8.963,6.446,2.978,4.24,2.551,
1356,200,5,113.8,175.0,201.8,2.14,1e-07,0.1,120,center,center,True,156.3,4,5,0.11803397703493082,0.34356073267317794,1.0362598317855827,7.116914498895754,9.427,7.282,1.052,3.035,1.979,
1358,200,5,180.6,165.5,237.9,3.09,1e-07,0.1,120,0.45,0.55,True,188.60000000000002,3,3,0.5214362094425826,0.7221054005078362,2.42554462647672,9.353264520407217,10.848,7.753,2.426,1.338,2.455,
1360,200,5,146.2,182.9,227.1,3.07,1e-07,0.1,120,0.60,0.58,True,167.10000000000002,3,5,0.11289326855478556,0.3359959353247976,6.021868898642035,7.026025634865499,4.11,1.039,6.022,7.693,2.63,
1352,200,5,103.2,2.8,98.2,2.42,1e-07,0.1,80,0.35,0.40,True,226.60000000000002,3,4,7.943980162074839,2.818506725568495,2.79464531864322,7.270750805169615,9.554,7.131,3.283,86.889,2.359,
1361,200,5,12.1,166.8,162.0,3.15,1e-06,0.05,25,center,center,True,163.60000000000002,3,3,0.041357750679101975,0.20336605095025564,0.8772531477699169,0.9632646667713035,4.147,0.994,0.888,18.412,2.102,
1378,200,5,12.8,22.5,19.2,1.09,1e-06,0.05,120,0.45,0.55,True,33.1,3,4,0.09345284679387275,0.3057005835680932,0.5307822890540593,2.149669984917905,3.285,2.198,0.538,1.45,2.054,
1368,200,5,48.0,29.3,49.4,4.4,1e-06,0.05,50,0.45,0.55,True,90.60000000000001,3,5,0.11296743956678972,0.3361062920666463,1.2660709640867032,1.6268348484512072,5.756,1.354,1.292,1.932,2.05,
1359,200,5,138.4,137.7,188.1,4.27,1e-07,0.1,120,0.60,0.45,True,190.4,3,5,0.006473397946298953,0.08045742940399571,1.1532421852337076,1.2598118140441616,5.402,1.129,1.154,5.506,1.714,
1283,200,5,1.6,188.2,183.2,4.53,1e-05,0.05,25,0.45,0.55,False,669.8000000000001,3,5,297.9473521549622,17.261151530386442,15.56605977938482,18.245822313979733,13.608,9.076,17.855,235.881,3.336,vittima non trovata entro 15 minuti
1355,200,5,189.6,53.0,190.7,4.44,1e-07,0.1,80,0.60,0.58,True,227.4,3,3,0.6578915073265111,0.8111051148442544,5.155263034801013,13.009499996367982,-8.816,13.253,5.156,8.188,2.499,
1366,200,5,76.8,173.4,183.1,1.59,1e-06,0.05,50,center,center,True,161.4,3,5,0.02140013942566483,0.14628786492961346,1.624253986260152,5.099205922844192,-4.338,5.926,1.628,15.831,1.644,
1370,200,5,115.0,30.2,112.8,4.3,1e-06,0.05,50,0.60,0.58,True,147.70000000000002,3,3,0.08419507352874919,0.29016387357620727,0.9302274615017772,1.754974272792997,5.328,1.024,0.958,3.995,2.032,
1363,200,5,134.7,24.6,131.2,4.93,1e-06,0.05,25,0.45,0.55,True,210.8,3,5,0.5423577164531124,0.7364493984335329,0.8821786952746657,0.9402512794180827,4.984,0.05,0.894,14.208,1.786,
1374,200,5,9.3,90.2,85.3,3.66,1e-06,0.05,80,0.60,0.45,True,109.80000000000001,3,3,0.061822121788359066,0.2486405473537232,5.559293714865851,7.971108850265198,9.846,6.188,5.56,6.837,2.941,
1371,200,5,2.7,174.8,169.8,4.52,1e-06,0.05,80,center,center,True,148.8,3,3,0.26838603488931567,0.5180598757762617,5.018025305636298,5.450238099361879,8.123,3.604,5.02,3.043,2.863,
1376,200,5,58.2,126.8,132.9,3.2,1e-06,0.05,120,center,center,True,128.6,3,5,0.04691464820085561,0.21659789519027098,0.6361855204447809,1.4147992629313813,4.808,1.605,0.639,1.357,2.066,
1372,200,5,119.1,119.1,161.3,3.01,1e-06,0.05,80,0.35,0.40,True,167.5,3,5,0.02088789489192582,0.1445264504923781,1.1498480328514478,1.516752204858302,4.451,1.44,1.156,9.49,1.738,
1367,200,5,186.2,127.8,218.9,1.97,1e-06,0.05,50,0.35,0.40,True,198.10000000000002,3,4,0.04098296547436324,0.20244249918029375,0.9843555532222392,1.9631582790258728,3.974,1.999,0.987,20.091,1.846,
1379,200,5,36.7,125.9,124.9,4.87,1e-06,0.05,120,0.60,0.45,True,121.30000000000001,3,5,0.09602443100713022,0.30987809055680304,1.9403725974406254,9.529287376181024,-5.372,10.241,1.942,1.384,2.014,
1377,200,5,64.8,35.4,67.1,1.35,1e-06,0.05,120,0.35,0.40,True,108.9,3,4,0.2943539335620564,0.5425439462034909,4.763085546977384,8.539634430083652,9.374,8.019,4.784,5.135,2.801,
1369,200,5,146.6,46.0,147.4,2.2,1e-06,0.05,50,0.60,0.45,False,204.9,3,5,817.979685205561,28.600344144879813,10.674214749293425,16.881052899279936,13.091,10.89,17.31,41.146,8.753,vittima non trovata entro 15 minuti
1380,200,5,100.3,105.1,138.3,3.87,1e-06,0.05,120,0.60,0.58,True,147.70000000000002,3,5,0.06896849557238671,0.262618536231521,0.8268165299433395,1.2262388718102717,3.014,0.854,0.864,8.031,1.692,
1390,200,5,47.5,16.9,44.1,4.5,1e-06,0.1,50,0.60,0.58,True,74.60000000000001,3,5,0.03264576425009514,0.18068138877619672,1.5145058867691372,1.6371164801804796,4.73,0.231,1.516,3.033,2.185,
1373,200,5,151.1,150.9,206.5,3.51,1e-06,0.05,80,0.45,0.55,True,184.3,3,5,0.030596863796789178,0.1749195923754374,0.3309097287214752,3.6995419316746854,7.349,3.843,0.359,2.741,2.178,
1385,200,5,39.1,47.8,54.7,1.1,1e-06,0.1,25,0.60,0.58,True,112.60000000000001,3,4,0.032885674235664096,0.18134407692467955,1.8312948029067275,6.915198398816495,-6.156,7.251,1.833,5.927,1.882,
1383,200,5,65.3,83.1,98.6,3.76,1e-06,0.1,25,0.45,0.55,False,130.20000000000002,3,5,450.8368565282583,21.232919171142207,10.466251561808326,12.535149527527544,12.698,8.94,10.741,26.406,7.747,vittima non trovata entro 15 minuti
1394,200,5,43.4,8.8,38.6,2.62,1e-06,0.1,80,0.60,0.45,True,72.7,4,5,0.35071635452643146,0.5922130989149358,5.727897817555961,6.679974348417865,7.819,5.197,5.732,8.278,2.225,
1375,200,5,182.0,14.1,177.2,3.94,1e-06,0.05,80,0.60,0.58,True,239.60000000000002,3,3,1.0196407009786144,1.009772598647148,2.116917002943811,2.94935834357245,1.199,2.742,2.149,12.036,1.898,
1391,200,5,47.5,79.7,86.0,1.5,1e-06,0.1,80,center,center,True,109.30000000000001,3,5,0.037401617509703375,0.193394977984702,1.0431824043022002,2.4252420017374856,4.305,2.806,1.048,2.027,2.133,
1389,200,5,183.9,91.0,198.5,1.01,1e-06,0.1,50,0.60,0.45,True,172.60000000000002,3,5,0.194386749175929,0.440893126705247,1.457658581638507,2.58467108191255,3.907,2.901,1.471,51.561,2.043,
1395,200,5,5.2,92.3,87.3,4.7,1e-06,0.1,80,0.60,0.58,True,120.30000000000001,3,3,0.3687665924318466,0.6072615519130505,3.241146387660168,3.632962016186113,7.556,2.853,3.252,4.422,2.915,
1384,200,5,110.0,130.7,163.8,3.54,1e-06,0.1,25,0.60,0.45,True,177.70000000000002,3,5,22.135184609341728,4.704804417756569,1.4116171711341352,4.235400081154856,6.659,3.123,4.397,56.76,3.872,
1286,200,5,179.4,12.8,174.6,1.6,1e-05,0.05,50,center,center,False,900.0,0,2,126.15448347075704,11.231851293119805,121.12229192582518,125.73139283910976,-38.656,40.259,121.629,385.409,3.213,vittima non trovata entro 15 minuti
1381,200,5,126.1,23.3,122.5,2.75,1e-06,0.1,25,center,center,True,223.9,3,3,17.186834694873003,4.145700748350392,1.7812885216199457,6.8953577103416475,8.215,5.466,3.855,33.464,3.586,
1386,200,5,117.6,186.5,213.7,4.56,1e-06,0.1,50,center,center,True,193.8,3,5,0.027927905431404144,0.16711644273201887,1.3944924947324513,5.211893284108877,-1.148,5.703,1.399,35.715,1.665,
1396,200,5,45.9,85.5,90.3,4.78,1e-06,0.1,120,center,center,True,113.2,3,5,0.16595333112680097,0.40737369960123954,3.334852564668016,4.18582092696702,8.926,4.148,3.336,1.994,2.383,
1392,200,5,129.5,104.5,159.4,4.1,1e-06,0.1,80,0.35,0.40,True,176.20000000000002,3,5,0.03271212773357811,0.18086494335160175,0.7096303733148814,0.9395160588525937,4.933,0.838,0.724,16.803,1.828,
1401,200,5,82.1,80.4,107.9,4.72,1e-05,0.05,25,center,center,True,137.8,3,4,89.46483375067581,9.45858518757831,2.6618978723844373,6.1407178799380535,0.91,3.808,8.026,21.067,3.822,
1393,200,5,187.0,153.4,234.9,3.11,1e-06,0.1,80,0.45,0.55,True,191.4,3,3,0.13792203751366328,0.3713785636162422,5.463874702843454,10.097613153551615,9.792,6.682,5.465,8.755,2.324,
1397,200,5,134.7,37.0,133.6,1.27,1e-06,0.1,120,0.35,0.40,True,164.4,3,3,0.023185932627523328,0.15226927670256837,1.3040544792820723,3.8396714678224115,5.198,3.931,1.307,22.042,1.536,
1400,200,5,105.0,13.3,100.3,2.49,1e-06,0.1,120,0.60,0.58,True,156.3,3,3,1.8621189002297363,1.3645947750998229,1.6126545120640778,5.87014256337908,7.564,5.07,2.098,11.659,1.886,
1398,200,5,178.8,183.6,249.2,4.72,1e-06,0.1,120,0.45,0.55,True,176.20000000000002,3,3,0.5458726895092925,0.7388319765070354,2.203382766694378,6.426769039660422,10.041,5.32,2.204,5.805,2.009,
1415,200,5,29.8,18.5,28.2,2.22,1e-05,0.05,80,0.60,0.58,True,37.300000000000004,3,5,0.06302201282824461,0.25104185473391605,0.8807462629464975,6.563120357438523,8.774,6.555,0.915,1.336,1.752,
1412,200,5,70.1,10.7,65.3,2.35,1e-05,0.05,80,0.35,0.40,True,70.2,3,3,0.14762143401288677,0.3842153484868698,5.324912136373445,7.798071066395808,9.024,6.678,5.325,7.66,3.048,
1388,200,5,72.7,76.9,98.8,2.63,1e-06,0.1,50,0.45,0.55,True,219.9,3,4,0.17286173431361085,0.41576644202437846,2.246381336485953,2.5406484865782004,0.764,1.869,2.25,60.815,2.032,
1405,200,5,66.1,130.5,139.6,4.03,1e-05,0.05,25,0.60,0.58,True,123.80000000000001,3,4,1.0223136896891205,1.011095292091265,2.2686430417434407,2.792620870177986,5.839,1.811,2.383,3.295,2.434,
1406,200,5,94.0,119.2,144.8,2.29,1e-05,0.05,50,center,center,True,139.20000000000002,3,3,0.00505744319202232,0.07111570285121507,3.1823657032959907,8.163977730814045,-7.39,9.683,3.183,7.666,1.656,
1407,200,5,105.7,148.0,174.9,3.1,1e-05,0.05,50,0.35,0.40,True,138.8,3,3,1.4276736146256814,1.1948529677854431,1.743731231159863,5.553681018633123,-3.068,6.167,1.835,14.923,1.773,
1403,200,5,94.8,20.8,91.1,1.39,1e-05,0.05,25,0.45,0.55,True,156.20000000000002,3,3,443.62461838082294,21.062398210574763,5.0706703775732285,16.866666678019204,18.586,17.2,19.363,33.806,7.735,
1399,200,5,184.6,127.9,217.7,2.55,1e-06,0.1,120,0.60,0.45,True,199.60000000000002,3,3,0.34380473009783696,0.5863486421045392,3.0721622727552775,4.318828497432962,6.607,4.061,3.074,6.086,2.312,
1409,200,5,82.6,137.8,153.8,4.29,1e-05,0.05,50,0.60,0.45,True,120.10000000000001,3,4,1.431332859336631,1.196383240996225,1.8341933906089491,6.81419322627116,-3.676,7.966,1.957,10.965,1.89,
1422,200,5,32.3,3.2,27.4,1.65,1e-05,0.1,25,0.35,0.40,True,32.2,4,4,0.20006449393527953,0.44728569609957297,6.721835441215137,9.611014054373307,9.489,7.842,6.723,7.528,3.087,
1307,200,5,10.8,169.6,164.7,3.7,1e-05,0.1,50,0.35,0.40,False,900.0,0,2,1.4613764633762056,1.2088740477718123,23.629213021999185,26.86678431959919,3.296,0.404,23.652,3454.33,2.943,vittima non trovata entro 15 minuti
1408,200,5,111.0,10.7,106.1,4.59,1e-05,0.05,50,0.45,0.55,True,162.10000000000002,3,1,0.007373142373353694,0.08586700398496325,1.80228081140523,2.224345771582456,6.275,1.687,1.804,12.58,1.754,
1404,200,5,143.4,117.9,178.6,3.07,1e-05,0.05,25,0.60,0.45,True,175.0,3,4,2.083961189537664,1.4435931523589547,3.9264352527102417,5.0538874911102205,7.569,4.499,3.935,15.706,3.051,
1418,200,5,63.9,8.7,59.0,1.76,1e-05,0.05,120,0.45,0.55,True,68.0,3,3,1.4835997698018981,1.218031103790826,2.504255658352176,4.99813265649253,-3.173,4.934,2.635,4.178,2.563,
1424,200,5,40.3,29.1,42.8,2.16,1e-05,0.1,25,0.60,0.45,True,50.7,3,3,0.07612203499731236,0.2759022199934469,0.565941661503732,5.84227041467497,8.471,6.311,0.613,1.329,1.656,
1411,200,5,38.1,147.1,145.9,2.31,1e-05,0.05,80,center,center,True,117.2,3,4,0.06693775837539537,0.2587233239879918,0.6557431814582352,1.0605863820567927,1.199,1.109,0.67,2.676,1.979,
1420,200,5,69.8,2.2,64.8,3.32,1e-05,0.05,120,0.60,0.58,True,67.10000000000001,3,3,0.027726688154124955,0.16651332725678433,4.170806634648081,8.550947058023738,9.583,6.262,4.171,4.452,2.424,
1282,200,5,92.5,153.4,172.3,2.56,1e-05,0.05,25,0.35,0.40,False,900.0,2,4,2480.7206236198535,49.80683310169252,79.93466293649308,79.99411703565772,42.125,39.564,82.857,927.417,3.74,vittima non trovata entro 15 minuti
1402,200,5,151.8,152.2,207.9,3.18,1e-05,0.05,25,0.35,0.40,True,186.0,3,4,0.05267864014246293,0.2295182784495887,0.4054960447413105,0.40555079331802757,3.163,0.018,0.449,12.522,1.985,
1414,200,5,120.7,126.3,167.7,4.0,1e-05,0.05,80,0.60,0.45,True,144.20000000000002,3,4,0.01757221536011426,0.13256023295134275,1.1058916450226681,1.1554648858151322,4.898,0.895,1.106,5.154,1.677,
1426,200,5,56.7,32.1,58.4,4.66,1e-05,0.1,50,center,center,True,91.30000000000001,3,3,0.016813797178499443,0.12966802681655737,1.3478335039665221,1.5768838347979486,6.474,1.815,1.348,8.392,1.605,
1427,200,5,76.8,16.8,72.7,4.09,1e-05,0.1,50,0.35,0.40,True,88.4,3,3,0.01721967117991239,0.1312237447259923,4.672612054284249,6.088265549714696,7.766,3.672,4.673,8.17,2.574,
1423,200,5,62.1,39.5,66.7,1.73,1e-05,0.1,25,0.45,0.55,True,116.30000000000001,3,3,1.608017055504761,1.268076123702659,0.8703930155666151,1.4661630147864542,0.494,1.232,1.428,20.031,1.789,
1410,200,5,165.1,55.6,167.9,2.12,1e-05,0.05,50,0.60,0.58,True,205.20000000000002,3,3,3.7954942137869017,1.9482028163892233,1.8971956959339034,2.5738850376574045,-0.541,2.663,2.125,28.69,1.912,
1417,200,5,125.9,81.2,142.9,3.63,1e-05,0.05,120,0.35,0.40,True,174.70000000000002,3,4,0.010598638654015887,0.10294968991704583,0.8482368017395038,1.2177474218290563,2.591,1.041,0.849,2.649,1.795,
1302,200,5,7.9,101.8,96.9,1.55,1e-05,0.1,25,0.35,0.40,False,900.0,0,2,4.689575549347362,2.1655427840029766,25.257570640546735,25.424866546777604,3.728,2.173,25.281,1070.384,3.489,vittima non trovata entro 15 minuti
1421,200,5,88.3,53.9,96.6,2.99,1e-05,0.1,25,center,center,False,146.70000000000002,3,3,175.14684370203324,13.23430556176006,11.055854504526318,18.041384933005183,14.643,11.654,13.426,21.946,3.516,vittima non trovata entro 15 minuti
1419,200,5,121.7,24.6,118.3,4.54,1e-05,0.05,120,0.60,0.45,True,171.8,3,2,0.17577467022699397,0.41925489887059636,1.5192037479295741,1.8768684566851472,6.272,1.731,1.535,11.725,1.91,
1425,200,5,77.5,41.7,81.2,2.55,1e-05,0.1,25,0.60,0.58,True,124.80000000000001,3,3,0.4219641181250579,0.6495876523803835,1.401068143015818,1.4523533597991827,2.596,0.043,1.467,19.044,2.342,
1429,200,5,125.0,178.9,211.3,3.78,1e-05,0.1,50,0.60,0.45,True,118.2,3,5,0.011925693829022463,0.10920482511786035,0.7120893878884857,2.65505079309788,6.497,2.721,0.717,26.048,1.754,
1428,200,5,36.1,138.7,137.3,3.8,1e-05,0.1,50,0.45,0.55,True,117.80000000000001,3,4,0.015307412104134714,0.12372312679582065,1.487592416383012,1.9763719133442812,5.283,1.48,1.492,13.402,1.802,
1318,200,5,11.0,61.1,56.4,2.18,1e-05,0.1,120,0.45,0.55,False,900.0,2,2,1.6096107668407877,1.2687043654219796,4.075574537355463,4.616996108158409,3.216,1.036,4.191,1336.472,3.792,vittima non trovata entro 15 minuti
1434,200,5,31.6,135.8,133.4,2.34,1e-05,0.1,80,0.60,0.45,True,107.60000000000001,3,4,0.02400211686168366,0.15492616583935606,2.0231327052937074,7.268937686687362,-5.827,8.166,2.024,2.959,1.746,
1433,200,5,49.5,170.2,171.1,2.84,1e-05,0.1,80,0.45,0.55,True,119.10000000000001,3,5,0.03484102754059187,0.1866575140212466,0.3336024594944434,0.5253535836107375,2.4,0.436,0.339,3.306,1.652,
1431,200,5,80.9,178.0,188.9,4.12,1e-05,0.1,80,center,center,True,135.4,3,5,2.311652121801899,1.5204118263818849,0.7223038586100429,2.9671427152818817,0.871,3.245,1.436,3.578,1.673,
1438,200,5,47.7,112.7,115.8,4.94,1e-05,0.1,120,0.45,0.55,True,109.7,3,4,0.013795871874235154,0.11745582946041952,3.439508792594293,4.0412206433398925,7.705,2.76,3.44,1.072,2.464,
1436,200,5,67.1,139.6,148.3,4.08,1e-05,0.1,120,center,center,True,124.9,3,3,0.0070101131642747875,0.08372641855636002,1.0520719551682767,1.4719202320478535,5.688,1.607,1.054,1.325,1.786,
1326,200,5,183.4,96.1,200.3,1.85,1e-07,0.05,50,center,center,False,900.0,0,2,9.843555138658717,3.13744404550244,14.557641700768748,21.82036970399399,22.024,20.172,14.888,544.576,3.26,vittima non trovata entro 15 minuti
1437,200,5,30.9,187.5,184.4,1.77,1e-05,0.1,120,0.35,0.40,True,126.5,3,4,1.7394397761379468,1.3188782264249974,2.6621691935857683,5.288747179812119,-4.361,6.128,2.739,5.254,2.26,
1435,200,5,89.9,102.5,129.3,3.97,1e-05,0.1,80,0.60,0.58,True,145.5,3,3,0.020430844799997714,0.14293650618368184,1.2123661123620382,2.2105205056931214,5.431,1.458,1.217,8.688,1.797,
1430,200,5,152.9,68.6,161.0,2.37,1e-05,0.1,50,0.60,0.58,True,184.5,3,4,0.03149619763564815,0.1774716812216759,1.3204916135540636,3.0422661851091193,5.286,2.914,1.322,20.884,1.84,
1439,200,5,135.8,32.3,133.7,2.07,1e-05,0.1,120,0.60,0.45,True,201.20000000000002,3,5,0.8785956457017863,0.93733432973608,0.9106125693283567,1.2875608780735068,3.48,1.414,1.045,6.08,1.719,
1324,200,5,173.5,173.3,238.1,2.12,1e-07,0.05,25,0.60,0.45,False,900.0,0,3,43.52751826884255,6.597538803890626,22.570585457226503,24.607629949899607,18.838,16.717,23.398,540.413,3.165,vittima non trovata entro 15 minuti
1413,200,5,180.6,75.6,189.3,3.08,1e-05,0.05,80,0.45,0.55,True,429.6,3,3,0.012249040892744888,0.11067538521615765,0.9724850103145701,3.5849296560700337,6.607,3.529,0.973,12.397,1.771,
1440,200,5,187.1,22.5,182.9,2.22,1e-05,0.1,120,0.60,0.58,True,340.40000000000003,3,4,0.13392353542681523,0.3659556468027447,0.35979919579928543,0.4959229751053148,1.958,0.262,0.46,37.229,1.855,
1341,200,5,83.2,166.1,179.1,3.86,1e-07,0.1,25,center,center,False,900.0,0,5,33.82268113256893,5.815727051071855,3.2596438910979524,15.409500237061401,21.17,17.313,5.573,2663.864,3.167,vittima non trovata entro 15 minuti
1387,200,5,21.3,186.7,182.4,1.06,1e-06,0.1,50,0.35,0.40,False,900.0,0,3,49.96925238955566,7.06889329312274,61.00729778146841,61.55816444043356,-40.162,41.219,61.309,678.826,3.854,vittima non trovata entro 15 minuti
1382,200,5,0.1,147.5,142.6,3.91,1e-06,0.1,25,0.35,0.40,False,900.0,1,3,854.7431969268636,29.235991464748782,33.395893919112815,35.16544500048694,-29.882,33.791,39.128,363.573,3.686,vittima non trovata entro 15 minuti
1416,200,5,178.8,89.8,193.4,3.54,1e-05,0.05,120,center,center,False,900.0,2,2,1.4115241780580385,1.1880758300958902,7.168491353817496,7.183232312932602,6.547,3.005,7.175,1878.697,3.208,vittima non trovata entro 15 minuti
1432,200,5,185.3,147.2,229.6,2.23,1e-05,0.1,80,0.35,0.40,False,900.0,2,2,192.29114366983174,13.866908223170432,71.22567900641174,71.29286836123896,-14.672,16.902,71.227,427.845,3.085,vittima non trovata entro 15 minuti
