run_id,area_size_m,n_drones,victim_x_m,victim_y_m,victim_depth_m,artva_noise_std,noise_detect_factor,comm_radius_m,workspace_frac_r,workspace_frac_c,found,time_found_s,n_drones_stopped,pos_variance_m2,pos_std_m,est_error_2d_m,note
20,100,3,39.5,15.0,1.0,1e-08,50.0,120,0.60,0.58,True,0.2,3,5.995633793217613e-06,0.00244859833235621,30.27643721738239,
3,100,3,39.5,15.0,1.0,1e-08,50.0,25,0.45,0.55,True,0.2,3,6.005524684446782e-06,0.002450617204796943,30.276234267666585,
1,100,3,39.5,15.0,1.0,1e-08,50.0,25,center,center,True,0.2,3,6.00358106662145e-06,0.0024502206159081777,30.276274223837685,
22,100,3,39.5,15.0,1.0,1e-08,100.0,25,0.35,0.45,True,0.2,3,6.0055270853217635e-06,0.0024506176946479767,30.27623422152364,
10,100,3,39.5,15.0,1.0,1e-08,50.0,50,0.60,0.58,True,0.2,3,5.995633793217613e-06,0.00244859833235621,30.27643721738239,
6,100,3,39.5,15.0,1.0,1e-08,50.0,50,center,center,True,0.2,3,6.00358106662145e-06,0.0024502206159081777,30.276274223837685,
19,100,3,39.5,15.0,1.0,1e-08,50.0,120,0.60,0.45,True,0.2,3,5.839421427182257e-06,0.0024164894841861525,30.28198056788967,
18,100,3,39.5,15.0,1.0,1e-08,50.0,120,0.45,0.55,True,0.2,3,6.005524684446782e-06,0.002450617204796943,30.276234267666585,
33,100,3,39.5,15.0,1.0,1e-08,100.0,80,0.45,0.55,True,0.2,3,6.005524684446782e-06,0.002450617204796943,30.276234267666585,
21,100,3,39.5,15.0,1.0,1e-08,100.0,25,center,center,True,0.2,3,6.00358106662145e-06,0.0024502206159081777,30.276274223837685,
35,100,3,39.5,15.0,1.0,1e-08,100.0,80,0.60,0.58,True,0.2,3,5.995633793217613e-06,0.00244859833235621,30.27643721738239,
37,100,3,39.5,15.0,1.0,1e-08,100.0,120,0.35,0.45,True,0.2,3,6.0055270853217635e-06,0.0024506176946479767,30.27623422152364,
34,100,3,39.5,15.0,1.0,1e-08,100.0,80,0.60,0.45,True,0.2,3,5.839421427182257e-06,0.0024164894841861525,30.28198056788967,
25,100,3,39.5,15.0,1.0,1e-08,100.0,25,0.60,0.58,True,0.2,3,5.995633793217613e-06,0.00244859833235621,30.27643721738239,
7,100,3,39.5,15.0,1.0,1e-08,50.0,50,0.35,0.45,True,0.2,3,6.0055270853217635e-06,0.0024506176946479767,30.27623422152364,
38,100,3,39.5,15.0,1.0,1e-08,100.0,120,0.45,0.55,True,0.2,3,6.005524684446782e-06,0.002450617204796943,30.276234267666585,
36,100,3,39.5,15.0,1.0,1e-08,100.0,120,center,center,True,0.2,3,6.00358106662145e-06,0.0024502206159081777,30.276274223837685,
17,100,3,39.5,15.0,1.0,1e-08,50.0,120,0.35,0.45,True,0.2,3,6.0055270853217635e-06,0.0024506176946479767,30.27623422152364,
39,100,3,39.5,15.0,1.0,1e-08,100.0,120,0.60,0.45,True,0.2,3,5.839421427182257e-06,0.0024164894841861525,30.28198056788967,
11,100,3,39.5,15.0,1.0,1e-08,50.0,80,center,center,True,0.2,3,6.00358106662145e-06,0.0024502206159081777,30.276274223837685,
27,100,3,39.5,15.0,1.0,1e-08,100.0,50,0.35,0.45,True,0.2,3,6.0055270853217635e-06,0.0024506176946479767,30.27623422152364,
28,100,3,39.5,15.0,1.0,1e-08,100.0,50,0.45,0.55,True,0.2,3,6.005524684446782e-06,0.002450617204796943,30.276234267666585,
12,100,3,39.5,15.0,1.0,1e-08,50.0,80,0.35,0.45,True,0.2,3,6.0055270853217635e-06,0.0024506176946479767,30.27623422152364,
13,100,3,39.5,15.0,1.0,1e-08,50.0,80,0.45,0.55,True,0.2,3,6.005524684446782e-06,0.002450617204796943,30.276234267666585,
5,100,3,39.5,15.0,1.0,1e-08,50.0,25,0.60,0.58,True,0.2,3,5.995633793217613e-06,0.00244859833235621,30.27643721738239,
2,100,3,39.5,15.0,1.0,1e-08,50.0,25,0.35,0.45,True,0.2,3,6.0055270853217635e-06,0.0024506176946479767,30.27623422152364,
24,100,3,39.5,15.0,1.0,1e-08,100.0,25,0.60,0.45,True,0.2,3,5.839421427182257e-06,0.0024164894841861525,30.28198056788967,
30,100,3,39.5,15.0,1.0,1e-08,100.0,50,0.60,0.58,True,0.2,3,5.995633793217613e-06,0.00244859833235621,30.27643721738239,
15,100,3,39.5,15.0,1.0,1e-08,50.0,80,0.60,0.58,True,0.2,3,5.995633793217613e-06,0.00244859833235621,30.27643721738239,
26,100,3,39.5,15.0,1.0,1e-08,100.0,50,center,center,True,0.2,3,6.00358106662145e-06,0.0024502206159081777,30.276274223837685,
32,100,3,39.5,15.0,1.0,1e-08,100.0,80,0.35,0.45,True,0.2,3,6.0055270853217635e-06,0.0024506176946479767,30.27623422152364,
9,100,3,39.5,15.0,1.0,1e-08,50.0,50,0.60,0.45,True,0.2,3,5.839421427182257e-06,0.0024164894841861525,30.28198056788967,
29,100,3,39.5,15.0,1.0,1e-08,100.0,50,0.60,0.45,True,0.2,3,5.839421427182257e-06,0.0024164894841861525,30.28198056788967,
4,100,3,39.5,15.0,1.0,1e-08,50.0,25,0.60,0.45,True,0.2,3,5.839421427182257e-06,0.0024164894841861525,30.28198056788967,
8,100,3,39.5,15.0,1.0,1e-08,50.0,50,0.45,0.55,True,0.2,3,6.005524684446782e-06,0.002450617204796943,30.276234267666585,
40,100,3,39.5,15.0,1.0,1e-08,100.0,120,0.60,0.58,True,0.2,3,5.995633793217613e-06,0.00244859833235621,30.27643721738239,
16,100,3,39.5,15.0,1.0,1e-08,50.0,120,center,center,True,0.2,3,6.00358106662145e-06,0.0024502206159081777,30.276274223837685,
31,100,3,39.5,15.0,1.0,1e-08,100.0,80,center,center,True,0.2,3,6.00358106662145e-06,0.0024502206159081777,30.276274223837685,
23,100,3,39.5,15.0,1.0,1e-08,100.0,25,0.45,0.55,True,0.2,3,6.005524684446782e-06,0.002450617204796943,30.276234267666585,
14,100,3,39.5,15.0,1.0,1e-08,50.0,80,0.60,0.45,True,0.2,3,5.839421427182257e-06,0.0024164894841861525,30.28198056788967,
42,100,3,39.5,15.0,1.0,1e-07,50.0,25,0.35,0.45,True,54.800000000000004,3,0.028059671143043745,0.167510212055993,14.881875856709684,
50,100,3,39.5,15.0,1.0,1e-07,50.0,50,0.60,0.58,True,54.6,3,0.03335726189720989,0.18263970514981098,14.738035701182453,
45,100,3,39.5,15.0,1.0,1e-07,50.0,25,0.60,0.58,True,54.6,3,0.03335726189720989,0.18263970514981098,14.738035701182453,
47,100,3,39.5,15.0,1.0,1e-07,50.0,50,0.35,0.45,True,54.800000000000004,3,0.028059671143043745,0.167510212055993,14.881875856709684,
55,100,3,39.5,15.0,1.0,1e-07,50.0,80,0.60,0.58,True,54.6,3,0.03335726189720989,0.18263970514981098,14.738035701182453,
52,100,3,39.5,15.0,1.0,1e-07,50.0,80,0.35,0.45,True,54.800000000000004,3,0.028059671143043745,0.167510212055993,14.881875856709684,
65,100,3,39.5,15.0,1.0,1e-07,100.0,25,0.60,0.58,True,54.6,3,0.03335726189720989,0.18263970514981098,14.738035701182453,
70,100,3,39.5,15.0,1.0,1e-07,100.0,50,0.60,0.58,True,54.6,3,0.03335726189720989,0.18263970514981098,14.738035701182453,
60,100,3,39.5,15.0,1.0,1e-07,50.0,120,0.60,0.58,True,54.6,3,0.03335726189720989,0.18263970514981098,14.738035701182453,
62,100,3,39.5,15.0,1.0,1e-07,100.0,25,0.35,0.45,True,54.800000000000004,3,0.028059671143043745,0.167510212055993,14.881875856709684,
57,100,3,39.5,15.0,1.0,1e-07,50.0,120,0.35,0.45,True,54.800000000000004,3,0.028059671143043745,0.167510212055993,14.881875856709684,
67,100,3,39.5,15.0,1.0,1e-07,100.0,50,0.35,0.45,True,54.800000000000004,3,0.028059671143043745,0.167510212055993,14.881875856709684,
72,100,3,39.5,15.0,1.0,1e-07,100.0,80,0.35,0.45,True,54.800000000000004,3,0.028059671143043745,0.167510212055993,14.881875856709684,
54,100,3,39.5,15.0,1.0,1e-07,50.0,80,0.60,0.45,True,67.9,3,0.028592862145094183,0.1690942404255514,15.49555922931212,
49,100,3,39.5,15.0,1.0,1e-07,50.0,50,0.60,0.45,True,67.9,3,0.028592862145094183,0.1690942404255514,15.49555922931212,
64,100,3,39.5,15.0,1.0,1e-07,100.0,25,0.60,0.45,True,67.9,3,0.028592862145094183,0.1690942404255514,15.49555922931212,
59,100,3,39.5,15.0,1.0,1e-07,50.0,120,0.60,0.45,True,67.9,3,0.028592862145094183,0.1690942404255514,15.49555922931212,
43,100,3,39.5,15.0,1.0,1e-07,50.0,25,0.45,0.55,True,71.0,3,0.03551651500864965,0.18845825800067678,14.865201287892864,
44,100,3,39.5,15.0,1.0,1e-07,50.0,25,0.60,0.45,True,67.9,3,0.028592862145094183,0.1690942404255514,15.49555922931212,
69,100,3,39.5,15.0,1.0,1e-07,100.0,50,0.60,0.45,True,67.9,3,0.028592862145094183,0.1690942404255514,15.49555922931212,
41,100,3,39.5,15.0,1.0,1e-07,50.0,25,center,center,True,72.0,3,0.0354301884114175,0.18822908492424198,14.811512880136716,
48,100,3,39.5,15.0,1.0,1e-07,50.0,50,0.45,0.55,True,71.0,3,0.03551651500864965,0.18845825800067678,14.865201287892864,
51,100,3,39.5,15.0,1.0,1e-07,50.0,80,center,center,True,71.5,3,0.0354301884114175,0.18822908492424198,14.811512880136716,
63,100,3,39.5,15.0,1.0,1e-07,100.0,25,0.45,0.55,True,71.0,3,0.03551651500864965,0.18845825800067678,14.865201287892864,
68,100,3,39.5,15.0,1.0,1e-07,100.0,50,0.45,0.55,True,71.0,3,0.03551651500864965,0.18845825800067678,14.865201287892864,
46,100,3,39.5,15.0,1.0,1e-07,50.0,50,center,center,True,71.5,3,0.0354301884114175,0.18822908492424198,14.811512880136716,
53,100,3,39.5,15.0,1.0,1e-07,50.0,80,0.45,0.55,True,71.0,3,0.03551651500864965,0.18845825800067678,14.865201287892864,
56,100,3,39.5,15.0,1.0,1e-07,50.0,120,center,center,True,71.5,3,0.0354301884114175,0.18822908492424198,14.811512880136716,
58,100,3,39.5,15.0,1.0,1e-07,50.0,120,0.45,0.55,True,71.0,3,0.03551651500864965,0.18845825800067678,14.865201287892864,
71,100,3,39.5,15.0,1.0,1e-07,100.0,80,center,center,True,71.5,3,0.0354301884114175,0.18822908492424198,14.811512880136716,
61,100,3,39.5,15.0,1.0,1e-07,100.0,25,center,center,True,72.0,3,0.0354301884114175,0.18822908492424198,14.811512880136716,
66,100,3,39.5,15.0,1.0,1e-07,100.0,50,center,center,True,71.5,3,0.0354301884114175,0.18822908492424198,14.811512880136716,
75,100,3,39.5,15.0,1.0,1e-07,100.0,80,0.60,0.58,True,54.6,3,0.03335726189720989,0.18263970514981098,14.738035701182453,
77,100,3,39.5,15.0,1.0,1e-07,100.0,120,0.35,0.45,True,54.800000000000004,3,0.028059671143043745,0.167510212055993,14.881875856709684,
80,100,3,39.5,15.0,1.0,1e-07,100.0,120,0.60,0.58,True,54.6,3,0.03335726189720989,0.18263970514981098,14.738035701182453,
82,100,3,39.5,15.0,1.0,1e-06,50.0,25,0.35,0.45,True,58.6,3,2.8980830722549042e-06,0.0017023757141873541,8.872734618841074,
85,100,3,39.5,15.0,1.0,1e-06,50.0,25,0.60,0.58,True,59.800000000000004,3,1.9143397007680213e-06,0.0013835966539306249,9.022523756151038,
84,100,3,39.5,15.0,1.0,1e-06,50.0,25,0.60,0.45,True,62.7,3,6.542035862421776e-07,0.0008088285270946974,10.381889341695427,
87,100,3,39.5,15.0,1.0,1e-06,50.0,50,0.35,0.45,True,57.7,3,0.00014489827889454702,0.012037370098761067,8.75999696215815,
74,100,3,39.5,15.0,1.0,1e-07,100.0,80,0.60,0.45,True,67.9,3,0.028592862145094183,0.1690942404255514,15.49555922931212,
83,100,3,39.5,15.0,1.0,1e-06,50.0,25,0.45,0.55,True,66.60000000000001,3,0.006767975352386018,0.08226770540367598,3.067992691982811,
92,100,3,39.5,15.0,1.0,1e-06,50.0,80,0.35,0.45,True,58.6,3,0.0025401431005631562,0.05039983234657786,9.129571524701086,
90,100,3,39.5,15.0,1.0,1e-06,50.0,50,0.60,0.58,True,59.400000000000006,3,0.0028281186816975796,0.053180059060681566,9.468747867018305,
97,100,3,39.5,15.0,1.0,1e-06,50.0,120,0.35,0.45,True,58.0,3,0.00519017224325204,0.07204285004948124,8.435461230811187,
79,100,3,39.5,15.0,1.0,1e-07,100.0,120,0.60,0.45,True,67.9,3,0.028592862145094183,0.1690942404255514,15.49555922931212,
73,100,3,39.5,15.0,1.0,1e-07,100.0,80,0.45,0.55,True,71.0,3,0.03551651500864965,0.18845825800067678,14.865201287892864,
95,100,3,39.5,15.0,1.0,1e-06,50.0,80,0.60,0.58,True,59.300000000000004,3,0.004059491939947542,0.06371414238571796,8.743293311906752,
88,100,3,39.5,15.0,1.0,1e-06,50.0,50,0.45,0.55,True,60.1,3,0.00021182082070957603,0.014554065435800954,10.07067729416071,
91,100,3,39.5,15.0,1.0,1e-06,50.0,80,center,center,True,59.800000000000004,3,8.207260832101426e-06,0.0028648317284094412,8.97354037755678,
86,100,3,39.5,15.0,1.0,1e-06,50.0,50,center,center,True,61.6,3,2.1682910210327073e-06,0.0014725118067549431,9.3926409480404,
100,100,3,39.5,15.0,1.0,1e-06,50.0,120,0.60,0.58,True,60.0,3,6.122498695565253e-07,0.0007824639733281816,9.03079250735254,
89,100,3,39.5,15.0,1.0,1e-06,50.0,50,0.60,0.45,True,60.800000000000004,3,1.7414477575666293e-06,0.001319639252813673,9.901350248601618,
76,100,3,39.5,15.0,1.0,1e-07,100.0,120,center,center,True,71.5,3,0.0354301884114175,0.18822908492424198,14.811512880136716,
78,100,3,39.5,15.0,1.0,1e-07,100.0,120,0.45,0.55,True,71.0,3,0.03551651500864965,0.18845825800067678,14.865201287892864,
121,100,3,39.5,15.0,3.0,1e-08,50.0,25,center,center,True,0.2,3,6.00358106662145e-06,0.0024502206159081777,30.276274223837685,
122,100,3,39.5,15.0,3.0,1e-08,50.0,25,0.35,0.45,True,0.2,3,6.0055270853217635e-06,0.0024506176946479767,30.27623422152364,
96,100,3,39.5,15.0,1.0,1e-06,50.0,120,center,center,True,60.400000000000006,3,1.0022620694983794e-06,0.0010011303958517989,8.956767807402091,
123,100,3,39.5,15.0,3.0,1e-08,50.0,25,0.45,0.55,True,0.2,3,6.005524684446782e-06,0.002450617204796943,30.276234267666585,
94,100,3,39.5,15.0,1.0,1e-06,50.0,80,0.60,0.45,True,61.300000000000004,3,1.074239389084506e-07,0.0003277559136132415,10.548316190501682,
101,100,3,39.5,15.0,1.0,1e-06,100.0,25,center,center,True,58.1,3,0.0027257969013528846,0.05220916491721434,5.574299528005201,
124,100,3,39.5,15.0,3.0,1e-08,50.0,25,0.60,0.45,True,0.2,3,5.839421427182257e-06,0.0024164894841861525,30.28198056788967,
125,100,3,39.5,15.0,3.0,1e-08,50.0,25,0.60,0.58,True,0.2,3,5.995633793217613e-06,0.00244859833235621,30.27643721738239,
126,100,3,39.5,15.0,3.0,1e-08,50.0,50,center,center,True,0.2,3,6.00358106662145e-06,0.0024502206159081777,30.276274223837685,
127,100,3,39.5,15.0,3.0,1e-08,50.0,50,0.35,0.45,True,0.2,3,6.0055270853217635e-06,0.0024506176946479767,30.27623422152364,
128,100,3,39.5,15.0,3.0,1e-08,50.0,50,0.45,0.55,True,0.2,3,6.005524684446782e-06,0.002450617204796943,30.276234267666585,
130,100,3,39.5,15.0,3.0,1e-08,50.0,50,0.60,0.58,True,0.2,3,5.995633793217613e-06,0.00244859833235621,30.27643721738239,
129,100,3,39.5,15.0,3.0,1e-08,50.0,50,0.60,0.45,True,0.2,3,5.839421427182257e-06,0.0024164894841861525,30.28198056788967,
131,100,3,39.5,15.0,3.0,1e-08,50.0,80,center,center,True,0.2,3,6.00358106662145e-06,0.0024502206159081777,30.276274223837685,
132,100,3,39.5,15.0,3.0,1e-08,50.0,80,0.35,0.45,True,0.2,3,6.0055270853217635e-06,0.0024506176946479767,30.27623422152364,
133,100,3,39.5,15.0,3.0,1e-08,50.0,80,0.45,0.55,True,0.2,3,6.005524684446782e-06,0.002450617204796943,30.276234267666585,
99,100,3,39.5,15.0,1.0,1e-06,50.0,120,0.60,0.45,True,61.6,3,1.0773710864276432e-06,0.0010379648772610966,10.277561312929363,
134,100,3,39.5,15.0,3.0,1e-08,50.0,80,0.60,0.45,True,0.2,3,5.839421427182257e-06,0.0024164894841861525,30.28198056788967,
135,100,3,39.5,15.0,3.0,1e-08,50.0,80,0.60,0.58,True,0.2,3,5.995633793217613e-06,0.00244859833235621,30.27643721738239,
136,100,3,39.5,15.0,3.0,1e-08,50.0,120,center,center,True,0.2,3,6.00358106662145e-06,0.0024502206159081777,30.276274223837685,
137,100,3,39.5,15.0,3.0,1e-08,50.0,120,0.35,0.45,True,0.2,3,6.0055270853217635e-06,0.0024506176946479767,30.27623422152364,
102,100,3,39.5,15.0,1.0,1e-06,100.0,25,0.35,0.45,True,59.0,3,5.699741999150982e-06,0.0023874132443192533,6.656792538609317,
138,100,3,39.5,15.0,3.0,1e-08,50.0,120,0.45,0.55,True,0.2,3,6.005524684446782e-06,0.002450617204796943,30.276234267666585,
139,100,3,39.5,15.0,3.0,1e-08,50.0,120,0.60,0.45,True,0.2,3,5.839421427182257e-06,0.0024164894841861525,30.28198056788967,
140,100,3,39.5,15.0,3.0,1e-08,50.0,120,0.60,0.58,True,0.2,3,5.995633793217613e-06,0.00244859833235621,30.27643721738239,
141,100,3,39.5,15.0,3.0,1e-08,100.0,25,center,center,True,0.2,3,6.00358106662145e-06,0.0024502206159081777,30.276274223837685,
81,100,3,39.5,15.0,1.0,1e-06,50.0,25,center,center,True,75.0,3,0.00014026805655498466,0.011843481606140344,9.599597889786283,
142,100,3,39.5,15.0,3.0,1e-08,100.0,25,0.35,0.45,True,0.2,3,6.0055270853217635e-06,0.0024506176946479767,30.27623422152364,
143,100,3,39.5,15.0,3.0,1e-08,100.0,25,0.45,0.55,True,0.2,3,6.005524684446782e-06,0.002450617204796943,30.276234267666585,
144,100,3,39.5,15.0,3.0,1e-08,100.0,25,0.60,0.45,True,0.2,3,5.839421427182257e-06,0.0024164894841861525,30.28198056788967,
145,100,3,39.5,15.0,3.0,1e-08,100.0,25,0.60,0.58,True,0.2,3,5.995633793217613e-06,0.00244859833235621,30.27643721738239,
146,100,3,39.5,15.0,3.0,1e-08,100.0,50,center,center,True,0.2,3,6.00358106662145e-06,0.0024502206159081777,30.276274223837685,
147,100,3,39.5,15.0,3.0,1e-08,100.0,50,0.35,0.45,True,0.2,3,6.0055270853217635e-06,0.0024506176946479767,30.27623422152364,
148,100,3,39.5,15.0,3.0,1e-08,100.0,50,0.45,0.55,True,0.2,3,6.005524684446782e-06,0.002450617204796943,30.276234267666585,
150,100,3,39.5,15.0,3.0,1e-08,100.0,50,0.60,0.58,True,0.2,3,5.995633793217613e-06,0.00244859833235621,30.27643721738239,
149,100,3,39.5,15.0,3.0,1e-08,100.0,50,0.60,0.45,True,0.2,3,5.839421427182257e-06,0.0024164894841861525,30.28198056788967,
151,100,3,39.5,15.0,3.0,1e-08,100.0,80,center,center,True,0.2,3,6.00358106662145e-06,0.0024502206159081777,30.276274223837685,
152,100,3,39.5,15.0,3.0,1e-08,100.0,80,0.35,0.45,True,0.2,3,6.0055270853217635e-06,0.0024506176946479767,30.27623422152364,
153,100,3,39.5,15.0,3.0,1e-08,100.0,80,0.45,0.55,True,0.2,3,6.005524684446782e-06,0.002450617204796943,30.276234267666585,
154,100,3,39.5,15.0,3.0,1e-08,100.0,80,0.60,0.45,True,0.2,3,5.839421427182257e-06,0.0024164894841861525,30.28198056788967,
155,100,3,39.5,15.0,3.0,1e-08,100.0,80,0.60,0.58,True,0.2,3,5.995633793217613e-06,0.00244859833235621,30.27643721738239,
156,100,3,39.5,15.0,3.0,1e-08,100.0,120,center,center,True,0.2,3,6.00358106662145e-06,0.0024502206159081777,30.276274223837685,
157,100,3,39.5,15.0,3.0,1e-08,100.0,120,0.35,0.45,True,0.2,3,6.0055270853217635e-06,0.0024506176946479767,30.27623422152364,
103,100,3,39.5,15.0,1.0,1e-06,100.0,25,0.45,0.55,True,60.2,3,1.3328069101414932e-07,0.0003650762810895133,6.056915089262581,
158,100,3,39.5,15.0,3.0,1e-08,100.0,120,0.45,0.55,True,0.2,3,6.005524684446782e-06,0.002450617204796943,30.276234267666585,
160,100,3,39.5,15.0,3.0,1e-08,100.0,120,0.60,0.58,True,0.2,3,5.995633793217613e-06,0.00244859833235621,30.27643721738239,
159,100,3,39.5,15.0,3.0,1e-08,100.0,120,0.60,0.45,True,0.2,3,5.839421427182257e-06,0.0024164894841861525,30.28198056788967,
104,100,3,39.5,15.0,1.0,1e-06,100.0,25,0.60,0.45,True,61.5,3,1.9669896458947366e-07,0.0004435075699348024,7.168590052507565,
93,100,3,39.5,15.0,1.0,1e-06,50.0,80,0.45,0.55,True,66.9,3,0.011124713249820024,0.10547375621366684,2.8124703367754593,
98,100,3,39.5,15.0,1.0,1e-06,50.0,120,0.45,0.55,True,67.10000000000001,3,0.007162741966425897,0.0846329839154091,2.0222646371669617,
105,100,3,39.5,15.0,1.0,1e-06,100.0,25,0.60,0.58,True,60.0,3,1.7174288991639381e-06,0.0013105071152664292,5.6222871935487575,
106,100,3,39.5,15.0,1.0,1e-06,100.0,50,center,center,True,60.5,3,4.0191794945399606e-06,0.0020047891396702947,5.745688294937772,
107,100,3,39.5,15.0,1.0,1e-06,100.0,50,0.35,0.45,True,59.5,3,0.0039021059012328352,0.06246683841233551,7.997794605896088,
108,100,3,39.5,15.0,1.0,1e-06,100.0,50,0.45,0.55,True,58.400000000000006,3,9.897222860297551e-05,0.009948478707972165,6.168665486644804,
109,100,3,39.5,15.0,1.0,1e-06,100.0,50,0.60,0.45,True,60.5,3,5.417559417500023e-08,0.0002327565126371338,9.058770827618167,
110,100,3,39.5,15.0,1.0,1e-06,100.0,50,0.60,0.58,True,59.7,3,7.471722684852492e-07,0.000864391270481863,5.8886076698673335,
115,100,3,39.5,15.0,1.0,1e-06,100.0,80,0.60,0.58,True,59.400000000000006,3,7.577476006731196e-07,0.0008704869905249128,7.716586823534089,
112,100,3,39.5,15.0,1.0,1e-06,100.0,80,0.35,0.45,True,58.1,3,0.00013790214648023093,0.01174317446350138,5.824447374004996,
113,100,3,39.5,15.0,1.0,1e-06,100.0,80,0.45,0.55,True,57.900000000000006,3,1.157632384836364e-06,0.0010759332622594972,6.120369854740944,
111,100,3,39.5,15.0,1.0,1e-06,100.0,80,center,center,True,60.7,3,0.0025992988085750852,0.05098331892467462,5.829954231717263,
118,100,3,39.5,15.0,1.0,1e-06,100.0,120,0.45,0.55,True,57.7,3,0.0032484525370041,0.05699519749070179,6.225651514163647,
117,100,3,39.5,15.0,1.0,1e-06,100.0,120,0.35,0.45,True,59.1,3,0.0039028839744072084,0.062473065991731254,8.107355078299243,
120,100,3,39.5,15.0,1.0,1e-06,100.0,120,0.60,0.58,True,59.400000000000006,3,1.9201026189353395e-07,0.00043818975557803033,7.80819520289886,
116,100,3,39.5,15.0,1.0,1e-06,100.0,120,center,center,True,60.6,3,0.0029527052351886788,0.05433880045776387,5.742425977667815,
114,100,3,39.5,15.0,1.0,1e-06,100.0,80,0.60,0.45,True,61.1,3,7.530723621776309e-06,0.002744216394852328,8.426221981507757,
119,100,3,39.5,15.0,1.0,1e-06,100.0,120,0.60,0.45,True,61.300000000000004,3,1.4607690293042472e-07,0.00038220008232655407,8.65070216608704,
162,100,3,39.5,15.0,3.0,1e-07,50.0,25,0.35,0.45,True,54.800000000000004,3,0.035519996534577075,0.18846749463654755,14.812894775710696,
163,100,3,39.5,15.0,3.0,1e-07,50.0,25,0.45,0.55,True,55.1,3,0.035506263928042146,0.18843105882004205,14.922825098471327,
165,100,3,39.5,15.0,3.0,1e-07,50.0,25,0.60,0.58,True,54.6,3,0.0331694543129673,0.18212483167587912,14.757738771210493,
173,100,3,39.5,15.0,3.0,1e-07,50.0,80,0.45,0.55,True,55.1,3,0.035506263928042146,0.18843105882004205,14.922825098471327,
167,100,3,39.5,15.0,3.0,1e-07,50.0,50,0.35,0.45,True,54.800000000000004,3,0.035519996534577075,0.18846749463654755,14.812894775710696,
168,100,3,39.5,15.0,3.0,1e-07,50.0,50,0.45,0.55,True,55.1,3,0.035506263928042146,0.18843105882004205,14.922825098471327,
170,100,3,39.5,15.0,3.0,1e-07,50.0,50,0.60,0.58,True,54.6,3,0.0331694543129673,0.18212483167587912,14.757738771210493,
172,100,3,39.5,15.0,3.0,1e-07,50.0,80,0.35,0.45,True,54.800000000000004,3,0.035519996534577075,0.18846749463654755,14.812894775710696,
175,100,3,39.5,15.0,3.0,1e-07,50.0,80,0.60,0.58,True,54.6,3,0.0331694543129673,0.18212483167587912,14.757738771210493,
164,100,3,39.5,15.0,3.0,1e-07,50.0,25,0.60,0.45,True,67.8,3,0.028592587657140674,0.16909342878166694,15.500314292398073,
169,100,3,39.5,15.0,3.0,1e-07,50.0,50,0.60,0.45,True,67.8,3,0.028592587657140674,0.16909342878166694,15.500314292398073,
174,100,3,39.5,15.0,3.0,1e-07,50.0,80,0.60,0.45,True,67.8,3,0.028592587657140674,0.16909342878166694,15.500314292398073,
171,100,3,39.5,15.0,3.0,1e-07,50.0,80,center,center,True,71.9,3,0.03550864531331334,0.18843737769697746,14.887063906560444,
161,100,3,39.5,15.0,3.0,1e-07,50.0,25,center,center,True,71.10000000000001,3,0.03550864531331334,0.18843737769697746,14.887063906560444,
166,100,3,39.5,15.0,3.0,1e-07,50.0,50,center,center,True,71.9,3,0.03550864531331334,0.18843737769697746,14.887063906560444,
176,100,3,39.5,15.0,3.0,1e-07,50.0,120,center,center,True,71.9,3,0.03550864531331334,0.18843737769697746,14.887063906560444,
177,100,3,39.5,15.0,3.0,1e-07,50.0,120,0.35,0.45,True,54.800000000000004,3,0.035519996534577075,0.18846749463654755,14.812894775710696,
178,100,3,39.5,15.0,3.0,1e-07,50.0,120,0.45,0.55,True,55.1,3,0.035506263928042146,0.18843105882004205,14.922825098471327,
180,100,3,39.5,15.0,3.0,1e-07,50.0,120,0.60,0.58,True,54.6,3,0.0331694543129673,0.18212483167587912,14.757738771210493,
183,100,3,39.5,15.0,3.0,1e-07,100.0,25,0.45,0.55,True,55.1,3,0.035506263928042146,0.18843105882004205,14.922825098471327,
182,100,3,39.5,15.0,3.0,1e-07,100.0,25,0.35,0.45,True,54.800000000000004,3,0.035519996534577075,0.18846749463654755,14.812894775710696,
185,100,3,39.5,15.0,3.0,1e-07,100.0,25,0.60,0.58,True,54.6,3,0.0331694543129673,0.18212483167587912,14.757738771210493,
187,100,3,39.5,15.0,3.0,1e-07,100.0,50,0.35,0.45,True,54.800000000000004,3,0.035519996534577075,0.18846749463654755,14.812894775710696,
188,100,3,39.5,15.0,3.0,1e-07,100.0,50,0.45,0.55,True,55.1,3,0.035506263928042146,0.18843105882004205,14.922825098471327,
190,100,3,39.5,15.0,3.0,1e-07,100.0,50,0.60,0.58,True,54.6,3,0.0331694543129673,0.18212483167587912,14.757738771210493,
192,100,3,39.5,15.0,3.0,1e-07,100.0,80,0.35,0.45,True,54.800000000000004,3,0.035519996534577075,0.18846749463654755,14.812894775710696,
179,100,3,39.5,15.0,3.0,1e-07,50.0,120,0.60,0.45,True,67.8,3,0.028592587657140674,0.16909342878166694,15.500314292398073,
195,100,3,39.5,15.0,3.0,1e-07,100.0,80,0.60,0.58,True,54.6,3,0.0331694543129673,0.18212483167587912,14.757738771210493,
193,100,3,39.5,15.0,3.0,1e-07,100.0,80,0.45,0.55,True,55.1,3,0.035506263928042146,0.18843105882004205,14.922825098471327,
198,100,3,39.5,15.0,3.0,1e-07,100.0,120,0.45,0.55,True,55.1,3,0.035506263928042146,0.18843105882004205,14.922825098471327,
200,100,3,39.5,15.0,3.0,1e-07,100.0,120,0.60,0.58,True,54.6,3,0.0331694543129673,0.18212483167587912,14.757738771210493,
197,100,3,39.5,15.0,3.0,1e-07,100.0,120,0.35,0.45,True,54.800000000000004,3,0.035519996534577075,0.18846749463654755,14.812894775710696,
181,100,3,39.5,15.0,3.0,1e-07,100.0,25,center,center,True,71.10000000000001,3,0.03550864531331334,0.18843737769697746,14.887063906560444,
184,100,3,39.5,15.0,3.0,1e-07,100.0,25,0.60,0.45,True,67.8,3,0.028592587657140674,0.16909342878166694,15.500314292398073,
201,100,3,39.5,15.0,3.0,1e-06,50.0,25,center,center,True,59.6,3,0.00011941073101303827,0.010927521723292902,9.329377531086426,
189,100,3,39.5,15.0,3.0,1e-07,100.0,50,0.60,0.45,True,67.8,3,0.028592587657140674,0.16909342878166694,15.500314292398073,
186,100,3,39.5,15.0,3.0,1e-07,100.0,50,center,center,True,71.9,3,0.03550864531331334,0.18843737769697746,14.887063906560444,
191,100,3,39.5,15.0,3.0,1e-07,100.0,80,center,center,True,71.9,3,0.03550864531331334,0.18843737769697746,14.887063906560444,
194,100,3,39.5,15.0,3.0,1e-07,100.0,80,0.60,0.45,True,67.8,3,0.028592587657140674,0.16909342878166694,15.500314292398073,
199,100,3,39.5,15.0,3.0,1e-07,100.0,120,0.60,0.45,True,67.8,3,0.028592587657140674,0.16909342878166694,15.500314292398073,
202,100,3,39.5,15.0,3.0,1e-06,50.0,25,0.35,0.45,True,58.7,3,2.977152274797489e-05,0.005456328687677722,9.089282257547177,
207,100,3,39.5,15.0,3.0,1e-06,50.0,50,0.35,0.45,True,57.800000000000004,3,3.173778638187537e-06,0.0017815102127654327,8.848687469014347,
196,100,3,39.5,15.0,3.0,1e-07,100.0,120,center,center,True,71.9,3,0.03550864531331334,0.18843737769697746,14.887063906560444,
206,100,3,39.5,15.0,3.0,1e-06,50.0,50,center,center,True,59.1,3,6.103571570935232e-07,0.0007812535805316499,8.570874805792863,
205,100,3,39.5,15.0,3.0,1e-06,50.0,25,0.60,0.58,True,60.0,3,0.002697979322175337,0.051942076606305766,9.196316255380541,
204,100,3,39.5,15.0,3.0,1e-06,50.0,25,0.60,0.45,True,62.400000000000006,3,0.0032671141083061373,0.05715867482986408,9.852701674385596,
208,100,3,39.5,15.0,3.0,1e-06,50.0,50,0.45,0.55,True,60.300000000000004,3,0.003818223389148678,0.06179177444570336,9.93924787193397,
203,100,3,39.5,15.0,3.0,1e-06,50.0,25,0.45,0.55,True,66.5,3,0.0058594936755615515,0.07654732964357118,2.5322659706530595,
210,100,3,39.5,15.0,3.0,1e-06,50.0,50,0.60,0.58,True,59.6,3,7.0203261155761166e-06,0.002649589801379851,8.864589746950518,
241,100,3,39.5,15.0,5.0,1e-08,50.0,25,center,center,True,0.2,3,6.00358106662145e-06,0.0024502206159081777,30.276274223837685,
211,100,3,39.5,15.0,3.0,1e-06,50.0,80,center,center,True,60.300000000000004,3,2.379361427339686e-07,0.0004877869849985428,8.44480544427479,
242,100,3,39.5,15.0,5.0,1e-08,50.0,25,0.35,0.45,True,0.2,3,6.0055270853217635e-06,0.0024506176946479767,30.27623422152364,
243,100,3,39.5,15.0,5.0,1e-08,50.0,25,0.45,0.55,True,0.2,3,6.005524684446782e-06,0.002450617204796943,30.276234267666585,
209,100,3,39.5,15.0,3.0,1e-06,50.0,50,0.60,0.45,True,62.6,3,7.267351666319874e-07,0.0008524876342985788,10.238286400817257,
244,100,3,39.5,15.0,5.0,1e-08,50.0,25,0.60,0.45,True,0.2,3,5.839421427182257e-06,0.0024164894841861525,30.28198056788967,
212,100,3,39.5,15.0,3.0,1e-06,50.0,80,0.35,0.45,True,59.1,3,7.917007816677383e-06,0.00281371779265039,9.39340888278305,
245,100,3,39.5,15.0,5.0,1e-08,50.0,25,0.60,0.58,True,0.2,3,5.995633793217613e-06,0.00244859833235621,30.27643721738239,
246,100,3,39.5,15.0,5.0,1e-08,50.0,50,center,center,True,0.2,3,6.00358106662145e-06,0.0024502206159081777,30.276274223837685,
247,100,3,39.5,15.0,5.0,1e-08,50.0,50,0.35,0.45,True,0.2,3,6.0055270853217635e-06,0.0024506176946479767,30.27623422152364,
248,100,3,39.5,15.0,5.0,1e-08,50.0,50,0.45,0.55,True,0.2,3,6.005524684446782e-06,0.002450617204796943,30.276234267666585,
249,100,3,39.5,15.0,5.0,1e-08,50.0,50,0.60,0.45,True,0.2,3,5.839421427182257e-06,0.0024164894841861525,30.28198056788967,
250,100,3,39.5,15.0,5.0,1e-08,50.0,50,0.60,0.58,True,0.2,3,5.995633793217613e-06,0.00244859833235621,30.27643721738239,
251,100,3,39.5,15.0,5.0,1e-08,50.0,80,center,center,True,0.2,3,6.00358106662145e-06,0.0024502206159081777,30.276274223837685,
252,100,3,39.5,15.0,5.0,1e-08,50.0,80,0.35,0.45,True,0.2,3,6.0055270853217635e-06,0.0024506176946479767,30.27623422152364,
254,100,3,39.5,15.0,5.0,1e-08,50.0,80,0.60,0.45,True,0.2,3,5.839421427182257e-06,0.0024164894841861525,30.28198056788967,
253,100,3,39.5,15.0,5.0,1e-08,50.0,80,0.45,0.55,True,0.2,3,6.005524684446782e-06,0.002450617204796943,30.276234267666585,
255,100,3,39.5,15.0,5.0,1e-08,50.0,80,0.60,0.58,True,0.2,3,5.995633793217613e-06,0.00244859833235621,30.27643721738239,
256,100,3,39.5,15.0,5.0,1e-08,50.0,120,center,center,True,0.2,3,6.00358106662145e-06,0.0024502206159081777,30.276274223837685,
257,100,3,39.5,15.0,5.0,1e-08,50.0,120,0.35,0.45,True,0.2,3,6.0055270853217635e-06,0.0024506176946479767,30.27623422152364,
258,100,3,39.5,15.0,5.0,1e-08,50.0,120,0.45,0.55,True,0.2,3,6.005524684446782e-06,0.002450617204796943,30.276234267666585,
259,100,3,39.5,15.0,5.0,1e-08,50.0,120,0.60,0.45,True,0.2,3,5.839421427182257e-06,0.0024164894841861525,30.28198056788967,
260,100,3,39.5,15.0,5.0,1e-08,50.0,120,0.60,0.58,True,0.2,3,5.995633793217613e-06,0.00244859833235621,30.27643721738239,
261,100,3,39.5,15.0,5.0,1e-08,100.0,25,center,center,True,0.2,3,6.00358106662145e-06,0.0024502206159081777,30.276274223837685,
262,100,3,39.5,15.0,5.0,1e-08,100.0,25,0.35,0.45,True,0.2,3,6.0055270853217635e-06,0.0024506176946479767,30.27623422152364,
263,100,3,39.5,15.0,5.0,1e-08,100.0,25,0.45,0.55,True,0.2,3,6.005524684446782e-06,0.002450617204796943,30.276234267666585,
264,100,3,39.5,15.0,5.0,1e-08,100.0,25,0.60,0.45,True,0.2,3,5.839421427182257e-06,0.0024164894841861525,30.28198056788967,
265,100,3,39.5,15.0,5.0,1e-08,100.0,25,0.60,0.58,True,0.2,3,5.995633793217613e-06,0.00244859833235621,30.27643721738239,
266,100,3,39.5,15.0,5.0,1e-08,100.0,50,center,center,True,0.2,3,6.00358106662145e-06,0.0024502206159081777,30.276274223837685,
267,100,3,39.5,15.0,5.0,1e-08,100.0,50,0.35,0.45,True,0.2,3,6.0055270853217635e-06,0.0024506176946479767,30.27623422152364,
215,100,3,39.5,15.0,3.0,1e-06,50.0,80,0.60,0.58,True,60.2,3,5.516086636137226e-07,0.0007427036176118456,9.002995917440314,
214,100,3,39.5,15.0,3.0,1e-06,50.0,80,0.60,0.45,True,61.400000000000006,3,0.001642317435124234,0.04052551585266046,9.850323120336087,
268,100,3,39.5,15.0,5.0,1e-08,100.0,50,0.45,0.55,True,0.2,3,6.005524684446782e-06,0.002450617204796943,30.276234267666585,
269,100,3,39.5,15.0,5.0,1e-08,100.0,50,0.60,0.45,True,0.2,3,5.839421427182257e-06,0.0024164894841861525,30.28198056788967,
270,100,3,39.5,15.0,5.0,1e-08,100.0,50,0.60,0.58,True,0.2,3,5.995633793217613e-06,0.00244859833235621,30.27643721738239,
271,100,3,39.5,15.0,5.0,1e-08,100.0,80,center,center,True,0.2,3,6.00358106662145e-06,0.0024502206159081777,30.276274223837685,
272,100,3,39.5,15.0,5.0,1e-08,100.0,80,0.35,0.45,True,0.2,3,6.0055270853217635e-06,0.0024506176946479767,30.27623422152364,
216,100,3,39.5,15.0,3.0,1e-06,50.0,120,center,center,True,60.1,3,0.0002137167451770543,0.014619054182027452,9.047082214801621,
273,100,3,39.5,15.0,5.0,1e-08,100.0,80,0.45,0.55,True,0.2,3,6.005524684446782e-06,0.002450617204796943,30.276234267666585,
274,100,3,39.5,15.0,5.0,1e-08,100.0,80,0.60,0.45,True,0.2,3,5.839421427182257e-06,0.0024164894841861525,30.28198056788967,
217,100,3,39.5,15.0,3.0,1e-06,50.0,120,0.35,0.45,True,58.1,3,9.612497170356508e-06,0.003100402743250707,9.120976805563526,
275,100,3,39.5,15.0,5.0,1e-08,100.0,80,0.60,0.58,True,0.2,3,5.995633793217613e-06,0.00244859833235621,30.27643721738239,
276,100,3,39.5,15.0,5.0,1e-08,100.0,120,center,center,True,0.2,3,6.00358106662145e-06,0.0024502206159081777,30.276274223837685,
277,100,3,39.5,15.0,5.0,1e-08,100.0,120,0.35,0.45,True,0.2,3,6.0055270853217635e-06,0.0024506176946479767,30.27623422152364,
278,100,3,39.5,15.0,5.0,1e-08,100.0,120,0.45,0.55,True,0.2,3,6.005524684446782e-06,0.002450617204796943,30.276234267666585,
279,100,3,39.5,15.0,5.0,1e-08,100.0,120,0.60,0.45,True,0.2,3,5.839421427182257e-06,0.0024164894841861525,30.28198056788967,
280,100,3,39.5,15.0,5.0,1e-08,100.0,120,0.60,0.58,True,0.2,3,5.995633793217613e-06,0.00244859833235621,30.27643721738239,
219,100,3,39.5,15.0,3.0,1e-06,50.0,120,0.60,0.45,True,61.300000000000004,3,1.84862494411427e-06,0.0013596414763143519,10.308537467243598,
213,100,3,39.5,15.0,3.0,1e-06,50.0,80,0.45,0.55,True,66.9,3,0.014291160184406801,0.11954564059139422,2.9961876216231538,
221,100,3,39.5,15.0,3.0,1e-06,100.0,25,center,center,True,58.0,3,0.00015495217483907527,0.012447978745124658,5.242580452296413,
220,100,3,39.5,15.0,3.0,1e-06,50.0,120,0.60,0.58,True,60.2,3,0.004395342860763478,0.06629738200535129,9.257234160976234,
223,100,3,39.5,15.0,3.0,1e-06,100.0,25,0.45,0.55,True,60.1,3,1.7982268375462694e-08,0.0001340979805047887,6.148550033286868,
222,100,3,39.5,15.0,3.0,1e-06,100.0,25,0.35,0.45,True,59.1,3,0.003360467209846287,0.05796953691247056,6.5944522273289605,
226,100,3,39.5,15.0,3.0,1e-06,100.0,50,center,center,True,60.300000000000004,3,0.00010656309448191631,0.010322940205286298,5.939760131179791,
225,100,3,39.5,15.0,3.0,1e-06,100.0,25,0.60,0.58,True,60.2,3,0.0027353190474634042,0.0523002776996777,5.6564329746196975,
227,100,3,39.5,15.0,3.0,1e-06,100.0,50,0.35,0.45,True,58.7,3,1.0099524457817625e-08,0.00010049639027257459,6.238030199210405,
228,100,3,39.5,15.0,3.0,1e-06,100.0,50,0.45,0.55,True,58.400000000000006,3,6.520009779366909e-08,0.0002553430981907854,6.407204237187624,
224,100,3,39.5,15.0,3.0,1e-06,100.0,25,0.60,0.45,True,61.800000000000004,3,197.3757224101139,14.049047028539476,9.264656956706244,
229,100,3,39.5,15.0,3.0,1e-06,100.0,50,0.60,0.45,True,60.5,3,2.379574052341872e-08,0.00015425868054478724,7.201123745398014,
233,100,3,39.5,15.0,3.0,1e-06,100.0,80,0.45,0.55,True,57.900000000000006,3,2.0711389095010667e-07,0.00045509767187946223,6.133545291921356,
232,100,3,39.5,15.0,3.0,1e-06,100.0,80,0.35,0.45,True,58.2,3,5.752218699774733e-06,0.0023983783479206806,6.685250292993271,
230,100,3,39.5,15.0,3.0,1e-06,100.0,50,0.60,0.58,True,59.900000000000006,3,6.543535821908542e-07,0.0008089212459756847,5.8019344958718575,
231,100,3,39.5,15.0,3.0,1e-06,100.0,80,center,center,True,60.5,3,0.0001605665129185093,0.012671484242917612,6.15443374276657,
235,100,3,39.5,15.0,3.0,1e-06,100.0,80,0.60,0.58,True,59.6,3,0.002064816408559214,0.045440250973770094,7.823660429648999,
234,100,3,39.5,15.0,3.0,1e-06,100.0,80,0.60,0.45,True,59.900000000000006,3,2.444661092243549e-07,0.0004944351415750654,7.910559085173881,
218,100,3,39.5,15.0,3.0,1e-06,50.0,120,0.45,0.55,True,80.0,3,0.007905097956100997,0.0889106177916957,2.864564494144887,
237,100,3,39.5,15.0,3.0,1e-06,100.0,120,0.35,0.45,True,58.5,3,0.00012211733909283246,0.011050671431765241,6.160999891806939,
238,100,3,39.5,15.0,3.0,1e-06,100.0,120,0.45,0.55,True,57.7,3,5.924190530763965e-09,7.696876334438514e-05,6.441597939887088,
236,100,3,39.5,15.0,3.0,1e-06,100.0,120,center,center,True,60.2,3,0.00010442401147289023,0.010218806753867608,5.821412430929437,
240,100,3,39.5,15.0,3.0,1e-06,100.0,120,0.60,0.58,True,59.7,3,3.1027316732621927e-07,0.0005570216937662476,7.805199947543538,
239,100,3,39.5,15.0,3.0,1e-06,100.0,120,0.60,0.45,True,60.5,3,7.761885797958004e-05,0.008810156524124872,7.960300514133489,
285,100,3,39.5,15.0,5.0,1e-07,50.0,25,0.60,0.58,True,54.6,3,0.03317067347600635,0.18212817869842754,14.75858709950846,
281,100,3,39.5,15.0,5.0,1e-07,50.0,25,center,center,True,56.1,3,0.035517208847943516,0.18846009882185544,14.943161771297255,
287,100,3,39.5,15.0,5.0,1e-07,50.0,50,0.35,0.45,True,55.0,3,0.03548405280376973,0.18837211259570705,14.920880280044946,
283,100,3,39.5,15.0,5.0,1e-07,50.0,25,0.45,0.55,True,55.1,3,0.028059440419299066,0.16750952336896868,14.919401784215433,
288,100,3,39.5,15.0,5.0,1e-07,50.0,50,0.45,0.55,True,55.1,3,0.028059440419299066,0.16750952336896868,14.919401784215433,
282,100,3,39.5,15.0,5.0,1e-07,50.0,25,0.35,0.45,True,55.0,3,0.03548405280376973,0.18837211259570705,14.920880280044946,
286,100,3,39.5,15.0,5.0,1e-07,50.0,50,center,center,True,56.1,3,0.035517208847943516,0.18846009882185544,14.943161771297255,
290,100,3,39.5,15.0,5.0,1e-07,50.0,50,0.60,0.58,True,54.6,3,0.03317067347600635,0.18212817869842754,14.75858709950846,
291,100,3,39.5,15.0,5.0,1e-07,50.0,80,center,center,True,56.1,3,0.035517208847943516,0.18846009882185544,14.943161771297255,
292,100,3,39.5,15.0,5.0,1e-07,50.0,80,0.35,0.45,True,55.0,3,0.03548405280376973,0.18837211259570705,14.920880280044946,
293,100,3,39.5,15.0,5.0,1e-07,50.0,80,0.45,0.55,True,55.1,3,0.028059440419299066,0.16750952336896868,14.919401784215433,
295,100,3,39.5,15.0,5.0,1e-07,50.0,80,0.60,0.58,True,54.6,3,0.03317067347600635,0.18212817869842754,14.75858709950846,
297,100,3,39.5,15.0,5.0,1e-07,50.0,120,0.35,0.45,True,55.0,3,0.03548405280376973,0.18837211259570705,14.920880280044946,
296,100,3,39.5,15.0,5.0,1e-07,50.0,120,center,center,True,56.1,3,0.035517208847943516,0.18846009882185544,14.943161771297255,
298,100,3,39.5,15.0,5.0,1e-07,50.0,120,0.45,0.55,True,55.1,3,0.028059440419299066,0.16750952336896868,14.919401784215433,
284,100,3,39.5,15.0,5.0,1e-07,50.0,25,0.60,0.45,True,67.9,3,0.028570948548525724,0.16902943101284382,15.534914380967038,
300,100,3,39.5,15.0,5.0,1e-07,50.0,120,0.60,0.58,True,54.6,3,0.03317067347600635,0.18212817869842754,14.75858709950846,
289,100,3,39.5,15.0,5.0,1e-07,50.0,50,0.60,0.45,True,67.9,3,0.028570948548525724,0.16902943101284382,15.534914380967038,
302,100,3,39.5,15.0,5.0,1e-07,100.0,25,0.35,0.45,True,55.0,3,0.03548405280376973,0.18837211259570705,14.920880280044946,
301,100,3,39.5,15.0,5.0,1e-07,100.0,25,center,center,True,56.1,3,0.035517208847943516,0.18846009882185544,14.943161771297255,
303,100,3,39.5,15.0,5.0,1e-07,100.0,25,0.45,0.55,True,55.1,3,0.028059440419299066,0.16750952336896868,14.919401784215433,
305,100,3,39.5,15.0,5.0,1e-07,100.0,25,0.60,0.58,True,54.6,3,0.03317067347600635,0.18212817869842754,14.75858709950846,
294,100,3,39.5,15.0,5.0,1e-07,50.0,80,0.60,0.45,True,67.9,3,0.028570948548525724,0.16902943101284382,15.534914380967038,
307,100,3,39.5,15.0,5.0,1e-07,100.0,50,0.35,0.45,True,55.0,3,0.03548405280376973,0.18837211259570705,14.920880280044946,
306,100,3,39.5,15.0,5.0,1e-07,100.0,50,center,center,True,56.1,3,0.035517208847943516,0.18846009882185544,14.943161771297255,
308,100,3,39.5,15.0,5.0,1e-07,100.0,50,0.45,0.55,True,55.1,3,0.028059440419299066,0.16750952336896868,14.919401784215433,
299,100,3,39.5,15.0,5.0,1e-07,50.0,120,0.60,0.45,True,67.9,3,0.028570948548525724,0.16902943101284382,15.534914380967038,
310,100,3,39.5,15.0,5.0,1e-07,100.0,50,0.60,0.58,True,54.6,3,0.03317067347600635,0.18212817869842754,14.75858709950846,
311,100,3,39.5,15.0,5.0,1e-07,100.0,80,center,center,True,56.1,3,0.035517208847943516,0.18846009882185544,14.943161771297255,
312,100,3,39.5,15.0,5.0,1e-07,100.0,80,0.35,0.45,True,55.0,3,0.03548405280376973,0.18837211259570705,14.920880280044946,
304,100,3,39.5,15.0,5.0,1e-07,100.0,25,0.60,0.45,True,67.9,3,0.028570948548525724,0.16902943101284382,15.534914380967038,
309,100,3,39.5,15.0,5.0,1e-07,100.0,50,0.60,0.45,True,67.9,3,0.028570948548525724,0.16902943101284382,15.534914380967038,
313,100,3,39.5,15.0,5.0,1e-07,100.0,80,0.45,0.55,True,55.1,3,0.028059440419299066,0.16750952336896868,14.919401784215433,
315,100,3,39.5,15.0,5.0,1e-07,100.0,80,0.60,0.58,True,54.6,3,0.03317067347600635,0.18212817869842754,14.75858709950846,
316,100,3,39.5,15.0,5.0,1e-07,100.0,120,center,center,True,56.1,3,0.035517208847943516,0.18846009882185544,14.943161771297255,
317,100,3,39.5,15.0,5.0,1e-07,100.0,120,0.35,0.45,True,55.0,3,0.03548405280376973,0.18837211259570705,14.920880280044946,
318,100,3,39.5,15.0,5.0,1e-07,100.0,120,0.45,0.55,True,55.1,3,0.028059440419299066,0.16750952336896868,14.919401784215433,
320,100,3,39.5,15.0,5.0,1e-07,100.0,120,0.60,0.58,True,54.6,3,0.03317067347600635,0.18212817869842754,14.75858709950846,
322,100,3,39.5,15.0,5.0,1e-06,50.0,25,0.35,0.45,True,59.0,3,5.7840258612406265e-06,0.0024050001790520987,9.41009033276939,
321,100,3,39.5,15.0,5.0,1e-06,50.0,25,center,center,True,59.6,3,7.097856306047907e-07,0.0008424877628813315,9.33816626749288,
314,100,3,39.5,15.0,5.0,1e-07,100.0,80,0.60,0.45,True,67.9,3,0.028570948548525724,0.16902943101284382,15.534914380967038,
327,100,3,39.5,15.0,5.0,1e-06,50.0,50,0.35,0.45,True,58.7,3,0.003600575013741493,0.06000479158985133,9.272897114964067,
326,100,3,39.5,15.0,5.0,1e-06,50.0,50,center,center,True,59.0,3,0.002977306262022579,0.05456469794677305,8.854458575371181,
325,100,3,39.5,15.0,5.0,1e-06,50.0,25,0.60,0.58,True,60.400000000000006,3,0.002600436331321347,0.050994473537054455,9.164054774194186,
319,100,3,39.5,15.0,5.0,1e-07,100.0,120,0.60,0.45,True,67.9,3,0.028570948548525724,0.16902943101284382,15.534914380967038,
324,100,3,39.5,15.0,5.0,1e-06,50.0,25,0.60,0.45,True,63.1,3,0.003324789603475791,0.057660988575255895,10.459921937261376,
332,100,3,39.5,15.0,5.0,1e-06,50.0,80,0.35,0.45,True,58.300000000000004,3,1.9887125562192154e-06,0.0014102172017881555,9.098658671577647,
331,100,3,39.5,15.0,5.0,1e-06,50.0,80,center,center,True,60.400000000000006,3,8.555684920360967e-06,0.0029250102427788123,8.953943200038122,
323,100,3,39.5,15.0,5.0,1e-06,50.0,25,0.45,0.55,True,66.7,3,0.021654041337664322,0.14715312207922848,2.794566849692014,
330,100,3,39.5,15.0,5.0,1e-06,50.0,50,0.60,0.58,True,60.1,3,5.51517601013704e-06,0.0023484411872850977,9.35362187450633,
329,100,3,39.5,15.0,5.0,1e-06,50.0,50,0.60,0.45,True,63.300000000000004,3,1.4346617859903928e-06,0.001197773678952077,10.931985806198,
334,100,3,39.5,15.0,5.0,1e-06,50.0,80,0.60,0.45,True,62.1,3,1.3217245659165524e-06,0.0011496628053114324,10.491076685700923,
336,100,3,39.5,15.0,5.0,1e-06,50.0,120,center,center,True,60.1,3,0.004548535500702021,0.06744283135146405,9.134789687329627,
337,100,3,39.5,15.0,5.0,1e-06,50.0,120,0.35,0.45,True,58.400000000000006,3,7.91867433608359e-06,0.0028140139189569745,9.125334728973638,
335,100,3,39.5,15.0,5.0,1e-06,50.0,80,0.60,0.58,True,60.7,3,0.0019501937993670806,0.04416099862284684,8.60015179027898,
328,100,3,39.5,15.0,5.0,1e-06,50.0,50,0.45,0.55,True,66.60000000000001,3,0.024183033867129472,0.15550895108362564,2.874055981409576,
339,100,3,39.5,15.0,5.0,1e-06,50.0,120,0.60,0.45,True,61.800000000000004,3,1.2744757185668898e-06,0.0011289267994723528,10.699328300154582,
341,100,3,39.5,15.0,5.0,1e-06,100.0,25,center,center,True,58.0,3,1.794035130312287e-06,0.001339415966125642,5.9351257640730015,
333,100,3,39.5,15.0,5.0,1e-06,50.0,80,0.45,0.55,True,67.0,3,0.01868881681819964,0.13670704743428425,2.5952521743042203,
340,100,3,39.5,15.0,5.0,1e-06,50.0,120,0.60,0.58,True,60.6,3,0.0043905876945390795,0.06626150990234889,9.26336782372313,
342,100,3,39.5,15.0,5.0,1e-06,100.0,25,0.35,0.45,True,59.6,3,2.1003580500420963e-08,0.00014492612083548282,6.584061609377364,
343,100,3,39.5,15.0,5.0,1e-06,100.0,25,0.45,0.55,True,60.2,3,2.353177086802871e-07,0.0004850955665436318,6.679273792172814,
344,100,3,39.5,15.0,5.0,1e-06,100.0,25,0.60,0.45,True,62.7,3,1.1140727061882703e-05,0.0033377727696598377,7.9077970990965305,
338,100,3,39.5,15.0,5.0,1e-06,50.0,120,0.45,0.55,True,79.7,3,0.008033822241554087,0.08963159176068496,2.8027087787721405,
361,100,3,62.6,14.1,1.0,1e-08,50.0,25,center,center,True,24.900000000000002,3,0.008439778729889404,0.09186826835142482,34.83212103577344,
362,100,3,62.6,14.1,1.0,1e-08,50.0,25,0.35,0.45,True,24.700000000000003,3,0.008546896410217568,0.092449426229791,34.68537108761627,
363,100,3,62.6,14.1,1.0,1e-08,50.0,25,0.45,0.55,True,24.700000000000003,3,0.00854688939787726,0.09244938830450561,34.71034600604793,
364,100,3,62.6,14.1,1.0,1e-08,50.0,25,0.60,0.45,True,24.700000000000003,3,4.666035045722047e-06,0.002160100702680791,34.22505152081662,
365,100,3,62.6,14.1,1.0,1e-08,50.0,25,0.60,0.58,True,24.8,3,0.008517235126315076,0.09228886783526535,34.73452694452263,
367,100,3,62.6,14.1,1.0,1e-08,50.0,50,0.35,0.45,True,24.700000000000003,3,0.008546896410217568,0.092449426229791,34.68537108761627,
368,100,3,62.6,14.1,1.0,1e-08,50.0,50,0.45,0.55,True,24.700000000000003,3,0.00854688939787726,0.09244938830450561,34.71034600604793,
366,100,3,62.6,14.1,1.0,1e-08,50.0,50,center,center,True,24.900000000000002,3,0.008439778729889404,0.09186826835142482,34.83212103577344,
371,100,3,62.6,14.1,1.0,1e-08,50.0,80,center,center,True,24.900000000000002,3,0.008439778729889404,0.09186826835142482,34.83212103577344,
370,100,3,62.6,14.1,1.0,1e-08,50.0,50,0.60,0.58,True,24.8,3,0.008517235126315076,0.09228886783526535,34.73452694452263,
372,100,3,62.6,14.1,1.0,1e-08,50.0,80,0.35,0.45,True,24.700000000000003,3,0.008546896410217568,0.092449426229791,34.68537108761627,
369,100,3,62.6,14.1,1.0,1e-08,50.0,50,0.60,0.45,True,24.700000000000003,3,4.666035045722047e-06,0.002160100702680791,34.22505152081662,
373,100,3,62.6,14.1,1.0,1e-08,50.0,80,0.45,0.55,True,24.700000000000003,3,0.00854688939787726,0.09244938830450561,34.71034600604793,
374,100,3,62.6,14.1,1.0,1e-08,50.0,80,0.60,0.45,True,24.700000000000003,3,4.666035045722047e-06,0.002160100702680791,34.22505152081662,
346,100,3,39.5,15.0,5.0,1e-06,100.0,50,center,center,True,60.400000000000006,3,4.893635150268124e-07,0.0006995452201443538,5.8682320008313384,
347,100,3,39.5,15.0,5.0,1e-06,100.0,50,0.35,0.45,True,58.5,3,1.1420468163891436e-07,0.00033794183173870967,6.783017891000768,
348,100,3,39.5,15.0,5.0,1e-06,100.0,50,0.45,0.55,True,58.5,3,7.200629648484898e-08,0.0002683398898502587,6.535744851904625,
345,100,3,39.5,15.0,5.0,1e-06,100.0,25,0.60,0.58,True,60.5,3,0.000125926128968516,0.01122168120062747,5.625839006825822,
349,100,3,39.5,15.0,5.0,1e-06,100.0,50,0.60,0.45,True,60.800000000000004,3,0.00015298898005025117,0.012368871413764927,9.107529046707699,
350,100,3,39.5,15.0,5.0,1e-06,100.0,50,0.60,0.58,True,60.300000000000004,3,0.002619232789517792,0.05117844067102662,5.667300904013133,
352,100,3,39.5,15.0,5.0,1e-06,100.0,80,0.35,0.45,True,58.7,3,1.4196439319560412e-08,0.00011914881165819663,6.491445487035987,
353,100,3,39.5,15.0,5.0,1e-06,100.0,80,0.45,0.55,True,58.1,3,2.9378278912754117e-08,0.00017140093031472762,6.3562788094423395,
351,100,3,39.5,15.0,5.0,1e-06,100.0,80,center,center,True,60.5,3,9.332462331717952e-06,0.0030549079088767884,6.3808167554605,
355,100,3,39.5,15.0,5.0,1e-06,100.0,80,0.60,0.58,True,59.800000000000004,3,0.0026303455550886474,0.05128689457442951,7.328579691512042,
375,100,3,62.6,14.1,1.0,1e-08,50.0,80,0.60,0.58,True,24.8,3,0.008517235126315076,0.09228886783526535,34.73452694452263,
358,100,3,39.5,15.0,5.0,1e-06,100.0,120,0.45,0.55,True,57.800000000000004,3,4.298546106355395e-08,0.0002073293540807812,6.73720597900056,
354,100,3,39.5,15.0,5.0,1e-06,100.0,80,0.60,0.45,True,61.800000000000004,3,0.00011232862491738401,0.01059851993994369,8.980067931270055,
356,100,3,39.5,15.0,5.0,1e-06,100.0,120,center,center,True,60.300000000000004,3,0.0018591769972310102,0.043118174790116176,5.90685713052053,
357,100,3,39.5,15.0,5.0,1e-06,100.0,120,0.35,0.45,True,58.5,3,1.1068473504493074e-07,0.0003326931544906368,6.508516880327108,
376,100,3,62.6,14.1,1.0,1e-08,50.0,120,center,center,True,24.900000000000002,3,0.008439778729889404,0.09186826835142482,34.83212103577344,
377,100,3,62.6,14.1,1.0,1e-08,50.0,120,0.35,0.45,True,24.700000000000003,3,0.008546896410217568,0.092449426229791,34.68537108761627,
378,100,3,62.6,14.1,1.0,1e-08,50.0,120,0.45,0.55,True,24.700000000000003,3,0.00854688939787726,0.09244938830450561,34.71034600604793,
379,100,3,62.6,14.1,1.0,1e-08,50.0,120,0.60,0.45,True,24.700000000000003,3,4.666035045722047e-06,0.002160100702680791,34.22505152081662,
360,100,3,39.5,15.0,5.0,1e-06,100.0,120,0.60,0.58,True,59.900000000000006,3,3.4357118815884617e-07,0.0005861494588915409,7.512070275051084,
380,100,3,62.6,14.1,1.0,1e-08,50.0,120,0.60,0.58,True,24.8,3,0.008517235126315076,0.09228886783526535,34.73452694452263,
382,100,3,62.6,14.1,1.0,1e-08,100.0,25,0.35,0.45,True,24.700000000000003,3,0.008546896410217568,0.092449426229791,34.68537108761627,
359,100,3,39.5,15.0,5.0,1e-06,100.0,120,0.60,0.45,True,61.300000000000004,3,0.0019980520690855365,0.04469957571482683,8.972939885757077,
381,100,3,62.6,14.1,1.0,1e-08,100.0,25,center,center,True,24.900000000000002,3,0.008439778729889404,0.09186826835142482,34.83212103577344,
383,100,3,62.6,14.1,1.0,1e-08,100.0,25,0.45,0.55,True,24.700000000000003,3,0.00854688939787726,0.09244938830450561,34.71034600604793,
384,100,3,62.6,14.1,1.0,1e-08,100.0,25,0.60,0.45,True,24.700000000000003,3,4.666035045722047e-06,0.002160100702680791,34.22505152081662,
385,100,3,62.6,14.1,1.0,1e-08,100.0,25,0.60,0.58,True,24.8,3,0.008517235126315076,0.09228886783526535,34.73452694452263,
386,100,3,62.6,14.1,1.0,1e-08,100.0,50,center,center,True,24.900000000000002,3,0.008439778729889404,0.09186826835142482,34.83212103577344,
387,100,3,62.6,14.1,1.0,1e-08,100.0,50,0.35,0.45,True,24.700000000000003,3,0.008546896410217568,0.092449426229791,34.68537108761627,
388,100,3,62.6,14.1,1.0,1e-08,100.0,50,0.45,0.55,True,24.700000000000003,3,0.00854688939787726,0.09244938830450561,34.71034600604793,
389,100,3,62.6,14.1,1.0,1e-08,100.0,50,0.60,0.45,True,24.700000000000003,3,4.666035045722047e-06,0.002160100702680791,34.22505152081662,
390,100,3,62.6,14.1,1.0,1e-08,100.0,50,0.60,0.58,True,24.8,3,0.008517235126315076,0.09228886783526535,34.73452694452263,
391,100,3,62.6,14.1,1.0,1e-08,100.0,80,center,center,True,24.900000000000002,3,0.008439778729889404,0.09186826835142482,34.83212103577344,
392,100,3,62.6,14.1,1.0,1e-08,100.0,80,0.35,0.45,True,24.700000000000003,3,0.008546896410217568,0.092449426229791,34.68537108761627,
393,100,3,62.6,14.1,1.0,1e-08,100.0,80,0.45,0.55,True,24.700000000000003,3,0.00854688939787726,0.09244938830450561,34.71034600604793,
394,100,3,62.6,14.1,1.0,1e-08,100.0,80,0.60,0.45,True,24.700000000000003,3,4.666035045722047e-06,0.002160100702680791,34.22505152081662,
395,100,3,62.6,14.1,1.0,1e-08,100.0,80,0.60,0.58,True,24.8,3,0.008517235126315076,0.09228886783526535,34.73452694452263,
397,100,3,62.6,14.1,1.0,1e-08,100.0,120,0.35,0.45,True,24.700000000000003,3,0.008546896410217568,0.092449426229791,34.68537108761627,
398,100,3,62.6,14.1,1.0,1e-08,100.0,120,0.45,0.55,True,24.700000000000003,3,0.00854688939787726,0.09244938830450561,34.71034600604793,
396,100,3,62.6,14.1,1.0,1e-08,100.0,120,center,center,True,24.900000000000002,3,0.008439778729889404,0.09186826835142482,34.83212103577344,
399,100,3,62.6,14.1,1.0,1e-08,100.0,120,0.60,0.45,True,24.700000000000003,3,4.666035045722047e-06,0.002160100702680791,34.22505152081662,
400,100,3,62.6,14.1,1.0,1e-08,100.0,120,0.60,0.58,True,24.8,3,0.008517235126315076,0.09228886783526535,34.73452694452263,
404,100,3,62.6,14.1,1.0,1e-07,50.0,25,0.60,0.45,True,95.30000000000001,3,0.026681721353018998,0.1633454050563376,28.105530814183375,
402,100,3,62.6,14.1,1.0,1e-07,50.0,25,0.35,0.45,True,97.60000000000001,3,0.027423318540233443,0.16559987481949812,28.33675084181042,
405,100,3,62.6,14.1,1.0,1e-07,50.0,25,0.60,0.58,True,98.10000000000001,3,0.027583309240787075,0.16608223637941258,28.6903764469895,
403,100,3,62.6,14.1,1.0,1e-07,50.0,25,0.45,0.55,True,98.0,3,0.03045784409903011,0.17452175823956767,28.214862229122637,
409,100,3,62.6,14.1,1.0,1e-07,50.0,50,0.60,0.45,True,95.30000000000001,3,0.026681721353018998,0.1633454050563376,28.105530814183375,
401,100,3,62.6,14.1,1.0,1e-07,50.0,25,center,center,True,99.0,3,0.026408532910481317,0.16250702418812954,26.06710710134998,
407,100,3,62.6,14.1,1.0,1e-07,50.0,50,0.35,0.45,True,97.60000000000001,3,0.027423318540233443,0.16559987481949812,28.33675084181042,
414,100,3,62.6,14.1,1.0,1e-07,50.0,80,0.60,0.45,True,95.30000000000001,3,0.026681721353018998,0.1633454050563376,28.105530814183375,
410,100,3,62.6,14.1,1.0,1e-07,50.0,50,0.60,0.58,True,98.10000000000001,3,0.027583309240787075,0.16608223637941258,28.6903764469895,
406,100,3,62.6,14.1,1.0,1e-07,50.0,50,center,center,True,99.10000000000001,3,0.026408532910481317,0.16250702418812954,26.06710710134998,
408,100,3,62.6,14.1,1.0,1e-07,50.0,50,0.45,0.55,True,98.0,3,0.03045784409903011,0.17452175823956767,28.214862229122637,
423,100,3,62.6,14.1,1.0,1e-07,100.0,25,0.45,0.55,True,90.9,3,0.034789455369286126,0.18651931634360588,19.331490859137567,
411,100,3,62.6,14.1,1.0,1e-07,50.0,80,center,center,True,99.10000000000001,3,0.026408532910481317,0.16250702418812954,26.06710710134998,
426,100,3,62.6,14.1,1.0,1e-07,100.0,50,center,center,True,89.80000000000001,3,0.016110870516661397,0.12692860401289144,22.86259022732853,
412,100,3,62.6,14.1,1.0,1e-07,50.0,80,0.35,0.45,True,97.60000000000001,3,0.027423318540233443,0.16559987481949812,28.33675084181042,
413,100,3,62.6,14.1,1.0,1e-07,50.0,80,0.45,0.55,True,98.0,3,0.03045784409903011,0.17452175823956767,28.214862229122637,
427,100,3,62.6,14.1,1.0,1e-07,100.0,50,0.35,0.45,True,90.0,3,0.03524630742220531,0.18773999952648693,19.037298120067863,
425,100,3,62.6,14.1,1.0,1e-07,100.0,25,0.60,0.58,True,89.9,3,0.019665919048312525,0.14023522755824416,20.055149520744205,
415,100,3,62.6,14.1,1.0,1e-07,50.0,80,0.60,0.58,True,98.10000000000001,3,0.027583309240787075,0.16608223637941258,28.6903764469895,
424,100,3,62.6,14.1,1.0,1e-07,100.0,25,0.60,0.45,True,93.0,3,0.005378624695677554,0.07333910754623044,21.921733697228664,
428,100,3,62.6,14.1,1.0,1e-07,100.0,50,0.45,0.55,True,88.80000000000001,3,0.03476609616742312,0.18645668710835533,17.8699422065578,
419,100,3,62.6,14.1,1.0,1e-07,50.0,120,0.60,0.45,True,95.30000000000001,3,0.026681721353018998,0.1633454050563376,28.105530814183375,
416,100,3,62.6,14.1,1.0,1e-07,50.0,120,center,center,True,99.10000000000001,3,0.026408532910481317,0.16250702418812954,26.06710710134998,
422,100,3,62.6,14.1,1.0,1e-07,100.0,25,0.35,0.45,True,94.4,3,0.01219594418069949,0.11043524881440477,19.398548914908584,
418,100,3,62.6,14.1,1.0,1e-07,50.0,120,0.45,0.55,True,98.0,3,0.03045784409903011,0.17452175823956767,28.214862229122637,
432,100,3,62.6,14.1,1.0,1e-07,100.0,80,0.35,0.45,True,89.10000000000001,3,0.035185286068042096,0.18757741353383167,19.13042640291751,
417,100,3,62.6,14.1,1.0,1e-07,50.0,120,0.35,0.45,True,97.60000000000001,3,0.027423318540233443,0.16559987481949812,28.33675084181042,
429,100,3,62.6,14.1,1.0,1e-07,100.0,50,0.60,0.45,True,93.9,3,0.008428662005295358,0.09180774480018207,21.097403428252854,
431,100,3,62.6,14.1,1.0,1e-07,100.0,80,center,center,True,91.7,3,0.015744815900744467,0.12547834833446153,22.368520273596292,
420,100,3,62.6,14.1,1.0,1e-07,50.0,120,0.60,0.58,True,98.10000000000001,3,0.027583309240787075,0.16608223637941258,28.6903764469895,
421,100,3,62.6,14.1,1.0,1e-07,100.0,25,center,center,True,100.5,3,0.017265291624600613,0.13139745669000072,21.394031401655287,
430,100,3,62.6,14.1,1.0,1e-07,100.0,50,0.60,0.58,True,102.10000000000001,3,0.010167969567208845,0.10083635042586996,7.715950992905807,
462,100,3,62.6,14.1,1.0,1e-06,100.0,25,0.35,0.45,True,66.60000000000001,3,nan,nan,13.118372003552025,
461,100,3,62.6,14.1,1.0,1e-06,100.0,25,center,center,True,69.8,3,nan,nan,14.983506684101329,
442,100,3,62.6,14.1,1.0,1e-06,50.0,25,0.35,0.45,True,74.3,3,0.003676814960027192,0.06063674595513179,14.144007846933674,
443,100,3,62.6,14.1,1.0,1e-06,50.0,25,0.45,0.55,True,74.0,3,0.0028567587546471187,0.05344865531187028,13.727489410075611,
452,100,3,62.6,14.1,1.0,1e-06,50.0,80,0.35,0.45,True,73.8,3,6.4096458782724e-06,0.0025317278444320196,15.126905804989327,
447,100,3,62.6,14.1,1.0,1e-06,50.0,50,0.35,0.45,True,74.60000000000001,3,4.558345744763456e-06,0.0021350282772749068,14.63529934886381,
463,100,3,62.6,14.1,1.0,1e-06,100.0,25,0.45,0.55,True,68.4,3,nan,nan,12.452555248927478,
441,100,3,62.6,14.1,1.0,1e-06,50.0,25,center,center,True,76.4,3,1.171857592014968e-06,0.001082523714296813,13.5210094725777,
453,100,3,62.6,14.1,1.0,1e-06,50.0,80,0.45,0.55,True,75.60000000000001,3,2.1851018748899925e-05,0.0046745073268634335,14.377470320305635,
457,100,3,62.6,14.1,1.0,1e-06,50.0,120,0.35,0.45,True,74.3,3,0.0038522569840384697,0.062066552860928804,14.368993471097836,
455,100,3,62.6,14.1,1.0,1e-06,50.0,80,0.60,0.58,True,75.3,3,0.000921299940013323,0.030352923088449373,13.784554589458821,
444,100,3,62.6,14.1,1.0,1e-06,50.0,25,0.60,0.45,True,79.2,3,0.0030717273954223114,0.0554231665950468,16.287324858798467,
446,100,3,62.6,14.1,1.0,1e-06,50.0,50,center,center,True,76.5,3,2.0310922577353513e-06,0.0014251639406522153,14.02902243582266,
460,100,3,62.6,14.1,1.0,1e-06,50.0,120,0.60,0.58,True,75.5,3,0.003907782846612782,0.06251226157013344,14.30467268839906,
448,100,3,62.6,14.1,1.0,1e-06,50.0,50,0.45,0.55,True,76.9,3,0.00013092218199752553,0.011442123142036426,14.076479612753596,
450,100,3,62.6,14.1,1.0,1e-06,50.0,50,0.60,0.58,True,76.7,3,0.003905033047145579,0.06249026361878768,14.178859572147726,
458,100,3,62.6,14.1,1.0,1e-06,50.0,120,0.45,0.55,True,76.10000000000001,3,6.691344140442132e-06,0.002586763255584502,15.067774105509377,
445,100,3,62.6,14.1,1.0,1e-06,50.0,25,0.60,0.58,True,80.30000000000001,3,0.00025894898014556535,0.016091891751610975,13.80116591426294,
439,100,3,62.6,14.1,1.0,1e-07,100.0,120,0.60,0.45,True,86.10000000000001,3,0.009793153115770333,0.09896036133609423,20.193781285527677,
454,100,3,62.6,14.1,1.0,1e-06,50.0,80,0.60,0.45,True,77.0,3,0.0027894961622229866,0.052815681025837266,14.933097320728711,
451,100,3,62.6,14.1,1.0,1e-06,50.0,80,center,center,True,80.0,3,1.8063668121162956e-06,0.0013440114627920015,14.55975873375899,
433,100,3,62.6,14.1,1.0,1e-07,100.0,80,0.45,0.55,True,89.4,3,0.032408877453980495,0.1800246579054672,18.880300128149205,
459,100,3,62.6,14.1,1.0,1e-06,50.0,120,0.60,0.45,True,77.5,3,0.00017732787473993052,0.013316451281776633,16.266473896425072,
449,100,3,62.6,14.1,1.0,1e-06,50.0,50,0.60,0.45,True,78.10000000000001,3,0.0001339574237951732,0.011573997744736829,15.545227866866208,
435,100,3,62.6,14.1,1.0,1e-07,100.0,80,0.60,0.58,True,89.7,3,0.022881006687082154,0.1512646908140897,18.49700889509143,
434,100,3,62.6,14.1,1.0,1e-07,100.0,80,0.60,0.45,True,89.9,3,0.00883871678365275,0.0940144498662453,20.258186550701918,
440,100,3,62.6,14.1,1.0,1e-07,100.0,120,0.60,0.58,True,88.2,3,0.019785987536195912,0.14066267286027204,18.144697069422207,
437,100,3,62.6,14.1,1.0,1e-07,100.0,120,0.35,0.45,True,90.60000000000001,3,0.03486372746444326,0.18671831046912152,18.949851972357855,
438,100,3,62.6,14.1,1.0,1e-07,100.0,120,0.45,0.55,True,90.9,3,0.03471074539803781,0.18630820002897835,18.494409695058764,
436,100,3,62.6,14.1,1.0,1e-07,100.0,120,center,center,True,92.7,3,0.015669434540402673,0.12517761197755242,23.375581592952493,
464,100,3,62.6,14.1,1.0,1e-06,100.0,25,0.60,0.45,True,70.5,3,nan,nan,15.00124907582762,
456,100,3,62.6,14.1,1.0,1e-06,50.0,120,center,center,True,91.7,3,1.3527263960156041e-05,0.0036779428978922497,13.654528566165153,
481,100,3,62.6,14.1,3.0,1e-08,50.0,25,center,center,True,24.8,3,0.006859088701953021,0.08281961544195325,34.741433999234474,
482,100,3,62.6,14.1,3.0,1e-08,50.0,25,0.35,0.45,True,24.700000000000003,3,0.008546896479766341,0.09244942660593597,34.68536252019889,
483,100,3,62.6,14.1,3.0,1e-08,50.0,25,0.45,0.55,True,24.700000000000003,3,0.008045888843170115,0.08969887871746288,34.66666412092058,
484,100,3,62.6,14.1,3.0,1e-08,50.0,25,0.60,0.45,True,24.700000000000003,3,4.428806723131431e-06,0.002104473027418368,34.2240767155307,
486,100,3,62.6,14.1,3.0,1e-08,50.0,50,center,center,True,24.8,3,0.006859088701953021,0.08281961544195325,34.741433999234474,
485,100,3,62.6,14.1,3.0,1e-08,50.0,25,0.60,0.58,True,24.700000000000003,3,0.008016500273581102,0.08953491092071908,34.65829262279536,
487,100,3,62.6,14.1,3.0,1e-08,50.0,50,0.35,0.45,True,24.700000000000003,3,0.008546896479766341,0.09244942660593597,34.68536252019889,
488,100,3,62.6,14.1,3.0,1e-08,50.0,50,0.45,0.55,True,24.700000000000003,3,0.008045888843170115,0.08969887871746288,34.66666412092058,
489,100,3,62.6,14.1,3.0,1e-08,50.0,50,0.60,0.45,True,24.700000000000003,3,4.428806723131431e-06,0.002104473027418368,34.2240767155307,
490,100,3,62.6,14.1,3.0,1e-08,50.0,50,0.60,0.58,True,24.700000000000003,3,0.008016500273581102,0.08953491092071908,34.65829262279536,
491,100,3,62.6,14.1,3.0,1e-08,50.0,80,center,center,True,24.8,3,0.006859088701953021,0.08281961544195325,34.741433999234474,
492,100,3,62.6,14.1,3.0,1e-08,50.0,80,0.35,0.45,True,24.700000000000003,3,0.008546896479766341,0.09244942660593597,34.68536252019889,
493,100,3,62.6,14.1,3.0,1e-08,50.0,80,0.45,0.55,True,24.700000000000003,3,0.008045888843170115,0.08969887871746288,34.66666412092058,
494,100,3,62.6,14.1,3.0,1e-08,50.0,80,0.60,0.45,True,24.700000000000003,3,4.428806723131431e-06,0.002104473027418368,34.2240767155307,
495,100,3,62.6,14.1,3.0,1e-08,50.0,80,0.60,0.58,True,24.700000000000003,3,0.008016500273581102,0.08953491092071908,34.65829262279536,
496,100,3,62.6,14.1,3.0,1e-08,50.0,120,center,center,True,24.8,3,0.006859088701953021,0.08281961544195325,34.741433999234474,
467,100,3,62.6,14.1,1.0,1e-06,100.0,50,0.35,0.45,True,67.60000000000001,3,nan,nan,13.574444345194651,
497,100,3,62.6,14.1,3.0,1e-08,50.0,120,0.35,0.45,True,24.700000000000003,3,0.008546896479766341,0.09244942660593597,34.68536252019889,
468,100,3,62.6,14.1,1.0,1e-06,100.0,50,0.45,0.55,True,68.2,3,nan,nan,13.34387531681907,
470,100,3,62.6,14.1,1.0,1e-06,100.0,50,0.60,0.58,True,68.3,3,nan,nan,11.790488918724373,
498,100,3,62.6,14.1,3.0,1e-08,50.0,120,0.45,0.55,True,24.700000000000003,3,0.008045888843170115,0.08969887871746288,34.66666412092058,
499,100,3,62.6,14.1,3.0,1e-08,50.0,120,0.60,0.45,True,24.700000000000003,3,4.428806723131431e-06,0.002104473027418368,34.2240767155307,
500,100,3,62.6,14.1,3.0,1e-08,50.0,120,0.60,0.58,True,24.700000000000003,3,0.008016500273581102,0.08953491092071908,34.65829262279536,
469,100,3,62.6,14.1,1.0,1e-06,100.0,50,0.60,0.45,True,70.2,3,nan,nan,16.362862709221584,
501,100,3,62.6,14.1,3.0,1e-08,100.0,25,center,center,True,24.8,3,0.006859088701953021,0.08281961544195325,34.741433999234474,
502,100,3,62.6,14.1,3.0,1e-08,100.0,25,0.35,0.45,True,24.700000000000003,3,0.008546896479766341,0.09244942660593597,34.68536252019889,
503,100,3,62.6,14.1,3.0,1e-08,100.0,25,0.45,0.55,True,24.700000000000003,3,0.008045888843170115,0.08969887871746288,34.66666412092058,
472,100,3,62.6,14.1,1.0,1e-06,100.0,80,0.35,0.45,True,68.60000000000001,3,nan,nan,12.248443902520016,
473,100,3,62.6,14.1,1.0,1e-06,100.0,80,0.45,0.55,True,69.9,3,nan,nan,13.704422669778006,
504,100,3,62.6,14.1,3.0,1e-08,100.0,25,0.60,0.45,True,24.700000000000003,3,4.428806723131431e-06,0.002104473027418368,34.2240767155307,
466,100,3,62.6,14.1,1.0,1e-06,100.0,50,center,center,True,71.0,3,nan,nan,13.209644435902739,
505,100,3,62.6,14.1,3.0,1e-08,100.0,25,0.60,0.58,True,24.700000000000003,3,0.008016500273581102,0.08953491092071908,34.65829262279536,
478,100,3,62.6,14.1,1.0,1e-06,100.0,120,0.45,0.55,True,69.60000000000001,3,nan,nan,13.185258365640568,
471,100,3,62.6,14.1,1.0,1e-06,100.0,80,center,center,True,69.8,3,nan,nan,14.396920430958609,
475,100,3,62.6,14.1,1.0,1e-06,100.0,80,0.60,0.58,True,68.4,3,nan,nan,12.064115562455598,
506,100,3,62.6,14.1,3.0,1e-08,100.0,50,center,center,True,24.8,3,0.006859088701953021,0.08281961544195325,34.741433999234474,
477,100,3,62.6,14.1,1.0,1e-06,100.0,120,0.35,0.45,True,68.5,3,nan,nan,11.656501921612136,
474,100,3,62.6,14.1,1.0,1e-06,100.0,80,0.60,0.45,True,70.0,3,nan,nan,15.019981695340213,
507,100,3,62.6,14.1,3.0,1e-08,100.0,50,0.35,0.45,True,24.700000000000003,3,0.008546896479766341,0.09244942660593597,34.68536252019889,
465,100,3,62.6,14.1,1.0,1e-06,100.0,25,0.60,0.58,True,69.8,3,nan,nan,12.374188588930725,
480,100,3,62.6,14.1,1.0,1e-06,100.0,120,0.60,0.58,True,68.2,3,nan,nan,11.938034896248599,
508,100,3,62.6,14.1,3.0,1e-08,100.0,50,0.45,0.55,True,24.700000000000003,3,0.008045888843170115,0.08969887871746288,34.66666412092058,
476,100,3,62.6,14.1,1.0,1e-06,100.0,120,center,center,True,71.2,3,nan,nan,14.429017475365251,
509,100,3,62.6,14.1,3.0,1e-08,100.0,50,0.60,0.45,True,24.700000000000003,3,4.428806723131431e-06,0.002104473027418368,34.2240767155307,
510,100,3,62.6,14.1,3.0,1e-08,100.0,50,0.60,0.58,True,24.700000000000003,3,0.008016500273581102,0.08953491092071908,34.65829262279536,
511,100,3,62.6,14.1,3.0,1e-08,100.0,80,center,center,True,24.8,3,0.006859088701953021,0.08281961544195325,34.741433999234474,
512,100,3,62.6,14.1,3.0,1e-08,100.0,80,0.35,0.45,True,24.700000000000003,3,0.008546896479766341,0.09244942660593597,34.68536252019889,
479,100,3,62.6,14.1,1.0,1e-06,100.0,120,0.60,0.45,True,85.80000000000001,3,nan,nan,15.081703127118514,
514,100,3,62.6,14.1,3.0,1e-08,100.0,80,0.60,0.45,True,24.700000000000003,3,4.428806723131431e-06,0.002104473027418368,34.2240767155307,
513,100,3,62.6,14.1,3.0,1e-08,100.0,80,0.45,0.55,True,24.700000000000003,3,0.008045888843170115,0.08969887871746288,34.66666412092058,
517,100,3,62.6,14.1,3.0,1e-08,100.0,120,0.35,0.45,True,24.700000000000003,3,0.008546896479766341,0.09244942660593597,34.68536252019889,
515,100,3,62.6,14.1,3.0,1e-08,100.0,80,0.60,0.58,True,24.700000000000003,3,0.008016500273581102,0.08953491092071908,34.65829262279536,
518,100,3,62.6,14.1,3.0,1e-08,100.0,120,0.45,0.55,True,24.700000000000003,3,0.008045888843170115,0.08969887871746288,34.66666412092058,
516,100,3,62.6,14.1,3.0,1e-08,100.0,120,center,center,True,24.8,3,0.006859088701953021,0.08281961544195325,34.741433999234474,
519,100,3,62.6,14.1,3.0,1e-08,100.0,120,0.60,0.45,True,24.700000000000003,3,4.428806723131431e-06,0.002104473027418368,34.2240767155307,
520,100,3,62.6,14.1,3.0,1e-08,100.0,120,0.60,0.58,True,24.700000000000003,3,0.008016500273581102,0.08953491092071908,34.65829262279536,
529,100,3,62.6,14.1,3.0,1e-07,50.0,50,0.60,0.45,True,95.4,3,0.02810597565013572,0.16764836906494415,28.08688768194118,
524,100,3,62.6,14.1,3.0,1e-07,50.0,25,0.60,0.45,True,95.4,3,0.02810597565013572,0.16764836906494415,28.08688768194118,
521,100,3,62.6,14.1,3.0,1e-07,50.0,25,center,center,True,97.7,3,0.032328921734571026,0.17980245197040842,26.559835933291957,
522,100,3,62.6,14.1,3.0,1e-07,50.0,25,0.35,0.45,True,97.4,3,0.03399154183023081,0.18436795228626587,28.45159966815934,
543,100,3,62.6,14.1,3.0,1e-07,100.0,25,0.45,0.55,True,90.60000000000001,3,0.011530201488792947,0.10737877578363868,19.4479969363419,
525,100,3,62.6,14.1,3.0,1e-07,50.0,25,0.60,0.58,True,98.0,3,0.03350016649944295,0.18303050701848297,28.530516087627504,
526,100,3,62.6,14.1,3.0,1e-07,50.0,50,center,center,True,97.80000000000001,3,0.032328921734571026,0.17980245197040842,26.559835933291957,
527,100,3,62.6,14.1,3.0,1e-07,50.0,50,0.35,0.45,True,97.4,3,0.03399154183023081,0.18436795228626587,28.45159966815934,
534,100,3,62.6,14.1,3.0,1e-07,50.0,80,0.60,0.45,True,95.4,3,0.02810597565013572,0.16764836906494415,28.08688768194118,
532,100,3,62.6,14.1,3.0,1e-07,50.0,80,0.35,0.45,True,97.4,3,0.03399154183023081,0.18436795228626587,28.45159966815934,
542,100,3,62.6,14.1,3.0,1e-07,100.0,25,0.35,0.45,True,94.4,3,0.01219914999388184,0.11044976230794633,19.39841094153553,
528,100,3,62.6,14.1,3.0,1e-07,50.0,50,0.45,0.55,True,98.10000000000001,3,0.03180446209050034,0.17833805564292873,28.280132472290774,
531,100,3,62.6,14.1,3.0,1e-07,50.0,80,center,center,True,97.80000000000001,3,0.032328921734571026,0.17980245197040842,26.559835933291957,
523,100,3,62.6,14.1,3.0,1e-07,50.0,25,0.45,0.55,True,98.10000000000001,3,0.03180446209050034,0.17833805564292873,28.280132472290774,
539,100,3,62.6,14.1,3.0,1e-07,50.0,120,0.60,0.45,True,95.4,3,0.02810597565013572,0.16764836906494415,28.08688768194118,
533,100,3,62.6,14.1,3.0,1e-07,50.0,80,0.45,0.55,True,98.10000000000001,3,0.03180446209050034,0.17833805564292873,28.280132472290774,
541,100,3,62.6,14.1,3.0,1e-07,100.0,25,center,center,True,97.5,3,0.017106536047925756,0.13079195712246894,21.503301288448213,
530,100,3,62.6,14.1,3.0,1e-07,50.0,50,0.60,0.58,True,98.0,3,0.03350016649944295,0.18303050701848297,28.530516087627504,
535,100,3,62.6,14.1,3.0,1e-07,50.0,80,0.60,0.58,True,98.0,3,0.03350016649944295,0.18303050701848297,28.530516087627504,
537,100,3,62.6,14.1,3.0,1e-07,50.0,120,0.35,0.45,True,97.4,3,0.03399154183023081,0.18436795228626587,28.45159966815934,
538,100,3,62.6,14.1,3.0,1e-07,50.0,120,0.45,0.55,True,98.10000000000001,3,0.03180446209050034,0.17833805564292873,28.280132472290774,
536,100,3,62.6,14.1,3.0,1e-07,50.0,120,center,center,True,97.80000000000001,3,0.032328921734571026,0.17980245197040842,26.559835933291957,
540,100,3,62.6,14.1,3.0,1e-07,50.0,120,0.60,0.58,True,98.0,3,0.03350016649944295,0.18303050701848297,28.530516087627504,
550,100,3,62.6,14.1,3.0,1e-07,100.0,50,0.60,0.58,True,88.4,3,0.024680735320764795,0.15710103539049255,19.191139864418773,
547,100,3,62.6,14.1,3.0,1e-07,100.0,50,0.35,0.45,True,90.4,3,0.03524697410067764,0.18774177505466821,19.06134952978591,
544,100,3,62.6,14.1,3.0,1e-07,100.0,25,0.60,0.45,True,93.9,3,0.00756643849046051,0.08698527743509536,21.68375103955453,
552,100,3,62.6,14.1,3.0,1e-07,100.0,80,0.35,0.45,True,89.10000000000001,3,0.03518654142155309,0.1875807597317835,19.147100393807204,
546,100,3,62.6,14.1,3.0,1e-07,100.0,50,center,center,True,90.60000000000001,3,0.016690670936398998,0.12919237956009247,21.767075022183796,
548,100,3,62.6,14.1,3.0,1e-07,100.0,50,0.45,0.55,True,90.5,3,0.034755454407072936,0.1864281481082536,17.85092373387983,
545,100,3,62.6,14.1,3.0,1e-07,100.0,25,0.60,0.58,True,89.9,3,0.02076090981703789,0.1440864664603789,19.985968693853003,
549,100,3,62.6,14.1,3.0,1e-07,100.0,50,0.60,0.45,True,91.4,3,0.009051115683602676,0.09513735167431704,20.906552945876847,
551,100,3,62.6,14.1,3.0,1e-07,100.0,80,center,center,True,92.80000000000001,3,0.013227895912674106,0.11501259023547859,20.684403452799312,
563,100,3,62.6,14.1,3.0,1e-06,50.0,25,0.45,0.55,True,73.9,3,0.0028931707956541203,0.05378820312721108,13.779858688258924,
567,100,3,62.6,14.1,3.0,1e-06,50.0,50,0.35,0.45,True,75.10000000000001,3,7.061139237099007e-06,0.002657280421238791,14.545245747802886,
562,100,3,62.6,14.1,3.0,1e-06,50.0,25,0.35,0.45,True,74.5,3,0.0038844847193064535,0.06232563452790877,14.338408579711006,
561,100,3,62.6,14.1,3.0,1e-06,50.0,25,center,center,True,75.0,3,5.273333497158815e-07,0.0007261772164670836,13.582316674864321,
582,100,3,62.6,14.1,3.0,1e-06,100.0,25,0.35,0.45,True,67.0,3,nan,nan,12.47729091197601,
572,100,3,62.6,14.1,3.0,1e-06,50.0,80,0.35,0.45,True,73.7,3,0.00023748758913507852,0.0154106323405329,14.494230641503686,
568,100,3,62.6,14.1,3.0,1e-06,50.0,50,0.45,0.55,True,75.9,3,0.0001169801043242185,0.010815734109352841,13.591518622668593,
573,100,3,62.6,14.1,3.0,1e-06,50.0,80,0.45,0.55,True,75.4,3,1.417984959492101e-05,0.003765614105948857,14.338687681177106,
583,100,3,62.6,14.1,3.0,1e-06,100.0,25,0.45,0.55,True,68.4,3,nan,nan,12.42511027895383,
571,100,3,62.6,14.1,3.0,1e-06,50.0,80,center,center,True,76.7,3,3.827027802254534e-08,0.00019562790706477778,14.003914220237881,
570,100,3,62.6,14.1,3.0,1e-06,50.0,50,0.60,0.58,True,76.10000000000001,3,0.0001724828013613102,0.01313327077925793,13.776029930813912,
566,100,3,62.6,14.1,3.0,1e-06,50.0,50,center,center,True,76.60000000000001,3,0.0013010975642407956,0.03607073002090193,13.996195712271287,
564,100,3,62.6,14.1,3.0,1e-06,50.0,25,0.60,0.45,True,81.4,3,0.00012746265915198875,0.01128993618901315,16.178246771314072,
575,100,3,62.6,14.1,3.0,1e-06,50.0,80,0.60,0.58,True,75.4,3,8.312103910238828e-05,0.009117074042826913,13.752049721600681,
581,100,3,62.6,14.1,3.0,1e-06,100.0,25,center,center,True,69.9,3,nan,nan,14.316517806637666,
565,100,3,62.6,14.1,3.0,1e-06,50.0,25,0.60,0.58,True,80.30000000000001,3,0.00010163803667887217,0.010081569157570273,14.143592390981398,
569,100,3,62.6,14.1,3.0,1e-06,50.0,50,0.60,0.45,True,80.4,3,0.0029389179587601157,0.0542117880055631,16.720260536869947,
574,100,3,62.6,14.1,3.0,1e-06,50.0,80,0.60,0.45,True,80.0,3,0.0028805200769427583,0.05367047677208354,15.724305570305544,
553,100,3,62.6,14.1,3.0,1e-07,100.0,80,0.45,0.55,True,89.4,3,0.03243072153697569,0.18008531738311062,19.037776498876227,
577,100,3,62.6,14.1,3.0,1e-06,50.0,120,0.35,0.45,True,74.10000000000001,3,0.00011596367813530154,0.010768643282015685,13.913425797931483,
584,100,3,62.6,14.1,3.0,1e-06,100.0,25,0.60,0.45,True,71.0,3,nan,nan,15.446882692101877,
578,100,3,62.6,14.1,3.0,1e-06,50.0,120,0.45,0.55,True,75.9,3,6.846338468175255e-06,0.0026165508724607773,14.987273053787128,
554,100,3,62.6,14.1,3.0,1e-07,100.0,80,0.60,0.45,True,89.7,3,0.007962501588242242,0.08923285038729986,20.321261081767666,
558,100,3,62.6,14.1,3.0,1e-07,100.0,120,0.45,0.55,True,90.5,3,0.03468736249286329,0.18624543616653616,18.576097702329974,
557,100,3,62.6,14.1,3.0,1e-07,100.0,120,0.35,0.45,True,90.9,3,0.03481327703694001,0.18658316386249862,18.96644119874577,
579,100,3,62.6,14.1,3.0,1e-06,50.0,120,0.60,0.45,True,78.4,3,5.805808670347111e-06,0.002409524573509702,17.30299010392318,
580,100,3,62.6,14.1,3.0,1e-06,50.0,120,0.60,0.58,True,75.9,3,9.609708346474232e-06,0.003099952958751831,14.928083514562818,
560,100,3,62.6,14.1,3.0,1e-07,100.0,120,0.60,0.58,True,89.80000000000001,3,0.024831036030035572,0.1575786661640324,18.855945201292364,
559,100,3,62.6,14.1,3.0,1e-07,100.0,120,0.60,0.45,True,92.2,3,0.007047661857244589,0.08395035352662066,20.47611176325695,
556,100,3,62.6,14.1,3.0,1e-07,100.0,120,center,center,True,94.60000000000001,3,0.012898892197782508,0.1135732899839681,22.031891728006336,
555,100,3,62.6,14.1,3.0,1e-07,100.0,80,0.60,0.58,True,100.30000000000001,3,0.014426428597875792,0.12011006867817449,10.563942461129175,
576,100,3,62.6,14.1,3.0,1e-06,50.0,120,center,center,True,92.7,3,1.195405023000711e-05,0.003457462975941624,14.334802783895293,
601,100,3,62.6,14.1,5.0,1e-08,50.0,25,center,center,True,24.700000000000003,3,0.004306987362537765,0.06562764175663914,34.75064911283403,
603,100,3,62.6,14.1,5.0,1e-08,50.0,25,0.45,0.55,True,24.700000000000003,3,0.00854645451662249,0.09244703627819818,34.66745457311296,
602,100,3,62.6,14.1,5.0,1e-08,50.0,25,0.35,0.45,True,24.700000000000003,3,0.008546896801714627,0.09244942834714895,34.68531537824551,
604,100,3,62.6,14.1,5.0,1e-08,50.0,25,0.60,0.45,True,24.700000000000003,3,4.305751175973644e-06,0.0020750304036263284,34.16052430750565,
605,100,3,62.6,14.1,5.0,1e-08,50.0,25,0.60,0.58,True,24.700000000000003,3,0.008676696872144375,0.093148788892526,34.658401429988444,
606,100,3,62.6,14.1,5.0,1e-08,50.0,50,center,center,True,24.700000000000003,3,0.004306987362537765,0.06562764175663914,34.75064911283403,
607,100,3,62.6,14.1,5.0,1e-08,50.0,50,0.35,0.45,True,24.700000000000003,3,0.008546896801714627,0.09244942834714895,34.68531537824551,
608,100,3,62.6,14.1,5.0,1e-08,50.0,50,0.45,0.55,True,24.700000000000003,3,0.00854645451662249,0.09244703627819818,34.66745457311296,
609,100,3,62.6,14.1,5.0,1e-08,50.0,50,0.60,0.45,True,24.700000000000003,3,4.305751175973644e-06,0.0020750304036263284,34.16052430750565,
610,100,3,62.6,14.1,5.0,1e-08,50.0,50,0.60,0.58,True,24.700000000000003,3,0.008676696872144375,0.093148788892526,34.658401429988444,
611,100,3,62.6,14.1,5.0,1e-08,50.0,80,center,center,True,24.700000000000003,3,0.004306987362537765,0.06562764175663914,34.75064911283403,
612,100,3,62.6,14.1,5.0,1e-08,50.0,80,0.35,0.45,True,24.700000000000003,3,0.008546896801714627,0.09244942834714895,34.68531537824551,
613,100,3,62.6,14.1,5.0,1e-08,50.0,80,0.45,0.55,True,24.700000000000003,3,0.00854645451662249,0.09244703627819818,34.66745457311296,
614,100,3,62.6,14.1,5.0,1e-08,50.0,80,0.60,0.45,True,24.700000000000003,3,4.305751175973644e-06,0.0020750304036263284,34.16052430750565,
615,100,3,62.6,14.1,5.0,1e-08,50.0,80,0.60,0.58,True,24.700000000000003,3,0.008676696872144375,0.093148788892526,34.658401429988444,
616,100,3,62.6,14.1,5.0,1e-08,50.0,120,center,center,True,24.700000000000003,3,0.004306987362537765,0.06562764175663914,34.75064911283403,
588,100,3,62.6,14.1,3.0,1e-06,100.0,50,0.45,0.55,True,68.3,3,nan,nan,13.38673174885321,
587,100,3,62.6,14.1,3.0,1e-06,100.0,50,0.35,0.45,True,67.8,3,nan,nan,13.40917995922375,
618,100,3,62.6,14.1,5.0,1e-08,50.0,120,0.45,0.55,True,24.700000000000003,3,0.00854645451662249,0.09244703627819818,34.66745457311296,
617,100,3,62.6,14.1,5.0,1e-08,50.0,120,0.35,0.45,True,24.700000000000003,3,0.008546896801714627,0.09244942834714895,34.68531537824551,
590,100,3,62.6,14.1,3.0,1e-06,100.0,50,0.60,0.58,True,69.10000000000001,3,nan,nan,11.734143758032436,
592,100,3,62.6,14.1,3.0,1e-06,100.0,80,0.35,0.45,True,68.60000000000001,3,nan,nan,12.124495167916587,
586,100,3,62.6,14.1,3.0,1e-06,100.0,50,center,center,True,70.8,3,nan,nan,12.531344966781102,
593,100,3,62.6,14.1,3.0,1e-06,100.0,80,0.45,0.55,True,69.60000000000001,3,nan,nan,13.607607514775516,
591,100,3,62.6,14.1,3.0,1e-06,100.0,80,center,center,True,69.8,3,nan,nan,13.893752328053864,
619,100,3,62.6,14.1,5.0,1e-08,50.0,120,0.60,0.45,True,24.700000000000003,3,4.305751175973644e-06,0.0020750304036263284,34.16052430750565,
585,100,3,62.6,14.1,3.0,1e-06,100.0,25,0.60,0.58,True,67.60000000000001,3,nan,nan,13.173670634208685,
589,100,3,62.6,14.1,3.0,1e-06,100.0,50,0.60,0.45,True,71.2,3,nan,nan,16.456229294839623,
620,100,3,62.6,14.1,5.0,1e-08,50.0,120,0.60,0.58,True,24.700000000000003,3,0.008676696872144375,0.093148788892526,34.658401429988444,
595,100,3,62.6,14.1,3.0,1e-06,100.0,80,0.60,0.58,True,68.7,3,nan,nan,11.949259761537622,
621,100,3,62.6,14.1,5.0,1e-08,100.0,25,center,center,True,24.700000000000003,3,0.004306987362537765,0.06562764175663914,34.75064911283403,
594,100,3,62.6,14.1,3.0,1e-06,100.0,80,0.60,0.45,True,70.8,3,nan,nan,14.931293699638527,
622,100,3,62.6,14.1,5.0,1e-08,100.0,25,0.35,0.45,True,24.700000000000003,3,0.008546896801714627,0.09244942834714895,34.68531537824551,
623,100,3,62.6,14.1,5.0,1e-08,100.0,25,0.45,0.55,True,24.700000000000003,3,0.00854645451662249,0.09244703627819818,34.66745457311296,
597,100,3,62.6,14.1,3.0,1e-06,100.0,120,0.35,0.45,True,68.5,3,nan,nan,11.6536888029153,
624,100,3,62.6,14.1,5.0,1e-08,100.0,25,0.60,0.45,True,24.700000000000003,3,4.305751175973644e-06,0.0020750304036263284,34.16052430750565,
625,100,3,62.6,14.1,5.0,1e-08,100.0,25,0.60,0.58,True,24.700000000000003,3,0.008676696872144375,0.093148788892526,34.658401429988444,
626,100,3,62.6,14.1,5.0,1e-08,100.0,50,center,center,True,24.700000000000003,3,0.004306987362537765,0.06562764175663914,34.75064911283403,
600,100,3,62.6,14.1,3.0,1e-06,100.0,120,0.60,0.58,True,68.2,3,nan,nan,11.620538950536071,
627,100,3,62.6,14.1,5.0,1e-08,100.0,50,0.35,0.45,True,24.700000000000003,3,0.008546896801714627,0.09244942834714895,34.68531537824551,
598,100,3,62.6,14.1,3.0,1e-06,100.0,120,0.45,0.55,True,69.7,3,nan,nan,13.776587577304069,
596,100,3,62.6,14.1,3.0,1e-06,100.0,120,center,center,True,71.0,3,nan,nan,14.084427721761832,
628,100,3,62.6,14.1,5.0,1e-08,100.0,50,0.45,0.55,True,24.700000000000003,3,0.00854645451662249,0.09244703627819818,34.66745457311296,
629,100,3,62.6,14.1,5.0,1e-08,100.0,50,0.60,0.45,True,24.700000000000003,3,4.305751175973644e-06,0.0020750304036263284,34.16052430750565,
630,100,3,62.6,14.1,5.0,1e-08,100.0,50,0.60,0.58,True,24.700000000000003,3,0.008676696872144375,0.093148788892526,34.658401429988444,
631,100,3,62.6,14.1,5.0,1e-08,100.0,80,center,center,True,24.700000000000003,3,0.004306987362537765,0.06562764175663914,34.75064911283403,
632,100,3,62.6,14.1,5.0,1e-08,100.0,80,0.35,0.45,True,24.700000000000003,3,0.008546896801714627,0.09244942834714895,34.68531537824551,
599,100,3,62.6,14.1,3.0,1e-06,100.0,120,0.60,0.45,True,86.4,3,nan,nan,14.971730238142577,
633,100,3,62.6,14.1,5.0,1e-08,100.0,80,0.45,0.55,True,24.700000000000003,3,0.00854645451662249,0.09244703627819818,34.66745457311296,
634,100,3,62.6,14.1,5.0,1e-08,100.0,80,0.60,0.45,True,24.700000000000003,3,4.305751175973644e-06,0.0020750304036263284,34.16052430750565,
635,100,3,62.6,14.1,5.0,1e-08,100.0,80,0.60,0.58,True,24.700000000000003,3,0.008676696872144375,0.093148788892526,34.658401429988444,
636,100,3,62.6,14.1,5.0,1e-08,100.0,120,center,center,True,24.700000000000003,3,0.004306987362537765,0.06562764175663914,34.75064911283403,
637,100,3,62.6,14.1,5.0,1e-08,100.0,120,0.35,0.45,True,24.700000000000003,3,0.008546896801714627,0.09244942834714895,34.68531537824551,
639,100,3,62.6,14.1,5.0,1e-08,100.0,120,0.60,0.45,True,24.700000000000003,3,4.305751175973644e-06,0.0020750304036263284,34.16052430750565,
638,100,3,62.6,14.1,5.0,1e-08,100.0,120,0.45,0.55,True,24.700000000000003,3,0.00854645451662249,0.09244703627819818,34.66745457311296,
640,100,3,62.6,14.1,5.0,1e-08,100.0,120,0.60,0.58,True,24.700000000000003,3,0.008676696872144375,0.093148788892526,34.658401429988444,
644,100,3,62.6,14.1,5.0,1e-07,50.0,25,0.60,0.45,True,95.5,3,0.022708237224023327,0.15069252544178602,27.96727929583483,
641,100,3,62.6,14.1,5.0,1e-07,50.0,25,center,center,True,97.2,3,0.028270467107571046,0.16813823808869607,26.819974547766833,
645,100,3,62.6,14.1,5.0,1e-07,50.0,25,0.60,0.58,True,98.30000000000001,3,0.03349328153056762,0.1830116977970742,28.489093409722965,
642,100,3,62.6,14.1,5.0,1e-07,50.0,25,0.35,0.45,True,97.5,3,0.028742603783271228,0.16953643792197365,28.4127411994188,
647,100,3,62.6,14.1,5.0,1e-07,50.0,50,0.35,0.45,True,97.5,3,0.028742603783271228,0.16953643792197365,28.4127411994188,
649,100,3,62.6,14.1,5.0,1e-07,50.0,50,0.60,0.45,True,95.5,3,0.022708237224023327,0.15069252544178602,27.96727929583483,
648,100,3,62.6,14.1,5.0,1e-07,50.0,50,0.45,0.55,True,98.10000000000001,3,0.027322143294521258,0.16529411149378934,28.237868160072388,
643,100,3,62.6,14.1,5.0,1e-07,50.0,25,0.45,0.55,True,98.10000000000001,3,0.027322143294521258,0.16529411149378934,28.237868160072388,
646,100,3,62.6,14.1,5.0,1e-07,50.0,50,center,center,True,97.2,3,0.028270467107571046,0.16813823808869607,26.819974547766833,
651,100,3,62.6,14.1,5.0,1e-07,50.0,80,center,center,True,97.2,3,0.028270467107571046,0.16813823808869607,26.819974547766833,
652,100,3,62.6,14.1,5.0,1e-07,50.0,80,0.35,0.45,True,97.5,3,0.028742603783271228,0.16953643792197365,28.4127411994188,
656,100,3,62.6,14.1,5.0,1e-07,50.0,120,center,center,True,97.2,3,0.028270467107571046,0.16813823808869607,26.819974547766833,
654,100,3,62.6,14.1,5.0,1e-07,50.0,80,0.60,0.45,True,95.5,3,0.022708237224023327,0.15069252544178602,27.96727929583483,
653,100,3,62.6,14.1,5.0,1e-07,50.0,80,0.45,0.55,True,98.10000000000001,3,0.027322143294521258,0.16529411149378934,28.237868160072388,
659,100,3,62.6,14.1,5.0,1e-07,50.0,120,0.60,0.45,True,95.5,3,0.022708237224023327,0.15069252544178602,27.96727929583483,
650,100,3,62.6,14.1,5.0,1e-07,50.0,50,0.60,0.58,True,98.30000000000001,3,0.03349328153056762,0.1830116977970742,28.489093409722965,
661,100,3,62.6,14.1,5.0,1e-07,100.0,25,center,center,True,95.2,3,0.016644684447015008,0.12901428001200102,21.05120964179343,
657,100,3,62.6,14.1,5.0,1e-07,50.0,120,0.35,0.45,True,97.5,3,0.028742603783271228,0.16953643792197365,28.4127411994188,
655,100,3,62.6,14.1,5.0,1e-07,50.0,80,0.60,0.58,True,98.30000000000001,3,0.03349328153056762,0.1830116977970742,28.489093409722965,
662,100,3,62.6,14.1,5.0,1e-07,100.0,25,0.35,0.45,True,93.60000000000001,3,0.012098909290493117,0.10999504211778419,19.218079902492995,
658,100,3,62.6,14.1,5.0,1e-07,50.0,120,0.45,0.55,True,98.10000000000001,3,0.027322143294521258,0.16529411149378934,28.237868160072388,
663,100,3,62.6,14.1,5.0,1e-07,100.0,25,0.45,0.55,True,90.7,3,0.011408908652975634,0.10681249296302205,19.3070130955816,
667,100,3,62.6,14.1,5.0,1e-07,100.0,50,0.35,0.45,True,90.10000000000001,3,0.03530311865324033,0.18789124155542836,18.983765203778244,
660,100,3,62.6,14.1,5.0,1e-07,50.0,120,0.60,0.58,True,98.30000000000001,3,0.03349328153056762,0.1830116977970742,28.489093409722965,
672,100,3,62.6,14.1,5.0,1e-07,100.0,80,0.35,0.45,True,89.10000000000001,3,0.0348128701010933,0.18658207336476165,19.19582535551074,
664,100,3,62.6,14.1,5.0,1e-07,100.0,25,0.60,0.45,True,90.7,3,0.005749285113831033,0.07582404047418624,18.903846054359626,
665,100,3,62.6,14.1,5.0,1e-07,100.0,25,0.60,0.58,True,89.80000000000001,3,0.021344402779811263,0.1460972374133449,19.911388271738055,
670,100,3,62.6,14.1,5.0,1e-07,100.0,50,0.60,0.58,True,89.4,3,0.019612549562187737,0.1400448126928939,19.309460947383606,
668,100,3,62.6,14.1,5.0,1e-07,100.0,50,0.45,0.55,True,90.9,3,0.034300140662098716,0.18520297152610354,17.800562407672142,
671,100,3,62.6,14.1,5.0,1e-07,100.0,80,center,center,True,91.9,3,0.013970099864468932,0.11819517699326369,21.669450371285535,
669,100,3,62.6,14.1,5.0,1e-07,100.0,50,0.60,0.45,True,92.5,3,0.008684125222950126,0.09318865393893254,21.03000412377274,
666,100,3,62.6,14.1,5.0,1e-07,100.0,50,center,center,True,101.80000000000001,3,0.010862531567156873,0.10422346936826117,10.814814711361992,
683,100,3,62.6,14.1,5.0,1e-06,50.0,25,0.45,0.55,True,73.2,3,0.0001917660580786295,0.01384796223560093,13.746323721556742,
682,100,3,62.6,14.1,5.0,1e-06,50.0,25,0.35,0.45,True,74.2,3,0.003906774349701922,0.06250419465685421,14.290060727967218,
692,100,3,62.6,14.1,5.0,1e-06,50.0,80,0.35,0.45,True,73.8,3,1.8107511637214968e-06,0.0013456415435477223,15.121175153969688,
702,100,3,62.6,14.1,5.0,1e-06,100.0,25,0.35,0.45,True,67.2,3,nan,nan,12.037619450509911,
687,100,3,62.6,14.1,5.0,1e-06,50.0,50,0.35,0.45,True,75.3,3,0.003584962078036256,0.05987455284205683,15.212165319735073,
681,100,3,62.6,14.1,5.0,1e-06,50.0,25,center,center,True,76.2,3,7.253036333079465e-07,0.0008516475992497992,13.613177897582352,
688,100,3,62.6,14.1,5.0,1e-06,50.0,50,0.45,0.55,True,76.0,3,8.056512244647346e-06,0.0028383995921376797,13.832912293200792,
693,100,3,62.6,14.1,5.0,1e-06,50.0,80,0.45,0.55,True,75.9,3,1.0284685837654902e-05,0.0032069745614293392,14.3571148071069,
686,100,3,62.6,14.1,5.0,1e-06,50.0,50,center,center,True,76.9,3,0.0019604554797130872,0.044277031062539496,14.195510658658973,
701,100,3,62.6,14.1,5.0,1e-06,100.0,25,center,center,True,70.2,3,nan,nan,14.324696457624128,
691,100,3,62.6,14.1,5.0,1e-06,50.0,80,center,center,True,76.2,3,2.1487580500441136e-06,0.0014658642672649175,13.90543511948968,
690,100,3,62.6,14.1,5.0,1e-06,50.0,50,0.60,0.58,True,76.10000000000001,3,0.005584290671990587,0.0747281116581343,15.48535593978241,
695,100,3,62.6,14.1,5.0,1e-06,50.0,80,0.60,0.58,True,75.8,3,0.00390784532960513,0.06251276133402787,14.32691034837417,
703,100,3,62.6,14.1,5.0,1e-06,100.0,25,0.45,0.55,True,68.2,3,nan,nan,12.97019541024749,
684,100,3,62.6,14.1,5.0,1e-06,50.0,25,0.60,0.45,True,80.60000000000001,3,0.0001237903897968723,0.01112611296890663,16.21582177831803,
685,100,3,62.6,14.1,5.0,1e-06,50.0,25,0.60,0.58,True,79.60000000000001,3,3.4000940047355414e-05,0.005831032502683844,14.112320854042911,
697,100,3,62.6,14.1,5.0,1e-06,50.0,120,0.35,0.45,True,73.9,3,0.0035934287043756638,0.059945214190756414,14.701947634059872,
689,100,3,62.6,14.1,5.0,1e-06,50.0,50,0.60,0.45,True,80.0,3,2.444462721154474e-07,0.0004944150807928975,15.892651897282757,
700,100,3,62.6,14.1,5.0,1e-06,50.0,120,0.60,0.58,True,75.3,3,0.003566979039501611,0.05972419140935782,15.743739412533165,
721,100,4,39.5,15.0,1.0,1e-08,50.0,25,center,center,True,0.2,4,1.533669951515742e-05,0.003916209840541926,30.276384499648426,
694,100,3,62.6,14.1,5.0,1e-06,50.0,80,0.60,0.45,True,79.60000000000001,3,0.003100048888252719,0.055678082656039074,15.979430870377445,
698,100,3,62.6,14.1,5.0,1e-06,50.0,120,0.45,0.55,True,75.9,3,0.0035240709970190713,0.059363886303198436,15.169593201754918,
722,100,4,39.5,15.0,1.0,1e-08,50.0,25,0.35,0.45,True,0.2,4,1.534219683160508e-05,0.003916911644600256,30.27634183898523,
723,100,4,39.5,15.0,1.0,1e-08,50.0,25,0.45,0.55,True,0.2,4,1.534218943603317e-05,0.0039169107005436275,30.276341891534933,
724,100,4,39.5,15.0,1.0,1e-08,50.0,25,0.60,0.45,True,0.2,4,1.491673473913037e-05,0.003862218888039668,30.282097814482878,
673,100,3,62.6,14.1,5.0,1e-07,100.0,80,0.45,0.55,True,89.7,3,0.034715927162991815,0.18632210594288542,19.108052657851,
725,100,4,39.5,15.0,1.0,1e-08,50.0,25,0.60,0.58,True,0.2,4,1.5316976661962784e-05,0.003913690925707188,30.276544618114265,
726,100,4,39.5,15.0,1.0,1e-08,50.0,50,center,center,True,0.2,4,1.533669951515742e-05,0.003916209840541926,30.276384499648426,
727,100,4,39.5,15.0,1.0,1e-08,50.0,50,0.35,0.45,True,0.2,4,1.534219683160508e-05,0.003916911644600256,30.27634183898523,
728,100,4,39.5,15.0,1.0,1e-08,50.0,50,0.45,0.55,True,0.2,4,1.534218943603317e-05,0.0039169107005436275,30.276341891534933,
729,100,4,39.5,15.0,1.0,1e-08,50.0,50,0.60,0.45,True,0.2,4,1.491673473913037e-05,0.003862218888039668,30.282097814482878,
730,100,4,39.5,15.0,1.0,1e-08,50.0,50,0.60,0.58,True,0.2,4,1.5316976661962784e-05,0.003913690925707188,30.276544618114265,
731,100,4,39.5,15.0,1.0,1e-08,50.0,80,center,center,True,0.2,4,1.533669951515742e-05,0.003916209840541926,30.276384499648426,
732,100,4,39.5,15.0,1.0,1e-08,50.0,80,0.35,0.45,True,0.2,4,1.534219683160508e-05,0.003916911644600256,30.27634183898523,
733,100,4,39.5,15.0,1.0,1e-08,50.0,80,0.45,0.55,True,0.2,4,1.534218943603317e-05,0.0039169107005436275,30.276341891534933,
734,100,4,39.5,15.0,1.0,1e-08,50.0,80,0.60,0.45,True,0.2,4,1.491673473913037e-05,0.003862218888039668,30.282097814482878,
676,100,3,62.6,14.1,5.0,1e-07,100.0,120,center,center,True,89.10000000000001,3,0.014964052507342496,0.1223276440848204,21.478012892914087,
699,100,3,62.6,14.1,5.0,1e-06,50.0,120,0.60,0.45,True,79.7,3,0.00307996728396458,0.0554974529502443,17.463683029426484,
735,100,4,39.5,15.0,1.0,1e-08,50.0,80,0.60,0.58,True,0.2,4,1.5316976661962784e-05,0.003913690925707188,30.276544618114265,
677,100,3,62.6,14.1,5.0,1e-07,100.0,120,0.35,0.45,True,90.10000000000001,3,0.03480162876031899,0.18655194654658255,18.83843933078664,
736,100,4,39.5,15.0,1.0,1e-08,50.0,120,center,center,True,0.2,4,1.533669951515742e-05,0.003916209840541926,30.276384499648426,
678,100,3,62.6,14.1,5.0,1e-07,100.0,120,0.45,0.55,True,90.9,3,0.034757193352731336,0.18643281189943828,18.60514343840577,
737,100,4,39.5,15.0,1.0,1e-08,50.0,120,0.35,0.45,True,0.2,4,1.534219683160508e-05,0.003916911644600256,30.27634183898523,
738,100,4,39.5,15.0,1.0,1e-08,50.0,120,0.45,0.55,True,0.2,4,1.534218943603317e-05,0.0039169107005436275,30.276341891534933,
739,100,4,39.5,15.0,1.0,1e-08,50.0,120,0.60,0.45,True,0.2,4,1.491673473913037e-05,0.003862218888039668,30.282097814482878,
740,100,4,39.5,15.0,1.0,1e-08,50.0,120,0.60,0.58,True,0.2,4,1.5316976661962784e-05,0.003913690925707188,30.276544618114265,
741,100,4,39.5,15.0,1.0,1e-08,100.0,25,center,center,True,0.2,4,1.533669951515742e-05,0.003916209840541926,30.276384499648426,
742,100,4,39.5,15.0,1.0,1e-08,100.0,25,0.35,0.45,True,0.2,4,1.534219683160508e-05,0.003916911644600256,30.27634183898523,
743,100,4,39.5,15.0,1.0,1e-08,100.0,25,0.45,0.55,True,0.2,4,1.534218943603317e-05,0.0039169107005436275,30.276341891534933,
744,100,4,39.5,15.0,1.0,1e-08,100.0,25,0.60,0.45,True,0.2,4,1.491673473913037e-05,0.003862218888039668,30.282097814482878,
745,100,4,39.5,15.0,1.0,1e-08,100.0,25,0.60,0.58,True,0.2,4,1.5316976661962784e-05,0.003913690925707188,30.276544618114265,
746,100,4,39.5,15.0,1.0,1e-08,100.0,50,center,center,True,0.2,4,1.533669951515742e-05,0.003916209840541926,30.276384499648426,
747,100,4,39.5,15.0,1.0,1e-08,100.0,50,0.35,0.45,True,0.2,4,1.534219683160508e-05,0.003916911644600256,30.27634183898523,
674,100,3,62.6,14.1,5.0,1e-07,100.0,80,0.60,0.45,True,93.0,3,0.0074325160464925235,0.08621204119200823,21.142368102572917,
748,100,4,39.5,15.0,1.0,1e-08,100.0,50,0.45,0.55,True,0.2,4,1.534218943603317e-05,0.0039169107005436275,30.276341891534933,
749,100,4,39.5,15.0,1.0,1e-08,100.0,50,0.60,0.45,True,0.2,4,1.491673473913037e-05,0.003862218888039668,30.282097814482878,
750,100,4,39.5,15.0,1.0,1e-08,100.0,50,0.60,0.58,True,0.2,4,1.5316976661962784e-05,0.003913690925707188,30.276544618114265,
679,100,3,62.6,14.1,5.0,1e-07,100.0,120,0.60,0.45,True,92.7,3,0.007747621952867676,0.08802057687193192,21.14237620017834,
751,100,4,39.5,15.0,1.0,1e-08,100.0,80,center,center,True,0.2,4,1.533669951515742e-05,0.003916209840541926,30.276384499648426,
752,100,4,39.5,15.0,1.0,1e-08,100.0,80,0.35,0.45,True,0.2,4,1.534219683160508e-05,0.003916911644600256,30.27634183898523,
704,100,3,62.6,14.1,5.0,1e-06,100.0,25,0.60,0.45,True,71.5,3,nan,nan,15.399839513672157,
753,100,4,39.5,15.0,1.0,1e-08,100.0,80,0.45,0.55,True,0.2,4,1.534218943603317e-05,0.0039169107005436275,30.276341891534933,
754,100,4,39.5,15.0,1.0,1e-08,100.0,80,0.60,0.45,True,0.2,4,1.491673473913037e-05,0.003862218888039668,30.282097814482878,
755,100,4,39.5,15.0,1.0,1e-08,100.0,80,0.60,0.58,True,0.2,4,1.5316976661962784e-05,0.003913690925707188,30.276544618114265,
756,100,4,39.5,15.0,1.0,1e-08,100.0,120,center,center,True,0.2,4,1.533669951515742e-05,0.003916209840541926,30.276384499648426,
757,100,4,39.5,15.0,1.0,1e-08,100.0,120,0.35,0.45,True,0.2,4,1.534219683160508e-05,0.003916911644600256,30.27634183898523,
758,100,4,39.5,15.0,1.0,1e-08,100.0,120,0.45,0.55,True,0.2,4,1.534218943603317e-05,0.0039169107005436275,30.276341891534933,
759,100,4,39.5,15.0,1.0,1e-08,100.0,120,0.60,0.45,True,0.2,4,1.491673473913037e-05,0.003862218888039668,30.282097814482878,
760,100,4,39.5,15.0,1.0,1e-08,100.0,120,0.60,0.58,True,0.2,4,1.5316976661962784e-05,0.003913690925707188,30.276544618114265,
696,100,3,62.6,14.1,5.0,1e-06,50.0,120,center,center,True,92.80000000000001,3,1.0261597885795359e-05,0.003203372892092858,13.536769157762594,
675,100,3,62.6,14.1,5.0,1e-07,100.0,80,0.60,0.58,True,100.60000000000001,3,0.014370741232576898,0.11987802647932147,10.462470355718631,
680,100,3,62.6,14.1,5.0,1e-07,100.0,120,0.60,0.58,True,101.7,3,0.013291130064053417,0.11528716348342263,10.261631132345581,
707,100,3,62.6,14.1,5.0,1e-06,100.0,50,0.35,0.45,True,68.0,3,nan,nan,13.990826174339762,
708,100,3,62.6,14.1,5.0,1e-06,100.0,50,0.45,0.55,True,68.4,3,nan,nan,13.026983309263272,
705,100,3,62.6,14.1,5.0,1e-06,100.0,25,0.60,0.58,True,67.7,3,nan,nan,13.400047249314326,
706,100,3,62.6,14.1,5.0,1e-06,100.0,50,center,center,True,71.0,3,nan,nan,11.338739019951333,
710,100,3,62.6,14.1,5.0,1e-06,100.0,50,0.60,0.58,True,69.10000000000001,3,nan,nan,11.62245585400311,
717,100,3,62.6,14.1,5.0,1e-06,100.0,120,0.35,0.45,True,68.7,3,nan,nan,11.674508826202766,
709,100,3,62.6,14.1,5.0,1e-06,100.0,50,0.60,0.45,True,71.8,3,nan,nan,15.819907916079533,
711,100,3,62.6,14.1,5.0,1e-06,100.0,80,center,center,True,70.2,3,nan,nan,14.057015631968325,
712,100,3,62.6,14.1,5.0,1e-06,100.0,80,0.35,0.45,True,68.8,3,nan,nan,12.421139469551433,
713,100,3,62.6,14.1,5.0,1e-06,100.0,80,0.45,0.55,True,71.0,3,nan,nan,12.940340286601735,
714,100,3,62.6,14.1,5.0,1e-06,100.0,80,0.60,0.45,True,70.4,3,nan,nan,15.57053530314832,
720,100,3,62.6,14.1,5.0,1e-06,100.0,120,0.60,0.58,True,68.2,3,nan,nan,12.291926073322205,
715,100,3,62.6,14.1,5.0,1e-06,100.0,80,0.60,0.58,True,69.9,3,nan,nan,12.085849950880123,
718,100,3,62.6,14.1,5.0,1e-06,100.0,120,0.45,0.55,True,70.0,3,nan,nan,13.556223939780091,
716,100,3,62.6,14.1,5.0,1e-06,100.0,120,center,center,True,72.5,3,nan,nan,14.0186341639946,
766,100,4,39.5,15.0,1.0,1e-07,50.0,50,center,center,True,41.800000000000004,3,3.4804832516887494,1.8656053311696847,15.402332744870849,
761,100,4,39.5,15.0,1.0,1e-07,50.0,25,center,center,True,41.800000000000004,3,3.4804832516887494,1.8656053311696847,15.402332744870849,
771,100,4,39.5,15.0,1.0,1e-07,50.0,80,center,center,True,41.800000000000004,3,3.4804832516887494,1.8656053311696847,15.402332744870849,
764,100,4,39.5,15.0,1.0,1e-07,50.0,25,0.60,0.45,True,41.900000000000006,3,1.0549891442814077,1.0271266447139844,14.550452122893843,
762,100,4,39.5,15.0,1.0,1e-07,50.0,25,0.35,0.45,True,41.900000000000006,3,0.8571233614110709,0.9258095708141447,14.072662389420914,
768,100,4,39.5,15.0,1.0,1e-07,50.0,50,0.45,0.55,True,41.900000000000006,3,0.8057107618500221,0.89761392694745,14.039930031100821,
765,100,4,39.5,15.0,1.0,1e-07,50.0,25,0.60,0.58,True,42.0,3,1.0218384197798895,1.010860237510552,13.861841817790163,
763,100,4,39.5,15.0,1.0,1e-07,50.0,25,0.45,0.55,True,41.900000000000006,3,0.8057107618500221,0.89761392694745,14.039930031100821,
769,100,4,39.5,15.0,1.0,1e-07,50.0,50,0.60,0.45,True,41.900000000000006,3,1.0549891442814077,1.0271266447139844,14.550452122893843,
770,100,4,39.5,15.0,1.0,1e-07,50.0,50,0.60,0.58,True,42.0,3,1.0218384197798895,1.010860237510552,13.861841817790163,
773,100,4,39.5,15.0,1.0,1e-07,50.0,80,0.45,0.55,True,41.900000000000006,3,0.8057107618500221,0.89761392694745,14.039930031100821,
767,100,4,39.5,15.0,1.0,1e-07,50.0,50,0.35,0.45,True,41.900000000000006,3,0.8571233614110709,0.9258095708141447,14.072662389420914,
772,100,4,39.5,15.0,1.0,1e-07,50.0,80,0.35,0.45,True,41.900000000000006,3,0.8571233614110709,0.9258095708141447,14.072662389420914,
719,100,3,62.6,14.1,5.0,1e-06,100.0,120,0.60,0.45,True,85.0,3,nan,nan,15.314322304362907,
774,100,4,39.5,15.0,1.0,1e-07,50.0,80,0.60,0.45,True,41.900000000000006,3,1.0549891442814077,1.0271266447139844,14.550452122893843,
775,100,4,39.5,15.0,1.0,1e-07,50.0,80,0.60,0.58,True,42.0,3,1.0218384197798895,1.010860237510552,13.861841817790163,
776,100,4,39.5,15.0,1.0,1e-07,50.0,120,center,center,True,41.800000000000004,3,3.4804832516887494,1.8656053311696847,15.402332744870849,
777,100,4,39.5,15.0,1.0,1e-07,50.0,120,0.35,0.45,True,41.900000000000006,3,0.8571233614110709,0.9258095708141447,14.072662389420914,
779,100,4,39.5,15.0,1.0,1e-07,50.0,120,0.60,0.45,True,41.900000000000006,3,1.0549891442814077,1.0271266447139844,14.550452122893843,
781,100,4,39.5,15.0,1.0,1e-07,100.0,25,center,center,True,41.800000000000004,3,3.4804832516887494,1.8656053311696847,15.402332744870849,
778,100,4,39.5,15.0,1.0,1e-07,50.0,120,0.45,0.55,True,41.900000000000006,3,0.8057107618500221,0.89761392694745,14.039930031100821,
780,100,4,39.5,15.0,1.0,1e-07,50.0,120,0.60,0.58,True,42.0,3,1.0218384197798895,1.010860237510552,13.861841817790163,
786,100,4,39.5,15.0,1.0,1e-07,100.0,50,center,center,True,41.800000000000004,3,3.4804832516887494,1.8656053311696847,15.402332744870849,
782,100,4,39.5,15.0,1.0,1e-07,100.0,25,0.35,0.45,True,41.900000000000006,3,0.8571233614110709,0.9258095708141447,14.072662389420914,
783,100,4,39.5,15.0,1.0,1e-07,100.0,25,0.45,0.55,True,41.900000000000006,3,0.8057107618500221,0.89761392694745,14.039930031100821,
784,100,4,39.5,15.0,1.0,1e-07,100.0,25,0.60,0.45,True,41.900000000000006,3,1.0549891442814077,1.0271266447139844,14.550452122893843,
787,100,4,39.5,15.0,1.0,1e-07,100.0,50,0.35,0.45,True,41.900000000000006,3,0.8571233614110709,0.9258095708141447,14.072662389420914,
785,100,4,39.5,15.0,1.0,1e-07,100.0,25,0.60,0.58,True,42.0,3,1.0218384197798895,1.010860237510552,13.861841817790163,
788,100,4,39.5,15.0,1.0,1e-07,100.0,50,0.45,0.55,True,41.900000000000006,3,0.8057107618500221,0.89761392694745,14.039930031100821,
789,100,4,39.5,15.0,1.0,1e-07,100.0,50,0.60,0.45,True,41.900000000000006,3,1.0549891442814077,1.0271266447139844,14.550452122893843,
791,100,4,39.5,15.0,1.0,1e-07,100.0,80,center,center,True,41.800000000000004,3,3.4804832516887494,1.8656053311696847,15.402332744870849,
790,100,4,39.5,15.0,1.0,1e-07,100.0,50,0.60,0.58,True,42.0,3,1.0218384197798895,1.010860237510552,13.861841817790163,
792,100,4,39.5,15.0,1.0,1e-07,100.0,80,0.35,0.45,True,41.900000000000006,3,0.8571233614110709,0.9258095708141447,14.072662389420914,
793,100,4,39.5,15.0,1.0,1e-07,100.0,80,0.45,0.55,True,41.900000000000006,3,0.8057107618500221,0.89761392694745,14.039930031100821,
796,100,4,39.5,15.0,1.0,1e-07,100.0,120,center,center,True,41.800000000000004,3,3.4804832516887494,1.8656053311696847,15.402332744870849,
794,100,4,39.5,15.0,1.0,1e-07,100.0,80,0.60,0.45,True,41.900000000000006,3,1.0549891442814077,1.0271266447139844,14.550452122893843,
795,100,4,39.5,15.0,1.0,1e-07,100.0,80,0.60,0.58,True,42.0,3,1.0218384197798895,1.010860237510552,13.861841817790163,
797,100,4,39.5,15.0,1.0,1e-07,100.0,120,0.35,0.45,True,41.900000000000006,3,0.8571233614110709,0.9258095708141447,14.072662389420914,
798,100,4,39.5,15.0,1.0,1e-07,100.0,120,0.45,0.55,True,41.900000000000006,3,0.8057107618500221,0.89761392694745,14.039930031100821,
800,100,4,39.5,15.0,1.0,1e-07,100.0,120,0.60,0.58,True,42.0,3,1.0218384197798895,1.010860237510552,13.861841817790163,
799,100,4,39.5,15.0,1.0,1e-07,100.0,120,0.60,0.45,True,41.900000000000006,3,1.0549891442814077,1.0271266447139844,14.550452122893843,
808,100,4,39.5,15.0,1.0,1e-06,50.0,50,0.45,0.55,True,49.0,3,4.2080375472849285e-06,0.002051350176660467,8.055795150293042,
804,100,4,39.5,15.0,1.0,1e-06,50.0,25,0.60,0.45,True,54.800000000000004,3,0.010772252371432431,0.10378946175519185,9.558841452190856,
803,100,4,39.5,15.0,1.0,1e-06,50.0,25,0.45,0.55,True,58.1,3,0.017582481158982442,0.13259894855911356,9.017858299112932,
802,100,4,39.5,15.0,1.0,1e-06,50.0,25,0.35,0.45,True,57.5,3,0.017541000045785314,0.13244244050071455,8.704180732324962,
801,100,4,39.5,15.0,1.0,1e-06,50.0,25,center,center,True,59.900000000000006,3,0.015845803723358576,0.12588011647340724,8.650957188687622,
805,100,4,39.5,15.0,1.0,1e-06,50.0,25,0.60,0.58,True,57.1,3,0.010098978163389106,0.10049367225546645,8.769180280996306,
807,100,4,39.5,15.0,1.0,1e-06,50.0,50,0.35,0.45,True,57.5,3,0.0001849652844839857,0.013600194281111784,8.429517870334061,
806,100,4,39.5,15.0,1.0,1e-06,50.0,50,center,center,True,58.6,3,0.003659372458902386,0.06049274715949331,8.368757508090823,
821,100,4,39.5,15.0,1.0,1e-06,100.0,25,center,center,True,37.7,3,6.808955661513778e-07,0.0008251639631923935,7.008208756729674,
822,100,4,39.5,15.0,1.0,1e-06,100.0,25,0.35,0.45,True,37.2,3,3.274842378459009e-07,0.0005722623854892971,6.967514835447083,
841,100,4,39.5,15.0,3.0,1e-08,50.0,25,center,center,True,0.2,4,1.533669951515742e-05,0.003916209840541926,30.276384499648426,
842,100,4,39.5,15.0,3.0,1e-08,50.0,25,0.35,0.45,True,0.2,4,1.534219683160508e-05,0.003916911644600256,30.27634183898523,
843,100,4,39.5,15.0,3.0,1e-08,50.0,25,0.45,0.55,True,0.2,4,1.534218943603317e-05,0.0039169107005436275,30.276341891534933,
823,100,4,39.5,15.0,1.0,1e-06,100.0,25,0.45,0.55,True,38.400000000000006,3,0.0019614742984392294,0.0442885346160745,7.329024065971883,
844,100,4,39.5,15.0,3.0,1e-08,50.0,25,0.60,0.45,True,0.2,4,1.491673473913037e-05,0.003862218888039668,30.282097814482878,
845,100,4,39.5,15.0,3.0,1e-08,50.0,25,0.60,0.58,True,0.2,4,1.5316976661962784e-05,0.003913690925707188,30.276544618114265,
846,100,4,39.5,15.0,3.0,1e-08,50.0,50,center,center,True,0.2,4,1.533669951515742e-05,0.003916209840541926,30.276384499648426,
847,100,4,39.5,15.0,3.0,1e-08,50.0,50,0.35,0.45,True,0.2,4,1.534219683160508e-05,0.003916911644600256,30.27634183898523,
848,100,4,39.5,15.0,3.0,1e-08,50.0,50,0.45,0.55,True,0.2,4,1.534218943603317e-05,0.0039169107005436275,30.276341891534933,
849,100,4,39.5,15.0,3.0,1e-08,50.0,50,0.60,0.45,True,0.2,4,1.491673473913037e-05,0.003862218888039668,30.282097814482878,
850,100,4,39.5,15.0,3.0,1e-08,50.0,50,0.60,0.58,True,0.2,4,1.5316976661962784e-05,0.003913690925707188,30.276544618114265,
851,100,4,39.5,15.0,3.0,1e-08,50.0,80,center,center,True,0.2,4,1.533669951515742e-05,0.003916209840541926,30.276384499648426,
824,100,4,39.5,15.0,1.0,1e-06,100.0,25,0.60,0.45,True,37.4,3,0.0006661877106933932,0.02581061236571874,8.072339148860278,
852,100,4,39.5,15.0,3.0,1e-08,50.0,80,0.35,0.45,True,0.2,4,1.534219683160508e-05,0.003916911644600256,30.27634183898523,
853,100,4,39.5,15.0,3.0,1e-08,50.0,80,0.45,0.55,True,0.2,4,1.534218943603317e-05,0.0039169107005436275,30.276341891534933,
854,100,4,39.5,15.0,3.0,1e-08,50.0,80,0.60,0.45,True,0.2,4,1.491673473913037e-05,0.003862218888039668,30.282097814482878,
855,100,4,39.5,15.0,3.0,1e-08,50.0,80,0.60,0.58,True,0.2,4,1.5316976661962784e-05,0.003913690925707188,30.276544618114265,
827,100,4,39.5,15.0,1.0,1e-06,100.0,50,0.35,0.45,True,37.6,3,3.122848345805748e-05,0.005588245114350075,7.275715204629459,
856,100,4,39.5,15.0,3.0,1e-08,50.0,120,center,center,True,0.2,4,1.533669951515742e-05,0.003916209840541926,30.276384499648426,
826,100,4,39.5,15.0,1.0,1e-06,100.0,50,center,center,True,37.9,3,0.0016891290016078319,0.04109901460628748,6.841747164346782,
857,100,4,39.5,15.0,3.0,1e-08,50.0,120,0.35,0.45,True,0.2,4,1.534219683160508e-05,0.003916911644600256,30.27634183898523,
858,100,4,39.5,15.0,3.0,1e-08,50.0,120,0.45,0.55,True,0.2,4,1.534218943603317e-05,0.0039169107005436275,30.276341891534933,
813,100,4,39.5,15.0,1.0,1e-06,50.0,80,0.45,0.55,True,48.800000000000004,3,0.012585551564034974,0.11218534469365851,7.722997162878462,
859,100,4,39.5,15.0,3.0,1e-08,50.0,120,0.60,0.45,True,0.2,4,1.491673473913037e-05,0.003862218888039668,30.282097814482878,
860,100,4,39.5,15.0,3.0,1e-08,50.0,120,0.60,0.58,True,0.2,4,1.5316976661962784e-05,0.003913690925707188,30.276544618114265,
861,100,4,39.5,15.0,3.0,1e-08,100.0,25,center,center,True,0.2,4,1.533669951515742e-05,0.003916209840541926,30.276384499648426,
862,100,4,39.5,15.0,3.0,1e-08,100.0,25,0.35,0.45,True,0.2,4,1.534219683160508e-05,0.003916911644600256,30.27634183898523,
863,100,4,39.5,15.0,3.0,1e-08,100.0,25,0.45,0.55,True,0.2,4,1.534218943603317e-05,0.0039169107005436275,30.276341891534933,
864,100,4,39.5,15.0,3.0,1e-08,100.0,25,0.60,0.45,True,0.2,4,1.491673473913037e-05,0.003862218888039668,30.282097814482878,
865,100,4,39.5,15.0,3.0,1e-08,100.0,25,0.60,0.58,True,0.2,4,1.5316976661962784e-05,0.003913690925707188,30.276544618114265,
866,100,4,39.5,15.0,3.0,1e-08,100.0,50,center,center,True,0.2,4,1.533669951515742e-05,0.003916209840541926,30.276384499648426,
867,100,4,39.5,15.0,3.0,1e-08,100.0,50,0.35,0.45,True,0.2,4,1.534219683160508e-05,0.003916911644600256,30.27634183898523,
868,100,4,39.5,15.0,3.0,1e-08,100.0,50,0.45,0.55,True,0.2,4,1.534218943603317e-05,0.0039169107005436275,30.276341891534933,
869,100,4,39.5,15.0,3.0,1e-08,100.0,50,0.60,0.45,True,0.2,4,1.491673473913037e-05,0.003862218888039668,30.282097814482878,
870,100,4,39.5,15.0,3.0,1e-08,100.0,50,0.60,0.58,True,0.2,4,1.5316976661962784e-05,0.003913690925707188,30.276544618114265,
871,100,4,39.5,15.0,3.0,1e-08,100.0,80,center,center,True,0.2,4,1.533669951515742e-05,0.003916209840541926,30.276384499648426,
872,100,4,39.5,15.0,3.0,1e-08,100.0,80,0.35,0.45,True,0.2,4,1.534219683160508e-05,0.003916911644600256,30.27634183898523,
873,100,4,39.5,15.0,3.0,1e-08,100.0,80,0.45,0.55,True,0.2,4,1.534218943603317e-05,0.0039169107005436275,30.276341891534933,
874,100,4,39.5,15.0,3.0,1e-08,100.0,80,0.60,0.45,True,0.2,4,1.491673473913037e-05,0.003862218888039668,30.282097814482878,
832,100,4,39.5,15.0,1.0,1e-06,100.0,80,0.35,0.45,True,38.2,3,0.0028824927593768296,0.053688851350879446,7.7126649298782946,
875,100,4,39.5,15.0,3.0,1e-08,100.0,80,0.60,0.58,True,0.2,4,1.5316976661962784e-05,0.003913690925707188,30.276544618114265,
876,100,4,39.5,15.0,3.0,1e-08,100.0,120,center,center,True,0.2,4,1.533669951515742e-05,0.003916209840541926,30.276384499648426,
877,100,4,39.5,15.0,3.0,1e-08,100.0,120,0.35,0.45,True,0.2,4,1.534219683160508e-05,0.003916911644600256,30.27634183898523,
818,100,4,39.5,15.0,1.0,1e-06,50.0,120,0.45,0.55,True,48.800000000000004,3,0.00047938047403548064,0.021894759054063156,7.886198885364316,
878,100,4,39.5,15.0,3.0,1e-08,100.0,120,0.45,0.55,True,0.2,4,1.534218943603317e-05,0.0039169107005436275,30.276341891534933,
879,100,4,39.5,15.0,3.0,1e-08,100.0,120,0.60,0.45,True,0.2,4,1.491673473913037e-05,0.003862218888039668,30.282097814482878,
880,100,4,39.5,15.0,3.0,1e-08,100.0,120,0.60,0.58,True,0.2,4,1.5316976661962784e-05,0.003913690925707188,30.276544618114265,
809,100,4,39.5,15.0,1.0,1e-06,50.0,50,0.60,0.45,True,55.6,3,0.004192185153401917,0.06474708606108785,9.998118808369332,
810,100,4,39.5,15.0,1.0,1e-06,50.0,50,0.60,0.58,True,56.1,3,0.0001398749523461683,0.011826874157873174,9.072481069556892,
814,100,4,39.5,15.0,1.0,1e-06,50.0,80,0.60,0.45,True,55.900000000000006,3,0.011804075221929257,0.10864656102210164,10.288255382023916,
812,100,4,39.5,15.0,1.0,1e-06,50.0,80,0.35,0.45,True,57.300000000000004,3,0.013343824415677039,0.11551547262456678,8.591527767375105,
819,100,4,39.5,15.0,1.0,1e-06,50.0,120,0.60,0.45,True,55.1,3,0.007674109156030026,0.08760199287704605,10.208651556177191,
817,100,4,39.5,15.0,1.0,1e-06,50.0,120,0.35,0.45,True,56.300000000000004,3,0.014265455935349025,0.1194380841078298,9.279409424698365,
829,100,4,39.5,15.0,1.0,1e-06,100.0,50,0.60,0.45,True,47.0,3,0.007784427787823932,0.08822940432658452,8.184858116807419,
811,100,4,39.5,15.0,1.0,1e-06,50.0,80,center,center,True,59.7,3,0.022618257580611496,0.15039367533447506,8.646333046399185,
825,100,4,39.5,15.0,1.0,1e-06,100.0,25,0.60,0.58,True,50.7,3,1.3525744855941197e-07,0.00036777363766236963,5.744464262625096,
834,100,4,39.5,15.0,1.0,1e-06,100.0,80,0.60,0.45,True,38.0,3,0.0014814477032338254,0.03848957915116539,8.16638316815144,
828,100,4,39.5,15.0,1.0,1e-06,100.0,50,0.45,0.55,True,50.400000000000006,3,7.900158359544026e-08,0.00028107220352685227,4.844302964350044,
830,100,4,39.5,15.0,1.0,1e-06,100.0,50,0.60,0.58,True,50.5,3,0.008824195841030827,0.09393719093644874,5.223984165672699,
816,100,4,39.5,15.0,1.0,1e-06,50.0,120,center,center,True,61.800000000000004,3,0.013380553615034887,0.11567434294187665,8.691520218668789,
831,100,4,39.5,15.0,1.0,1e-06,100.0,80,center,center,True,50.800000000000004,3,0.010068207308606606,0.10034045698822887,5.01592785354077,
837,100,4,39.5,15.0,1.0,1e-06,100.0,120,0.35,0.45,True,38.2,3,0.0027304687446348,0.052253887363858394,7.580463748429487,
820,100,4,39.5,15.0,1.0,1e-06,50.0,120,0.60,0.58,True,62.0,3,0.0068100639136107225,0.08252311139075358,7.1202258993397916,
815,100,4,39.5,15.0,1.0,1e-06,50.0,80,0.60,0.58,True,68.9,3,0.008717509237664027,0.0933676027199158,7.147677218464144,
833,100,4,39.5,15.0,1.0,1e-06,100.0,80,0.45,0.55,True,50.300000000000004,3,0.0002531099729087688,0.015909430313772042,5.564192130916649,
839,100,4,39.5,15.0,1.0,1e-06,100.0,120,0.60,0.45,True,47.2,3,0.0012154624221585903,0.034863482645292196,8.336066738265096,
835,100,4,39.5,15.0,1.0,1e-06,100.0,80,0.60,0.58,True,50.400000000000006,3,0.003462473030462129,0.05884278231407935,5.880724774416215,
836,100,4,39.5,15.0,1.0,1e-06,100.0,120,center,center,True,50.300000000000004,3,0.00840483048073864,0.09167786254455675,5.217491030055248,
838,100,4,39.5,15.0,1.0,1e-06,100.0,120,0.45,0.55,True,50.400000000000006,3,4.97143020508282e-05,0.007050836975198632,6.097167557083195,
840,100,4,39.5,15.0,1.0,1e-06,100.0,120,0.60,0.58,True,50.2,3,0.0008576364267100113,0.02928543028043145,5.654381193093048,
881,100,4,39.5,15.0,3.0,1e-07,50.0,25,center,center,True,41.800000000000004,3,3.1179620062957185,1.765775185660881,15.502200814652616,
886,100,4,39.5,15.0,3.0,1e-07,50.0,50,center,center,True,41.800000000000004,3,3.1179620062957185,1.765775185660881,15.502200814652616,
884,100,4,39.5,15.0,3.0,1e-07,50.0,25,0.60,0.45,True,41.900000000000006,3,1.03781981883048,1.0187344201657662,14.543919322460283,
889,100,4,39.5,15.0,3.0,1e-07,50.0,50,0.60,0.45,True,41.900000000000006,3,1.03781981883048,1.0187344201657662,14.543919322460283,
887,100,4,39.5,15.0,3.0,1e-07,50.0,50,0.35,0.45,True,42.0,3,0.5967848470292864,0.7725185091823279,14.043997941515817,
888,100,4,39.5,15.0,3.0,1e-07,50.0,50,0.45,0.55,True,41.900000000000006,3,0.5944654994180506,0.7710158879154505,14.073605384903022,
882,100,4,39.5,15.0,3.0,1e-07,50.0,25,0.35,0.45,True,42.0,3,0.5967848470292864,0.7725185091823279,14.043997941515817,
883,100,4,39.5,15.0,3.0,1e-07,50.0,25,0.45,0.55,True,41.900000000000006,3,0.5944654994180506,0.7710158879154505,14.073605384903022,
885,100,4,39.5,15.0,3.0,1e-07,50.0,25,0.60,0.58,True,41.900000000000006,3,0.7518803603325428,0.8671103507239103,13.86612973462141,
891,100,4,39.5,15.0,3.0,1e-07,50.0,80,center,center,True,41.800000000000004,3,3.1179620062957185,1.765775185660881,15.502200814652616,
890,100,4,39.5,15.0,3.0,1e-07,50.0,50,0.60,0.58,True,41.900000000000006,3,0.7518803603325428,0.8671103507239103,13.86612973462141,
892,100,4,39.5,15.0,3.0,1e-07,50.0,80,0.35,0.45,True,42.0,3,0.5967848470292864,0.7725185091823279,14.043997941515817,
893,100,4,39.5,15.0,3.0,1e-07,50.0,80,0.45,0.55,True,41.900000000000006,3,0.5944654994180506,0.7710158879154505,14.073605384903022,
896,100,4,39.5,15.0,3.0,1e-07,50.0,120,center,center,True,41.800000000000004,3,3.1179620062957185,1.765775185660881,15.502200814652616,
895,100,4,39.5,15.0,3.0,1e-07,50.0,80,0.60,0.58,True,41.900000000000006,3,0.7518803603325428,0.8671103507239103,13.86612973462141,
894,100,4,39.5,15.0,3.0,1e-07,50.0,80,0.60,0.45,True,41.900000000000006,3,1.03781981883048,1.0187344201657662,14.543919322460283,
897,100,4,39.5,15.0,3.0,1e-07,50.0,120,0.35,0.45,True,42.0,3,0.5967848470292864,0.7725185091823279,14.043997941515817,
898,100,4,39.5,15.0,3.0,1e-07,50.0,120,0.45,0.55,True,41.900000000000006,3,0.5944654994180506,0.7710158879154505,14.073605384903022,
901,100,4,39.5,15.0,3.0,1e-07,100.0,25,center,center,True,41.800000000000004,3,3.1179620062957185,1.765775185660881,15.502200814652616,
899,100,4,39.5,15.0,3.0,1e-07,50.0,120,0.60,0.45,True,41.900000000000006,3,1.03781981883048,1.0187344201657662,14.543919322460283,
900,100,4,39.5,15.0,3.0,1e-07,50.0,120,0.60,0.58,True,41.900000000000006,3,0.7518803603325428,0.8671103507239103,13.86612973462141,
903,100,4,39.5,15.0,3.0,1e-07,100.0,25,0.45,0.55,True,41.900000000000006,3,0.5944654994180506,0.7710158879154505,14.073605384903022,
902,100,4,39.5,15.0,3.0,1e-07,100.0,25,0.35,0.45,True,42.0,3,0.5967848470292864,0.7725185091823279,14.043997941515817,
904,100,4,39.5,15.0,3.0,1e-07,100.0,25,0.60,0.45,True,41.900000000000006,3,1.03781981883048,1.0187344201657662,14.543919322460283,
905,100,4,39.5,15.0,3.0,1e-07,100.0,25,0.60,0.58,True,41.900000000000006,3,0.7518803603325428,0.8671103507239103,13.86612973462141,
906,100,4,39.5,15.0,3.0,1e-07,100.0,50,center,center,True,41.800000000000004,3,3.1179620062957185,1.765775185660881,15.502200814652616,
907,100,4,39.5,15.0,3.0,1e-07,100.0,50,0.35,0.45,True,42.0,3,0.5967848470292864,0.7725185091823279,14.043997941515817,
909,100,4,39.5,15.0,3.0,1e-07,100.0,50,0.60,0.45,True,41.900000000000006,3,1.03781981883048,1.0187344201657662,14.543919322460283,
908,100,4,39.5,15.0,3.0,1e-07,100.0,50,0.45,0.55,True,41.900000000000006,3,0.5944654994180506,0.7710158879154505,14.073605384903022,
910,100,4,39.5,15.0,3.0,1e-07,100.0,50,0.60,0.58,True,41.900000000000006,3,0.7518803603325428,0.8671103507239103,13.86612973462141,
911,100,4,39.5,15.0,3.0,1e-07,100.0,80,center,center,True,41.800000000000004,3,3.1179620062957185,1.765775185660881,15.502200814652616,
912,100,4,39.5,15.0,3.0,1e-07,100.0,80,0.35,0.45,True,42.0,3,0.5967848470292864,0.7725185091823279,14.043997941515817,
914,100,4,39.5,15.0,3.0,1e-07,100.0,80,0.60,0.45,True,41.900000000000006,3,1.03781981883048,1.0187344201657662,14.543919322460283,
916,100,4,39.5,15.0,3.0,1e-07,100.0,120,center,center,True,41.800000000000004,3,3.1179620062957185,1.765775185660881,15.502200814652616,
913,100,4,39.5,15.0,3.0,1e-07,100.0,80,0.45,0.55,True,41.900000000000006,3,0.5944654994180506,0.7710158879154505,14.073605384903022,
915,100,4,39.5,15.0,3.0,1e-07,100.0,80,0.60,0.58,True,41.900000000000006,3,0.7518803603325428,0.8671103507239103,13.86612973462141,
918,100,4,39.5,15.0,3.0,1e-07,100.0,120,0.45,0.55,True,41.900000000000006,3,0.5944654994180506,0.7710158879154505,14.073605384903022,
919,100,4,39.5,15.0,3.0,1e-07,100.0,120,0.60,0.45,True,41.900000000000006,3,1.03781981883048,1.0187344201657662,14.543919322460283,
920,100,4,39.5,15.0,3.0,1e-07,100.0,120,0.60,0.58,True,41.900000000000006,3,0.7518803603325428,0.8671103507239103,13.86612973462141,
917,100,4,39.5,15.0,3.0,1e-07,100.0,120,0.35,0.45,True,42.0,3,0.5967848470292864,0.7725185091823279,14.043997941515817,
922,100,4,39.5,15.0,3.0,1e-06,50.0,25,0.35,0.45,True,57.5,3,0.012930201983348669,0.11371104600410933,8.649956097614105,
924,100,4,39.5,15.0,3.0,1e-06,50.0,25,0.60,0.45,True,55.5,3,0.0002592083751722509,0.01609994953943182,9.522447637172816,
933,100,4,39.5,15.0,3.0,1e-06,50.0,80,0.45,0.55,True,48.900000000000006,3,0.012169505814672271,0.11031548311398665,7.617726272810521,
923,100,4,39.5,15.0,3.0,1e-06,50.0,25,0.45,0.55,True,58.5,3,0.0018263199749406162,0.042735465072239666,9.199222227545091,
925,100,4,39.5,15.0,3.0,1e-06,50.0,25,0.60,0.58,True,56.7,3,6.6934875055862275e-06,0.002587177517215668,8.657074024041103,
938,100,4,39.5,15.0,3.0,1e-06,50.0,120,0.45,0.55,True,48.900000000000006,3,0.0002927092546433692,0.017108747898176804,8.139423209583718,
941,100,4,39.5,15.0,3.0,1e-06,100.0,25,center,center,True,37.9,3,0.0015819452678455341,0.03977367556368828,7.044802826117014,
926,100,4,39.5,15.0,3.0,1e-06,50.0,50,center,center,True,58.1,3,0.021637125166857854,0.14709563272530513,8.227846730638179,
930,100,4,39.5,15.0,3.0,1e-06,50.0,50,0.60,0.58,True,56.1,3,0.001745006727515548,0.041773277672640774,9.316951470269165,
921,100,4,39.5,15.0,3.0,1e-06,50.0,25,center,center,True,62.5,3,0.01117813799791653,0.10572671373837612,7.091080016714983,
928,100,4,39.5,15.0,3.0,1e-06,50.0,50,0.45,0.55,True,56.0,3,0.00626297320841487,0.07913894874469125,7.596862194750705,
961,100,4,39.5,15.0,5.0,1e-08,50.0,25,center,center,True,0.2,4,1.533669951515742e-05,0.003916209840541926,30.276384499648426,
962,100,4,39.5,15.0,5.0,1e-08,50.0,25,0.35,0.45,True,0.2,4,1.534219683160508e-05,0.003916911644600256,30.27634183898523,
963,100,4,39.5,15.0,5.0,1e-08,50.0,25,0.45,0.55,True,0.2,4,1.534218943603317e-05,0.0039169107005436275,30.276341891534933,
927,100,4,39.5,15.0,3.0,1e-06,50.0,50,0.35,0.45,True,58.0,3,0.0023382793291961395,0.04835575797354581,8.415865736342308,
964,100,4,39.5,15.0,5.0,1e-08,50.0,25,0.60,0.45,True,0.2,4,1.491673473913037e-05,0.003862218888039668,30.282097814482878,
965,100,4,39.5,15.0,5.0,1e-08,50.0,25,0.60,0.58,True,0.2,4,1.5316976661962784e-05,0.003913690925707188,30.276544618114265,
966,100,4,39.5,15.0,5.0,1e-08,50.0,50,center,center,True,0.2,4,1.533669951515742e-05,0.003916209840541926,30.276384499648426,
942,100,4,39.5,15.0,3.0,1e-06,100.0,25,0.35,0.45,True,37.300000000000004,3,0.012804394533969176,0.11315650460300183,7.056112998078054,
967,100,4,39.5,15.0,5.0,1e-08,50.0,50,0.35,0.45,True,0.2,4,1.534219683160508e-05,0.003916911644600256,30.27634183898523,
929,100,4,39.5,15.0,3.0,1e-06,50.0,50,0.60,0.45,True,58.0,3,1.087328174293356e-05,0.0032974659578126897,10.334356522765473,
932,100,4,39.5,15.0,3.0,1e-06,50.0,80,0.35,0.45,True,57.0,3,0.012923931110898205,0.11368346894293033,8.779773170507925,
968,100,4,39.5,15.0,5.0,1e-08,50.0,50,0.45,0.55,True,0.2,4,1.534218943603317e-05,0.0039169107005436275,30.276341891534933,
970,100,4,39.5,15.0,5.0,1e-08,50.0,50,0.60,0.58,True,0.2,4,1.5316976661962784e-05,0.003913690925707188,30.276544618114265,
969,100,4,39.5,15.0,5.0,1e-08,50.0,50,0.60,0.45,True,0.2,4,1.491673473913037e-05,0.003862218888039668,30.282097814482878,
971,100,4,39.5,15.0,5.0,1e-08,50.0,80,center,center,True,0.2,4,1.533669951515742e-05,0.003916209840541926,30.276384499648426,
972,100,4,39.5,15.0,5.0,1e-08,50.0,80,0.35,0.45,True,0.2,4,1.534219683160508e-05,0.003916911644600256,30.27634183898523,
944,100,4,39.5,15.0,3.0,1e-06,100.0,25,0.60,0.45,True,37.300000000000004,3,5.525844640778297e-07,0.0007433602518818381,7.9930058185515405,
931,100,4,39.5,15.0,3.0,1e-06,50.0,80,center,center,True,59.6,3,0.012017277456576825,0.10962334357506537,8.36100092189663,
973,100,4,39.5,15.0,5.0,1e-08,50.0,80,0.45,0.55,True,0.2,4,1.534218943603317e-05,0.0039169107005436275,30.276341891534933,
974,100,4,39.5,15.0,5.0,1e-08,50.0,80,0.60,0.45,True,0.2,4,1.491673473913037e-05,0.003862218888039668,30.282097814482878,
975,100,4,39.5,15.0,5.0,1e-08,50.0,80,0.60,0.58,True,0.2,4,1.5316976661962784e-05,0.003913690925707188,30.276544618114265,
976,100,4,39.5,15.0,5.0,1e-08,50.0,120,center,center,True,0.2,4,1.533669951515742e-05,0.003916209840541926,30.276384499648426,
977,100,4,39.5,15.0,5.0,1e-08,50.0,120,0.35,0.45,True,0.2,4,1.534219683160508e-05,0.003916911644600256,30.27634183898523,
978,100,4,39.5,15.0,5.0,1e-08,50.0,120,0.45,0.55,True,0.2,4,1.534218943603317e-05,0.0039169107005436275,30.276341891534933,
979,100,4,39.5,15.0,5.0,1e-08,50.0,120,0.60,0.45,True,0.2,4,1.491673473913037e-05,0.003862218888039668,30.282097814482878,
980,100,4,39.5,15.0,5.0,1e-08,50.0,120,0.60,0.58,True,0.2,4,1.5316976661962784e-05,0.003913690925707188,30.276544618114265,
981,100,4,39.5,15.0,5.0,1e-08,100.0,25,center,center,True,0.2,4,1.533669951515742e-05,0.003916209840541926,30.276384499648426,
982,100,4,39.5,15.0,5.0,1e-08,100.0,25,0.35,0.45,True,0.2,4,1.534219683160508e-05,0.003916911644600256,30.27634183898523,
983,100,4,39.5,15.0,5.0,1e-08,100.0,25,0.45,0.55,True,0.2,4,1.534218943603317e-05,0.0039169107005436275,30.276341891534933,
985,100,4,39.5,15.0,5.0,1e-08,100.0,25,0.60,0.58,True,0.2,4,1.5316976661962784e-05,0.003913690925707188,30.276544618114265,
984,100,4,39.5,15.0,5.0,1e-08,100.0,25,0.60,0.45,True,0.2,4,1.491673473913037e-05,0.003862218888039668,30.282097814482878,
986,100,4,39.5,15.0,5.0,1e-08,100.0,50,center,center,True,0.2,4,1.533669951515742e-05,0.003916209840541926,30.276384499648426,
987,100,4,39.5,15.0,5.0,1e-08,100.0,50,0.35,0.45,True,0.2,4,1.534219683160508e-05,0.003916911644600256,30.27634183898523,
988,100,4,39.5,15.0,5.0,1e-08,100.0,50,0.45,0.55,True,0.2,4,1.534218943603317e-05,0.0039169107005436275,30.276341891534933,
934,100,4,39.5,15.0,3.0,1e-06,50.0,80,0.60,0.45,True,56.800000000000004,3,1.192053758381439e-05,0.003452613152934222,10.469658651869564,
989,100,4,39.5,15.0,5.0,1e-08,100.0,50,0.60,0.45,True,0.2,4,1.491673473913037e-05,0.003862218888039668,30.282097814482878,
990,100,4,39.5,15.0,5.0,1e-08,100.0,50,0.60,0.58,True,0.2,4,1.5316976661962784e-05,0.003913690925707188,30.276544618114265,
991,100,4,39.5,15.0,5.0,1e-08,100.0,80,center,center,True,0.2,4,1.533669951515742e-05,0.003916209840541926,30.276384499648426,
992,100,4,39.5,15.0,5.0,1e-08,100.0,80,0.35,0.45,True,0.2,4,1.534219683160508e-05,0.003916911644600256,30.27634183898523,
937,100,4,39.5,15.0,3.0,1e-06,50.0,120,0.35,0.45,True,56.7,3,0.003089784750021377,0.05558583227785095,9.395415620777925,
993,100,4,39.5,15.0,5.0,1e-08,100.0,80,0.45,0.55,True,0.2,4,1.534218943603317e-05,0.0039169107005436275,30.276341891534933,
994,100,4,39.5,15.0,5.0,1e-08,100.0,80,0.60,0.45,True,0.2,4,1.491673473913037e-05,0.003862218888039668,30.282097814482878,
995,100,4,39.5,15.0,5.0,1e-08,100.0,80,0.60,0.58,True,0.2,4,1.5316976661962784e-05,0.003913690925707188,30.276544618114265,
996,100,4,39.5,15.0,5.0,1e-08,100.0,120,center,center,True,0.2,4,1.533669951515742e-05,0.003916209840541926,30.276384499648426,
997,100,4,39.5,15.0,5.0,1e-08,100.0,120,0.35,0.45,True,0.2,4,1.534219683160508e-05,0.003916911644600256,30.27634183898523,
998,100,4,39.5,15.0,5.0,1e-08,100.0,120,0.45,0.55,True,0.2,4,1.534218943603317e-05,0.0039169107005436275,30.276341891534933,
999,100,4,39.5,15.0,5.0,1e-08,100.0,120,0.60,0.45,True,0.2,4,1.491673473913037e-05,0.003862218888039668,30.282097814482878,
1000,100,4,39.5,15.0,5.0,1e-08,100.0,120,0.60,0.58,True,0.2,4,1.5316976661962784e-05,0.003913690925707188,30.276544618114265,
936,100,4,39.5,15.0,3.0,1e-06,50.0,120,center,center,True,58.400000000000006,3,0.01861075323066446,0.1364212345299091,8.265494576742118,
943,100,4,39.5,15.0,3.0,1e-06,100.0,25,0.45,0.55,True,48.7,3,0.00031630420471757915,0.017784943202540152,7.401848261480049,
939,100,4,39.5,15.0,3.0,1e-06,50.0,120,0.60,0.45,True,58.0,3,5.2873394820064636e-05,0.007271409410840833,10.207180747071982,
946,100,4,39.5,15.0,3.0,1e-06,100.0,50,center,center,True,38.0,3,0.000289372182201628,0.017010943013296705,6.70137210332942,
949,100,4,39.5,15.0,3.0,1e-06,100.0,50,0.60,0.45,True,38.0,3,0.008023120108309757,0.08957187118906111,8.53656116792559,
935,100,4,39.5,15.0,3.0,1e-06,50.0,80,0.60,0.58,True,69.60000000000001,3,5.8617521960615244e-05,0.007656208066700855,7.159186804728645,
952,100,4,39.5,15.0,3.0,1e-06,100.0,80,0.35,0.45,True,38.0,3,0.009915017454195945,0.09957418066042996,7.590997895360698,
940,100,4,39.5,15.0,3.0,1e-06,50.0,120,0.60,0.58,True,62.1,3,0.0007980004215924337,0.02824890124575527,6.99728634381058,
947,100,4,39.5,15.0,3.0,1e-06,100.0,50,0.35,0.45,True,47.7,3,0.0021568776024257705,0.0464421963566084,7.5000566985905,
945,100,4,39.5,15.0,3.0,1e-06,100.0,25,0.60,0.58,True,50.5,3,0.0008090078372257886,0.028443063077414652,5.474798609423082,
948,100,4,39.5,15.0,3.0,1e-06,100.0,50,0.45,0.55,True,50.400000000000006,3,1.3800088717914346e-06,0.0011747377885262032,5.803387113665557,
950,100,4,39.5,15.0,3.0,1e-06,100.0,50,0.60,0.58,True,50.5,3,2.4473544842420744e-05,0.004947074372032499,6.305240732723474,
951,100,4,39.5,15.0,3.0,1e-06,100.0,80,center,center,True,51.0,3,0.0001284448041781745,0.011333349203927959,5.070005310924112,
957,100,4,39.5,15.0,3.0,1e-06,100.0,120,0.35,0.45,True,38.2,3,0.013743956989309407,0.11723462367965108,7.62183044918542,
954,100,4,39.5,15.0,3.0,1e-06,100.0,80,0.60,0.45,True,45.800000000000004,3,0.0068283736985138115,0.08263397423889167,8.557386040031497,
959,100,4,39.5,15.0,3.0,1e-06,100.0,120,0.60,0.45,True,47.2,3,0.007480694363123469,0.08649100741188918,8.835013707843478,
953,100,4,39.5,15.0,3.0,1e-06,100.0,80,0.45,0.55,True,50.400000000000006,3,0.012482649721254952,0.11172577912574587,6.350659305835329,
955,100,4,39.5,15.0,3.0,1e-06,100.0,80,0.60,0.58,True,50.400000000000006,3,3.804683349282345e-05,0.00616821153113473,5.603637282179342,
956,100,4,39.5,15.0,3.0,1e-06,100.0,120,center,center,True,50.5,3,0.011641707600182353,0.1078967450861348,5.246031463977654,
958,100,4,39.5,15.0,3.0,1e-06,100.0,120,0.45,0.55,True,50.5,3,0.0019398186907126018,0.04404337283533814,5.995657114106109,
1011,100,4,39.5,15.0,5.0,1e-07,50.0,80,center,center,True,41.900000000000006,3,3.55842589886543,1.8863790443241861,15.492481082746577,
960,100,4,39.5,15.0,3.0,1e-06,100.0,120,0.60,0.58,True,50.2,3,3.3125955923079956e-05,0.005755515261301977,5.957007342318151,
1001,100,4,39.5,15.0,5.0,1e-07,50.0,25,center,center,True,41.900000000000006,3,3.55842589886543,1.8863790443241861,15.492481082746577,
1006,100,4,39.5,15.0,5.0,1e-07,50.0,50,center,center,True,41.900000000000006,3,3.55842589886543,1.8863790443241861,15.492481082746577,
1005,100,4,39.5,15.0,5.0,1e-07,50.0,25,0.60,0.58,True,41.900000000000006,3,0.7519635731480125,0.8671583322254435,13.835592731196243,
1003,100,4,39.5,15.0,5.0,1e-07,50.0,25,0.45,0.55,True,41.900000000000006,3,0.8081559288760276,0.898974932284559,14.059162822423204,
1010,100,4,39.5,15.0,5.0,1e-07,50.0,50,0.60,0.58,True,41.900000000000006,3,0.7519635731480125,0.8671583322254435,13.835592731196243,
1008,100,4,39.5,15.0,5.0,1e-07,50.0,50,0.45,0.55,True,41.900000000000006,3,0.8081559288760276,0.898974932284559,14.059162822423204,
1002,100,4,39.5,15.0,5.0,1e-07,50.0,25,0.35,0.45,True,42.0,3,0.6389787524312724,0.7993614654405555,14.146488630293893,
1009,100,4,39.5,15.0,5.0,1e-07,50.0,50,0.60,0.45,True,41.900000000000006,3,1.055763616157062,1.0275035844984006,14.619437598753779,
1007,100,4,39.5,15.0,5.0,1e-07,50.0,50,0.35,0.45,True,42.0,3,0.6389787524312724,0.7993614654405555,14.146488630293893,
1004,100,4,39.5,15.0,5.0,1e-07,50.0,25,0.60,0.45,True,41.900000000000006,3,1.055763616157062,1.0275035844984006,14.619437598753779,
1012,100,4,39.5,15.0,5.0,1e-07,50.0,80,0.35,0.45,True,42.0,3,0.6389787524312724,0.7993614654405555,14.146488630293893,
1013,100,4,39.5,15.0,5.0,1e-07,50.0,80,0.45,0.55,True,41.900000000000006,3,0.8081559288760276,0.898974932284559,14.059162822423204,
1016,100,4,39.5,15.0,5.0,1e-07,50.0,120,center,center,True,41.900000000000006,3,3.55842589886543,1.8863790443241861,15.492481082746577,
1015,100,4,39.5,15.0,5.0,1e-07,50.0,80,0.60,0.58,True,41.900000000000006,3,0.7519635731480125,0.8671583322254435,13.835592731196243,
1014,100,4,39.5,15.0,5.0,1e-07,50.0,80,0.60,0.45,True,41.900000000000006,3,1.055763616157062,1.0275035844984006,14.619437598753779,
1017,100,4,39.5,15.0,5.0,1e-07,50.0,120,0.35,0.45,True,42.0,3,0.6389787524312724,0.7993614654405555,14.146488630293893,
1018,100,4,39.5,15.0,5.0,1e-07,50.0,120,0.45,0.55,True,41.900000000000006,3,0.8081559288760276,0.898974932284559,14.059162822423204,
1019,100,4,39.5,15.0,5.0,1e-07,50.0,120,0.60,0.45,True,41.900000000000006,3,1.055763616157062,1.0275035844984006,14.619437598753779,
1020,100,4,39.5,15.0,5.0,1e-07,50.0,120,0.60,0.58,True,41.900000000000006,3,0.7519635731480125,0.8671583322254435,13.835592731196243,
1021,100,4,39.5,15.0,5.0,1e-07,100.0,25,center,center,True,41.900000000000006,3,3.55842589886543,1.8863790443241861,15.492481082746577,
1022,100,4,39.5,15.0,5.0,1e-07,100.0,25,0.35,0.45,True,42.0,3,0.6389787524312724,0.7993614654405555,14.146488630293893,
1023,100,4,39.5,15.0,5.0,1e-07,100.0,25,0.45,0.55,True,41.900000000000006,3,0.8081559288760276,0.898974932284559,14.059162822423204,
1024,100,4,39.5,15.0,5.0,1e-07,100.0,25,0.60,0.45,True,41.900000000000006,3,1.055763616157062,1.0275035844984006,14.619437598753779,
1025,100,4,39.5,15.0,5.0,1e-07,100.0,25,0.60,0.58,True,41.900000000000006,3,0.7519635731480125,0.8671583322254435,13.835592731196243,
1026,100,4,39.5,15.0,5.0,1e-07,100.0,50,center,center,True,41.900000000000006,3,3.55842589886543,1.8863790443241861,15.492481082746577,
1027,100,4,39.5,15.0,5.0,1e-07,100.0,50,0.35,0.45,True,42.0,3,0.6389787524312724,0.7993614654405555,14.146488630293893,
1028,100,4,39.5,15.0,5.0,1e-07,100.0,50,0.45,0.55,True,41.900000000000006,3,0.8081559288760276,0.898974932284559,14.059162822423204,
1031,100,4,39.5,15.0,5.0,1e-07,100.0,80,center,center,True,41.900000000000006,3,3.55842589886543,1.8863790443241861,15.492481082746577,
1029,100,4,39.5,15.0,5.0,1e-07,100.0,50,0.60,0.45,True,41.900000000000006,3,1.055763616157062,1.0275035844984006,14.619437598753779,
1030,100,4,39.5,15.0,5.0,1e-07,100.0,50,0.60,0.58,True,41.900000000000006,3,0.7519635731480125,0.8671583322254435,13.835592731196243,
1036,100,4,39.5,15.0,5.0,1e-07,100.0,120,center,center,True,41.900000000000006,3,3.55842589886543,1.8863790443241861,15.492481082746577,
1032,100,4,39.5,15.0,5.0,1e-07,100.0,80,0.35,0.45,True,42.0,3,0.6389787524312724,0.7993614654405555,14.146488630293893,
1033,100,4,39.5,15.0,5.0,1e-07,100.0,80,0.45,0.55,True,41.900000000000006,3,0.8081559288760276,0.898974932284559,14.059162822423204,
1034,100,4,39.5,15.0,5.0,1e-07,100.0,80,0.60,0.45,True,41.900000000000006,3,1.055763616157062,1.0275035844984006,14.619437598753779,
1037,100,4,39.5,15.0,5.0,1e-07,100.0,120,0.35,0.45,True,42.0,3,0.6389787524312724,0.7993614654405555,14.146488630293893,
1035,100,4,39.5,15.0,5.0,1e-07,100.0,80,0.60,0.58,True,41.900000000000006,3,0.7519635731480125,0.8671583322254435,13.835592731196243,
1039,100,4,39.5,15.0,5.0,1e-07,100.0,120,0.60,0.45,True,41.900000000000006,3,1.055763616157062,1.0275035844984006,14.619437598753779,
1038,100,4,39.5,15.0,5.0,1e-07,100.0,120,0.45,0.55,True,41.900000000000006,3,0.8081559288760276,0.898974932284559,14.059162822423204,
1040,100,4,39.5,15.0,5.0,1e-07,100.0,120,0.60,0.58,True,41.900000000000006,3,0.7519635731480125,0.8671583322254435,13.835592731196243,
1044,100,4,39.5,15.0,5.0,1e-06,50.0,25,0.60,0.45,True,54.800000000000004,3,0.0012616610134742524,0.03551986786960577,10.186915243827753,
1043,100,4,39.5,15.0,5.0,1e-06,50.0,25,0.45,0.55,True,58.2,3,0.0026906576246166045,0.05187154927912414,9.592200332305705,
1042,100,4,39.5,15.0,5.0,1e-06,50.0,25,0.35,0.45,True,58.5,3,0.00036505445358468415,0.019106398236838993,9.791248129934656,
1041,100,4,39.5,15.0,5.0,1e-06,50.0,25,center,center,True,62.0,3,0.0041979084964202,0.06479126867426042,8.804259319916149,
1045,100,4,39.5,15.0,5.0,1e-06,50.0,25,0.60,0.58,True,56.800000000000004,3,0.007343739728655323,0.08569562257580794,8.76296629521353,
1048,100,4,39.5,15.0,5.0,1e-06,50.0,50,0.45,0.55,True,56.300000000000004,3,5.1996490866978346e-05,0.007210859232225959,8.260505237119041,
1046,100,4,39.5,15.0,5.0,1e-06,50.0,50,center,center,True,58.2,3,0.023143609967485813,0.1521302401479923,8.182262702840234,
1047,100,4,39.5,15.0,5.0,1e-06,50.0,50,0.35,0.45,True,59.1,3,0.001060314827522469,0.03256247575849338,8.90542103782849,
1050,100,4,39.5,15.0,5.0,1e-06,50.0,50,0.60,0.58,True,55.900000000000006,3,0.007535408062529116,0.0868067282100248,9.278230740802048,
1053,100,4,39.5,15.0,5.0,1e-06,50.0,80,0.45,0.55,True,49.0,3,0.0002808436533800736,0.016758390536685604,8.074501337910881,
1049,100,4,39.5,15.0,5.0,1e-06,50.0,50,0.60,0.45,True,58.5,3,0.0011547003810171166,0.03398088258149156,11.019115265698776,
1062,100,4,39.5,15.0,5.0,1e-06,100.0,25,0.35,0.45,True,37.7,3,0.012631335127378301,0.11238921268243808,6.949778836781598,
1061,100,4,39.5,15.0,5.0,1e-06,100.0,25,center,center,True,38.400000000000006,3,0.0036082913873778477,0.06006905515636023,6.486476234291808,
1051,100,4,39.5,15.0,5.0,1e-06,50.0,80,center,center,True,61.2,3,0.003817855644747552,0.06178879869966362,8.812702949213095,
1054,100,4,39.5,15.0,5.0,1e-06,50.0,80,0.60,0.45,True,55.6,3,0.012044199752889945,0.10974606941886322,10.071493461722584,
1052,100,4,39.5,15.0,5.0,1e-06,50.0,80,0.35,0.45,True,60.2,3,8.79846181171334e-06,0.0029662201219250975,9.14999996456466,
1064,100,4,39.5,15.0,5.0,1e-06,100.0,25,0.60,0.45,True,37.6,3,0.00018577415100978734,0.01362989915625891,8.140170101142436,
1066,100,4,39.5,15.0,5.0,1e-06,100.0,50,center,center,True,38.400000000000006,3,9.325238454796875e-05,0.009656727424338369,7.295911478428825,
1056,100,4,39.5,15.0,5.0,1e-06,50.0,120,center,center,True,59.900000000000006,3,0.0031865875492483615,0.05644986757511802,8.70124687927779,
1057,100,4,39.5,15.0,5.0,1e-06,50.0,120,0.35,0.45,True,59.2,3,0.007406417515963156,0.08606054564063115,8.468525493396196,
1067,100,4,39.5,15.0,5.0,1e-06,100.0,50,0.35,0.45,True,44.7,3,0.0010880312374646711,0.032985318513918754,7.41434777362055,
1055,100,4,39.5,15.0,5.0,1e-06,50.0,80,0.60,0.58,True,62.2,3,0.0012643782102958038,0.035558096269285897,6.82122560008055,
1058,100,4,39.5,15.0,5.0,1e-06,50.0,120,0.45,0.55,True,59.5,3,1.5549378523900767e-06,0.0012469714721636885,8.423938856055145,
1063,100,4,39.5,15.0,5.0,1e-06,100.0,25,0.45,0.55,True,50.800000000000004,3,0.0065908609471500915,0.08118411757942616,5.523626399775334,
1069,100,4,39.5,15.0,5.0,1e-06,100.0,50,0.60,0.45,True,48.400000000000006,3,0.0010483989671966148,0.032378989595053996,8.710200506143357,
1059,100,4,39.5,15.0,5.0,1e-06,50.0,120,0.60,0.45,True,55.400000000000006,3,0.007334257329449056,0.08564027866284098,10.606427245117128,
1072,100,4,39.5,15.0,5.0,1e-06,100.0,80,0.35,0.45,True,47.800000000000004,3,0.0003437856696882566,0.018541458132742866,7.309047157531319,
1065,100,4,39.5,15.0,5.0,1e-06,100.0,25,0.60,0.58,True,50.5,3,1.3014453952212844e-05,0.003607555121160707,5.420543357268265,
1068,100,4,39.5,15.0,5.0,1e-06,100.0,50,0.45,0.55,True,50.6,3,0.0009440513324036612,0.03072541834383482,6.184734568635703,
1070,100,4,39.5,15.0,5.0,1e-06,100.0,50,0.60,0.58,True,50.5,3,5.350238461676791e-07,0.0007314532426393905,5.93834334898783,
1081,100,4,62.6,14.1,1.0,1e-08,50.0,25,center,center,True,25.1,3,0.1940666029354126,0.4405299115104587,34.4506876312236,
1071,100,4,39.5,15.0,5.0,1e-06,100.0,80,center,center,True,51.300000000000004,3,5.5235833900083096e-05,0.007432081397568456,5.804917218704501,
1082,100,4,62.6,14.1,1.0,1e-08,50.0,25,0.35,0.45,True,24.900000000000002,3,0.19390478979496006,0.4403462158290452,34.30364939290374,
1083,100,4,62.6,14.1,1.0,1e-08,50.0,25,0.45,0.55,True,24.900000000000002,3,0.19413253252521598,0.4406047350235991,34.34798098872158,
1060,100,4,39.5,15.0,5.0,1e-06,50.0,120,0.60,0.58,True,62.0,3,0.0065506267647711,0.08093594235425383,7.734552636059875,
1079,100,4,39.5,15.0,5.0,1e-06,100.0,120,0.60,0.45,True,37.9,3,0.0053335576498788175,0.0730312101082737,8.807154060812143,
1077,100,4,39.5,15.0,5.0,1e-06,100.0,120,0.35,0.45,True,38.2,3,0.0039042188409161025,0.062483748614468565,7.607830462793704,
1085,100,4,62.6,14.1,1.0,1e-08,50.0,25,0.60,0.58,True,25.0,3,0.19333140192365814,0.4396946689734345,34.25966511765762,
1084,100,4,62.6,14.1,1.0,1e-08,50.0,25,0.60,0.45,True,24.900000000000002,3,0.15803487121515164,0.3975359998983132,33.95493978046735,
1074,100,4,39.5,15.0,5.0,1e-06,100.0,80,0.60,0.45,True,46.2,3,0.00886854543952088,0.09417295492614045,8.755589429911812,
1086,100,4,62.6,14.1,1.0,1e-08,50.0,50,center,center,True,25.1,3,0.1940666029354126,0.4405299115104587,34.4506876312236,
1087,100,4,62.6,14.1,1.0,1e-08,50.0,50,0.35,0.45,True,24.900000000000002,3,0.19390478979496006,0.4403462158290452,34.30364939290374,
1088,100,4,62.6,14.1,1.0,1e-08,50.0,50,0.45,0.55,True,24.900000000000002,3,0.19413253252521598,0.4406047350235991,34.34798098872158,
1089,100,4,62.6,14.1,1.0,1e-08,50.0,50,0.60,0.45,True,24.900000000000002,3,0.15803487121515164,0.3975359998983132,33.95493978046735,
1073,100,4,39.5,15.0,5.0,1e-06,100.0,80,0.45,0.55,True,50.900000000000006,3,0.005887688528207169,0.0767312747724627,5.93776943053826,
1090,100,4,62.6,14.1,1.0,1e-08,50.0,50,0.60,0.58,True,25.0,3,0.19333140192365814,0.4396946689734345,34.25966511765762,
1075,100,4,39.5,15.0,5.0,1e-06,100.0,80,0.60,0.58,True,50.400000000000006,3,0.005723069484502609,0.07565097147097721,5.707876059923991,
1092,100,4,62.6,14.1,1.0,1e-08,50.0,80,0.35,0.45,True,24.900000000000002,3,0.19390478979496006,0.4403462158290452,34.30364939290374,
1076,100,4,39.5,15.0,5.0,1e-06,100.0,120,center,center,True,50.800000000000004,3,1.1775904233841466e-07,0.00034316037407954703,5.650967677212315,
1091,100,4,62.6,14.1,1.0,1e-08,50.0,80,center,center,True,25.1,3,0.1940666029354126,0.4405299115104587,34.4506876312236,
1093,100,4,62.6,14.1,1.0,1e-08,50.0,80,0.45,0.55,True,24.900000000000002,3,0.19413253252521598,0.4406047350235991,34.34798098872158,
1094,100,4,62.6,14.1,1.0,1e-08,50.0,80,0.60,0.45,True,24.900000000000002,3,0.15803487121515164,0.3975359998983132,33.95493978046735,
1078,100,4,39.5,15.0,5.0,1e-06,100.0,120,0.45,0.55,True,50.800000000000004,3,2.8784406794129177e-06,0.0016965967934111268,5.984942302364079,
1095,100,4,62.6,14.1,1.0,1e-08,50.0,80,0.60,0.58,True,25.0,3,0.19333140192365814,0.4396946689734345,34.25966511765762,
1080,100,4,39.5,15.0,5.0,1e-06,100.0,120,0.60,0.58,True,50.2,3,6.369053305554694e-07,0.0007980634877974743,5.550530184828161,
1096,100,4,62.6,14.1,1.0,1e-08,50.0,120,center,center,True,25.1,3,0.1940666029354126,0.4405299115104587,34.4506876312236,
1097,100,4,62.6,14.1,1.0,1e-08,50.0,120,0.35,0.45,True,24.900000000000002,3,0.19390478979496006,0.4403462158290452,34.30364939290374,
1098,100,4,62.6,14.1,1.0,1e-08,50.0,120,0.45,0.55,True,24.900000000000002,3,0.19413253252521598,0.4406047350235991,34.34798098872158,
1099,100,4,62.6,14.1,1.0,1e-08,50.0,120,0.60,0.45,True,24.900000000000002,3,0.15803487121515164,0.3975359998983132,33.95493978046735,
1100,100,4,62.6,14.1,1.0,1e-08,50.0,120,0.60,0.58,True,25.0,3,0.19333140192365814,0.4396946689734345,34.25966511765762,
1101,100,4,62.6,14.1,1.0,1e-08,100.0,25,center,center,True,25.1,3,0.1940666029354126,0.4405299115104587,34.4506876312236,
1102,100,4,62.6,14.1,1.0,1e-08,100.0,25,0.35,0.45,True,24.900000000000002,3,0.19390478979496006,0.4403462158290452,34.30364939290374,
1104,100,4,62.6,14.1,1.0,1e-08,100.0,25,0.60,0.45,True,24.900000000000002,3,0.15803487121515164,0.3975359998983132,33.95493978046735,
1105,100,4,62.6,14.1,1.0,1e-08,100.0,25,0.60,0.58,True,25.0,3,0.19333140192365814,0.4396946689734345,34.25966511765762,
1103,100,4,62.6,14.1,1.0,1e-08,100.0,25,0.45,0.55,True,24.900000000000002,3,0.19413253252521598,0.4406047350235991,34.34798098872158,
1106,100,4,62.6,14.1,1.0,1e-08,100.0,50,center,center,True,25.1,3,0.1940666029354126,0.4405299115104587,34.4506876312236,
1107,100,4,62.6,14.1,1.0,1e-08,100.0,50,0.35,0.45,True,24.900000000000002,3,0.19390478979496006,0.4403462158290452,34.30364939290374,
1108,100,4,62.6,14.1,1.0,1e-08,100.0,50,0.45,0.55,True,24.900000000000002,3,0.19413253252521598,0.4406047350235991,34.34798098872158,
1110,100,4,62.6,14.1,1.0,1e-08,100.0,50,0.60,0.58,True,25.0,3,0.19333140192365814,0.4396946689734345,34.25966511765762,
1109,100,4,62.6,14.1,1.0,1e-08,100.0,50,0.60,0.45,True,24.900000000000002,3,0.15803487121515164,0.3975359998983132,33.95493978046735,
1111,100,4,62.6,14.1,1.0,1e-08,100.0,80,center,center,True,25.1,3,0.1940666029354126,0.4405299115104587,34.4506876312236,
1113,100,4,62.6,14.1,1.0,1e-08,100.0,80,0.45,0.55,True,24.900000000000002,3,0.19413253252521598,0.4406047350235991,34.34798098872158,
1112,100,4,62.6,14.1,1.0,1e-08,100.0,80,0.35,0.45,True,24.900000000000002,3,0.19390478979496006,0.4403462158290452,34.30364939290374,
1114,100,4,62.6,14.1,1.0,1e-08,100.0,80,0.60,0.45,True,24.900000000000002,3,0.15803487121515164,0.3975359998983132,33.95493978046735,
1115,100,4,62.6,14.1,1.0,1e-08,100.0,80,0.60,0.58,True,25.0,3,0.19333140192365814,0.4396946689734345,34.25966511765762,
1116,100,4,62.6,14.1,1.0,1e-08,100.0,120,center,center,True,25.1,3,0.1940666029354126,0.4405299115104587,34.4506876312236,
1117,100,4,62.6,14.1,1.0,1e-08,100.0,120,0.35,0.45,True,24.900000000000002,3,0.19390478979496006,0.4403462158290452,34.30364939290374,
1118,100,4,62.6,14.1,1.0,1e-08,100.0,120,0.45,0.55,True,24.900000000000002,3,0.19413253252521598,0.4406047350235991,34.34798098872158,
1119,100,4,62.6,14.1,1.0,1e-08,100.0,120,0.60,0.45,True,24.900000000000002,3,0.15803487121515164,0.3975359998983132,33.95493978046735,
1120,100,4,62.6,14.1,1.0,1e-08,100.0,120,0.60,0.58,True,25.0,3,0.19333140192365814,0.4396946689734345,34.25966511765762,
1121,100,4,62.6,14.1,1.0,1e-07,50.0,25,center,center,True,70.9,3,2.095660743402543,1.447639714639849,25.433499496256903,
1141,100,4,62.6,14.1,1.0,1e-07,100.0,25,center,center,True,61.400000000000006,3,0.00354429312894045,0.05953396617848041,24.019434621366056,
1126,100,4,62.6,14.1,1.0,1e-07,50.0,50,center,center,True,70.9,3,2.095660743402543,1.447639714639849,25.433499496256903,
1146,100,4,62.6,14.1,1.0,1e-07,100.0,50,center,center,True,60.7,3,1.2851793830967244e-06,0.0011336575246064062,23.557986773272546,
1143,100,4,62.6,14.1,1.0,1e-07,100.0,25,0.45,0.55,True,61.400000000000006,3,0.018757055352078715,0.13695639945646468,24.431507519060688,
1145,100,4,62.6,14.1,1.0,1e-07,100.0,25,0.60,0.58,True,61.300000000000004,3,0.012977847975527215,0.11392035803809263,25.157364600536837,
1131,100,4,62.6,14.1,1.0,1e-07,50.0,80,center,center,True,70.9,3,2.095660743402543,1.447639714639849,25.433499496256903,
1136,100,4,62.6,14.1,1.0,1e-07,50.0,120,center,center,True,70.9,3,2.095660743402543,1.447639714639849,25.433499496256903,
1151,100,4,62.6,14.1,1.0,1e-07,100.0,80,center,center,True,60.7,3,1.28821035015086e-07,0.0003589164735911212,24.477021294407805,
1122,100,4,62.6,14.1,1.0,1e-07,50.0,25,0.35,0.45,True,83.60000000000001,3,3.7414949164343754,1.9342944234098323,27.613373464043555,
1123,100,4,62.6,14.1,1.0,1e-07,50.0,25,0.45,0.55,True,83.7,3,3.6663688581350105,1.9147764512169587,27.481831180285166,
1124,100,4,62.6,14.1,1.0,1e-07,50.0,25,0.60,0.45,True,82.60000000000001,3,2.6466586849025417,1.6268554591304483,27.4859409615252,
1125,100,4,62.6,14.1,1.0,1e-07,50.0,25,0.60,0.58,True,83.80000000000001,3,4.2628520398185925,2.0646675373576717,27.891528668129506,
1128,100,4,62.6,14.1,1.0,1e-07,50.0,50,0.45,0.55,True,83.7,3,3.6663688581350105,1.9147764512169587,27.481831180285166,
1127,100,4,62.6,14.1,1.0,1e-07,50.0,50,0.35,0.45,True,83.60000000000001,3,3.7414949164343754,1.9342944234098323,27.613373464043555,
1129,100,4,62.6,14.1,1.0,1e-07,50.0,50,0.60,0.45,True,82.60000000000001,3,2.6466586849025417,1.6268554591304483,27.4859409615252,
1130,100,4,62.6,14.1,1.0,1e-07,50.0,50,0.60,0.58,True,83.80000000000001,3,4.2628520398185925,2.0646675373576717,27.891528668129506,
1132,100,4,62.6,14.1,1.0,1e-07,50.0,80,0.35,0.45,True,83.60000000000001,3,3.7414949164343754,1.9342944234098323,27.613373464043555,
1147,100,4,62.6,14.1,1.0,1e-07,100.0,50,0.35,0.45,True,74.60000000000001,3,0.0008787518498763994,0.029643748917375472,23.960936337187487,
1133,100,4,62.6,14.1,1.0,1e-07,50.0,80,0.45,0.55,True,83.7,3,3.6663688581350105,1.9147764512169587,27.481831180285166,
1135,100,4,62.6,14.1,1.0,1e-07,50.0,80,0.60,0.58,True,83.80000000000001,3,4.2628520398185925,2.0646675373576717,27.891528668129506,
1134,100,4,62.6,14.1,1.0,1e-07,50.0,80,0.60,0.45,True,82.60000000000001,3,2.6466586849025417,1.6268554591304483,27.4859409615252,
1137,100,4,62.6,14.1,1.0,1e-07,50.0,120,0.35,0.45,True,83.60000000000001,3,3.7414949164343754,1.9342944234098323,27.613373464043555,
1138,100,4,62.6,14.1,1.0,1e-07,50.0,120,0.45,0.55,True,83.7,3,3.6663688581350105,1.9147764512169587,27.481831180285166,
1150,100,4,62.6,14.1,1.0,1e-07,100.0,50,0.60,0.58,True,77.5,3,0.02093518285443745,0.1446899542277813,25.224303947712308,
1139,100,4,62.6,14.1,1.0,1e-07,50.0,120,0.60,0.45,True,82.60000000000001,3,2.6466586849025417,1.6268554591304483,27.4859409615252,
1152,100,4,62.6,14.1,1.0,1e-07,100.0,80,0.35,0.45,True,75.10000000000001,3,0.00033811799109372356,0.018387984965561713,24.14512340989762,
1140,100,4,62.6,14.1,1.0,1e-07,50.0,120,0.60,0.58,True,83.80000000000001,3,4.2628520398185925,2.0646675373576717,27.891528668129506,
1148,100,4,62.6,14.1,1.0,1e-07,100.0,50,0.45,0.55,True,85.5,3,0.0027435747608102867,0.05237914433064258,26.904977732132128,
1142,100,4,62.6,14.1,1.0,1e-07,100.0,25,0.35,0.45,True,89.30000000000001,3,0.014860926917933124,0.12190540151253809,25.54227712514789,
1149,100,4,62.6,14.1,1.0,1e-07,100.0,50,0.60,0.45,True,87.9,3,0.0023658668374262086,0.04864017719361442,27.116932416455274,
1144,100,4,62.6,14.1,1.0,1e-07,100.0,25,0.60,0.45,True,91.2,3,0.016248957576368392,0.12747139905236937,27.42563132235399,
1153,100,4,62.6,14.1,1.0,1e-07,100.0,80,0.45,0.55,True,61.300000000000004,3,0.00032193093522054776,0.0179424339268826,25.249592752025713,
1157,100,4,62.6,14.1,1.0,1e-07,100.0,120,0.35,0.45,True,59.7,3,9.304565747960193e-05,0.009646017700564412,24.51443811283721,
1156,100,4,62.6,14.1,1.0,1e-07,100.0,120,center,center,True,60.900000000000006,3,2.2059547842976567e-06,0.0014852456982929311,23.612063891685303,
1155,100,4,62.6,14.1,1.0,1e-07,100.0,80,0.60,0.58,True,61.7,3,0.02193970627802639,0.14812058019744045,26.55236899141398,
1160,100,4,62.6,14.1,1.0,1e-07,100.0,120,0.60,0.58,True,61.0,3,0.028371354836058554,0.16843798513416905,25.603243927263758,
1154,100,4,62.6,14.1,1.0,1e-07,100.0,80,0.60,0.45,True,81.7,3,0.001751250595151412,0.041847946128232054,25.780176792212465,
1158,100,4,62.6,14.1,1.0,1e-07,100.0,120,0.45,0.55,True,75.9,3,4.1738317060292686e-06,0.002042995767501555,25.812420156331264,
1159,100,4,62.6,14.1,1.0,1e-07,100.0,120,0.60,0.45,True,83.10000000000001,3,0.021632147272043073,0.14707871114489368,25.615617777327962,
1176,100,4,62.6,14.1,1.0,1e-06,50.0,120,center,center,True,80.5,3,4.347525928967356e-06,0.002085072163971155,14.906920132427715,
1177,100,4,62.6,14.1,1.0,1e-06,50.0,120,0.35,0.45,True,79.2,3,0.0001572280399482394,0.012539060568808151,14.263044576842475,
1178,100,4,62.6,14.1,1.0,1e-06,50.0,120,0.45,0.55,True,80.7,3,0.002886440747579774,0.053725606069915804,14.440260068206047,
1179,100,4,62.6,14.1,1.0,1e-06,50.0,120,0.60,0.45,True,80.10000000000001,3,0.004391310070539407,0.06626696062548369,16.257918612302888,
1180,100,4,62.6,14.1,1.0,1e-06,50.0,120,0.60,0.58,True,95.7,3,0.0001541404253539407,0.0124153302555325,14.76398346684906,
1196,100,4,62.6,14.1,1.0,1e-06,100.0,120,center,center,True,69.2,3,9.690073624848976e-05,0.009843817158424356,13.355186668123201,
1197,100,4,62.6,14.1,1.0,1e-06,100.0,120,0.35,0.45,True,68.3,3,6.118011926655721e-06,0.0024734615272236846,13.207934678243761,
1198,100,4,62.6,14.1,1.0,1e-06,100.0,120,0.45,0.55,True,69.8,3,0.00011497080223003397,0.010722443855298752,12.721021107873877,
1184,100,4,62.6,14.1,1.0,1e-06,100.0,25,0.60,0.45,True,214.0,3,153.74073129073133,12.3992230115734,12.448098684414195,
1199,100,4,62.6,14.1,1.0,1e-06,100.0,120,0.60,0.45,True,69.9,3,5.805665738077768e-05,0.007619491937181749,14.767512837080123,
1201,100,4,62.6,14.1,3.0,1e-08,50.0,25,center,center,True,25.0,3,0.19341497580890965,0.4397896949780766,34.421979036355395,
1202,100,4,62.6,14.1,3.0,1e-08,50.0,25,0.35,0.45,True,24.900000000000002,3,0.19390479257948065,0.4403462189907853,34.303637875308375,
1203,100,4,62.6,14.1,3.0,1e-08,50.0,25,0.45,0.55,True,24.900000000000002,3,0.19413266631094056,0.44060488684414356,34.328859005566194,
1200,100,4,62.6,14.1,1.0,1e-06,100.0,120,0.60,0.58,True,69.5,3,6.792110378019902e-07,0.0008241426076850961,13.617541108527202,
1204,100,4,62.6,14.1,3.0,1e-08,50.0,25,0.60,0.45,True,24.900000000000002,3,0.1686923087154987,0.41072169253096275,33.899593113694145,
1205,100,4,62.6,14.1,3.0,1e-08,50.0,25,0.60,0.58,True,24.900000000000002,3,0.19334407554242306,0.43970908057762814,34.326778013807946,
1206,100,4,62.6,14.1,3.0,1e-08,50.0,50,center,center,True,25.0,3,0.19341497580890965,0.4397896949780766,34.421979036355395,
1207,100,4,62.6,14.1,3.0,1e-08,50.0,50,0.35,0.45,True,24.900000000000002,3,0.19390479257948065,0.4403462189907853,34.303637875308375,
1181,100,4,62.6,14.1,1.0,1e-06,100.0,25,center,center,True,326.6,3,232.70639308433863,15.25471707650911,13.419933150308736,
1208,100,4,62.6,14.1,3.0,1e-08,50.0,50,0.45,0.55,True,24.900000000000002,3,0.19413266631094056,0.44060488684414356,34.328859005566194,
1209,100,4,62.6,14.1,3.0,1e-08,50.0,50,0.60,0.45,True,24.900000000000002,3,0.1686923087154987,0.41072169253096275,33.899593113694145,
1210,100,4,62.6,14.1,3.0,1e-08,50.0,50,0.60,0.58,True,24.900000000000002,3,0.19334407554242306,0.43970908057762814,34.326778013807946,
1211,100,4,62.6,14.1,3.0,1e-08,50.0,80,center,center,True,25.0,3,0.19341497580890965,0.4397896949780766,34.421979036355395,
1212,100,4,62.6,14.1,3.0,1e-08,50.0,80,0.35,0.45,True,24.900000000000002,3,0.19390479257948065,0.4403462189907853,34.303637875308375,
1213,100,4,62.6,14.1,3.0,1e-08,50.0,80,0.45,0.55,True,24.900000000000002,3,0.19413266631094056,0.44060488684414356,34.328859005566194,
1214,100,4,62.6,14.1,3.0,1e-08,50.0,80,0.60,0.45,True,24.900000000000002,3,0.1686923087154987,0.41072169253096275,33.899593113694145,
1215,100,4,62.6,14.1,3.0,1e-08,50.0,80,0.60,0.58,True,24.900000000000002,3,0.19334407554242306,0.43970908057762814,34.326778013807946,
1216,100,4,62.6,14.1,3.0,1e-08,50.0,120,center,center,True,25.0,3,0.19341497580890965,0.4397896949780766,34.421979036355395,
1217,100,4,62.6,14.1,3.0,1e-08,50.0,120,0.35,0.45,True,24.900000000000002,3,0.19390479257948065,0.4403462189907853,34.303637875308375,
1218,100,4,62.6,14.1,3.0,1e-08,50.0,120,0.45,0.55,True,24.900000000000002,3,0.19413266631094056,0.44060488684414356,34.328859005566194,
1161,100,4,62.6,14.1,1.0,1e-06,50.0,25,center,center,True,402.70000000000005,3,34.52306275290556,5.8756329661497375,15.846581655413829,
1219,100,4,62.6,14.1,3.0,1e-08,50.0,120,0.60,0.45,True,24.900000000000002,3,0.1686923087154987,0.41072169253096275,33.899593113694145,
1220,100,4,62.6,14.1,3.0,1e-08,50.0,120,0.60,0.58,True,24.900000000000002,3,0.19334407554242306,0.43970908057762814,34.326778013807946,
1221,100,4,62.6,14.1,3.0,1e-08,100.0,25,center,center,True,25.0,3,0.19341497580890965,0.4397896949780766,34.421979036355395,
1222,100,4,62.6,14.1,3.0,1e-08,100.0,25,0.35,0.45,True,24.900000000000002,3,0.19390479257948065,0.4403462189907853,34.303637875308375,
1223,100,4,62.6,14.1,3.0,1e-08,100.0,25,0.45,0.55,True,24.900000000000002,3,0.19413266631094056,0.44060488684414356,34.328859005566194,
1224,100,4,62.6,14.1,3.0,1e-08,100.0,25,0.60,0.45,True,24.900000000000002,3,0.1686923087154987,0.41072169253096275,33.899593113694145,
1225,100,4,62.6,14.1,3.0,1e-08,100.0,25,0.60,0.58,True,24.900000000000002,3,0.19334407554242306,0.43970908057762814,34.326778013807946,
1226,100,4,62.6,14.1,3.0,1e-08,100.0,50,center,center,True,25.0,3,0.19341497580890965,0.4397896949780766,34.421979036355395,
1227,100,4,62.6,14.1,3.0,1e-08,100.0,50,0.35,0.45,True,24.900000000000002,3,0.19390479257948065,0.4403462189907853,34.303637875308375,
1228,100,4,62.6,14.1,3.0,1e-08,100.0,50,0.45,0.55,True,24.900000000000002,3,0.19413266631094056,0.44060488684414356,34.328859005566194,
1229,100,4,62.6,14.1,3.0,1e-08,100.0,50,0.60,0.45,True,24.900000000000002,3,0.1686923087154987,0.41072169253096275,33.899593113694145,
1230,100,4,62.6,14.1,3.0,1e-08,100.0,50,0.60,0.58,True,24.900000000000002,3,0.19334407554242306,0.43970908057762814,34.326778013807946,
1231,100,4,62.6,14.1,3.0,1e-08,100.0,80,center,center,True,25.0,3,0.19341497580890965,0.4397896949780766,34.421979036355395,
1232,100,4,62.6,14.1,3.0,1e-08,100.0,80,0.35,0.45,True,24.900000000000002,3,0.19390479257948065,0.4403462189907853,34.303637875308375,
1233,100,4,62.6,14.1,3.0,1e-08,100.0,80,0.45,0.55,True,24.900000000000002,3,0.19413266631094056,0.44060488684414356,34.328859005566194,
1234,100,4,62.6,14.1,3.0,1e-08,100.0,80,0.60,0.45,True,24.900000000000002,3,0.1686923087154987,0.41072169253096275,33.899593113694145,
1235,100,4,62.6,14.1,3.0,1e-08,100.0,80,0.60,0.58,True,24.900000000000002,3,0.19334407554242306,0.43970908057762814,34.326778013807946,
1236,100,4,62.6,14.1,3.0,1e-08,100.0,120,center,center,True,25.0,3,0.19341497580890965,0.4397896949780766,34.421979036355395,
1237,100,4,62.6,14.1,3.0,1e-08,100.0,120,0.35,0.45,True,24.900000000000002,3,0.19390479257948065,0.4403462189907853,34.303637875308375,
1238,100,4,62.6,14.1,3.0,1e-08,100.0,120,0.45,0.55,True,24.900000000000002,3,0.19413266631094056,0.44060488684414356,34.328859005566194,
1239,100,4,62.6,14.1,3.0,1e-08,100.0,120,0.60,0.45,True,24.900000000000002,3,0.1686923087154987,0.41072169253096275,33.899593113694145,
1240,100,4,62.6,14.1,3.0,1e-08,100.0,120,0.60,0.58,True,24.900000000000002,3,0.19334407554242306,0.43970908057762814,34.326778013807946,
1241,100,4,62.6,14.1,3.0,1e-07,50.0,25,center,center,True,84.0,3,2.262722070107402,1.5042347124393194,25.354313683355453,
1242,100,4,62.6,14.1,3.0,1e-07,50.0,25,0.35,0.45,True,83.5,3,4.787182045501695,2.1879629899753095,27.61940950515372,
1243,100,4,62.6,14.1,3.0,1e-07,50.0,25,0.45,0.55,True,84.4,3,4.2093790217855975,2.051677124156137,27.52805936193966,
1244,100,4,62.6,14.1,3.0,1e-07,50.0,25,0.60,0.45,True,82.5,3,2.6391951912416474,1.6245599992741564,27.401302962665874,
1245,100,4,62.6,14.1,3.0,1e-07,50.0,25,0.60,0.58,True,83.7,3,4.711150758299387,2.1705185459468868,27.723458468696073,
1246,100,4,62.6,14.1,3.0,1e-07,50.0,50,center,center,True,83.9,3,2.262722070107402,1.5042347124393194,25.354313683355453,
1247,100,4,62.6,14.1,3.0,1e-07,50.0,50,0.35,0.45,True,83.5,3,4.787182045501695,2.1879629899753095,27.61940950515372,
1248,100,4,62.6,14.1,3.0,1e-07,50.0,50,0.45,0.55,True,84.4,3,4.2093790217855975,2.051677124156137,27.52805936193966,
1249,100,4,62.6,14.1,3.0,1e-07,50.0,50,0.60,0.45,True,82.5,3,2.6391951912416474,1.6245599992741564,27.401302962665874,
1250,100,4,62.6,14.1,3.0,1e-07,50.0,50,0.60,0.58,True,83.7,3,4.711150758299387,2.1705185459468868,27.723458468696073,
1251,100,4,62.6,14.1,3.0,1e-07,50.0,80,center,center,True,83.9,3,2.262722070107402,1.5042347124393194,25.354313683355453,
1252,100,4,62.6,14.1,3.0,1e-07,50.0,80,0.35,0.45,True,83.5,3,4.787182045501695,2.1879629899753095,27.61940950515372,
1254,100,4,62.6,14.1,3.0,1e-07,50.0,80,0.60,0.45,True,82.5,3,2.6391951912416474,1.6245599992741564,27.401302962665874,
1253,100,4,62.6,14.1,3.0,1e-07,50.0,80,0.45,0.55,True,84.4,3,4.2093790217855975,2.051677124156137,27.52805936193966,
1255,100,4,62.6,14.1,3.0,1e-07,50.0,80,0.60,0.58,True,83.7,3,4.711150758299387,2.1705185459468868,27.723458468696073,
1256,100,4,62.6,14.1,3.0,1e-07,50.0,120,center,center,True,83.9,3,2.262722070107402,1.5042347124393194,25.354313683355453,
1257,100,4,62.6,14.1,3.0,1e-07,50.0,120,0.35,0.45,True,83.5,3,4.787182045501695,2.1879629899753095,27.61940950515372,
1258,100,4,62.6,14.1,3.0,1e-07,50.0,120,0.45,0.55,True,84.4,3,4.2093790217855975,2.051677124156137,27.52805936193966,
1259,100,4,62.6,14.1,3.0,1e-07,50.0,120,0.60,0.45,True,82.5,3,2.6391951912416474,1.6245599992741564,27.401302962665874,
1260,100,4,62.6,14.1,3.0,1e-07,50.0,120,0.60,0.58,True,83.7,3,4.711150758299387,2.1705185459468868,27.723458468696073,
1166,100,4,62.6,14.1,1.0,1e-06,50.0,50,center,center,False,900.0,2,2.673034883790184e-06,0.0016349418594525569,15.279207856379617,vittima non trovata entro 15 minuti
1164,100,4,62.6,14.1,1.0,1e-06,50.0,25,0.60,0.45,False,900.0,2,0.00018099195395976928,0.013453325015020237,14.291258436241039,vittima non trovata entro 15 minuti
1169,100,4,62.6,14.1,1.0,1e-06,50.0,50,0.60,0.45,False,900.0,2,1.0004880520594213e-06,0.0010002439962626226,15.877293303717098,vittima non trovata entro 15 minuti
1171,100,4,62.6,14.1,1.0,1e-06,50.0,80,center,center,False,900.0,2,4.921239771992875e-06,0.0022183867498686686,14.386110315198621,vittima non trovata entro 15 minuti
1173,100,4,62.6,14.1,1.0,1e-06,50.0,80,0.45,0.55,False,900.0,2,0.0028235432562879305,0.053137023404476944,14.405818860249045,vittima non trovata entro 15 minuti
1167,100,4,62.6,14.1,1.0,1e-06,50.0,50,0.35,0.45,False,900.0,2,0.0001202668904417607,0.010966626210542634,14.22441279709871,vittima non trovata entro 15 minuti
1170,100,4,62.6,14.1,1.0,1e-06,50.0,50,0.60,0.58,False,900.0,2,0.005605184573562927,0.07486778061064003,16.69013366398601,vittima non trovata entro 15 minuti
1162,100,4,62.6,14.1,1.0,1e-06,50.0,25,0.35,0.45,False,900.0,2,0.00015538027183862338,0.012465162327006552,14.609989108176038,vittima non trovata entro 15 minuti
1163,100,4,62.6,14.1,1.0,1e-06,50.0,25,0.45,0.55,False,900.0,2,0.0002572208328249065,0.01603810564951193,14.736081317136396,vittima non trovata entro 15 minuti
1168,100,4,62.6,14.1,1.0,1e-06,50.0,50,0.45,0.55,False,900.0,2,0.0001150075086742882,0.010724155382793006,14.740921739603406,vittima non trovata entro 15 minuti
1165,100,4,62.6,14.1,1.0,1e-06,50.0,25,0.60,0.58,False,900.0,2,1.2829772153984966e-08,0.00011326858414399363,15.341594301322795,vittima non trovata entro 15 minuti
1172,100,4,62.6,14.1,1.0,1e-06,50.0,80,0.35,0.45,False,900.0,2,0.0037905150408749162,0.06156715878514223,13.98083575088166,vittima non trovata entro 15 minuti
1174,100,4,62.6,14.1,1.0,1e-06,50.0,80,0.60,0.45,False,900.0,2,2.37030289701405e-07,0.00048685756613346887,21.62480487107321,vittima non trovata entro 15 minuti
1261,100,4,62.6,14.1,3.0,1e-07,100.0,25,center,center,True,74.8,3,0.00032910153994339413,0.018141155970427963,23.594110104151735,
1175,100,4,62.6,14.1,1.0,1e-06,50.0,80,0.60,0.58,False,900.0,2,0.00023598240240144737,0.015361718732011968,14.759149167122231,vittima non trovata entro 15 minuti
1183,100,4,62.6,14.1,1.0,1e-06,100.0,25,0.45,0.55,False,900.0,2,0.001774393602354456,0.042123551635094306,11.060701971495277,vittima non trovata entro 15 minuti
1263,100,4,62.6,14.1,3.0,1e-07,100.0,25,0.45,0.55,True,61.300000000000004,3,0.012342939267287491,0.11109878157427061,24.773133833421138,
1264,100,4,62.6,14.1,3.0,1e-07,100.0,25,0.60,0.45,True,61.7,3,0.022064372628172922,0.14854081132191557,26.3637101684979,
1262,100,4,62.6,14.1,3.0,1e-07,100.0,25,0.35,0.45,True,89.10000000000001,3,0.013130149314240502,0.11458686361987792,25.51738506729956,
1265,100,4,62.6,14.1,3.0,1e-07,100.0,25,0.60,0.58,True,61.5,3,0.005176302965815494,0.07194652851816753,25.54855330355818,
1182,100,4,62.6,14.1,1.0,1e-06,100.0,25,0.35,0.45,False,900.0,2,0.00013303830148902475,0.011534223055283123,12.455912484846582,vittima non trovata entro 15 minuti
1186,100,4,62.6,14.1,1.0,1e-06,100.0,50,center,center,False,900.0,2,0.0013568395941490822,0.03683530363861661,13.54209991599413,vittima non trovata entro 15 minuti
1188,100,4,62.6,14.1,1.0,1e-06,100.0,50,0.45,0.55,False,900.0,2,2.6822691737554763e-06,0.0016377634669742381,12.284896444556129,vittima non trovata entro 15 minuti
1187,100,4,62.6,14.1,1.0,1e-06,100.0,50,0.35,0.45,False,900.0,2,0.0006727102734983891,0.025936658873077487,12.734665649038702,vittima non trovata entro 15 minuti
1185,100,4,62.6,14.1,1.0,1e-06,100.0,25,0.60,0.58,False,900.0,2,0.005266833085585653,0.07257295009564964,13.28521340460786,vittima non trovata entro 15 minuti
1190,100,4,62.6,14.1,1.0,1e-06,100.0,50,0.60,0.58,False,900.0,2,8.359066107181544e-07,0.0009142792848567413,12.760626764757204,vittima non trovata entro 15 minuti
1189,100,4,62.6,14.1,1.0,1e-06,100.0,50,0.60,0.45,False,900.0,2,0.004314410496433061,0.0656841723433664,13.59535993303916,vittima non trovata entro 15 minuti
1268,100,4,62.6,14.1,3.0,1e-07,100.0,50,0.45,0.55,True,61.300000000000004,3,0.012677947314624032,0.1125963912149232,25.47950007294782,
1267,100,4,62.6,14.1,3.0,1e-07,100.0,50,0.35,0.45,True,61.0,3,0.010645621697532788,0.10317762207733219,24.24156751505212,
1266,100,4,62.6,14.1,3.0,1e-07,100.0,50,center,center,True,61.5,3,0.017307516306050395,0.13155803398519755,23.765805698694795,
1271,100,4,62.6,14.1,3.0,1e-07,100.0,80,center,center,True,62.1,3,0.028413413623987898,0.16856278837272448,25.53612071636535,
1273,100,4,62.6,14.1,3.0,1e-07,100.0,80,0.45,0.55,True,61.300000000000004,3,0.0032595110576350557,0.05709212780791285,25.26440428538875,
1191,100,4,62.6,14.1,1.0,1e-06,100.0,80,center,center,False,900.0,2,0.0022429229337607116,0.04735950732176921,13.430679404981516,vittima non trovata entro 15 minuti
1277,100,4,62.6,14.1,3.0,1e-07,100.0,120,0.35,0.45,True,59.7,3,7.118796039056691e-05,0.008437295798451474,24.60727757511919,
1192,100,4,62.6,14.1,1.0,1e-06,100.0,80,0.35,0.45,False,900.0,2,2.6374172912684676e-07,0.0005135579121451121,12.872779821835916,vittima non trovata entro 15 minuti
1276,100,4,62.6,14.1,3.0,1e-07,100.0,120,center,center,True,61.1,3,0.0018899586068998786,0.043473654170081893,23.464832374024883,
1269,100,4,62.6,14.1,3.0,1e-07,100.0,50,0.60,0.45,True,74.4,3,0.022492710883654118,0.14997570097737206,25.9469673297673,
1280,100,4,62.6,14.1,3.0,1e-07,100.0,120,0.60,0.58,True,60.900000000000006,3,0.026637368313015854,0.1632095840109148,25.5098135454564,
1270,100,4,62.6,14.1,3.0,1e-07,100.0,50,0.60,0.58,True,74.9,3,7.400942008986043e-05,0.008602872781220261,27.471824032750234,
1272,100,4,62.6,14.1,3.0,1e-07,100.0,80,0.35,0.45,True,75.10000000000001,3,5.8172427109132477e-05,0.007627085099114371,24.26922309239885,
1193,100,4,62.6,14.1,1.0,1e-06,100.0,80,0.45,0.55,False,900.0,2,4.542189296533384e-07,0.000673957661617804,13.051764980560616,vittima non trovata entro 15 minuti
1194,100,4,62.6,14.1,1.0,1e-06,100.0,80,0.60,0.45,False,900.0,2,1.0224661560236454e-07,0.00031976024706389716,14.205808384578603,vittima non trovata entro 15 minuti
1274,100,4,62.6,14.1,3.0,1e-07,100.0,80,0.60,0.45,True,83.30000000000001,3,0.02081743452151384,0.1442824816861487,26.2833594261189,
1278,100,4,62.6,14.1,3.0,1e-07,100.0,120,0.45,0.55,True,75.7,3,0.002024947149016724,0.04499941276302085,25.759799120753563,
1195,100,4,62.6,14.1,1.0,1e-06,100.0,80,0.60,0.58,False,900.0,2,6.461134303183519e-07,0.0008038118127511886,13.247155290285995,vittima non trovata entro 15 minuti
1275,100,4,62.6,14.1,3.0,1e-07,100.0,80,0.60,0.58,True,84.30000000000001,3,0.0044993278159963295,0.0670770289741304,26.43076355944683,
1279,100,4,62.6,14.1,3.0,1e-07,100.0,120,0.60,0.45,True,82.4,3,0.002183865835295994,0.04673185033032604,24.94877933064544,
1296,100,4,62.6,14.1,3.0,1e-06,50.0,120,center,center,True,80.30000000000001,3,7.716503522157756e-06,0.002777859521674513,14.711880588789453,
1297,100,4,62.6,14.1,3.0,1e-06,50.0,120,0.35,0.45,True,79.5,3,2.675121258801404e-06,0.001635579792856773,13.686439935350947,
1298,100,4,62.6,14.1,3.0,1e-06,50.0,120,0.45,0.55,True,80.80000000000001,3,0.002844052714588716,0.05332966073948639,14.895686378741482,
1299,100,4,62.6,14.1,3.0,1e-06,50.0,120,0.60,0.45,True,80.30000000000001,3,1.034578265128432e-05,0.003216486071986683,16.023973493806672,
1300,100,4,62.6,14.1,3.0,1e-06,50.0,120,0.60,0.58,True,96.80000000000001,3,0.00015224332985417743,0.01233869238834397,15.062082536811483,
1316,100,4,62.6,14.1,3.0,1e-06,100.0,120,center,center,True,69.2,3,0.00011981173682755789,0.010945854778296571,13.289155000035251,
1317,100,4,62.6,14.1,3.0,1e-06,100.0,120,0.35,0.45,True,68.5,3,7.38603158142648e-07,0.0008594202453646575,13.19413041459265,
1318,100,4,62.6,14.1,3.0,1e-06,100.0,120,0.45,0.55,True,70.0,3,0.0037957408073619144,0.06160958372982173,12.840887064136496,
1304,100,4,62.6,14.1,3.0,1e-06,100.0,25,0.60,0.45,True,216.3,3,149.72525650719405,12.236227217046684,12.304067023712049,
1319,100,4,62.6,14.1,3.0,1e-06,100.0,120,0.60,0.45,True,80.30000000000001,3,3.390866462833652e-07,0.0005823114684456809,14.910514671156323,
1321,100,4,62.6,14.1,5.0,1e-08,50.0,25,center,center,True,24.900000000000002,3,0.09989254893576466,0.3160578253037957,34.39142875979134,
1322,100,4,62.6,14.1,5.0,1e-08,50.0,25,0.35,0.45,True,24.900000000000002,3,0.19390480557731204,0.440346233749435,34.30357427287909,
1323,100,4,62.6,14.1,5.0,1e-08,50.0,25,0.45,0.55,True,24.900000000000002,3,0.1939045891983438,0.4403459880575089,34.302451333361056,
1320,100,4,62.6,14.1,3.0,1e-06,100.0,120,0.60,0.58,True,69.8,3,0.003588593391227241,0.05990486951181215,13.667038556472546,
1324,100,4,62.6,14.1,5.0,1e-08,50.0,25,0.60,0.45,True,24.900000000000002,3,0.16871856393707316,0.4107536535894394,33.87704964684686,
1325,100,4,62.6,14.1,5.0,1e-08,50.0,25,0.60,0.58,True,24.900000000000002,3,0.19333996907232687,0.4397044110221398,34.29970864276078,
1326,100,4,62.6,14.1,5.0,1e-08,50.0,50,center,center,True,24.900000000000002,3,0.09989254893576466,0.3160578253037957,34.39142875979134,
1327,100,4,62.6,14.1,5.0,1e-08,50.0,50,0.35,0.45,True,24.900000000000002,3,0.19390480557731204,0.440346233749435,34.30357427287909,
1301,100,4,62.6,14.1,3.0,1e-06,100.0,25,center,center,True,326.0,3,229.28589214964973,15.142189146541847,13.418070055886773,
1328,100,4,62.6,14.1,5.0,1e-08,50.0,50,0.45,0.55,True,24.900000000000002,3,0.1939045891983438,0.4403459880575089,34.302451333361056,
1329,100,4,62.6,14.1,5.0,1e-08,50.0,50,0.60,0.45,True,24.900000000000002,3,0.16871856393707316,0.4107536535894394,33.87704964684686,
1330,100,4,62.6,14.1,5.0,1e-08,50.0,50,0.60,0.58,True,24.900000000000002,3,0.19333996907232687,0.4397044110221398,34.29970864276078,
1331,100,4,62.6,14.1,5.0,1e-08,50.0,80,center,center,True,24.900000000000002,3,0.09989254893576466,0.3160578253037957,34.39142875979134,
1332,100,4,62.6,14.1,5.0,1e-08,50.0,80,0.35,0.45,True,24.900000000000002,3,0.19390480557731204,0.440346233749435,34.30357427287909,
1333,100,4,62.6,14.1,5.0,1e-08,50.0,80,0.45,0.55,True,24.900000000000002,3,0.1939045891983438,0.4403459880575089,34.302451333361056,
1334,100,4,62.6,14.1,5.0,1e-08,50.0,80,0.60,0.45,True,24.900000000000002,3,0.16871856393707316,0.4107536535894394,33.87704964684686,
1335,100,4,62.6,14.1,5.0,1e-08,50.0,80,0.60,0.58,True,24.900000000000002,3,0.19333996907232687,0.4397044110221398,34.29970864276078,
1336,100,4,62.6,14.1,5.0,1e-08,50.0,120,center,center,True,24.900000000000002,3,0.09989254893576466,0.3160578253037957,34.39142875979134,
1337,100,4,62.6,14.1,5.0,1e-08,50.0,120,0.35,0.45,True,24.900000000000002,3,0.19390480557731204,0.440346233749435,34.30357427287909,
1338,100,4,62.6,14.1,5.0,1e-08,50.0,120,0.45,0.55,True,24.900000000000002,3,0.1939045891983438,0.4403459880575089,34.302451333361056,
1339,100,4,62.6,14.1,5.0,1e-08,50.0,120,0.60,0.45,True,24.900000000000002,3,0.16871856393707316,0.4107536535894394,33.87704964684686,
1340,100,4,62.6,14.1,5.0,1e-08,50.0,120,0.60,0.58,True,24.900000000000002,3,0.19333996907232687,0.4397044110221398,34.29970864276078,
1341,100,4,62.6,14.1,5.0,1e-08,100.0,25,center,center,True,24.900000000000002,3,0.09989254893576466,0.3160578253037957,34.39142875979134,
1342,100,4,62.6,14.1,5.0,1e-08,100.0,25,0.35,0.45,True,24.900000000000002,3,0.19390480557731204,0.440346233749435,34.30357427287909,
1343,100,4,62.6,14.1,5.0,1e-08,100.0,25,0.45,0.55,True,24.900000000000002,3,0.1939045891983438,0.4403459880575089,34.302451333361056,
1344,100,4,62.6,14.1,5.0,1e-08,100.0,25,0.60,0.45,True,24.900000000000002,3,0.16871856393707316,0.4107536535894394,33.87704964684686,
1345,100,4,62.6,14.1,5.0,1e-08,100.0,25,0.60,0.58,True,24.900000000000002,3,0.19333996907232687,0.4397044110221398,34.29970864276078,
1346,100,4,62.6,14.1,5.0,1e-08,100.0,50,center,center,True,24.900000000000002,3,0.09989254893576466,0.3160578253037957,34.39142875979134,
1347,100,4,62.6,14.1,5.0,1e-08,100.0,50,0.35,0.45,True,24.900000000000002,3,0.19390480557731204,0.440346233749435,34.30357427287909,
1348,100,4,62.6,14.1,5.0,1e-08,100.0,50,0.45,0.55,True,24.900000000000002,3,0.1939045891983438,0.4403459880575089,34.302451333361056,
1349,100,4,62.6,14.1,5.0,1e-08,100.0,50,0.60,0.45,True,24.900000000000002,3,0.16871856393707316,0.4107536535894394,33.87704964684686,
1350,100,4,62.6,14.1,5.0,1e-08,100.0,50,0.60,0.58,True,24.900000000000002,3,0.19333996907232687,0.4397044110221398,34.29970864276078,
1351,100,4,62.6,14.1,5.0,1e-08,100.0,80,center,center,True,24.900000000000002,3,0.09989254893576466,0.3160578253037957,34.39142875979134,
1352,100,4,62.6,14.1,5.0,1e-08,100.0,80,0.35,0.45,True,24.900000000000002,3,0.19390480557731204,0.440346233749435,34.30357427287909,
1353,100,4,62.6,14.1,5.0,1e-08,100.0,80,0.45,0.55,True,24.900000000000002,3,0.1939045891983438,0.4403459880575089,34.302451333361056,
1354,100,4,62.6,14.1,5.0,1e-08,100.0,80,0.60,0.45,True,24.900000000000002,3,0.16871856393707316,0.4107536535894394,33.87704964684686,
1355,100,4,62.6,14.1,5.0,1e-08,100.0,80,0.60,0.58,True,24.900000000000002,3,0.19333996907232687,0.4397044110221398,34.29970864276078,
1356,100,4,62.6,14.1,5.0,1e-08,100.0,120,center,center,True,24.900000000000002,3,0.09989254893576466,0.3160578253037957,34.39142875979134,
1357,100,4,62.6,14.1,5.0,1e-08,100.0,120,0.35,0.45,True,24.900000000000002,3,0.19390480557731204,0.440346233749435,34.30357427287909,
1358,100,4,62.6,14.1,5.0,1e-08,100.0,120,0.45,0.55,True,24.900000000000002,3,0.1939045891983438,0.4403459880575089,34.302451333361056,
1359,100,4,62.6,14.1,5.0,1e-08,100.0,120,0.60,0.45,True,24.900000000000002,3,0.16871856393707316,0.4107536535894394,33.87704964684686,
1360,100,4,62.6,14.1,5.0,1e-08,100.0,120,0.60,0.58,True,24.900000000000002,3,0.19333996907232687,0.4397044110221398,34.29970864276078,
1361,100,4,62.6,14.1,5.0,1e-07,50.0,25,center,center,True,83.80000000000001,3,1.2385912412457827,1.112920141450312,26.03108778335427,
1362,100,4,62.6,14.1,5.0,1e-07,50.0,25,0.35,0.45,True,83.5,3,4.850339152182352,2.2023485537449226,27.69919191054779,
1364,100,4,62.6,14.1,5.0,1e-07,50.0,25,0.60,0.45,True,82.5,3,3.0216954434122107,1.7383024602790536,27.363185849634863,
1363,100,4,62.6,14.1,5.0,1e-07,50.0,25,0.45,0.55,True,84.2,3,4.563069959561679,2.136134349604837,27.46235775393369,
1365,100,4,62.6,14.1,5.0,1e-07,50.0,25,0.60,0.58,True,83.9,3,4.6586369864513575,2.1583875894869666,27.549107174770466,
1366,100,4,62.6,14.1,5.0,1e-07,50.0,50,center,center,True,83.80000000000001,3,1.2385912412457827,1.112920141450312,26.03108778335427,
1367,100,4,62.6,14.1,5.0,1e-07,50.0,50,0.35,0.45,True,83.5,3,4.850339152182352,2.2023485537449226,27.69919191054779,
1368,100,4,62.6,14.1,5.0,1e-07,50.0,50,0.45,0.55,True,84.2,3,4.563069959561679,2.136134349604837,27.46235775393369,
1369,100,4,62.6,14.1,5.0,1e-07,50.0,50,0.60,0.45,True,82.5,3,3.0216954434122107,1.7383024602790536,27.363185849634863,
1370,100,4,62.6,14.1,5.0,1e-07,50.0,50,0.60,0.58,True,83.9,3,4.6586369864513575,2.1583875894869666,27.549107174770466,
1371,100,4,62.6,14.1,5.0,1e-07,50.0,80,center,center,True,83.80000000000001,3,1.2385912412457827,1.112920141450312,26.03108778335427,
1372,100,4,62.6,14.1,5.0,1e-07,50.0,80,0.35,0.45,True,83.5,3,4.850339152182352,2.2023485537449226,27.69919191054779,
1281,100,4,62.6,14.1,3.0,1e-06,50.0,25,center,center,False,900.0,2,0.0018025054468380217,0.04245592357772966,14.65430517764252,vittima non trovata entro 15 minuti
1282,100,4,62.6,14.1,3.0,1e-06,50.0,25,0.35,0.45,False,900.0,2,0.0001547462573060968,0.012439704872146155,15.03072312418005,vittima non trovata entro 15 minuti
1284,100,4,62.6,14.1,3.0,1e-06,50.0,25,0.60,0.45,False,900.0,2,1.5636764165649864e-06,0.0012504704780861428,15.7778809462168,vittima non trovata entro 15 minuti
1286,100,4,62.6,14.1,3.0,1e-06,50.0,50,center,center,False,900.0,2,2.9474200818130515e-06,0.001716805196233123,15.72067400319805,vittima non trovata entro 15 minuti
1373,100,4,62.6,14.1,5.0,1e-07,50.0,80,0.45,0.55,True,84.2,3,4.563069959561679,2.136134349604837,27.46235775393369,
1374,100,4,62.6,14.1,5.0,1e-07,50.0,80,0.60,0.45,True,82.5,3,3.0216954434122107,1.7383024602790536,27.363185849634863,
1283,100,4,62.6,14.1,3.0,1e-06,50.0,25,0.45,0.55,False,900.0,2,8.7826974236373e-05,0.00937160467776853,14.8095736556271,vittima non trovata entro 15 minuti
1285,100,4,62.6,14.1,3.0,1e-06,50.0,25,0.60,0.58,False,900.0,2,8.645011845265472e-07,0.0009297855583555529,16.916941692938245,vittima non trovata entro 15 minuti
1291,100,4,62.6,14.1,3.0,1e-06,50.0,80,center,center,False,900.0,2,7.478808416542697e-06,0.0027347410145281944,15.169917137791533,vittima non trovata entro 15 minuti
1375,100,4,62.6,14.1,5.0,1e-07,50.0,80,0.60,0.58,True,83.9,3,4.6586369864513575,2.1583875894869666,27.549107174770466,
1376,100,4,62.6,14.1,5.0,1e-07,50.0,120,center,center,True,83.80000000000001,3,1.2385912412457827,1.112920141450312,26.03108778335427,
1293,100,4,62.6,14.1,3.0,1e-06,50.0,80,0.45,0.55,False,900.0,2,0.003957629112820388,0.06290969013451257,14.536130764094347,vittima non trovata entro 15 minuti
1288,100,4,62.6,14.1,3.0,1e-06,50.0,50,0.45,0.55,False,900.0,2,0.0028466542475170495,0.053354046215043985,14.883506311577209,vittima non trovata entro 15 minuti
1287,100,4,62.6,14.1,3.0,1e-06,50.0,50,0.35,0.45,False,900.0,2,2.0422448252215152e-07,0.0004519120296276163,14.439732884184604,vittima non trovata entro 15 minuti
1289,100,4,62.6,14.1,3.0,1e-06,50.0,50,0.60,0.45,False,900.0,2,0.00289065282917131,0.05376479172442975,16.210390710592062,vittima non trovata entro 15 minuti
1290,100,4,62.6,14.1,3.0,1e-06,50.0,50,0.60,0.58,False,900.0,2,2.8011569902582193e-06,0.0016736657343263677,17.47814576907549,vittima non trovata entro 15 minuti
1294,100,4,62.6,14.1,3.0,1e-06,50.0,80,0.60,0.45,False,900.0,2,0.0031315332189902137,0.05596010381504142,17.06498601970877,vittima non trovata entro 15 minuti
1295,100,4,62.6,14.1,3.0,1e-06,50.0,80,0.60,0.58,False,900.0,2,0.00021919195607313883,0.014805132761077788,14.783411108740683,vittima non trovata entro 15 minuti
1292,100,4,62.6,14.1,3.0,1e-06,50.0,80,0.35,0.45,False,900.0,2,0.0036624253104041472,0.0605179751016518,14.009204766212179,vittima non trovata entro 15 minuti
1303,100,4,62.6,14.1,3.0,1e-06,100.0,25,0.45,0.55,False,900.0,2,7.974893080701207e-05,0.00893022568623056,11.090363254897177,vittima non trovata entro 15 minuti
1302,100,4,62.6,14.1,3.0,1e-06,100.0,25,0.35,0.45,False,900.0,2,8.012515274151813e-05,0.008951265426827545,12.738046807289992,vittima non trovata entro 15 minuti
1305,100,4,62.6,14.1,3.0,1e-06,100.0,25,0.60,0.58,False,900.0,2,0.005449613152982826,0.0738214951960662,13.266664625097391,vittima non trovata entro 15 minuti
1307,100,4,62.6,14.1,3.0,1e-06,100.0,50,0.35,0.45,False,900.0,2,0.003721617809041834,0.061005063798358856,12.724909371577887,vittima non trovata entro 15 minuti
1377,100,4,62.6,14.1,5.0,1e-07,50.0,120,0.35,0.45,True,83.5,3,4.850339152182352,2.2023485537449226,27.69919191054779,
1308,100,4,62.6,14.1,3.0,1e-06,100.0,50,0.45,0.55,False,900.0,2,2.5043401615540953e-06,0.0015825107145147849,12.299870168224388,vittima non trovata entro 15 minuti
1381,100,4,62.6,14.1,5.0,1e-07,100.0,25,center,center,True,61.2,3,0.015921087368774844,0.12617879127957615,24.821728578341396,
1306,100,4,62.6,14.1,3.0,1e-06,100.0,50,center,center,False,900.0,2,8.762357874998995e-08,0.0002960128016657218,13.70385735086738,vittima non trovata entro 15 minuti
1309,100,4,62.6,14.1,3.0,1e-06,100.0,50,0.60,0.45,False,900.0,2,8.254869307378789e-05,0.00908563113238634,13.717469227987277,vittima non trovata entro 15 minuti
1311,100,4,62.6,14.1,3.0,1e-06,100.0,80,center,center,False,900.0,2,0.0021908798583827787,0.04680683559463061,13.350585130040347,vittima non trovata entro 15 minuti
1383,100,4,62.6,14.1,5.0,1e-07,100.0,25,0.45,0.55,True,61.400000000000006,3,0.012327844922717896,0.11103082870409414,24.80872947087076,
1312,100,4,62.6,14.1,3.0,1e-06,100.0,80,0.35,0.45,False,900.0,2,0.005566516522382587,0.07460909141909307,12.660267222401401,vittima non trovata entro 15 minuti
1310,100,4,62.6,14.1,3.0,1e-06,100.0,50,0.60,0.58,False,900.0,2,0.0056219782258349164,0.07497985213265572,13.758361945114112,vittima non trovata entro 15 minuti
1378,100,4,62.6,14.1,5.0,1e-07,50.0,120,0.45,0.55,True,84.2,3,4.563069959561679,2.136134349604837,27.46235775393369,
1385,100,4,62.6,14.1,5.0,1e-07,100.0,25,0.60,0.58,True,61.400000000000006,3,0.028465428679051115,0.1687170076757264,25.20960230941551,
1379,100,4,62.6,14.1,5.0,1e-07,50.0,120,0.60,0.45,True,82.5,3,3.0216954434122107,1.7383024602790536,27.363185849634863,
1386,100,4,62.6,14.1,5.0,1e-07,100.0,50,center,center,True,61.300000000000004,3,0.002094333752428627,0.0457638913602048,23.161881846044533,
1388,100,4,62.6,14.1,5.0,1e-07,100.0,50,0.45,0.55,True,61.300000000000004,3,2.811979133506536e-07,0.0005302809758520982,25.54233776052581,
1390,100,4,62.6,14.1,5.0,1e-07,100.0,50,0.60,0.58,True,61.800000000000004,3,0.019934445760894953,0.1411893967721902,25.40038350052904,
1380,100,4,62.6,14.1,5.0,1e-07,50.0,120,0.60,0.58,True,83.9,3,4.6586369864513575,2.1583875894869666,27.549107174770466,
1384,100,4,62.6,14.1,5.0,1e-07,100.0,25,0.60,0.45,True,74.10000000000001,3,0.021115959120185126,0.1453133136370688,26.079195996425824,
1382,100,4,62.6,14.1,5.0,1e-07,100.0,25,0.35,0.45,True,89.5,3,0.013889358254433864,0.11785312153029237,25.599981272125653,
1393,100,4,62.6,14.1,5.0,1e-07,100.0,80,0.45,0.55,True,61.1,3,0.013059240206272067,0.11427703271555517,24.69776889408621,
1387,100,4,62.6,14.1,5.0,1e-07,100.0,50,0.35,0.45,True,74.60000000000001,3,0.0023961079843069512,0.048950056019446506,24.256257139809676,
1395,100,4,62.6,14.1,5.0,1e-07,100.0,80,0.60,0.58,True,61.0,3,0.026458303108701273,0.1626600845588778,26.24281242220101,
1391,100,4,62.6,14.1,5.0,1e-07,100.0,80,center,center,True,76.2,3,0.01990664001976725,0.14109089275983497,25.617595205409142,
1313,100,4,62.6,14.1,3.0,1e-06,100.0,80,0.45,0.55,False,900.0,2,6.516628293968669e-06,0.002552768750586051,13.008303501965251,vittima non trovata entro 15 minuti
1392,100,4,62.6,14.1,5.0,1e-07,100.0,80,0.35,0.45,True,75.4,3,0.001955319655574011,0.0442189965464393,24.281790211511222,
1389,100,4,62.6,14.1,5.0,1e-07,100.0,50,0.60,0.45,True,88.5,3,0.027595354895505127,0.16611849654841307,26.715831593761788,
1396,100,4,62.6,14.1,5.0,1e-07,100.0,120,center,center,True,60.900000000000006,3,0.015367817413935971,0.12396700131057446,24.06604845653094,
1397,100,4,62.6,14.1,5.0,1e-07,100.0,120,0.35,0.45,True,59.800000000000004,3,0.007871134738538727,0.08871941579236603,24.364075536227862,
1315,100,4,62.6,14.1,3.0,1e-06,100.0,80,0.60,0.58,False,900.0,2,0.0056017967161304544,0.07484515158733032,13.853017830068437,vittima non trovata entro 15 minuti
1400,100,4,62.6,14.1,5.0,1e-07,100.0,120,0.60,0.58,True,60.5,3,0.017312954295107062,0.13157870000538485,25.504684078342503,
1394,100,4,62.6,14.1,5.0,1e-07,100.0,80,0.60,0.45,True,86.7,3,4.6798681314601485e-06,0.0021633002869366398,25.221512698115742,
1314,100,4,62.6,14.1,3.0,1e-06,100.0,80,0.60,0.45,False,900.0,2,6.715960496737598e-06,0.0025915170261330716,14.676477295766112,vittima non trovata entro 15 minuti
1398,100,4,62.6,14.1,5.0,1e-07,100.0,120,0.45,0.55,True,74.5,3,0.00035853834493057503,0.01893510879109426,25.13434428511018,
1399,100,4,62.6,14.1,5.0,1e-07,100.0,120,0.60,0.45,True,81.30000000000001,3,0.0002651665207549881,0.016283934437198774,25.712283065413168,
1416,100,4,62.6,14.1,5.0,1e-06,50.0,120,center,center,True,80.5,3,7.899554240820272e-06,0.002810614566392957,14.556054736838444,
1417,100,4,62.6,14.1,5.0,1e-06,50.0,120,0.35,0.45,True,80.10000000000001,3,0.0036085510744583923,0.06007121668868038,14.684767068446796,
1418,100,4,62.6,14.1,5.0,1e-06,50.0,120,0.45,0.55,True,80.9,3,0.00284928968038235,0.053378738092824465,14.753419880594556,
1419,100,4,62.6,14.1,5.0,1e-06,50.0,120,0.60,0.45,True,82.0,3,0.00016756400245601454,0.012944651499983093,16.586112008077098,
1420,100,4,62.6,14.1,5.0,1e-06,50.0,120,0.60,0.58,True,97.4,3,0.005207837635381442,0.07216534927083386,15.194460647663904,
1436,100,4,62.6,14.1,5.0,1e-06,100.0,120,center,center,True,69.60000000000001,3,0.0014838560852009157,0.03852085260220645,13.486626114173077,
1437,100,4,62.6,14.1,5.0,1e-06,100.0,120,0.35,0.45,True,69.4,3,0.003953763335560276,0.06287895781229422,13.809416869082805,
1438,100,4,62.6,14.1,5.0,1e-06,100.0,120,0.45,0.55,True,70.60000000000001,3,0.0036842193902688874,0.06069777088385444,13.086841136571506,
1424,100,4,62.6,14.1,5.0,1e-06,100.0,25,0.60,0.45,True,218.9,3,136.29966976826643,11.67474495516996,11.74037484778536,
1441,100,5,39.5,15.0,1.0,1e-08,50.0,25,center,center,True,0.2,5,2.820488991464028e-05,0.005310827611082879,30.276526474983804,
1442,100,5,39.5,15.0,1.0,1e-08,50.0,25,0.35,0.45,True,0.2,5,2.821628122365497e-05,0.005311899963634008,30.276480336552925,
1443,100,5,39.5,15.0,1.0,1e-08,50.0,25,0.45,0.55,True,0.2,5,2.8216264413011494e-05,0.005311898381276838,30.276480397787452,
1444,100,5,39.5,15.0,1.0,1e-08,50.0,25,0.60,0.45,True,0.2,5,2.74311141987999e-05,0.005237472119142965,30.282248795692922,
1445,100,5,39.5,15.0,1.0,1e-08,50.0,25,0.60,0.58,True,0.2,5,2.817002532601125e-05,0.005307544189737025,30.27668283906107,
1439,100,4,62.6,14.1,5.0,1e-06,100.0,120,0.60,0.45,True,81.2,3,2.418479007932776e-06,0.0015551459764063232,14.803880381676938,
1446,100,5,39.5,15.0,1.0,1e-08,50.0,50,center,center,True,0.2,5,2.820488991464028e-05,0.005310827611082879,30.276526474983804,
1447,100,5,39.5,15.0,1.0,1e-08,50.0,50,0.35,0.45,True,0.2,5,2.821628122365497e-05,0.005311899963634008,30.276480336552925,
1448,100,5,39.5,15.0,1.0,1e-08,50.0,50,0.45,0.55,True,0.2,5,2.8216264413011494e-05,0.005311898381276838,30.276480397787452,
1449,100,5,39.5,15.0,1.0,1e-08,50.0,50,0.60,0.45,True,0.2,5,2.74311141987999e-05,0.005237472119142965,30.282248795692922,
1450,100,5,39.5,15.0,1.0,1e-08,50.0,50,0.60,0.58,True,0.2,5,2.817002532601125e-05,0.005307544189737025,30.27668283906107,
1451,100,5,39.5,15.0,1.0,1e-08,50.0,80,center,center,True,0.2,5,2.820488991464028e-05,0.005310827611082879,30.276526474983804,
1452,100,5,39.5,15.0,1.0,1e-08,50.0,80,0.35,0.45,True,0.2,5,2.821628122365497e-05,0.005311899963634008,30.276480336552925,
1453,100,5,39.5,15.0,1.0,1e-08,50.0,80,0.45,0.55,True,0.2,5,2.8216264413011494e-05,0.005311898381276838,30.276480397787452,
1454,100,5,39.5,15.0,1.0,1e-08,50.0,80,0.60,0.45,True,0.2,5,2.74311141987999e-05,0.005237472119142965,30.282248795692922,
1455,100,5,39.5,15.0,1.0,1e-08,50.0,80,0.60,0.58,True,0.2,5,2.817002532601125e-05,0.005307544189737025,30.27668283906107,
1456,100,5,39.5,15.0,1.0,1e-08,50.0,120,center,center,True,0.2,5,2.820488991464028e-05,0.005310827611082879,30.276526474983804,
1457,100,5,39.5,15.0,1.0,1e-08,50.0,120,0.35,0.45,True,0.2,5,2.821628122365497e-05,0.005311899963634008,30.276480336552925,
1458,100,5,39.5,15.0,1.0,1e-08,50.0,120,0.45,0.55,True,0.2,5,2.8216264413011494e-05,0.005311898381276838,30.276480397787452,
1459,100,5,39.5,15.0,1.0,1e-08,50.0,120,0.60,0.45,True,0.2,5,2.74311141987999e-05,0.005237472119142965,30.282248795692922,
1460,100,5,39.5,15.0,1.0,1e-08,50.0,120,0.60,0.58,True,0.2,5,2.817002532601125e-05,0.005307544189737025,30.27668283906107,
1461,100,5,39.5,15.0,1.0,1e-08,100.0,25,center,center,True,0.2,5,2.820488991464028e-05,0.005310827611082879,30.276526474983804,
1462,100,5,39.5,15.0,1.0,1e-08,100.0,25,0.35,0.45,True,0.2,5,2.821628122365497e-05,0.005311899963634008,30.276480336552925,
1463,100,5,39.5,15.0,1.0,1e-08,100.0,25,0.45,0.55,True,0.2,5,2.8216264413011494e-05,0.005311898381276838,30.276480397787452,
1464,100,5,39.5,15.0,1.0,1e-08,100.0,25,0.60,0.45,True,0.2,5,2.74311141987999e-05,0.005237472119142965,30.282248795692922,
1465,100,5,39.5,15.0,1.0,1e-08,100.0,25,0.60,0.58,True,0.2,5,2.817002532601125e-05,0.005307544189737025,30.27668283906107,
1466,100,5,39.5,15.0,1.0,1e-08,100.0,50,center,center,True,0.2,5,2.820488991464028e-05,0.005310827611082879,30.276526474983804,
1467,100,5,39.5,15.0,1.0,1e-08,100.0,50,0.35,0.45,True,0.2,5,2.821628122365497e-05,0.005311899963634008,30.276480336552925,
1468,100,5,39.5,15.0,1.0,1e-08,100.0,50,0.45,0.55,True,0.2,5,2.8216264413011494e-05,0.005311898381276838,30.276480397787452,
1469,100,5,39.5,15.0,1.0,1e-08,100.0,50,0.60,0.45,True,0.2,5,2.74311141987999e-05,0.005237472119142965,30.282248795692922,
1470,100,5,39.5,15.0,1.0,1e-08,100.0,50,0.60,0.58,True,0.2,5,2.817002532601125e-05,0.005307544189737025,30.27668283906107,
1471,100,5,39.5,15.0,1.0,1e-08,100.0,80,center,center,True,0.2,5,2.820488991464028e-05,0.005310827611082879,30.276526474983804,
1472,100,5,39.5,15.0,1.0,1e-08,100.0,80,0.35,0.45,True,0.2,5,2.821628122365497e-05,0.005311899963634008,30.276480336552925,
1473,100,5,39.5,15.0,1.0,1e-08,100.0,80,0.45,0.55,True,0.2,5,2.8216264413011494e-05,0.005311898381276838,30.276480397787452,
1474,100,5,39.5,15.0,1.0,1e-08,100.0,80,0.60,0.45,True,0.2,5,2.74311141987999e-05,0.005237472119142965,30.282248795692922,
1475,100,5,39.5,15.0,1.0,1e-08,100.0,80,0.60,0.58,True,0.2,5,2.817002532601125e-05,0.005307544189737025,30.27668283906107,
1476,100,5,39.5,15.0,1.0,1e-08,100.0,120,center,center,True,0.2,5,2.820488991464028e-05,0.005310827611082879,30.276526474983804,
1477,100,5,39.5,15.0,1.0,1e-08,100.0,120,0.35,0.45,True,0.2,5,2.821628122365497e-05,0.005311899963634008,30.276480336552925,
1478,100,5,39.5,15.0,1.0,1e-08,100.0,120,0.45,0.55,True,0.2,5,2.8216264413011494e-05,0.005311898381276838,30.276480397787452,
1479,100,5,39.5,15.0,1.0,1e-08,100.0,120,0.60,0.45,True,0.2,5,2.74311141987999e-05,0.005237472119142965,30.282248795692922,
1480,100,5,39.5,15.0,1.0,1e-08,100.0,120,0.60,0.58,True,0.2,5,2.817002532601125e-05,0.005307544189737025,30.27668283906107,
1440,100,4,62.6,14.1,5.0,1e-06,100.0,120,0.60,0.58,True,70.0,3,0.0036523838223962856,0.06043495530234374,13.692088883919418,
1481,100,5,39.5,15.0,1.0,1e-07,50.0,25,center,center,True,42.0,3,0.823184633761476,0.9072952296587236,13.076304844350638,
1482,100,5,39.5,15.0,1.0,1e-07,50.0,25,0.35,0.45,True,42.1,3,0.8530949171664094,0.9236313751526685,13.086020942145078,
1421,100,4,62.6,14.1,5.0,1e-06,100.0,25,center,center,True,325.6,3,224.461271826167,14.98203163213077,13.090654981071589,
1483,100,5,39.5,15.0,1.0,1e-07,50.0,25,0.45,0.55,True,42.1,3,0.9336752297650545,0.9662687150917464,13.068466653711662,
1484,100,5,39.5,15.0,1.0,1e-07,50.0,25,0.60,0.45,True,42.1,3,1.215901588828149,1.1026792774094147,13.3590963050057,
1485,100,5,39.5,15.0,1.0,1e-07,50.0,25,0.60,0.58,True,42.2,3,0.7651859257586787,0.8747490644514453,12.884310031825613,
1486,100,5,39.5,15.0,1.0,1e-07,50.0,50,center,center,True,42.0,3,0.823184633761476,0.9072952296587236,13.076304844350638,
1487,100,5,39.5,15.0,1.0,1e-07,50.0,50,0.35,0.45,True,42.1,3,0.8530949171664094,0.9236313751526685,13.086020942145078,
1488,100,5,39.5,15.0,1.0,1e-07,50.0,50,0.45,0.55,True,42.1,3,0.9336752297650545,0.9662687150917464,13.068466653711662,
1489,100,5,39.5,15.0,1.0,1e-07,50.0,50,0.60,0.45,True,42.1,3,1.215901588828149,1.1026792774094147,13.3590963050057,
1490,100,5,39.5,15.0,1.0,1e-07,50.0,50,0.60,0.58,True,42.2,3,0.7651859257586787,0.8747490644514453,12.884310031825613,
1491,100,5,39.5,15.0,1.0,1e-07,50.0,80,center,center,True,42.0,3,0.823184633761476,0.9072952296587236,13.076304844350638,
1492,100,5,39.5,15.0,1.0,1e-07,50.0,80,0.35,0.45,True,42.1,3,0.8530949171664094,0.9236313751526685,13.086020942145078,
1493,100,5,39.5,15.0,1.0,1e-07,50.0,80,0.45,0.55,True,42.1,3,0.9336752297650545,0.9662687150917464,13.068466653711662,
1494,100,5,39.5,15.0,1.0,1e-07,50.0,80,0.60,0.45,True,42.1,3,1.215901588828149,1.1026792774094147,13.3590963050057,
1495,100,5,39.5,15.0,1.0,1e-07,50.0,80,0.60,0.58,True,42.2,3,0.7651859257586787,0.8747490644514453,12.884310031825613,
1496,100,5,39.5,15.0,1.0,1e-07,50.0,120,center,center,True,42.0,3,0.823184633761476,0.9072952296587236,13.076304844350638,
1497,100,5,39.5,15.0,1.0,1e-07,50.0,120,0.35,0.45,True,42.1,3,0.8530949171664094,0.9236313751526685,13.086020942145078,
1405,100,4,62.6,14.1,5.0,1e-06,50.0,25,0.60,0.58,True,579.3000000000001,3,128.78173214833518,11.348203917287316,18.066929791925183,
1498,100,5,39.5,15.0,1.0,1e-07,50.0,120,0.45,0.55,True,42.1,3,0.9336752297650545,0.9662687150917464,13.068466653711662,
1499,100,5,39.5,15.0,1.0,1e-07,50.0,120,0.60,0.45,True,42.1,3,1.215901588828149,1.1026792774094147,13.3590963050057,
1500,100,5,39.5,15.0,1.0,1e-07,50.0,120,0.60,0.58,True,42.2,3,0.7651859257586787,0.8747490644514453,12.884310031825613,
1501,100,5,39.5,15.0,1.0,1e-07,100.0,25,center,center,True,42.0,3,0.823184633761476,0.9072952296587236,13.076304844350638,
1502,100,5,39.5,15.0,1.0,1e-07,100.0,25,0.35,0.45,True,42.1,3,0.8530949171664094,0.9236313751526685,13.086020942145078,
1503,100,5,39.5,15.0,1.0,1e-07,100.0,25,0.45,0.55,True,42.1,3,0.9336752297650545,0.9662687150917464,13.068466653711662,
1504,100,5,39.5,15.0,1.0,1e-07,100.0,25,0.60,0.45,True,42.1,3,1.215901588828149,1.1026792774094147,13.3590963050057,
1505,100,5,39.5,15.0,1.0,1e-07,100.0,25,0.60,0.58,True,42.2,3,0.7651859257586787,0.8747490644514453,12.884310031825613,
1506,100,5,39.5,15.0,1.0,1e-07,100.0,50,center,center,True,42.0,3,0.823184633761476,0.9072952296587236,13.076304844350638,
1507,100,5,39.5,15.0,1.0,1e-07,100.0,50,0.35,0.45,True,42.1,3,0.8530949171664094,0.9236313751526685,13.086020942145078,
1508,100,5,39.5,15.0,1.0,1e-07,100.0,50,0.45,0.55,True,42.1,3,0.9336752297650545,0.9662687150917464,13.068466653711662,
1509,100,5,39.5,15.0,1.0,1e-07,100.0,50,0.60,0.45,True,42.1,3,1.215901588828149,1.1026792774094147,13.3590963050057,
1510,100,5,39.5,15.0,1.0,1e-07,100.0,50,0.60,0.58,True,42.2,3,0.7651859257586787,0.8747490644514453,12.884310031825613,
1511,100,5,39.5,15.0,1.0,1e-07,100.0,80,center,center,True,42.0,3,0.823184633761476,0.9072952296587236,13.076304844350638,
1512,100,5,39.5,15.0,1.0,1e-07,100.0,80,0.35,0.45,True,42.1,3,0.8530949171664094,0.9236313751526685,13.086020942145078,
1513,100,5,39.5,15.0,1.0,1e-07,100.0,80,0.45,0.55,True,42.1,3,0.9336752297650545,0.9662687150917464,13.068466653711662,
1514,100,5,39.5,15.0,1.0,1e-07,100.0,80,0.60,0.45,True,42.1,3,1.215901588828149,1.1026792774094147,13.3590963050057,
1515,100,5,39.5,15.0,1.0,1e-07,100.0,80,0.60,0.58,True,42.2,3,0.7651859257586787,0.8747490644514453,12.884310031825613,
1516,100,5,39.5,15.0,1.0,1e-07,100.0,120,center,center,True,42.0,3,0.823184633761476,0.9072952296587236,13.076304844350638,
1517,100,5,39.5,15.0,1.0,1e-07,100.0,120,0.35,0.45,True,42.1,3,0.8530949171664094,0.9236313751526685,13.086020942145078,
1518,100,5,39.5,15.0,1.0,1e-07,100.0,120,0.45,0.55,True,42.1,3,0.9336752297650545,0.9662687150917464,13.068466653711662,
1519,100,5,39.5,15.0,1.0,1e-07,100.0,120,0.60,0.45,True,42.1,3,1.215901588828149,1.1026792774094147,13.3590963050057,
1520,100,5,39.5,15.0,1.0,1e-07,100.0,120,0.60,0.58,True,42.2,3,0.7651859257586787,0.8747490644514453,12.884310031825613,
1521,100,5,39.5,15.0,1.0,1e-06,50.0,25,center,center,True,58.900000000000006,3,0.1435721031911978,0.3789090962106845,8.762724346446168,
1401,100,4,62.6,14.1,5.0,1e-06,50.0,25,center,center,False,900.0,2,0.0019465983215122735,0.04412027109518111,14.881782554350874,vittima non trovata entro 15 minuti
1410,100,4,62.6,14.1,5.0,1e-06,50.0,50,0.60,0.58,False,900.0,2,0.00560125904143997,0.07484155958717036,15.647906601510746,vittima non trovata entro 15 minuti
1407,100,4,62.6,14.1,5.0,1e-06,50.0,50,0.35,0.45,False,900.0,2,3.457879138339602e-07,0.0005880373405099035,15.2766243777713,vittima non trovata entro 15 minuti
1404,100,4,62.6,14.1,5.0,1e-06,50.0,25,0.60,0.45,False,900.0,2,0.004514325585538919,0.06718873109040621,16.075877417343314,vittima non trovata entro 15 minuti
1406,100,4,62.6,14.1,5.0,1e-06,50.0,50,center,center,False,900.0,2,5.320511201604013e-06,0.0023066233332739903,15.074615174588995,vittima non trovata entro 15 minuti
1524,100,5,39.5,15.0,1.0,1e-06,50.0,25,0.60,0.45,True,55.6,3,3.1568059720995896,1.776740265795648,9.455208025729046,
1523,100,5,39.5,15.0,1.0,1e-06,50.0,25,0.45,0.55,True,61.800000000000004,3,2.8377247537631014,1.6845547642517003,8.59279462038715,
1402,100,4,62.6,14.1,5.0,1e-06,50.0,25,0.35,0.45,False,900.0,2,0.005208304245294,0.07216858212057377,14.784180827641142,vittima non trovata entro 15 minuti
1408,100,4,62.6,14.1,5.0,1e-06,50.0,50,0.45,0.55,False,900.0,2,0.0038077000290509364,0.061706563905721865,14.948488657452534,vittima non trovata entro 15 minuti
1409,100,4,62.6,14.1,5.0,1e-06,50.0,50,0.60,0.45,False,900.0,2,4.981988274264701e-06,0.0022320367994871186,17.52274766206244,vittima non trovata entro 15 minuti
1411,100,4,62.6,14.1,5.0,1e-06,50.0,80,center,center,False,900.0,2,8.350996231428372e-06,0.0028898090302697118,14.593130668004482,vittima non trovata entro 15 minuti
1403,100,4,62.6,14.1,5.0,1e-06,50.0,25,0.45,0.55,False,900.0,2,0.0029336287554361947,0.054162983258275156,14.704556963996382,vittima non trovata entro 15 minuti
1522,100,5,39.5,15.0,1.0,1e-06,50.0,25,0.35,0.45,True,70.3,3,0.08104169789339477,0.2846782357213048,7.348993967224572,
1415,100,4,62.6,14.1,5.0,1e-06,50.0,80,0.60,0.58,False,900.0,2,0.003962623579549087,0.06294937314659366,15.54652926429376,vittima non trovata entro 15 minuti
1413,100,4,62.6,14.1,5.0,1e-06,50.0,80,0.45,0.55,False,900.0,2,0.0035671794656233448,0.05972586931659802,14.640210355483903,vittima non trovata entro 15 minuti
1412,100,4,62.6,14.1,5.0,1e-06,50.0,80,0.35,0.45,False,900.0,2,0.0036098030120282716,0.06008163622961904,14.405366385899864,vittima non trovata entro 15 minuti
1414,100,4,62.6,14.1,5.0,1e-06,50.0,80,0.60,0.45,False,900.0,2,1.8350027920108382e-06,0.00135462274896402,19.151910080343036,vittima non trovata entro 15 minuti
1422,100,4,62.6,14.1,5.0,1e-06,100.0,25,0.35,0.45,False,900.0,2,1.2947176329783868e-05,0.0035982184938916466,12.716852671889578,vittima non trovata entro 15 minuti
1525,100,5,39.5,15.0,1.0,1e-06,50.0,25,0.60,0.58,True,59.300000000000004,3,3.3585163037571206,1.8326255219648995,7.714663283327698,
1423,100,4,62.6,14.1,5.0,1e-06,100.0,25,0.45,0.55,False,900.0,2,0.0020732610861212896,0.04553307683565091,11.106094262706696,vittima non trovata entro 15 minuti
1428,100,4,62.6,14.1,5.0,1e-06,100.0,50,0.45,0.55,False,900.0,2,2.5071901528003082e-06,0.0015834109235445828,11.493501022547129,vittima non trovata entro 15 minuti
1427,100,4,62.6,14.1,5.0,1e-06,100.0,50,0.35,0.45,False,900.0,2,0.0038429547996605543,0.06199157039195373,12.027169555004631,vittima non trovata entro 15 minuti
1425,100,4,62.6,14.1,5.0,1e-06,100.0,25,0.60,0.58,False,900.0,2,0.005617655203572571,0.07495101869602955,13.721725687937173,vittima non trovata entro 15 minuti
1526,100,5,39.5,15.0,1.0,1e-06,50.0,50,center,center,True,57.800000000000004,3,2.3424402070580674,1.5305032528740563,7.489994187153455,
1429,100,4,62.6,14.1,5.0,1e-06,100.0,50,0.60,0.45,False,900.0,2,0.00436499782559723,0.0660681301808764,13.962629473368358,vittima non trovata entro 15 minuti
1426,100,4,62.6,14.1,5.0,1e-06,100.0,50,center,center,False,900.0,2,2.8052167829201395e-06,0.0016748781397224514,13.898496685667649,vittima non trovata entro 15 minuti
1430,100,4,62.6,14.1,5.0,1e-06,100.0,50,0.60,0.58,False,900.0,2,0.00396654370838142,0.06298050260502389,14.072488256885299,vittima non trovata entro 15 minuti
1431,100,4,62.6,14.1,5.0,1e-06,100.0,80,center,center,False,900.0,2,4.7339786955736575e-06,0.002175770827907585,13.848983717491178,vittima non trovata entro 15 minuti
1529,100,5,39.5,15.0,1.0,1e-06,50.0,50,0.60,0.45,True,55.5,3,0.0191975439548293,0.13855520183244402,9.470442765987306,
1432,100,4,62.6,14.1,5.0,1e-06,100.0,80,0.35,0.45,False,900.0,2,5.553299973950935e-07,0.0007452046681248672,13.169775103462056,vittima non trovata entro 15 minuti
1528,100,5,39.5,15.0,1.0,1e-06,50.0,50,0.45,0.55,True,62.300000000000004,3,0.3723587325530053,0.6102120390102159,6.692472219810592,
1530,100,5,39.5,15.0,1.0,1e-06,50.0,50,0.60,0.58,True,54.6,3,4.0225099160577855,2.0056195840831297,8.231952771834715,
1535,100,5,39.5,15.0,1.0,1e-06,50.0,80,0.60,0.58,True,54.0,3,3.414020805701022,1.8477069047067562,8.067319116470374,
1527,100,5,39.5,15.0,1.0,1e-06,50.0,50,0.35,0.45,True,69.2,3,0.016646566942480272,0.1290215754921644,7.552135328099479,
1534,100,5,39.5,15.0,1.0,1e-06,50.0,80,0.60,0.45,True,55.2,3,0.017391735603308645,0.1318777297473256,9.644289059077247,
1561,100,5,39.5,15.0,3.0,1e-08,50.0,25,center,center,True,0.2,5,2.820488991464028e-05,0.005310827611082879,30.276526474983804,
1533,100,5,39.5,15.0,1.0,1e-06,50.0,80,0.45,0.55,True,56.900000000000006,3,3.858559531816524,1.9643216467311364,8.606218158755711,
1532,100,5,39.5,15.0,1.0,1e-06,50.0,80,0.35,0.45,True,58.1,3,1.4214303898268432,1.192237555953864,8.49608919854947,
1562,100,5,39.5,15.0,3.0,1e-08,50.0,25,0.35,0.45,True,0.2,5,2.821628122365497e-05,0.005311899963634008,30.276480336552925,
1563,100,5,39.5,15.0,3.0,1e-08,50.0,25,0.45,0.55,True,0.2,5,2.8216264413011494e-05,0.005311898381276838,30.276480397787452,
1564,100,5,39.5,15.0,3.0,1e-08,50.0,25,0.60,0.45,True,0.2,5,2.74311141987999e-05,0.005237472119142965,30.282248795692922,
1565,100,5,39.5,15.0,3.0,1e-08,50.0,25,0.60,0.58,True,0.2,5,2.817002532601125e-05,0.005307544189737025,30.27668283906107,
1566,100,5,39.5,15.0,3.0,1e-08,50.0,50,center,center,True,0.2,5,2.820488991464028e-05,0.005310827611082879,30.276526474983804,
1531,100,5,39.5,15.0,1.0,1e-06,50.0,80,center,center,True,59.300000000000004,3,4.27709435759306,2.0681137196955732,7.181806710091922,
1537,100,5,39.5,15.0,1.0,1e-06,50.0,120,0.35,0.45,True,58.7,3,1.1124909937967302,1.0547468861280085,8.496141508610974,
1567,100,5,39.5,15.0,3.0,1e-08,50.0,50,0.35,0.45,True,0.2,5,2.821628122365497e-05,0.005311899963634008,30.276480336552925,
1568,100,5,39.5,15.0,3.0,1e-08,50.0,50,0.45,0.55,True,0.2,5,2.8216264413011494e-05,0.005311898381276838,30.276480397787452,
1541,100,5,39.5,15.0,1.0,1e-06,100.0,25,center,center,True,47.5,3,0.23064706327581586,0.4802572886233127,6.491976917817959,
1569,100,5,39.5,15.0,3.0,1e-08,50.0,50,0.60,0.45,True,0.2,5,2.74311141987999e-05,0.005237472119142965,30.282248795692922,
1570,100,5,39.5,15.0,3.0,1e-08,50.0,50,0.60,0.58,True,0.2,5,2.817002532601125e-05,0.005307544189737025,30.27668283906107,
1571,100,5,39.5,15.0,3.0,1e-08,50.0,80,center,center,True,0.2,5,2.820488991464028e-05,0.005310827611082879,30.276526474983804,
1572,100,5,39.5,15.0,3.0,1e-08,50.0,80,0.35,0.45,True,0.2,5,2.821628122365497e-05,0.005311899963634008,30.276480336552925,
1573,100,5,39.5,15.0,3.0,1e-08,50.0,80,0.45,0.55,True,0.2,5,2.8216264413011494e-05,0.005311898381276838,30.276480397787452,
1574,100,5,39.5,15.0,3.0,1e-08,50.0,80,0.60,0.45,True,0.2,5,2.74311141987999e-05,0.005237472119142965,30.282248795692922,
1575,100,5,39.5,15.0,3.0,1e-08,50.0,80,0.60,0.58,True,0.2,5,2.817002532601125e-05,0.005307544189737025,30.27668283906107,
1576,100,5,39.5,15.0,3.0,1e-08,50.0,120,center,center,True,0.2,5,2.820488991464028e-05,0.005310827611082879,30.276526474983804,
1577,100,5,39.5,15.0,3.0,1e-08,50.0,120,0.35,0.45,True,0.2,5,2.821628122365497e-05,0.005311899963634008,30.276480336552925,
1578,100,5,39.5,15.0,3.0,1e-08,50.0,120,0.45,0.55,True,0.2,5,2.8216264413011494e-05,0.005311898381276838,30.276480397787452,
1579,100,5,39.5,15.0,3.0,1e-08,50.0,120,0.60,0.45,True,0.2,5,2.74311141987999e-05,0.005237472119142965,30.282248795692922,
1580,100,5,39.5,15.0,3.0,1e-08,50.0,120,0.60,0.58,True,0.2,5,2.817002532601125e-05,0.005307544189737025,30.27668283906107,
1581,100,5,39.5,15.0,3.0,1e-08,100.0,25,center,center,True,0.2,5,2.820488991464028e-05,0.005310827611082879,30.276526474983804,
1544,100,5,39.5,15.0,1.0,1e-06,100.0,25,0.60,0.45,True,38.800000000000004,3,0.07870161530647676,0.28053808174021005,7.617444833225064,
1539,100,5,39.5,15.0,1.0,1e-06,50.0,120,0.60,0.45,True,56.300000000000004,3,0.059890456758083015,0.2447252679191158,9.763628311495475,
1582,100,5,39.5,15.0,3.0,1e-08,100.0,25,0.35,0.45,True,0.2,5,2.821628122365497e-05,0.005311899963634008,30.276480336552925,
1583,100,5,39.5,15.0,3.0,1e-08,100.0,25,0.45,0.55,True,0.2,5,2.8216264413011494e-05,0.005311898381276838,30.276480397787452,
1584,100,5,39.5,15.0,3.0,1e-08,100.0,25,0.60,0.45,True,0.2,5,2.74311141987999e-05,0.005237472119142965,30.282248795692922,
1585,100,5,39.5,15.0,3.0,1e-08,100.0,25,0.60,0.58,True,0.2,5,2.817002532601125e-05,0.005307544189737025,30.27668283906107,
1586,100,5,39.5,15.0,3.0,1e-08,100.0,50,center,center,True,0.2,5,2.820488991464028e-05,0.005310827611082879,30.276526474983804,
1536,100,5,39.5,15.0,1.0,1e-06,50.0,120,center,center,True,60.900000000000006,3,3.4869911131950224,1.8673486854883377,7.852820086219439,
1587,100,5,39.5,15.0,3.0,1e-08,100.0,50,0.35,0.45,True,0.2,5,2.821628122365497e-05,0.005311899963634008,30.276480336552925,
1588,100,5,39.5,15.0,3.0,1e-08,100.0,50,0.45,0.55,True,0.2,5,2.8216264413011494e-05,0.005311898381276838,30.276480397787452,
1590,100,5,39.5,15.0,3.0,1e-08,100.0,50,0.60,0.58,True,0.2,5,2.817002532601125e-05,0.005307544189737025,30.27668283906107,
1589,100,5,39.5,15.0,3.0,1e-08,100.0,50,0.60,0.45,True,0.2,5,2.74311141987999e-05,0.005237472119142965,30.282248795692922,
1591,100,5,39.5,15.0,3.0,1e-08,100.0,80,center,center,True,0.2,5,2.820488991464028e-05,0.005310827611082879,30.276526474983804,
1592,100,5,39.5,15.0,3.0,1e-08,100.0,80,0.35,0.45,True,0.2,5,2.821628122365497e-05,0.005311899963634008,30.276480336552925,
1593,100,5,39.5,15.0,3.0,1e-08,100.0,80,0.45,0.55,True,0.2,5,2.8216264413011494e-05,0.005311898381276838,30.276480397787452,
1594,100,5,39.5,15.0,3.0,1e-08,100.0,80,0.60,0.45,True,0.2,5,2.74311141987999e-05,0.005237472119142965,30.282248795692922,
1595,100,5,39.5,15.0,3.0,1e-08,100.0,80,0.60,0.58,True,0.2,5,2.817002532601125e-05,0.005307544189737025,30.27668283906107,
1596,100,5,39.5,15.0,3.0,1e-08,100.0,120,center,center,True,0.2,5,2.820488991464028e-05,0.005310827611082879,30.276526474983804,
1597,100,5,39.5,15.0,3.0,1e-08,100.0,120,0.35,0.45,True,0.2,5,2.821628122365497e-05,0.005311899963634008,30.276480336552925,
1542,100,5,39.5,15.0,1.0,1e-06,100.0,25,0.35,0.45,True,50.7,3,0.0026551081178072403,0.05152774124495697,5.737318297133485,
1599,100,5,39.5,15.0,3.0,1e-08,100.0,120,0.60,0.45,True,0.2,5,2.74311141987999e-05,0.005237472119142965,30.282248795692922,
1598,100,5,39.5,15.0,3.0,1e-08,100.0,120,0.45,0.55,True,0.2,5,2.8216264413011494e-05,0.005311898381276838,30.276480397787452,
1600,100,5,39.5,15.0,3.0,1e-08,100.0,120,0.60,0.58,True,0.2,5,2.817002532601125e-05,0.005307544189737025,30.27668283906107,
1545,100,5,39.5,15.0,1.0,1e-06,100.0,25,0.60,0.58,True,38.1,3,0.07713454364036837,0.2777310635135515,7.053426017743821,
1538,100,5,39.5,15.0,1.0,1e-06,50.0,120,0.45,0.55,True,61.7,3,0.9134550304674001,0.9557484137927722,6.77152260457317,
1543,100,5,39.5,15.0,1.0,1e-06,100.0,25,0.45,0.55,True,50.800000000000004,3,0.1508000405025018,0.3883298089285727,5.163439057785586,
1433,100,4,62.6,14.1,5.0,1e-06,100.0,80,0.45,0.55,False,900.0,2,0.0023036473811475816,0.047996326746404055,13.342647254185435,vittima non trovata entro 15 minuti
1435,100,4,62.6,14.1,5.0,1e-06,100.0,80,0.60,0.58,False,900.0,2,0.00561985031359113,0.07496566089611383,14.22520270944574,vittima non trovata entro 15 minuti
1540,100,5,39.5,15.0,1.0,1e-06,50.0,120,0.60,0.58,True,62.6,3,0.0059785338785888036,0.07732097955011177,6.2249977191076376,
1434,100,4,62.6,14.1,5.0,1e-06,100.0,80,0.60,0.45,False,900.0,2,1.390245715469809e-06,0.0011790868142209923,15.58464872059236,vittima non trovata entro 15 minuti
1546,100,5,39.5,15.0,1.0,1e-06,100.0,50,center,center,True,50.900000000000006,3,3.8587653836133518,1.964374043712997,5.976086321493965,
1549,100,5,39.5,15.0,1.0,1e-06,100.0,50,0.60,0.45,True,38.800000000000004,3,2.230668933271475,1.4935424109383284,6.845850073053662,
1547,100,5,39.5,15.0,1.0,1e-06,100.0,50,0.35,0.45,True,51.5,3,1.8013146767658138e-06,0.0013421306481732,5.7795721049571345,
1548,100,5,39.5,15.0,1.0,1e-06,100.0,50,0.45,0.55,True,51.1,3,0.05666092170439162,0.2380355471445213,5.190012381881462,
1555,100,5,39.5,15.0,1.0,1e-06,100.0,80,0.60,0.58,True,38.7,3,1.2215733715184802,1.1052481040555917,6.855212037158833,
1554,100,5,39.5,15.0,1.0,1e-06,100.0,80,0.60,0.45,True,42.800000000000004,3,0.005637189927955397,0.0750812222060576,7.904248245198241,
1550,100,5,39.5,15.0,1.0,1e-06,100.0,50,0.60,0.58,True,51.1,3,0.01170741006878436,0.10820078589725844,5.06867182740062,
1551,100,5,39.5,15.0,1.0,1e-06,100.0,80,center,center,True,50.7,3,0.6152110102367263,0.7843538807430778,4.208636422757155,
1553,100,5,39.5,15.0,1.0,1e-06,100.0,80,0.45,0.55,True,50.6,3,0.41323086361898376,0.6428303536851567,4.5185801934527285,
1552,100,5,39.5,15.0,1.0,1e-06,100.0,80,0.35,0.45,True,50.7,4,0.015952221760529756,0.12630210513103002,5.389125392190794,
1559,100,5,39.5,15.0,1.0,1e-06,100.0,120,0.60,0.45,True,42.800000000000004,3,0.02758168535254217,0.16607734749971825,7.803158297552447,
1556,100,5,39.5,15.0,1.0,1e-06,100.0,120,center,center,True,50.800000000000004,4,0.04202785016384077,0.20500695150126197,4.795580882024438,
1557,100,5,39.5,15.0,1.0,1e-06,100.0,120,0.35,0.45,True,50.7,4,0.015066592821866214,0.12274605012735121,5.2168910293895125,
1558,100,5,39.5,15.0,1.0,1e-06,100.0,120,0.45,0.55,True,50.6,3,0.2705483544764134,0.5201426289744125,4.595460940107753,
1560,100,5,39.5,15.0,1.0,1e-06,100.0,120,0.60,0.58,True,50.6,4,0.013198212789038658,0.1148834748301019,5.101374223825602,
1602,100,5,39.5,15.0,3.0,1e-07,50.0,25,0.35,0.45,True,42.1,3,0.9209130499482722,0.9596421468173811,13.077625084041978,
1601,100,5,39.5,15.0,3.0,1e-07,50.0,25,center,center,True,42.1,3,0.8678517495088062,0.9315856104023967,13.020248479108222,
1603,100,5,39.5,15.0,3.0,1e-07,50.0,25,0.45,0.55,True,42.1,3,0.9081851316485792,0.9529874771730105,13.063323390947408,
1604,100,5,39.5,15.0,3.0,1e-07,50.0,25,0.60,0.45,True,42.1,3,1.188338062474582,1.090109197500224,13.45482588000875,
1611,100,5,39.5,15.0,3.0,1e-07,50.0,80,center,center,True,42.1,3,0.8678517495088062,0.9315856104023967,13.020248479108222,
1606,100,5,39.5,15.0,3.0,1e-07,50.0,50,center,center,True,42.1,3,0.8678517495088062,0.9315856104023967,13.020248479108222,
1605,100,5,39.5,15.0,3.0,1e-07,50.0,25,0.60,0.58,True,42.1,3,0.676368594361549,0.8224163145035177,12.877619764081588,
1610,100,5,39.5,15.0,3.0,1e-07,50.0,50,0.60,0.58,True,42.1,3,0.676368594361549,0.8224163145035177,12.877619764081588,
1607,100,5,39.5,15.0,3.0,1e-07,50.0,50,0.35,0.45,True,42.1,3,0.9209130499482722,0.9596421468173811,13.077625084041978,
1609,100,5,39.5,15.0,3.0,1e-07,50.0,50,0.60,0.45,True,42.1,3,1.188338062474582,1.090109197500224,13.45482588000875,
1608,100,5,39.5,15.0,3.0,1e-07,50.0,50,0.45,0.55,True,42.1,3,0.9081851316485792,0.9529874771730105,13.063323390947408,
1612,100,5,39.5,15.0,3.0,1e-07,50.0,80,0.35,0.45,True,42.1,3,0.9209130499482722,0.9596421468173811,13.077625084041978,
1613,100,5,39.5,15.0,3.0,1e-07,50.0,80,0.45,0.55,True,42.1,3,0.9081851316485792,0.9529874771730105,13.063323390947408,
1615,100,5,39.5,15.0,3.0,1e-07,50.0,80,0.60,0.58,True,42.1,3,0.676368594361549,0.8224163145035177,12.877619764081588,
1614,100,5,39.5,15.0,3.0,1e-07,50.0,80,0.60,0.45,True,42.1,3,1.188338062474582,1.090109197500224,13.45482588000875,
1616,100,5,39.5,15.0,3.0,1e-07,50.0,120,center,center,True,42.1,3,0.8678517495088062,0.9315856104023967,13.020248479108222,
1617,100,5,39.5,15.0,3.0,1e-07,50.0,120,0.35,0.45,True,42.1,3,0.9209130499482722,0.9596421468173811,13.077625084041978,
1619,100,5,39.5,15.0,3.0,1e-07,50.0,120,0.60,0.45,True,42.1,3,1.188338062474582,1.090109197500224,13.45482588000875,
1618,100,5,39.5,15.0,3.0,1e-07,50.0,120,0.45,0.55,True,42.1,3,0.9081851316485792,0.9529874771730105,13.063323390947408,
1620,100,5,39.5,15.0,3.0,1e-07,50.0,120,0.60,0.58,True,42.1,3,0.676368594361549,0.8224163145035177,12.877619764081588,
1621,100,5,39.5,15.0,3.0,1e-07,100.0,25,center,center,True,42.1,3,0.8678517495088062,0.9315856104023967,13.020248479108222,
1622,100,5,39.5,15.0,3.0,1e-07,100.0,25,0.35,0.45,True,42.1,3,0.9209130499482722,0.9596421468173811,13.077625084041978,
1624,100,5,39.5,15.0,3.0,1e-07,100.0,25,0.60,0.45,True,42.1,3,1.188338062474582,1.090109197500224,13.45482588000875,
1623,100,5,39.5,15.0,3.0,1e-07,100.0,25,0.45,0.55,True,42.1,3,0.9081851316485792,0.9529874771730105,13.063323390947408,
1626,100,5,39.5,15.0,3.0,1e-07,100.0,50,center,center,True,42.1,3,0.8678517495088062,0.9315856104023967,13.020248479108222,
1625,100,5,39.5,15.0,3.0,1e-07,100.0,25,0.60,0.58,True,42.1,3,0.676368594361549,0.8224163145035177,12.877619764081588,
1627,100,5,39.5,15.0,3.0,1e-07,100.0,50,0.35,0.45,True,42.1,3,0.9209130499482722,0.9596421468173811,13.077625084041978,
1628,100,5,39.5,15.0,3.0,1e-07,100.0,50,0.45,0.55,True,42.1,3,0.9081851316485792,0.9529874771730105,13.063323390947408,
1629,100,5,39.5,15.0,3.0,1e-07,100.0,50,0.60,0.45,True,42.1,3,1.188338062474582,1.090109197500224,13.45482588000875,
1630,100,5,39.5,15.0,3.0,1e-07,100.0,50,0.60,0.58,True,42.1,3,0.676368594361549,0.8224163145035177,12.877619764081588,
1631,100,5,39.5,15.0,3.0,1e-07,100.0,80,center,center,True,42.1,3,0.8678517495088062,0.9315856104023967,13.020248479108222,
1632,100,5,39.5,15.0,3.0,1e-07,100.0,80,0.35,0.45,True,42.1,3,0.9209130499482722,0.9596421468173811,13.077625084041978,
1634,100,5,39.5,15.0,3.0,1e-07,100.0,80,0.60,0.45,True,42.1,3,1.188338062474582,1.090109197500224,13.45482588000875,
1635,100,5,39.5,15.0,3.0,1e-07,100.0,80,0.60,0.58,True,42.1,3,0.676368594361549,0.8224163145035177,12.877619764081588,
1637,100,5,39.5,15.0,3.0,1e-07,100.0,120,0.35,0.45,True,42.1,3,0.9209130499482722,0.9596421468173811,13.077625084041978,
1638,100,5,39.5,15.0,3.0,1e-07,100.0,120,0.45,0.55,True,42.1,3,0.9081851316485792,0.9529874771730105,13.063323390947408,
1640,100,5,39.5,15.0,3.0,1e-07,100.0,120,0.60,0.58,True,42.1,3,0.676368594361549,0.8224163145035177,12.877619764081588,
1633,100,5,39.5,15.0,3.0,1e-07,100.0,80,0.45,0.55,True,42.1,3,0.9081851316485792,0.9529874771730105,13.063323390947408,
1636,100,5,39.5,15.0,3.0,1e-07,100.0,120,center,center,True,42.1,3,0.8678517495088062,0.9315856104023967,13.020248479108222,
1639,100,5,39.5,15.0,3.0,1e-07,100.0,120,0.60,0.45,True,42.1,3,1.188338062474582,1.090109197500224,13.45482588000875,
1646,100,5,39.5,15.0,3.0,1e-06,50.0,50,center,center,True,49.800000000000004,3,0.08696615027330071,0.29490023783188224,8.030150633160394,
1644,100,5,39.5,15.0,3.0,1e-06,50.0,25,0.60,0.45,True,55.5,3,3.06280246556103,1.7500864165980576,9.442644441826879,
1645,100,5,39.5,15.0,3.0,1e-06,50.0,25,0.60,0.58,True,56.7,3,0.00539348889369027,0.0734403764538981,8.439695010355756,
1641,100,5,39.5,15.0,3.0,1e-06,50.0,25,center,center,True,58.300000000000004,3,2.139453767408423,1.4626871734613738,7.908326138382322,
1643,100,5,39.5,15.0,3.0,1e-06,50.0,25,0.45,0.55,True,61.900000000000006,3,3.0387004293125086,1.743186860125015,8.659210133852763,
1649,100,5,39.5,15.0,3.0,1e-06,50.0,50,0.60,0.45,True,57.300000000000004,3,0.1249535326595325,0.35348766974186313,10.13357540170486,
1650,100,5,39.5,15.0,3.0,1e-06,50.0,50,0.60,0.58,True,54.7,3,4.707330255402896,2.1696382775483327,7.79646232936613,
1648,100,5,39.5,15.0,3.0,1e-06,50.0,50,0.45,0.55,True,62.5,4,0.01143528051335129,0.10693587103190065,7.237168581344384,
1642,100,5,39.5,15.0,3.0,1e-06,50.0,25,0.35,0.45,True,70.4,3,0.007653726043511229,0.08748557620265886,7.415535439797728,
1681,100,5,39.5,15.0,5.0,1e-08,50.0,25,center,center,True,0.2,5,2.820488991464028e-05,0.005310827611082879,30.276526474983804,
1651,100,5,39.5,15.0,3.0,1e-06,50.0,80,center,center,True,57.800000000000004,3,1.8153504245831515,1.3473494070148069,8.065354385717402,
1682,100,5,39.5,15.0,5.0,1e-08,50.0,25,0.35,0.45,True,0.2,5,2.821628122365497e-05,0.005311899963634008,30.276480336552925,
1683,100,5,39.5,15.0,5.0,1e-08,50.0,25,0.45,0.55,True,0.2,5,2.8216264413011494e-05,0.005311898381276838,30.276480397787452,
1684,100,5,39.5,15.0,5.0,1e-08,50.0,25,0.60,0.45,True,0.2,5,2.74311141987999e-05,0.005237472119142965,30.282248795692922,
1685,100,5,39.5,15.0,5.0,1e-08,50.0,25,0.60,0.58,True,0.2,5,2.817002532601125e-05,0.005307544189737025,30.27668283906107,
1686,100,5,39.5,15.0,5.0,1e-08,50.0,50,center,center,True,0.2,5,2.820488991464028e-05,0.005310827611082879,30.276526474983804,
1687,100,5,39.5,15.0,5.0,1e-08,50.0,50,0.35,0.45,True,0.2,5,2.821628122365497e-05,0.005311899963634008,30.276480336552925,
1688,100,5,39.5,15.0,5.0,1e-08,50.0,50,0.45,0.55,True,0.2,5,2.8216264413011494e-05,0.005311898381276838,30.276480397787452,
1689,100,5,39.5,15.0,5.0,1e-08,50.0,50,0.60,0.45,True,0.2,5,2.74311141987999e-05,0.005237472119142965,30.282248795692922,
1654,100,5,39.5,15.0,3.0,1e-06,50.0,80,0.60,0.45,True,54.6,3,0.04428068533713411,0.21042976342982975,9.965382092105742,
1690,100,5,39.5,15.0,5.0,1e-08,50.0,50,0.60,0.58,True,0.2,5,2.817002532601125e-05,0.005307544189737025,30.27668283906107,
1653,100,5,39.5,15.0,3.0,1e-06,50.0,80,0.45,0.55,True,54.900000000000006,3,4.227247200048524,2.0560270426355105,9.733357077275613,
1652,100,5,39.5,15.0,3.0,1e-06,50.0,80,0.35,0.45,True,59.0,3,2.062321219812568,1.4360784170136978,8.884944044716821,
1691,100,5,39.5,15.0,5.0,1e-08,50.0,80,center,center,True,0.2,5,2.820488991464028e-05,0.005310827611082879,30.276526474983804,
1647,100,5,39.5,15.0,3.0,1e-06,50.0,50,0.35,0.45,True,69.3,3,0.016555952725848713,0.1286699371486934,7.557134523335857,
1692,100,5,39.5,15.0,5.0,1e-08,50.0,80,0.35,0.45,True,0.2,5,2.821628122365497e-05,0.005311899963634008,30.276480336552925,
1693,100,5,39.5,15.0,5.0,1e-08,50.0,80,0.45,0.55,True,0.2,5,2.8216264413011494e-05,0.005311898381276838,30.276480397787452,
1694,100,5,39.5,15.0,5.0,1e-08,50.0,80,0.60,0.45,True,0.2,5,2.74311141987999e-05,0.005237472119142965,30.282248795692922,
1695,100,5,39.5,15.0,5.0,1e-08,50.0,80,0.60,0.58,True,0.2,5,2.817002532601125e-05,0.005307544189737025,30.27668283906107,
1696,100,5,39.5,15.0,5.0,1e-08,50.0,120,center,center,True,0.2,5,2.820488991464028e-05,0.005310827611082879,30.276526474983804,
1697,100,5,39.5,15.0,5.0,1e-08,50.0,120,0.35,0.45,True,0.2,5,2.821628122365497e-05,0.005311899963634008,30.276480336552925,
1698,100,5,39.5,15.0,5.0,1e-08,50.0,120,0.45,0.55,True,0.2,5,2.8216264413011494e-05,0.005311898381276838,30.276480397787452,
1699,100,5,39.5,15.0,5.0,1e-08,50.0,120,0.60,0.45,True,0.2,5,2.74311141987999e-05,0.005237472119142965,30.282248795692922,
1700,100,5,39.5,15.0,5.0,1e-08,50.0,120,0.60,0.58,True,0.2,5,2.817002532601125e-05,0.005307544189737025,30.27668283906107,
1655,100,5,39.5,15.0,3.0,1e-06,50.0,80,0.60,0.58,True,54.1,3,3.9885593982922725,1.997137801528045,8.285119431793731,
1701,100,5,39.5,15.0,5.0,1e-08,100.0,25,center,center,True,0.2,5,2.820488991464028e-05,0.005310827611082879,30.276526474983804,
1702,100,5,39.5,15.0,5.0,1e-08,100.0,25,0.35,0.45,True,0.2,5,2.821628122365497e-05,0.005311899963634008,30.276480336552925,
1703,100,5,39.5,15.0,5.0,1e-08,100.0,25,0.45,0.55,True,0.2,5,2.8216264413011494e-05,0.005311898381276838,30.276480397787452,
1704,100,5,39.5,15.0,5.0,1e-08,100.0,25,0.60,0.45,True,0.2,5,2.74311141987999e-05,0.005237472119142965,30.282248795692922,
1705,100,5,39.5,15.0,5.0,1e-08,100.0,25,0.60,0.58,True,0.2,5,2.817002532601125e-05,0.005307544189737025,30.27668283906107,
1706,100,5,39.5,15.0,5.0,1e-08,100.0,50,center,center,True,0.2,5,2.820488991464028e-05,0.005310827611082879,30.276526474983804,
1707,100,5,39.5,15.0,5.0,1e-08,100.0,50,0.35,0.45,True,0.2,5,2.821628122365497e-05,0.005311899963634008,30.276480336552925,
1708,100,5,39.5,15.0,5.0,1e-08,100.0,50,0.45,0.55,True,0.2,5,2.8216264413011494e-05,0.005311898381276838,30.276480397787452,
1710,100,5,39.5,15.0,5.0,1e-08,100.0,50,0.60,0.58,True,0.2,5,2.817002532601125e-05,0.005307544189737025,30.27668283906107,
1709,100,5,39.5,15.0,5.0,1e-08,100.0,50,0.60,0.45,True,0.2,5,2.74311141987999e-05,0.005237472119142965,30.282248795692922,
1711,100,5,39.5,15.0,5.0,1e-08,100.0,80,center,center,True,0.2,5,2.820488991464028e-05,0.005310827611082879,30.276526474983804,
1712,100,5,39.5,15.0,5.0,1e-08,100.0,80,0.35,0.45,True,0.2,5,2.821628122365497e-05,0.005311899963634008,30.276480336552925,
1713,100,5,39.5,15.0,5.0,1e-08,100.0,80,0.45,0.55,True,0.2,5,2.8216264413011494e-05,0.005311898381276838,30.276480397787452,
1714,100,5,39.5,15.0,5.0,1e-08,100.0,80,0.60,0.45,True,0.2,5,2.74311141987999e-05,0.005237472119142965,30.282248795692922,
1715,100,5,39.5,15.0,5.0,1e-08,100.0,80,0.60,0.58,True,0.2,5,2.817002532601125e-05,0.005307544189737025,30.27668283906107,
1716,100,5,39.5,15.0,5.0,1e-08,100.0,120,center,center,True,0.2,5,2.820488991464028e-05,0.005310827611082879,30.276526474983804,
1717,100,5,39.5,15.0,5.0,1e-08,100.0,120,0.35,0.45,True,0.2,5,2.821628122365497e-05,0.005311899963634008,30.276480336552925,
1718,100,5,39.5,15.0,5.0,1e-08,100.0,120,0.45,0.55,True,0.2,5,2.8216264413011494e-05,0.005311898381276838,30.276480397787452,
1720,100,5,39.5,15.0,5.0,1e-08,100.0,120,0.60,0.58,True,0.2,5,2.817002532601125e-05,0.005307544189737025,30.27668283906107,
1719,100,5,39.5,15.0,5.0,1e-08,100.0,120,0.60,0.45,True,0.2,5,2.74311141987999e-05,0.005237472119142965,30.282248795692922,
1665,100,5,39.5,15.0,3.0,1e-06,100.0,25,0.60,0.58,True,38.1,3,0.0004276468899760166,0.020679624996020034,7.011292598188577,
1661,100,5,39.5,15.0,3.0,1e-06,100.0,25,center,center,True,47.5,3,0.11036110614093662,0.3322064209808965,6.534700634800932,
1664,100,5,39.5,15.0,3.0,1e-06,100.0,25,0.60,0.45,True,44.0,3,0.11560123328443296,0.34000181364874066,7.575587247322338,
1659,100,5,39.5,15.0,3.0,1e-06,50.0,120,0.60,0.45,True,56.0,3,0.18110037813615107,0.4255589009010986,10.298881887608664,
1656,100,5,39.5,15.0,3.0,1e-06,50.0,120,center,center,True,58.300000000000004,3,1.9262641338408588,1.3878991799986262,8.136671864505624,
1657,100,5,39.5,15.0,3.0,1e-06,50.0,120,0.35,0.45,True,58.900000000000006,3,1.7502959566976783,1.3229875119205314,8.969497773982127,
1662,100,5,39.5,15.0,3.0,1e-06,100.0,25,0.35,0.45,True,50.800000000000004,3,0.027207212077281315,0.1649460883964252,5.419044749510752,
1669,100,5,39.5,15.0,3.0,1e-06,100.0,50,0.60,0.45,True,44.400000000000006,3,4.515259323557803,2.1249139567422026,6.917507410839592,
1658,100,5,39.5,15.0,3.0,1e-06,50.0,120,0.45,0.55,True,61.800000000000004,3,0.8892889617943257,0.9430211884121829,6.89790303307954,
1663,100,5,39.5,15.0,3.0,1e-06,100.0,25,0.45,0.55,True,51.0,4,0.0001455560637203674,0.012064661773973084,4.819869790031178,
1667,100,5,39.5,15.0,3.0,1e-06,100.0,50,0.35,0.45,True,51.6,3,0.0037551905983053777,0.061279609971877085,5.700620526858369,
1668,100,5,39.5,15.0,3.0,1e-06,100.0,50,0.45,0.55,True,51.300000000000004,4,0.019010739226829002,0.13787943728790383,4.75629329722407,
1672,100,5,39.5,15.0,3.0,1e-06,100.0,80,0.35,0.45,True,50.800000000000004,4,0.02902644922426158,0.1703715035569669,5.269315529664842,
1666,100,5,39.5,15.0,3.0,1e-06,100.0,50,center,center,True,51.2,4,0.015194846527672334,0.1232673781974466,4.9191776931512035,
1671,100,5,39.5,15.0,3.0,1e-06,100.0,80,center,center,True,50.900000000000006,4,0.03904688073482876,0.19760283584713242,4.546573927135876,
1660,100,5,39.5,15.0,3.0,1e-06,50.0,120,0.60,0.58,True,62.6,3,0.006424118528819014,0.08015059905464846,6.418591131979164,
1670,100,5,39.5,15.0,3.0,1e-06,100.0,50,0.60,0.58,True,51.1,3,0.024834065909502687,0.15758827973394052,4.707084507297094,
1675,100,5,39.5,15.0,3.0,1e-06,100.0,80,0.60,0.58,True,44.300000000000004,3,0.0024156804889478023,0.0491495726222294,7.181871228440419,
1674,100,5,39.5,15.0,3.0,1e-06,100.0,80,0.60,0.45,True,46.900000000000006,3,1.499009684192712,1.2243405099042963,7.224899211534425,
1673,100,5,39.5,15.0,3.0,1e-06,100.0,80,0.45,0.55,True,50.800000000000004,4,0.0001520570583588354,0.012331141810831446,5.368041664598391,
1676,100,5,39.5,15.0,3.0,1e-06,100.0,120,center,center,True,50.900000000000006,3,0.01387537523816654,0.11779378268043922,4.5406390447091445,
1677,100,5,39.5,15.0,3.0,1e-06,100.0,120,0.35,0.45,True,50.800000000000004,4,0.002297013962520519,0.047927173529434416,5.203709711343207,
1679,100,5,39.5,15.0,3.0,1e-06,100.0,120,0.60,0.45,True,46.400000000000006,3,2.145126805200836,1.4646251415296803,7.086313762377503,
1678,100,5,39.5,15.0,3.0,1e-06,100.0,120,0.45,0.55,True,50.800000000000004,4,0.022099330049515368,0.1486584341687863,5.032732900360376,
1680,100,5,39.5,15.0,3.0,1e-06,100.0,120,0.60,0.58,True,50.5,3,0.6116086306138395,0.7820541097736393,4.64863853885926,
1721,100,5,39.5,15.0,5.0,1e-07,50.0,25,center,center,True,42.1,3,0.8976253942860336,0.9474309443363319,13.1645539530486,
1722,100,5,39.5,15.0,5.0,1e-07,50.0,25,0.35,0.45,True,42.2,3,0.8952797952090255,0.946192261228671,13.114151273379965,
1724,100,5,39.5,15.0,5.0,1e-07,50.0,25,0.60,0.45,True,42.1,3,1.440887320671269,1.2003696600094775,13.48416270899819,
1723,100,5,39.5,15.0,5.0,1e-07,50.0,25,0.45,0.55,True,42.1,3,0.891401544859935,0.9441406382843263,13.035570717737965,
1725,100,5,39.5,15.0,5.0,1e-07,50.0,25,0.60,0.58,True,42.1,3,0.6758054043423125,0.8220738436067119,12.88082978196553,
1728,100,5,39.5,15.0,5.0,1e-07,50.0,50,0.45,0.55,True,42.1,3,0.891401544859935,0.9441406382843263,13.035570717737965,
1726,100,5,39.5,15.0,5.0,1e-07,50.0,50,center,center,True,42.1,3,0.8976253942860336,0.9474309443363319,13.1645539530486,
1727,100,5,39.5,15.0,5.0,1e-07,50.0,50,0.35,0.45,True,42.2,3,0.8952797952090255,0.946192261228671,13.114151273379965,
1729,100,5,39.5,15.0,5.0,1e-07,50.0,50,0.60,0.45,True,42.1,3,1.440887320671269,1.2003696600094775,13.48416270899819,
1730,100,5,39.5,15.0,5.0,1e-07,50.0,50,0.60,0.58,True,42.1,3,0.6758054043423125,0.8220738436067119,12.88082978196553,
1731,100,5,39.5,15.0,5.0,1e-07,50.0,80,center,center,True,42.1,3,0.8976253942860336,0.9474309443363319,13.1645539530486,
1732,100,5,39.5,15.0,5.0,1e-07,50.0,80,0.35,0.45,True,42.2,3,0.8952797952090255,0.946192261228671,13.114151273379965,
1733,100,5,39.5,15.0,5.0,1e-07,50.0,80,0.45,0.55,True,42.1,3,0.891401544859935,0.9441406382843263,13.035570717737965,
1734,100,5,39.5,15.0,5.0,1e-07,50.0,80,0.60,0.45,True,42.1,3,1.440887320671269,1.2003696600094775,13.48416270899819,
1735,100,5,39.5,15.0,5.0,1e-07,50.0,80,0.60,0.58,True,42.1,3,0.6758054043423125,0.8220738436067119,12.88082978196553,
1736,100,5,39.5,15.0,5.0,1e-07,50.0,120,center,center,True,42.1,3,0.8976253942860336,0.9474309443363319,13.1645539530486,
1737,100,5,39.5,15.0,5.0,1e-07,50.0,120,0.35,0.45,True,42.2,3,0.8952797952090255,0.946192261228671,13.114151273379965,
1738,100,5,39.5,15.0,5.0,1e-07,50.0,120,0.45,0.55,True,42.1,3,0.891401544859935,0.9441406382843263,13.035570717737965,
1739,100,5,39.5,15.0,5.0,1e-07,50.0,120,0.60,0.45,True,42.1,3,1.440887320671269,1.2003696600094775,13.48416270899819,
1740,100,5,39.5,15.0,5.0,1e-07,50.0,120,0.60,0.58,True,42.1,3,0.6758054043423125,0.8220738436067119,12.88082978196553,
1741,100,5,39.5,15.0,5.0,1e-07,100.0,25,center,center,True,42.1,3,0.8976253942860336,0.9474309443363319,13.1645539530486,
1742,100,5,39.5,15.0,5.0,1e-07,100.0,25,0.35,0.45,True,42.2,3,0.8952797952090255,0.946192261228671,13.114151273379965,
1743,100,5,39.5,15.0,5.0,1e-07,100.0,25,0.45,0.55,True,42.1,3,0.891401544859935,0.9441406382843263,13.035570717737965,
1744,100,5,39.5,15.0,5.0,1e-07,100.0,25,0.60,0.45,True,42.1,3,1.440887320671269,1.2003696600094775,13.48416270899819,
1745,100,5,39.5,15.0,5.0,1e-07,100.0,25,0.60,0.58,True,42.1,3,0.6758054043423125,0.8220738436067119,12.88082978196553,
1746,100,5,39.5,15.0,5.0,1e-07,100.0,50,center,center,True,42.1,3,0.8976253942860336,0.9474309443363319,13.1645539530486,
1747,100,5,39.5,15.0,5.0,1e-07,100.0,50,0.35,0.45,True,42.2,3,0.8952797952090255,0.946192261228671,13.114151273379965,
1748,100,5,39.5,15.0,5.0,1e-07,100.0,50,0.45,0.55,True,42.1,3,0.891401544859935,0.9441406382843263,13.035570717737965,
1749,100,5,39.5,15.0,5.0,1e-07,100.0,50,0.60,0.45,True,42.1,3,1.440887320671269,1.2003696600094775,13.48416270899819,
1750,100,5,39.5,15.0,5.0,1e-07,100.0,50,0.60,0.58,True,42.1,3,0.6758054043423125,0.8220738436067119,12.88082978196553,
1751,100,5,39.5,15.0,5.0,1e-07,100.0,80,center,center,True,42.1,3,0.8976253942860336,0.9474309443363319,13.1645539530486,
1752,100,5,39.5,15.0,5.0,1e-07,100.0,80,0.35,0.45,True,42.2,3,0.8952797952090255,0.946192261228671,13.114151273379965,
1753,100,5,39.5,15.0,5.0,1e-07,100.0,80,0.45,0.55,True,42.1,3,0.891401544859935,0.9441406382843263,13.035570717737965,
1754,100,5,39.5,15.0,5.0,1e-07,100.0,80,0.60,0.45,True,42.1,3,1.440887320671269,1.2003696600094775,13.48416270899819,
1757,100,5,39.5,15.0,5.0,1e-07,100.0,120,0.35,0.45,True,42.2,3,0.8952797952090255,0.946192261228671,13.114151273379965,
1755,100,5,39.5,15.0,5.0,1e-07,100.0,80,0.60,0.58,True,42.1,3,0.6758054043423125,0.8220738436067119,12.88082978196553,
1756,100,5,39.5,15.0,5.0,1e-07,100.0,120,center,center,True,42.1,3,0.8976253942860336,0.9474309443363319,13.1645539530486,
1758,100,5,39.5,15.0,5.0,1e-07,100.0,120,0.45,0.55,True,42.1,3,0.891401544859935,0.9441406382843263,13.035570717737965,
1759,100,5,39.5,15.0,5.0,1e-07,100.0,120,0.60,0.45,True,42.1,3,1.440887320671269,1.2003696600094775,13.48416270899819,
1760,100,5,39.5,15.0,5.0,1e-07,100.0,120,0.60,0.58,True,42.1,3,0.6758054043423125,0.8220738436067119,12.88082978196553,
1766,100,5,39.5,15.0,5.0,1e-06,50.0,50,center,center,True,50.300000000000004,3,0.10050636087729822,0.3170273819046207,8.26897494134615,
1761,100,5,39.5,15.0,5.0,1e-06,50.0,25,center,center,True,58.5,3,2.1296170253558206,1.4593207410832687,8.311477700558715,
1764,100,5,39.5,15.0,5.0,1e-06,50.0,25,0.60,0.45,True,55.5,3,2.861950899958796,1.6917301498639776,8.998811556295975,
1765,100,5,39.5,15.0,5.0,1e-06,50.0,25,0.60,0.58,True,56.7,3,0.13508208654087436,0.36753515007530146,8.517409566411501,
1769,100,5,39.5,15.0,5.0,1e-06,50.0,50,0.60,0.45,True,54.1,3,5.581470806928926,2.3625136628025936,9.745743050769338,
1762,100,5,39.5,15.0,5.0,1e-06,50.0,25,0.35,0.45,True,63.2,3,0.009194075845829548,0.09588574370483627,7.777925728710081,
1763,100,5,39.5,15.0,5.0,1e-06,50.0,25,0.45,0.55,True,62.1,3,0.017474620527130228,0.13219160535801897,6.897544351579869,
1770,100,5,39.5,15.0,5.0,1e-06,50.0,50,0.60,0.58,True,54.7,3,4.61663653564511,2.148635970946477,7.819097754380172,
1775,100,5,39.5,15.0,5.0,1e-06,50.0,80,0.60,0.58,True,54.2,3,2.459006452416731,1.568121950747687,8.009943738098574,
1767,100,5,39.5,15.0,5.0,1e-06,50.0,50,0.35,0.45,True,63.800000000000004,3,0.027779065002505376,0.16667052829611292,8.132983491613157,
1771,100,5,39.5,15.0,5.0,1e-06,50.0,80,center,center,True,58.0,3,2.3419156253353317,1.5303318677121416,8.061547801958346,
1768,100,5,39.5,15.0,5.0,1e-06,50.0,50,0.45,0.55,True,62.6,3,0.02249380749710083,0.1499793569032113,7.269829327152418,
1776,100,5,39.5,15.0,5.0,1e-06,50.0,120,center,center,True,58.800000000000004,3,1.804873480247622,1.3434557976530608,8.300613458918146,
1773,100,5,39.5,15.0,5.0,1e-06,50.0,80,0.45,0.55,True,62.2,3,0.2027668056218925,0.4502963531074758,6.588611837588472,
1772,100,5,39.5,15.0,5.0,1e-06,50.0,80,0.35,0.45,True,62.6,3,0.16148041992599313,0.40184626404384194,7.413035423126938,
1774,100,5,39.5,15.0,5.0,1e-06,50.0,80,0.60,0.45,True,62.6,3,0.00870259240599336,0.09328768625061595,10.032425066816497,
1781,100,5,39.5,15.0,5.0,1e-06,100.0,25,center,center,True,47.900000000000006,3,0.9688088164362009,0.9842808625774458,6.181075878258242,
1785,100,5,39.5,15.0,5.0,1e-06,100.0,25,0.60,0.58,True,38.1,3,0.017078765183503077,0.1306857497338676,7.156711089715461,
1779,100,5,39.5,15.0,5.0,1e-06,50.0,120,0.60,0.45,True,55.0,3,3.9805828231429716,1.9951398004007066,9.004148544118141,
1784,100,5,39.5,15.0,5.0,1e-06,100.0,25,0.60,0.45,True,44.300000000000004,3,2.612317068490714,1.6162663977484386,6.766044979303382,
1777,100,5,39.5,15.0,5.0,1e-06,50.0,120,0.35,0.45,True,62.7,3,0.06290984695225046,0.2508183544963376,7.4195606340961815,
1778,100,5,39.5,15.0,5.0,1e-06,50.0,120,0.45,0.55,True,62.0,3,0.261766000811264,0.5116307270006992,7.179229547636647,
1782,100,5,39.5,15.0,5.0,1e-06,100.0,25,0.35,0.45,True,51.1,3,0.0181822793251285,0.1348416824469663,6.029879019597347,
1783,100,5,39.5,15.0,5.0,1e-06,100.0,25,0.45,0.55,True,51.300000000000004,3,0.04481555921034422,0.21169685687403159,5.857481606317952,
1789,100,5,39.5,15.0,5.0,1e-06,100.0,50,0.60,0.45,True,44.300000000000004,3,3.1573661027661992,1.7768978875462145,7.28518137722239,
1780,100,5,39.5,15.0,5.0,1e-06,50.0,120,0.60,0.58,True,62.6,3,0.01202322506574226,0.1096504676950457,6.483198994724477,
1786,100,5,39.5,15.0,5.0,1e-06,100.0,50,center,center,True,51.5,3,0.008218618179172533,0.09065659479140242,5.014882063089298,
1787,100,5,39.5,15.0,5.0,1e-06,100.0,50,0.35,0.45,True,51.900000000000006,3,0.0237529158844253,0.15411981016217643,6.0744147247536855,
1791,100,5,39.5,15.0,5.0,1e-06,100.0,80,center,center,True,51.2,4,0.009449775665062367,0.09720995661485693,4.65926686036914,
1790,100,5,39.5,15.0,5.0,1e-06,100.0,50,0.60,0.58,True,51.2,4,0.014302834751991867,0.11959445953718703,5.15806621164024,
1788,100,5,39.5,15.0,5.0,1e-06,100.0,50,0.45,0.55,True,51.6,3,0.008866872140938776,0.0941640703290739,6.027453525345916,
1792,100,5,39.5,15.0,5.0,1e-06,100.0,80,0.35,0.45,True,51.0,4,0.01834484537754434,0.13544314444645894,5.735448051355447,
1801,100,5,62.6,14.1,1.0,1e-08,50.0,25,center,center,True,26.0,3,0.9782304744436221,0.9890553444795808,33.6708789558102,
1802,100,5,62.6,14.1,1.0,1e-08,50.0,25,0.35,0.45,True,25.6,3,0.7012337258314042,0.8373969941619114,33.719549691922744,
1803,100,5,62.6,14.1,1.0,1e-08,50.0,25,0.45,0.55,True,25.6,3,0.702682238492469,0.838261438032592,33.74283709986295,
1804,100,5,62.6,14.1,1.0,1e-08,50.0,25,0.60,0.45,True,25.6,3,1.2789685674334113,1.1309149249317614,33.228731157001974,
1805,100,5,62.6,14.1,1.0,1e-08,50.0,25,0.60,0.58,True,25.700000000000003,3,0.826510348941857,0.9091261457805826,33.72179255523635,
1795,100,5,39.5,15.0,5.0,1e-06,100.0,80,0.60,0.58,True,44.2,3,0.002432345534837594,0.04931881522134929,7.225361368478796,
1794,100,5,39.5,15.0,5.0,1e-06,100.0,80,0.60,0.45,True,44.5,3,0.04553371377197156,0.2133863017439769,8.015007285333803,
1807,100,5,62.6,14.1,1.0,1e-08,50.0,50,0.35,0.45,True,25.6,3,0.7012337258314042,0.8373969941619114,33.719549691922744,
1806,100,5,62.6,14.1,1.0,1e-08,50.0,50,center,center,True,26.0,3,0.9782304744436221,0.9890553444795808,33.6708789558102,
1793,100,5,39.5,15.0,5.0,1e-06,100.0,80,0.45,0.55,True,51.1,3,0.013651703711619226,0.11684050544061861,5.50562798747353,
1808,100,5,62.6,14.1,1.0,1e-08,50.0,50,0.45,0.55,True,25.6,3,0.702682238492469,0.838261438032592,33.74283709986295,
1809,100,5,62.6,14.1,1.0,1e-08,50.0,50,0.60,0.45,True,25.6,3,1.2789685674334113,1.1309149249317614,33.228731157001974,
1810,100,5,62.6,14.1,1.0,1e-08,50.0,50,0.60,0.58,True,25.700000000000003,3,0.826510348941857,0.9091261457805826,33.72179255523635,
1811,100,5,62.6,14.1,1.0,1e-08,50.0,80,center,center,True,26.0,3,0.9782304744436221,0.9890553444795808,33.6708789558102,
1812,100,5,62.6,14.1,1.0,1e-08,50.0,80,0.35,0.45,True,25.6,3,0.7012337258314042,0.8373969941619114,33.719549691922744,
1813,100,5,62.6,14.1,1.0,1e-08,50.0,80,0.45,0.55,True,25.6,3,0.702682238492469,0.838261438032592,33.74283709986295,
1814,100,5,62.6,14.1,1.0,1e-08,50.0,80,0.60,0.45,True,25.6,3,1.2789685674334113,1.1309149249317614,33.228731157001974,
1799,100,5,39.5,15.0,5.0,1e-06,100.0,120,0.60,0.45,True,45.1,3,2.957635933132643,1.7197778731954434,6.7055410380727105,
1815,100,5,62.6,14.1,1.0,1e-08,50.0,80,0.60,0.58,True,25.700000000000003,3,0.826510348941857,0.9091261457805826,33.72179255523635,
1796,100,5,39.5,15.0,5.0,1e-06,100.0,120,center,center,True,51.2,3,0.00035380612421393777,0.018809734825720903,4.638238418466982,
1816,100,5,62.6,14.1,1.0,1e-08,50.0,120,center,center,True,26.0,3,0.9782304744436221,0.9890553444795808,33.6708789558102,
1797,100,5,39.5,15.0,5.0,1e-06,100.0,120,0.35,0.45,True,51.1,4,0.021050621074547707,0.1450883216339196,5.722310027602836,
1817,100,5,62.6,14.1,1.0,1e-08,50.0,120,0.35,0.45,True,25.6,3,0.7012337258314042,0.8373969941619114,33.719549691922744,
1800,100,5,39.5,15.0,5.0,1e-06,100.0,120,0.60,0.58,True,50.5,3,0.6615704142538096,0.8133697893663187,5.131005360716808,
1798,100,5,39.5,15.0,5.0,1e-06,100.0,120,0.45,0.55,True,51.1,3,0.08607536202895785,0.29338602902823757,5.4784796477502,
1818,100,5,62.6,14.1,1.0,1e-08,50.0,120,0.45,0.55,True,25.6,3,0.702682238492469,0.838261438032592,33.74283709986295,
1819,100,5,62.6,14.1,1.0,1e-08,50.0,120,0.60,0.45,True,25.6,3,1.2789685674334113,1.1309149249317614,33.228731157001974,
1820,100,5,62.6,14.1,1.0,1e-08,50.0,120,0.60,0.58,True,25.700000000000003,3,0.826510348941857,0.9091261457805826,33.72179255523635,
1822,100,5,62.6,14.1,1.0,1e-08,100.0,25,0.35,0.45,True,25.6,3,0.7012337258314042,0.8373969941619114,33.719549691922744,
1821,100,5,62.6,14.1,1.0,1e-08,100.0,25,center,center,True,26.0,3,0.9782304744436221,0.9890553444795808,33.6708789558102,
1823,100,5,62.6,14.1,1.0,1e-08,100.0,25,0.45,0.55,True,25.6,3,0.702682238492469,0.838261438032592,33.74283709986295,
1824,100,5,62.6,14.1,1.0,1e-08,100.0,25,0.60,0.45,True,25.6,3,1.2789685674334113,1.1309149249317614,33.228731157001974,
1825,100,5,62.6,14.1,1.0,1e-08,100.0,25,0.60,0.58,True,25.700000000000003,3,0.826510348941857,0.9091261457805826,33.72179255523635,
1826,100,5,62.6,14.1,1.0,1e-08,100.0,50,center,center,True,26.0,3,0.9782304744436221,0.9890553444795808,33.6708789558102,
1827,100,5,62.6,14.1,1.0,1e-08,100.0,50,0.35,0.45,True,25.6,3,0.7012337258314042,0.8373969941619114,33.719549691922744,
1828,100,5,62.6,14.1,1.0,1e-08,100.0,50,0.45,0.55,True,25.6,3,0.702682238492469,0.838261438032592,33.74283709986295,
1829,100,5,62.6,14.1,1.0,1e-08,100.0,50,0.60,0.45,True,25.6,3,1.2789685674334113,1.1309149249317614,33.228731157001974,
1830,100,5,62.6,14.1,1.0,1e-08,100.0,50,0.60,0.58,True,25.700000000000003,3,0.826510348941857,0.9091261457805826,33.72179255523635,
1831,100,5,62.6,14.1,1.0,1e-08,100.0,80,center,center,True,26.0,3,0.9782304744436221,0.9890553444795808,33.6708789558102,
1834,100,5,62.6,14.1,1.0,1e-08,100.0,80,0.60,0.45,True,25.6,3,1.2789685674334113,1.1309149249317614,33.228731157001974,
1833,100,5,62.6,14.1,1.0,1e-08,100.0,80,0.45,0.55,True,25.6,3,0.702682238492469,0.838261438032592,33.74283709986295,
1832,100,5,62.6,14.1,1.0,1e-08,100.0,80,0.35,0.45,True,25.6,3,0.7012337258314042,0.8373969941619114,33.719549691922744,
1835,100,5,62.6,14.1,1.0,1e-08,100.0,80,0.60,0.58,True,25.700000000000003,3,0.826510348941857,0.9091261457805826,33.72179255523635,
1836,100,5,62.6,14.1,1.0,1e-08,100.0,120,center,center,True,26.0,3,0.9782304744436221,0.9890553444795808,33.6708789558102,
1837,100,5,62.6,14.1,1.0,1e-08,100.0,120,0.35,0.45,True,25.6,3,0.7012337258314042,0.8373969941619114,33.719549691922744,
1838,100,5,62.6,14.1,1.0,1e-08,100.0,120,0.45,0.55,True,25.6,3,0.702682238492469,0.838261438032592,33.74283709986295,
1839,100,5,62.6,14.1,1.0,1e-08,100.0,120,0.60,0.45,True,25.6,3,1.2789685674334113,1.1309149249317614,33.228731157001974,
1840,100,5,62.6,14.1,1.0,1e-08,100.0,120,0.60,0.58,True,25.700000000000003,3,0.826510348941857,0.9091261457805826,33.72179255523635,
1861,100,5,62.6,14.1,1.0,1e-07,100.0,25,center,center,True,62.400000000000006,3,0.02680534859523023,0.16372339049515872,23.56223800304608,
1864,100,5,62.6,14.1,1.0,1e-07,100.0,25,0.60,0.45,True,62.5,3,0.13523291777869534,0.36774028577067175,25.975536524359303,
1866,100,5,62.6,14.1,1.0,1e-07,100.0,50,center,center,True,61.800000000000004,3,0.03659144082063081,0.19128889361547055,23.605340231158188,
1841,100,5,62.6,14.1,1.0,1e-07,50.0,25,center,center,True,84.2,3,8.138644226283697,2.852830914422321,24.162403403168405,
1871,100,5,62.6,14.1,1.0,1e-07,100.0,80,center,center,True,61.800000000000004,3,0.03735886762088581,0.1932844215680245,23.52309002793907,
1844,100,5,62.6,14.1,1.0,1e-07,50.0,25,0.60,0.45,True,83.60000000000001,3,2.877571402509256,1.696340591540878,23.276221311701306,
1845,100,5,62.6,14.1,1.0,1e-07,50.0,25,0.60,0.58,True,83.7,3,2.952853960146948,1.718387022805674,23.869960513318503,
1842,100,5,62.6,14.1,1.0,1e-07,50.0,25,0.35,0.45,True,83.30000000000001,3,3.3047712458951937,1.8179029803306868,24.06317659727049,
1843,100,5,62.6,14.1,1.0,1e-07,50.0,25,0.45,0.55,True,83.60000000000001,3,3.5412306981003256,1.8818157981323054,23.468907915230652,
1846,100,5,62.6,14.1,1.0,1e-07,50.0,50,center,center,True,84.2,3,8.138644226283697,2.852830914422321,24.162403403168405,
1847,100,5,62.6,14.1,1.0,1e-07,50.0,50,0.35,0.45,True,83.30000000000001,3,3.3047712458951937,1.8179029803306868,24.06317659727049,
1848,100,5,62.6,14.1,1.0,1e-07,50.0,50,0.45,0.55,True,83.60000000000001,3,3.5412306981003256,1.8818157981323054,23.468907915230652,
1849,100,5,62.6,14.1,1.0,1e-07,50.0,50,0.60,0.45,True,83.60000000000001,3,2.877571402509256,1.696340591540878,23.276221311701306,
1862,100,5,62.6,14.1,1.0,1e-07,100.0,25,0.35,0.45,True,75.2,3,0.7724408229804757,0.8788861262874023,23.463912829096476,
1863,100,5,62.6,14.1,1.0,1e-07,100.0,25,0.45,0.55,True,74.8,3,1.8071254284803802,1.3442936541099866,23.29028566132659,
1865,100,5,62.6,14.1,1.0,1e-07,100.0,25,0.60,0.58,True,75.10000000000001,3,0.08705402553304817,0.2950491917173273,24.70739564452126,
1850,100,5,62.6,14.1,1.0,1e-07,50.0,50,0.60,0.58,True,83.7,3,2.952853960146948,1.718387022805674,23.869960513318503,
1867,100,5,62.6,14.1,1.0,1e-07,100.0,50,0.35,0.45,True,76.2,3,0.00826745197301533,0.09092552981982195,25.440588429524944,
1869,100,5,62.6,14.1,1.0,1e-07,100.0,50,0.60,0.45,True,74.8,4,0.16262065767804268,0.4032625170754687,25.53549532031477,
1868,100,5,62.6,14.1,1.0,1e-07,100.0,50,0.45,0.55,True,74.9,4,0.06063841129590821,0.24624867775463935,24.872998085057482,
1851,100,5,62.6,14.1,1.0,1e-07,50.0,80,center,center,True,84.2,3,8.138644226283697,2.852830914422321,24.162403403168405,
1852,100,5,62.6,14.1,1.0,1e-07,50.0,80,0.35,0.45,True,83.30000000000001,3,3.3047712458951937,1.8179029803306868,24.06317659727049,
1857,100,5,62.6,14.1,1.0,1e-07,50.0,120,0.35,0.45,True,83.30000000000001,3,3.3047712458951937,1.8179029803306868,24.06317659727049,
1853,100,5,62.6,14.1,1.0,1e-07,50.0,80,0.45,0.55,True,83.60000000000001,3,3.5412306981003256,1.8818157981323054,23.468907915230652,
1870,100,5,62.6,14.1,1.0,1e-07,100.0,50,0.60,0.58,True,75.2,3,0.030038466978897716,0.17331608978654497,24.91132072257176,
1855,100,5,62.6,14.1,1.0,1e-07,50.0,80,0.60,0.58,True,83.7,3,2.952853960146948,1.718387022805674,23.869960513318503,
1856,100,5,62.6,14.1,1.0,1e-07,50.0,120,center,center,True,84.2,3,8.138644226283697,2.852830914422321,24.162403403168405,
1854,100,5,62.6,14.1,1.0,1e-07,50.0,80,0.60,0.45,True,83.60000000000001,3,2.877571402509256,1.696340591540878,23.276221311701306,
1858,100,5,62.6,14.1,1.0,1e-07,50.0,120,0.45,0.55,True,83.60000000000001,3,3.5412306981003256,1.8818157981323054,23.468907915230652,
1859,100,5,62.6,14.1,1.0,1e-07,50.0,120,0.60,0.45,True,83.60000000000001,3,2.877571402509256,1.696340591540878,23.276221311701306,
1872,100,5,62.6,14.1,1.0,1e-07,100.0,80,0.35,0.45,True,75.8,3,4.056644514551398,2.0141113461155515,26.264958400087245,
1860,100,5,62.6,14.1,1.0,1e-07,50.0,120,0.60,0.58,True,83.7,3,2.952853960146948,1.718387022805674,23.869960513318503,
1874,100,5,62.6,14.1,1.0,1e-07,100.0,80,0.60,0.45,True,61.900000000000006,3,0.5944347448058473,0.7709959434431852,26.011194437481716,
1873,100,5,62.6,14.1,1.0,1e-07,100.0,80,0.45,0.55,True,62.7,3,0.26006148743111374,0.5099622411817504,26.78276329505188,
1881,100,5,62.6,14.1,1.0,1e-06,50.0,25,center,center,True,56.1,3,2.877804046710824e-06,0.0016964091625285523,14.55563307452352,
1875,100,5,62.6,14.1,1.0,1e-07,100.0,80,0.60,0.58,True,62.7,3,0.13976655568111218,0.3738536554336632,26.07078749944726,
1884,100,5,62.6,14.1,1.0,1e-06,50.0,25,0.60,0.45,True,56.400000000000006,3,0.0007304030420312241,0.027025969770412016,15.257415853956163,
1885,100,5,62.6,14.1,1.0,1e-06,50.0,25,0.60,0.58,True,57.0,3,0.01360918748924066,0.11665842228163666,14.753279667402863,
1904,100,5,62.6,14.1,1.0,1e-06,100.0,25,0.60,0.45,True,46.1,3,0.01980605786310843,0.14073399682773324,9.710661780607643,
1903,100,5,62.6,14.1,1.0,1e-06,100.0,25,0.45,0.55,True,48.900000000000006,3,0.023355459599917458,0.15282493121188526,10.984448995514319,
1876,100,5,62.6,14.1,1.0,1e-07,100.0,120,center,center,True,62.0,3,0.04351430671664642,0.20860083105454402,24.044828012675772,
1902,100,5,62.6,14.1,1.0,1e-06,100.0,25,0.35,0.45,True,52.7,3,0.030749380067665113,0.17535501152708785,10.99915508241716,
1879,100,5,62.6,14.1,1.0,1e-07,100.0,120,0.60,0.45,True,62.2,3,0.2439825803177289,0.49394592853644304,26.18996359740151,
1878,100,5,62.6,14.1,1.0,1e-07,100.0,120,0.45,0.55,True,62.400000000000006,3,0.3039176996823967,0.5512873113743837,26.171593747477253,
1901,100,5,62.6,14.1,1.0,1e-06,100.0,25,center,center,True,55.5,3,0.014988742414240001,0.12242851961140427,11.189221753468884,
1880,100,5,62.6,14.1,1.0,1e-07,100.0,120,0.60,0.58,True,62.6,3,0.26449053103196607,0.5142864289789942,26.559590444652773,
1893,100,5,62.6,14.1,1.0,1e-06,50.0,80,0.45,0.55,True,66.2,3,0.011408625266676225,0.10681116639507418,14.563271679097644,
1891,100,5,62.6,14.1,1.0,1e-06,50.0,80,center,center,True,66.9,3,8.596697981284422e-05,0.009271837995394668,14.67065126332977,
1883,100,5,62.6,14.1,1.0,1e-06,50.0,25,0.45,0.55,True,69.60000000000001,3,1.0355027978098513e-06,0.0010175965791067948,15.353142331132434,
1877,100,5,62.6,14.1,1.0,1e-07,100.0,120,0.35,0.45,True,74.10000000000001,3,3.4793560511212562,1.86530320621642,25.40203189132716,
1895,100,5,62.6,14.1,1.0,1e-06,50.0,80,0.60,0.58,True,68.2,3,0.014882242610628343,0.12199279737192825,15.217624103078306,
1894,100,5,62.6,14.1,1.0,1e-06,50.0,80,0.60,0.45,True,69.5,3,0.0275765825810233,0.16606198415357834,15.808211378009757,
1898,100,5,62.6,14.1,1.0,1e-06,50.0,120,0.45,0.55,True,67.9,3,0.0028714936186295045,0.05358631932340105,15.210371916331022,
1896,100,5,62.6,14.1,1.0,1e-06,50.0,120,center,center,True,69.0,3,0.006252534890170751,0.07907297193207519,14.701481093813385,
1897,100,5,62.6,14.1,1.0,1e-06,50.0,120,0.35,0.45,True,70.4,3,0.032083775170770074,0.17911944386573467,16.64534818949652,
1900,100,5,62.6,14.1,1.0,1e-06,50.0,120,0.60,0.58,True,69.3,3,0.004201445957678738,0.06481856182976245,15.207958113048672,
1899,100,5,62.6,14.1,1.0,1e-06,50.0,120,0.60,0.45,True,70.9,3,0.02404423733192471,0.15506204349203162,16.131087561798143,
1887,100,5,62.6,14.1,1.0,1e-06,50.0,50,0.35,0.45,True,83.2,3,0.00283555414289981,0.053249921529517866,14.828699431966056,
1886,100,5,62.6,14.1,1.0,1e-06,50.0,50,center,center,True,84.30000000000001,3,3.32442328654483e-05,0.005765781201662815,16.066016109970285,
1888,100,5,62.6,14.1,1.0,1e-06,50.0,50,0.45,0.55,True,84.0,3,0.008737874431873004,0.09347659831141163,14.291144658968587,
1890,100,5,62.6,14.1,1.0,1e-06,50.0,50,0.60,0.58,True,86.9,3,2.067426726303322e-05,0.0045468964429634,16.214663150495593,
1889,100,5,62.6,14.1,1.0,1e-06,50.0,50,0.60,0.45,True,90.30000000000001,3,5.9706997963300174e-05,0.007727030345695569,17.931161335066832,
1892,100,5,62.6,14.1,1.0,1e-06,50.0,80,0.35,0.45,True,92.4,3,4.395448588641389e-05,0.006629817937652126,19.750034891944,
1922,100,5,62.6,14.1,3.0,1e-08,50.0,25,0.35,0.45,True,25.6,3,0.7012337380848016,0.8373970014782723,33.71954423820545,
1921,100,5,62.6,14.1,3.0,1e-08,50.0,25,center,center,True,25.900000000000002,3,0.978240228783256,0.9890602756067276,33.6801504843853,
1923,100,5,62.6,14.1,3.0,1e-08,50.0,25,0.45,0.55,True,25.6,3,0.7026841391292145,0.8382625717096133,33.72954239296244,
1924,100,5,62.6,14.1,3.0,1e-08,50.0,25,0.60,0.45,True,25.6,3,1.3899726177204563,1.178970999524779,33.16471400733197,
1906,100,5,62.6,14.1,1.0,1e-06,100.0,50,center,center,True,51.400000000000006,3,0.0010280422088035327,0.03206309730521262,11.08255895631497,
1925,100,5,62.6,14.1,3.0,1e-08,50.0,25,0.60,0.58,True,25.6,3,0.6995216813420864,0.8363741276140041,33.72757289374603,
1911,100,5,62.6,14.1,1.0,1e-06,100.0,80,center,center,True,48.7,3,0.015891263571085654,0.12606055517522383,10.628513643138769,
1926,100,5,62.6,14.1,3.0,1e-08,50.0,50,center,center,True,25.900000000000002,3,0.978240228783256,0.9890602756067276,33.6801504843853,
1905,100,5,62.6,14.1,1.0,1e-06,100.0,25,0.60,0.58,True,56.900000000000006,3,0.029771513624668688,0.1725442367182071,11.679987115347771,
1908,100,5,62.6,14.1,1.0,1e-06,100.0,50,0.45,0.55,True,52.300000000000004,3,0.02521254539817609,0.1587845880373032,11.555894887913105,
1927,100,5,62.6,14.1,3.0,1e-08,50.0,50,0.35,0.45,True,25.6,3,0.7012337380848016,0.8373970014782723,33.71954423820545,
1928,100,5,62.6,14.1,3.0,1e-08,50.0,50,0.45,0.55,True,25.6,3,0.7026841391292145,0.8382625717096133,33.72954239296244,
1909,100,5,62.6,14.1,1.0,1e-06,100.0,50,0.60,0.45,True,53.0,3,0.017457738795879887,0.13212773666372965,11.450053337837899,
1907,100,5,62.6,14.1,1.0,1e-06,100.0,50,0.35,0.45,True,54.0,3,0.028464977571873662,0.1687156707951981,12.56276542319314,
1929,100,5,62.6,14.1,3.0,1e-08,50.0,50,0.60,0.45,True,25.6,3,1.3899726177204563,1.178970999524779,33.16471400733197,
1910,100,5,62.6,14.1,1.0,1e-06,100.0,50,0.60,0.58,True,54.1,3,0.0037667463926715533,0.06137382497996645,11.688550788587538,
1913,100,5,62.6,14.1,1.0,1e-06,100.0,80,0.45,0.55,True,54.5,3,0.017978938621843576,0.13408556455429338,11.73511090338875,
1914,100,5,62.6,14.1,1.0,1e-06,100.0,80,0.60,0.45,True,53.6,3,0.019749832257075613,0.14053409642174247,11.346823777926241,
1912,100,5,62.6,14.1,1.0,1e-06,100.0,80,0.35,0.45,True,55.800000000000004,3,0.004656326264996743,0.06823727914415069,12.703650752703185,
1930,100,5,62.6,14.1,3.0,1e-08,50.0,50,0.60,0.58,True,25.6,3,0.6995216813420864,0.8363741276140041,33.72757289374603,
1920,100,5,62.6,14.1,1.0,1e-06,100.0,120,0.60,0.58,True,46.400000000000006,3,0.026020448784923378,0.16130855149347595,11.354242357452872,
1931,100,5,62.6,14.1,3.0,1e-08,50.0,80,center,center,True,25.900000000000002,3,0.978240228783256,0.9890602756067276,33.6801504843853,
1916,100,5,62.6,14.1,1.0,1e-06,100.0,120,center,center,True,54.2,3,0.014330989918589908,0.11971211266446645,10.874907802717807,
1932,100,5,62.6,14.1,3.0,1e-08,50.0,80,0.35,0.45,True,25.6,3,0.7012337380848016,0.8373970014782723,33.71954423820545,
1915,100,5,62.6,14.1,1.0,1e-06,100.0,80,0.60,0.58,True,57.1,3,0.017223110820545853,0.13123685008619285,11.520429392605921,
1917,100,5,62.6,14.1,1.0,1e-06,100.0,120,0.35,0.45,True,55.7,3,0.03554849773480876,0.18854309251417503,12.25020501209244,
1918,100,5,62.6,14.1,1.0,1e-06,100.0,120,0.45,0.55,True,54.800000000000004,3,0.02378102344924153,0.15421097058653618,11.622269318950918,
1933,100,5,62.6,14.1,3.0,1e-08,50.0,80,0.45,0.55,True,25.6,3,0.7026841391292145,0.8382625717096133,33.72954239296244,
1919,100,5,62.6,14.1,1.0,1e-06,100.0,120,0.60,0.45,True,53.800000000000004,3,0.01936270805761121,0.13914994810495335,11.24745476453646,
1934,100,5,62.6,14.1,3.0,1e-08,50.0,80,0.60,0.45,True,25.6,3,1.3899726177204563,1.178970999524779,33.16471400733197,
1935,100,5,62.6,14.1,3.0,1e-08,50.0,80,0.60,0.58,True,25.6,3,0.6995216813420864,0.8363741276140041,33.72757289374603,
1936,100,5,62.6,14.1,3.0,1e-08,50.0,120,center,center,True,25.900000000000002,3,0.978240228783256,0.9890602756067276,33.6801504843853,
1937,100,5,62.6,14.1,3.0,1e-08,50.0,120,0.35,0.45,True,25.6,3,0.7012337380848016,0.8373970014782723,33.71954423820545,
1939,100,5,62.6,14.1,3.0,1e-08,50.0,120,0.60,0.45,True,25.6,3,1.3899726177204563,1.178970999524779,33.16471400733197,
1938,100,5,62.6,14.1,3.0,1e-08,50.0,120,0.45,0.55,True,25.6,3,0.7026841391292145,0.8382625717096133,33.72954239296244,
1942,100,5,62.6,14.1,3.0,1e-08,100.0,25,0.35,0.45,True,25.6,3,0.7012337380848016,0.8373970014782723,33.71954423820545,
1940,100,5,62.6,14.1,3.0,1e-08,50.0,120,0.60,0.58,True,25.6,3,0.6995216813420864,0.8363741276140041,33.72757289374603,
1943,100,5,62.6,14.1,3.0,1e-08,100.0,25,0.45,0.55,True,25.6,3,0.7026841391292145,0.8382625717096133,33.72954239296244,
1941,100,5,62.6,14.1,3.0,1e-08,100.0,25,center,center,True,25.900000000000002,3,0.978240228783256,0.9890602756067276,33.6801504843853,
1944,100,5,62.6,14.1,3.0,1e-08,100.0,25,0.60,0.45,True,25.6,3,1.3899726177204563,1.178970999524779,33.16471400733197,
1945,100,5,62.6,14.1,3.0,1e-08,100.0,25,0.60,0.58,True,25.6,3,0.6995216813420864,0.8363741276140041,33.72757289374603,
1946,100,5,62.6,14.1,3.0,1e-08,100.0,50,center,center,True,25.900000000000002,3,0.978240228783256,0.9890602756067276,33.6801504843853,
1947,100,5,62.6,14.1,3.0,1e-08,100.0,50,0.35,0.45,True,25.6,3,0.7012337380848016,0.8373970014782723,33.71954423820545,
1948,100,5,62.6,14.1,3.0,1e-08,100.0,50,0.45,0.55,True,25.6,3,0.7026841391292145,0.8382625717096133,33.72954239296244,
1949,100,5,62.6,14.1,3.0,1e-08,100.0,50,0.60,0.45,True,25.6,3,1.3899726177204563,1.178970999524779,33.16471400733197,
1950,100,5,62.6,14.1,3.0,1e-08,100.0,50,0.60,0.58,True,25.6,3,0.6995216813420864,0.8363741276140041,33.72757289374603,
1951,100,5,62.6,14.1,3.0,1e-08,100.0,80,center,center,True,25.900000000000002,3,0.978240228783256,0.9890602756067276,33.6801504843853,
1952,100,5,62.6,14.1,3.0,1e-08,100.0,80,0.35,0.45,True,25.6,3,0.7012337380848016,0.8373970014782723,33.71954423820545,
1953,100,5,62.6,14.1,3.0,1e-08,100.0,80,0.45,0.55,True,25.6,3,0.7026841391292145,0.8382625717096133,33.72954239296244,
1954,100,5,62.6,14.1,3.0,1e-08,100.0,80,0.60,0.45,True,25.6,3,1.3899726177204563,1.178970999524779,33.16471400733197,
1882,100,5,62.6,14.1,1.0,1e-06,50.0,25,0.35,0.45,True,144.4,3,2.4583969069518842e-05,0.004958222369914327,19.19247548650357,
1955,100,5,62.6,14.1,3.0,1e-08,100.0,80,0.60,0.58,True,25.6,3,0.6995216813420864,0.8363741276140041,33.72757289374603,
1956,100,5,62.6,14.1,3.0,1e-08,100.0,120,center,center,True,25.900000000000002,3,0.978240228783256,0.9890602756067276,33.6801504843853,
1957,100,5,62.6,14.1,3.0,1e-08,100.0,120,0.35,0.45,True,25.6,3,0.7012337380848016,0.8373970014782723,33.71954423820545,
1958,100,5,62.6,14.1,3.0,1e-08,100.0,120,0.45,0.55,True,25.6,3,0.7026841391292145,0.8382625717096133,33.72954239296244,
1959,100,5,62.6,14.1,3.0,1e-08,100.0,120,0.60,0.45,True,25.6,3,1.3899726177204563,1.178970999524779,33.16471400733197,
1960,100,5,62.6,14.1,3.0,1e-08,100.0,120,0.60,0.58,True,25.6,3,0.6995216813420864,0.8363741276140041,33.72757289374603,
1981,100,5,62.6,14.1,3.0,1e-07,100.0,25,center,center,True,62.2,3,0.0152567006610316,0.12351801755627234,24.264732171174206,
1984,100,5,62.6,14.1,3.0,1e-07,100.0,25,0.60,0.45,True,62.1,3,0.4469532865755375,0.6685456503302803,25.47174845952485,
1961,100,5,62.6,14.1,3.0,1e-07,50.0,25,center,center,True,84.5,3,11.665167084112735,3.4154307318569255,24.087997370202853,
1962,100,5,62.6,14.1,3.0,1e-07,50.0,25,0.35,0.45,True,83.4,3,3.102731347698125,1.7614571660128795,24.365096774708032,
1991,100,5,62.6,14.1,3.0,1e-07,100.0,80,center,center,True,62.0,4,0.012851920674042996,0.11336631190103609,23.738032871994058,
1963,100,5,62.6,14.1,3.0,1e-07,50.0,25,0.45,0.55,True,83.4,3,3.0833304429656105,1.75594146911724,24.31135392739831,
1964,100,5,62.6,14.1,3.0,1e-07,50.0,25,0.60,0.45,True,83.30000000000001,3,3.536500080169776,1.8805584490171465,23.477875594148063,
1965,100,5,62.6,14.1,3.0,1e-07,50.0,25,0.60,0.58,True,83.4,3,3.075100391633136,1.7535964164063338,24.17324504862332,
1966,100,5,62.6,14.1,3.0,1e-07,50.0,50,center,center,True,84.5,3,11.665167084112735,3.4154307318569255,24.087997370202853,
1982,100,5,62.6,14.1,3.0,1e-07,100.0,25,0.35,0.45,True,74.7,3,0.29772588176462744,0.5456426319163739,23.314645219035913,
1967,100,5,62.6,14.1,3.0,1e-07,50.0,50,0.35,0.45,True,83.4,3,3.102731347698125,1.7614571660128795,24.365096774708032,
1983,100,5,62.6,14.1,3.0,1e-07,100.0,25,0.45,0.55,True,74.8,3,1.1597181945534556,1.0769021285861848,23.470024225328462,
1968,100,5,62.6,14.1,3.0,1e-07,50.0,50,0.45,0.55,True,83.4,3,3.0833304429656105,1.75594146911724,24.31135392739831,
1985,100,5,62.6,14.1,3.0,1e-07,100.0,25,0.60,0.58,True,75.10000000000001,4,0.0863150950293738,0.29379430734677925,24.658249402069906,
1988,100,5,62.6,14.1,3.0,1e-07,100.0,50,0.45,0.55,True,75.10000000000001,4,0.0716902653451996,0.26775037879562297,24.814058012598906,
1987,100,5,62.6,14.1,3.0,1e-07,100.0,50,0.35,0.45,True,76.3,3,0.027731523224629673,0.16652784519301772,25.47058371993611,
1970,100,5,62.6,14.1,3.0,1e-07,50.0,50,0.60,0.58,True,83.4,3,3.075100391633136,1.7535964164063338,24.17324504862332,
1989,100,5,62.6,14.1,3.0,1e-07,100.0,50,0.60,0.45,True,74.60000000000001,4,0.0802528242167649,0.2832892942148801,24.472461157754914,
1969,100,5,62.6,14.1,3.0,1e-07,50.0,50,0.60,0.45,True,83.30000000000001,3,3.536500080169776,1.8805584490171465,23.477875594148063,
1992,100,5,62.6,14.1,3.0,1e-07,100.0,80,0.35,0.45,True,75.60000000000001,3,3.8426833271535723,1.9602763394872602,26.387215120056805,
1975,100,5,62.6,14.1,3.0,1e-07,50.0,80,0.60,0.58,True,83.4,3,3.075100391633136,1.7535964164063338,24.17324504862332,
1986,100,5,62.6,14.1,3.0,1e-07,100.0,50,center,center,True,75.8,3,0.32613390771164324,0.5710813494692707,23.776884742553197,
1971,100,5,62.6,14.1,3.0,1e-07,50.0,80,center,center,True,84.5,3,11.665167084112735,3.4154307318569255,24.087997370202853,
1990,100,5,62.6,14.1,3.0,1e-07,100.0,50,0.60,0.58,True,75.2,3,0.06265438947531056,0.2503085884969003,24.989533281567056,
1972,100,5,62.6,14.1,3.0,1e-07,50.0,80,0.35,0.45,True,83.4,3,3.102731347698125,1.7614571660128795,24.365096774708032,
1977,100,5,62.6,14.1,3.0,1e-07,50.0,120,0.35,0.45,True,83.4,3,3.102731347698125,1.7614571660128795,24.365096774708032,
1973,100,5,62.6,14.1,3.0,1e-07,50.0,80,0.45,0.55,True,83.4,3,3.0833304429656105,1.75594146911724,24.31135392739831,
1979,100,5,62.6,14.1,3.0,1e-07,50.0,120,0.60,0.45,True,83.30000000000001,3,3.536500080169776,1.8805584490171465,23.477875594148063,
1974,100,5,62.6,14.1,3.0,1e-07,50.0,80,0.60,0.45,True,83.30000000000001,3,3.536500080169776,1.8805584490171465,23.477875594148063,
1976,100,5,62.6,14.1,3.0,1e-07,50.0,120,center,center,True,84.5,3,11.665167084112735,3.4154307318569255,24.087997370202853,
1978,100,5,62.6,14.1,3.0,1e-07,50.0,120,0.45,0.55,True,83.4,3,3.0833304429656105,1.75594146911724,24.31135392739831,
1980,100,5,62.6,14.1,3.0,1e-07,50.0,120,0.60,0.58,True,83.4,3,3.075100391633136,1.7535964164063338,24.17324504862332,
1993,100,5,62.6,14.1,3.0,1e-07,100.0,80,0.45,0.55,True,62.6,3,0.06416317225293919,0.25330450499929763,27.06299405951356,
1994,100,5,62.6,14.1,3.0,1e-07,100.0,80,0.60,0.45,True,62.2,3,0.19814289023256665,0.44513244122684054,26.16022073960781,
1995,100,5,62.6,14.1,3.0,1e-07,100.0,80,0.60,0.58,True,62.7,3,0.14525493096388892,0.3811232490466685,26.085592538531223,
1996,100,5,62.6,14.1,3.0,1e-07,100.0,120,center,center,True,62.1,3,0.024974601656055976,0.15803354598330058,24.295919279197093,
2024,100,5,62.6,14.1,3.0,1e-06,100.0,25,0.60,0.45,True,46.2,3,0.019570766409817735,0.139895555361197,10.650143885784777,
2023,100,5,62.6,14.1,3.0,1e-06,100.0,25,0.45,0.55,True,49.0,3,0.023217661482210182,0.1523734277431934,11.051713251230716,
1999,100,5,62.6,14.1,3.0,1e-07,100.0,120,0.60,0.45,True,62.1,3,0.5599759429845557,0.7483154034125956,26.190388347608902,
2022,100,5,62.6,14.1,3.0,1e-06,100.0,25,0.35,0.45,True,52.400000000000006,3,0.028600931340898493,0.1691180987975518,10.996600702175423,
1998,100,5,62.6,14.1,3.0,1e-07,100.0,120,0.45,0.55,True,62.400000000000006,3,0.006315941473581853,0.07947289772986671,26.23989060533406,
2000,100,5,62.6,14.1,3.0,1e-07,100.0,120,0.60,0.58,True,62.5,3,0.7635602628757086,0.8738193536857081,26.508176617674888,
2021,100,5,62.6,14.1,3.0,1e-06,100.0,25,center,center,True,54.2,3,0.014380822543241582,0.11992006730835995,11.165386370229141,
2001,100,5,62.6,14.1,3.0,1e-06,50.0,25,center,center,True,64.4,3,1.020373707541758e-05,0.0031943288928063716,14.439650214409141,
2004,100,5,62.6,14.1,3.0,1e-06,50.0,25,0.60,0.45,True,68.2,3,0.02315362917405475,0.15216316628558552,16.514019837220175,
2011,100,5,62.6,14.1,3.0,1e-06,50.0,80,center,center,True,64.9,3,8.416469246458962e-05,0.009174131700852654,14.705916262005882,
2003,100,5,62.6,14.1,3.0,1e-06,50.0,25,0.45,0.55,True,69.60000000000001,3,9.175531186293815e-07,0.0009578899303309235,15.297523385156378,
1997,100,5,62.6,14.1,3.0,1e-07,100.0,120,0.35,0.45,True,74.2,3,3.7931751849385256,1.9476075541388018,25.291029661478973,
2013,100,5,62.6,14.1,3.0,1e-06,50.0,80,0.45,0.55,True,66.8,3,0.018048729273231805,0.13434555918686633,14.778822363183949,
2005,100,5,62.6,14.1,3.0,1e-06,50.0,25,0.60,0.58,True,69.7,3,1.6375871610920165e-06,0.0012796824454105857,17.572697840824645,
2014,100,5,62.6,14.1,3.0,1e-06,50.0,80,0.60,0.45,True,67.4,3,0.012751641255414359,0.1129231652736247,15.898677423191476,
2015,100,5,62.6,14.1,3.0,1e-06,50.0,80,0.60,0.58,True,68.9,3,0.03180408664164449,0.17833700300735258,16.022378837651107,
2016,100,5,62.6,14.1,3.0,1e-06,50.0,120,center,center,True,67.3,3,0.006397468960073603,0.07998417943614601,14.817005020611195,
2018,100,5,62.6,14.1,3.0,1e-06,50.0,120,0.45,0.55,True,68.2,3,0.0028599050165281355,0.05347807977599921,15.165888601701447,
2020,100,5,62.6,14.1,3.0,1e-06,50.0,120,0.60,0.58,True,69.60000000000001,3,0.004289620229950076,0.06549519241860487,15.56757995923537,
2019,100,5,62.6,14.1,3.0,1e-06,50.0,120,0.60,0.45,True,69.5,3,0.002973933130362967,0.054533779718289904,16.136630861887937,
2007,100,5,62.6,14.1,3.0,1e-06,50.0,50,0.35,0.45,True,83.4,3,0.01763073843757524,0.132780790920883,15.115417167562635,
2008,100,5,62.6,14.1,3.0,1e-06,50.0,50,0.45,0.55,True,83.7,3,0.0014978390345626372,0.03870192546324585,14.231702715552547,
2006,100,5,62.6,14.1,3.0,1e-06,50.0,50,center,center,True,86.30000000000001,3,3.981209897011805e-05,0.006309682953217067,15.650986246549497,
2010,100,5,62.6,14.1,3.0,1e-06,50.0,50,0.60,0.58,True,86.30000000000001,3,0.002256518250506603,0.04750282360561952,15.786790802650042,
2017,100,5,62.6,14.1,3.0,1e-06,50.0,120,0.35,0.45,True,86.80000000000001,3,4.7735517218479996e-05,0.006909089463777408,18.130421278207,
2025,100,5,62.6,14.1,3.0,1e-06,100.0,25,0.60,0.58,True,46.6,3,0.027780362934215506,0.16667442195554633,11.55722341664877,
2012,100,5,62.6,14.1,3.0,1e-06,50.0,80,0.35,0.45,True,91.80000000000001,3,4.795426913879946e-05,0.006924902103192468,19.05227054679176,
2009,100,5,62.6,14.1,3.0,1e-06,50.0,50,0.60,0.45,True,91.60000000000001,3,3.468417829174271e-05,0.005889327490617474,24.095597394029127,
2041,100,5,62.6,14.1,5.0,1e-08,50.0,25,center,center,True,25.700000000000003,3,0.958649153144674,0.9791063032912586,33.67441946717407,
2042,100,5,62.6,14.1,5.0,1e-08,50.0,25,0.35,0.45,True,25.6,3,0.7026885839983829,0.8382652229446137,33.7394457201112,
2043,100,5,62.6,14.1,5.0,1e-08,50.0,25,0.45,0.55,True,25.6,3,0.7026874219657804,0.8382645298268204,33.73023848295594,
2044,100,5,62.6,14.1,5.0,1e-08,50.0,25,0.60,0.45,True,25.6,3,1.44290528714548,1.2012099263432183,33.14786340259305,
2045,100,5,62.6,14.1,5.0,1e-08,50.0,25,0.60,0.58,True,25.6,3,0.6994840205952952,0.8363516130164963,33.68814169864161,
2026,100,5,62.6,14.1,3.0,1e-06,100.0,50,center,center,True,51.300000000000004,3,0.0014619883016624311,0.0382359556133024,10.787130933418114,
2046,100,5,62.6,14.1,5.0,1e-08,50.0,50,center,center,True,25.700000000000003,3,0.958649153144674,0.9791063032912586,33.67441946717407,
2047,100,5,62.6,14.1,5.0,1e-08,50.0,50,0.35,0.45,True,25.6,3,0.7026885839983829,0.8382652229446137,33.7394457201112,
2048,100,5,62.6,14.1,5.0,1e-08,50.0,50,0.45,0.55,True,25.6,3,0.7026874219657804,0.8382645298268204,33.73023848295594,
2028,100,5,62.6,14.1,3.0,1e-06,100.0,50,0.45,0.55,True,52.1,3,0.019730159756695283,0.1404640870710207,11.72825204968278,
2029,100,5,62.6,14.1,3.0,1e-06,100.0,50,0.60,0.45,True,53.400000000000006,3,0.01872545339527157,0.13684097849427843,12.18175903821721,
2035,100,5,62.6,14.1,3.0,1e-06,100.0,80,0.60,0.58,True,49.7,3,0.015899048861773294,0.12609143056438568,11.915880443450037,
2030,100,5,62.6,14.1,3.0,1e-06,100.0,50,0.60,0.58,True,55.0,3,0.016087187139280673,0.12683527561085153,11.683879706515878,
2031,100,5,62.6,14.1,3.0,1e-06,100.0,80,center,center,True,53.6,3,0.015349620808275398,0.12389358663092855,10.599876599182759,
2049,100,5,62.6,14.1,5.0,1e-08,50.0,50,0.60,0.45,True,25.6,3,1.44290528714548,1.2012099263432183,33.14786340259305,
2034,100,5,62.6,14.1,3.0,1e-06,100.0,80,0.60,0.45,True,54.6,3,0.021160851921779432,0.14546770061350195,12.422085652873612,
2033,100,5,62.6,14.1,3.0,1e-06,100.0,80,0.45,0.55,True,54.7,3,0.020135532074019292,0.1418997254191117,11.670485144637112,
2036,100,5,62.6,14.1,3.0,1e-06,100.0,120,center,center,True,53.6,3,0.013724472842140168,0.1171514952620758,10.907109897854358,
2050,100,5,62.6,14.1,5.0,1e-08,50.0,50,0.60,0.58,True,25.6,3,0.6994840205952952,0.8363516130164963,33.68814169864161,
2040,100,5,62.6,14.1,3.0,1e-06,100.0,120,0.60,0.58,True,49.5,3,0.014865491086882133,0.12192412020138646,11.74774275424639,
2051,100,5,62.6,14.1,5.0,1e-08,50.0,80,center,center,True,25.700000000000003,3,0.958649153144674,0.9791063032912586,33.67441946717407,
2052,100,5,62.6,14.1,5.0,1e-08,50.0,80,0.35,0.45,True,25.6,3,0.7026885839983829,0.8382652229446137,33.7394457201112,
2037,100,5,62.6,14.1,3.0,1e-06,100.0,120,0.35,0.45,True,55.2,3,0.03342355262503857,0.1828210945844012,12.612350586629463,
2038,100,5,62.6,14.1,3.0,1e-06,100.0,120,0.45,0.55,True,54.400000000000006,3,0.023776979991677424,0.1541978598803415,11.384947521457887,
2027,100,5,62.6,14.1,3.0,1e-06,100.0,50,0.35,0.45,True,68.9,3,0.0042580169238056005,0.06525348208184449,10.211233173010585,
2039,100,5,62.6,14.1,3.0,1e-06,100.0,120,0.60,0.45,True,54.800000000000004,3,0.02047830156960781,0.14310241636537033,12.103857814059753,
2032,100,5,62.6,14.1,3.0,1e-06,100.0,80,0.35,0.45,True,63.6,3,0.0028375814338786397,0.05326895375243106,11.035186859993056,
2055,100,5,62.6,14.1,5.0,1e-08,50.0,80,0.60,0.58,True,25.6,3,0.6994840205952952,0.8363516130164963,33.68814169864161,
2054,100,5,62.6,14.1,5.0,1e-08,50.0,80,0.60,0.45,True,25.6,3,1.44290528714548,1.2012099263432183,33.14786340259305,
2053,100,5,62.6,14.1,5.0,1e-08,50.0,80,0.45,0.55,True,25.6,3,0.7026874219657804,0.8382645298268204,33.73023848295594,
2056,100,5,62.6,14.1,5.0,1e-08,50.0,120,center,center,True,25.700000000000003,3,0.958649153144674,0.9791063032912586,33.67441946717407,
2057,100,5,62.6,14.1,5.0,1e-08,50.0,120,0.35,0.45,True,25.6,3,0.7026885839983829,0.8382652229446137,33.7394457201112,
2058,100,5,62.6,14.1,5.0,1e-08,50.0,120,0.45,0.55,True,25.6,3,0.7026874219657804,0.8382645298268204,33.73023848295594,
2059,100,5,62.6,14.1,5.0,1e-08,50.0,120,0.60,0.45,True,25.6,3,1.44290528714548,1.2012099263432183,33.14786340259305,
2060,100,5,62.6,14.1,5.0,1e-08,50.0,120,0.60,0.58,True,25.6,3,0.6994840205952952,0.8363516130164963,33.68814169864161,
2061,100,5,62.6,14.1,5.0,1e-08,100.0,25,center,center,True,25.700000000000003,3,0.958649153144674,0.9791063032912586,33.67441946717407,
2062,100,5,62.6,14.1,5.0,1e-08,100.0,25,0.35,0.45,True,25.6,3,0.7026885839983829,0.8382652229446137,33.7394457201112,
2063,100,5,62.6,14.1,5.0,1e-08,100.0,25,0.45,0.55,True,25.6,3,0.7026874219657804,0.8382645298268204,33.73023848295594,
2064,100,5,62.6,14.1,5.0,1e-08,100.0,25,0.60,0.45,True,25.6,3,1.44290528714548,1.2012099263432183,33.14786340259305,
2065,100,5,62.6,14.1,5.0,1e-08,100.0,25,0.60,0.58,True,25.6,3,0.6994840205952952,0.8363516130164963,33.68814169864161,
2066,100,5,62.6,14.1,5.0,1e-08,100.0,50,center,center,True,25.700000000000003,3,0.958649153144674,0.9791063032912586,33.67441946717407,
2067,100,5,62.6,14.1,5.0,1e-08,100.0,50,0.35,0.45,True,25.6,3,0.7026885839983829,0.8382652229446137,33.7394457201112,
2068,100,5,62.6,14.1,5.0,1e-08,100.0,50,0.45,0.55,True,25.6,3,0.7026874219657804,0.8382645298268204,33.73023848295594,
2069,100,5,62.6,14.1,5.0,1e-08,100.0,50,0.60,0.45,True,25.6,3,1.44290528714548,1.2012099263432183,33.14786340259305,
2070,100,5,62.6,14.1,5.0,1e-08,100.0,50,0.60,0.58,True,25.6,3,0.6994840205952952,0.8363516130164963,33.68814169864161,
2071,100,5,62.6,14.1,5.0,1e-08,100.0,80,center,center,True,25.700000000000003,3,0.958649153144674,0.9791063032912586,33.67441946717407,
2072,100,5,62.6,14.1,5.0,1e-08,100.0,80,0.35,0.45,True,25.6,3,0.7026885839983829,0.8382652229446137,33.7394457201112,
2073,100,5,62.6,14.1,5.0,1e-08,100.0,80,0.45,0.55,True,25.6,3,0.7026874219657804,0.8382645298268204,33.73023848295594,
2074,100,5,62.6,14.1,5.0,1e-08,100.0,80,0.60,0.45,True,25.6,3,1.44290528714548,1.2012099263432183,33.14786340259305,
2075,100,5,62.6,14.1,5.0,1e-08,100.0,80,0.60,0.58,True,25.6,3,0.6994840205952952,0.8363516130164963,33.68814169864161,
2076,100,5,62.6,14.1,5.0,1e-08,100.0,120,center,center,True,25.700000000000003,3,0.958649153144674,0.9791063032912586,33.67441946717407,
2077,100,5,62.6,14.1,5.0,1e-08,100.0,120,0.35,0.45,True,25.6,3,0.7026885839983829,0.8382652229446137,33.7394457201112,
2078,100,5,62.6,14.1,5.0,1e-08,100.0,120,0.45,0.55,True,25.6,3,0.7026874219657804,0.8382645298268204,33.73023848295594,
2079,100,5,62.6,14.1,5.0,1e-08,100.0,120,0.60,0.45,True,25.6,3,1.44290528714548,1.2012099263432183,33.14786340259305,
2080,100,5,62.6,14.1,5.0,1e-08,100.0,120,0.60,0.58,True,25.6,3,0.6994840205952952,0.8363516130164963,33.68814169864161,
2002,100,5,62.6,14.1,3.0,1e-06,50.0,25,0.35,0.45,True,198.0,3,2.6326921315418997e-05,0.005130976643429494,18.56730854833601,
2104,100,5,62.6,14.1,5.0,1e-07,100.0,25,0.60,0.45,True,62.0,3,0.0500414409958004,0.22369944344097148,25.225018656615777,
2081,100,5,62.6,14.1,5.0,1e-07,50.0,25,center,center,True,83.0,3,9.241088937569309,3.039915942517047,23.272939710281108,
2082,100,5,62.6,14.1,5.0,1e-07,50.0,25,0.35,0.45,True,83.4,3,3.037900369356525,1.7429573630345996,24.29059200035714,
2086,100,5,62.6,14.1,5.0,1e-07,50.0,50,center,center,True,83.0,3,9.241088937569309,3.039915942517047,23.272939710281108,
2085,100,5,62.6,14.1,5.0,1e-07,50.0,25,0.60,0.58,True,83.4,3,3.187640303303801,1.7853963994877444,24.224771482157735,
2084,100,5,62.6,14.1,5.0,1e-07,50.0,25,0.60,0.45,True,83.30000000000001,3,3.3309538807262586,1.8250901020843489,23.501803783948166,
2083,100,5,62.6,14.1,5.0,1e-07,50.0,25,0.45,0.55,True,83.4,3,2.920849265440817,1.709049228501279,24.262840929063085,
2088,100,5,62.6,14.1,5.0,1e-07,50.0,50,0.45,0.55,True,83.4,3,2.920849265440817,1.709049228501279,24.262840929063085,
2087,100,5,62.6,14.1,5.0,1e-07,50.0,50,0.35,0.45,True,83.4,3,3.037900369356525,1.7429573630345996,24.29059200035714,
2101,100,5,62.6,14.1,5.0,1e-07,100.0,25,center,center,True,73.4,3,0.042997367181817306,0.20735806514774704,23.871567018285543,
2089,100,5,62.6,14.1,5.0,1e-07,50.0,50,0.60,0.45,True,83.30000000000001,3,3.3309538807262586,1.8250901020843489,23.501803783948166,
2102,100,5,62.6,14.1,5.0,1e-07,100.0,25,0.35,0.45,True,75.2,3,0.673471308106877,0.8206529766636304,23.325028646385043,
2090,100,5,62.6,14.1,5.0,1e-07,50.0,50,0.60,0.58,True,83.4,3,3.187640303303801,1.7853963994877444,24.224771482157735,
2091,100,5,62.6,14.1,5.0,1e-07,50.0,80,center,center,True,83.0,3,9.241088937569309,3.039915942517047,23.272939710281108,
2105,100,5,62.6,14.1,5.0,1e-07,100.0,25,0.60,0.58,True,75.2,4,0.08677609079121869,0.29457781788725823,24.54013806358896,
2103,100,5,62.6,14.1,5.0,1e-07,100.0,25,0.45,0.55,True,74.8,3,1.1552683745263168,1.0748341148876495,23.508075376613323,
2096,100,5,62.6,14.1,5.0,1e-07,50.0,120,center,center,True,83.0,3,9.241088937569309,3.039915942517047,23.272939710281108,
2094,100,5,62.6,14.1,5.0,1e-07,50.0,80,0.60,0.45,True,83.30000000000001,3,3.3309538807262586,1.8250901020843489,23.501803783948166,
2093,100,5,62.6,14.1,5.0,1e-07,50.0,80,0.45,0.55,True,83.4,3,2.920849265440817,1.709049228501279,24.262840929063085,
2092,100,5,62.6,14.1,5.0,1e-07,50.0,80,0.35,0.45,True,83.4,3,3.037900369356525,1.7429573630345996,24.29059200035714,
2106,100,5,62.6,14.1,5.0,1e-07,100.0,50,center,center,True,74.8,4,0.05303661093445795,0.23029678880622273,23.339248309165008,
2095,100,5,62.6,14.1,5.0,1e-07,50.0,80,0.60,0.58,True,83.4,3,3.187640303303801,1.7853963994877444,24.224771482157735,
2107,100,5,62.6,14.1,5.0,1e-07,100.0,50,0.35,0.45,True,76.2,3,0.010725606807056332,0.10356450553667666,25.439768273802684,
2108,100,5,62.6,14.1,5.0,1e-07,100.0,50,0.45,0.55,True,74.9,4,0.01390708842631086,0.11792831901757465,24.765752648081214,
2111,100,5,62.6,14.1,5.0,1e-07,100.0,80,center,center,True,74.5,3,0.030353408457233732,0.174222296096779,24.55153514830946,
2110,100,5,62.6,14.1,5.0,1e-07,100.0,50,0.60,0.58,True,74.5,3,0.2133144550373242,0.461859778544662,25.472709142727588,
2109,100,5,62.6,14.1,5.0,1e-07,100.0,50,0.60,0.45,True,74.60000000000001,4,0.07235779976630163,0.2689940515444563,24.337442803295513,
2097,100,5,62.6,14.1,5.0,1e-07,50.0,120,0.35,0.45,True,83.4,3,3.037900369356525,1.7429573630345996,24.29059200035714,
2098,100,5,62.6,14.1,5.0,1e-07,50.0,120,0.45,0.55,True,83.4,3,2.920849265440817,1.709049228501279,24.262840929063085,
2099,100,5,62.6,14.1,5.0,1e-07,50.0,120,0.60,0.45,True,83.30000000000001,3,3.3309538807262586,1.8250901020843489,23.501803783948166,
2100,100,5,62.6,14.1,5.0,1e-07,50.0,120,0.60,0.58,True,83.4,3,3.187640303303801,1.7853963994877444,24.224771482157735,
2121,100,5,62.6,14.1,5.0,1e-06,50.0,25,center,center,True,57.300000000000004,3,9.198862733543411e-06,0.003032962699002975,14.323253316546628,
2114,100,5,62.6,14.1,5.0,1e-07,100.0,80,0.60,0.45,True,62.2,3,0.21876371939764364,0.467721839769797,26.10429294693974,
2125,100,5,62.6,14.1,5.0,1e-06,50.0,25,0.60,0.58,True,57.2,3,0.012608296434765302,0.11228667077959566,15.982721359139331,
2120,100,5,62.6,14.1,5.0,1e-07,100.0,120,0.60,0.58,True,62.5,3,0.5940269338344656,0.77073142782325,26.629008560567417,
2118,100,5,62.6,14.1,5.0,1e-07,100.0,120,0.45,0.55,True,62.400000000000006,3,0.019350550747816185,0.1391062570404947,26.256438641066996,
2116,100,5,62.6,14.1,5.0,1e-07,100.0,120,center,center,True,62.300000000000004,3,0.1564925513949322,0.3955913944904922,24.54606426823969,
2119,100,5,62.6,14.1,5.0,1e-07,100.0,120,0.60,0.45,True,62.1,3,0.29124165748925557,0.5396680993807728,26.010070051613205,
2142,100,5,62.6,14.1,5.0,1e-06,100.0,25,0.35,0.45,True,52.2,3,0.0032936463690062534,0.057390298561745205,11.26672816510794,
2141,100,5,62.6,14.1,5.0,1e-06,100.0,25,center,center,True,54.2,3,0.014203942773611066,0.11918029524049295,11.214182520776836,
2122,100,5,62.6,14.1,5.0,1e-06,50.0,25,0.35,0.45,True,67.7,3,0.03226139004534446,0.1796145596697118,16.33293057536093,
2124,100,5,62.6,14.1,5.0,1e-06,50.0,25,0.60,0.45,True,65.3,3,0.011654894923778986,0.10795783863980876,15.605653296963117,
2143,100,5,62.6,14.1,5.0,1e-06,100.0,25,0.45,0.55,True,54.900000000000006,3,0.01637733906012706,0.12797397805853758,10.97302213754641,
2113,100,5,62.6,14.1,5.0,1e-07,100.0,80,0.45,0.55,True,74.10000000000001,3,2.276150195938498,1.5086915509601353,26.48663410784217,
2131,100,5,62.6,14.1,5.0,1e-06,50.0,80,center,center,True,64.9,3,0.0065602834781875955,0.08099557690508535,14.629505138283815,
2112,100,5,62.6,14.1,5.0,1e-07,100.0,80,0.35,0.45,True,90.7,3,0.47471381621258596,0.6889947867818638,25.456245559697305,
2115,100,5,62.6,14.1,5.0,1e-07,100.0,80,0.60,0.58,True,74.3,3,0.2127196289331777,0.4612153823683439,26.42532142038762,
2123,100,5,62.6,14.1,5.0,1e-06,50.0,25,0.45,0.55,True,70.0,3,4.01109786128204e-07,0.0006333322872933323,15.37663213727651,
2134,100,5,62.6,14.1,5.0,1e-06,50.0,80,0.60,0.45,True,67.8,3,0.012945876763716875,0.11377994886497741,16.12580425955405,
2133,100,5,62.6,14.1,5.0,1e-06,50.0,80,0.45,0.55,True,67.3,3,0.01904032981943167,0.13798670160356638,14.677025095415114,
2117,100,5,62.6,14.1,5.0,1e-07,100.0,120,0.35,0.45,True,74.2,3,4.215238099644611,2.0531045028552763,25.65107735695042,
2136,100,5,62.6,14.1,5.0,1e-06,50.0,120,center,center,True,67.3,3,0.009432710938633281,0.09712214442975031,14.984995026053038,
2138,100,5,62.6,14.1,5.0,1e-06,50.0,120,0.45,0.55,True,68.0,3,0.017863228595650132,0.13365338976490695,15.447618025478675,
2135,100,5,62.6,14.1,5.0,1e-06,50.0,80,0.60,0.58,True,70.2,3,0.026309458402133834,0.1622019062839085,16.508019486704427,
2139,100,5,62.6,14.1,5.0,1e-06,50.0,120,0.60,0.45,True,69.8,3,0.0034031139706489095,0.05833621491534148,16.531039454438627,
2140,100,5,62.6,14.1,5.0,1e-06,50.0,120,0.60,0.58,True,69.5,3,0.01908222736630565,0.1381384355141814,15.87247821140559,
2127,100,5,62.6,14.1,5.0,1e-06,50.0,50,0.35,0.45,True,83.80000000000001,3,0.014619464113800749,0.12091097598564304,14.528993165578301,
2128,100,5,62.6,14.1,5.0,1e-06,50.0,50,0.45,0.55,True,83.9,3,0.015262126881174181,0.12353998090162627,14.139932549291554,
2130,100,5,62.6,14.1,5.0,1e-06,50.0,50,0.60,0.58,True,87.0,3,4.414681626002364e-05,0.006644307056422335,16.936853085915548,
2126,100,5,62.6,14.1,5.0,1e-06,50.0,50,center,center,True,87.30000000000001,3,4.046568834757653e-05,0.00636126468145891,15.264234368331877,
2137,100,5,62.6,14.1,5.0,1e-06,50.0,120,0.35,0.45,True,86.2,3,3.0891303021992616e-05,0.005557994514390295,17.239208209886158,
2132,100,5,62.6,14.1,5.0,1e-06,50.0,80,0.35,0.45,True,90.30000000000001,3,3.653795158262638e-05,0.0060446630660961065,17.85444050829107,
2144,100,5,62.6,14.1,5.0,1e-06,100.0,25,0.60,0.45,True,46.1,3,0.016217825049402508,0.12734922476953878,11.735383148564008,
2146,100,5,62.6,14.1,5.0,1e-06,100.0,50,center,center,True,51.6,3,0.0009437005362894432,0.030719709248126736,11.052052346153113,
2145,100,5,62.6,14.1,5.0,1e-06,100.0,25,0.60,0.58,True,58.2,3,0.018136086271346157,0.13467028726243274,10.600596438015998,
2151,100,5,62.6,14.1,5.0,1e-06,100.0,80,center,center,True,52.800000000000004,3,0.014491602289033385,0.12038107114091229,10.756617585037446,
2149,100,5,62.6,14.1,5.0,1e-06,100.0,50,0.60,0.45,True,54.6,3,0.019900622638703826,0.1410695666637699,12.80298134537715,
2150,100,5,62.6,14.1,5.0,1e-06,100.0,50,0.60,0.58,True,55.2,3,0.017428597583176955,0.13201741393913516,12.690277209272828,
2153,100,5,62.6,14.1,5.0,1e-06,100.0,80,0.45,0.55,True,54.5,3,0.011630295677257159,0.10784384858329732,12.086296259281417,
2154,100,5,62.6,14.1,5.0,1e-06,100.0,80,0.60,0.45,True,54.6,3,0.02064195604105868,0.1436730873930768,12.718472722153406,
2148,100,5,62.6,14.1,5.0,1e-06,100.0,50,0.45,0.55,True,59.5,3,0.005655701931365736,0.0752044010106173,8.562664497568978,
2156,100,5,62.6,14.1,5.0,1e-06,100.0,120,center,center,True,53.400000000000006,3,0.013377056959425015,0.11565922773140505,10.988493475110676,
2155,100,5,62.6,14.1,5.0,1e-06,100.0,80,0.60,0.58,True,57.400000000000006,3,0.015629377228378705,0.12501750768743833,12.234516521516284,
2158,100,5,62.6,14.1,5.0,1e-06,100.0,120,0.45,0.55,True,53.900000000000006,3,0.017740711106774536,0.1331942607876726,11.707517309404636,
2159,100,5,62.6,14.1,5.0,1e-06,100.0,120,0.60,0.45,True,55.5,3,0.02132900994998905,0.14604454782698684,12.83118939106457,
2157,100,5,62.6,14.1,5.0,1e-06,100.0,120,0.35,0.45,True,58.6,3,0.004326913680024729,0.06577928002057129,10.655760308488242,
2147,100,5,62.6,14.1,5.0,1e-06,100.0,50,0.35,0.45,True,68.4,3,0.034352975092105886,0.1853455559006093,9.799573606308913,
2160,100,5,62.6,14.1,5.0,1e-06,100.0,120,0.60,0.58,True,57.0,3,0.03242235145442647,0.18006207666920448,12.051878913121403,
2152,100,5,62.6,14.1,5.0,1e-06,100.0,80,0.35,0.45,True,64.0,3,0.028090819319060094,0.1676031602299315,10.554145542109117,
2129,100,5,62.6,14.1,5.0,1e-06,50.0,50,0.60,0.45,True,175.8,3,3.247942156954181e-05,0.005699071991959903,24.38639093740457,
2171,200,3,83.4,31.6,1.0,1e-08,50.0,80,center,center,True,154.4,3,0.0,0.0,64.43642973326249,
2180,200,3,83.4,31.6,1.0,1e-08,50.0,120,0.60,0.58,True,146.20000000000002,3,0.0,0.0,64.43642973326249,
2178,200,3,83.4,31.6,1.0,1e-08,50.0,120,0.45,0.55,True,149.3,3,0.0,0.0,64.43642973326249,
2191,200,3,83.4,31.6,1.0,1e-08,100.0,80,center,center,True,154.4,3,0.0,0.0,64.43642973326249,
2174,200,3,83.4,31.6,1.0,1e-08,50.0,80,0.60,0.45,True,248.10000000000002,3,0.0,0.0,64.43642973326249,
2179,200,3,83.4,31.6,1.0,1e-08,50.0,120,0.60,0.45,True,227.60000000000002,3,0.0,0.0,64.43642973326249,
2176,200,3,83.4,31.6,1.0,1e-08,50.0,120,center,center,True,334.20000000000005,3,0.0,0.0,64.43642973326249,
2175,200,3,83.4,31.6,1.0,1e-08,50.0,80,0.60,0.58,True,354.3,3,0.0,0.0,64.43642973326249,
2198,200,3,83.4,31.6,1.0,1e-08,100.0,120,0.45,0.55,True,149.3,3,0.0,0.0,64.43642973326249,
2177,200,3,83.4,31.6,1.0,1e-08,50.0,120,0.35,0.45,True,397.0,3,0.0,0.0,64.43642973326249,
2194,200,3,83.4,31.6,1.0,1e-08,100.0,80,0.60,0.45,True,248.10000000000002,3,0.0,0.0,64.43642973326249,
2165,200,3,83.4,31.6,1.0,1e-08,50.0,25,0.60,0.58,True,479.40000000000003,3,0.0,0.0,64.43642973326249,
2166,200,3,83.4,31.6,1.0,1e-08,50.0,50,center,center,True,486.0,3,0.0,0.0,64.43642973326249,
2168,200,3,83.4,31.6,1.0,1e-08,50.0,50,0.45,0.55,True,480.1,3,0.0,0.0,64.43642973326249,
2170,200,3,83.4,31.6,1.0,1e-08,50.0,50,0.60,0.58,True,481.0,3,0.0,0.0,64.43642973326249,
2173,200,3,83.4,31.6,1.0,1e-08,50.0,80,0.45,0.55,True,493.0,3,0.0,0.0,64.43642973326249,
2200,200,3,83.4,31.6,1.0,1e-08,100.0,120,0.60,0.58,True,146.20000000000002,3,0.0,0.0,64.43642973326249,
2185,200,3,83.4,31.6,1.0,1e-08,100.0,25,0.60,0.58,True,479.40000000000003,3,0.0,0.0,64.43642973326249,
2188,200,3,83.4,31.6,1.0,1e-08,100.0,50,0.45,0.55,True,480.1,3,0.0,0.0,64.43642973326249,
2186,200,3,83.4,31.6,1.0,1e-08,100.0,50,center,center,True,486.0,3,0.0,0.0,64.43642973326249,
2190,200,3,83.4,31.6,1.0,1e-08,100.0,50,0.60,0.58,True,481.0,3,0.0,0.0,64.43642973326249,
2196,200,3,83.4,31.6,1.0,1e-08,100.0,120,center,center,True,334.20000000000005,3,0.0,0.0,64.43642973326249,
2195,200,3,83.4,31.6,1.0,1e-08,100.0,80,0.60,0.58,True,354.3,3,0.0,0.0,64.43642973326249,
2199,200,3,83.4,31.6,1.0,1e-08,100.0,120,0.60,0.45,True,227.60000000000002,3,0.0,0.0,64.43642973326249,
2172,200,3,83.4,31.6,1.0,1e-08,50.0,80,0.35,0.45,True,593.2,3,0.0,0.0,64.43642973326249,
2202,200,3,83.4,31.6,1.0,1e-07,50.0,25,0.35,0.45,True,180.10000000000002,3,467.76753042018737,21.627934030327246,22.29520127605172,
2167,200,3,83.4,31.6,1.0,1e-08,50.0,50,0.35,0.45,True,651.9000000000001,3,0.0,0.0,64.43642973326249,
2197,200,3,83.4,31.6,1.0,1e-08,100.0,120,0.35,0.45,True,397.0,3,0.0,0.0,64.43642973326249,
2207,200,3,83.4,31.6,1.0,1e-07,50.0,50,0.35,0.45,True,160.70000000000002,3,0.003599085431915824,0.059992378115189135,14.563944736265817,
2201,200,3,83.4,31.6,1.0,1e-07,50.0,25,center,center,True,228.8,3,9.194680470771608,3.0322731524009523,15.229001645726697,
2205,200,3,83.4,31.6,1.0,1e-07,50.0,25,0.60,0.58,True,184.10000000000002,3,432.7907359310343,20.803623144323545,20.53930513975662,
2193,200,3,83.4,31.6,1.0,1e-08,100.0,80,0.45,0.55,True,493.0,3,0.0,0.0,64.43642973326249,
2204,200,3,83.4,31.6,1.0,1e-07,50.0,25,0.60,0.45,True,198.9,3,157.0931287675759,12.533679777606253,13.366493957652,
2215,200,3,83.4,31.6,1.0,1e-07,50.0,80,0.60,0.58,True,122.4,3,0.00013362096106617858,0.011559453320385812,14.051174152042224,
2208,200,3,83.4,31.6,1.0,1e-07,50.0,50,0.45,0.55,True,180.8,3,298.75713856012334,17.284592519354437,20.914713104566335,
2212,200,3,83.4,31.6,1.0,1e-07,50.0,80,0.35,0.45,True,139.70000000000002,3,0.005256091958303537,0.07249891004907272,19.095551973053027,
2216,200,3,83.4,31.6,1.0,1e-07,50.0,120,center,center,True,119.2,3,3.050621961187136e-06,0.0017466029775501746,11.674718553040801,
2213,200,3,83.4,31.6,1.0,1e-07,50.0,80,0.45,0.55,True,148.70000000000002,3,1.982692517988974e-08,0.00014080811475156445,16.03027087685111,
2211,200,3,83.4,31.6,1.0,1e-07,50.0,80,center,center,True,155.20000000000002,3,0.005007547175961726,0.07076402458849924,14.50842950846152,
2187,200,3,83.4,31.6,1.0,1e-08,100.0,50,0.35,0.45,True,651.9000000000001,3,0.0,0.0,64.43642973326249,
2209,200,3,83.4,31.6,1.0,1e-07,50.0,50,0.60,0.45,True,182.70000000000002,3,541.2664849787856,23.265134536013015,20.205450963483635,
2214,200,3,83.4,31.6,1.0,1e-07,50.0,80,0.60,0.45,True,155.70000000000002,3,6.77407495658207e-08,0.00026027053149717255,13.948262468501976,
2218,200,3,83.4,31.6,1.0,1e-07,50.0,120,0.45,0.55,True,121.60000000000001,3,5.8394102490493e-06,0.002416487171298308,14.035630068835703,
2210,200,3,83.4,31.6,1.0,1e-07,50.0,50,0.60,0.58,True,171.9,3,979.4295915346635,31.295839843894004,23.21903217654464,
2206,200,3,83.4,31.6,1.0,1e-07,50.0,50,center,center,True,244.0,3,33.21256933756984,5.763034733330161,17.36596859337145,
2219,200,3,83.4,31.6,1.0,1e-07,50.0,120,0.60,0.45,True,118.7,3,2.312296451649885e-09,4.8086343712637216e-05,11.43579532869996,
2217,200,3,83.4,31.6,1.0,1e-07,50.0,120,0.35,0.45,True,145.3,3,3.8027816086098274e-08,0.00019500722059990054,15.606863898595273,
2192,200,3,83.4,31.6,1.0,1e-08,100.0,80,0.35,0.45,True,593.2,3,0.0,0.0,64.43642973326249,
2220,200,3,83.4,31.6,1.0,1e-07,50.0,120,0.60,0.58,True,142.6,3,3.604146580938486e-09,6.003454489657172e-05,17.76253572475705,
2203,200,3,83.4,31.6,1.0,1e-07,50.0,25,0.45,0.55,True,324.5,3,403.82425760870905,20.095379011322702,22.071574250590405,
2227,200,3,83.4,31.6,1.0,1e-07,100.0,50,0.35,0.45,True,144.9,3,6.293188250827788e-08,0.00025086227796996077,9.941746969736482,
2232,200,3,83.4,31.6,1.0,1e-07,100.0,80,0.35,0.45,True,117.5,3,5.797741087173213e-06,0.0024078498888371784,8.212597778344062,
2226,200,3,83.4,31.6,1.0,1e-07,100.0,50,center,center,True,151.5,3,550.0440719627147,23.453018397697015,19.94383915198499,
2235,200,3,83.4,31.6,1.0,1e-07,100.0,80,0.60,0.58,True,123.4,3,0.0002968732485525585,0.01723001011469693,12.569273173993667,
2237,200,3,83.4,31.6,1.0,1e-07,100.0,120,0.35,0.45,True,116.60000000000001,3,1.9716583940607602e-07,0.00044403360166329306,9.358533107439476,
2169,200,3,83.4,31.6,1.0,1e-08,50.0,50,0.60,0.45,True,877.5,3,0.0,0.0,64.43642973326249,
2234,200,3,83.4,31.6,1.0,1e-07,100.0,80,0.60,0.45,True,129.8,3,6.165533959745148e-08,0.0002483049326885221,6.829403030338928,
2239,200,3,83.4,31.6,1.0,1e-07,100.0,120,0.60,0.45,True,116.5,3,4.73259966238058e-08,0.00021754538980131433,6.152803801549896,
2233,200,3,83.4,31.6,1.0,1e-07,100.0,80,0.45,0.55,True,142.6,3,0.003600211961497073,0.06000176631980989,12.010584454102137,
2236,200,3,83.4,31.6,1.0,1e-07,100.0,120,center,center,True,143.9,3,0.0007956989978837137,0.028208137086374804,12.299027223642758,
2164,200,3,83.4,31.6,1.0,1e-08,50.0,25,0.60,0.45,False,900.0,2,0.0,0.0,64.43642973326249,vittima non trovata entro 15 minuti
2162,200,3,83.4,31.6,1.0,1e-08,50.0,25,0.35,0.45,False,900.0,2,0.0,0.0,64.43642973326249,vittima non trovata entro 15 minuti
2238,200,3,83.4,31.6,1.0,1e-07,100.0,120,0.45,0.55,True,146.5,3,1.0174503694974142e-07,0.00031897497856374476,11.373176538001177,
2240,200,3,83.4,31.6,1.0,1e-07,100.0,120,0.60,0.58,True,143.4,3,6.211322896923571e-06,0.002492252574865471,12.884171584824017,
2161,200,3,83.4,31.6,1.0,1e-08,50.0,25,center,center,False,900.0,2,0.0,0.0,64.43642973326249,vittima non trovata entro 15 minuti
2222,200,3,83.4,31.6,1.0,1e-07,100.0,25,0.35,0.45,True,224.5,3,14.89959361253861,3.8599991726085396,6.242783929476556,
2229,200,3,83.4,31.6,1.0,1e-07,100.0,50,0.60,0.45,True,187.3,3,0.2809510598921443,0.530048167520787,23.674562033948988,
2231,200,3,83.4,31.6,1.0,1e-07,100.0,80,center,center,True,184.0,3,12.449716477408355,3.5284155760636184,10.96735702305089,
2163,200,3,83.4,31.6,1.0,1e-08,50.0,25,0.45,0.55,False,900.0,2,0.0,0.0,64.43642973326249,vittima non trovata entro 15 minuti
2189,200,3,83.4,31.6,1.0,1e-08,100.0,50,0.60,0.45,True,877.5,3,0.0,0.0,64.43642973326249,
2225,200,3,83.4,31.6,1.0,1e-07,100.0,25,0.60,0.58,True,226.0,3,18.776258368445397,4.333158013325316,6.78496332270934,
2223,200,3,83.4,31.6,1.0,1e-07,100.0,25,0.45,0.55,True,248.8,3,383.1237409121047,19.57354696809203,19.024135888011475,
2230,200,3,83.4,31.6,1.0,1e-07,100.0,50,0.60,0.58,True,209.8,3,335.02631061453576,18.303723954827763,21.222249321001495,
2182,200,3,83.4,31.6,1.0,1e-08,100.0,25,0.35,0.45,False,900.0,2,0.0,0.0,64.43642973326249,vittima non trovata entro 15 minuti
2184,200,3,83.4,31.6,1.0,1e-08,100.0,25,0.60,0.45,False,900.0,2,0.0,0.0,64.43642973326249,vittima non trovata entro 15 minuti
2181,200,3,83.4,31.6,1.0,1e-08,100.0,25,center,center,False,900.0,2,0.0,0.0,64.43642973326249,vittima non trovata entro 15 minuti
2183,200,3,83.4,31.6,1.0,1e-08,100.0,25,0.45,0.55,False,900.0,2,0.0,0.0,64.43642973326249,vittima non trovata entro 15 minuti
2221,200,3,83.4,31.6,1.0,1e-07,100.0,25,center,center,True,306.8,3,482.86742692224533,21.97424462688639,20.91604402903837,
2252,200,3,83.4,31.6,1.0,1e-06,50.0,80,0.35,0.45,True,121.2,3,nan,nan,5.129770611370922,
2253,200,3,83.4,31.6,1.0,1e-06,50.0,80,0.45,0.55,True,119.5,3,nan,nan,4.317777263100488,
2257,200,3,83.4,31.6,1.0,1e-06,50.0,120,0.35,0.45,True,118.30000000000001,3,nan,nan,4.286401910217563,
2256,200,3,83.4,31.6,1.0,1e-06,50.0,120,center,center,True,121.2,3,nan,nan,5.214158672635445,
2258,200,3,83.4,31.6,1.0,1e-06,50.0,120,0.45,0.55,True,121.80000000000001,3,nan,nan,4.833811620578685,
2224,200,3,83.4,31.6,1.0,1e-07,100.0,25,0.60,0.45,True,308.8,3,340.1599377690206,18.443425326360085,24.39665785991286,
2259,200,3,83.4,31.6,1.0,1e-06,50.0,120,0.60,0.45,True,120.4,3,nan,nan,7.786882513681708,
2260,200,3,83.4,31.6,1.0,1e-06,50.0,120,0.60,0.58,True,123.80000000000001,3,nan,nan,4.8716765838666625,
2272,200,3,83.4,31.6,1.0,1e-06,100.0,80,0.35,0.45,True,124.60000000000001,3,nan,nan,6.002214008779155,
2241,200,3,83.4,31.6,1.0,1e-06,50.0,25,center,center,True,315.3,3,181.7238490625195,13.4804988432372,7.836087587376605,
2273,200,3,83.4,31.6,1.0,1e-06,100.0,80,0.45,0.55,True,129.4,3,nan,nan,6.125029214186434,
2275,200,3,83.4,31.6,1.0,1e-06,100.0,80,0.60,0.58,True,121.5,3,nan,nan,6.583563066384151,
2278,200,3,83.4,31.6,1.0,1e-06,100.0,120,0.45,0.55,True,119.10000000000001,3,nan,nan,5.84710231271727,
2277,200,3,83.4,31.6,1.0,1e-06,100.0,120,0.35,0.45,True,119.30000000000001,3,nan,nan,5.62540939144047,
2242,200,3,83.4,31.6,1.0,1e-06,50.0,25,0.35,0.45,True,327.20000000000005,3,78.05122329721266,8.834660338530998,9.27728953518931,
2243,200,3,83.4,31.6,1.0,1e-06,50.0,25,0.45,0.55,True,291.8,3,98.60512200164,9.93001117832402,12.641935168511699,
2246,200,3,83.4,31.6,1.0,1e-06,50.0,50,center,center,True,296.0,3,330.59295198801743,18.182215266243478,13.64001769127636,
2271,200,3,83.4,31.6,1.0,1e-06,100.0,80,center,center,True,172.9,3,111.60815017060857,10.564475858773523,8.328025252663977,
2248,200,3,83.4,31.6,1.0,1e-06,50.0,50,0.45,0.55,True,319.1,3,200.0818936777245,14.145030706142865,13.003190277733328,
2261,200,3,83.4,31.6,1.0,1e-06,100.0,25,center,center,True,302.1,3,105.83131153652093,10.287434643122692,9.212369782970656,
2279,200,3,83.4,31.6,1.0,1e-06,100.0,120,0.60,0.45,True,121.5,3,nan,nan,9.059682414378882,
2280,200,3,83.4,31.6,1.0,1e-06,100.0,120,0.60,0.58,True,123.60000000000001,3,nan,nan,6.531625904584139,
2267,200,3,83.4,31.6,1.0,1e-06,100.0,50,0.35,0.45,True,295.6,3,122.24677670050231,11.056526430145333,8.989200654795141,
2274,200,3,83.4,31.6,1.0,1e-06,100.0,80,0.60,0.45,True,269.7,3,304.15298629456146,17.439982405225113,13.877639123291774,
2270,200,3,83.4,31.6,1.0,1e-06,100.0,50,0.60,0.58,True,294.40000000000003,3,140.23368415262644,11.842030406675471,14.448097320202418,
2290,200,3,83.4,31.6,3.0,1e-08,50.0,50,0.60,0.58,True,145.3,3,0.0,0.0,64.43642973326249,
2291,200,3,83.4,31.6,3.0,1e-08,50.0,80,center,center,True,155.10000000000002,3,0.0,0.0,64.43642973326249,
2285,200,3,83.4,31.6,3.0,1e-08,50.0,25,0.60,0.58,True,354.0,3,0.0,0.0,64.43642973326249,
2228,200,3,83.4,31.6,1.0,1e-07,100.0,50,0.45,0.55,False,900.0,2,3.616693119013327e-05,0.006013894843621167,12.596072281771532,vittima non trovata entro 15 minuti
2286,200,3,83.4,31.6,3.0,1e-08,50.0,50,center,center,True,486.6,3,0.0,0.0,64.43642973326249,
2288,200,3,83.4,31.6,3.0,1e-08,50.0,50,0.45,0.55,True,480.40000000000003,3,0.0,0.0,64.43642973326249,
2298,200,3,83.4,31.6,3.0,1e-08,50.0,120,0.45,0.55,True,149.6,3,0.0,0.0,64.43642973326249,
2276,200,3,83.4,31.6,1.0,1e-06,100.0,120,center,center,True,641.2,3,nan,nan,6.065680676129153,
2296,200,3,83.4,31.6,3.0,1e-08,50.0,120,center,center,True,328.1,3,0.0,0.0,64.43642973326249,
2284,200,3,83.4,31.6,3.0,1e-08,50.0,25,0.60,0.45,True,649.2,3,0.0,0.0,64.43642973326249,
2245,200,3,83.4,31.6,1.0,1e-06,50.0,25,0.60,0.58,False,900.0,1,13907.85118042986,117.93155294674051,117.04801460720697,vittima non trovata entro 15 minuti
2250,200,3,83.4,31.6,1.0,1e-06,50.0,50,0.60,0.58,False,900.0,2,118.41798486145133,10.882002796427289,9.463619406633944,vittima non trovata entro 15 minuti
2297,200,3,83.4,31.6,3.0,1e-08,50.0,120,0.35,0.45,True,397.0,3,0.0,0.0,64.43642973326249,
2287,200,3,83.4,31.6,3.0,1e-08,50.0,50,0.35,0.45,True,651.9000000000001,3,0.0,0.0,64.43642973326249,
2300,200,3,83.4,31.6,3.0,1e-08,50.0,120,0.60,0.58,True,148.3,3,0.0,0.0,64.43642973326249,
2247,200,3,83.4,31.6,1.0,1e-06,50.0,50,0.35,0.45,False,900.0,2,nan,nan,4.93946171536557,vittima non trovata entro 15 minuti
2249,200,3,83.4,31.6,1.0,1e-06,50.0,50,0.60,0.45,False,900.0,2,253.48073324037432,15.921078268772323,13.152879107742258,vittima non trovata entro 15 minuti
2293,200,3,83.4,31.6,3.0,1e-08,50.0,80,0.45,0.55,True,512.9,3,0.0,0.0,64.43642973326249,
2295,200,3,83.4,31.6,3.0,1e-08,50.0,80,0.60,0.58,True,499.3,3,0.0,0.0,64.43642973326249,
2251,200,3,83.4,31.6,1.0,1e-06,50.0,80,center,center,False,900.0,2,nan,nan,5.253517689945221,vittima non trovata entro 15 minuti
2262,200,3,83.4,31.6,1.0,1e-06,100.0,25,0.35,0.45,False,900.0,1,nan,nan,4.224956338016917,vittima non trovata entro 15 minuti
2254,200,3,83.4,31.6,1.0,1e-06,50.0,80,0.60,0.45,False,900.0,2,nan,nan,8.064985183416479,vittima non trovata entro 15 minuti
2244,200,3,83.4,31.6,1.0,1e-06,50.0,25,0.60,0.45,False,900.0,2,190.23708262710383,13.792645961783542,12.537005712667323,vittima non trovata entro 15 minuti
2255,200,3,83.4,31.6,1.0,1e-06,50.0,80,0.60,0.58,False,900.0,2,nan,nan,5.0300957963303174,vittima non trovata entro 15 minuti
2289,200,3,83.4,31.6,3.0,1e-08,50.0,50,0.60,0.45,True,648.1,3,0.0,0.0,64.43642973326249,
2292,200,3,83.4,31.6,3.0,1e-08,50.0,80,0.35,0.45,True,593.2,3,0.0,0.0,64.43642973326249,
2294,200,3,83.4,31.6,3.0,1e-08,50.0,80,0.60,0.45,True,588.7,3,0.0,0.0,64.43642973326249,
2263,200,3,83.4,31.6,1.0,1e-06,100.0,25,0.45,0.55,False,900.0,2,8.719219929272645,2.9528325264519566,8.164444171875914,vittima non trovata entro 15 minuti
2265,200,3,83.4,31.6,1.0,1e-06,100.0,25,0.60,0.58,False,900.0,1,nan,nan,4.855504794713498,vittima non trovata entro 15 minuti
2264,200,3,83.4,31.6,1.0,1e-06,100.0,25,0.60,0.45,False,900.0,2,179.65929933657986,13.403704687010224,11.873652318046995,vittima non trovata entro 15 minuti
2281,200,3,83.4,31.6,3.0,1e-08,50.0,25,center,center,True,715.9000000000001,3,0.0,0.0,64.43642973326249,
2266,200,3,83.4,31.6,1.0,1e-06,100.0,50,center,center,False,900.0,2,629.5923440223039,25.091678780470307,27.675447625079563,vittima non trovata entro 15 minuti
2269,200,3,83.4,31.6,1.0,1e-06,100.0,50,0.60,0.45,False,900.0,2,nan,nan,8.616726548630771,vittima non trovata entro 15 minuti
2268,200,3,83.4,31.6,1.0,1e-06,100.0,50,0.45,0.55,False,900.0,2,28.967957868834574,5.3821889477084115,11.74458838665251,vittima non trovata entro 15 minuti
2310,200,3,83.4,31.6,3.0,1e-08,100.0,50,0.60,0.58,True,145.3,3,0.0,0.0,64.43642973326249,
2311,200,3,83.4,31.6,3.0,1e-08,100.0,80,center,center,True,155.10000000000002,3,0.0,0.0,64.43642973326249,
2320,200,3,83.4,31.6,3.0,1e-08,100.0,120,0.60,0.58,True,148.3,3,0.0,0.0,64.43642973326249,
2318,200,3,83.4,31.6,3.0,1e-08,100.0,120,0.45,0.55,True,149.6,3,0.0,0.0,64.43642973326249,
2326,200,3,83.4,31.6,3.0,1e-07,50.0,50,center,center,True,163.10000000000002,3,138.28782704195385,11.759584475735265,19.810661193210706,
2327,200,3,83.4,31.6,3.0,1e-07,50.0,50,0.35,0.45,True,161.0,3,7.507908531758595e-09,8.664818827741636e-05,14.597717777515506,
2322,200,3,83.4,31.6,3.0,1e-07,50.0,25,0.35,0.45,True,180.20000000000002,3,458.6131386646417,21.415254812040917,22.304768449314754,
2299,200,3,83.4,31.6,3.0,1e-08,50.0,120,0.60,0.45,True,416.40000000000003,3,0.0,0.0,64.43642973326249,
2282,200,3,83.4,31.6,3.0,1e-08,50.0,25,0.35,0.45,False,900.0,2,0.0,0.0,64.43642973326249,vittima non trovata entro 15 minuti
2283,200,3,83.4,31.6,3.0,1e-08,50.0,25,0.45,0.55,False,900.0,2,0.0,0.0,64.43642973326249,vittima non trovata entro 15 minuti
2325,200,3,83.4,31.6,3.0,1e-07,50.0,25,0.60,0.58,True,184.20000000000002,3,428.6897512048288,20.704824346147657,20.67890745159566,
2324,200,3,83.4,31.6,3.0,1e-07,50.0,25,0.60,0.45,True,198.9,3,157.0630235327055,12.532478746549124,13.376823876519545,
2321,200,3,83.4,31.6,3.0,1e-07,50.0,25,center,center,True,228.9,3,10.708264522227422,3.2723484720040776,15.417432140500708,
2328,200,3,83.4,31.6,3.0,1e-07,50.0,50,0.45,0.55,True,180.60000000000002,3,305.3954960823126,17.475568548184995,20.88559198549529,
2329,200,3,83.4,31.6,3.0,1e-07,50.0,50,0.60,0.45,True,184.8,3,236.88733785063778,15.391144786877868,21.98706313810026,
2331,200,3,83.4,31.6,3.0,1e-07,50.0,80,center,center,True,154.3,3,0.003203365045084104,0.056598277757226007,12.026811442854676,
2332,200,3,83.4,31.6,3.0,1e-07,50.0,80,0.35,0.45,True,139.4,3,0.005624936790947253,0.07499957860513119,18.98623741877056,
2330,200,3,83.4,31.6,3.0,1e-07,50.0,50,0.60,0.58,True,171.3,3,980.1408818127088,31.307201756348473,23.228840308741326,
2333,200,3,83.4,31.6,3.0,1e-07,50.0,80,0.45,0.55,True,150.0,3,1.9391479836654797e-08,0.00013925329380899684,16.0402496346972,
2316,200,3,83.4,31.6,3.0,1e-08,100.0,120,center,center,True,328.1,3,0.0,0.0,64.43642973326249,
2305,200,3,83.4,31.6,3.0,1e-08,100.0,25,0.60,0.58,True,354.0,3,0.0,0.0,64.43642973326249,
2335,200,3,83.4,31.6,3.0,1e-07,50.0,80,0.60,0.58,True,122.4,3,0.00013362485488905727,0.01155962174506836,14.123792894564469,
2338,200,3,83.4,31.6,3.0,1e-07,50.0,120,0.45,0.55,True,121.60000000000001,3,5.821528640322051e-06,0.0024127844164620366,14.043347761280026,
2339,200,3,83.4,31.6,3.0,1e-07,50.0,120,0.60,0.45,True,121.10000000000001,3,2.254301300807363e-08,0.000150143308236077,10.657780867741078,
2323,200,3,83.4,31.6,3.0,1e-07,50.0,25,0.45,0.55,True,309.6,3,492.66131941253593,22.19597529761952,22.321709873263472,
2336,200,3,83.4,31.6,3.0,1e-07,50.0,120,center,center,True,141.9,3,2.8859279537318695e-09,5.372083351672672e-05,16.80686591237562,
2337,200,3,83.4,31.6,3.0,1e-07,50.0,120,0.35,0.45,True,144.6,3,0.00359999840218648,0.059999986684885855,15.596874267630165,
2334,200,3,83.4,31.6,3.0,1e-07,50.0,80,0.60,0.45,True,164.3,3,1.123302832220863e-07,0.00033515710229993083,17.362123396776088,
2340,200,3,83.4,31.6,3.0,1e-07,50.0,120,0.60,0.58,True,143.4,3,1.778777775725701e-08,0.0001333708279844472,17.76729930685787,
2317,200,3,83.4,31.6,3.0,1e-08,100.0,120,0.35,0.45,True,397.0,3,0.0,0.0,64.43642973326249,
2319,200,3,83.4,31.6,3.0,1e-08,100.0,120,0.60,0.45,True,416.40000000000003,3,0.0,0.0,64.43642973326249,
2347,200,3,83.4,31.6,3.0,1e-07,100.0,50,0.35,0.45,True,144.8,3,0.0009734877048740577,0.031200764491820673,9.881654675287441,
2346,200,3,83.4,31.6,3.0,1e-07,100.0,50,center,center,True,145.6,3,550.1584948213043,23.455457676653943,19.994821888956817,
2352,200,3,83.4,31.6,3.0,1e-07,100.0,80,0.35,0.45,True,117.5,3,9.393530757393244e-06,0.003064886744627482,8.240356078567602,
2342,200,3,83.4,31.6,3.0,1e-07,100.0,25,0.35,0.45,True,210.20000000000002,3,17.99448164757765,4.241990293197009,6.466613795556126,
2306,200,3,83.4,31.6,3.0,1e-08,100.0,50,center,center,True,486.6,3,0.0,0.0,64.43642973326249,
2351,200,3,83.4,31.6,3.0,1e-07,100.0,80,center,center,True,139.3,3,2.7499470465924604e-09,5.243993751514642e-05,9.560453475551164,
2355,200,3,83.4,31.6,3.0,1e-07,100.0,80,0.60,0.58,True,121.9,3,5.75738814750432e-06,0.002399455802365261,12.597636593777727,
2308,200,3,83.4,31.6,3.0,1e-08,100.0,50,0.45,0.55,True,480.40000000000003,3,0.0,0.0,64.43642973326249,
2356,200,3,83.4,31.6,3.0,1e-07,100.0,120,center,center,True,117.2,3,0.003328944804781097,0.05769700862940034,11.003969687782103,
2354,200,3,83.4,31.6,3.0,1e-07,100.0,80,0.60,0.45,True,130.20000000000002,3,8.168237965159956e-08,0.0002858012939991692,7.529693523125387,
2357,200,3,83.4,31.6,3.0,1e-07,100.0,120,0.35,0.45,True,116.9,3,0.0036484996087277712,0.060402811265103974,9.42619489126212,
2353,200,3,83.4,31.6,3.0,1e-07,100.0,80,0.45,0.55,True,142.6,3,0.0035986798822034535,0.059988998009663855,12.01163209419031,
2315,200,3,83.4,31.6,3.0,1e-08,100.0,80,0.60,0.58,True,499.3,3,0.0,0.0,64.43642973326249,
2349,200,3,83.4,31.6,3.0,1e-07,100.0,50,0.60,0.45,True,188.4,3,0.4674752010794063,0.6837215815515891,23.475277768343823,
2359,200,3,83.4,31.6,3.0,1e-07,100.0,120,0.60,0.45,True,118.2,3,5.76040721897765e-08,0.00024000848357876123,5.552817458316415,
2313,200,3,83.4,31.6,3.0,1e-08,100.0,80,0.45,0.55,True,512.9,3,0.0,0.0,64.43642973326249,
2345,200,3,83.4,31.6,3.0,1e-07,100.0,25,0.60,0.58,True,212.9,3,27.176342842392742,5.2130934043418735,6.019161679456797,
2358,200,3,83.4,31.6,3.0,1e-07,100.0,120,0.45,0.55,True,146.0,3,5.491759225979998e-08,0.0002343450282378527,11.244999053211867,
2360,200,3,83.4,31.6,3.0,1e-07,100.0,120,0.60,0.58,True,122.7,3,4.313579206992388e-07,0.0006567784411041815,12.019727476094964,
2304,200,3,83.4,31.6,3.0,1e-08,100.0,25,0.60,0.45,True,649.2,3,0.0,0.0,64.43642973326249,
2350,200,3,83.4,31.6,3.0,1e-07,100.0,50,0.60,0.58,True,209.60000000000002,3,284.81119441295067,16.8763501508161,20.571940994234758,
2314,200,3,83.4,31.6,3.0,1e-08,100.0,80,0.60,0.45,True,588.7,3,0.0,0.0,64.43642973326249,
2344,200,3,83.4,31.6,3.0,1e-07,100.0,25,0.60,0.45,True,307.20000000000005,3,372.1409806361618,19.29095592852158,22.86479065410283,
2341,200,3,83.4,31.6,3.0,1e-07,100.0,25,center,center,True,321.0,3,200.81486804325442,14.170916273948357,19.155279390783814,
2312,200,3,83.4,31.6,3.0,1e-08,100.0,80,0.35,0.45,True,593.2,3,0.0,0.0,64.43642973326249,
2301,200,3,83.4,31.6,3.0,1e-08,100.0,25,center,center,True,715.9000000000001,3,0.0,0.0,64.43642973326249,
2372,200,3,83.4,31.6,3.0,1e-06,50.0,80,0.35,0.45,True,124.5,3,nan,nan,5.0258491036956645,
2309,200,3,83.4,31.6,3.0,1e-08,100.0,50,0.60,0.45,True,648.1,3,0.0,0.0,64.43642973326249,
2373,200,3,83.4,31.6,3.0,1e-06,50.0,80,0.45,0.55,True,121.2,3,nan,nan,4.931742760845088,
2307,200,3,83.4,31.6,3.0,1e-08,100.0,50,0.35,0.45,True,651.9000000000001,3,0.0,0.0,64.43642973326249,
2377,200,3,83.4,31.6,3.0,1e-06,50.0,120,0.35,0.45,True,118.4,3,nan,nan,4.408600015003586,
2378,200,3,83.4,31.6,3.0,1e-06,50.0,120,0.45,0.55,True,122.5,3,nan,nan,4.69421129745159,
2376,200,3,83.4,31.6,3.0,1e-06,50.0,120,center,center,True,127.30000000000001,3,nan,nan,4.987254051670841,
2379,200,3,83.4,31.6,3.0,1e-06,50.0,120,0.60,0.45,True,121.9,3,nan,nan,8.339678636611383,
2380,200,3,83.4,31.6,3.0,1e-06,50.0,120,0.60,0.58,True,124.10000000000001,3,nan,nan,4.659378406625938,
2362,200,3,83.4,31.6,3.0,1e-06,50.0,25,0.35,0.45,True,297.6,3,152.32132794177608,12.3418526948662,15.222187886548047,
2392,200,3,83.4,31.6,3.0,1e-06,100.0,80,0.35,0.45,True,123.9,3,nan,nan,6.157211335504598,
2363,200,3,83.4,31.6,3.0,1e-06,50.0,25,0.45,0.55,True,284.40000000000003,3,206.6818860699636,14.376435096016106,11.248466874268871,
2393,200,3,83.4,31.6,3.0,1e-06,100.0,80,0.45,0.55,True,129.3,3,nan,nan,6.083556703905008,
2302,200,3,83.4,31.6,3.0,1e-08,100.0,25,0.35,0.45,False,900.0,2,0.0,0.0,64.43642973326249,vittima non trovata entro 15 minuti
2395,200,3,83.4,31.6,3.0,1e-06,100.0,80,0.60,0.58,True,121.30000000000001,3,nan,nan,6.73401739725504,
2361,200,3,83.4,31.6,3.0,1e-06,50.0,25,center,center,True,342.3,3,145.53992577820233,12.063992945049426,7.736999955958583,
2391,200,3,83.4,31.6,3.0,1e-06,100.0,80,center,center,True,171.20000000000002,3,109.93741850077652,10.485104601327377,8.97231549558759,
2303,200,3,83.4,31.6,3.0,1e-08,100.0,25,0.45,0.55,False,900.0,2,0.0,0.0,64.43642973326249,vittima non trovata entro 15 minuti
2398,200,3,83.4,31.6,3.0,1e-06,100.0,120,0.45,0.55,True,119.30000000000001,3,nan,nan,5.682541105258911,
2397,200,3,83.4,31.6,3.0,1e-06,100.0,120,0.35,0.45,True,119.10000000000001,3,nan,nan,5.797477649055903,
2381,200,3,83.4,31.6,3.0,1e-06,100.0,25,center,center,True,313.8,3,161.4255642301485,12.705336053412696,8.829417276508437,
2386,200,3,83.4,31.6,3.0,1e-06,100.0,50,center,center,True,292.40000000000003,3,182.07305145611244,13.493444758700887,10.849756760377542,
2399,200,3,83.4,31.6,3.0,1e-06,100.0,120,0.60,0.45,True,121.4,3,nan,nan,8.907233949270744,
2400,200,3,83.4,31.6,3.0,1e-06,100.0,120,0.60,0.58,True,123.80000000000001,3,nan,nan,6.701580437206521,
2387,200,3,83.4,31.6,3.0,1e-06,100.0,50,0.35,0.45,True,278.40000000000003,3,185.49430302630893,13.619629327786749,15.591299309942915,
2388,200,3,83.4,31.6,3.0,1e-06,100.0,50,0.45,0.55,True,285.0,3,73.88857052414673,8.595846120315715,12.543597670633913,
2389,200,3,83.4,31.6,3.0,1e-06,100.0,50,0.60,0.45,True,294.40000000000003,3,195.15605872464025,13.96982672493257,12.683364998702823,
2394,200,3,83.4,31.6,3.0,1e-06,100.0,80,0.60,0.45,True,269.90000000000003,3,292.2721902312065,17.095969999716498,13.722922364164289,
2390,200,3,83.4,31.6,3.0,1e-06,100.0,50,0.60,0.58,True,316.20000000000005,3,185.6775999950746,13.62635681299571,15.068980318447146,
2410,200,3,83.4,31.6,5.0,1e-08,50.0,50,0.60,0.58,True,148.8,3,0.0,0.0,64.43642973326249,
2383,200,3,83.4,31.6,3.0,1e-06,100.0,25,0.45,0.55,True,615.2,3,176.4588638142692,13.283781984595697,10.256055281789335,
2343,200,3,83.4,31.6,3.0,1e-07,100.0,25,0.45,0.55,False,900.0,2,4093.49821794524,63.9804518423029,41.335110210919,vittima non trovata entro 15 minuti
2406,200,3,83.4,31.6,5.0,1e-08,50.0,50,center,center,True,328.1,3,0.0,0.0,64.43642973326249,
2348,200,3,83.4,31.6,3.0,1e-07,100.0,50,0.45,0.55,False,900.0,2,2.413363568945824e-08,0.0001553500424507771,12.64180329941566,vittima non trovata entro 15 minuti
2418,200,3,83.4,31.6,5.0,1e-08,50.0,120,0.45,0.55,True,150.0,3,0.0,0.0,64.43642973326249,
2405,200,3,83.4,31.6,5.0,1e-08,50.0,25,0.60,0.58,True,476.40000000000003,3,0.0,0.0,64.43642973326249,
2374,200,3,83.4,31.6,3.0,1e-06,50.0,80,0.60,0.45,False,900.0,2,54.25355301907029,7.365701122029748,4.804113715746138,vittima non trovata entro 15 minuti
2408,200,3,83.4,31.6,5.0,1e-08,50.0,50,0.45,0.55,True,480.3,3,0.0,0.0,64.43642973326249,
2416,200,3,83.4,31.6,5.0,1e-08,50.0,120,center,center,True,327.8,3,0.0,0.0,64.43642973326249,
2411,200,3,83.4,31.6,5.0,1e-08,50.0,80,center,center,True,491.8,3,0.0,0.0,64.43642973326249,
2364,200,3,83.4,31.6,3.0,1e-06,50.0,25,0.60,0.45,False,900.0,2,176.39320528395467,13.28131037525871,12.611644737150288,vittima non trovata entro 15 minuti
2365,200,3,83.4,31.6,3.0,1e-06,50.0,25,0.60,0.58,False,900.0,1,7719.821195933267,87.8625130299223,87.61575845769586,vittima non trovata entro 15 minuti
2366,200,3,83.4,31.6,3.0,1e-06,50.0,50,center,center,False,900.0,2,489.16733382581367,22.11712761245939,21.647404901053648,vittima non trovata entro 15 minuti
2367,200,3,83.4,31.6,3.0,1e-06,50.0,50,0.35,0.45,False,900.0,2,nan,nan,3.9932736929730934,vittima non trovata entro 15 minuti
2368,200,3,83.4,31.6,3.0,1e-06,50.0,50,0.45,0.55,False,900.0,2,nan,nan,5.219915652274678,vittima non trovata entro 15 minuti
2371,200,3,83.4,31.6,3.0,1e-06,50.0,80,center,center,False,900.0,2,nan,nan,4.463700298382733,vittima non trovata entro 15 minuti
2369,200,3,83.4,31.6,3.0,1e-06,50.0,50,0.60,0.45,False,900.0,2,240.5107783423003,15.508409923080455,11.97518577046338,vittima non trovata entro 15 minuti
2420,200,3,83.4,31.6,5.0,1e-08,50.0,120,0.60,0.58,True,152.3,3,0.0,0.0,64.43642973326249,
2370,200,3,83.4,31.6,3.0,1e-06,50.0,50,0.60,0.58,False,900.0,1,5171.885909299758,71.91582516595189,70.56818099295523,vittima non trovata entro 15 minuti
2413,200,3,83.4,31.6,5.0,1e-08,50.0,80,0.45,0.55,True,486.6,3,0.0,0.0,64.43642973326249,
2419,200,3,83.4,31.6,5.0,1e-08,50.0,120,0.60,0.45,True,228.8,3,0.0,0.0,64.43642973326249,
2375,200,3,83.4,31.6,3.0,1e-06,50.0,80,0.60,0.58,False,900.0,2,nan,nan,4.796028597815532,vittima non trovata entro 15 minuti
2409,200,3,83.4,31.6,5.0,1e-08,50.0,50,0.60,0.45,True,591.5,3,0.0,0.0,64.43642973326249,
2382,200,3,83.4,31.6,3.0,1e-06,100.0,25,0.35,0.45,False,900.0,1,nan,nan,5.154330635225017,vittima non trovata entro 15 minuti
2412,200,3,83.4,31.6,5.0,1e-08,50.0,80,0.35,0.45,True,593.2,3,0.0,0.0,64.43642973326249,
2415,200,3,83.4,31.6,5.0,1e-08,50.0,80,0.60,0.58,True,524.3000000000001,3,0.0,0.0,64.43642973326249,
2384,200,3,83.4,31.6,3.0,1e-06,100.0,25,0.60,0.45,False,900.0,2,166.19846549540603,12.891798380963225,11.559670924990497,vittima non trovata entro 15 minuti
2385,200,3,83.4,31.6,3.0,1e-06,100.0,25,0.60,0.58,False,900.0,1,nan,nan,4.942850952469664,vittima non trovata entro 15 minuti
2407,200,3,83.4,31.6,5.0,1e-08,50.0,50,0.35,0.45,True,651.9000000000001,3,0.0,0.0,64.43642973326249,
2401,200,3,83.4,31.6,5.0,1e-08,50.0,25,center,center,True,719.4000000000001,3,0.0,0.0,64.43642973326249,
2403,200,3,83.4,31.6,5.0,1e-08,50.0,25,0.45,0.55,True,706.9000000000001,3,0.0,0.0,64.43642973326249,
2402,200,3,83.4,31.6,5.0,1e-08,50.0,25,0.35,0.45,True,750.3000000000001,3,0.0,0.0,64.43642973326249,
2430,200,3,83.4,31.6,5.0,1e-08,100.0,50,0.60,0.58,True,148.8,3,0.0,0.0,64.43642973326249,
2417,200,3,83.4,31.6,5.0,1e-08,50.0,120,0.35,0.45,True,397.0,3,0.0,0.0,64.43642973326249,
2438,200,3,83.4,31.6,5.0,1e-08,100.0,120,0.45,0.55,True,150.0,3,0.0,0.0,64.43642973326249,
2440,200,3,83.4,31.6,5.0,1e-08,100.0,120,0.60,0.58,True,152.3,3,0.0,0.0,64.43642973326249,
2396,200,3,83.4,31.6,3.0,1e-06,100.0,120,center,center,False,900.0,2,nan,nan,5.512794649392589,vittima non trovata entro 15 minuti
2442,200,3,83.4,31.6,5.0,1e-07,50.0,25,0.35,0.45,True,180.20000000000002,3,461.3576417406534,21.479237457150415,22.536067973319646,
2404,200,3,83.4,31.6,5.0,1e-08,50.0,25,0.60,0.45,True,868.5,3,0.0,0.0,64.43642973326249,
2414,200,3,83.4,31.6,5.0,1e-08,50.0,80,0.60,0.45,True,761.0,3,0.0,0.0,64.43642973326249,
2439,200,3,83.4,31.6,5.0,1e-08,100.0,120,0.60,0.45,True,228.8,3,0.0,0.0,64.43642973326249,
2447,200,3,83.4,31.6,5.0,1e-07,50.0,50,0.35,0.45,True,161.4,3,1.4829883321545067e-08,0.0001217780083658173,14.60287133976863,
2445,200,3,83.4,31.6,5.0,1e-07,50.0,25,0.60,0.58,True,184.3,3,420.5121306973788,20.50639243497936,20.55870651411118,
2444,200,3,83.4,31.6,5.0,1e-07,50.0,25,0.60,0.45,True,199.10000000000002,3,155.32559868957983,12.462969096069356,13.153712167722144,
2441,200,3,83.4,31.6,5.0,1e-07,50.0,25,center,center,True,229.0,3,10.46671205160152,3.2352298297959483,15.662805617224187,
2426,200,3,83.4,31.6,5.0,1e-08,100.0,50,center,center,True,328.1,3,0.0,0.0,64.43642973326249,
2451,200,3,83.4,31.6,5.0,1e-07,50.0,80,center,center,True,142.4,3,0.0038624548716567546,0.06214865140658126,16.569917167750354,
2450,200,3,83.4,31.6,5.0,1e-07,50.0,50,0.60,0.58,True,171.60000000000002,3,975.2895509827923,31.22962617424026,23.51347244952659,
2436,200,3,83.4,31.6,5.0,1e-08,100.0,120,center,center,True,327.8,3,0.0,0.0,64.43642973326249,
2449,200,3,83.4,31.6,5.0,1e-07,50.0,50,0.60,0.45,True,181.4,3,268.9796327290361,16.40059854788953,18.15169708041082,
2446,200,3,83.4,31.6,5.0,1e-07,50.0,50,center,center,True,242.60000000000002,3,17.322504029244463,4.16203123837922,16.53843238768616,
2452,200,3,83.4,31.6,5.0,1e-07,50.0,80,0.35,0.45,True,139.6,3,0.005624927667720454,0.0749995177832528,19.112787940627747,
2453,200,3,83.4,31.6,5.0,1e-07,50.0,80,0.45,0.55,True,119.10000000000001,3,5.981178355703997e-06,0.002445644773000363,13.54813998543544,
2455,200,3,83.4,31.6,5.0,1e-07,50.0,80,0.60,0.58,True,122.5,3,0.005319398624138873,0.07293420750333052,14.194186750790461,
2458,200,3,83.4,31.6,5.0,1e-07,50.0,120,0.45,0.55,True,116.9,3,5.96601326716532e-06,0.002442542377762425,12.597352853989198,
2437,200,3,83.4,31.6,5.0,1e-08,100.0,120,0.35,0.45,True,397.0,3,0.0,0.0,64.43642973326249,
2443,200,3,83.4,31.6,5.0,1e-07,50.0,25,0.45,0.55,True,323.3,3,571.1217339653274,23.89815335889632,23.402592787450995,
2457,200,3,83.4,31.6,5.0,1e-07,50.0,120,0.35,0.45,True,144.20000000000002,3,0.00022160693788627567,0.014886468281169837,15.725612472485043,
2456,200,3,83.4,31.6,5.0,1e-07,50.0,120,center,center,True,157.0,3,0.00015568736380352285,0.012477474255774798,13.787738870865104,
2454,200,3,83.4,31.6,5.0,1e-07,50.0,80,0.60,0.45,True,164.70000000000002,3,4.079806618787534e-07,0.0006387336392258932,16.9905587083349,
2459,200,3,83.4,31.6,5.0,1e-07,50.0,120,0.60,0.45,True,137.4,3,0.0025536359160566926,0.050533512801473564,17.8755093969788,
2460,200,3,83.4,31.6,5.0,1e-07,50.0,120,0.60,0.58,True,144.1,3,2.5039528735211255e-09,5.003951312234288e-05,18.39252129135792,
2425,200,3,83.4,31.6,5.0,1e-08,100.0,25,0.60,0.58,True,476.40000000000003,3,0.0,0.0,64.43642973326249,
2448,200,3,83.4,31.6,5.0,1e-07,50.0,50,0.45,0.55,True,331.90000000000003,3,68.2395747715014,8.260724833300126,20.172288920152532,
2466,200,3,83.4,31.6,5.0,1e-07,100.0,50,center,center,True,145.4,3,549.4067603704208,23.439427475312208,20.13930810826119,
2428,200,3,83.4,31.6,5.0,1e-08,100.0,50,0.45,0.55,True,480.3,3,0.0,0.0,64.43642973326249,
2467,200,3,83.4,31.6,5.0,1e-07,100.0,50,0.35,0.45,True,137.1,3,3.588302647244697e-07,0.0005990244274856158,10.017005888455635,
2433,200,3,83.4,31.6,5.0,1e-08,100.0,80,0.45,0.55,True,486.6,3,0.0,0.0,64.43642973326249,
2431,200,3,83.4,31.6,5.0,1e-08,100.0,80,center,center,True,491.8,3,0.0,0.0,64.43642973326249,
2472,200,3,83.4,31.6,5.0,1e-07,100.0,80,0.35,0.45,True,117.5,3,0.0036083384513801156,0.06006944690423007,8.310027292493553,
2471,200,3,83.4,31.6,5.0,1e-07,100.0,80,center,center,True,139.1,3,2.818600177318591e-09,5.309049046033188e-05,9.54421437505846,
2462,200,3,83.4,31.6,5.0,1e-07,100.0,25,0.35,0.45,True,224.4,3,13.971295382398836,3.7378196027094237,6.438591976564034,
2476,200,3,83.4,31.6,5.0,1e-07,100.0,120,center,center,True,117.10000000000001,3,1.2781786122377341e-08,0.00011305656160691135,10.912447672457057,
2435,200,3,83.4,31.6,5.0,1e-08,100.0,80,0.60,0.58,True,524.3000000000001,3,0.0,0.0,64.43642973326249,
2477,200,3,83.4,31.6,5.0,1e-07,100.0,120,0.35,0.45,True,117.0,3,3.9004900587695644e-08,0.00019749658373677161,9.488449275618915,
2473,200,3,83.4,31.6,5.0,1e-07,100.0,80,0.45,0.55,True,142.70000000000002,3,0.003880256019870564,0.06229170105134844,12.056152469662667,
2465,200,3,83.4,31.6,5.0,1e-07,100.0,25,0.60,0.58,True,213.0,3,26.38172561989225,5.136314400413223,5.965094126830704,
2469,200,3,83.4,31.6,5.0,1e-07,100.0,50,0.60,0.45,True,188.10000000000002,3,0.7536773812589677,0.8681459446769119,23.64079802822938,
2429,200,3,83.4,31.6,5.0,1e-08,100.0,50,0.60,0.45,True,591.5,3,0.0,0.0,64.43642973326249,
2474,200,3,83.4,31.6,5.0,1e-07,100.0,80,0.60,0.45,True,149.9,3,8.268790166346588e-08,0.0002875550411025094,11.285960578550824,
2479,200,3,83.4,31.6,5.0,1e-07,100.0,120,0.60,0.45,True,117.5,3,3.456850213929087e-08,0.00018592606632554477,11.546702578535928,
2475,200,3,83.4,31.6,5.0,1e-07,100.0,80,0.60,0.58,True,152.9,3,2.9624394905744392e-08,0.0001721173869942964,12.685631348020413,
2478,200,3,83.4,31.6,5.0,1e-07,100.0,120,0.45,0.55,True,141.4,3,7.092338005013411e-08,0.0002663144383058007,11.332931784942097,
2432,200,3,83.4,31.6,5.0,1e-08,100.0,80,0.35,0.45,True,593.2,3,0.0,0.0,64.43642973326249,
2480,200,3,83.4,31.6,5.0,1e-07,100.0,120,0.60,0.58,True,122.9,3,2.3760334641927604e-07,0.00048744573689722226,11.97754255181083,
2470,200,3,83.4,31.6,5.0,1e-07,100.0,50,0.60,0.58,True,210.20000000000002,3,276.6826545065669,16.633780523578125,20.26712006987263,
2461,200,3,83.4,31.6,5.0,1e-07,100.0,25,center,center,True,301.5,3,118.2019641928001,10.87207267234726,18.66788718915954,
2427,200,3,83.4,31.6,5.0,1e-08,100.0,50,0.35,0.45,True,651.9000000000001,3,0.0,0.0,64.43642973326249,
2423,200,3,83.4,31.6,5.0,1e-08,100.0,25,0.45,0.55,True,706.9000000000001,3,0.0,0.0,64.43642973326249,
2493,200,3,83.4,31.6,5.0,1e-06,50.0,80,0.45,0.55,True,128.5,3,nan,nan,4.4678348707438875,
2421,200,3,83.4,31.6,5.0,1e-08,100.0,25,center,center,True,719.4000000000001,3,0.0,0.0,64.43642973326249,
2496,200,3,83.4,31.6,5.0,1e-06,50.0,120,center,center,True,121.9,3,nan,nan,4.57373815145221,
2498,200,3,83.4,31.6,5.0,1e-06,50.0,120,0.45,0.55,True,118.9,3,nan,nan,4.869910516048899,
2500,200,3,83.4,31.6,5.0,1e-06,50.0,120,0.60,0.58,True,121.60000000000001,3,nan,nan,5.0124866613169665,
2499,200,3,83.4,31.6,5.0,1e-06,50.0,120,0.60,0.45,True,130.9,3,nan,nan,8.789190070373444,
2422,200,3,83.4,31.6,5.0,1e-08,100.0,25,0.35,0.45,True,750.3000000000001,3,0.0,0.0,64.43642973326249,
2434,200,3,83.4,31.6,5.0,1e-08,100.0,80,0.60,0.45,True,761.0,3,0.0,0.0,64.43642973326249,
2481,200,3,83.4,31.6,5.0,1e-06,50.0,25,center,center,True,295.6,3,512.8147263838633,22.64541292146962,18.771417042096814,
2483,200,3,83.4,31.6,5.0,1e-06,50.0,25,0.45,0.55,True,284.8,3,185.7050754139245,13.627364947557709,11.508195043976071,
2424,200,3,83.4,31.6,5.0,1e-08,100.0,25,0.60,0.45,True,868.5,3,0.0,0.0,64.43642973326249,
2488,200,3,83.4,31.6,5.0,1e-06,50.0,50,0.45,0.55,True,328.90000000000003,3,169.1181673255193,13.004544102947989,15.168358482050792,
2486,200,3,83.4,31.6,5.0,1e-06,50.0,50,center,center,True,357.5,3,101.32834763401348,10.066198271145542,6.725262924726513,
2513,200,3,83.4,31.6,5.0,1e-06,100.0,80,0.45,0.55,True,129.1,3,nan,nan,6.255976693024608,
2515,200,3,83.4,31.6,5.0,1e-06,100.0,80,0.60,0.58,True,121.60000000000001,3,nan,nan,6.641213844295682,
2516,200,3,83.4,31.6,5.0,1e-06,100.0,120,center,center,True,119.80000000000001,3,nan,nan,5.647178213077103,
2508,200,3,83.4,31.6,5.0,1e-06,100.0,50,0.45,0.55,True,280.90000000000003,3,210.93900506053552,14.52373936217996,15.576135822399964,
2507,200,3,83.4,31.6,5.0,1e-06,100.0,50,0.35,0.45,True,295.1,3,119.81940321180392,10.946204968472129,11.591898794647914,
2510,200,3,83.4,31.6,5.0,1e-06,100.0,50,0.60,0.58,True,279.6,3,186.45867958066776,13.65498735190435,15.588291031134968,
2518,200,3,83.4,31.6,5.0,1e-06,100.0,120,0.45,0.55,True,119.30000000000001,3,nan,nan,6.371373408029453,
2511,200,3,83.4,31.6,5.0,1e-06,100.0,80,center,center,True,299.2,3,126.33593627564477,11.239925990665808,8.385982679343371,
2519,200,3,83.4,31.6,5.0,1e-06,100.0,120,0.60,0.45,True,123.9,3,nan,nan,9.445570520432323,
2520,200,3,83.4,31.6,5.0,1e-06,100.0,120,0.60,0.58,True,123.9,3,nan,nan,6.713248329118749,
2514,200,3,83.4,31.6,5.0,1e-06,100.0,80,0.60,0.45,True,286.5,3,42.02976752199285,6.483036905802161,10.166509158394302,
2521,200,3,132.2,29.8,1.0,1e-08,50.0,25,center,center,True,231.3,3,0.035055103485207385,0.18723008167815178,67.93202578204158,
2522,200,3,132.2,29.8,1.0,1e-08,50.0,25,0.35,0.45,True,207.10000000000002,3,2.924341633573436e-07,0.0005407718218965774,71.27447422389781,
2523,200,3,132.2,29.8,1.0,1e-08,50.0,25,0.45,0.55,True,206.4,3,2.970724992677252e-07,0.0005450435755677937,70.2878681616262,
2490,200,3,83.4,31.6,5.0,1e-06,50.0,50,0.60,0.58,True,636.6,3,164.88308213782534,12.840680750560905,8.60086229773339,
2528,200,3,132.2,29.8,1.0,1e-08,50.0,50,0.45,0.55,True,207.70000000000002,3,2.970724992677252e-07,0.0005450435755677937,70.2878681616262,
2524,200,3,132.2,29.8,1.0,1e-08,50.0,25,0.60,0.45,True,253.0,3,3.17503881938791e-05,0.005634748281323585,73.79959692428773,
2527,200,3,132.2,29.8,1.0,1e-08,50.0,50,0.35,0.45,True,209.70000000000002,3,2.924341633573436e-07,0.0005407718218965774,71.27447422389781,
2526,200,3,132.2,29.8,1.0,1e-08,50.0,50,center,center,True,250.9,3,0.0,0.0,75.0925073552817,
2464,200,3,83.4,31.6,5.0,1e-07,100.0,25,0.60,0.45,False,900.0,2,7841.692620812241,88.55333207063549,56.560304679810855,vittima non trovata entro 15 minuti
2525,200,3,132.2,29.8,1.0,1e-08,50.0,25,0.60,0.58,True,271.3,3,7.303245035210904e-06,0.0027024516712072584,71.76721358700154,
2463,200,3,83.4,31.6,5.0,1e-07,100.0,25,0.45,0.55,False,900.0,2,3297.034560452038,57.41980982598286,36.10359828512498,vittima non trovata entro 15 minuti
2468,200,3,83.4,31.6,5.0,1e-07,100.0,50,0.45,0.55,False,900.0,2,0.0035661903983896545,0.059717588685324986,12.58135611222664,vittima non trovata entro 15 minuti
2484,200,3,83.4,31.6,5.0,1e-06,50.0,25,0.60,0.45,False,900.0,2,nan,nan,9.139691289813591,vittima non trovata entro 15 minuti
2529,200,3,132.2,29.8,1.0,1e-08,50.0,50,0.60,0.45,True,253.5,3,3.17503881938791e-05,0.005634748281323585,73.79959692428773,
2532,200,3,132.2,29.8,1.0,1e-08,50.0,80,0.35,0.45,True,208.3,3,2.924341633573436e-07,0.0005407718218965774,71.27447422389781,
2533,200,3,132.2,29.8,1.0,1e-08,50.0,80,0.45,0.55,True,207.60000000000002,3,2.970724992677252e-07,0.0005450435755677937,70.2878681616262,
2482,200,3,83.4,31.6,5.0,1e-06,50.0,25,0.35,0.45,False,900.0,2,3556.3044060581774,59.634758371759816,61.911184444388674,vittima non trovata entro 15 minuti
2485,200,3,83.4,31.6,5.0,1e-06,50.0,25,0.60,0.58,False,900.0,1,nan,nan,4.578973136893065,vittima non trovata entro 15 minuti
2531,200,3,132.2,29.8,1.0,1e-08,50.0,80,center,center,True,250.10000000000002,3,0.0,0.0,75.0925073552817,
2530,200,3,132.2,29.8,1.0,1e-08,50.0,50,0.60,0.58,True,269.90000000000003,3,7.303245035210904e-06,0.0027024516712072584,71.76721358700154,
2487,200,3,83.4,31.6,5.0,1e-06,50.0,50,0.35,0.45,False,900.0,2,nan,nan,4.185338861129423,vittima non trovata entro 15 minuti
2491,200,3,83.4,31.6,5.0,1e-06,50.0,80,center,center,False,900.0,2,nan,nan,4.736532484441089,vittima non trovata entro 15 minuti
2489,200,3,83.4,31.6,5.0,1e-06,50.0,50,0.60,0.45,False,900.0,1,nan,nan,8.074486208848107,vittima non trovata entro 15 minuti
2495,200,3,83.4,31.6,5.0,1e-06,50.0,80,0.60,0.58,False,900.0,2,nan,nan,5.315366819769395,vittima non trovata entro 15 minuti
2492,200,3,83.4,31.6,5.0,1e-06,50.0,80,0.35,0.45,False,900.0,2,nan,nan,3.987933485267863,vittima non trovata entro 15 minuti
2494,200,3,83.4,31.6,5.0,1e-06,50.0,80,0.60,0.45,False,900.0,2,nan,nan,8.545986615616734,vittima non trovata entro 15 minuti
2537,200,3,132.2,29.8,1.0,1e-08,50.0,120,0.35,0.45,True,208.3,3,2.924341633573436e-07,0.0005407718218965774,71.27447422389781,
2536,200,3,132.2,29.8,1.0,1e-08,50.0,120,center,center,True,250.70000000000002,3,0.0,0.0,75.0925073552817,
2534,200,3,132.2,29.8,1.0,1e-08,50.0,80,0.60,0.45,True,253.20000000000002,3,3.17503881938791e-05,0.005634748281323585,73.79959692428773,
2538,200,3,132.2,29.8,1.0,1e-08,50.0,120,0.45,0.55,True,207.60000000000002,3,2.970724992677252e-07,0.0005450435755677937,70.2878681616262,
2497,200,3,83.4,31.6,5.0,1e-06,50.0,120,0.35,0.45,False,900.0,1,nan,nan,3.9630299923767707,vittima non trovata entro 15 minuti
2535,200,3,132.2,29.8,1.0,1e-08,50.0,80,0.60,0.58,True,269.3,3,7.303245035210904e-06,0.0027024516712072584,71.76721358700154,
2501,200,3,83.4,31.6,5.0,1e-06,100.0,25,center,center,False,900.0,2,2646.2481303820223,51.44169641819778,51.9755355143469,vittima non trovata entro 15 minuti
2502,200,3,83.4,31.6,5.0,1e-06,100.0,25,0.35,0.45,False,900.0,1,nan,nan,4.8715717073783065,vittima non trovata entro 15 minuti
2503,200,3,83.4,31.6,5.0,1e-06,100.0,25,0.45,0.55,False,900.0,2,nan,nan,6.203168529805714,vittima non trovata entro 15 minuti
2539,200,3,132.2,29.8,1.0,1e-08,50.0,120,0.60,0.45,True,253.3,3,3.17503881938791e-05,0.005634748281323585,73.79959692428773,
2504,200,3,83.4,31.6,5.0,1e-06,100.0,25,0.60,0.45,False,900.0,2,147.26812525292925,12.135407914566747,11.476077742234441,vittima non trovata entro 15 minuti
2540,200,3,132.2,29.8,1.0,1e-08,50.0,120,0.60,0.58,True,267.1,3,7.303245035210904e-06,0.0027024516712072584,71.76721358700154,
2505,200,3,83.4,31.6,5.0,1e-06,100.0,25,0.60,0.58,False,900.0,1,nan,nan,5.2775752510865415,vittima non trovata entro 15 minuti
2543,200,3,132.2,29.8,1.0,1e-08,100.0,25,0.45,0.55,True,237.20000000000002,3,0.008119702104535392,0.09010938965798954,74.605969020962,
2506,200,3,83.4,31.6,5.0,1e-06,100.0,50,center,center,False,900.0,2,nan,nan,5.665368147118015,vittima non trovata entro 15 minuti
2509,200,3,83.4,31.6,5.0,1e-06,100.0,50,0.60,0.45,False,900.0,2,nan,nan,8.800276221338788,vittima non trovata entro 15 minuti
2546,200,3,132.2,29.8,1.0,1e-08,100.0,50,center,center,True,188.8,3,7.384774005978127,2.717494067330806,76.10075845001914,
2545,200,3,132.2,29.8,1.0,1e-08,100.0,25,0.60,0.58,True,202.5,3,1.2771278380919011,1.1301008088183555,74.4684510012362,
2512,200,3,83.4,31.6,5.0,1e-06,100.0,80,0.35,0.45,False,900.0,2,nan,nan,4.475409660837188,vittima non trovata entro 15 minuti
2542,200,3,132.2,29.8,1.0,1e-08,100.0,25,0.35,0.45,True,289.8,3,0.0,0.0,75.0925073552817,
2549,200,3,132.2,29.8,1.0,1e-08,100.0,50,0.60,0.45,True,191.8,3,176.69871756878084,13.29280698606509,77.84468141286605,
2547,200,3,132.2,29.8,1.0,1e-08,100.0,50,0.35,0.45,True,205.70000000000002,3,0.0,0.0,75.0925073552817,
2541,200,3,132.2,29.8,1.0,1e-08,100.0,25,center,center,True,333.20000000000005,3,23.059639923102818,4.802045389529634,74.80435789915673,
2544,200,3,132.2,29.8,1.0,1e-08,100.0,25,0.60,0.45,True,236.20000000000002,3,20.64170639306322,4.5433144721737255,72.71129938874921,
2552,200,3,132.2,29.8,1.0,1e-08,100.0,80,0.35,0.45,True,210.0,3,0.0,0.0,75.0925073552817,
2559,200,3,132.2,29.8,1.0,1e-08,100.0,120,0.60,0.45,True,180.3,3,0.0,0.0,75.0925073552817,
2548,200,3,132.2,29.8,1.0,1e-08,100.0,50,0.45,0.55,True,254.60000000000002,3,0.24598548588514954,0.4959692388496988,74.46085499811032,
2554,200,3,132.2,29.8,1.0,1e-08,100.0,80,0.60,0.45,True,210.3,3,0.0,0.0,75.0925073552817,
2560,200,3,132.2,29.8,1.0,1e-08,100.0,120,0.60,0.58,True,188.5,3,1.3473332465001378e-09,3.6706038283913695e-05,66.78300038911411,
2553,200,3,132.2,29.8,1.0,1e-08,100.0,80,0.45,0.55,True,230.20000000000002,3,0.008887403739529067,0.09427302763531607,67.78056061724986,
2555,200,3,132.2,29.8,1.0,1e-08,100.0,80,0.60,0.58,True,221.3,3,0.008249610371673323,0.09082736576425259,65.94219646433554,
2567,200,3,132.2,29.8,1.0,1e-07,50.0,50,0.35,0.45,True,146.0,3,0.005483023359985056,0.07404743992863666,36.33906150586173,
2550,200,3,132.2,29.8,1.0,1e-08,100.0,50,0.60,0.58,True,247.4,3,27.620804720594382,5.25554989707018,77.19870948046957,
2558,200,3,132.2,29.8,1.0,1e-08,100.0,120,0.45,0.55,True,230.4,3,0.0,0.0,75.0925073552817,
2551,200,3,132.2,29.8,1.0,1e-08,100.0,80,center,center,True,267.0,3,0.0,0.0,75.0925073552817,
2578,200,3,132.2,29.8,1.0,1e-07,50.0,120,0.45,0.55,True,138.9,3,nan,nan,29.51179814552524,
2576,200,3,132.2,29.8,1.0,1e-07,50.0,120,center,center,True,141.4,3,nan,nan,27.135786728865867,
2572,200,3,132.2,29.8,1.0,1e-07,50.0,80,0.35,0.45,True,164.4,3,0.004581227411097238,0.06768476498516662,36.48872767915952,
2579,200,3,132.2,29.8,1.0,1e-07,50.0,120,0.60,0.45,True,140.6,3,nan,nan,27.089422000792435,
2577,200,3,132.2,29.8,1.0,1e-07,50.0,120,0.35,0.45,True,137.1,3,0.005421903300285065,0.07363357454507465,34.094199743651366,
2573,200,3,132.2,29.8,1.0,1e-07,50.0,80,0.45,0.55,True,174.20000000000002,3,nan,nan,31.804391131079036,
2580,200,3,132.2,29.8,1.0,1e-07,50.0,120,0.60,0.58,True,140.6,3,nan,nan,30.12251358263073,
2517,200,3,83.4,31.6,5.0,1e-06,100.0,120,0.35,0.45,False,900.0,2,nan,nan,4.598831486046143,vittima non trovata entro 15 minuti
2575,200,3,132.2,29.8,1.0,1e-07,50.0,80,0.60,0.58,True,182.5,3,nan,nan,32.15152598441307,
2563,200,3,132.2,29.8,1.0,1e-07,50.0,25,0.45,0.55,True,334.3,3,212.6892320321415,14.583868897934508,39.192442362751564,
2566,200,3,132.2,29.8,1.0,1e-07,50.0,50,center,center,True,329.3,3,584.3824504077865,24.17400360734205,38.50905686192862,
2596,200,3,132.2,29.8,1.0,1e-07,100.0,120,center,center,True,142.5,3,nan,nan,25.849217804333335,
2571,200,3,132.2,29.8,1.0,1e-07,50.0,80,center,center,True,309.1,3,1455.946619477484,38.15686857536247,49.87792657866322,
2597,200,3,132.2,29.8,1.0,1e-07,100.0,120,0.35,0.45,True,137.0,3,nan,nan,28.056144551115505,
2599,200,3,132.2,29.8,1.0,1e-07,100.0,120,0.60,0.45,True,137.8,3,nan,nan,25.743791328137824,
2598,200,3,132.2,29.8,1.0,1e-07,100.0,120,0.45,0.55,True,140.4,3,nan,nan,25.338844905944782,
2557,200,3,132.2,29.8,1.0,1e-08,100.0,120,0.35,0.45,True,422.90000000000003,3,0.0,0.0,75.0925073552817,
2594,200,3,132.2,29.8,1.0,1e-07,100.0,80,0.60,0.45,True,171.9,3,nan,nan,25.52797196951516,
2569,200,3,132.2,29.8,1.0,1e-07,50.0,50,0.60,0.45,True,379.90000000000003,3,485.59237608068065,22.03616064746036,33.10105981054663,
2574,200,3,132.2,29.8,1.0,1e-07,50.0,80,0.60,0.45,True,335.8,3,453.10735825197054,21.28631856972855,37.215741955376444,
2600,200,3,132.2,29.8,1.0,1e-07,100.0,120,0.60,0.58,True,142.3,3,nan,nan,27.360712622144188,
2587,200,3,132.2,29.8,1.0,1e-07,100.0,50,0.35,0.45,True,337.1,3,492.3850208386047,22.189750355481802,39.6327998336829,
2592,200,3,132.2,29.8,1.0,1e-07,100.0,80,0.35,0.45,True,314.5,3,498.48196051872867,22.32670957661985,37.070534607263745,
2556,200,3,132.2,29.8,1.0,1e-08,100.0,120,center,center,True,640.1,3,0.0,0.0,75.0925073552817,
2591,200,3,132.2,29.8,1.0,1e-07,100.0,80,center,center,True,358.3,3,978.6223526159974,31.282940280862306,38.85718206717663,
2608,200,3,132.2,29.8,1.0,1e-06,50.0,50,0.45,0.55,True,371.0,3,30.70533893788332,5.541239837607042,15.769617019271486,
2610,200,3,132.2,29.8,1.0,1e-06,50.0,50,0.60,0.58,True,347.40000000000003,3,8.22541325826116,2.8679981273113064,15.271447024694558,
2617,200,3,132.2,29.8,1.0,1e-06,50.0,120,0.35,0.45,True,138.9,3,nan,nan,9.584412550347263,
2561,200,3,132.2,29.8,1.0,1e-07,50.0,25,center,center,False,900.0,2,837.6218121667691,28.9416967741487,34.75162327217813,vittima non trovata entro 15 minuti
2564,200,3,132.2,29.8,1.0,1e-07,50.0,25,0.60,0.45,False,900.0,2,582.3305340694535,24.131525730244523,33.16425051230956,vittima non trovata entro 15 minuti
2562,200,3,132.2,29.8,1.0,1e-07,50.0,25,0.35,0.45,False,900.0,1,14368.74718947666,119.8697092241266,162.971123264223,vittima non trovata entro 15 minuti
2565,200,3,132.2,29.8,1.0,1e-07,50.0,25,0.60,0.58,False,900.0,2,674.7217509667773,25.975406656427484,35.12277633330059,vittima non trovata entro 15 minuti
2568,200,3,132.2,29.8,1.0,1e-07,50.0,50,0.45,0.55,False,900.0,2,nan,nan,30.572468211793314,vittima non trovata entro 15 minuti
2570,200,3,132.2,29.8,1.0,1e-07,50.0,50,0.60,0.58,False,900.0,2,1666.0074905606568,40.816755022425006,54.31728694763791,vittima non trovata entro 15 minuti
2619,200,3,132.2,29.8,1.0,1e-06,50.0,120,0.60,0.45,True,145.8,3,nan,nan,12.071134843805446,
2620,200,3,132.2,29.8,1.0,1e-06,50.0,120,0.60,0.58,True,143.0,3,nan,nan,14.306526232646501,
2582,200,3,132.2,29.8,1.0,1e-07,100.0,25,0.35,0.45,False,900.0,2,652.3276297139638,25.540705348794965,36.39593939492988,vittima non trovata entro 15 minuti
2585,200,3,132.2,29.8,1.0,1e-07,100.0,25,0.60,0.58,False,900.0,2,194.9661520742328,13.963028041017207,34.27481666063241,vittima non trovata entro 15 minuti
2581,200,3,132.2,29.8,1.0,1e-07,100.0,25,center,center,False,900.0,2,478.4619665196016,21.873773486063204,22.84411655348948,vittima non trovata entro 15 minuti
2584,200,3,132.2,29.8,1.0,1e-07,100.0,25,0.60,0.45,False,900.0,2,1159.3781989120625,34.049643153960695,32.267413400018555,vittima non trovata entro 15 minuti
2586,200,3,132.2,29.8,1.0,1e-07,100.0,50,center,center,False,900.0,2,578.9872722552248,24.062154356067637,30.92588475679088,vittima non trovata entro 15 minuti
2583,200,3,132.2,29.8,1.0,1e-07,100.0,25,0.45,0.55,False,900.0,2,587.01610067907,24.22841514996534,32.85199897674893,vittima non trovata entro 15 minuti
2588,200,3,132.2,29.8,1.0,1e-07,100.0,50,0.45,0.55,False,900.0,2,nan,nan,26.313061864507127,vittima non trovata entro 15 minuti
2589,200,3,132.2,29.8,1.0,1e-07,100.0,50,0.60,0.45,False,900.0,2,259.0546056463397,16.095173364904763,32.928548583564464,vittima non trovata entro 15 minuti
2590,200,3,132.2,29.8,1.0,1e-07,100.0,50,0.60,0.58,False,900.0,2,1151.1188190393812,33.92814199214836,44.24377758016959,vittima non trovata entro 15 minuti
2593,200,3,132.2,29.8,1.0,1e-07,100.0,80,0.45,0.55,False,900.0,2,nan,nan,25.09020008382611,vittima non trovata entro 15 minuti
2595,200,3,132.2,29.8,1.0,1e-07,100.0,80,0.60,0.58,False,900.0,2,nan,nan,27.579129757682484,vittima non trovata entro 15 minuti
2601,200,3,132.2,29.8,1.0,1e-06,50.0,25,center,center,False,900.0,2,329.4874397008948,18.15178888431922,7.523806333029268,vittima non trovata entro 15 minuti
2602,200,3,132.2,29.8,1.0,1e-06,50.0,25,0.35,0.45,False,900.0,2,313.8201439122739,17.714969486631183,18.317695515745417,vittima non trovata entro 15 minuti
2604,200,3,132.2,29.8,1.0,1e-06,50.0,25,0.60,0.45,False,900.0,2,407.296871299223,20.181597342609503,13.577187118942158,vittima non trovata entro 15 minuti
2603,200,3,132.2,29.8,1.0,1e-06,50.0,25,0.45,0.55,False,900.0,2,nan,nan,13.4394167988291,vittima non trovata entro 15 minuti
2605,200,3,132.2,29.8,1.0,1e-06,50.0,25,0.60,0.58,False,900.0,2,64.624964989228,8.038965417840036,16.31591889275887,vittima non trovata entro 15 minuti
2607,200,3,132.2,29.8,1.0,1e-06,50.0,50,0.35,0.45,False,900.0,2,nan,nan,8.77784825349853,vittima non trovata entro 15 minuti
2606,200,3,132.2,29.8,1.0,1e-06,50.0,50,center,center,False,900.0,2,1038.9688625084948,32.2330399203751,23.29338180599706,vittima non trovata entro 15 minuti
2609,200,3,132.2,29.8,1.0,1e-06,50.0,50,0.60,0.45,False,900.0,2,nan,nan,11.876777300563068,vittima non trovata entro 15 minuti
2621,200,3,132.2,29.8,1.0,1e-06,100.0,25,center,center,True,442.5,3,222.4819611685279,14.915829214915538,7.026391695559632,
2611,200,3,132.2,29.8,1.0,1e-06,50.0,80,center,center,False,900.0,2,nan,nan,14.676036171939613,vittima non trovata entro 15 minuti
2614,200,3,132.2,29.8,1.0,1e-06,50.0,80,0.60,0.45,False,900.0,2,nan,nan,12.540421627996205,vittima non trovata entro 15 minuti
2638,200,3,132.2,29.8,1.0,1e-06,100.0,120,0.45,0.55,True,145.70000000000002,3,nan,nan,7.162239905781526,
2639,200,3,132.2,29.8,1.0,1e-06,100.0,120,0.60,0.45,True,145.1,3,nan,nan,8.908713870116399,
2633,200,3,132.2,29.8,1.0,1e-06,100.0,80,0.45,0.55,True,335.3,3,113.0789403596149,10.633858206672445,11.24818739283159,
2640,200,3,132.2,29.8,1.0,1e-06,100.0,120,0.60,0.58,True,151.0,3,nan,nan,8.535897925195602,
2612,200,3,132.2,29.8,1.0,1e-06,50.0,80,0.35,0.45,False,900.0,2,nan,nan,10.197766319561651,vittima non trovata entro 15 minuti
2613,200,3,132.2,29.8,1.0,1e-06,50.0,80,0.45,0.55,False,900.0,2,nan,nan,12.18249619662403,vittima non trovata entro 15 minuti
2630,200,3,132.2,29.8,1.0,1e-06,100.0,50,0.60,0.58,True,355.90000000000003,3,148.09626089112837,12.169480715754817,13.534896482890947,
2615,200,3,132.2,29.8,1.0,1e-06,50.0,80,0.60,0.58,False,900.0,2,nan,nan,14.931173686705709,vittima non trovata entro 15 minuti
2642,200,3,132.2,29.8,3.0,1e-08,50.0,25,0.35,0.45,True,207.10000000000002,3,2.926284588366292e-07,0.0005409514385197892,71.27450777960509,
2643,200,3,132.2,29.8,3.0,1e-08,50.0,25,0.45,0.55,True,206.10000000000002,3,2.9816412880536365e-07,0.0005460440722188674,70.2235166245232,
2641,200,3,132.2,29.8,3.0,1e-08,50.0,25,center,center,True,224.20000000000002,3,0.008817764948048758,0.09390295494844003,67.1243984001969,
2644,200,3,132.2,29.8,3.0,1e-08,50.0,25,0.60,0.45,True,251.4,3,3.059816109245372e-05,0.005531560457271865,73.86807168162709,
2646,200,3,132.2,29.8,3.0,1e-08,50.0,50,center,center,True,224.20000000000002,3,0.008817764948048758,0.09390295494844003,67.1243984001969,
2647,200,3,132.2,29.8,3.0,1e-08,50.0,50,0.35,0.45,True,209.70000000000002,3,2.926284588366292e-07,0.0005409514385197892,71.27450777960509,
2648,200,3,132.2,29.8,3.0,1e-08,50.0,50,0.45,0.55,True,207.5,3,2.9816412880536365e-07,0.0005460440722188674,70.2235166245232,
2645,200,3,132.2,29.8,3.0,1e-08,50.0,25,0.60,0.58,True,269.1,3,3.966416563312964e-06,0.001991586443846454,71.05700809547797,
2652,200,3,132.2,29.8,3.0,1e-08,50.0,80,0.35,0.45,True,208.20000000000002,3,2.926284588366292e-07,0.0005409514385197892,71.27450777960509,
2653,200,3,132.2,29.8,3.0,1e-08,50.0,80,0.45,0.55,True,207.70000000000002,3,2.9816412880536365e-07,0.0005460440722188674,70.2235166245232,
2616,200,3,132.2,29.8,1.0,1e-06,50.0,120,center,center,False,900.0,2,nan,nan,16.162981742573518,vittima non trovata entro 15 minuti
2651,200,3,132.2,29.8,3.0,1e-08,50.0,80,center,center,True,242.3,3,0.008817764948048758,0.09390295494844003,67.1243984001969,
2649,200,3,132.2,29.8,3.0,1e-08,50.0,50,0.60,0.45,True,259.5,3,3.059816109245372e-05,0.005531560457271865,73.86807168162709,
2650,200,3,132.2,29.8,3.0,1e-08,50.0,50,0.60,0.58,True,268.2,3,3.966416563312964e-06,0.001991586443846454,71.05700809547797,
2654,200,3,132.2,29.8,3.0,1e-08,50.0,80,0.60,0.45,True,254.0,3,3.059816109245372e-05,0.005531560457271865,73.86807168162709,
2655,200,3,132.2,29.8,3.0,1e-08,50.0,80,0.60,0.58,True,268.6,3,3.966416563312964e-06,0.001991586443846454,71.05700809547797,
2656,200,3,132.2,29.8,3.0,1e-08,50.0,120,center,center,True,241.20000000000002,3,0.008817764948048758,0.09390295494844003,67.1243984001969,
2657,200,3,132.2,29.8,3.0,1e-08,50.0,120,0.35,0.45,True,208.20000000000002,3,2.926284588366292e-07,0.0005409514385197892,71.27450777960509,
2658,200,3,132.2,29.8,3.0,1e-08,50.0,120,0.45,0.55,True,207.70000000000002,3,2.9816412880536365e-07,0.0005460440722188674,70.2235166245232,
2618,200,3,132.2,29.8,1.0,1e-06,50.0,120,0.45,0.55,False,900.0,2,nan,nan,13.963585976108174,vittima non trovata entro 15 minuti
2659,200,3,132.2,29.8,3.0,1e-08,50.0,120,0.60,0.45,True,252.5,3,3.059816109245372e-05,0.005531560457271865,73.86807168162709,
2663,200,3,132.2,29.8,3.0,1e-08,100.0,25,0.45,0.55,True,237.70000000000002,3,0.008119713492830399,0.09010945284946746,74.5754926827216,
2623,200,3,132.2,29.8,1.0,1e-06,100.0,25,0.45,0.55,False,900.0,2,47.6017183200046,6.899399852161389,9.986092842630717,vittima non trovata entro 15 minuti
2622,200,3,132.2,29.8,1.0,1e-06,100.0,25,0.35,0.45,False,900.0,2,5.48740209676176,2.342520458130891,6.885785678986706,vittima non trovata entro 15 minuti
2664,200,3,132.2,29.8,3.0,1e-08,100.0,25,0.60,0.45,True,236.20000000000002,3,21.864825815665558,4.675983940911855,72.64188408892268,
2660,200,3,132.2,29.8,3.0,1e-08,50.0,120,0.60,0.58,True,271.90000000000003,3,3.966416563312964e-06,0.001991586443846454,71.05700809547797,
2667,200,3,132.2,29.8,3.0,1e-08,100.0,50,0.35,0.45,True,201.0,3,0.0,0.0,75.0925073552817,
2665,200,3,132.2,29.8,3.0,1e-08,100.0,25,0.60,0.58,True,202.4,3,1.6160370040128516,1.2712344410111187,74.39415436319204,
2669,200,3,132.2,29.8,3.0,1e-08,100.0,50,0.60,0.45,True,204.70000000000002,3,0.0,0.0,75.0925073552817,
2671,200,3,132.2,29.8,3.0,1e-08,100.0,80,center,center,True,189.9,3,59.8963403670049,7.739272599347106,73.30088611833338,
2662,200,3,132.2,29.8,3.0,1e-08,100.0,25,0.35,0.45,True,289.8,3,0.0,0.0,75.0925073552817,
2624,200,3,132.2,29.8,1.0,1e-06,100.0,25,0.60,0.45,False,900.0,2,296.493339571583,17.21898195514424,14.085187646622954,vittima non trovata entro 15 minuti
2670,200,3,132.2,29.8,3.0,1e-08,100.0,50,0.60,0.58,True,209.3,3,261.45139873686634,16.169458826345004,79.27596610650728,
2668,200,3,132.2,29.8,3.0,1e-08,100.0,50,0.45,0.55,True,252.8,3,12.99966822442415,3.6055052661761775,72.84511775573723,
2661,200,3,132.2,29.8,3.0,1e-08,100.0,25,center,center,True,332.6,3,28.5645447332807,5.344580875361575,74.79021221098884,
2666,200,3,132.2,29.8,3.0,1e-08,100.0,50,center,center,True,267.90000000000003,3,35.83003658833958,5.985819625443084,76.56056010671344,
2625,200,3,132.2,29.8,1.0,1e-06,100.0,25,0.60,0.58,False,900.0,2,288.86610554547025,16.996061471572474,13.702389702449418,vittima non trovata entro 15 minuti
2672,200,3,132.2,29.8,3.0,1e-08,100.0,80,0.35,0.45,True,210.0,3,0.0,0.0,75.0925073552817,
2673,200,3,132.2,29.8,3.0,1e-08,100.0,80,0.45,0.55,True,222.8,3,2.5925100753945934e-07,0.0005091669741248536,64.64932301920405,
2626,200,3,132.2,29.8,1.0,1e-06,100.0,50,center,center,False,900.0,2,235.17800353811947,15.335514452998291,12.418317860376654,vittima non trovata entro 15 minuti
2675,200,3,132.2,29.8,3.0,1e-08,100.0,80,0.60,0.58,True,212.70000000000002,3,0.07995511372357963,0.28276335286521775,75.06427432772128,
2674,200,3,132.2,29.8,3.0,1e-08,100.0,80,0.60,0.45,True,212.4,3,0.0,0.0,75.0925073552817,
2628,200,3,132.2,29.8,1.0,1e-06,100.0,50,0.45,0.55,False,900.0,2,56.83342500585674,7.538794665319964,11.451750063245393,vittima non trovata entro 15 minuti
2627,200,3,132.2,29.8,1.0,1e-06,100.0,50,0.35,0.45,False,900.0,2,27.88968757582965,5.281068791052589,9.52452644738848,vittima non trovata entro 15 minuti
2632,200,3,132.2,29.8,1.0,1e-06,100.0,80,0.35,0.45,False,900.0,2,nan,nan,6.896489535061246,vittima non trovata entro 15 minuti
2631,200,3,132.2,29.8,1.0,1e-06,100.0,80,center,center,False,900.0,2,nan,nan,7.153359541407465,vittima non trovata entro 15 minuti
2629,200,3,132.2,29.8,1.0,1e-06,100.0,50,0.60,0.45,False,900.0,2,76.9218464363222,8.770510044251829,12.057613819794925,vittima non trovata entro 15 minuti
2634,200,3,132.2,29.8,1.0,1e-06,100.0,80,0.60,0.45,False,900.0,2,556.2715732706178,23.585410178129568,28.272860138856313,vittima non trovata entro 15 minuti
2676,200,3,132.2,29.8,3.0,1e-08,100.0,120,center,center,True,257.0,3,0.0,0.0,75.0925073552817,
2637,200,3,132.2,29.8,1.0,1e-06,100.0,120,0.35,0.45,False,900.0,2,nan,nan,8.090723000616647,vittima non trovata entro 15 minuti
2687,200,3,132.2,29.8,3.0,1e-07,50.0,50,0.35,0.45,True,146.0,3,0.00548469308839361,0.07405871379111043,36.364188277760576,
2635,200,3,132.2,29.8,1.0,1e-06,100.0,80,0.60,0.58,False,900.0,2,nan,nan,8.549422745554878,vittima non trovata entro 15 minuti
2680,200,3,132.2,29.8,3.0,1e-08,100.0,120,0.60,0.58,True,195.3,3,3.390575164975683e-08,0.00018413514506947562,64.23104987391879,
2678,200,3,132.2,29.8,3.0,1e-08,100.0,120,0.45,0.55,True,205.0,3,0.0,0.0,75.0925073552817,
2636,200,3,132.2,29.8,1.0,1e-06,100.0,120,center,center,False,900.0,2,nan,nan,8.272579258142452,vittima non trovata entro 15 minuti
2679,200,3,132.2,29.8,3.0,1e-08,100.0,120,0.60,0.45,True,214.0,3,0.0,0.0,75.0925073552817,
2696,200,3,132.2,29.8,3.0,1e-07,50.0,120,center,center,True,141.0,3,nan,nan,27.301605896507976,
2693,200,3,132.2,29.8,3.0,1e-07,50.0,80,0.45,0.55,True,173.9,3,nan,nan,31.84431259966955,
2692,200,3,132.2,29.8,3.0,1e-07,50.0,80,0.35,0.45,True,164.4,3,0.004581109947384607,0.06768389725322123,36.4806510697224,
2698,200,3,132.2,29.8,3.0,1e-07,50.0,120,0.45,0.55,True,138.9,3,nan,nan,29.57874709619282,
2697,200,3,132.2,29.8,3.0,1e-07,50.0,120,0.35,0.45,True,137.1,3,0.005421764356999384,0.07363263106123116,34.104278783690766,
2699,200,3,132.2,29.8,3.0,1e-07,50.0,120,0.60,0.45,True,141.4,3,nan,nan,27.039450940508267,
2700,200,3,132.2,29.8,3.0,1e-07,50.0,120,0.60,0.58,True,140.70000000000002,3,nan,nan,30.37124320005598,
2683,200,3,132.2,29.8,3.0,1e-07,50.0,25,0.45,0.55,True,321.5,3,90.87502661015266,9.532839378178606,38.393804899045556,
2677,200,3,132.2,29.8,3.0,1e-08,100.0,120,0.35,0.45,True,422.90000000000003,3,0.0,0.0,75.0925073552817,
2716,200,3,132.2,29.8,3.0,1e-07,100.0,120,center,center,True,142.9,3,nan,nan,25.99958728540643,
2717,200,3,132.2,29.8,3.0,1e-07,100.0,120,0.35,0.45,True,137.0,3,nan,nan,28.248192943856544,
2718,200,3,132.2,29.8,3.0,1e-07,100.0,120,0.45,0.55,True,140.4,3,nan,nan,25.315382963130325,
2719,200,3,132.2,29.8,3.0,1e-07,100.0,120,0.60,0.45,True,138.3,3,nan,nan,25.832107996723806,
2690,200,3,132.2,29.8,3.0,1e-07,50.0,50,0.60,0.58,True,333.5,3,543.7814656886145,23.319122318145133,42.588720936668025,
2691,200,3,132.2,29.8,3.0,1e-07,50.0,80,center,center,True,342.90000000000003,3,1465.5261134697391,38.28219055213193,49.76092904475253,
2695,200,3,132.2,29.8,3.0,1e-07,50.0,80,0.60,0.58,True,343.8,3,467.73820650847705,21.62725610216139,41.03074890825442,
2720,200,3,132.2,29.8,3.0,1e-07,100.0,120,0.60,0.58,True,142.6,3,nan,nan,27.339789265007024,
2706,200,3,132.2,29.8,3.0,1e-07,100.0,50,center,center,True,298.0,3,549.4338426294272,23.440005175541817,37.546835050074655,
2712,200,3,132.2,29.8,3.0,1e-07,100.0,80,0.35,0.45,True,300.3,3,524.2914514305439,22.89741145698666,37.84595569047232,
2707,200,3,132.2,29.8,3.0,1e-07,100.0,50,0.35,0.45,True,337.1,3,498.69550796414313,22.33149139587733,39.52031232246954,
2728,200,3,132.2,29.8,3.0,1e-06,50.0,50,0.45,0.55,True,350.90000000000003,3,138.51194794063187,11.769109904348412,16.474380579264576,
2729,200,3,132.2,29.8,3.0,1e-06,50.0,50,0.60,0.45,True,337.0,3,11.533369000944797,3.3960814184799513,14.023537034413932,
2681,200,3,132.2,29.8,3.0,1e-07,50.0,25,center,center,False,900.0,2,843.5704512599017,29.044284313095094,35.1310221089917,vittima non trovata entro 15 minuti
2694,200,3,132.2,29.8,3.0,1e-07,50.0,80,0.60,0.45,False,900.0,2,nan,nan,28.69797210401279,vittima non trovata entro 15 minuti
2684,200,3,132.2,29.8,3.0,1e-07,50.0,25,0.60,0.45,False,900.0,2,783.0052949004911,27.982231771259617,45.82612264992982,vittima non trovata entro 15 minuti
2682,200,3,132.2,29.8,3.0,1e-07,50.0,25,0.35,0.45,False,900.0,1,8561.499343681236,92.52837047998433,126.33043244665265,vittima non trovata entro 15 minuti
2685,200,3,132.2,29.8,3.0,1e-07,50.0,25,0.60,0.58,False,900.0,2,522.4521087607491,22.85721130761032,36.274600758093065,vittima non trovata entro 15 minuti
2686,200,3,132.2,29.8,3.0,1e-07,50.0,50,center,center,False,900.0,2,8636.529564759874,92.93293046471672,90.74128845848742,vittima non trovata entro 15 minuti
2689,200,3,132.2,29.8,3.0,1e-07,50.0,50,0.60,0.45,False,900.0,2,606.0114557951186,24.617299929015747,36.929989926378454,vittima non trovata entro 15 minuti
2688,200,3,132.2,29.8,3.0,1e-07,50.0,50,0.45,0.55,False,900.0,2,nan,nan,30.604500221512534,vittima non trovata entro 15 minuti
2737,200,3,132.2,29.8,3.0,1e-06,50.0,120,0.35,0.45,True,139.1,3,nan,nan,9.519281284422906,
2736,200,3,132.2,29.8,3.0,1e-06,50.0,120,center,center,True,159.20000000000002,3,nan,nan,16.362740511756677,
2738,200,3,132.2,29.8,3.0,1e-06,50.0,120,0.45,0.55,True,145.8,3,nan,nan,12.375182200683872,
2702,200,3,132.2,29.8,3.0,1e-07,100.0,25,0.35,0.45,False,900.0,2,659.1809331728614,25.674519141998772,36.25044792377375,vittima non trovata entro 15 minuti
2740,200,3,132.2,29.8,3.0,1e-06,50.0,120,0.60,0.58,True,142.9,3,nan,nan,14.311597673178994,
2739,200,3,132.2,29.8,3.0,1e-06,50.0,120,0.60,0.45,True,149.9,3,nan,nan,13.201895574039291,
2701,200,3,132.2,29.8,3.0,1e-07,100.0,25,center,center,False,900.0,2,480.652249930673,21.92378274684077,22.86274375069493,vittima non trovata entro 15 minuti
2704,200,3,132.2,29.8,3.0,1e-07,100.0,25,0.60,0.45,False,900.0,2,1159.6810340669836,34.05408982878537,32.346356180814354,vittima non trovata entro 15 minuti
2703,200,3,132.2,29.8,3.0,1e-07,100.0,25,0.45,0.55,False,900.0,2,580.8336239704483,24.100490118884476,32.98214896340222,vittima non trovata entro 15 minuti
2705,200,3,132.2,29.8,3.0,1e-07,100.0,25,0.60,0.58,False,900.0,2,224.23649609021044,14.974528242659614,34.928030551908286,vittima non trovata entro 15 minuti
2708,200,3,132.2,29.8,3.0,1e-07,100.0,50,0.45,0.55,False,900.0,2,nan,nan,26.263506484911456,vittima non trovata entro 15 minuti
2709,200,3,132.2,29.8,3.0,1e-07,100.0,50,0.60,0.45,False,900.0,2,267.16478659028934,16.345176248370322,33.02926560433508,vittima non trovata entro 15 minuti
2711,200,3,132.2,29.8,3.0,1e-07,100.0,80,center,center,False,900.0,2,1457.4197883199822,38.17616780558235,35.855552632776245,vittima non trovata entro 15 minuti
2710,200,3,132.2,29.8,3.0,1e-07,100.0,50,0.60,0.58,False,900.0,2,1145.142436365536,33.83995325595968,44.7071202456146,vittima non trovata entro 15 minuti
2713,200,3,132.2,29.8,3.0,1e-07,100.0,80,0.45,0.55,False,900.0,2,2387.5774619475014,48.86284336740445,63.4985230268043,vittima non trovata entro 15 minuti
2714,200,3,132.2,29.8,3.0,1e-07,100.0,80,0.60,0.45,False,900.0,2,3482.14825946536,59.00973021007095,73.90404933606057,vittima non trovata entro 15 minuti
2715,200,3,132.2,29.8,3.0,1e-07,100.0,80,0.60,0.58,False,900.0,2,1958.2362267872963,44.251962971006115,58.98310945727634,vittima non trovata entro 15 minuti
2734,200,3,132.2,29.8,3.0,1e-06,50.0,80,0.60,0.45,True,461.8,3,113.55984772029605,10.65644629885104,14.877289138224517,
2721,200,3,132.2,29.8,3.0,1e-06,50.0,25,center,center,False,900.0,2,320.01695117968404,17.889017613599805,8.831337970734172,vittima non trovata entro 15 minuti
2722,200,3,132.2,29.8,3.0,1e-06,50.0,25,0.35,0.45,False,900.0,2,309.32425298647837,17.587616466891653,18.215270808196195,vittima non trovata entro 15 minuti
2723,200,3,132.2,29.8,3.0,1e-06,50.0,25,0.45,0.55,False,900.0,2,nan,nan,13.343976708681172,vittima non trovata entro 15 minuti
2757,200,3,132.2,29.8,3.0,1e-06,100.0,120,0.35,0.45,True,178.20000000000002,3,nan,nan,8.05151877281756,
2724,200,3,132.2,29.8,3.0,1e-06,50.0,25,0.60,0.45,False,900.0,2,282.26152481868183,16.80064060739,11.946139606241116,vittima non trovata entro 15 minuti
2759,200,3,132.2,29.8,3.0,1e-06,100.0,120,0.60,0.45,True,145.20000000000002,3,nan,nan,8.436806851975332,
2725,200,3,132.2,29.8,3.0,1e-06,50.0,25,0.60,0.58,False,900.0,2,49.04475341087546,7.00319594263044,16.365236161218583,vittima non trovata entro 15 minuti
2727,200,3,132.2,29.8,3.0,1e-06,50.0,50,0.35,0.45,False,900.0,2,nan,nan,9.31607541575268,vittima non trovata entro 15 minuti
2726,200,3,132.2,29.8,3.0,1e-06,50.0,50,center,center,False,900.0,2,nan,nan,13.80773134927187,vittima non trovata entro 15 minuti
2760,200,3,132.2,29.8,3.0,1e-06,100.0,120,0.60,0.58,True,150.20000000000002,3,nan,nan,8.49688121556907,
2730,200,3,132.2,29.8,3.0,1e-06,50.0,50,0.60,0.58,True,846.0,3,70.01616847490482,8.367566460740232,16.849266237216025,
2731,200,3,132.2,29.8,3.0,1e-06,50.0,80,center,center,False,900.0,2,nan,nan,14.409308961290103,vittima non trovata entro 15 minuti
2741,200,3,132.2,29.8,3.0,1e-06,100.0,25,center,center,True,442.1,3,206.59447653404993,14.37339474633776,7.8083421014347385,
2732,200,3,132.2,29.8,3.0,1e-06,50.0,80,0.35,0.45,False,900.0,2,nan,nan,10.200368270156686,vittima non trovata entro 15 minuti
2758,200,3,132.2,29.8,3.0,1e-06,100.0,120,0.45,0.55,True,330.20000000000005,3,nan,nan,8.12433375571692,
2750,200,3,132.2,29.8,3.0,1e-06,100.0,50,0.60,0.58,True,381.3,3,23.1522249640849,4.811675899734405,13.220140730932071,
2753,200,3,132.2,29.8,3.0,1e-06,100.0,80,0.45,0.55,True,377.5,3,8.228174790932027,2.8684795259740006,10.720736575986757,
2761,200,3,132.2,29.8,5.0,1e-08,50.0,25,center,center,True,192.70000000000002,3,0.008837420079569157,0.09400755331125876,72.69489517945397,
2766,200,3,132.2,29.8,5.0,1e-08,50.0,50,center,center,True,191.70000000000002,3,0.008837420079569157,0.09400755331125876,72.69489517945397,
2762,200,3,132.2,29.8,5.0,1e-08,50.0,25,0.35,0.45,True,207.20000000000002,3,2.914015750156562e-07,0.0005398162418968664,71.34596885815941,
2763,200,3,132.2,29.8,5.0,1e-08,50.0,25,0.45,0.55,True,206.20000000000002,3,2.9627855485649356e-07,0.0005443147571548043,70.22795238827428,
2764,200,3,132.2,29.8,5.0,1e-08,50.0,25,0.60,0.45,True,210.5,3,3.06182618550286e-05,0.005533377075080696,73.8661595482317,
2767,200,3,132.2,29.8,5.0,1e-08,50.0,50,0.35,0.45,True,209.0,3,2.914015750156562e-07,0.0005398162418968664,71.34596885815941,
2754,200,3,132.2,29.8,3.0,1e-06,100.0,80,0.60,0.45,True,422.40000000000003,3,205.03711251891679,14.31911703000282,15.947346336735446,
2771,200,3,132.2,29.8,5.0,1e-08,50.0,80,center,center,True,193.9,3,0.008837420079569157,0.09400755331125876,72.69489517945397,
2768,200,3,132.2,29.8,5.0,1e-08,50.0,50,0.45,0.55,True,207.60000000000002,3,2.9627855485649356e-07,0.0005443147571548043,70.22795238827428,
2769,200,3,132.2,29.8,5.0,1e-08,50.0,50,0.60,0.45,True,210.70000000000002,3,3.06182618550286e-05,0.005533377075080696,73.8661595482317,
2765,200,3,132.2,29.8,5.0,1e-08,50.0,25,0.60,0.58,True,278.7,3,1.9473179230688823e-06,0.001395463336339899,70.78530212915658,
2772,200,3,132.2,29.8,5.0,1e-08,50.0,80,0.35,0.45,True,208.4,3,2.914015750156562e-07,0.0005398162418968664,71.34596885815941,
2770,200,3,132.2,29.8,5.0,1e-08,50.0,50,0.60,0.58,True,277.6,3,1.9473179230688823e-06,0.001395463336339899,70.78530212915658,
2773,200,3,132.2,29.8,5.0,1e-08,50.0,80,0.45,0.55,True,207.70000000000002,3,2.9627855485649356e-07,0.0005443147571548043,70.22795238827428,
2776,200,3,132.2,29.8,5.0,1e-08,50.0,120,center,center,True,193.0,3,0.008837420079569157,0.09400755331125876,72.69489517945397,
2774,200,3,132.2,29.8,5.0,1e-08,50.0,80,0.60,0.45,True,209.70000000000002,3,3.06182618550286e-05,0.005533377075080696,73.8661595482317,
2733,200,3,132.2,29.8,3.0,1e-06,50.0,80,0.45,0.55,False,900.0,2,nan,nan,12.524435186852982,vittima non trovata entro 15 minuti
2777,200,3,132.2,29.8,5.0,1e-08,50.0,120,0.35,0.45,True,208.4,3,2.914015750156562e-07,0.0005398162418968664,71.34596885815941,
2778,200,3,132.2,29.8,5.0,1e-08,50.0,120,0.45,0.55,True,207.70000000000002,3,2.9627855485649356e-07,0.0005443147571548043,70.22795238827428,
2779,200,3,132.2,29.8,5.0,1e-08,50.0,120,0.60,0.45,True,209.60000000000002,3,3.06182618550286e-05,0.005533377075080696,73.8661595482317,
2775,200,3,132.2,29.8,5.0,1e-08,50.0,80,0.60,0.58,True,269.40000000000003,3,1.9473179230688823e-06,0.001395463336339899,70.78530212915658,
2785,200,3,132.2,29.8,5.0,1e-08,100.0,25,0.60,0.58,True,202.20000000000002,3,1.2767635575638183,1.129939625627767,74.47496062200595,
2787,200,3,132.2,29.8,5.0,1e-08,100.0,50,0.35,0.45,True,201.0,3,0.0,0.0,75.0925073552817,
2783,200,3,132.2,29.8,5.0,1e-08,100.0,25,0.45,0.55,True,237.60000000000002,3,0.00811967386981979,0.09010923298874422,74.57891925415366,
2784,200,3,132.2,29.8,5.0,1e-08,100.0,25,0.60,0.45,True,235.9,3,18.303380243833868,4.278244995770329,72.84657362904247,
2780,200,3,132.2,29.8,5.0,1e-08,50.0,120,0.60,0.58,True,269.40000000000003,3,1.9473179230688823e-06,0.001395463336339899,70.78530212915658,
2782,200,3,132.2,29.8,5.0,1e-08,100.0,25,0.35,0.45,True,289.8,3,0.0,0.0,75.0925073552817,
2791,200,3,132.2,29.8,5.0,1e-08,100.0,80,center,center,True,191.20000000000002,3,122.2645294961547,11.057329220754653,75.96609131710274,
2735,200,3,132.2,29.8,3.0,1e-06,50.0,80,0.60,0.58,False,900.0,2,nan,nan,14.220367843265128,vittima non trovata entro 15 minuti
2781,200,3,132.2,29.8,5.0,1e-08,100.0,25,center,center,True,332.1,3,33.67227941701364,5.802782041143165,74.67364887506007,
2789,200,3,132.2,29.8,5.0,1e-08,100.0,50,0.60,0.45,True,240.8,3,1.8175355256292112e-27,4.263256414560601e-14,74.96617823334037,
2790,200,3,132.2,29.8,5.0,1e-08,100.0,50,0.60,0.58,True,209.60000000000002,3,256.6950966964952,16.021707046894075,79.28176429777623,
2792,200,3,132.2,29.8,5.0,1e-08,100.0,80,0.35,0.45,True,210.0,3,0.0,0.0,75.0925073552817,
2788,200,3,132.2,29.8,5.0,1e-08,100.0,50,0.45,0.55,True,280.40000000000003,3,494.68624403999263,22.24154320275445,76.24645367357252,
2793,200,3,132.2,29.8,5.0,1e-08,100.0,80,0.45,0.55,True,213.10000000000002,3,0.0,0.0,75.0925073552817,
2786,200,3,132.2,29.8,5.0,1e-08,100.0,50,center,center,True,330.3,3,22.857024683561683,4.780902078432655,74.7262590154722,
2742,200,3,132.2,29.8,3.0,1e-06,100.0,25,0.35,0.45,False,900.0,2,6.747874733070554,2.5976671713425015,6.99955496673667,vittima non trovata entro 15 minuti
2794,200,3,132.2,29.8,5.0,1e-08,100.0,80,0.60,0.45,True,213.8,3,0.1379717221867925,0.37144544981301425,74.42430197164647,
2798,200,3,132.2,29.8,5.0,1e-08,100.0,120,0.45,0.55,True,226.0,3,1.9901517900529925e-07,0.00044611117336970977,65.56336988038474,
2799,200,3,132.2,29.8,5.0,1e-08,100.0,120,0.60,0.45,True,205.60000000000002,3,0.0,0.0,75.0925073552817,
2800,200,3,132.2,29.8,5.0,1e-08,100.0,120,0.60,0.58,True,201.10000000000002,3,0.0008995434063973127,0.02999238914120235,74.97212468432659,
2743,200,3,132.2,29.8,3.0,1e-06,100.0,25,0.45,0.55,False,900.0,2,49.46004627101708,7.0327836786735505,9.989907566407675,vittima non trovata entro 15 minuti
2747,200,3,132.2,29.8,3.0,1e-06,100.0,50,0.35,0.45,False,900.0,2,31.576423603769424,5.619290311397822,10.381350475497973,vittima non trovata entro 15 minuti
2745,200,3,132.2,29.8,3.0,1e-06,100.0,25,0.60,0.58,False,900.0,2,269.8251825797725,16.42635633912075,14.175605720681718,vittima non trovata entro 15 minuti
2744,200,3,132.2,29.8,3.0,1e-06,100.0,25,0.60,0.45,False,900.0,2,287.6319774944073,16.95971631526917,13.911825189383762,vittima non trovata entro 15 minuti
2807,200,3,132.2,29.8,5.0,1e-07,50.0,50,0.35,0.45,True,146.20000000000002,3,0.005471873140471894,0.07397211055845232,36.41941837058789,
2746,200,3,132.2,29.8,3.0,1e-06,100.0,50,center,center,False,900.0,2,215.89696939841085,14.693432866366214,12.585294573281372,vittima non trovata entro 15 minuti
2748,200,3,132.2,29.8,3.0,1e-06,100.0,50,0.45,0.55,False,900.0,2,54.605259366872154,7.389537155118185,11.209329777332727,vittima non trovata entro 15 minuti
2749,200,3,132.2,29.8,3.0,1e-06,100.0,50,0.60,0.45,False,900.0,2,77.6762484564127,8.813412985694741,12.001680871796742,vittima non trovata entro 15 minuti
2751,200,3,132.2,29.8,3.0,1e-06,100.0,80,center,center,False,900.0,2,nan,nan,6.480778567928937,vittima non trovata entro 15 minuti
2752,200,3,132.2,29.8,3.0,1e-06,100.0,80,0.35,0.45,False,900.0,2,nan,nan,7.745603094069126,vittima non trovata entro 15 minuti
2755,200,3,132.2,29.8,3.0,1e-06,100.0,80,0.60,0.58,False,900.0,2,nan,nan,8.689071624226525,vittima non trovata entro 15 minuti
2756,200,3,132.2,29.8,3.0,1e-06,100.0,120,center,center,False,900.0,2,nan,nan,7.727201764144232,vittima non trovata entro 15 minuti
2812,200,3,132.2,29.8,5.0,1e-07,50.0,80,0.35,0.45,True,164.70000000000002,3,0.0018896405744848865,0.043469996255864646,36.49172103774907,
2813,200,3,132.2,29.8,5.0,1e-07,50.0,80,0.45,0.55,True,173.9,3,nan,nan,31.853689526562775,
2816,200,3,132.2,29.8,5.0,1e-07,50.0,120,center,center,True,141.3,3,nan,nan,27.384901923886908,
2818,200,3,132.2,29.8,5.0,1e-07,50.0,120,0.45,0.55,True,138.9,3,nan,nan,29.581770111362037,
2815,200,3,132.2,29.8,5.0,1e-07,50.0,80,0.60,0.58,True,183.9,3,nan,nan,32.98924545188622,
2817,200,3,132.2,29.8,5.0,1e-07,50.0,120,0.35,0.45,True,137.1,3,0.0054234489714325915,0.0736440694926115,34.18009454568413,
2801,200,3,132.2,29.8,5.0,1e-07,50.0,25,center,center,True,309.3,3,337.46897876837744,18.370328760487045,39.22540970713267,
2820,200,3,132.2,29.8,5.0,1e-07,50.0,120,0.60,0.58,True,140.1,3,nan,nan,30.433032091125547,
2796,200,3,132.2,29.8,5.0,1e-08,100.0,120,center,center,True,409.0,3,0.0,0.0,75.0925073552817,
2819,200,3,132.2,29.8,5.0,1e-07,50.0,120,0.60,0.45,True,167.70000000000002,3,nan,nan,29.712637261349073,
2803,200,3,132.2,29.8,5.0,1e-07,50.0,25,0.45,0.55,True,332.8,3,211.59955967327218,14.546462101599557,39.081768972391316,
2797,200,3,132.2,29.8,5.0,1e-08,100.0,120,0.35,0.45,True,422.90000000000003,3,0.0,0.0,75.0925073552817,
2795,200,3,132.2,29.8,5.0,1e-08,100.0,80,0.60,0.58,True,460.6,3,0.0,0.0,75.0925073552817,
2811,200,3,132.2,29.8,5.0,1e-07,50.0,80,center,center,True,328.0,3,1473.5783790187597,38.387216348919594,49.87557480595315,
2836,200,3,132.2,29.8,5.0,1e-07,100.0,120,center,center,True,142.9,3,nan,nan,26.12132234581588,
2837,200,3,132.2,29.8,5.0,1e-07,100.0,120,0.35,0.45,True,137.1,3,nan,nan,28.256986733723796,
2838,200,3,132.2,29.8,5.0,1e-07,100.0,120,0.45,0.55,True,140.4,3,nan,nan,25.232860598389244,
2839,200,3,132.2,29.8,5.0,1e-07,100.0,120,0.60,0.45,True,138.6,3,nan,nan,26.35406334584459,
2840,200,3,132.2,29.8,5.0,1e-07,100.0,120,0.60,0.58,True,141.9,3,nan,nan,27.46977663462721,
2826,200,3,132.2,29.8,5.0,1e-07,100.0,50,center,center,True,291.40000000000003,3,624.3102052874741,24.986200297113488,38.32440062874685,
2832,200,3,132.2,29.8,5.0,1e-07,100.0,80,0.35,0.45,True,300.3,3,518.2850715359754,22.765875154185824,37.985102396916574,
2827,200,3,132.2,29.8,5.0,1e-07,100.0,50,0.35,0.45,True,336.8,3,477.6980585349702,21.856304777683032,39.31797699757155,
2831,200,3,132.2,29.8,5.0,1e-07,100.0,80,center,center,True,352.1,3,191.70211417473632,13.84565325922675,29.340977864582165,
2809,200,3,132.2,29.8,5.0,1e-07,50.0,50,0.60,0.45,True,573.2,3,703.2177568605325,26.51825327695119,27.3918469315061,
2843,200,3,132.2,29.8,5.0,1e-06,50.0,25,0.45,0.55,True,303.0,3,nan,nan,13.837623449840919,
2849,200,3,132.2,29.8,5.0,1e-06,50.0,50,0.60,0.45,True,339.8,3,7.5749655015417,2.752265521627901,14.099554142977507,
2848,200,3,132.2,29.8,5.0,1e-06,50.0,50,0.45,0.55,True,361.8,3,283.37925987742767,16.833872396968786,13.166718904295719,
2850,200,3,132.2,29.8,5.0,1e-06,50.0,50,0.60,0.58,True,322.40000000000003,3,103.16779868793785,10.157155048926734,17.43932762710128,
2802,200,3,132.2,29.8,5.0,1e-07,50.0,25,0.35,0.45,False,900.0,1,14862.640414197404,121.91242928511187,164.67319418042956,vittima non trovata entro 15 minuti
2857,200,3,132.2,29.8,5.0,1e-06,50.0,120,0.35,0.45,True,146.5,3,nan,nan,7.266827450343203,
2804,200,3,132.2,29.8,5.0,1e-07,50.0,25,0.60,0.45,False,900.0,2,781.6979292133567,27.9588613719042,45.63223388191571,vittima non trovata entro 15 minuti
2856,200,3,132.2,29.8,5.0,1e-06,50.0,120,center,center,True,161.5,3,nan,nan,15.040913704750206,
2814,200,3,132.2,29.8,5.0,1e-07,50.0,80,0.60,0.45,False,900.0,2,nan,nan,28.60566186972724,vittima non trovata entro 15 minuti
2805,200,3,132.2,29.8,5.0,1e-07,50.0,25,0.60,0.58,False,900.0,2,515.9842602894736,22.715286929499122,36.52318355190006,vittima non trovata entro 15 minuti
2853,200,3,132.2,29.8,5.0,1e-06,50.0,80,0.45,0.55,True,339.90000000000003,3,21.918675073221724,4.681738466982295,14.344435960924049,
2808,200,3,132.2,29.8,5.0,1e-07,50.0,50,0.45,0.55,False,900.0,2,nan,nan,30.612243509423717,vittima non trovata entro 15 minuti
2806,200,3,132.2,29.8,5.0,1e-07,50.0,50,center,center,False,900.0,2,446.0872548987115,21.120777800514627,33.808064870035864,vittima non trovata entro 15 minuti
2810,200,3,132.2,29.8,5.0,1e-07,50.0,50,0.60,0.58,False,900.0,2,2566.9552198202537,50.66512824241397,68.38961416465233,vittima non trovata entro 15 minuti
2860,200,3,132.2,29.8,5.0,1e-06,50.0,120,0.60,0.58,True,142.8,3,nan,nan,14.977644214424409,
2859,200,3,132.2,29.8,5.0,1e-06,50.0,120,0.60,0.45,True,151.70000000000002,3,nan,nan,12.991321680290438,
2823,200,3,132.2,29.8,5.0,1e-07,100.0,25,0.45,0.55,False,900.0,2,589.5699517130048,24.281061585379764,33.19123586352663,vittima non trovata entro 15 minuti
2822,200,3,132.2,29.8,5.0,1e-07,100.0,25,0.35,0.45,False,900.0,2,638.6766465265252,25.27205267734549,36.39816420114939,vittima non trovata entro 15 minuti
2824,200,3,132.2,29.8,5.0,1e-07,100.0,25,0.60,0.45,False,900.0,2,1162.8513553068967,34.10060637740767,32.26766073476045,vittima non trovata entro 15 minuti
2821,200,3,132.2,29.8,5.0,1e-07,100.0,25,center,center,False,900.0,2,483.916858031277,21.99811032864589,23.11970378733022,vittima non trovata entro 15 minuti
2825,200,3,132.2,29.8,5.0,1e-07,100.0,25,0.60,0.58,False,900.0,2,225.51184600397,15.017051841289287,35.092545612277135,vittima non trovata entro 15 minuti
2828,200,3,132.2,29.8,5.0,1e-07,100.0,50,0.45,0.55,False,900.0,2,nan,nan,26.275308420904913,vittima non trovata entro 15 minuti
2829,200,3,132.2,29.8,5.0,1e-07,100.0,50,0.60,0.45,False,900.0,2,267.02625617550393,16.34093804454028,33.00533809974594,vittima non trovata entro 15 minuti
2830,200,3,132.2,29.8,5.0,1e-07,100.0,50,0.60,0.58,False,900.0,2,1138.8290984056823,33.74654202145284,44.654621271686636,vittima non trovata entro 15 minuti
2834,200,3,132.2,29.8,5.0,1e-07,100.0,80,0.60,0.45,False,900.0,2,nan,nan,27.40064895534054,vittima non trovata entro 15 minuti
2833,200,3,132.2,29.8,5.0,1e-07,100.0,80,0.45,0.55,False,900.0,2,2352.4968200653398,48.502544470010434,63.207569805587916,vittima non trovata entro 15 minuti
2835,200,3,132.2,29.8,5.0,1e-07,100.0,80,0.60,0.58,False,900.0,2,nan,nan,25.976521579269463,vittima non trovata entro 15 minuti
2841,200,3,132.2,29.8,5.0,1e-06,50.0,25,center,center,False,900.0,2,334.4147009466976,18.287009076027104,6.851327793183166,vittima non trovata entro 15 minuti
2877,200,3,132.2,29.8,5.0,1e-06,100.0,120,0.35,0.45,True,137.5,3,nan,nan,8.536263909807975,
2842,200,3,132.2,29.8,5.0,1e-06,50.0,25,0.35,0.45,False,900.0,2,258.4100666320776,16.075138152814663,18.16730143592109,vittima non trovata entro 15 minuti
2876,200,3,132.2,29.8,5.0,1e-06,100.0,120,center,center,True,162.3,3,nan,nan,5.607735364418113,
2878,200,3,132.2,29.8,5.0,1e-06,100.0,120,0.45,0.55,True,164.20000000000002,3,nan,nan,8.51897132222398,
2844,200,3,132.2,29.8,5.0,1e-06,50.0,25,0.60,0.45,False,900.0,2,263.27461306140003,16.225739214636725,11.693261848500493,vittima non trovata entro 15 minuti
2845,200,3,132.2,29.8,5.0,1e-06,50.0,25,0.60,0.58,False,900.0,2,38.20840388706948,6.1812946772556865,16.741006480971755,vittima non trovata entro 15 minuti
2880,200,3,132.2,29.8,5.0,1e-06,100.0,120,0.60,0.58,True,146.6,3,nan,nan,9.116336255817973,
2879,200,3,132.2,29.8,5.0,1e-06,100.0,120,0.60,0.45,True,146.3,3,nan,nan,9.734560384940822,
2847,200,3,132.2,29.8,5.0,1e-06,50.0,50,0.35,0.45,False,900.0,2,nan,nan,9.56978579405654,vittima non trovata entro 15 minuti
2846,200,3,132.2,29.8,5.0,1e-06,50.0,50,center,center,False,900.0,2,nan,nan,11.964777023278913,vittima non trovata entro 15 minuti
2882,200,4,83.4,31.6,1.0,1e-08,50.0,25,0.35,0.45,True,68.10000000000001,3,0.0,0.0,64.43642973326249,
2861,200,3,132.2,29.8,5.0,1e-06,100.0,25,center,center,True,441.3,3,191.83619439634373,13.850494373716186,8.445634814696488,
2868,200,3,132.2,29.8,5.0,1e-06,100.0,50,0.45,0.55,True,362.90000000000003,3,166.09682498547858,12.887855717126824,13.880316688358661,
2885,200,4,83.4,31.6,1.0,1e-08,50.0,25,0.60,0.58,True,68.0,3,0.0,0.0,64.43642973326249,
2887,200,4,83.4,31.6,1.0,1e-08,50.0,50,0.35,0.45,True,68.10000000000001,3,0.0,0.0,64.43642973326249,
2890,200,4,83.4,31.6,1.0,1e-08,50.0,50,0.60,0.58,True,68.0,3,0.0,0.0,64.43642973326249,
2851,200,3,132.2,29.8,5.0,1e-06,50.0,80,center,center,False,900.0,2,nan,nan,5.870962799471058,vittima non trovata entro 15 minuti
2892,200,4,83.4,31.6,1.0,1e-08,50.0,80,0.35,0.45,True,68.10000000000001,3,0.0,0.0,64.43642973326249,
2852,200,3,132.2,29.8,5.0,1e-06,50.0,80,0.35,0.45,False,900.0,2,nan,nan,7.446196479651813,vittima non trovata entro 15 minuti
2895,200,4,83.4,31.6,1.0,1e-08,50.0,80,0.60,0.58,True,68.0,3,0.0,0.0,64.43642973326249,
2884,200,4,83.4,31.6,1.0,1e-08,50.0,25,0.60,0.45,True,142.6,3,0.0,0.0,64.43642973326249,
2897,200,4,83.4,31.6,1.0,1e-08,50.0,120,0.35,0.45,True,68.10000000000001,3,0.0,0.0,64.43642973326249,
2881,200,4,83.4,31.6,1.0,1e-08,50.0,25,center,center,True,235.70000000000002,3,0.0,0.0,64.43642973326249,
2889,200,4,83.4,31.6,1.0,1e-08,50.0,50,0.60,0.45,True,149.1,3,0.0,0.0,64.43642973326249,
2900,200,4,83.4,31.6,1.0,1e-08,50.0,120,0.60,0.58,True,68.0,3,0.0,0.0,64.43642973326249,
2874,200,3,132.2,29.8,5.0,1e-06,100.0,80,0.60,0.45,True,424.8,3,207.57688110866624,14.407528625988089,15.475476763916786,
2893,200,4,83.4,31.6,1.0,1e-08,50.0,80,0.45,0.55,True,142.70000000000002,3,0.0,0.0,64.43642973326249,
2894,200,4,83.4,31.6,1.0,1e-08,50.0,80,0.60,0.45,True,144.5,3,0.0,0.0,64.43642973326249,
2902,200,4,83.4,31.6,1.0,1e-08,100.0,25,0.35,0.45,True,68.10000000000001,3,0.0,0.0,64.43642973326249,
2854,200,3,132.2,29.8,5.0,1e-06,50.0,80,0.60,0.45,False,900.0,2,nan,nan,12.850030867727114,vittima non trovata entro 15 minuti
2855,200,3,132.2,29.8,5.0,1e-06,50.0,80,0.60,0.58,False,900.0,2,nan,nan,14.628041681240143,vittima non trovata entro 15 minuti
2898,200,4,83.4,31.6,1.0,1e-08,50.0,120,0.45,0.55,True,146.3,3,0.0,0.0,64.43642973326249,
2905,200,4,83.4,31.6,1.0,1e-08,100.0,25,0.60,0.58,True,68.0,3,0.0,0.0,64.43642973326249,
2907,200,4,83.4,31.6,1.0,1e-08,100.0,50,0.35,0.45,True,68.10000000000001,3,0.0,0.0,64.43642973326249,
2891,200,4,83.4,31.6,1.0,1e-08,50.0,80,center,center,True,233.9,3,0.0,0.0,64.43642973326249,
2910,200,4,83.4,31.6,1.0,1e-08,100.0,50,0.60,0.58,True,68.0,3,0.0,0.0,64.43642973326249,
2912,200,4,83.4,31.6,1.0,1e-08,100.0,80,0.35,0.45,True,68.10000000000001,3,0.0,0.0,64.43642973326249,
2904,200,4,83.4,31.6,1.0,1e-08,100.0,25,0.60,0.45,True,142.6,3,0.0,0.0,64.43642973326249,
2915,200,4,83.4,31.6,1.0,1e-08,100.0,80,0.60,0.58,True,68.0,3,0.0,0.0,64.43642973326249,
2858,200,3,132.2,29.8,5.0,1e-06,50.0,120,0.45,0.55,False,900.0,2,nan,nan,12.114938569708842,vittima non trovata entro 15 minuti
2899,200,4,83.4,31.6,1.0,1e-08,50.0,120,0.60,0.45,True,226.20000000000002,3,0.0,0.0,64.43642973326249,
2917,200,4,83.4,31.6,1.0,1e-08,100.0,120,0.35,0.45,True,68.10000000000001,3,0.0,0.0,64.43642973326249,
2888,200,4,83.4,31.6,1.0,1e-08,50.0,50,0.45,0.55,True,322.20000000000005,3,0.0,0.0,64.43642973326249,
2909,200,4,83.4,31.6,1.0,1e-08,100.0,50,0.60,0.45,True,149.1,3,0.0,0.0,64.43642973326249,
2913,200,4,83.4,31.6,1.0,1e-08,100.0,80,0.45,0.55,True,142.70000000000002,3,0.0,0.0,64.43642973326249,
2901,200,4,83.4,31.6,1.0,1e-08,100.0,25,center,center,True,235.70000000000002,3,0.0,0.0,64.43642973326249,
2896,200,4,83.4,31.6,1.0,1e-08,50.0,120,center,center,True,329.0,3,0.0,0.0,64.43642973326249,
2920,200,4,83.4,31.6,1.0,1e-08,100.0,120,0.60,0.58,True,68.0,3,0.0,0.0,64.43642973326249,
2914,200,4,83.4,31.6,1.0,1e-08,100.0,80,0.60,0.45,True,144.5,3,0.0,0.0,64.43642973326249,
2862,200,3,132.2,29.8,5.0,1e-06,100.0,25,0.35,0.45,False,900.0,2,5.949621919191009,2.439184683288867,7.102326964652226,vittima non trovata entro 15 minuti
2864,200,3,132.2,29.8,5.0,1e-06,100.0,25,0.60,0.45,False,900.0,2,269.4110485794785,16.413745720568432,13.645837252515499,vittima non trovata entro 15 minuti
2866,200,3,132.2,29.8,5.0,1e-06,100.0,50,center,center,False,900.0,2,nan,nan,4.699088155056733,vittima non trovata entro 15 minuti
2865,200,3,132.2,29.8,5.0,1e-06,100.0,25,0.60,0.58,False,900.0,2,265.1889510382372,16.284623146951763,13.436160160355534,vittima non trovata entro 15 minuti
2918,200,4,83.4,31.6,1.0,1e-08,100.0,120,0.45,0.55,True,146.3,3,0.0,0.0,64.43642973326249,
2863,200,3,132.2,29.8,5.0,1e-06,100.0,25,0.45,0.55,False,900.0,2,53.51445927851554,7.315357768319711,10.226048255031067,vittima non trovata entro 15 minuti
2921,200,4,83.4,31.6,1.0,1e-07,50.0,25,center,center,True,108.9,3,0.013567677709571168,0.11648037478292714,18.257679853546552,
2867,200,3,132.2,29.8,5.0,1e-06,100.0,50,0.35,0.45,False,900.0,2,33.801352736512904,5.81389307921232,10.420064785435414,vittima non trovata entro 15 minuti
2911,200,4,83.4,31.6,1.0,1e-08,100.0,80,center,center,True,233.9,3,0.0,0.0,64.43642973326249,
2925,200,4,83.4,31.6,1.0,1e-07,50.0,25,0.60,0.58,True,94.2,3,0.0009699943230182757,0.031144731866212555,16.49948312442761,
2926,200,4,83.4,31.6,1.0,1e-07,50.0,50,center,center,True,94.0,3,0.0003664401869787595,0.019142627483675262,14.896547036069165,
2923,200,4,83.4,31.6,1.0,1e-07,50.0,25,0.45,0.55,True,112.30000000000001,3,0.0003348706820339623,0.0182994721791084,15.771005360252357,
2928,200,4,83.4,31.6,1.0,1e-07,50.0,50,0.45,0.55,True,94.10000000000001,3,0.014333518994277551,0.11972267535549626,13.095103893409302,
2927,200,4,83.4,31.6,1.0,1e-07,50.0,50,0.35,0.45,True,107.9,3,0.0027416268230359728,0.05236054643561288,16.35807517403151,
2922,200,4,83.4,31.6,1.0,1e-07,50.0,25,0.35,0.45,True,138.5,3,692.6621226859842,26.31847493085388,24.068212039350744,
2929,200,4,83.4,31.6,1.0,1e-07,50.0,50,0.60,0.45,True,96.9,3,3.8064478241225237e-06,0.0019510119999944962,22.275151525650184,
2930,200,4,83.4,31.6,1.0,1e-07,50.0,50,0.60,0.58,True,94.4,3,0.0007491035402953755,0.027369755941465308,15.061776900450644,
2924,200,4,83.4,31.6,1.0,1e-07,50.0,25,0.60,0.45,True,160.8,3,24.661725501401932,4.966057339721515,27.480970257137912,
2869,200,3,132.2,29.8,5.0,1e-06,100.0,50,0.60,0.45,False,900.0,2,59.2430348826605,7.696949712883702,11.669937885670283,vittima non trovata entro 15 minuti
2931,200,4,83.4,31.6,1.0,1e-07,50.0,80,center,center,True,111.30000000000001,3,0.004100561843724298,0.06403562948643746,13.726970214753084,
2919,200,4,83.4,31.6,1.0,1e-08,100.0,120,0.60,0.45,True,226.20000000000002,3,0.0,0.0,64.43642973326249,
2883,200,4,83.4,31.6,1.0,1e-08,50.0,25,0.45,0.55,True,526.4,3,0.0,0.0,64.43642973326249,
2870,200,3,132.2,29.8,5.0,1e-06,100.0,50,0.60,0.58,False,900.0,2,9.182638244125304,3.0302868253888615,8.645119834195713,vittima non trovata entro 15 minuti
2932,200,4,83.4,31.6,1.0,1e-07,50.0,80,0.35,0.45,True,94.30000000000001,3,0.010227261391752462,0.10112992332515862,15.049375074377481,
2908,200,4,83.4,31.6,1.0,1e-08,100.0,50,0.45,0.55,True,322.20000000000005,3,0.0,0.0,64.43642973326249,
2936,200,4,83.4,31.6,1.0,1e-07,50.0,120,center,center,True,93.9,3,4.2249015150744925e-05,0.0064999242419235105,13.829473933236084,
2933,200,4,83.4,31.6,1.0,1e-07,50.0,80,0.45,0.55,True,106.80000000000001,3,0.03035160403256761,0.17421711750734373,17.215728704526075,
2937,200,4,83.4,31.6,1.0,1e-07,50.0,120,0.35,0.45,True,93.80000000000001,3,0.0009921473968178935,0.03149837133595789,12.545379651363127,
2938,200,4,83.4,31.6,1.0,1e-07,50.0,120,0.45,0.55,True,94.4,3,0.0005371810984637212,0.023177167610899337,14.234465947683482,
2934,200,4,83.4,31.6,1.0,1e-07,50.0,80,0.60,0.45,True,112.7,3,5.237376488586761e-07,0.0007236972079942523,12.256212100411366,
2940,200,4,83.4,31.6,1.0,1e-07,50.0,120,0.60,0.58,True,93.60000000000001,3,0.015096959842723863,0.122869686427222,12.659488108364148,
2935,200,4,83.4,31.6,1.0,1e-07,50.0,80,0.60,0.58,True,107.30000000000001,3,0.00207174249023565,0.04551639803670376,17.54261682883611,
2871,200,3,132.2,29.8,5.0,1e-06,100.0,80,center,center,False,900.0,2,nan,nan,5.712114232174228,vittima non trovata entro 15 minuti
2942,200,4,83.4,31.6,1.0,1e-07,100.0,25,0.35,0.45,True,98.30000000000001,3,0.006696959323193132,0.08183495172109001,9.384505145513646,
2941,200,4,83.4,31.6,1.0,1e-07,100.0,25,center,center,True,103.2,3,8.647522803220037e-05,0.009299205774269133,14.368945877851804,
2873,200,3,132.2,29.8,5.0,1e-06,100.0,80,0.45,0.55,False,900.0,2,7.845926678194936,2.8010581354543387,10.141271213144126,vittima non trovata entro 15 minuti
2872,200,3,132.2,29.8,5.0,1e-06,100.0,80,0.35,0.45,False,900.0,2,nan,nan,7.913588435392938,vittima non trovata entro 15 minuti
2943,200,4,83.4,31.6,1.0,1e-07,100.0,25,0.45,0.55,True,99.4,3,0.004463778378697737,0.06681151381833626,10.796008107928303,
2939,200,4,83.4,31.6,1.0,1e-07,50.0,120,0.60,0.45,True,126.80000000000001,3,0.01923692518669222,0.1386972428950634,18.71439519835433,
2875,200,3,132.2,29.8,5.0,1e-06,100.0,80,0.60,0.58,False,900.0,2,nan,nan,8.781827766931949,vittima non trovata entro 15 minuti
2945,200,4,83.4,31.6,1.0,1e-07,100.0,25,0.60,0.58,True,102.5,3,1.4494226835068485e-06,0.0012039197163876204,12.447151953047712,
2946,200,4,83.4,31.6,1.0,1e-07,100.0,50,center,center,True,101.0,3,2.9977260791343383e-05,0.0054751493852993076,10.62336414349185,
2947,200,4,83.4,31.6,1.0,1e-07,100.0,50,0.35,0.45,True,100.9,3,0.00040972714175758156,0.0202417178558931,12.762905510466132,
2944,200,4,83.4,31.6,1.0,1e-07,100.0,25,0.60,0.45,True,118.2,3,5.637667400623338e-07,0.0007508440184634448,17.91486068172657,
2953,200,4,83.4,31.6,1.0,1e-07,100.0,80,0.45,0.55,True,73.9,3,0.01611218397301904,0.1269337779041459,13.772904737367588,
2916,200,4,83.4,31.6,1.0,1e-08,100.0,120,center,center,True,329.0,3,0.0,0.0,64.43642973326249,
2948,200,4,83.4,31.6,1.0,1e-07,100.0,50,0.45,0.55,True,103.60000000000001,3,0.015614095299925763,0.12495637358664728,11.336577081469825,
2949,200,4,83.4,31.6,1.0,1e-07,100.0,50,0.60,0.45,True,87.0,3,1.1234690723452379e-06,0.0010599382398730776,10.195422085146873,
2950,200,4,83.4,31.6,1.0,1e-07,100.0,50,0.60,0.58,True,95.2,3,0.009678389796824696,0.09837880766112535,13.547587374302886,
2958,200,4,83.4,31.6,1.0,1e-07,100.0,120,0.45,0.55,True,84.7,3,0.007344446743542642,0.08569974762823192,13.872913486701888,
2951,200,4,83.4,31.6,1.0,1e-07,100.0,80,center,center,True,101.2,3,0.013683196703362542,0.1169751969579985,12.165605124988977,
2952,200,4,83.4,31.6,1.0,1e-07,100.0,80,0.35,0.45,True,105.0,3,0.013173103898734571,0.11477414298845612,12.9635980738813,
2954,200,4,83.4,31.6,1.0,1e-07,100.0,80,0.60,0.45,True,101.9,3,1.352027969735052e-06,0.0011627673755893963,9.750529426398236,
2962,200,4,83.4,31.6,1.0,1e-06,50.0,25,0.35,0.45,True,88.9,3,0.0006485544987067541,0.025466733176965475,0.16915124826057568,
2960,200,4,83.4,31.6,1.0,1e-07,100.0,120,0.60,0.58,True,91.5,3,0.002942815066119324,0.0542477194554695,13.171387103809721,
2964,200,4,83.4,31.6,1.0,1e-06,50.0,25,0.60,0.45,True,89.7,3,9.824917158208983e-05,0.009912072012555692,3.6151606105673277,
2956,200,4,83.4,31.6,1.0,1e-07,100.0,120,center,center,True,101.7,3,0.004000122850717106,0.0632465244161061,12.97485369745581,
2955,200,4,83.4,31.6,1.0,1e-07,100.0,80,0.60,0.58,True,110.5,3,0.00040050110580931215,0.020012523724141144,12.415021193122483,
2957,200,4,83.4,31.6,1.0,1e-07,100.0,120,0.35,0.45,True,104.9,3,0.012483649888568385,0.11173025502776043,13.131719332494388,
2959,200,4,83.4,31.6,1.0,1e-07,100.0,120,0.60,0.45,True,104.7,3,6.660859873889799e-07,0.0008161409114785142,7.6562862710165716,
2967,200,4,83.4,31.6,1.0,1e-06,50.0,50,0.35,0.45,True,89.4,3,0.0006989058197835743,0.0264368269613351,0.1760273472443842,
2969,200,4,83.4,31.6,1.0,1e-06,50.0,50,0.60,0.45,True,89.30000000000001,3,0.00018639751810943164,0.013652747639557088,4.036319897944392,
2968,200,4,83.4,31.6,1.0,1e-06,50.0,50,0.45,0.55,True,90.5,3,0.0006356612910147671,0.025212324189070056,0.5085828362319887,
2970,200,4,83.4,31.6,1.0,1e-06,50.0,50,0.60,0.58,True,89.4,3,0.00039112781979691146,0.019776951731672692,2.8695571750410633,
2972,200,4,83.4,31.6,1.0,1e-06,50.0,80,0.35,0.45,True,90.7,3,0.0004815520860052671,0.021944295067403443,0.08850475738804905,
2974,200,4,83.4,31.6,1.0,1e-06,50.0,80,0.60,0.45,True,90.30000000000001,3,9.555621834986529e-05,0.00977528610066556,4.141672511464893,
2973,200,4,83.4,31.6,1.0,1e-06,50.0,80,0.45,0.55,True,90.30000000000001,3,0.0027828531010499645,0.0527527544404078,0.6394632230688855,
2903,200,4,83.4,31.6,1.0,1e-08,100.0,25,0.45,0.55,True,526.4,3,0.0,0.0,64.43642973326249,
2977,200,4,83.4,31.6,1.0,1e-06,50.0,120,0.35,0.45,True,89.9,3,0.00047845333971276263,0.021873576289961425,0.11466919567885679,
2979,200,4,83.4,31.6,1.0,1e-06,50.0,120,0.60,0.45,True,91.80000000000001,3,0.003048349264917708,0.055211858010011834,4.033150952627335,
2978,200,4,83.4,31.6,1.0,1e-06,50.0,120,0.45,0.55,True,90.80000000000001,3,0.00038385949234677024,0.019592332488674497,0.9419983660272584,
2976,200,4,83.4,31.6,1.0,1e-06,50.0,120,center,center,True,120.80000000000001,3,nan,nan,12.055685812920025,
2980,200,4,83.4,31.6,1.0,1e-06,50.0,120,0.60,0.58,True,123.80000000000001,3,nan,nan,10.4061070641088,
2971,200,4,83.4,31.6,1.0,1e-06,50.0,80,center,center,True,153.5,3,nan,nan,12.655016709150516,
2975,200,4,83.4,31.6,1.0,1e-06,50.0,80,0.60,0.58,True,140.9,3,nan,nan,10.923601311102653,
3001,200,4,83.4,31.6,3.0,1e-08,50.0,25,center,center,True,67.7,3,0.0,0.0,64.43642973326249,
2997,200,4,83.4,31.6,1.0,1e-06,100.0,120,0.35,0.45,True,94.30000000000001,3,nan,nan,16.135341399638115,
2998,200,4,83.4,31.6,1.0,1e-06,100.0,120,0.45,0.55,True,93.2,3,nan,nan,13.88482966068906,
3002,200,4,83.4,31.6,3.0,1e-08,50.0,25,0.35,0.45,True,68.10000000000001,3,0.0,0.0,64.43642973326249,
3000,200,4,83.4,31.6,1.0,1e-06,100.0,120,0.60,0.58,True,100.80000000000001,3,nan,nan,18.32593777877069,
2995,200,4,83.4,31.6,1.0,1e-06,100.0,80,0.60,0.58,True,128.5,3,nan,nan,19.181069388571295,
2996,200,4,83.4,31.6,1.0,1e-06,100.0,120,center,center,True,122.80000000000001,3,nan,nan,18.506196723542445,
2999,200,4,83.4,31.6,1.0,1e-06,100.0,120,0.60,0.45,True,119.5,3,nan,nan,15.12875560949766,
2985,200,4,83.4,31.6,1.0,1e-06,100.0,25,0.60,0.58,True,158.9,3,175.63239955825065,13.252637456681997,12.259028226744718,
3005,200,4,83.4,31.6,3.0,1e-08,50.0,25,0.60,0.58,True,67.9,3,0.0,0.0,64.43642973326249,
2981,200,4,83.4,31.6,1.0,1e-06,100.0,25,center,center,True,171.5,3,172.99384105669037,13.152712307987672,20.98578086242594,
2982,200,4,83.4,31.6,1.0,1e-06,100.0,25,0.35,0.45,True,172.3,3,212.57253950733653,14.579867609389892,18.957227912235346,
2984,200,4,83.4,31.6,1.0,1e-06,100.0,25,0.60,0.45,True,166.10000000000002,3,212.61111644286717,14.581190501562867,17.772045100450402,
2989,200,4,83.4,31.6,1.0,1e-06,100.0,50,0.60,0.45,True,162.5,3,191.64067472104597,13.84343435427228,13.424206747198356,
3006,200,4,83.4,31.6,3.0,1e-08,50.0,50,center,center,True,67.7,3,0.0,0.0,64.43642973326249,
2988,200,4,83.4,31.6,1.0,1e-06,100.0,50,0.45,0.55,True,173.10000000000002,3,339.34881371262,18.421422684272244,12.821741100202328,
2991,200,4,83.4,31.6,1.0,1e-06,100.0,80,center,center,True,183.9,3,nan,nan,20.987600390973522,
2992,200,4,83.4,31.6,1.0,1e-06,100.0,80,0.35,0.45,True,175.5,3,311.9180996974938,17.661203234703287,15.625559526631548,
2993,200,4,83.4,31.6,1.0,1e-06,100.0,80,0.45,0.55,True,172.70000000000002,3,277.2275965490421,16.650153048817362,14.876103484704785,
2986,200,4,83.4,31.6,1.0,1e-06,100.0,50,center,center,True,210.4,3,nan,nan,23.00232400105427,
3007,200,4,83.4,31.6,3.0,1e-08,50.0,50,0.35,0.45,True,68.10000000000001,3,0.0,0.0,64.43642973326249,
3010,200,4,83.4,31.6,3.0,1e-08,50.0,50,0.60,0.58,True,67.9,3,0.0,0.0,64.43642973326249,
3011,200,4,83.4,31.6,3.0,1e-08,50.0,80,center,center,True,67.7,3,0.0,0.0,64.43642973326249,
3012,200,4,83.4,31.6,3.0,1e-08,50.0,80,0.35,0.45,True,68.10000000000001,3,0.0,0.0,64.43642973326249,
3015,200,4,83.4,31.6,3.0,1e-08,50.0,80,0.60,0.58,True,67.9,3,0.0,0.0,64.43642973326249,
3017,200,4,83.4,31.6,3.0,1e-08,50.0,120,0.35,0.45,True,68.10000000000001,3,0.0,0.0,64.43642973326249,
3016,200,4,83.4,31.6,3.0,1e-08,50.0,120,center,center,True,67.7,3,0.0,0.0,64.43642973326249,
3021,200,4,83.4,31.6,3.0,1e-08,100.0,25,center,center,True,67.7,3,0.0,0.0,64.43642973326249,
3020,200,4,83.4,31.6,3.0,1e-08,50.0,120,0.60,0.58,True,67.9,3,0.0,0.0,64.43642973326249,
3022,200,4,83.4,31.6,3.0,1e-08,100.0,25,0.35,0.45,True,68.10000000000001,3,0.0,0.0,64.43642973326249,
3025,200,4,83.4,31.6,3.0,1e-08,100.0,25,0.60,0.58,True,67.9,3,0.0,0.0,64.43642973326249,
2886,200,4,83.4,31.6,1.0,1e-08,50.0,50,center,center,False,900.0,2,0.0,0.0,64.43642973326249,vittima non trovata entro 15 minuti
2990,200,4,83.4,31.6,1.0,1e-06,100.0,50,0.60,0.58,True,276.40000000000003,3,nan,nan,26.604607077018294,
3026,200,4,83.4,31.6,3.0,1e-08,100.0,50,center,center,True,67.7,3,0.0,0.0,64.43642973326249,
3009,200,4,83.4,31.6,3.0,1e-08,50.0,50,0.60,0.45,True,143.3,3,0.0,0.0,64.43642973326249,
3027,200,4,83.4,31.6,3.0,1e-08,100.0,50,0.35,0.45,True,68.10000000000001,3,0.0,0.0,64.43642973326249,
3030,200,4,83.4,31.6,3.0,1e-08,100.0,50,0.60,0.58,True,67.9,3,0.0,0.0,64.43642973326249,
3013,200,4,83.4,31.6,3.0,1e-08,50.0,80,0.45,0.55,True,144.0,3,0.0,0.0,64.43642973326249,
3031,200,4,83.4,31.6,3.0,1e-08,100.0,80,center,center,True,67.7,3,0.0,0.0,64.43642973326249,
3032,200,4,83.4,31.6,3.0,1e-08,100.0,80,0.35,0.45,True,68.10000000000001,3,0.0,0.0,64.43642973326249,
3018,200,4,83.4,31.6,3.0,1e-08,50.0,120,0.45,0.55,True,146.70000000000002,3,0.0,0.0,64.43642973326249,
3019,200,4,83.4,31.6,3.0,1e-08,50.0,120,0.60,0.45,True,144.1,3,0.0,0.0,64.43642973326249,
3035,200,4,83.4,31.6,3.0,1e-08,100.0,80,0.60,0.58,True,67.9,3,0.0,0.0,64.43642973326249,
3036,200,4,83.4,31.6,3.0,1e-08,100.0,120,center,center,True,67.7,3,0.0,0.0,64.43642973326249,
3004,200,4,83.4,31.6,3.0,1e-08,50.0,25,0.60,0.45,True,235.5,3,0.0,0.0,64.43642973326249,
3037,200,4,83.4,31.6,3.0,1e-08,100.0,120,0.35,0.45,True,68.10000000000001,3,0.0,0.0,64.43642973326249,
3040,200,4,83.4,31.6,3.0,1e-08,100.0,120,0.60,0.58,True,67.9,3,0.0,0.0,64.43642973326249,
3029,200,4,83.4,31.6,3.0,1e-08,100.0,50,0.60,0.45,True,143.3,3,0.0,0.0,64.43642973326249,
3033,200,4,83.4,31.6,3.0,1e-08,100.0,80,0.45,0.55,True,144.0,3,0.0,0.0,64.43642973326249,
3014,200,4,83.4,31.6,3.0,1e-08,50.0,80,0.60,0.45,True,225.9,3,0.0,0.0,64.43642973326249,
3044,200,4,83.4,31.6,3.0,1e-07,50.0,25,0.60,0.45,True,94.30000000000001,3,4.1108242862400596e-07,0.000641157101359726,17.474829077589455,
3038,200,4,83.4,31.6,3.0,1e-08,100.0,120,0.45,0.55,True,146.70000000000002,3,0.0,0.0,64.43642973326249,
3043,200,4,83.4,31.6,3.0,1e-07,50.0,25,0.45,0.55,True,112.0,3,0.0003324861667582232,0.018234203211498528,16.01981564689212,
3048,200,4,83.4,31.6,3.0,1e-07,50.0,50,0.45,0.55,True,94.10000000000001,3,0.010884725956560117,0.10432989004384179,13.079279657498256,
3039,200,4,83.4,31.6,3.0,1e-08,100.0,120,0.60,0.45,True,144.1,3,0.0,0.0,64.43642973326249,
3024,200,4,83.4,31.6,3.0,1e-08,100.0,25,0.60,0.45,True,235.5,3,0.0,0.0,64.43642973326249,
2906,200,4,83.4,31.6,1.0,1e-08,100.0,50,center,center,False,900.0,2,0.0,0.0,64.43642973326249,vittima non trovata entro 15 minuti
3047,200,4,83.4,31.6,3.0,1e-07,50.0,50,0.35,0.45,True,107.9,3,0.0023676865961930354,0.048658879931550374,16.200902792217683,
3045,200,4,83.4,31.6,3.0,1e-07,50.0,25,0.60,0.58,True,110.0,3,779.6936716322095,27.92299539147277,20.41450385597494,
3041,200,4,83.4,31.6,3.0,1e-07,50.0,25,center,center,True,139.9,3,633.6667726455389,25.172738679880243,23.53093497821238,
3042,200,4,83.4,31.6,3.0,1e-07,50.0,25,0.35,0.45,True,138.4,3,694.2250978123593,26.348151696321306,24.018633764136315,
3052,200,4,83.4,31.6,3.0,1e-07,50.0,80,0.35,0.45,True,94.30000000000001,3,0.014610185974816507,0.12087260225053693,15.035355264296527,
3050,200,4,83.4,31.6,3.0,1e-07,50.0,50,0.60,0.58,True,107.60000000000001,3,0.0005339737242338254,0.02310787147778491,16.67609194814101,
3046,200,4,83.4,31.6,3.0,1e-07,50.0,50,center,center,True,124.0,3,774.4837193125454,27.829547594464152,21.275913630535626,
3051,200,4,83.4,31.6,3.0,1e-07,50.0,80,center,center,True,113.0,3,732.5328505016039,27.065344086148322,21.7098457181781,
3008,200,4,83.4,31.6,3.0,1e-08,50.0,50,0.45,0.55,True,322.20000000000005,3,0.0,0.0,64.43642973326249,
3053,200,4,83.4,31.6,3.0,1e-07,50.0,80,0.45,0.55,True,106.80000000000001,3,0.034783251011261965,0.18650268365699718,17.22072207801679,
3034,200,4,83.4,31.6,3.0,1e-08,100.0,80,0.60,0.45,True,225.9,3,0.0,0.0,64.43642973326249,
3055,200,4,83.4,31.6,3.0,1e-07,50.0,80,0.60,0.58,True,93.4,3,0.0003066910799234458,0.017512597749147492,13.931541473722419,
3057,200,4,83.4,31.6,3.0,1e-07,50.0,120,0.35,0.45,True,93.80000000000001,3,5.961141154699174e-05,0.007720842670783529,12.537862426662352,
3054,200,4,83.4,31.6,3.0,1e-07,50.0,80,0.60,0.45,True,133.9,3,128.86011205275673,11.351656797699476,29.88082710529863,
3058,200,4,83.4,31.6,3.0,1e-07,50.0,120,0.45,0.55,True,94.4,3,0.004682767793518908,0.06843075181173233,14.33343903358827,
3056,200,4,83.4,31.6,3.0,1e-07,50.0,120,center,center,True,112.0,3,0.020925834031172486,0.14465764421962804,13.791922004232394,
3061,200,4,83.4,31.6,3.0,1e-07,100.0,25,center,center,True,85.60000000000001,3,4.360937390006526e-06,0.0020882857539155234,11.63215025545515,
3060,200,4,83.4,31.6,3.0,1e-07,50.0,120,0.60,0.58,True,95.30000000000001,3,0.020967029625780547,0.1447999641774146,16.203955933735752,
3049,200,4,83.4,31.6,3.0,1e-07,50.0,50,0.60,0.45,True,197.0,3,72.57862634277909,8.519309029656048,28.499575383901348,
3062,200,4,83.4,31.6,3.0,1e-07,100.0,25,0.35,0.45,True,97.9,3,0.0002664486349754111,0.016323254423533655,9.364181603710891,
3063,200,4,83.4,31.6,3.0,1e-07,100.0,25,0.45,0.55,True,99.4,3,8.20408571204127e-06,0.0028642775200809836,10.746128877123768,
3066,200,4,83.4,31.6,3.0,1e-07,100.0,50,center,center,True,101.5,3,0.00020405098754341504,0.014284641666608758,10.043541520198486,
3067,200,4,83.4,31.6,3.0,1e-07,100.0,50,0.35,0.45,True,100.9,3,0.014685039235288626,0.12118184367011679,12.692271647158295,
3065,200,4,83.4,31.6,3.0,1e-07,100.0,25,0.60,0.58,True,101.7,3,0.004107134768548415,0.06408693133977017,12.68634129009097,
3070,200,4,83.4,31.6,3.0,1e-07,100.0,50,0.60,0.58,True,92.2,3,0.00029787761855884335,0.017259131454358975,13.428211009226183,
3068,200,4,83.4,31.6,3.0,1e-07,100.0,50,0.45,0.55,True,103.30000000000001,3,0.019989280166675866,0.14138345082319878,11.317115290774275,
3028,200,4,83.4,31.6,3.0,1e-08,100.0,50,0.45,0.55,True,322.20000000000005,3,0.0,0.0,64.43642973326249,
3064,200,4,83.4,31.6,3.0,1e-07,100.0,25,0.60,0.45,True,114.10000000000001,3,5.280397439089327e-07,0.0007266634323460433,15.417056979149518,
3059,200,4,83.4,31.6,3.0,1e-07,50.0,120,0.60,0.45,True,130.1,3,263.04346283852226,16.218614701586638,30.87480932429745,
3071,200,4,83.4,31.6,3.0,1e-07,100.0,80,center,center,True,97.80000000000001,3,0.003861684354634785,0.06214245211314714,12.58052701688058,
3069,200,4,83.4,31.6,3.0,1e-07,100.0,50,0.60,0.45,True,115.4,3,1.261661277332747e-06,0.0011232369640163855,23.992472327650095,
3072,200,4,83.4,31.6,3.0,1e-07,100.0,80,0.35,0.45,True,105.10000000000001,3,0.0008809019023672737,0.02967999161669817,12.963091356241835,
3073,200,4,83.4,31.6,3.0,1e-07,100.0,80,0.45,0.55,True,104.60000000000001,3,0.03182045998624204,0.17838290272961152,13.857206504100638,
3074,200,4,83.4,31.6,3.0,1e-07,100.0,80,0.60,0.45,True,103.0,3,1.449118585371416e-06,0.0012037934147400109,8.666959250698188,
3075,200,4,83.4,31.6,3.0,1e-07,100.0,80,0.60,0.58,True,91.9,3,0.020591169134069345,0.14349623386719718,12.536605794966892,
3078,200,4,83.4,31.6,3.0,1e-07,100.0,120,0.45,0.55,True,84.9,3,9.698958197677135e-08,0.00031143150447051975,13.91535020404319,
3076,200,4,83.4,31.6,3.0,1e-07,100.0,120,center,center,True,106.0,3,0.014556714269257271,0.12065120914958652,11.83964037486993,
3082,200,4,83.4,31.6,3.0,1e-06,50.0,25,0.35,0.45,True,88.80000000000001,3,0.0006680159274441025,0.02584600409046053,0.20058450587456533,
3077,200,4,83.4,31.6,3.0,1e-07,100.0,120,0.35,0.45,True,104.5,3,0.0011601607624319727,0.03406113272385363,13.087390394767791,
3080,200,4,83.4,31.6,3.0,1e-07,100.0,120,0.60,0.58,True,102.7,3,0.0019198290273401805,0.043815853607343774,11.867256567106168,
3084,200,4,83.4,31.6,3.0,1e-06,50.0,25,0.60,0.45,True,89.9,3,7.095585424230992e-06,0.0026637540097071634,3.6749915553354686,
3088,200,4,83.4,31.6,3.0,1e-06,50.0,50,0.45,0.55,True,89.7,3,0.0005588877004779775,0.023640805833938433,0.1122078478041213,
3087,200,4,83.4,31.6,3.0,1e-06,50.0,50,0.35,0.45,True,89.60000000000001,3,0.0007344367824608318,0.027100494136838755,0.28181129431544083,
3089,200,4,83.4,31.6,3.0,1e-06,50.0,50,0.60,0.45,True,89.30000000000001,3,0.00014661821791735536,0.012108600989270203,3.967765538251189,
3086,200,4,83.4,31.6,3.0,1e-06,50.0,50,center,center,True,94.30000000000001,3,0.0013423289369749788,0.03663780748045629,0.5412954370210739,
3090,200,4,83.4,31.6,3.0,1e-06,50.0,50,0.60,0.58,True,92.60000000000001,3,0.0016977883521438273,0.04120422735768537,3.2812250328670065,
3092,200,4,83.4,31.6,3.0,1e-06,50.0,80,0.35,0.45,True,90.4,3,0.0004911799202008543,0.02216257927680924,0.18804687324544117,
3091,200,4,83.4,31.6,3.0,1e-06,50.0,80,center,center,True,92.7,3,0.0006859414857199779,0.026190484640799948,0.6661608822151963,
3093,200,4,83.4,31.6,3.0,1e-06,50.0,80,0.45,0.55,True,90.60000000000001,3,0.0005450916286925351,0.023347197448356304,0.07315917903481924,
3097,200,4,83.4,31.6,3.0,1e-06,50.0,120,0.35,0.45,True,91.0,3,0.0004279926941782374,0.020687984294711685,0.2827290557486857,
3079,200,4,83.4,31.6,3.0,1e-07,100.0,120,0.60,0.45,True,155.20000000000002,3,85.92022966848599,9.269316569655283,27.6023887565964,
3098,200,4,83.4,31.6,3.0,1e-06,50.0,120,0.45,0.55,True,91.2,3,0.0002438420696271727,0.015615443305496413,0.2018300945960812,
3096,200,4,83.4,31.6,3.0,1e-06,50.0,120,center,center,True,120.0,3,nan,nan,11.83659740309352,
3099,200,4,83.4,31.6,3.0,1e-06,50.0,120,0.60,0.45,True,90.5,3,0.000108301742707857,0.01040681232212136,3.9747053105632366,
3094,200,4,83.4,31.6,3.0,1e-06,50.0,80,0.60,0.45,True,137.9,3,0.0019215090898469039,0.043835021271203964,3.847178638644317,
3081,200,4,83.4,31.6,3.0,1e-06,50.0,25,center,center,True,182.5,3,88.93094256259747,9.430320384939074,19.58573370128435,
3095,200,4,83.4,31.6,3.0,1e-06,50.0,80,0.60,0.58,True,151.0,3,nan,nan,11.783661583170627,
3100,200,4,83.4,31.6,3.0,1e-06,50.0,120,0.60,0.58,True,123.9,3,nan,nan,9.806567246416877,
3117,200,4,83.4,31.6,3.0,1e-06,100.0,120,0.35,0.45,True,96.9,3,nan,nan,16.36716130967205,
3118,200,4,83.4,31.6,3.0,1e-06,100.0,120,0.45,0.55,True,94.30000000000001,3,nan,nan,13.994029374194266,
3104,200,4,83.4,31.6,3.0,1e-06,100.0,25,0.60,0.45,True,163.70000000000002,3,204.243257051459,14.291370020101606,15.750149010235626,
3109,200,4,83.4,31.6,3.0,1e-06,100.0,50,0.60,0.45,True,161.0,3,189.05243075711869,13.749633840838042,13.702911677772127,
3116,200,4,83.4,31.6,3.0,1e-06,100.0,120,center,center,True,122.0,3,nan,nan,20.384860989155946,
3108,200,4,83.4,31.6,3.0,1e-06,100.0,50,0.45,0.55,True,167.4,3,268.73971890874884,16.393282737412566,14.764313960762735,
3112,200,4,83.4,31.6,3.0,1e-06,100.0,80,0.35,0.45,True,173.3,3,305.5135040689275,17.478944592535544,13.859455893135811,
3102,200,4,83.4,31.6,3.0,1e-06,100.0,25,0.35,0.45,True,179.5,3,283.32761504219684,16.83233837118886,17.16997366595901,
3111,200,4,83.4,31.6,3.0,1e-06,100.0,80,center,center,True,183.60000000000002,3,nan,nan,21.71424184668873,
3121,200,4,83.4,31.6,5.0,1e-08,50.0,25,center,center,True,67.60000000000001,3,0.0,0.0,64.43642973326249,
3003,200,4,83.4,31.6,3.0,1e-08,50.0,25,0.45,0.55,True,695.6,3,0.0,0.0,64.43642973326249,
3107,200,4,83.4,31.6,3.0,1e-06,100.0,50,0.35,0.45,True,183.70000000000002,3,335.63910925569706,18.320456032962092,12.556393768126702,
3119,200,4,83.4,31.6,3.0,1e-06,100.0,120,0.60,0.45,True,120.5,3,nan,nan,15.482977142433494,
3103,200,4,83.4,31.6,3.0,1e-06,100.0,25,0.45,0.55,True,190.8,3,71.45040983593417,8.45283442615163,5.381148703512117,
2966,200,4,83.4,31.6,1.0,1e-06,50.0,50,center,center,False,900.0,1,917.2567479664814,30.28624684516854,34.34512787357452,vittima non trovata entro 15 minuti
3113,200,4,83.4,31.6,3.0,1e-06,100.0,80,0.45,0.55,True,174.60000000000002,3,273.7425206572899,16.545166081284584,17.96986221833909,
3106,200,4,83.4,31.6,3.0,1e-06,100.0,50,center,center,True,211.20000000000002,3,nan,nan,24.009838262780125,
3122,200,4,83.4,31.6,5.0,1e-08,50.0,25,0.35,0.45,True,68.10000000000001,3,0.0,0.0,64.43642973326249,
3105,200,4,83.4,31.6,3.0,1e-06,100.0,25,0.60,0.58,True,228.9,3,186.40418435784727,13.652991773155335,6.192080931844891,
3115,200,4,83.4,31.6,3.0,1e-06,100.0,80,0.60,0.58,True,209.4,3,nan,nan,26.6439194967512,
2963,200,4,83.4,31.6,1.0,1e-06,50.0,25,0.45,0.55,False,900.0,2,211.72826572774534,14.550885393258561,11.33396329280076,vittima non trovata entro 15 minuti
3125,200,4,83.4,31.6,5.0,1e-08,50.0,25,0.60,0.58,True,67.9,3,0.0,0.0,64.43642973326249,
3126,200,4,83.4,31.6,5.0,1e-08,50.0,50,center,center,True,67.60000000000001,3,0.0,0.0,64.43642973326249,
2961,200,4,83.4,31.6,1.0,1e-06,50.0,25,center,center,False,900.0,2,19.845360409099936,4.454813173310407,13.437279328374764,vittima non trovata entro 15 minuti
3127,200,4,83.4,31.6,5.0,1e-08,50.0,50,0.35,0.45,True,68.10000000000001,3,0.0,0.0,64.43642973326249,
2965,200,4,83.4,31.6,1.0,1e-06,50.0,25,0.60,0.58,False,900.0,2,281.8387957782981,16.788055151752932,10.208083391403504,vittima non trovata entro 15 minuti
3130,200,4,83.4,31.6,5.0,1e-08,50.0,50,0.60,0.58,True,67.9,3,0.0,0.0,64.43642973326249,
3131,200,4,83.4,31.6,5.0,1e-08,50.0,80,center,center,True,67.60000000000001,3,0.0,0.0,64.43642973326249,
3132,200,4,83.4,31.6,5.0,1e-08,50.0,80,0.35,0.45,True,68.10000000000001,3,0.0,0.0,64.43642973326249,
3120,200,4,83.4,31.6,3.0,1e-06,100.0,120,0.60,0.58,True,203.9,3,nan,nan,28.787351871843654,
3135,200,4,83.4,31.6,5.0,1e-08,50.0,80,0.60,0.58,True,67.9,3,0.0,0.0,64.43642973326249,
3137,200,4,83.4,31.6,5.0,1e-08,50.0,120,0.35,0.45,True,68.10000000000001,3,0.0,0.0,64.43642973326249,
3136,200,4,83.4,31.6,5.0,1e-08,50.0,120,center,center,True,67.60000000000001,3,0.0,0.0,64.43642973326249,
3023,200,4,83.4,31.6,3.0,1e-08,100.0,25,0.45,0.55,True,695.6,3,0.0,0.0,64.43642973326249,
3140,200,4,83.4,31.6,5.0,1e-08,50.0,120,0.60,0.58,True,67.9,3,0.0,0.0,64.43642973326249,
3141,200,4,83.4,31.6,5.0,1e-08,100.0,25,center,center,True,67.60000000000001,3,0.0,0.0,64.43642973326249,
3142,200,4,83.4,31.6,5.0,1e-08,100.0,25,0.35,0.45,True,68.10000000000001,3,0.0,0.0,64.43642973326249,
3124,200,4,83.4,31.6,5.0,1e-08,50.0,25,0.60,0.45,True,143.5,3,0.0,0.0,64.43642973326249,
3145,200,4,83.4,31.6,5.0,1e-08,100.0,25,0.60,0.58,True,67.9,3,0.0,0.0,64.43642973326249,
3146,200,4,83.4,31.6,5.0,1e-08,100.0,50,center,center,True,67.60000000000001,3,0.0,0.0,64.43642973326249,
3147,200,4,83.4,31.6,5.0,1e-08,100.0,50,0.35,0.45,True,68.10000000000001,3,0.0,0.0,64.43642973326249,
2983,200,4,83.4,31.6,1.0,1e-06,100.0,25,0.45,0.55,False,900.0,2,nan,nan,13.880002881684131,vittima non trovata entro 15 minuti
2987,200,4,83.4,31.6,1.0,1e-06,100.0,50,0.35,0.45,False,900.0,2,133.8383163043597,11.568851122923126,3.5709351127052074,vittima non trovata entro 15 minuti
3150,200,4,83.4,31.6,5.0,1e-08,100.0,50,0.60,0.58,True,67.9,3,0.0,0.0,64.43642973326249,
3133,200,4,83.4,31.6,5.0,1e-08,50.0,80,0.45,0.55,True,144.4,3,0.0,0.0,64.43642973326249,
2994,200,4,83.4,31.6,1.0,1e-06,100.0,80,0.60,0.45,False,900.0,2,nan,nan,11.086257541784772,vittima non trovata entro 15 minuti
3151,200,4,83.4,31.6,5.0,1e-08,100.0,80,center,center,True,67.60000000000001,3,0.0,0.0,64.43642973326249,
3152,200,4,83.4,31.6,5.0,1e-08,100.0,80,0.35,0.45,True,68.10000000000001,3,0.0,0.0,64.43642973326249,
3155,200,4,83.4,31.6,5.0,1e-08,100.0,80,0.60,0.58,True,67.9,3,0.0,0.0,64.43642973326249,
3138,200,4,83.4,31.6,5.0,1e-08,50.0,120,0.45,0.55,True,147.3,3,0.0,0.0,64.43642973326249,
3156,200,4,83.4,31.6,5.0,1e-08,100.0,120,center,center,True,67.60000000000001,3,0.0,0.0,64.43642973326249,
3157,200,4,83.4,31.6,5.0,1e-08,100.0,120,0.35,0.45,True,68.10000000000001,3,0.0,0.0,64.43642973326249,
3110,200,4,83.4,31.6,3.0,1e-06,100.0,50,0.60,0.58,True,396.90000000000003,3,nan,nan,21.94798029443078,
3144,200,4,83.4,31.6,5.0,1e-08,100.0,25,0.60,0.45,True,143.5,3,0.0,0.0,64.43642973326249,
3160,200,4,83.4,31.6,5.0,1e-08,100.0,120,0.60,0.58,True,67.9,3,0.0,0.0,64.43642973326249,
3134,200,4,83.4,31.6,5.0,1e-08,50.0,80,0.60,0.45,True,222.10000000000002,3,0.0,0.0,64.43642973326249,
3164,200,4,83.4,31.6,5.0,1e-07,50.0,25,0.60,0.45,True,94.5,3,7.374149226031002e-07,0.0008587286664617061,17.240100322180567,
3153,200,4,83.4,31.6,5.0,1e-08,100.0,80,0.45,0.55,True,144.4,3,0.0,0.0,64.43642973326249,
3166,200,4,83.4,31.6,5.0,1e-07,50.0,50,center,center,True,94.10000000000001,3,0.002260558991889276,0.04754533617390118,13.4092669804897,
3168,200,4,83.4,31.6,5.0,1e-07,50.0,50,0.45,0.55,True,94.2,3,0.0003545139934665074,0.018828541989928678,13.093165719714571,
3161,200,4,83.4,31.6,5.0,1e-07,50.0,25,center,center,True,111.5,3,2.781061195757773e-07,0.0005273576770805345,15.248941220187405,
3163,200,4,83.4,31.6,5.0,1e-07,50.0,25,0.45,0.55,True,112.60000000000001,3,0.012867010473996802,0.11343284565767008,15.943442257773466,
3167,200,4,83.4,31.6,5.0,1e-07,50.0,50,0.35,0.45,True,107.9,3,0.02052429206732832,0.14326301709557956,16.292019431271576,
3171,200,4,83.4,31.6,5.0,1e-07,50.0,80,center,center,True,93.60000000000001,3,0.004065810150612277,0.06376370559034565,13.879904997295798,
3165,200,4,83.4,31.6,5.0,1e-07,50.0,25,0.60,0.58,True,122.5,3,715.1342567070335,26.74199425448733,22.675981575590537,
3158,200,4,83.4,31.6,5.0,1e-08,100.0,120,0.45,0.55,True,147.3,3,0.0,0.0,64.43642973326249,
3169,200,4,83.4,31.6,5.0,1e-07,50.0,50,0.60,0.45,True,118.7,3,0.009754550357688333,0.09876512723470939,16.51448655515896,
3162,200,4,83.4,31.6,5.0,1e-07,50.0,25,0.35,0.45,True,138.3,3,692.1747700008902,26.309214545495088,24.114971969098235,
3172,200,4,83.4,31.6,5.0,1e-07,50.0,80,0.35,0.45,True,94.4,3,0.00039189447324025053,0.01979632474072525,15.013373689019657,
3170,200,4,83.4,31.6,5.0,1e-07,50.0,50,0.60,0.58,True,124.10000000000001,3,634.8716333771504,25.19665917095261,20.545026604098886,
3176,200,4,83.4,31.6,5.0,1e-07,50.0,120,center,center,True,94.4,3,0.026700445234204312,0.16340270877254243,13.953285729251997,
3175,200,4,83.4,31.6,5.0,1e-07,50.0,80,0.60,0.58,True,94.5,3,0.014905224108922971,0.12208695306593154,16.079670540498345,
3173,200,4,83.4,31.6,5.0,1e-07,50.0,80,0.45,0.55,True,106.80000000000001,3,0.03131821968616458,0.1769695445158985,17.10304640302146,
3128,200,4,83.4,31.6,5.0,1e-08,50.0,50,0.45,0.55,True,322.3,3,0.0,0.0,64.43642973326249,
3154,200,4,83.4,31.6,5.0,1e-08,100.0,80,0.60,0.45,True,222.10000000000002,3,0.0,0.0,64.43642973326249,
3177,200,4,83.4,31.6,5.0,1e-07,50.0,120,0.35,0.45,True,93.80000000000001,3,0.014546548098638989,0.12060907137789839,12.62147247937704,
3174,200,4,83.4,31.6,5.0,1e-07,50.0,80,0.60,0.45,True,119.60000000000001,3,0.018631264157720956,0.13649638880835258,15.986405164966568,
3178,200,4,83.4,31.6,5.0,1e-07,50.0,120,0.45,0.55,True,94.4,3,0.014436346498444849,0.12015134830056985,14.290129474044042,
3181,200,4,83.4,31.6,5.0,1e-07,100.0,25,center,center,True,85.4,3,0.003976943358509598,0.06306301101683616,11.832227431739167,
3180,200,4,83.4,31.6,5.0,1e-07,50.0,120,0.60,0.58,True,93.80000000000001,3,0.0003079926774951865,0.017549720154326865,15.170719595746696,
3129,200,4,83.4,31.6,5.0,1e-08,50.0,50,0.60,0.45,True,344.6,3,0.0,0.0,64.43642973326249,
3182,200,4,83.4,31.6,5.0,1e-07,100.0,25,0.35,0.45,True,98.0,3,0.00037098553694534355,0.01926098483840698,9.571387787711034,
3183,200,4,83.4,31.6,5.0,1e-07,100.0,25,0.45,0.55,True,99.5,3,0.00333162174949923,0.05772020226488495,10.708807615810306,
3179,200,4,83.4,31.6,5.0,1e-07,50.0,120,0.60,0.45,True,119.4,3,652.5068536295553,25.544213701532392,22.754200478631468,
3139,200,4,83.4,31.6,5.0,1e-08,50.0,120,0.60,0.45,True,322.90000000000003,3,0.0,0.0,64.43642973326249,
3185,200,4,83.4,31.6,5.0,1e-07,100.0,25,0.60,0.58,True,95.30000000000001,3,0.012253151505796329,0.11069395424229965,13.871912062733399,
3184,200,4,83.4,31.6,5.0,1e-07,100.0,25,0.60,0.45,True,103.9,3,1.0095589370554875e-06,0.001004768101133534,20.62162186372431,
3186,200,4,83.4,31.6,5.0,1e-07,100.0,50,center,center,True,102.30000000000001,3,0.00022784076295241835,0.015094395084017722,10.001676166981207,
3187,200,4,83.4,31.6,5.0,1e-07,100.0,50,0.35,0.45,True,101.0,3,0.020874052393382605,0.1444785534028584,12.838378060183802,
3188,200,4,83.4,31.6,5.0,1e-07,100.0,50,0.45,0.55,True,103.10000000000001,3,0.014459745860379923,0.12024868340393555,11.343965293482295,
3189,200,4,83.4,31.6,5.0,1e-07,100.0,50,0.60,0.45,True,99.2,3,0.002553314805729967,0.05053033549987539,11.937633975235004,
3148,200,4,83.4,31.6,5.0,1e-08,100.0,50,0.45,0.55,True,322.3,3,0.0,0.0,64.43642973326249,
3190,200,4,83.4,31.6,5.0,1e-07,100.0,50,0.60,0.58,True,105.7,3,0.0006868880722877135,0.026208549602900835,13.628789677856249,
3191,200,4,83.4,31.6,5.0,1e-07,100.0,80,center,center,True,97.7,3,0.026579359995392873,0.16303177602968347,12.593085198380233,
3192,200,4,83.4,31.6,5.0,1e-07,100.0,80,0.35,0.45,True,104.9,3,1.820279275214421e-05,0.004266473104584653,12.86913862669373,
3197,200,4,83.4,31.6,5.0,1e-07,100.0,120,0.35,0.45,True,85.60000000000001,3,0.012862814410501518,0.1134143483449141,13.24196178887122,
3193,200,4,83.4,31.6,5.0,1e-07,100.0,80,0.45,0.55,True,106.10000000000001,3,0.0023825678581079097,0.04881155455532952,12.744504707531924,
3149,200,4,83.4,31.6,5.0,1e-08,100.0,50,0.60,0.45,True,344.6,3,0.0,0.0,64.43642973326249,
3195,200,4,83.4,31.6,5.0,1e-07,100.0,80,0.60,0.58,True,105.80000000000001,3,2.4695272620717554e-07,0.0004969433833015342,11.99725381577158,
3196,200,4,83.4,31.6,5.0,1e-07,100.0,120,center,center,True,104.9,3,0.011134495352121562,0.10552011823402001,11.87764556327036,
3199,200,4,83.4,31.6,5.0,1e-07,100.0,120,0.60,0.45,True,85.9,3,0.022654554872731533,0.15051430122327755,12.852247864491254,
3201,200,4,83.4,31.6,5.0,1e-06,50.0,25,center,center,True,91.10000000000001,3,0.0015149862413613823,0.038922824169905536,1.861090665285683,
3202,200,4,83.4,31.6,5.0,1e-06,50.0,25,0.35,0.45,True,89.80000000000001,3,0.0006311660895012194,0.025123019115966524,0.7624992651783098,
3198,200,4,83.4,31.6,5.0,1e-07,100.0,120,0.45,0.55,True,106.30000000000001,3,0.006645483629976493,0.08151983580685435,13.878866669548632,
3200,200,4,83.4,31.6,5.0,1e-07,100.0,120,0.60,0.58,True,108.9,3,0.012092538189674762,0.1099660774497061,11.01708569401767,
3159,200,4,83.4,31.6,5.0,1e-08,100.0,120,0.60,0.45,True,322.90000000000003,3,0.0,0.0,64.43642973326249,
3204,200,4,83.4,31.6,5.0,1e-06,50.0,25,0.60,0.45,True,91.0,3,0.00045437406979300786,0.02131605192790184,3.679761187583078,
3208,200,4,83.4,31.6,5.0,1e-06,50.0,50,0.45,0.55,True,90.9,3,0.0008106553540636705,0.028472010010950587,0.6109343884170265,
3206,200,4,83.4,31.6,5.0,1e-06,50.0,50,center,center,True,94.10000000000001,3,0.0009207233402917548,0.030343423344964798,1.4447996167194495,
3209,200,4,83.4,31.6,5.0,1e-06,50.0,50,0.60,0.45,True,89.60000000000001,3,0.0001762247038100464,0.01327496530353456,4.065560025290974,
3212,200,4,83.4,31.6,5.0,1e-06,50.0,80,0.35,0.45,True,90.7,3,0.0028520745606773422,0.053404817766539964,0.9453306215376588,
3210,200,4,83.4,31.6,5.0,1e-06,50.0,50,0.60,0.58,True,92.9,3,0.0012425226411565409,0.03524943462179984,3.96381736148809,
3211,200,4,83.4,31.6,5.0,1e-06,50.0,80,center,center,True,95.2,3,0.0014014684959436168,0.0374361923269931,1.7490791246211361,
3213,200,4,83.4,31.6,5.0,1e-06,50.0,80,0.45,0.55,True,91.0,3,0.0006029751571286479,0.02455555247044236,0.6803353598062178,
3203,200,4,83.4,31.6,5.0,1e-06,50.0,25,0.45,0.55,True,144.3,3,nan,nan,5.420682235613839,
3217,200,4,83.4,31.6,5.0,1e-06,50.0,120,0.35,0.45,True,91.2,3,0.0027924742167236135,0.0528438664058906,1.0107001321569387,
3218,200,4,83.4,31.6,5.0,1e-06,50.0,120,0.45,0.55,True,92.30000000000001,3,0.000354310546852603,0.018823138602597683,1.2014981492032193,
3194,200,4,83.4,31.6,5.0,1e-07,100.0,80,0.60,0.45,True,181.5,3,10.320774300942286,3.2125961932590106,21.493058056298803,
3219,200,4,83.4,31.6,5.0,1e-06,50.0,120,0.60,0.45,True,90.9,3,0.00011639571233048033,0.010788684457823406,4.089725531884972,
3214,200,4,83.4,31.6,5.0,1e-06,50.0,80,0.60,0.45,True,137.9,3,0.0003409947791245611,0.018466043948950222,3.927487028620113,
3220,200,4,83.4,31.6,5.0,1e-06,50.0,120,0.60,0.58,True,127.30000000000001,3,nan,nan,9.969621166107954,
3216,200,4,83.4,31.6,5.0,1e-06,50.0,120,center,center,True,140.0,3,0.0007614525989687805,0.02759443057881029,2.0257917410782307,
3228,200,4,83.4,31.6,5.0,1e-06,100.0,50,0.45,0.55,True,133.0,3,nan,nan,12.193288578754682,
3232,200,4,83.4,31.6,5.0,1e-06,100.0,80,0.35,0.45,True,130.0,3,nan,nan,12.824085524497395,
3238,200,4,83.4,31.6,5.0,1e-06,100.0,120,0.45,0.55,True,96.60000000000001,3,nan,nan,13.475422205389101,
3233,200,4,83.4,31.6,5.0,1e-06,100.0,80,0.45,0.55,True,130.3,3,nan,nan,15.656122073124651,
3237,200,4,83.4,31.6,5.0,1e-06,100.0,120,0.35,0.45,True,101.10000000000001,3,nan,nan,15.293368790773597,
3223,200,4,83.4,31.6,5.0,1e-06,100.0,25,0.45,0.55,True,177.4,3,264.6322879014874,16.267522488119923,11.789967992189734,
3222,200,4,83.4,31.6,5.0,1e-06,100.0,25,0.35,0.45,True,180.3,3,266.69871066671476,16.33091273219947,16.70539393650982,
3224,200,4,83.4,31.6,5.0,1e-06,100.0,25,0.60,0.45,True,180.5,3,134.4670713310164,11.595993762115276,15.603816878754428,
3239,200,4,83.4,31.6,5.0,1e-06,100.0,120,0.60,0.45,True,122.5,3,nan,nan,10.154696139758936,
3227,200,4,83.4,31.6,5.0,1e-06,100.0,50,0.35,0.45,True,175.10000000000002,3,295.11770329135527,17.178990170884763,12.606032806593872,
3231,200,4,83.4,31.6,5.0,1e-06,100.0,80,center,center,True,183.5,3,nan,nan,22.047152368760692,
3229,200,4,83.4,31.6,5.0,1e-06,100.0,50,0.60,0.45,True,174.5,3,199.49911003929378,14.124415387522903,13.142460844271943,
3083,200,4,83.4,31.6,3.0,1e-06,50.0,25,0.45,0.55,False,900.0,2,210.48050251637534,14.507946185328072,12.159816158845189,vittima non trovata entro 15 minuti
3226,200,4,83.4,31.6,5.0,1e-06,100.0,50,center,center,True,211.5,3,nan,nan,24.104533164355875,
3235,200,4,83.4,31.6,5.0,1e-06,100.0,80,0.60,0.58,True,205.8,3,nan,nan,25.469163541298357,
3085,200,4,83.4,31.6,3.0,1e-06,50.0,25,0.60,0.58,False,900.0,2,288.74306122042174,16.992441296659575,15.494762920657303,vittima non trovata entro 15 minuti
3241,200,4,132.2,29.8,1.0,1e-08,50.0,25,center,center,True,139.3,3,15.66601751809898,3.95803202590618,74.65407740498605,
3236,200,4,83.4,31.6,5.0,1e-06,100.0,120,center,center,True,225.60000000000002,3,nan,nan,25.620399192415857,
3101,200,4,83.4,31.6,3.0,1e-06,100.0,25,center,center,False,900.0,2,0.00023316170974429587,0.015269633582515851,0.9288061237744367,vittima non trovata entro 15 minuti
3242,200,4,132.2,29.8,1.0,1e-08,50.0,25,0.35,0.45,True,164.70000000000002,3,19.50731109574203,4.416708174165691,65.8267600819147,
3243,200,4,132.2,29.8,1.0,1e-08,50.0,25,0.45,0.55,True,197.8,3,2.427774701169871,1.558131798395075,71.1537356095509,
3246,200,4,132.2,29.8,1.0,1e-08,50.0,50,center,center,True,152.4,3,2.0254350079530545,1.4231777850827543,67.79513377848237,
3240,200,4,83.4,31.6,5.0,1e-06,100.0,120,0.60,0.58,True,282.3,3,nan,nan,28.498853179036423,
3244,200,4,132.2,29.8,1.0,1e-08,50.0,25,0.60,0.45,True,165.5,3,2.828213271254312,1.6817292502820755,65.81214058912353,
3251,200,4,132.2,29.8,1.0,1e-08,50.0,80,center,center,True,152.5,3,34.680147818832594,5.88898529619769,67.70186524496616,
3247,200,4,132.2,29.8,1.0,1e-08,50.0,50,0.35,0.45,True,164.70000000000002,3,19.50731109574203,4.416708174165691,65.8267600819147,
3114,200,4,83.4,31.6,3.0,1e-06,100.0,80,0.60,0.45,False,900.0,2,nan,nan,11.208260287542817,vittima non trovata entro 15 minuti
3249,200,4,132.2,29.8,1.0,1e-08,50.0,50,0.60,0.45,True,165.5,3,2.828213271254312,1.6817292502820755,65.81214058912353,
3252,200,4,132.2,29.8,1.0,1e-08,50.0,80,0.35,0.45,True,164.70000000000002,3,19.50731109574203,4.416708174165691,65.8267600819147,
3261,200,4,132.2,29.8,1.0,1e-08,100.0,25,center,center,True,104.80000000000001,3,0.00017849298482241298,0.013360126676884953,67.99077247623501,
3245,200,4,132.2,29.8,1.0,1e-08,50.0,25,0.60,0.58,True,199.9,3,0.5604828754362321,0.7486540425565283,72.05784112111428,
3248,200,4,132.2,29.8,1.0,1e-08,50.0,50,0.45,0.55,True,199.20000000000002,3,2.427774701169871,1.558131798395075,71.1537356095509,
3256,200,4,132.2,29.8,1.0,1e-08,50.0,120,center,center,True,151.6,3,4.321900758655862,2.0789181702644917,64.16155634657623,
3254,200,4,132.2,29.8,1.0,1e-08,50.0,80,0.60,0.45,True,165.5,3,2.828213271254312,1.6817292502820755,65.81214058912353,
3250,200,4,132.2,29.8,1.0,1e-08,50.0,50,0.60,0.58,True,200.8,3,0.5620075091659671,0.7496716008799901,72.05691325348097,
3257,200,4,132.2,29.8,1.0,1e-08,50.0,120,0.35,0.45,True,164.70000000000002,3,19.50731109574203,4.416708174165691,65.8267600819147,
3253,200,4,132.2,29.8,1.0,1e-08,50.0,80,0.45,0.55,True,198.3,3,2.427774701169871,1.558131798395075,71.1537356095509,
3263,200,4,132.2,29.8,1.0,1e-08,100.0,25,0.45,0.55,True,118.60000000000001,3,1.3163958336919985e-05,0.003628216963870819,71.50989841723987,
3255,200,4,132.2,29.8,1.0,1e-08,50.0,80,0.60,0.58,True,200.5,3,1.2480575049215208,1.11716494078606,71.88860291351513,
3259,200,4,132.2,29.8,1.0,1e-08,50.0,120,0.60,0.45,True,165.5,3,2.828213271254312,1.6817292502820755,65.81214058912353,
3265,200,4,132.2,29.8,1.0,1e-08,100.0,25,0.60,0.58,True,106.30000000000001,3,0.003199419460765075,0.056563410971802924,74.92837370427122,
3230,200,4,83.4,31.6,5.0,1e-06,100.0,50,0.60,0.58,True,422.70000000000005,3,nan,nan,20.196928719198265,
3258,200,4,132.2,29.8,1.0,1e-08,50.0,120,0.45,0.55,True,198.3,3,2.427774701169871,1.558131798395075,71.1537356095509,
3266,200,4,132.2,29.8,1.0,1e-08,100.0,50,center,center,True,118.80000000000001,3,3.8543214334761853e-07,0.0006208318156696051,63.903986758543354,
3268,200,4,132.2,29.8,1.0,1e-08,100.0,50,0.45,0.55,True,118.10000000000001,3,4.0709279434676275e-08,0.00020176540693259655,65.13328886780513,
3123,200,4,83.4,31.6,5.0,1e-08,50.0,25,0.45,0.55,False,900.0,2,0.0,0.0,64.43642973326249,vittima non trovata entro 15 minuti
3260,200,4,132.2,29.8,1.0,1e-08,50.0,120,0.60,0.58,True,200.5,3,1.2480575049215208,1.11716494078606,71.88860291351513,
3269,200,4,132.2,29.8,1.0,1e-08,100.0,50,0.60,0.45,True,119.2,3,7.431720838415069e-05,0.008620742913702432,74.56791983333179,
3270,200,4,132.2,29.8,1.0,1e-08,100.0,50,0.60,0.58,True,119.80000000000001,3,0.0,0.0,75.0925073552817,
3273,200,4,132.2,29.8,1.0,1e-08,100.0,80,0.45,0.55,True,104.9,3,0.0,0.0,75.0925073552817,
3271,200,4,132.2,29.8,1.0,1e-08,100.0,80,center,center,True,119.5,3,0.0007923346229617643,0.02814843908570712,73.08334026375185,
3267,200,4,132.2,29.8,1.0,1e-08,100.0,50,0.35,0.45,True,132.70000000000002,3,2.539759697376202e-07,0.000503960285873421,66.9286092184451,
3274,200,4,132.2,29.8,1.0,1e-08,100.0,80,0.60,0.45,True,105.10000000000001,3,0.0,0.0,75.0925073552817,
3276,200,4,132.2,29.8,1.0,1e-08,100.0,120,center,center,True,105.4,3,0.0,0.0,75.0925073552817,
3262,200,4,132.2,29.8,1.0,1e-08,100.0,25,0.35,0.45,True,205.20000000000002,3,0.18762110124184792,0.43315251498963725,74.24880868934392,
3272,200,4,132.2,29.8,1.0,1e-08,100.0,80,0.35,0.45,True,118.0,3,8.600097773282212e-08,0.00029325923298819106,65.85781899516294,
3264,200,4,132.2,29.8,1.0,1e-08,100.0,25,0.60,0.45,True,177.10000000000002,3,0.0,0.0,75.0925073552817,
3275,200,4,132.2,29.8,1.0,1e-08,100.0,80,0.60,0.58,True,119.10000000000001,3,4.6390779081171343e-07,0.00068110776739934,65.74243023760285,
3277,200,4,132.2,29.8,1.0,1e-08,100.0,120,0.35,0.45,True,118.7,3,4.334089877569639e-07,0.0006583380497563268,73.82598568246145,
3280,200,4,132.2,29.8,1.0,1e-08,100.0,120,0.60,0.58,True,105.5,3,0.0,0.0,75.0925073552817,
3278,200,4,132.2,29.8,1.0,1e-08,100.0,120,0.45,0.55,True,119.30000000000001,3,0.0,0.0,75.0925073552817,
3279,200,4,132.2,29.8,1.0,1e-08,100.0,120,0.60,0.45,True,118.9,3,0.0,0.0,75.0925073552817,
3143,200,4,83.4,31.6,5.0,1e-08,100.0,25,0.45,0.55,False,900.0,2,0.0,0.0,64.43642973326249,vittima non trovata entro 15 minuti
3295,200,4,132.2,29.8,1.0,1e-07,50.0,80,0.60,0.58,True,135.70000000000002,3,0.0036398470863151715,0.06033114524286085,29.63041052383272,
3294,200,4,132.2,29.8,1.0,1e-07,50.0,80,0.60,0.45,True,139.4,3,3.5062138935958765e-08,0.00018724886898445812,23.733964895104393,
3286,200,4,132.2,29.8,1.0,1e-07,50.0,50,center,center,True,174.4,3,1071.4293402104438,32.73269527873383,38.092585866255455,
3297,200,4,132.2,29.8,1.0,1e-07,50.0,120,0.35,0.45,True,146.5,3,1031.6715288968576,32.119643972137325,42.016308736023525,
3288,200,4,132.2,29.8,1.0,1e-07,50.0,50,0.45,0.55,True,164.5,3,1.320205043197996e-06,0.0011490017594407748,33.95817464572908,
3281,200,4,132.2,29.8,1.0,1e-07,50.0,25,center,center,True,213.70000000000002,3,240.35219619871123,15.503296301068081,35.59775193851537,
3292,200,4,132.2,29.8,1.0,1e-07,50.0,80,0.35,0.45,True,160.9,3,7.083354494348752e-07,0.0008416266686808797,31.392838503181917,
3287,200,4,132.2,29.8,1.0,1e-07,50.0,50,0.35,0.45,True,173.3,3,1.3726237294352625e-06,0.0011715902566320968,40.684538869197105,
3296,200,4,132.2,29.8,1.0,1e-07,50.0,120,center,center,True,160.10000000000002,3,8.628156391361888e-08,0.0002937372361714103,29.42396476294177,
3298,200,4,132.2,29.8,1.0,1e-07,50.0,120,0.45,0.55,True,158.8,3,802.4285555567599,28.32716991788555,40.66537520192018,
3299,200,4,132.2,29.8,1.0,1e-07,50.0,120,0.60,0.45,True,156.5,3,536.0257045448824,23.152228932543025,34.6877178586454,
3283,200,4,132.2,29.8,1.0,1e-07,50.0,25,0.45,0.55,True,216.60000000000002,3,307.23217925356505,17.528039800661254,35.230461971845614,
3291,200,4,132.2,29.8,1.0,1e-07,50.0,80,center,center,True,180.0,3,9.195562467338936e-08,0.0003032418583793955,30.238335915158114,
3300,200,4,132.2,29.8,1.0,1e-07,50.0,120,0.60,0.58,True,164.5,3,633.3704984446338,25.16685316929063,38.97774702671137,
3290,200,4,132.2,29.8,1.0,1e-07,50.0,50,0.60,0.58,True,185.70000000000002,3,300.94409801584584,17.34774042968841,32.238378573415886,
3285,200,4,132.2,29.8,1.0,1e-07,50.0,25,0.60,0.58,True,236.5,3,46.20253312254931,6.797244524257555,32.766773924800844,
3301,200,4,132.2,29.8,1.0,1e-07,100.0,25,center,center,True,209.9,3,40.514882132045074,6.365130174006269,28.989256410324042,
3306,200,4,132.2,29.8,1.0,1e-07,100.0,50,center,center,True,170.10000000000002,3,8.307831660047009e-07,0.00091147307475575,24.5230681838871,
3303,200,4,132.2,29.8,1.0,1e-07,100.0,25,0.45,0.55,True,210.60000000000002,3,42.93610453654485,6.552564729672256,30.097509433546712,
3302,200,4,132.2,29.8,1.0,1e-07,100.0,25,0.35,0.45,True,234.5,3,7.634991459767044,2.7631488305494956,28.154936228891682,
3313,200,4,132.2,29.8,1.0,1e-07,100.0,80,0.45,0.55,True,135.3,3,0.00011327124343278575,0.010642896383634755,30.46442516869277,
3315,200,4,132.2,29.8,1.0,1e-07,100.0,80,0.60,0.58,True,137.4,3,5.248001440598409e-07,0.000724430910480662,29.42918362671787,
3316,200,4,132.2,29.8,1.0,1e-07,100.0,120,center,center,True,139.4,3,5.852036429152966e-08,0.00024190982677751985,25.08362851531453,
3319,200,4,132.2,29.8,1.0,1e-07,100.0,120,0.60,0.45,True,138.20000000000002,3,0.0028951534114159084,0.05380662980912211,23.901755238780538,
3308,200,4,132.2,29.8,1.0,1e-07,100.0,50,0.45,0.55,True,172.10000000000002,3,2.320211945449778e-06,0.0015232241940862739,27.499243757837394,
3311,200,4,132.2,29.8,1.0,1e-07,100.0,80,center,center,True,159.20000000000002,3,2.0203618053541184e-07,0.0004494843496000855,26.754852813011794,
3215,200,4,83.4,31.6,5.0,1e-06,50.0,80,0.60,0.58,True,807.7,3,7.211474357426786,2.6854188420853062,13.683946398384318,
3307,200,4,132.2,29.8,1.0,1e-07,100.0,50,0.35,0.45,True,171.3,3,0.005606581427701644,0.07487710883642373,28.10679331403761,
3312,200,4,132.2,29.8,1.0,1e-07,100.0,80,0.35,0.45,True,167.0,3,3.6255275769097266e-05,0.006021235402232441,30.240119081943572,
3314,200,4,132.2,29.8,1.0,1e-07,100.0,80,0.60,0.45,True,163.9,3,0.0028432752499190648,0.05332237100804,26.28575616074365,
3317,200,4,132.2,29.8,1.0,1e-07,100.0,120,0.35,0.45,True,157.5,3,3.617523825555091e-05,0.00601458545999231,30.10811220374122,
3320,200,4,132.2,29.8,1.0,1e-07,100.0,120,0.60,0.58,True,160.0,3,883.7652191468884,29.72818896513692,36.18111918932617,
3318,200,4,132.2,29.8,1.0,1e-07,100.0,120,0.45,0.55,True,167.70000000000002,3,6.486614397138372e-07,0.0008053952071584716,33.235274230930266,
3310,200,4,132.2,29.8,1.0,1e-07,100.0,50,0.60,0.58,True,199.60000000000002,3,11.2663232147654,3.356534405419584,28.965136247180425,
3205,200,4,83.4,31.6,5.0,1e-06,50.0,25,0.60,0.58,False,900.0,2,271.59693987309447,16.480198417285347,14.41581455760461,vittima non trovata entro 15 minuti
3207,200,4,83.4,31.6,5.0,1e-06,50.0,50,0.35,0.45,False,900.0,2,nan,nan,8.7712002254257,vittima non trovata entro 15 minuti
3221,200,4,83.4,31.6,5.0,1e-06,100.0,25,center,center,False,900.0,1,0.00026413751774798084,0.016252308074485324,0.12163221517610229,vittima non trovata entro 15 minuti
3333,200,4,132.2,29.8,1.0,1e-06,50.0,80,0.45,0.55,True,138.20000000000002,3,0.0028111880047390313,0.053020637536142765,9.900060589022782,
3332,200,4,132.2,29.8,1.0,1e-06,50.0,80,0.35,0.45,True,140.5,3,0.004845808096929401,0.06961183876992046,0.4732472391246036,
3336,200,4,132.2,29.8,1.0,1e-06,50.0,120,center,center,True,134.0,3,0.0005786339105964437,0.02405481055000109,9.72631710411353,
3334,200,4,132.2,29.8,1.0,1e-06,50.0,80,0.60,0.45,True,147.5,3,0.0029323092922869907,0.054150801400228515,6.96655014582773,
3338,200,4,132.2,29.8,1.0,1e-06,50.0,120,0.45,0.55,True,136.20000000000002,3,0.0006110436884142825,0.024719297894848925,8.378080476772999,
3337,200,4,132.2,29.8,1.0,1e-06,50.0,120,0.35,0.45,True,144.0,3,0.005405496108313851,0.07352207905326026,12.032053963507579,
3335,200,4,132.2,29.8,1.0,1e-06,50.0,80,0.60,0.58,True,155.9,3,0.0037208316256763943,0.060998619866980554,10.272467725921803,
3339,200,4,132.2,29.8,1.0,1e-06,50.0,120,0.60,0.45,True,134.1,3,0.00044523847247800977,0.021100674692483407,6.684287504814313,
3225,200,4,83.4,31.6,5.0,1e-06,100.0,25,0.60,0.58,False,900.0,2,nan,nan,13.656420512855526,vittima non trovata entro 15 minuti
3340,200,4,132.2,29.8,1.0,1e-06,50.0,120,0.60,0.58,True,133.20000000000002,3,0.0049889318375876835,0.07063237103189786,10.123843352678893,
3234,200,4,83.4,31.6,5.0,1e-06,100.0,80,0.60,0.45,False,900.0,2,nan,nan,11.098764972935848,vittima non trovata entro 15 minuti
3352,200,4,132.2,29.8,1.0,1e-06,100.0,80,0.35,0.45,True,156.9,3,nan,nan,0.376742205424803,
3354,200,4,132.2,29.8,1.0,1e-06,100.0,80,0.60,0.45,True,153.9,3,nan,nan,2.5520823280936256,
3355,200,4,132.2,29.8,1.0,1e-06,100.0,80,0.60,0.58,True,191.4,3,65.43401464878549,8.089129412290639,19.92161336582112,
3293,200,4,132.2,29.8,1.0,1e-07,50.0,80,0.45,0.55,False,900.0,2,1.1857669672390508e-06,0.001088929275590959,33.51828722518195,vittima non trovata entro 15 minuti
3289,200,4,132.2,29.8,1.0,1e-07,50.0,50,0.60,0.45,False,900.0,2,1.4595939475778117e-05,0.003820463254080337,27.604219952140188,vittima non trovata entro 15 minuti
3356,200,4,132.2,29.8,1.0,1e-06,100.0,120,center,center,True,283.3,3,116.50996704476938,10.793978277019525,19.54884821161386,
3357,200,4,132.2,29.8,1.0,1e-06,100.0,120,0.35,0.45,True,141.5,3,nan,nan,14.214629439443,
3284,200,4,132.2,29.8,1.0,1e-07,50.0,25,0.60,0.45,False,900.0,2,0.004272889114165995,0.06536733981252407,28.85533462721537,vittima non trovata entro 15 minuti
3282,200,4,132.2,29.8,1.0,1e-07,50.0,25,0.35,0.45,False,900.0,2,146.40386672588892,12.099746556266744,38.122883850026554,vittima non trovata entro 15 minuti
3341,200,4,132.2,29.8,1.0,1e-06,100.0,25,center,center,True,550.3000000000001,3,58.50950340773289,7.649150502358605,14.263216790976738,
3305,200,4,132.2,29.8,1.0,1e-07,100.0,25,0.60,0.58,False,900.0,2,0.00015573354680736032,0.012479324773695103,28.91863490193135,vittima non trovata entro 15 minuti
3304,200,4,132.2,29.8,1.0,1e-07,100.0,25,0.60,0.45,False,900.0,2,1.0472415611429315e-06,0.0010233482110908933,25.246429133402494,vittima non trovata entro 15 minuti
3359,200,4,132.2,29.8,1.0,1e-06,100.0,120,0.60,0.45,True,151.8,3,nan,nan,2.387357125196668,
3309,200,4,132.2,29.8,1.0,1e-07,100.0,50,0.60,0.45,False,900.0,2,4.849792915225537e-05,0.006964045458801613,26.34344004784003,vittima non trovata entro 15 minuti
3360,200,4,132.2,29.8,1.0,1e-06,100.0,120,0.60,0.58,True,158.8,3,nan,nan,3.02930428330178,
3361,200,4,132.2,29.8,3.0,1e-08,50.0,25,center,center,True,139.3,3,14.670954861068056,3.8302682492311235,74.6704903405825,
3362,200,4,132.2,29.8,3.0,1e-08,50.0,25,0.35,0.45,True,164.70000000000002,3,19.507311114399084,4.41670817627779,65.8268367795211,
3321,200,4,132.2,29.8,1.0,1e-06,50.0,25,center,center,False,900.0,2,0.00012455653588070784,0.011160489948058187,15.320504604864855,vittima non trovata entro 15 minuti
3364,200,4,132.2,29.8,3.0,1e-08,50.0,25,0.60,0.45,True,165.4,3,2.8653080241353814,1.6927220752785679,65.20059103550531,
3363,200,4,132.2,29.8,3.0,1e-08,50.0,25,0.45,0.55,True,205.4,3,2.8419823154371184,1.6858179959405815,66.63857441182353,
3366,200,4,132.2,29.8,3.0,1e-08,50.0,50,center,center,True,152.4,3,2.4111582937113956,1.5527904860963682,67.59927988648667,
3331,200,4,132.2,29.8,1.0,1e-06,50.0,80,center,center,False,900.0,2,0.0003472156820531338,0.018633724320519872,13.107486848671902,vittima non trovata entro 15 minuti
3322,200,4,132.2,29.8,1.0,1e-06,50.0,25,0.35,0.45,False,900.0,2,0.005453570985549891,0.07384829710663537,10.226331829674997,vittima non trovata entro 15 minuti
3324,200,4,132.2,29.8,1.0,1e-06,50.0,25,0.60,0.45,False,900.0,2,0.0003836217213952611,0.019586263589446075,13.119698107858262,vittima non trovata entro 15 minuti
3367,200,4,132.2,29.8,3.0,1e-08,50.0,50,0.35,0.45,True,164.70000000000002,3,19.507311114399084,4.41670817627779,65.8268367795211,
3323,200,4,132.2,29.8,1.0,1e-06,50.0,25,0.45,0.55,False,900.0,2,0.0006452930994021283,0.025402619931852072,5.600234043371035,vittima non trovata entro 15 minuti
3365,200,4,132.2,29.8,3.0,1e-08,50.0,25,0.60,0.58,True,199.3,3,0.5111803048905262,0.7149687439955164,71.66569482870277,
3325,200,4,132.2,29.8,1.0,1e-06,50.0,25,0.60,0.58,False,900.0,2,0.005296278605346997,0.07277553576131884,9.657407831988598,vittima non trovata entro 15 minuti
3326,200,4,132.2,29.8,1.0,1e-06,50.0,50,center,center,False,900.0,2,0.0002804537933981472,0.016746754712425545,4.677141650550974,vittima non trovata entro 15 minuti
3369,200,4,132.2,29.8,3.0,1e-08,50.0,50,0.60,0.45,True,165.4,3,2.8653080241353814,1.6927220752785679,65.20059103550531,
3328,200,4,132.2,29.8,1.0,1e-06,50.0,50,0.45,0.55,False,900.0,2,0.000696489822157752,0.026391093614281165,5.949399732834907,vittima non trovata entro 15 minuti
3368,200,4,132.2,29.8,3.0,1e-08,50.0,50,0.45,0.55,True,204.4,3,2.8419823154371184,1.6858179959405815,66.63857441182353,
3327,200,4,132.2,29.8,1.0,1e-06,50.0,50,0.35,0.45,False,900.0,2,0.0004231000003987388,0.020569394750423232,2.1368732495344527,vittima non trovata entro 15 minuti
3330,200,4,132.2,29.8,1.0,1e-06,50.0,50,0.60,0.58,False,900.0,2,0.005050991926086077,0.07107033084266652,12.207209912490146,vittima non trovata entro 15 minuti
3371,200,4,132.2,29.8,3.0,1e-08,50.0,80,center,center,True,153.8,3,139.08292731089128,11.793342499516042,72.15605404828274,
3329,200,4,132.2,29.8,1.0,1e-06,50.0,50,0.60,0.45,False,900.0,2,0.00030656580502660784,0.01750902067582901,10.794173677223982,vittima non trovata entro 15 minuti
3370,200,4,132.2,29.8,3.0,1e-08,50.0,50,0.60,0.58,True,199.70000000000002,3,0.5094775152266913,0.7137769366032299,71.66720141908458,
3350,200,4,132.2,29.8,1.0,1e-06,100.0,50,0.60,0.58,False,900.0,1,16.675151316321056,4.083521925534508,11.544935946238937,vittima non trovata entro 15 minuti
3372,200,4,132.2,29.8,3.0,1e-08,50.0,80,0.35,0.45,True,164.70000000000002,3,19.507311114399084,4.41670817627779,65.8268367795211,
3374,200,4,132.2,29.8,3.0,1e-08,50.0,80,0.60,0.45,True,165.4,3,2.8653080241353814,1.6927220752785679,65.20059103550531,
3376,200,4,132.2,29.8,3.0,1e-08,50.0,120,center,center,True,151.8,3,5.669197476958203,2.381007659995701,64.70901447969264,
3383,200,4,132.2,29.8,3.0,1e-08,100.0,25,0.45,0.55,True,104.60000000000001,3,0.0,0.0,75.0925073552817,
3342,200,4,132.2,29.8,1.0,1e-06,100.0,25,0.35,0.45,False,900.0,1,861.3718487269241,29.349137103617274,26.59280447937011,vittima non trovata entro 15 minuti
3343,200,4,132.2,29.8,1.0,1e-06,100.0,25,0.45,0.55,False,900.0,2,234.54120783084846,15.314738255381593,12.886429201490547,vittima non trovata entro 15 minuti
3386,200,4,132.2,29.8,3.0,1e-08,100.0,50,center,center,True,105.9,3,0.0,0.0,75.0925073552817,
3385,200,4,132.2,29.8,3.0,1e-08,100.0,25,0.60,0.58,True,118.7,3,3.545415925179811e-07,0.0005954339531114942,64.5542866535457,
3373,200,4,132.2,29.8,3.0,1e-08,50.0,80,0.45,0.55,True,204.4,3,2.8419823154371184,1.6858179959405815,66.63857441182353,
3377,200,4,132.2,29.8,3.0,1e-08,50.0,120,0.35,0.45,True,164.70000000000002,3,19.507311114399084,4.41670817627779,65.8268367795211,
3375,200,4,132.2,29.8,3.0,1e-08,50.0,80,0.60,0.58,True,199.60000000000002,3,0.5109248170311554,0.7147900510157899,71.66604316868187,
3348,200,4,132.2,29.8,1.0,1e-06,100.0,50,0.45,0.55,False,900.0,2,248.09014469097966,15.750877584788082,12.968020208783873,vittima non trovata entro 15 minuti
3344,200,4,132.2,29.8,1.0,1e-06,100.0,25,0.60,0.45,False,900.0,2,266.60418940802003,16.328018538941585,13.438637990537808,vittima non trovata entro 15 minuti
3353,200,4,132.2,29.8,1.0,1e-06,100.0,80,0.45,0.55,False,900.0,2,nan,nan,2.7902040810454074,vittima non trovata entro 15 minuti
3379,200,4,132.2,29.8,3.0,1e-08,50.0,120,0.60,0.45,True,165.4,3,2.8653080241353814,1.6927220752785679,65.20059103550531,
3345,200,4,132.2,29.8,1.0,1e-06,100.0,25,0.60,0.58,False,900.0,1,31.830759040685496,5.641875489647525,3.7070950790666335,vittima non trovata entro 15 minuti
3347,200,4,132.2,29.8,1.0,1e-06,100.0,50,0.35,0.45,False,900.0,2,13.316968292511094,3.6492421531752446,17.172740008233532,vittima non trovata entro 15 minuti
3381,200,4,132.2,29.8,3.0,1e-08,100.0,25,center,center,True,171.3,3,47.632489348628184,6.901629470540141,66.09153131234875,
3388,200,4,132.2,29.8,3.0,1e-08,100.0,50,0.45,0.55,True,118.0,3,1.2030308458518526e-07,0.0003468473505523507,67.45841737106149,
3346,200,4,132.2,29.8,1.0,1e-06,100.0,50,center,center,False,900.0,2,151.8059421473789,12.320955407247398,10.173165691121207,vittima non trovata entro 15 minuti
3387,200,4,132.2,29.8,3.0,1e-08,100.0,50,0.35,0.45,True,132.70000000000002,3,2.5397887584397e-07,0.0005039631691343823,66.92870756455353,
3351,200,4,132.2,29.8,1.0,1e-06,100.0,80,center,center,False,900.0,2,nan,nan,7.903553256431979,vittima non trovata entro 15 minuti
3389,200,4,132.2,29.8,3.0,1e-08,100.0,50,0.60,0.45,True,132.8,3,0.0,0.0,75.0925073552817,
3380,200,4,132.2,29.8,3.0,1e-08,50.0,120,0.60,0.58,True,199.60000000000002,3,0.5109248170311554,0.7147900510157899,71.66604316868187,
3390,200,4,132.2,29.8,3.0,1e-08,100.0,50,0.60,0.58,True,133.20000000000002,3,2.1315321660375343e-07,0.0004616851920992847,64.13577672921103,
3378,200,4,132.2,29.8,3.0,1e-08,50.0,120,0.45,0.55,True,204.4,3,2.8419823154371184,1.6858179959405815,66.63857441182353,
3349,200,4,132.2,29.8,1.0,1e-06,100.0,50,0.60,0.45,False,900.0,2,313.5642188564634,17.70774460106265,15.32304477855248,vittima non trovata entro 15 minuti
3392,200,4,132.2,29.8,3.0,1e-08,100.0,80,0.35,0.45,True,118.0,3,8.597005393390821e-08,0.00029320650390792527,65.85795269413211,
3393,200,4,132.2,29.8,3.0,1e-08,100.0,80,0.45,0.55,True,106.0,3,0.0,0.0,75.0925073552817,
3382,200,4,132.2,29.8,3.0,1e-08,100.0,25,0.35,0.45,True,205.20000000000002,3,0.18762110221771974,0.4331525161161132,74.2488143844376,
3396,200,4,132.2,29.8,3.0,1e-08,100.0,120,center,center,True,104.60000000000001,3,4.207753792083528e-06,0.0020512810124611227,66.31937335985923,
3384,200,4,132.2,29.8,3.0,1e-08,100.0,25,0.60,0.45,True,219.9,3,0.011069564899983005,0.1052119997908176,74.97874355240539,
3395,200,4,132.2,29.8,3.0,1e-08,100.0,80,0.60,0.58,True,119.80000000000001,3,0.003199104019904287,0.05656062252048051,75.01084577179985,
3400,200,4,132.2,29.8,3.0,1e-08,100.0,120,0.60,0.58,True,107.2,3,1.1002489315775763e-07,0.0003317000047599602,73.39766019745299,
3397,200,4,132.2,29.8,3.0,1e-08,100.0,120,0.35,0.45,True,118.7,3,4.334013693991134e-07,0.0006583322636777825,73.8259934121616,
3391,200,4,132.2,29.8,3.0,1e-08,100.0,80,center,center,True,192.4,3,3.5151182847149626e-06,0.0018748648710547016,69.99448309457344,
3412,200,4,132.2,29.8,3.0,1e-07,50.0,80,0.35,0.45,True,160.60000000000002,3,7.067824601108583e-07,0.0008407035506710188,31.389063754874776,
3408,200,4,132.2,29.8,3.0,1e-07,50.0,50,0.45,0.55,True,164.60000000000002,3,1.3348861931422271e-06,0.0011553727507355482,33.97396842647179,
3394,200,4,132.2,29.8,3.0,1e-08,100.0,80,0.60,0.45,True,208.10000000000002,3,0.0,0.0,75.0925073552817,
3413,200,4,132.2,29.8,3.0,1e-07,50.0,80,0.45,0.55,True,163.5,3,1.2083865376086219e-06,0.0010992663633572265,33.408970809031224,
3417,200,4,132.2,29.8,3.0,1e-07,50.0,120,0.35,0.45,True,146.20000000000002,3,1046.6980824508164,32.35271367985715,41.83344773695276,
3406,200,4,132.2,29.8,3.0,1e-07,50.0,50,center,center,True,173.20000000000002,3,1063.293314091492,32.608178638057844,38.17943493206206,
3407,200,4,132.2,29.8,3.0,1e-07,50.0,50,0.35,0.45,True,173.20000000000002,3,1.364773419019562e-06,0.0011682351728224767,40.65774101392396,
3411,200,4,132.2,29.8,3.0,1e-07,50.0,80,center,center,True,180.20000000000002,3,3.7536774556152074e-08,0.00019374409553881138,29.96546210609874,
3419,200,4,132.2,29.8,3.0,1e-07,50.0,120,0.60,0.45,True,154.9,3,0.003162491702973957,0.05623603562640202,28.453396594829833,
3416,200,4,132.2,29.8,3.0,1e-07,50.0,120,center,center,True,159.8,3,8.323535340399663e-08,0.0002885053784663236,29.395848123522917,
3418,200,4,132.2,29.8,3.0,1e-07,50.0,120,0.45,0.55,True,159.0,3,962.0204728919663,31.01645487305031,41.38202217864897,
3398,200,4,132.2,29.8,3.0,1e-08,100.0,120,0.45,0.55,True,207.10000000000002,3,0.9917813420683633,0.9958821928663868,73.73249855211806,
3399,200,4,132.2,29.8,3.0,1e-08,100.0,120,0.60,0.45,True,206.70000000000002,3,0.0,0.0,75.0925073552817,
3420,200,4,132.2,29.8,3.0,1e-07,50.0,120,0.60,0.58,True,163.5,3,846.1871829465433,29.089296707664545,41.626106029061226,
3415,200,4,132.2,29.8,3.0,1e-07,50.0,80,0.60,0.58,True,175.20000000000002,3,5.703395080546402e-07,0.0007552082547580106,34.350451706467524,
3403,200,4,132.2,29.8,3.0,1e-07,50.0,25,0.45,0.55,True,216.3,3,310.3317242388069,17.61623467823947,35.35848848075837,
3401,200,4,132.2,29.8,3.0,1e-07,50.0,25,center,center,True,226.70000000000002,3,177.50995931582457,13.3232863556941,34.942446896928715,
3405,200,4,132.2,29.8,3.0,1e-07,50.0,25,0.60,0.58,True,236.0,3,54.53584000466577,7.384838522585702,33.38892378321034,
3421,200,4,132.2,29.8,3.0,1e-07,100.0,25,center,center,True,210.0,3,42.421183497495825,6.513154650205676,29.260433932884023,
3427,200,4,132.2,29.8,3.0,1e-07,100.0,50,0.35,0.45,True,171.60000000000002,3,0.0036714370200154516,0.06059238417503846,28.231985225528653,
3428,200,4,132.2,29.8,3.0,1e-07,100.0,50,0.45,0.55,True,170.4,3,5.227252125029518e-06,0.0022863184653563727,27.5122453000936,
3426,200,4,132.2,29.8,3.0,1e-07,100.0,50,center,center,True,183.20000000000002,3,8.23156612653949e-07,0.0009072797874161801,24.55017662352962,
3410,200,4,132.2,29.8,3.0,1e-07,50.0,50,0.60,0.58,True,279.1,3,472.5948298033961,21.739246302560634,34.8264849763528,
3425,200,4,132.2,29.8,3.0,1e-07,100.0,25,0.60,0.58,True,207.4,3,28.409665977664,5.330071854831227,31.6718478918249,
3433,200,4,132.2,29.8,3.0,1e-07,100.0,80,0.45,0.55,True,135.20000000000002,3,5.964913765616774e-06,0.002442317294213996,30.300149894841372,
3422,200,4,132.2,29.8,3.0,1e-07,100.0,25,0.35,0.45,True,235.4,3,5.076897428485826,2.2531971570383775,28.48409851776832,
3423,200,4,132.2,29.8,3.0,1e-07,100.0,25,0.45,0.55,True,222.9,3,45.04380952316186,6.711468507201823,30.608777348512525,
3434,200,4,132.2,29.8,3.0,1e-07,100.0,80,0.60,0.45,True,138.4,3,0.004013143837362832,0.06334937913952142,27.765213281900497,
3439,200,4,132.2,29.8,3.0,1e-07,100.0,120,0.60,0.45,True,135.3,3,0.002723608527904177,0.052188202957221826,22.440082567693334,
3440,200,4,132.2,29.8,3.0,1e-07,100.0,120,0.60,0.58,True,134.5,3,0.003852961583762616,0.06207222876425992,26.122239133637997,
3436,200,4,132.2,29.8,3.0,1e-07,100.0,120,center,center,True,139.20000000000002,3,3.48029605091132e-08,0.00018655551589034615,25.130309838901148,
3431,200,4,132.2,29.8,3.0,1e-07,100.0,80,center,center,True,160.3,3,5.446243293171528e-07,0.000737986672858767,27.988893382089092,
3432,200,4,132.2,29.8,3.0,1e-07,100.0,80,0.35,0.45,True,166.20000000000002,3,6.892417846533166e-10,2.625341472367579e-05,30.460274697270787,
3435,200,4,132.2,29.8,3.0,1e-07,100.0,80,0.60,0.58,True,162.5,3,0.005531971110252074,0.07437722171641042,26.74003087755063,
3437,200,4,132.2,29.8,3.0,1e-07,100.0,120,0.35,0.45,True,157.8,3,0.00014190251459188677,0.011912284188680473,30.162627645298294,
3438,200,4,132.2,29.8,3.0,1e-07,100.0,120,0.45,0.55,True,167.9,3,6.384549885558272e-07,0.0007990337843644831,33.24216428400946,
3358,200,4,132.2,29.8,1.0,1e-06,100.0,120,0.45,0.55,False,900.0,1,nan,nan,3.2221135610303144,vittima non trovata entro 15 minuti
3430,200,4,132.2,29.8,3.0,1e-07,100.0,50,0.60,0.58,True,200.10000000000002,3,14.812641093421478,3.8487194095466974,29.530281438422787,
3444,200,4,132.2,29.8,3.0,1e-06,50.0,25,0.60,0.45,True,201.70000000000002,3,189.67542137741805,13.772270015412058,17.115445166101335,
3452,200,4,132.2,29.8,3.0,1e-06,50.0,80,0.35,0.45,True,140.5,3,0.0048551542801647685,0.06967893713429309,0.5256002641235064,
3453,200,4,132.2,29.8,3.0,1e-06,50.0,80,0.45,0.55,True,138.20000000000002,3,0.0007134221072210845,0.02670996269598826,9.946138541810145,
3456,200,4,132.2,29.8,3.0,1e-06,50.0,120,center,center,True,135.9,3,0.00041716116351022016,0.02042452358098519,10.930770226012733,
3454,200,4,132.2,29.8,3.0,1e-06,50.0,80,0.60,0.45,True,140.1,3,0.0006441133966675251,0.02537938920989875,12.098087118737164,
3455,200,4,132.2,29.8,3.0,1e-06,50.0,80,0.60,0.58,True,144.20000000000002,3,0.005308038629721144,0.0728562875098721,10.65036989748508,
3458,200,4,132.2,29.8,3.0,1e-06,50.0,120,0.45,0.55,True,136.20000000000002,3,0.0005730674778052416,0.023938827828555883,8.257267941233525,
3457,200,4,132.2,29.8,3.0,1e-06,50.0,120,0.35,0.45,True,143.70000000000002,3,0.005416544284619749,0.07359717579241577,12.228133282771745,
3459,200,4,132.2,29.8,3.0,1e-06,50.0,120,0.60,0.45,True,146.4,3,0.0004287848994021626,0.020707121948792463,10.979033952367315,
3460,200,4,132.2,29.8,3.0,1e-06,50.0,120,0.60,0.58,True,135.70000000000002,3,0.0037854105774726703,0.06152569038598974,10.997069311473119,
3441,200,4,132.2,29.8,3.0,1e-06,50.0,25,center,center,True,297.90000000000003,3,1.6559279075823978,1.2868286240142461,11.008987658001123,
3472,200,4,132.2,29.8,3.0,1e-06,100.0,80,0.35,0.45,True,157.0,3,nan,nan,0.39656926798742675,
3474,200,4,132.2,29.8,3.0,1e-06,100.0,80,0.60,0.45,True,159.0,3,nan,nan,2.3347651280350634,
3471,200,4,132.2,29.8,3.0,1e-06,100.0,80,center,center,True,168.5,3,nan,nan,6.310828073931143,
3475,200,4,132.2,29.8,3.0,1e-06,100.0,80,0.60,0.58,True,164.70000000000002,3,nan,nan,4.388209811494864,
3477,200,4,132.2,29.8,3.0,1e-06,100.0,120,0.35,0.45,True,141.4,3,nan,nan,13.935627848033665,
3479,200,4,132.2,29.8,3.0,1e-06,100.0,120,0.60,0.45,True,153.1,3,727.3530414045593,26.96948352127937,25.109976056703925,
3480,200,4,132.2,29.8,3.0,1e-06,100.0,120,0.60,0.58,True,157.9,3,nan,nan,3.9120836583807983,
3481,200,4,132.2,29.8,5.0,1e-08,50.0,25,center,center,True,138.5,3,0.5834271585220505,0.7638240363605027,75.00537777636823,
3482,200,4,132.2,29.8,5.0,1e-08,50.0,25,0.35,0.45,True,164.70000000000002,3,19.507311728072604,4.416708245749611,65.86902393016653,
3476,200,4,132.2,29.8,3.0,1e-06,100.0,120,center,center,True,405.3,3,nan,nan,19.803270947463407,
3409,200,4,132.2,29.8,3.0,1e-07,50.0,50,0.60,0.45,False,900.0,2,0.0014343297340026684,0.037872545913929107,29.497204212560845,vittima non trovata entro 15 minuti
3483,200,4,132.2,29.8,5.0,1e-08,50.0,25,0.45,0.55,True,165.0,3,0.607353842815965,0.779329097888668,67.38649231909018,
3414,200,4,132.2,29.8,3.0,1e-07,50.0,80,0.60,0.45,False,900.0,2,1.8290268814837258e-07,0.0004276712383927315,31.276904913201374,vittima non trovata entro 15 minuti
3484,200,4,132.2,29.8,5.0,1e-08,50.0,25,0.60,0.45,True,165.3,3,2.4687754548070466,1.571233736529052,65.05264784119355,
3404,200,4,132.2,29.8,3.0,1e-07,50.0,25,0.60,0.45,False,900.0,2,2.573176751562026e-07,0.0005072648964359771,29.08244605411142,vittima non trovata entro 15 minuti
3478,200,4,132.2,29.8,3.0,1e-06,100.0,120,0.45,0.55,True,371.5,3,nan,nan,2.59135797119464,
3402,200,4,132.2,29.8,3.0,1e-07,50.0,25,0.35,0.45,False,900.0,2,147.25417713595502,12.134833214179544,38.15407242366346,vittima non trovata entro 15 minuti
3485,200,4,132.2,29.8,5.0,1e-08,50.0,25,0.60,0.58,True,205.0,3,1.5528856802070552,1.2461483379626421,70.85105447369367,
3487,200,4,132.2,29.8,5.0,1e-08,50.0,50,0.35,0.45,True,164.70000000000002,3,19.507311728072604,4.416708245749611,65.86902393016653,
3424,200,4,132.2,29.8,3.0,1e-07,100.0,25,0.60,0.45,False,900.0,2,1.351345116711167e-06,0.0011624737058149603,25.682492973761875,vittima non trovata entro 15 minuti
3429,200,4,132.2,29.8,3.0,1e-07,100.0,50,0.60,0.45,False,900.0,2,0.0028325935840835736,0.053222115554378086,26.592908009663695,vittima non trovata entro 15 minuti
3488,200,4,132.2,29.8,5.0,1e-08,50.0,50,0.45,0.55,True,165.0,3,0.607353842815965,0.779329097888668,67.38649231909018,
3486,200,4,132.2,29.8,5.0,1e-08,50.0,50,center,center,True,243.4,3,345.10030039799597,18.576875420748127,71.97385871010214,
3489,200,4,132.2,29.8,5.0,1e-08,50.0,50,0.60,0.45,True,165.3,3,2.4687754548070466,1.571233736529052,65.05264784119355,
3492,200,4,132.2,29.8,5.0,1e-08,50.0,80,0.35,0.45,True,164.70000000000002,3,19.507311728072604,4.416708245749611,65.86902393016653,
3493,200,4,132.2,29.8,5.0,1e-08,50.0,80,0.45,0.55,True,165.0,3,0.607353842815965,0.779329097888668,67.38649231909018,
3490,200,4,132.2,29.8,5.0,1e-08,50.0,50,0.60,0.58,True,203.20000000000002,3,1.2506170181121594,1.1183098935948654,70.90712469125859,
3494,200,4,132.2,29.8,5.0,1e-08,50.0,80,0.60,0.45,True,165.3,3,2.4687754548070466,1.571233736529052,65.05264784119355,
3443,200,4,132.2,29.8,3.0,1e-06,50.0,25,0.45,0.55,False,900.0,2,0.0019064520713266194,0.0436629370442097,5.668116037312362,vittima non trovata entro 15 minuti
3451,200,4,132.2,29.8,3.0,1e-06,50.0,80,center,center,False,900.0,2,0.00035494246715690216,0.018839916856422223,13.078615279875596,vittima non trovata entro 15 minuti
3445,200,4,132.2,29.8,3.0,1e-06,50.0,25,0.60,0.58,False,900.0,2,0.005261458359895406,0.07253591082970838,9.405543619888705,vittima non trovata entro 15 minuti
3442,200,4,132.2,29.8,3.0,1e-06,50.0,25,0.35,0.45,False,900.0,2,0.0002360495601856492,0.01536390445771026,9.507575671308489,vittima non trovata entro 15 minuti
3491,200,4,132.2,29.8,5.0,1e-08,50.0,80,center,center,True,253.4,3,194.03140050420075,13.92951544398443,71.75202115317984,
3496,200,4,132.2,29.8,5.0,1e-08,50.0,120,center,center,True,152.6,3,3.293086096954178,1.8146862254820193,70.45003865238118,
3446,200,4,132.2,29.8,3.0,1e-06,50.0,50,center,center,False,900.0,2,0.0010368134742844558,0.032199588107372674,3.8696899422051874,vittima non trovata entro 15 minuti
3495,200,4,132.2,29.8,5.0,1e-08,50.0,80,0.60,0.58,True,205.10000000000002,3,1.250651529639263,1.1183253237047184,70.90708613798812,
3448,200,4,132.2,29.8,3.0,1e-06,50.0,50,0.45,0.55,False,900.0,2,0.00043353016746851226,0.020821387260903445,6.173572604816351,vittima non trovata entro 15 minuti
3497,200,4,132.2,29.8,5.0,1e-08,50.0,120,0.35,0.45,True,164.70000000000002,3,19.507311728072604,4.416708245749611,65.86902393016653,
3447,200,4,132.2,29.8,3.0,1e-06,50.0,50,0.35,0.45,False,900.0,2,0.005135496960348711,0.0716623817658101,1.8640624216253658,vittima non trovata entro 15 minuti
3498,200,4,132.2,29.8,5.0,1e-08,50.0,120,0.45,0.55,True,165.0,3,0.607353842815965,0.779329097888668,67.38649231909018,
3450,200,4,132.2,29.8,3.0,1e-06,50.0,50,0.60,0.58,False,900.0,2,0.005072009385639738,0.07121804115278473,11.864961233867563,vittima non trovata entro 15 minuti
3449,200,4,132.2,29.8,3.0,1e-06,50.0,50,0.60,0.45,False,900.0,2,0.00031768591854314585,0.017823745917823947,11.620075710004585,vittima non trovata entro 15 minuti
3503,200,4,132.2,29.8,5.0,1e-08,100.0,25,0.45,0.55,True,105.0,3,0.0031997702293841044,0.05656651155395836,74.92992795020089,
3499,200,4,132.2,29.8,5.0,1e-08,50.0,120,0.60,0.45,True,165.3,3,2.4687754548070466,1.571233736529052,65.05264784119355,
3505,200,4,132.2,29.8,5.0,1e-08,100.0,25,0.60,0.58,True,105.0,3,0.0,0.0,75.0925073552817,
3504,200,4,132.2,29.8,5.0,1e-08,100.0,25,0.60,0.45,True,118.60000000000001,3,0.0,0.0,75.0925073552817,
3461,200,4,132.2,29.8,3.0,1e-06,100.0,25,center,center,False,900.0,2,211.26958637280944,14.53511562983967,10.754864496590338,vittima non trovata entro 15 minuti
3506,200,4,132.2,29.8,5.0,1e-08,100.0,50,center,center,True,119.5,3,0.0,0.0,75.0925073552817,
3462,200,4,132.2,29.8,3.0,1e-06,100.0,25,0.35,0.45,False,900.0,1,875.5491563280013,29.58967989566635,26.666252176528353,vittima non trovata entro 15 minuti
3501,200,4,132.2,29.8,5.0,1e-08,100.0,25,center,center,True,183.8,3,0.0204938635315705,0.14315677955154796,74.91147256982654,
3464,200,4,132.2,29.8,3.0,1e-06,100.0,25,0.60,0.45,False,900.0,2,247.24379743699518,15.72398796225039,12.829783167175208,vittima non trovata entro 15 minuti
3509,200,4,132.2,29.8,5.0,1e-08,100.0,50,0.60,0.45,True,119.0,3,0.0,0.0,75.0925073552817,
3500,200,4,132.2,29.8,5.0,1e-08,50.0,120,0.60,0.58,True,205.10000000000002,3,1.250651529639263,1.1183253237047184,70.90708613798812,
3507,200,4,132.2,29.8,5.0,1e-08,100.0,50,0.35,0.45,True,132.8,3,2.5402356188204447e-07,0.0005040075018112771,66.92918111119187,
3508,200,4,132.2,29.8,5.0,1e-08,100.0,50,0.45,0.55,True,132.1,3,3.6179528960166225e-07,0.0006014942141048925,65.34432465684951,
3463,200,4,132.2,29.8,3.0,1e-06,100.0,25,0.45,0.55,False,900.0,2,230.8908739908758,15.195093747353972,12.9655299611079,vittima non trovata entro 15 minuti
3465,200,4,132.2,29.8,3.0,1e-06,100.0,25,0.60,0.58,False,900.0,1,38.803068862906116,6.229210934211983,4.374901380325319,vittima non trovata entro 15 minuti
3510,200,4,132.2,29.8,5.0,1e-08,100.0,50,0.60,0.58,True,119.2,3,4.0389678347315804e-28,2.0097183471152322e-14,73.7606408509687,
3466,200,4,132.2,29.8,3.0,1e-06,100.0,50,center,center,False,900.0,2,135.14269839940806,11.62508917812711,11.24164076585905,vittima non trovata entro 15 minuti
3514,200,4,132.2,29.8,5.0,1e-08,100.0,80,0.60,0.45,True,106.4,3,0.0,0.0,75.0925073552817,
3516,200,4,132.2,29.8,5.0,1e-08,100.0,120,center,center,True,104.9,3,2.0194839173657902e-28,1.4210854715202004e-14,74.62469434761084,
3512,200,4,132.2,29.8,5.0,1e-08,100.0,80,0.35,0.45,True,118.10000000000001,3,8.585782609687862e-08,0.00029301506121166983,65.8585782379465,
3502,200,4,132.2,29.8,5.0,1e-08,100.0,25,0.35,0.45,True,218.5,3,0.04699592147720046,0.21678542727130085,74.54953876019623,
3473,200,4,132.2,29.8,3.0,1e-06,100.0,80,0.45,0.55,False,900.0,2,nan,nan,2.1978891394255937,vittima non trovata entro 15 minuti
3513,200,4,132.2,29.8,5.0,1e-08,100.0,80,0.45,0.55,True,132.1,3,2.0216356619701285e-07,0.00044962602926989543,63.451695986790654,
3517,200,4,132.2,29.8,5.0,1e-08,100.0,120,0.35,0.45,True,118.7,3,4.3336507495082455e-07,0.0006583046976521013,73.82602846871785,
3518,200,4,132.2,29.8,5.0,1e-08,100.0,120,0.45,0.55,True,118.9,3,0.0,0.0,75.0925073552817,
3468,200,4,132.2,29.8,3.0,1e-06,100.0,50,0.45,0.55,False,900.0,2,308.09708322288606,17.552694471872005,15.540147133663408,vittima non trovata entro 15 minuti
3520,200,4,132.2,29.8,5.0,1e-08,100.0,120,0.60,0.58,True,119.4,3,0.0,0.0,75.0925073552817,
3469,200,4,132.2,29.8,3.0,1e-06,100.0,50,0.60,0.45,False,900.0,2,300.2821244540286,17.32865039332344,14.984140948942128,vittima non trovata entro 15 minuti
3470,200,4,132.2,29.8,3.0,1e-06,100.0,50,0.60,0.58,False,900.0,1,189.35328739684692,13.760570024415664,13.259459962029045,vittima non trovata entro 15 minuti
3467,200,4,132.2,29.8,3.0,1e-06,100.0,50,0.35,0.45,False,900.0,2,218.108813856169,14.7685075026615,14.168196060070361,vittima non trovata entro 15 minuti
3511,200,4,132.2,29.8,5.0,1e-08,100.0,80,center,center,True,203.5,3,0.005952980428635502,0.07715555993339367,74.7694584770376,
3515,200,4,132.2,29.8,5.0,1e-08,100.0,80,0.60,0.58,True,196.5,3,1.800185344057915,1.3417098583739762,73.2552899421786,
3531,200,4,132.2,29.8,5.0,1e-07,50.0,80,center,center,True,143.5,3,3.6365392344339494e-08,0.0001906971220137826,30.0412051694515,
3535,200,4,132.2,29.8,5.0,1e-07,50.0,80,0.60,0.58,True,135.3,3,3.282944739506893e-08,0.00018118898254327974,29.41610496867924,
3532,200,4,132.2,29.8,5.0,1e-07,50.0,80,0.35,0.45,True,161.20000000000002,3,6.999778603057734e-07,0.0008366467954314851,31.326459197893623,
3528,200,4,132.2,29.8,5.0,1e-07,50.0,50,0.45,0.55,True,164.9,3,1.3297259359513788e-06,0.0011531374315108234,33.93235122084609,
3527,200,4,132.2,29.8,5.0,1e-07,50.0,50,0.35,0.45,True,172.5,3,1.4173672910217673e-06,0.0011905323561423131,40.37133348060401,
3519,200,4,132.2,29.8,5.0,1e-08,100.0,120,0.60,0.45,True,206.20000000000002,3,8.677205148351128,2.945709617112849,73.8388526773573,
3534,200,4,132.2,29.8,5.0,1e-07,50.0,80,0.60,0.45,True,162.70000000000002,3,0.0007306948030434384,0.027031367021359436,29.40696728370123,
3533,200,4,132.2,29.8,5.0,1e-07,50.0,80,0.45,0.55,True,164.0,3,1.1903157726517407e-06,0.0010910159360209826,33.42196005642089,
3521,200,4,132.2,29.8,5.0,1e-07,50.0,25,center,center,True,212.20000000000002,3,211.2394173585294,14.53407779525517,35.569837509709586,
3536,200,4,132.2,29.8,5.0,1e-07,50.0,120,center,center,True,159.9,3,8.163439445049019e-08,0.0002857173331292489,29.383829345675178,
3526,200,4,132.2,29.8,5.0,1e-07,50.0,50,center,center,True,187.0,3,1118.7680495409186,33.44799021676666,38.77035096950437,
3537,200,4,132.2,29.8,5.0,1e-07,50.0,120,0.35,0.45,True,147.9,3,1252.8217270603495,35.39522181114775,43.071312832956586,
3539,200,4,132.2,29.8,5.0,1e-07,50.0,120,0.60,0.45,True,155.9,3,953.350016009706,30.876366625782023,38.38228707345456,
3530,200,4,132.2,29.8,5.0,1e-07,50.0,50,0.60,0.58,True,185.5,3,256.87566123134945,16.027341053067705,34.13174971231816,
3538,200,4,132.2,29.8,5.0,1e-07,50.0,120,0.45,0.55,True,159.20000000000002,3,960.7849525722198,30.996531299037635,41.38554080327011,
3540,200,4,132.2,29.8,5.0,1e-07,50.0,120,0.60,0.58,True,164.9,3,496.3559765151819,22.27904792658748,39.65601337274825,
3523,200,4,132.2,29.8,5.0,1e-07,50.0,25,0.45,0.55,True,216.70000000000002,3,303.58756832027393,17.423764470408624,35.19566277798131,
3525,200,4,132.2,29.8,5.0,1e-07,50.0,25,0.60,0.58,True,236.3,3,45.34564017546018,6.7339171494354,33.628855921294836,
3546,200,4,132.2,29.8,5.0,1e-07,100.0,50,center,center,True,163.0,3,8.618524894577718e-07,0.0009283601076402259,24.398951907250574,
3548,200,4,132.2,29.8,5.0,1e-07,100.0,50,0.45,0.55,True,167.60000000000002,3,2.8567374576161258e-06,0.001690188586405708,27.44198381755107,
3547,200,4,132.2,29.8,5.0,1e-07,100.0,50,0.35,0.45,True,170.8,3,0.005620682664463028,0.07497121223818531,28.204263366417234,
3541,200,4,132.2,29.8,5.0,1e-07,100.0,25,center,center,True,210.10000000000002,3,36.117710630135896,6.009801213861894,29.05899109121458,
3553,200,4,132.2,29.8,5.0,1e-07,100.0,80,0.45,0.55,True,135.20000000000002,3,3.801717891311981e-06,0.0019497994489977631,30.282434257497847,
3554,200,4,132.2,29.8,5.0,1e-07,100.0,80,0.60,0.45,True,139.3,3,0.0015130217619918234,0.038897580413077414,27.91062950296476,
3551,200,4,132.2,29.8,5.0,1e-07,100.0,80,center,center,True,165.4,3,4.709127295157481e-08,0.00021700523715241255,26.563542567159228,
3556,200,4,132.2,29.8,5.0,1e-07,100.0,120,center,center,True,139.0,3,4.232981946669562e-06,0.0020574211884467316,25.140788980801457,
3545,200,4,132.2,29.8,5.0,1e-07,100.0,25,0.60,0.58,True,220.10000000000002,3,208.66979865915238,14.445407528316824,34.51879791063217,
3559,200,4,132.2,29.8,5.0,1e-07,100.0,120,0.60,0.45,True,134.0,3,0.004009631973407075,0.06332165485366816,23.838120498589102,
3552,200,4,132.2,29.8,5.0,1e-07,100.0,80,0.35,0.45,True,166.8,3,0.00014846712308200298,0.012184708575998154,30.201335004363575,
3543,200,4,132.2,29.8,5.0,1e-07,100.0,25,0.45,0.55,True,222.9,3,45.88781951179984,6.774054879597585,30.729200986702363,
3542,200,4,132.2,29.8,5.0,1e-07,100.0,25,0.35,0.45,True,233.9,3,6.270256392269563,2.504048001191184,29.42652996677767,
3560,200,4,132.2,29.8,5.0,1e-07,100.0,120,0.60,0.58,True,141.1,3,9.185829141202858e-06,0.0030308132804913695,25.085619023447403,
3550,200,4,132.2,29.8,5.0,1e-07,100.0,50,0.60,0.58,True,199.70000000000002,3,15.109023670310176,3.887032759099179,29.492196660218674,
3557,200,4,132.2,29.8,5.0,1e-07,100.0,120,0.35,0.45,True,157.8,3,5.797800556874644e-06,0.0024078622379352693,30.168659333250922,
3555,200,4,132.2,29.8,5.0,1e-07,100.0,80,0.60,0.58,True,167.10000000000002,3,0.0002069431639500198,0.01438551924506098,29.899835273739743,
3558,200,4,132.2,29.8,5.0,1e-07,100.0,120,0.45,0.55,True,168.0,3,6.345032736022875e-07,0.0007965571376883691,33.247698495068356,
3573,200,4,132.2,29.8,5.0,1e-06,50.0,80,0.45,0.55,True,138.20000000000002,3,0.0006299646499338057,0.02509909659596946,10.026953495245293,
3572,200,4,132.2,29.8,5.0,1e-06,50.0,80,0.35,0.45,True,153.5,3,0.004885023501609041,0.06989294314599323,1.2155807785543418,
3574,200,4,132.2,29.8,5.0,1e-06,50.0,80,0.60,0.45,True,140.20000000000002,3,0.0006514139357888795,0.025522812066637163,12.535681973061157,
3562,200,4,132.2,29.8,5.0,1e-06,50.0,25,0.35,0.45,True,227.3,3,93.22723992786833,9.655425414132115,15.835119115356976,
3576,200,4,132.2,29.8,5.0,1e-06,50.0,120,center,center,True,133.8,3,0.0005990661784138558,0.024475828452043373,9.862033900737135,
3575,200,4,132.2,29.8,5.0,1e-06,50.0,80,0.60,0.58,True,140.70000000000002,3,0.005338699325314269,0.073066403533459,10.987900009093249,
3578,200,4,132.2,29.8,5.0,1e-06,50.0,120,0.45,0.55,True,135.9,3,0.0005505986886446733,0.023464839412292455,8.455600219833626,
3577,200,4,132.2,29.8,5.0,1e-06,50.0,120,0.35,0.45,True,141.6,3,0.00543745048990969,0.07373907030814594,12.332755372728107,
3580,200,4,132.2,29.8,5.0,1e-06,50.0,120,0.60,0.58,True,136.20000000000002,3,0.0046612094622094325,0.068273050775613,10.612723429578661,
3579,200,4,132.2,29.8,5.0,1e-06,50.0,120,0.60,0.45,True,147.5,3,0.0002834316994760772,0.016835429886880738,11.296230903696504,
3583,200,4,132.2,29.8,5.0,1e-06,100.0,25,0.45,0.55,True,164.3,3,nan,nan,2.6211847006965336,
3592,200,4,132.2,29.8,5.0,1e-06,100.0,80,0.35,0.45,True,156.70000000000002,3,nan,nan,0.6101364388586774,
3595,200,4,132.2,29.8,5.0,1e-06,100.0,80,0.60,0.58,True,153.8,3,nan,nan,5.71665894615431,
3591,200,4,132.2,29.8,5.0,1e-06,100.0,80,center,center,True,170.9,3,nan,nan,7.920320624374658,
3594,200,4,132.2,29.8,5.0,1e-06,100.0,80,0.60,0.45,True,159.9,3,nan,nan,1.8356182536036012,
3597,200,4,132.2,29.8,5.0,1e-06,100.0,120,0.35,0.45,True,141.4,3,nan,nan,12.81727835521928,
3598,200,4,132.2,29.8,5.0,1e-06,100.0,120,0.45,0.55,True,155.60000000000002,3,nan,nan,2.1091933375374716,
3596,200,4,132.2,29.8,5.0,1e-06,100.0,120,center,center,True,252.8,3,nan,nan,19.412035608824784,
3601,200,5,83.4,31.6,1.0,1e-08,50.0,25,center,center,True,80.5,3,0.0,0.0,64.43642973326249,
3602,200,5,83.4,31.6,1.0,1e-08,50.0,25,0.35,0.45,True,80.5,3,0.0,0.0,64.43642973326249,
3599,200,4,132.2,29.8,5.0,1e-06,100.0,120,0.60,0.45,True,151.0,3,600.6482408467067,24.508126016623685,22.809832951721553,
3603,200,5,83.4,31.6,1.0,1e-08,50.0,25,0.45,0.55,True,80.4,3,0.0,0.0,64.43642973326249,
3600,200,4,132.2,29.8,5.0,1e-06,100.0,120,0.60,0.58,True,153.8,3,565.3810759471468,23.777743289621636,28.68694046099357,
3604,200,5,83.4,31.6,1.0,1e-08,50.0,25,0.60,0.45,True,80.9,3,0.0,0.0,64.43642973326249,
3605,200,5,83.4,31.6,1.0,1e-08,50.0,25,0.60,0.58,True,80.4,3,0.0,0.0,64.43642973326249,
3606,200,5,83.4,31.6,1.0,1e-08,50.0,50,center,center,True,80.5,3,0.0,0.0,64.43642973326249,
3607,200,5,83.4,31.6,1.0,1e-08,50.0,50,0.35,0.45,True,80.5,3,0.0,0.0,64.43642973326249,
3608,200,5,83.4,31.6,1.0,1e-08,50.0,50,0.45,0.55,True,80.4,3,0.0,0.0,64.43642973326249,
3609,200,5,83.4,31.6,1.0,1e-08,50.0,50,0.60,0.45,True,80.9,3,0.0,0.0,64.43642973326249,
3610,200,5,83.4,31.6,1.0,1e-08,50.0,50,0.60,0.58,True,80.4,3,0.0,0.0,64.43642973326249,
3611,200,5,83.4,31.6,1.0,1e-08,50.0,80,center,center,True,80.5,3,0.0,0.0,64.43642973326249,
3529,200,4,132.2,29.8,5.0,1e-07,50.0,50,0.60,0.45,False,900.0,2,1105.2871848601417,33.24585966492883,37.3603688667992,vittima non trovata entro 15 minuti
3612,200,5,83.4,31.6,1.0,1e-08,50.0,80,0.35,0.45,True,80.5,3,0.0,0.0,64.43642973326249,
3613,200,5,83.4,31.6,1.0,1e-08,50.0,80,0.45,0.55,True,80.4,3,0.0,0.0,64.43642973326249,
3614,200,5,83.4,31.6,1.0,1e-08,50.0,80,0.60,0.45,True,80.9,3,0.0,0.0,64.43642973326249,
3615,200,5,83.4,31.6,1.0,1e-08,50.0,80,0.60,0.58,True,80.4,3,0.0,0.0,64.43642973326249,
3616,200,5,83.4,31.6,1.0,1e-08,50.0,120,center,center,True,80.5,3,0.0,0.0,64.43642973326249,
3617,200,5,83.4,31.6,1.0,1e-08,50.0,120,0.35,0.45,True,80.5,3,0.0,0.0,64.43642973326249,
3524,200,4,132.2,29.8,5.0,1e-07,50.0,25,0.60,0.45,False,900.0,2,3.3630127707505578e-06,0.0018338518944425576,29.775660282318793,vittima non trovata entro 15 minuti
3618,200,5,83.4,31.6,1.0,1e-08,50.0,120,0.45,0.55,True,80.4,3,0.0,0.0,64.43642973326249,
3522,200,4,132.2,29.8,5.0,1e-07,50.0,25,0.35,0.45,False,900.0,2,147.07077981591334,12.127274212118458,38.35772261578502,vittima non trovata entro 15 minuti
3619,200,5,83.4,31.6,1.0,1e-08,50.0,120,0.60,0.45,True,80.9,3,0.0,0.0,64.43642973326249,
3549,200,4,132.2,29.8,5.0,1e-07,100.0,50,0.60,0.45,False,900.0,2,5.978109703237572e-06,0.002445017321664117,26.876943310323355,vittima non trovata entro 15 minuti
3620,200,5,83.4,31.6,1.0,1e-08,50.0,120,0.60,0.58,True,80.4,3,0.0,0.0,64.43642973326249,
3621,200,5,83.4,31.6,1.0,1e-08,100.0,25,center,center,True,80.5,3,0.0,0.0,64.43642973326249,
3544,200,4,132.2,29.8,5.0,1e-07,100.0,25,0.60,0.45,False,900.0,2,4.4052221493793484e-08,0.00020988621082337325,26.024915061594253,vittima non trovata entro 15 minuti
3622,200,5,83.4,31.6,1.0,1e-08,100.0,25,0.35,0.45,True,80.5,3,0.0,0.0,64.43642973326249,
3623,200,5,83.4,31.6,1.0,1e-08,100.0,25,0.45,0.55,True,80.4,3,0.0,0.0,64.43642973326249,
3625,200,5,83.4,31.6,1.0,1e-08,100.0,25,0.60,0.58,True,80.4,3,0.0,0.0,64.43642973326249,
3624,200,5,83.4,31.6,1.0,1e-08,100.0,25,0.60,0.45,True,80.9,3,0.0,0.0,64.43642973326249,
3626,200,5,83.4,31.6,1.0,1e-08,100.0,50,center,center,True,80.5,3,0.0,0.0,64.43642973326249,
3561,200,4,132.2,29.8,5.0,1e-06,50.0,25,center,center,False,900.0,2,0.00019776788562515072,0.014062997035666,14.126833596545575,vittima non trovata entro 15 minuti
3627,200,5,83.4,31.6,1.0,1e-08,100.0,50,0.35,0.45,True,80.5,3,0.0,0.0,64.43642973326249,
3628,200,5,83.4,31.6,1.0,1e-08,100.0,50,0.45,0.55,True,80.4,3,0.0,0.0,64.43642973326249,
3629,200,5,83.4,31.6,1.0,1e-08,100.0,50,0.60,0.45,True,80.9,3,0.0,0.0,64.43642973326249,
3563,200,4,132.2,29.8,5.0,1e-06,50.0,25,0.45,0.55,False,900.0,2,0.0006835266091859639,0.026144341819712424,5.4545565156812215,vittima non trovata entro 15 minuti
3630,200,5,83.4,31.6,1.0,1e-08,100.0,50,0.60,0.58,True,80.4,3,0.0,0.0,64.43642973326249,
3566,200,4,132.2,29.8,5.0,1e-06,50.0,50,center,center,False,900.0,2,0.00198019381729748,0.04449936872920199,2.454335178442482,vittima non trovata entro 15 minuti
3631,200,5,83.4,31.6,1.0,1e-08,100.0,80,center,center,True,80.5,3,0.0,0.0,64.43642973326249,
3567,200,4,132.2,29.8,5.0,1e-06,50.0,50,0.35,0.45,False,900.0,2,0.005172014274412985,0.07191671762819118,2.221125821934428,vittima non trovata entro 15 minuti
3564,200,4,132.2,29.8,5.0,1e-06,50.0,25,0.60,0.45,False,900.0,2,0.00044010301850469274,0.020978632426940817,12.713471705788654,vittima non trovata entro 15 minuti
3565,200,4,132.2,29.8,5.0,1e-06,50.0,25,0.60,0.58,False,900.0,2,0.005267050431421413,0.0725744475102733,9.598816851710984,vittima non trovata entro 15 minuti
3632,200,5,83.4,31.6,1.0,1e-08,100.0,80,0.35,0.45,True,80.5,3,0.0,0.0,64.43642973326249,
3633,200,5,83.4,31.6,1.0,1e-08,100.0,80,0.45,0.55,True,80.4,3,0.0,0.0,64.43642973326249,
3634,200,5,83.4,31.6,1.0,1e-08,100.0,80,0.60,0.45,True,80.9,3,0.0,0.0,64.43642973326249,
3635,200,5,83.4,31.6,1.0,1e-08,100.0,80,0.60,0.58,True,80.4,3,0.0,0.0,64.43642973326249,
3636,200,5,83.4,31.6,1.0,1e-08,100.0,120,center,center,True,80.5,3,0.0,0.0,64.43642973326249,
3639,200,5,83.4,31.6,1.0,1e-08,100.0,120,0.60,0.45,True,80.9,3,0.0,0.0,64.43642973326249,
3637,200,5,83.4,31.6,1.0,1e-08,100.0,120,0.35,0.45,True,80.5,3,0.0,0.0,64.43642973326249,
3638,200,5,83.4,31.6,1.0,1e-08,100.0,120,0.45,0.55,True,80.4,3,0.0,0.0,64.43642973326249,
3571,200,4,132.2,29.8,5.0,1e-06,50.0,80,center,center,False,900.0,2,0.000375594548691095,0.01938026183236684,13.078372385102554,vittima non trovata entro 15 minuti
3569,200,4,132.2,29.8,5.0,1e-06,50.0,50,0.60,0.45,False,900.0,2,0.0002934434275851191,0.017130190529737816,12.039035871214553,vittima non trovata entro 15 minuti
3570,200,4,132.2,29.8,5.0,1e-06,50.0,50,0.60,0.58,False,900.0,2,0.0053556748949349885,0.07318247669309223,12.108053398590675,vittima non trovata entro 15 minuti
3640,200,5,83.4,31.6,1.0,1e-08,100.0,120,0.60,0.58,True,80.4,3,0.0,0.0,64.43642973326249,
3568,200,4,132.2,29.8,5.0,1e-06,50.0,50,0.45,0.55,False,900.0,2,0.0006692576399433769,0.0258700143011823,6.296416023196432,vittima non trovata entro 15 minuti
3641,200,5,83.4,31.6,1.0,1e-07,50.0,25,center,center,True,81.60000000000001,3,0.07561408572166185,0.2749801551415335,15.244869967578099,
3581,200,4,132.2,29.8,5.0,1e-06,100.0,25,center,center,False,900.0,2,175.06032569507119,13.231036455813701,11.172667433447385,vittima non trovata entro 15 minuti
3642,200,5,83.4,31.6,1.0,1e-07,50.0,25,0.35,0.45,True,93.9,3,0.2476977384883306,0.49769241353302807,12.72408916893021,
3582,200,4,132.2,29.8,5.0,1e-06,100.0,25,0.35,0.45,False,900.0,1,792.4703018319844,28.150849042826124,27.071395044142562,vittima non trovata entro 15 minuti
3584,200,4,132.2,29.8,5.0,1e-06,100.0,25,0.60,0.45,False,900.0,2,229.4208377676792,15.146644439204321,12.48600058531331,vittima non trovata entro 15 minuti
3585,200,4,132.2,29.8,5.0,1e-06,100.0,25,0.60,0.58,False,900.0,1,39.247117164825156,6.264751963551722,4.865302469238707,vittima non trovata entro 15 minuti
3586,200,4,132.2,29.8,5.0,1e-06,100.0,50,center,center,False,900.0,2,124.45449323791911,11.155917409066774,12.262981509335217,vittima non trovata entro 15 minuti
3587,200,4,132.2,29.8,5.0,1e-06,100.0,50,0.35,0.45,False,900.0,2,123.89537181609637,11.130829790096351,11.40839102341459,vittima non trovata entro 15 minuti
3647,200,5,83.4,31.6,1.0,1e-07,50.0,50,0.35,0.45,True,94.80000000000001,3,0.00801037077703226,0.08950067472948045,12.883091148447491,
3644,200,5,83.4,31.6,1.0,1e-07,50.0,25,0.60,0.45,True,95.10000000000001,3,0.04275629571190974,0.20677595535242907,13.395022640651113,
3646,200,5,83.4,31.6,1.0,1e-07,50.0,50,center,center,True,94.10000000000001,3,0.0470691166694163,0.21695418103695605,11.558928760769891,
3643,200,5,83.4,31.6,1.0,1e-07,50.0,25,0.45,0.55,True,108.2,3,0.10664621800212781,0.32656732537430594,15.208744864502291,
3649,200,5,83.4,31.6,1.0,1e-07,50.0,50,0.60,0.45,True,95.7,3,15.31290960613374,3.9131712978265774,12.628560585447433,
3650,200,5,83.4,31.6,1.0,1e-07,50.0,50,0.60,0.58,True,95.10000000000001,3,0.0006265102439376028,0.025030186654070377,15.467477672087435,
3651,200,5,83.4,31.6,1.0,1e-07,50.0,80,center,center,True,96.2,3,0.013496210470582313,0.11617319170351786,15.019155016892224,
3656,200,5,83.4,31.6,1.0,1e-07,50.0,120,center,center,True,82.4,3,0.2658641551339194,0.5156201655617432,17.342419260830926,
3652,200,5,83.4,31.6,1.0,1e-07,50.0,80,0.35,0.45,True,95.10000000000001,3,0.09169984866424995,0.3028198287170937,17.214894478538312,
3648,200,5,83.4,31.6,1.0,1e-07,50.0,50,0.45,0.55,True,109.4,3,0.0004370950019149739,0.02090681711583506,12.938772745759916,
3645,200,5,83.4,31.6,1.0,1e-07,50.0,25,0.60,0.58,True,109.4,3,0.0008861045083513918,0.029767507593874764,16.220349744139266,
3653,200,5,83.4,31.6,1.0,1e-07,50.0,80,0.45,0.55,True,95.4,3,0.061007018232729054,0.24699598829278394,15.996533468777711,
3654,200,5,83.4,31.6,1.0,1e-07,50.0,80,0.60,0.45,True,95.10000000000001,3,0.16039227111505586,0.4004900387213843,13.214197870487398,
3655,200,5,83.4,31.6,1.0,1e-07,50.0,80,0.60,0.58,True,94.5,3,0.07815784194451217,0.27956724047089665,13.20616314498195,
3593,200,4,132.2,29.8,5.0,1e-06,100.0,80,0.45,0.55,False,900.0,2,nan,nan,1.1042252903726872,vittima non trovata entro 15 minuti
3661,200,5,83.4,31.6,1.0,1e-07,100.0,25,center,center,True,83.7,3,0.05424796255381576,0.2329119201625708,10.678303648005834,
3657,200,5,83.4,31.6,1.0,1e-07,50.0,120,0.35,0.45,True,93.9,4,0.032729423860937135,0.18091275206833027,13.818986659413662,
3658,200,5,83.4,31.6,1.0,1e-07,50.0,120,0.45,0.55,True,94.2,4,0.014539755971093925,0.12058091047547255,13.766848938509192,
3659,200,5,83.4,31.6,1.0,1e-07,50.0,120,0.60,0.45,True,94.80000000000001,3,0.07869079176393189,0.28051879039367733,17.156096853259914,
3660,200,5,83.4,31.6,1.0,1e-07,50.0,120,0.60,0.58,True,94.0,3,24.59904527061932,4.959742460110133,14.888238679946328,
3588,200,4,132.2,29.8,5.0,1e-06,100.0,50,0.45,0.55,False,900.0,2,293.9136204765214,17.143909136381975,15.877795393357879,vittima non trovata entro 15 minuti
3589,200,4,132.2,29.8,5.0,1e-06,100.0,50,0.60,0.45,False,900.0,2,241.30289838533034,15.533927332948688,13.493668051392595,vittima non trovata entro 15 minuti
3590,200,4,132.2,29.8,5.0,1e-06,100.0,50,0.60,0.58,False,900.0,1,139.29588159074316,11.80236762648678,12.632711756089813,vittima non trovata entro 15 minuti
3662,200,5,83.4,31.6,1.0,1e-07,100.0,25,0.35,0.45,True,100.0,3,0.4581511202706943,0.6768686137432391,11.73119621546799,
3663,200,5,83.4,31.6,1.0,1e-07,100.0,25,0.45,0.55,True,96.5,3,0.23077271675634076,0.4803880897319799,11.844914948378953,
3664,200,5,83.4,31.6,1.0,1e-07,100.0,25,0.60,0.45,True,86.80000000000001,3,3.225688188076775,1.7960200967908948,16.457297104885868,
3666,200,5,83.4,31.6,1.0,1e-07,100.0,50,center,center,True,87.30000000000001,3,2.852688453531268,1.688990365138673,10.969294581402222,
3667,200,5,83.4,31.6,1.0,1e-07,100.0,50,0.35,0.45,True,86.2,3,1.1103781571226141,1.0537448254310027,11.723405205917748,
3668,200,5,83.4,31.6,1.0,1e-07,100.0,50,0.45,0.55,True,85.5,3,0.927580208066355,0.9631096552658762,12.712044975333173,
3670,200,5,83.4,31.6,1.0,1e-07,100.0,50,0.60,0.58,True,82.80000000000001,3,0.20844158796239842,0.4565540361911155,11.783637024199669,
3665,200,5,83.4,31.6,1.0,1e-07,100.0,25,0.60,0.58,True,96.4,3,0.4315349424639702,0.6569131924873866,11.812065312580584,
3671,200,5,83.4,31.6,1.0,1e-07,100.0,80,center,center,True,86.2,3,4.276438462400766,2.0679551403260095,11.297828307968954,
3669,200,5,83.4,31.6,1.0,1e-07,100.0,50,0.60,0.45,True,88.0,3,74.10693242237579,8.608538344131121,15.567406124286025,
3673,200,5,83.4,31.6,1.0,1e-07,100.0,80,0.45,0.55,True,87.10000000000001,3,3.1777695155859442,1.7826299435345363,12.102120602022534,
3675,200,5,83.4,31.6,1.0,1e-07,100.0,80,0.60,0.58,True,85.2,3,0.474404986110265,0.6887706338907496,12.407842803781486,
3672,200,5,83.4,31.6,1.0,1e-07,100.0,80,0.35,0.45,True,86.2,3,0.5883320133356684,0.7670280394716144,12.920033961210047,
3674,200,5,83.4,31.6,1.0,1e-07,100.0,80,0.60,0.45,True,90.2,3,92.44757872852983,9.614966392480518,15.968513304094383,
3676,200,5,83.4,31.6,1.0,1e-07,100.0,120,center,center,True,86.60000000000001,3,0.971757734514471,0.985777730786444,13.187373484755943,
3679,200,5,83.4,31.6,1.0,1e-07,100.0,120,0.60,0.45,True,83.2,3,2.0834199395441906,1.4434056739337664,14.155972872174567,
3677,200,5,83.4,31.6,1.0,1e-07,100.0,120,0.35,0.45,True,86.60000000000001,3,1.7065948373299886,1.306367037753934,12.958959068064544,
3689,200,5,83.4,31.6,1.0,1e-06,50.0,50,0.60,0.45,True,84.7,3,nan,nan,4.684071547486276,
3680,200,5,83.4,31.6,1.0,1e-07,100.0,120,0.60,0.58,True,95.60000000000001,3,0.04389109980732932,0.20950202816996621,11.835150879014199,
3678,200,5,83.4,31.6,1.0,1e-07,100.0,120,0.45,0.55,True,97.10000000000001,3,0.3120108037890604,0.5585792726095915,11.692625210969018,
3696,200,5,83.4,31.6,1.0,1e-06,50.0,120,center,center,True,100.30000000000001,3,nan,nan,2.776306619811976,
3699,200,5,83.4,31.6,1.0,1e-06,50.0,120,0.60,0.45,True,86.2,3,nan,nan,4.393072734444074,
3702,200,5,83.4,31.6,1.0,1e-06,100.0,25,0.35,0.45,True,82.4,3,nan,nan,0.35418778470871054,
3703,200,5,83.4,31.6,1.0,1e-06,100.0,25,0.45,0.55,True,84.5,3,nan,nan,0.8238187526446648,
3691,200,5,83.4,31.6,1.0,1e-06,50.0,80,center,center,True,135.1,3,nan,nan,2.7987747466994586,
3704,200,5,83.4,31.6,1.0,1e-06,100.0,25,0.60,0.45,True,83.9,3,nan,nan,4.290996995426609,
3692,200,5,83.4,31.6,1.0,1e-06,50.0,80,0.35,0.45,True,131.5,3,nan,nan,1.0450779975591575,
3701,200,5,83.4,31.6,1.0,1e-06,100.0,25,center,center,True,89.7,3,nan,nan,2.074600451164891,
3707,200,5,83.4,31.6,1.0,1e-06,100.0,50,0.35,0.45,True,84.4,3,nan,nan,0.10534965123081519,
3697,200,5,83.4,31.6,1.0,1e-06,50.0,120,0.35,0.45,True,107.2,3,nan,nan,0.9582197030153945,
3698,200,5,83.4,31.6,1.0,1e-06,50.0,120,0.45,0.55,True,106.30000000000001,3,nan,nan,1.5232725951568244,
3693,200,5,83.4,31.6,1.0,1e-06,50.0,80,0.45,0.55,True,131.9,3,nan,nan,1.5657663487869562,
3708,200,5,83.4,31.6,1.0,1e-06,100.0,50,0.45,0.55,True,86.10000000000001,3,nan,nan,0.8243292552864965,
3706,200,5,83.4,31.6,1.0,1e-06,100.0,50,center,center,True,87.2,3,nan,nan,2.471410173146953,
3681,200,5,83.4,31.6,1.0,1e-06,50.0,25,center,center,True,164.9,3,0.0026633643355022715,0.05160779336013381,8.504265855926675,
3705,200,5,83.4,31.6,1.0,1e-06,100.0,25,0.60,0.58,True,92.9,3,nan,nan,0.85138997942078,
3709,200,5,83.4,31.6,1.0,1e-06,100.0,50,0.60,0.45,True,84.80000000000001,3,nan,nan,4.831291163726316,
3700,200,5,83.4,31.6,1.0,1e-06,50.0,120,0.60,0.58,True,109.10000000000001,3,nan,nan,0.9144121930755905,
3710,200,5,83.4,31.6,1.0,1e-06,100.0,50,0.60,0.58,True,86.2,3,nan,nan,1.2461648575766056,
3694,200,5,83.4,31.6,1.0,1e-06,50.0,80,0.60,0.45,True,136.8,3,nan,nan,4.304715088657183,
3695,200,5,83.4,31.6,1.0,1e-06,50.0,80,0.60,0.58,True,138.6,3,nan,nan,0.9997367115190932,
3711,200,5,83.4,31.6,1.0,1e-06,100.0,80,center,center,True,87.2,3,nan,nan,2.5408351144158834,
3712,200,5,83.4,31.6,1.0,1e-06,100.0,80,0.35,0.45,True,86.10000000000001,3,nan,nan,0.3027409054497887,
3713,200,5,83.4,31.6,1.0,1e-06,100.0,80,0.45,0.55,True,87.0,3,nan,nan,0.796734675858514,
3690,200,5,83.4,31.6,1.0,1e-06,50.0,50,0.60,0.58,True,181.60000000000002,3,178.02277937602895,13.342517730024905,10.984801641654737,
3714,200,5,83.4,31.6,1.0,1e-06,100.0,80,0.60,0.45,True,85.9,3,nan,nan,4.742131827949141,
3716,200,5,83.4,31.6,1.0,1e-06,100.0,120,center,center,True,88.4,3,nan,nan,2.2821906333128656,
3715,200,5,83.4,31.6,1.0,1e-06,100.0,80,0.60,0.58,True,89.10000000000001,3,nan,nan,0.6045521658927829,
3717,200,5,83.4,31.6,1.0,1e-06,100.0,120,0.35,0.45,True,85.30000000000001,3,nan,nan,0.41461979040517016,
3719,200,5,83.4,31.6,1.0,1e-06,100.0,120,0.60,0.45,True,85.60000000000001,3,nan,nan,4.35319227656517,
3718,200,5,83.4,31.6,1.0,1e-06,100.0,120,0.45,0.55,True,85.9,3,nan,nan,1.132098346616532,
3720,200,5,83.4,31.6,1.0,1e-06,100.0,120,0.60,0.58,True,87.4,3,nan,nan,0.3788629963363614,
3721,200,5,83.4,31.6,3.0,1e-08,50.0,25,center,center,True,80.4,3,0.0,0.0,64.43642973326249,
3722,200,5,83.4,31.6,3.0,1e-08,50.0,25,0.35,0.45,True,80.5,3,0.0,0.0,64.43642973326249,
3726,200,5,83.4,31.6,3.0,1e-08,50.0,50,center,center,True,80.5,3,0.0,0.0,64.43642973326249,
3723,200,5,83.4,31.6,3.0,1e-08,50.0,25,0.45,0.55,True,80.5,3,0.0,0.0,64.43642973326249,
3725,200,5,83.4,31.6,3.0,1e-08,50.0,25,0.60,0.58,True,80.4,4,0.0,0.0,64.43642973326249,
3724,200,5,83.4,31.6,3.0,1e-08,50.0,25,0.60,0.45,True,80.7,3,0.0,0.0,64.43642973326249,
3727,200,5,83.4,31.6,3.0,1e-08,50.0,50,0.35,0.45,True,80.5,3,0.0,0.0,64.43642973326249,
3731,200,5,83.4,31.6,3.0,1e-08,50.0,80,center,center,True,80.5,3,0.0,0.0,64.43642973326249,
3730,200,5,83.4,31.6,3.0,1e-08,50.0,50,0.60,0.58,True,80.4,4,0.0,0.0,64.43642973326249,
3728,200,5,83.4,31.6,3.0,1e-08,50.0,50,0.45,0.55,True,80.5,3,0.0,0.0,64.43642973326249,
3729,200,5,83.4,31.6,3.0,1e-08,50.0,50,0.60,0.45,True,80.7,3,0.0,0.0,64.43642973326249,
3732,200,5,83.4,31.6,3.0,1e-08,50.0,80,0.35,0.45,True,80.5,3,0.0,0.0,64.43642973326249,
3733,200,5,83.4,31.6,3.0,1e-08,50.0,80,0.45,0.55,True,80.5,3,0.0,0.0,64.43642973326249,
3734,200,5,83.4,31.6,3.0,1e-08,50.0,80,0.60,0.45,True,80.7,3,0.0,0.0,64.43642973326249,
3735,200,5,83.4,31.6,3.0,1e-08,50.0,80,0.60,0.58,True,80.4,4,0.0,0.0,64.43642973326249,
3736,200,5,83.4,31.6,3.0,1e-08,50.0,120,center,center,True,80.5,3,0.0,0.0,64.43642973326249,
3737,200,5,83.4,31.6,3.0,1e-08,50.0,120,0.35,0.45,True,80.5,3,0.0,0.0,64.43642973326249,
3738,200,5,83.4,31.6,3.0,1e-08,50.0,120,0.45,0.55,True,80.5,3,0.0,0.0,64.43642973326249,
3739,200,5,83.4,31.6,3.0,1e-08,50.0,120,0.60,0.45,True,80.7,3,0.0,0.0,64.43642973326249,
3740,200,5,83.4,31.6,3.0,1e-08,50.0,120,0.60,0.58,True,80.4,4,0.0,0.0,64.43642973326249,
3741,200,5,83.4,31.6,3.0,1e-08,100.0,25,center,center,True,80.4,3,0.0,0.0,64.43642973326249,
3742,200,5,83.4,31.6,3.0,1e-08,100.0,25,0.35,0.45,True,80.5,3,0.0,0.0,64.43642973326249,
3743,200,5,83.4,31.6,3.0,1e-08,100.0,25,0.45,0.55,True,80.5,3,0.0,0.0,64.43642973326249,
3744,200,5,83.4,31.6,3.0,1e-08,100.0,25,0.60,0.45,True,80.7,3,0.0,0.0,64.43642973326249,
3745,200,5,83.4,31.6,3.0,1e-08,100.0,25,0.60,0.58,True,80.4,4,0.0,0.0,64.43642973326249,
3746,200,5,83.4,31.6,3.0,1e-08,100.0,50,center,center,True,80.5,3,0.0,0.0,64.43642973326249,
3747,200,5,83.4,31.6,3.0,1e-08,100.0,50,0.35,0.45,True,80.5,3,0.0,0.0,64.43642973326249,
3750,200,5,83.4,31.6,3.0,1e-08,100.0,50,0.60,0.58,True,80.4,4,0.0,0.0,64.43642973326249,
3748,200,5,83.4,31.6,3.0,1e-08,100.0,50,0.45,0.55,True,80.5,3,0.0,0.0,64.43642973326249,
3749,200,5,83.4,31.6,3.0,1e-08,100.0,50,0.60,0.45,True,80.7,3,0.0,0.0,64.43642973326249,
3751,200,5,83.4,31.6,3.0,1e-08,100.0,80,center,center,True,80.5,3,0.0,0.0,64.43642973326249,
3754,200,5,83.4,31.6,3.0,1e-08,100.0,80,0.60,0.45,True,80.7,3,0.0,0.0,64.43642973326249,
3753,200,5,83.4,31.6,3.0,1e-08,100.0,80,0.45,0.55,True,80.5,3,0.0,0.0,64.43642973326249,
3752,200,5,83.4,31.6,3.0,1e-08,100.0,80,0.35,0.45,True,80.5,3,0.0,0.0,64.43642973326249,
3756,200,5,83.4,31.6,3.0,1e-08,100.0,120,center,center,True,80.5,3,0.0,0.0,64.43642973326249,
3755,200,5,83.4,31.6,3.0,1e-08,100.0,80,0.60,0.58,True,80.4,4,0.0,0.0,64.43642973326249,
3757,200,5,83.4,31.6,3.0,1e-08,100.0,120,0.35,0.45,True,80.5,3,0.0,0.0,64.43642973326249,
3758,200,5,83.4,31.6,3.0,1e-08,100.0,120,0.45,0.55,True,80.5,3,0.0,0.0,64.43642973326249,
3761,200,5,83.4,31.6,3.0,1e-07,50.0,25,center,center,True,81.7,3,0.05451809898282071,0.23349111114305982,14.885973044347171,
3760,200,5,83.4,31.6,3.0,1e-08,100.0,120,0.60,0.58,True,80.4,4,0.0,0.0,64.43642973326249,
3759,200,5,83.4,31.6,3.0,1e-08,100.0,120,0.60,0.45,True,80.7,3,0.0,0.0,64.43642973326249,
3762,200,5,83.4,31.6,3.0,1e-07,50.0,25,0.35,0.45,True,93.9,3,0.2602888656771349,0.5101851288278941,12.680666271362377,
3764,200,5,83.4,31.6,3.0,1e-07,50.0,25,0.60,0.45,True,82.60000000000001,3,0.21284357357357647,0.4613497302194686,24.14248583427926,
3763,200,5,83.4,31.6,3.0,1e-07,50.0,25,0.45,0.55,True,109.4,3,0.028994798191515625,0.1702785899387108,17.47371036983129,
3766,200,5,83.4,31.6,3.0,1e-07,50.0,50,center,center,True,94.7,3,0.2212158118647884,0.4703358500739534,12.195979265952195,
3767,200,5,83.4,31.6,3.0,1e-07,50.0,50,0.35,0.45,True,94.80000000000001,3,0.0001294345374100109,0.01137693005208395,12.893888502098905,
3765,200,5,83.4,31.6,3.0,1e-07,50.0,25,0.60,0.58,True,109.10000000000001,3,0.012474466633926254,0.11168915181845662,16.159330471164616,
3770,200,5,83.4,31.6,3.0,1e-07,50.0,50,0.60,0.58,True,94.9,3,0.015267113277924963,0.12356016056126248,14.177674699233586,
3781,200,5,83.4,31.6,3.0,1e-07,100.0,25,center,center,True,83.7,3,0.032849928462155745,0.18124549225334058,10.667532575310407,
3768,200,5,83.4,31.6,3.0,1e-07,50.0,50,0.45,0.55,True,109.4,3,0.0006325723296682958,0.025150990629959204,12.888128604292998,
3772,200,5,83.4,31.6,3.0,1e-07,50.0,80,0.35,0.45,True,95.2,3,0.020941543935362968,0.1447119343225118,17.305004767176648,
3769,200,5,83.4,31.6,3.0,1e-07,50.0,50,0.60,0.45,True,109.10000000000001,4,0.014977033843642146,0.12238069228290117,15.098599625982391,
3777,200,5,83.4,31.6,3.0,1e-07,50.0,120,0.35,0.45,True,93.9,4,0.026387091646139244,0.1624410405228286,13.769903336378844,
3776,200,5,83.4,31.6,3.0,1e-07,50.0,120,center,center,True,93.7,3,23.435382513539533,4.841010484758273,15.028390892309854,
3773,200,5,83.4,31.6,3.0,1e-07,50.0,80,0.45,0.55,True,95.4,3,0.04714909584270541,0.21713842553243634,16.01656815104896,
3778,200,5,83.4,31.6,3.0,1e-07,50.0,120,0.45,0.55,True,94.2,4,0.03762003135310202,0.19395883932706448,13.78766704349072,
3775,200,5,83.4,31.6,3.0,1e-07,50.0,80,0.60,0.58,True,94.0,3,0.28277640366655077,0.5317672457631729,12.692885039675929,
3780,200,5,83.4,31.6,3.0,1e-07,50.0,120,0.60,0.58,True,94.5,3,0.05085659247194417,0.2255140626922059,12.985807507959432,
3784,200,5,83.4,31.6,3.0,1e-07,100.0,25,0.60,0.45,True,88.9,3,2.4782560754332392,1.5742477808252546,16.125661736670235,
3779,200,5,83.4,31.6,3.0,1e-07,50.0,120,0.60,0.45,True,94.2,4,0.04619738921655398,0.21493577928431085,17.83887767546741,
3771,200,5,83.4,31.6,3.0,1e-07,50.0,80,center,center,True,109.10000000000001,3,0.03768741035884189,0.1941324557070298,14.009468326049328,
3786,200,5,83.4,31.6,3.0,1e-07,100.0,50,center,center,True,87.5,3,3.607916459560054,1.8994516207474341,10.883803940560798,
3782,200,5,83.4,31.6,3.0,1e-07,100.0,25,0.35,0.45,True,100.0,3,0.5896833706443795,0.7679084389719776,11.742124513024734,
3783,200,5,83.4,31.6,3.0,1e-07,100.0,25,0.45,0.55,True,96.60000000000001,3,0.13269030627007602,0.3642668064346188,11.855990134296704,
3785,200,5,83.4,31.6,3.0,1e-07,100.0,25,0.60,0.58,True,96.5,3,0.4651560200368407,0.6820234746963192,11.83590574619854,
3774,200,5,83.4,31.6,3.0,1e-07,50.0,80,0.60,0.45,True,126.4,3,494.3881740853234,22.234841445023246,26.180732853693165,
3787,200,5,83.4,31.6,3.0,1e-07,100.0,50,0.35,0.45,True,86.2,3,1.360653425859187,1.1664704993522925,11.737040193323212,
3788,200,5,83.4,31.6,3.0,1e-07,100.0,50,0.45,0.55,True,86.0,3,1.2773064037812316,1.1301798103758673,13.115331082771615,
3789,200,5,83.4,31.6,3.0,1e-07,100.0,50,0.60,0.45,True,90.7,3,1.8639753185226902,1.3652748142856406,19.06674831383279,
3790,200,5,83.4,31.6,3.0,1e-07,100.0,50,0.60,0.58,True,85.30000000000001,3,1.1984060324385475,1.0947173299251947,11.55757086336458,
3791,200,5,83.4,31.6,3.0,1e-07,100.0,80,center,center,True,87.80000000000001,3,4.282118787828772,2.069328100574863,11.939986960482562,
3792,200,5,83.4,31.6,3.0,1e-07,100.0,80,0.35,0.45,True,86.2,3,0.8892543489392944,0.9430028361247353,12.946616670366547,
3793,200,5,83.4,31.6,3.0,1e-07,100.0,80,0.45,0.55,True,87.10000000000001,3,2.9636148876601607,1.7215152882446791,12.155962393904645,
3795,200,5,83.4,31.6,3.0,1e-07,100.0,80,0.60,0.58,True,85.2,3,0.7829849657718728,0.8848643770498803,12.451057044626033,
3796,200,5,83.4,31.6,3.0,1e-07,100.0,120,center,center,True,86.80000000000001,3,3.437891612740696,1.8541552288685799,12.57790416194072,
3804,200,5,83.4,31.6,3.0,1e-06,50.0,25,0.60,0.45,True,84.5,3,nan,nan,4.722838487219837,
3797,200,5,83.4,31.6,3.0,1e-07,100.0,120,0.35,0.45,True,86.60000000000001,3,1.7850970437881195,1.3360752388200747,12.955499716919938,
3794,200,5,83.4,31.6,3.0,1e-07,100.0,80,0.60,0.45,True,92.2,3,98.71329566324513,9.935456489927633,15.922215882661584,
3799,200,5,83.4,31.6,3.0,1e-07,100.0,120,0.60,0.45,True,85.10000000000001,3,1.5186724771427356,1.2323443013795843,16.101935808883695,
3798,200,5,83.4,31.6,3.0,1e-07,100.0,120,0.45,0.55,True,97.10000000000001,3,0.38044036750444676,0.6167984820866915,11.708773098890386,
3800,200,5,83.4,31.6,3.0,1e-07,100.0,120,0.60,0.58,True,95.7,3,0.039090571593546036,0.19771335714499927,11.777907076516524,
3812,200,5,83.4,31.6,3.0,1e-06,50.0,80,0.35,0.45,True,131.9,3,nan,nan,1.0790395681700007,
3811,200,5,83.4,31.6,3.0,1e-06,50.0,80,center,center,True,136.9,3,nan,nan,2.0755436753248673,
3683,200,5,83.4,31.6,1.0,1e-06,50.0,25,0.45,0.55,True,603.9,3,179.9952521664843,13.416230922523818,15.364073512351087,
3816,200,5,83.4,31.6,3.0,1e-06,50.0,120,center,center,True,99.9,3,nan,nan,2.059519084532894,
3813,200,5,83.4,31.6,3.0,1e-06,50.0,80,0.45,0.55,True,131.5,3,nan,nan,1.290448168604813,
3817,200,5,83.4,31.6,3.0,1e-06,50.0,120,0.35,0.45,True,107.30000000000001,3,nan,nan,0.7786236297529137,
3822,200,5,83.4,31.6,3.0,1e-06,100.0,25,0.35,0.45,True,82.5,3,nan,nan,0.40444827732609157,
3821,200,5,83.4,31.6,3.0,1e-06,100.0,25,center,center,True,87.10000000000001,3,nan,nan,1.7073617419458487,
3823,200,5,83.4,31.6,3.0,1e-06,100.0,25,0.45,0.55,True,83.5,3,nan,nan,0.6684333862944802,
3809,200,5,83.4,31.6,3.0,1e-06,50.0,50,0.60,0.45,True,158.9,3,178.27338320754404,13.351905602105793,9.45056230379206,
3824,200,5,83.4,31.6,3.0,1e-06,100.0,25,0.60,0.45,True,83.9,3,nan,nan,4.423688571885347,
3814,200,5,83.4,31.6,3.0,1e-06,50.0,80,0.60,0.45,True,134.1,3,nan,nan,4.747231202113094,
3818,200,5,83.4,31.6,3.0,1e-06,50.0,120,0.45,0.55,True,106.9,3,nan,nan,1.1668313271352262,
3819,200,5,83.4,31.6,3.0,1e-06,50.0,120,0.60,0.45,True,105.10000000000001,3,nan,nan,4.566851356659539,
3815,200,5,83.4,31.6,3.0,1e-06,50.0,80,0.60,0.58,True,137.6,3,nan,nan,0.32826570372980735,
3820,200,5,83.4,31.6,3.0,1e-06,50.0,120,0.60,0.58,True,108.10000000000001,3,nan,nan,0.42375470088814626,
3826,200,5,83.4,31.6,3.0,1e-06,100.0,50,center,center,True,87.30000000000001,3,nan,nan,1.3014032544690288,
3825,200,5,83.4,31.6,3.0,1e-06,100.0,25,0.60,0.58,True,90.5,3,nan,nan,0.9161821871248099,
3810,200,5,83.4,31.6,3.0,1e-06,50.0,50,0.60,0.58,True,181.8,3,163.82478143907173,12.799405511158389,11.185561753122489,
3827,200,5,83.4,31.6,3.0,1e-06,100.0,50,0.35,0.45,True,84.4,3,nan,nan,0.24851607771900314,
3828,200,5,83.4,31.6,3.0,1e-06,100.0,50,0.45,0.55,True,88.2,3,nan,nan,0.5416960269544328,
3829,200,5,83.4,31.6,3.0,1e-06,100.0,50,0.60,0.45,True,84.60000000000001,3,nan,nan,4.990384774374015,
3830,200,5,83.4,31.6,3.0,1e-06,100.0,50,0.60,0.58,True,86.10000000000001,3,nan,nan,1.0204798305241762,
3832,200,5,83.4,31.6,3.0,1e-06,100.0,80,0.35,0.45,True,86.2,3,nan,nan,0.344821498477243,
3831,200,5,83.4,31.6,3.0,1e-06,100.0,80,center,center,True,88.0,3,nan,nan,1.5753069643398385,
3834,200,5,83.4,31.6,3.0,1e-06,100.0,80,0.60,0.45,True,85.7,3,nan,nan,4.788161381514043,
3833,200,5,83.4,31.6,3.0,1e-06,100.0,80,0.45,0.55,True,87.9,3,nan,nan,0.2176274764610415,
3835,200,5,83.4,31.6,3.0,1e-06,100.0,80,0.60,0.58,True,88.2,3,nan,nan,0.5434768280328404,
3837,200,5,83.4,31.6,3.0,1e-06,100.0,120,0.35,0.45,True,85.4,3,nan,nan,0.41886068848266705,
3838,200,5,83.4,31.6,3.0,1e-06,100.0,120,0.45,0.55,True,85.7,3,nan,nan,0.5813156492651171,
3836,200,5,83.4,31.6,3.0,1e-06,100.0,120,center,center,True,88.30000000000001,3,nan,nan,1.5290666422428596,
3839,200,5,83.4,31.6,3.0,1e-06,100.0,120,0.60,0.45,True,85.9,3,nan,nan,4.666535636826045,
3840,200,5,83.4,31.6,3.0,1e-06,100.0,120,0.60,0.58,True,88.80000000000001,3,nan,nan,0.29490672060334383,
3841,200,5,83.4,31.6,5.0,1e-08,50.0,25,center,center,True,80.4,3,0.0,0.0,64.43642973326249,
3842,200,5,83.4,31.6,5.0,1e-08,50.0,25,0.35,0.45,True,80.5,3,0.0,0.0,64.43642973326249,
3843,200,5,83.4,31.6,5.0,1e-08,50.0,25,0.45,0.55,True,80.5,3,0.0,0.0,64.43642973326249,
3844,200,5,83.4,31.6,5.0,1e-08,50.0,25,0.60,0.45,True,80.60000000000001,3,0.0,0.0,64.43642973326249,
3845,200,5,83.4,31.6,5.0,1e-08,50.0,25,0.60,0.58,True,80.4,4,0.0,0.0,64.43642973326249,
3846,200,5,83.4,31.6,5.0,1e-08,50.0,50,center,center,True,80.5,3,0.0,0.0,64.43642973326249,
3847,200,5,83.4,31.6,5.0,1e-08,50.0,50,0.35,0.45,True,80.5,3,0.0,0.0,64.43642973326249,
3848,200,5,83.4,31.6,5.0,1e-08,50.0,50,0.45,0.55,True,80.5,3,0.0,0.0,64.43642973326249,
3850,200,5,83.4,31.6,5.0,1e-08,50.0,50,0.60,0.58,True,80.4,4,0.0,0.0,64.43642973326249,
3849,200,5,83.4,31.6,5.0,1e-08,50.0,50,0.60,0.45,True,80.60000000000001,3,0.0,0.0,64.43642973326249,
3851,200,5,83.4,31.6,5.0,1e-08,50.0,80,center,center,True,80.5,3,0.0,0.0,64.43642973326249,
3852,200,5,83.4,31.6,5.0,1e-08,50.0,80,0.35,0.45,True,80.5,3,0.0,0.0,64.43642973326249,
3853,200,5,83.4,31.6,5.0,1e-08,50.0,80,0.45,0.55,True,80.5,3,0.0,0.0,64.43642973326249,
3856,200,5,83.4,31.6,5.0,1e-08,50.0,120,center,center,True,80.5,3,0.0,0.0,64.43642973326249,
3854,200,5,83.4,31.6,5.0,1e-08,50.0,80,0.60,0.45,True,80.60000000000001,3,0.0,0.0,64.43642973326249,
3855,200,5,83.4,31.6,5.0,1e-08,50.0,80,0.60,0.58,True,80.4,4,0.0,0.0,64.43642973326249,
3857,200,5,83.4,31.6,5.0,1e-08,50.0,120,0.35,0.45,True,80.5,3,0.0,0.0,64.43642973326249,
3858,200,5,83.4,31.6,5.0,1e-08,50.0,120,0.45,0.55,True,80.5,3,0.0,0.0,64.43642973326249,
3859,200,5,83.4,31.6,5.0,1e-08,50.0,120,0.60,0.45,True,80.60000000000001,3,0.0,0.0,64.43642973326249,
3861,200,5,83.4,31.6,5.0,1e-08,100.0,25,center,center,True,80.4,3,0.0,0.0,64.43642973326249,
3860,200,5,83.4,31.6,5.0,1e-08,50.0,120,0.60,0.58,True,80.4,4,0.0,0.0,64.43642973326249,
3862,200,5,83.4,31.6,5.0,1e-08,100.0,25,0.35,0.45,True,80.5,3,0.0,0.0,64.43642973326249,
3863,200,5,83.4,31.6,5.0,1e-08,100.0,25,0.45,0.55,True,80.5,3,0.0,0.0,64.43642973326249,
3864,200,5,83.4,31.6,5.0,1e-08,100.0,25,0.60,0.45,True,80.60000000000001,3,0.0,0.0,64.43642973326249,
3865,200,5,83.4,31.6,5.0,1e-08,100.0,25,0.60,0.58,True,80.4,4,0.0,0.0,64.43642973326249,
3866,200,5,83.4,31.6,5.0,1e-08,100.0,50,center,center,True,80.5,3,0.0,0.0,64.43642973326249,
3868,200,5,83.4,31.6,5.0,1e-08,100.0,50,0.45,0.55,True,80.5,3,0.0,0.0,64.43642973326249,
3867,200,5,83.4,31.6,5.0,1e-08,100.0,50,0.35,0.45,True,80.5,3,0.0,0.0,64.43642973326249,
3869,200,5,83.4,31.6,5.0,1e-08,100.0,50,0.60,0.45,True,80.60000000000001,3,0.0,0.0,64.43642973326249,
3870,200,5,83.4,31.6,5.0,1e-08,100.0,50,0.60,0.58,True,80.4,4,0.0,0.0,64.43642973326249,
3871,200,5,83.4,31.6,5.0,1e-08,100.0,80,center,center,True,80.5,3,0.0,0.0,64.43642973326249,
3873,200,5,83.4,31.6,5.0,1e-08,100.0,80,0.45,0.55,True,80.5,3,0.0,0.0,64.43642973326249,
3872,200,5,83.4,31.6,5.0,1e-08,100.0,80,0.35,0.45,True,80.5,3,0.0,0.0,64.43642973326249,
3874,200,5,83.4,31.6,5.0,1e-08,100.0,80,0.60,0.45,True,80.60000000000001,3,0.0,0.0,64.43642973326249,
3876,200,5,83.4,31.6,5.0,1e-08,100.0,120,center,center,True,80.5,3,0.0,0.0,64.43642973326249,
3875,200,5,83.4,31.6,5.0,1e-08,100.0,80,0.60,0.58,True,80.4,4,0.0,0.0,64.43642973326249,
3877,200,5,83.4,31.6,5.0,1e-08,100.0,120,0.35,0.45,True,80.5,3,0.0,0.0,64.43642973326249,
3878,200,5,83.4,31.6,5.0,1e-08,100.0,120,0.45,0.55,True,80.5,3,0.0,0.0,64.43642973326249,
3879,200,5,83.4,31.6,5.0,1e-08,100.0,120,0.60,0.45,True,80.60000000000001,3,0.0,0.0,64.43642973326249,
3880,200,5,83.4,31.6,5.0,1e-08,100.0,120,0.60,0.58,True,80.4,4,0.0,0.0,64.43642973326249,
3684,200,5,83.4,31.6,1.0,1e-06,50.0,25,0.60,0.45,False,900.0,1,nan,nan,3.6708593088584696,vittima non trovata entro 15 minuti
3881,200,5,83.4,31.6,5.0,1e-07,50.0,25,center,center,True,94.4,3,0.1945769172683944,0.4411087363319779,13.743519607894795,
3682,200,5,83.4,31.6,1.0,1e-06,50.0,25,0.35,0.45,False,900.0,2,222.1700408449276,14.905369530639875,14.17211377833794,vittima non trovata entro 15 minuti
3882,200,5,83.4,31.6,5.0,1e-07,50.0,25,0.35,0.45,True,93.9,3,0.22658322193212507,0.4760075860027076,12.698215120845054,
3686,200,5,83.4,31.6,1.0,1e-06,50.0,50,center,center,False,900.0,2,nan,nan,2.7938565199336054,vittima non trovata entro 15 minuti
3685,200,5,83.4,31.6,1.0,1e-06,50.0,25,0.60,0.58,False,900.0,2,174.98356658003672,13.228135415848929,12.245726658085381,vittima non trovata entro 15 minuti
3883,200,5,83.4,31.6,5.0,1e-07,50.0,25,0.45,0.55,True,94.2,3,0.01877783642755953,0.1370322459407257,13.647357410886556,
3687,200,5,83.4,31.6,1.0,1e-06,50.0,50,0.35,0.45,False,900.0,2,nan,nan,0.8040860205039816,vittima non trovata entro 15 minuti
3688,200,5,83.4,31.6,1.0,1e-06,50.0,50,0.45,0.55,False,900.0,2,27.153403505227633,5.210892774297666,4.194905670338659,vittima non trovata entro 15 minuti
3884,200,5,83.4,31.6,5.0,1e-07,50.0,25,0.60,0.45,True,94.5,3,0.23723022852209866,0.4870628589023173,15.735924090945954,
3887,200,5,83.4,31.6,5.0,1e-07,50.0,50,0.35,0.45,True,94.80000000000001,3,0.00036105434582795506,0.01900143009954659,13.0280315809262,
3890,200,5,83.4,31.6,5.0,1e-07,50.0,50,0.60,0.58,True,94.4,4,0.009341178645293104,0.09664977312592671,12.167571225892875,
3889,200,5,83.4,31.6,5.0,1e-07,50.0,50,0.60,0.45,True,96.80000000000001,3,0.1181485630264759,0.3437274545718976,22.038205161452712,
3885,200,5,83.4,31.6,5.0,1e-07,50.0,25,0.60,0.58,True,109.7,3,0.04741435659963168,0.21774837909759898,17.712374241573237,
3892,200,5,83.4,31.6,5.0,1e-07,50.0,80,0.35,0.45,True,95.2,3,0.01892727412717781,0.13757643012950224,17.418114589037984,
3893,200,5,83.4,31.6,5.0,1e-07,50.0,80,0.45,0.55,True,95.4,3,0.0001682353281970147,0.01297055620229968,16.026741835910883,
3886,200,5,83.4,31.6,5.0,1e-07,50.0,50,center,center,True,108.4,3,0.06259450487419932,0.25018893835299616,14.110975714508646,
3894,200,5,83.4,31.6,5.0,1e-07,50.0,80,0.60,0.45,True,94.2,3,0.0711445818809897,0.2667294169771863,18.158646110959765,
3895,200,5,83.4,31.6,5.0,1e-07,50.0,80,0.60,0.58,True,94.2,3,0.19827024828665651,0.44527547460718797,13.340736560242544,
3896,200,5,83.4,31.6,5.0,1e-07,50.0,120,center,center,True,94.4,3,0.06786792252419746,0.260514726117733,13.613773330868733,
3888,200,5,83.4,31.6,5.0,1e-07,50.0,50,0.45,0.55,True,109.4,3,0.0007945508109336139,0.028187777687033327,12.829819264971539,
3891,200,5,83.4,31.6,5.0,1e-07,50.0,80,center,center,True,108.9,3,0.0017753852902416547,0.04213532117169222,15.962257549191468,
3801,200,5,83.4,31.6,3.0,1e-06,50.0,25,center,center,True,551.1,3,169.60382854986037,13.023203467267965,15.438882558250208,
3897,200,5,83.4,31.6,5.0,1e-07,50.0,120,0.35,0.45,True,94.0,4,0.0799133261024358,0.28268945169998083,13.91655816022386,
3898,200,5,83.4,31.6,5.0,1e-07,50.0,120,0.45,0.55,True,94.2,4,0.02586603974987809,0.1608292254221169,13.764272894783549,
3901,200,5,83.4,31.6,5.0,1e-07,100.0,25,center,center,True,84.10000000000001,3,0.03407696015082988,0.18459945869592867,10.872962195785668,
3899,200,5,83.4,31.6,5.0,1e-07,50.0,120,0.60,0.45,True,94.30000000000001,3,0.002285583970900172,0.0478077814890021,19.497097927897503,
3900,200,5,83.4,31.6,5.0,1e-07,50.0,120,0.60,0.58,True,94.4,3,0.04047054703467767,0.20117292818537408,13.617326973956294,
3906,200,5,83.4,31.6,5.0,1e-07,100.0,50,center,center,True,87.4,3,2.928611497283292,1.711318642825845,11.100656351920687,
3903,200,5,83.4,31.6,5.0,1e-07,100.0,25,0.45,0.55,True,96.80000000000001,3,0.1617315616025636,0.40215862741282027,11.867170660033162,
3902,200,5,83.4,31.6,5.0,1e-07,100.0,25,0.35,0.45,True,100.0,3,0.25605218549199676,0.5060159933164137,11.694287301157738,
3907,200,5,83.4,31.6,5.0,1e-07,100.0,50,0.35,0.45,True,86.2,3,1.2765634438278177,1.12985107152572,11.794898809644502,
3905,200,5,83.4,31.6,5.0,1e-07,100.0,25,0.60,0.58,True,96.4,3,0.3950879405549818,0.6285602123543789,11.850132468427724,
3908,200,5,83.4,31.6,5.0,1e-07,100.0,50,0.45,0.55,True,86.0,3,1.1729140448554536,1.0830115626600916,13.171879726444043,
3803,200,5,83.4,31.6,3.0,1e-06,50.0,25,0.45,0.55,True,603.9,3,168.89949006202022,12.996133658208514,15.309216167097812,
3909,200,5,83.4,31.6,5.0,1e-07,100.0,50,0.60,0.45,True,93.60000000000001,3,2.535014439801367,1.5921728674366258,19.212113251069027,
3910,200,5,83.4,31.6,5.0,1e-07,100.0,50,0.60,0.58,True,85.30000000000001,3,1.0074166861927791,1.0037014925727565,11.696388331971106,
3919,200,5,83.4,31.6,5.0,1e-07,100.0,120,0.60,0.45,True,73.3,3,40.13027987024193,6.334846475664736,14.493521100591938,
3911,200,5,83.4,31.6,5.0,1e-07,100.0,80,center,center,True,86.0,3,2.212905653701228,1.487583830814663,11.759195931335897,
3915,200,5,83.4,31.6,5.0,1e-07,100.0,80,0.60,0.58,True,85.2,3,0.5271454097772356,0.7260478013032169,12.57889836941482,
3912,200,5,83.4,31.6,5.0,1e-07,100.0,80,0.35,0.45,True,86.30000000000001,3,1.0279311819087404,1.0138694106780914,12.923103381379999,
3916,200,5,83.4,31.6,5.0,1e-07,100.0,120,center,center,True,86.2,3,3.0236199520164244,1.7388559319323795,12.061677951829243,
3913,200,5,83.4,31.6,5.0,1e-07,100.0,80,0.45,0.55,True,87.2,3,3.1930285822148314,1.7869047490604617,12.11439690236933,
3914,200,5,83.4,31.6,5.0,1e-07,100.0,80,0.60,0.45,True,89.30000000000001,3,69.54229040902455,8.339202024715826,14.11988607647944,
3917,200,5,83.4,31.6,5.0,1e-07,100.0,120,0.35,0.45,True,86.7,3,1.751065374891586,1.3232782681248816,13.03338901440103,
3924,200,5,83.4,31.6,5.0,1e-06,50.0,25,0.60,0.45,True,84.30000000000001,3,nan,nan,4.58264137801581,
3920,200,5,83.4,31.6,5.0,1e-07,100.0,120,0.60,0.58,True,86.7,3,2.4858558291875226,1.5766597062104184,13.469934068650426,
3918,200,5,83.4,31.6,5.0,1e-07,100.0,120,0.45,0.55,True,97.4,3,0.27346840445411214,0.5229420660590541,11.759287431229067,
3904,200,5,83.4,31.6,5.0,1e-07,100.0,25,0.60,0.45,True,162.3,3,224.25065060048695,14.975000854774164,24.0466701666448,
3932,200,5,83.4,31.6,5.0,1e-06,50.0,80,0.35,0.45,True,131.5,3,nan,nan,1.425247716532369,
3931,200,5,83.4,31.6,5.0,1e-06,50.0,80,center,center,True,135.9,3,nan,nan,0.8594032242980214,
3942,200,5,83.4,31.6,5.0,1e-06,100.0,25,0.35,0.45,True,82.80000000000001,3,nan,nan,0.5696544285887313,
3936,200,5,83.4,31.6,5.0,1e-06,50.0,120,center,center,True,100.9,3,nan,nan,0.901562809177796,
3941,200,5,83.4,31.6,5.0,1e-06,100.0,25,center,center,True,87.80000000000001,3,nan,nan,1.1112122120542076,
3943,200,5,83.4,31.6,5.0,1e-06,100.0,25,0.45,0.55,True,84.4,3,nan,nan,0.6867772946040928,
3944,200,5,83.4,31.6,5.0,1e-06,100.0,25,0.60,0.45,True,84.4,3,nan,nan,4.511730118654628,
3933,200,5,83.4,31.6,5.0,1e-06,50.0,80,0.45,0.55,True,129.70000000000002,3,nan,nan,0.627572666251972,
3937,200,5,83.4,31.6,5.0,1e-06,50.0,120,0.35,0.45,True,107.5,3,nan,nan,1.1611299231064642,
3946,200,5,83.4,31.6,5.0,1e-06,100.0,50,center,center,True,89.60000000000001,3,nan,nan,0.6732065866606138,
3939,200,5,83.4,31.6,5.0,1e-06,50.0,120,0.60,0.45,True,105.7,3,nan,nan,4.754823396514556,
3947,200,5,83.4,31.6,5.0,1e-06,100.0,50,0.35,0.45,True,85.10000000000001,3,nan,nan,0.8419149341482866,
3938,200,5,83.4,31.6,5.0,1e-06,50.0,120,0.45,0.55,True,106.5,3,nan,nan,0.7405606153377281,
3945,200,5,83.4,31.6,5.0,1e-06,100.0,25,0.60,0.58,True,93.5,3,nan,nan,1.6187505473026482,
3934,200,5,83.4,31.6,5.0,1e-06,50.0,80,0.60,0.45,True,134.1,3,nan,nan,4.745590616219324,
3940,200,5,83.4,31.6,5.0,1e-06,50.0,120,0.60,0.58,True,108.60000000000001,3,nan,nan,0.6442222951862824,
3935,200,5,83.4,31.6,5.0,1e-06,50.0,80,0.60,0.58,True,137.3,3,nan,nan,1.1239413259346018,
3926,200,5,83.4,31.6,5.0,1e-06,50.0,50,center,center,True,184.10000000000002,3,26.12744363247851,5.111501113418495,4.581564345303587,
3949,200,5,83.4,31.6,5.0,1e-06,100.0,50,0.60,0.45,True,85.30000000000001,3,nan,nan,5.040625570838669,
3950,200,5,83.4,31.6,5.0,1e-06,100.0,50,0.60,0.58,True,87.2,3,nan,nan,1.1348123246482567,
3952,200,5,83.4,31.6,5.0,1e-06,100.0,80,0.35,0.45,True,86.60000000000001,3,nan,nan,1.1024286970046568,
3953,200,5,83.4,31.6,5.0,1e-06,100.0,80,0.45,0.55,True,85.5,3,nan,nan,0.35440458666570596,
3951,200,5,83.4,31.6,5.0,1e-06,100.0,80,center,center,True,90.0,3,nan,nan,0.817244673244831,
3954,200,5,83.4,31.6,5.0,1e-06,100.0,80,0.60,0.45,True,85.7,3,nan,nan,4.71010272106055,
3955,200,5,83.4,31.6,5.0,1e-06,100.0,80,0.60,0.58,True,88.7,3,nan,nan,0.6004773949843647,
3957,200,5,83.4,31.6,5.0,1e-06,100.0,120,0.35,0.45,True,85.7,3,nan,nan,0.8336646164803816,
3956,200,5,83.4,31.6,5.0,1e-06,100.0,120,center,center,True,90.5,3,nan,nan,0.7076406003028661,
3958,200,5,83.4,31.6,5.0,1e-06,100.0,120,0.45,0.55,True,86.2,3,nan,nan,0.3559362393416756,
3959,200,5,83.4,31.6,5.0,1e-06,100.0,120,0.60,0.45,True,86.2,3,nan,nan,4.661982413257904,
3960,200,5,83.4,31.6,5.0,1e-06,100.0,120,0.60,0.58,True,88.2,3,nan,nan,1.0979972251840655,
3806,200,5,83.4,31.6,3.0,1e-06,50.0,50,center,center,False,900.0,2,nan,nan,2.096656225774586,vittima non trovata entro 15 minuti
3966,200,5,132.2,29.8,1.0,1e-08,50.0,50,center,center,True,140.5,3,57.170301659657426,7.561104526433782,74.32768077636136,
3965,200,5,132.2,29.8,1.0,1e-08,50.0,25,0.60,0.58,True,152.70000000000002,3,77.27539560157643,8.790642502205197,59.99600304368916,
3963,200,5,132.2,29.8,1.0,1e-08,50.0,25,0.45,0.55,True,166.0,3,0.049161142348351845,0.22172312091514462,64.2919763469923,
3802,200,5,83.4,31.6,3.0,1e-06,50.0,25,0.35,0.45,False,900.0,2,212.87353455792294,14.590186241372074,13.769379917912618,vittima non trovata entro 15 minuti
3962,200,5,132.2,29.8,1.0,1e-08,50.0,25,0.35,0.45,True,168.60000000000002,3,19.960189510811876,4.467682789860072,69.32619413602227,
3964,200,5,132.2,29.8,1.0,1e-08,50.0,25,0.60,0.45,True,165.10000000000002,3,24.9345133338057,4.993447039251112,69.94370014176201,
3805,200,5,83.4,31.6,3.0,1e-06,50.0,25,0.60,0.58,False,900.0,2,156.61011270129893,12.51439621800824,12.094612013778713,vittima non trovata entro 15 minuti
3807,200,5,83.4,31.6,3.0,1e-06,50.0,50,0.35,0.45,False,900.0,2,nan,nan,0.7141513395671331,vittima non trovata entro 15 minuti
3808,200,5,83.4,31.6,3.0,1e-06,50.0,50,0.45,0.55,False,900.0,2,27.84547175971847,5.27688087412616,4.232978584009901,vittima non trovata entro 15 minuti
3971,200,5,132.2,29.8,1.0,1e-08,50.0,80,center,center,True,153.60000000000002,3,222.77939255226002,14.925796211668576,61.451052477724566,
3970,200,5,132.2,29.8,1.0,1e-08,50.0,50,0.60,0.58,True,153.60000000000002,4,0.022176829261496528,0.1489188680506823,71.27261658655931,
3967,200,5,132.2,29.8,1.0,1e-08,50.0,50,0.35,0.45,True,168.70000000000002,3,21.04461986119089,4.587441537631939,69.28330796891468,
3976,200,5,132.2,29.8,1.0,1e-08,50.0,120,center,center,True,155.0,3,0.5273532142740077,0.7261908938247627,73.92123531562497,
3968,200,5,132.2,29.8,1.0,1e-08,50.0,50,0.45,0.55,True,166.0,3,0.049161142348351845,0.22172312091514462,64.2919763469923,
3975,200,5,132.2,29.8,1.0,1e-08,50.0,80,0.60,0.58,True,153.60000000000002,4,0.022176829261496528,0.1489188680506823,71.27261658655931,
3969,200,5,132.2,29.8,1.0,1e-08,50.0,50,0.60,0.45,True,165.20000000000002,3,25.628706437900192,5.06248026543316,69.90122855770173,
3972,200,5,132.2,29.8,1.0,1e-08,50.0,80,0.35,0.45,True,168.70000000000002,3,21.04461986119089,4.587441537631939,69.28330796891468,
3974,200,5,132.2,29.8,1.0,1e-08,50.0,80,0.60,0.45,True,165.20000000000002,3,25.628706437900192,5.06248026543316,69.90122855770173,
3973,200,5,132.2,29.8,1.0,1e-08,50.0,80,0.45,0.55,True,166.0,3,0.049161142348351845,0.22172312091514462,64.2919763469923,
3977,200,5,132.2,29.8,1.0,1e-08,50.0,120,0.35,0.45,True,168.70000000000002,3,21.04461986119089,4.587441537631939,69.28330796891468,
3978,200,5,132.2,29.8,1.0,1e-08,50.0,120,0.45,0.55,True,166.0,3,0.049161142348351845,0.22172312091514462,64.2919763469923,
3961,200,5,132.2,29.8,1.0,1e-08,50.0,25,center,center,True,259.3,3,247.3536284813951,15.727480042314316,72.55645817760295,
3981,200,5,132.2,29.8,1.0,1e-08,100.0,25,center,center,True,106.9,3,0.013900781055127378,0.11790157359054788,74.29603971854387,
3984,200,5,132.2,29.8,1.0,1e-08,100.0,25,0.60,0.45,True,105.30000000000001,3,122.46409823625659,11.066349815375284,62.5196108608882,
3983,200,5,132.2,29.8,1.0,1e-08,100.0,25,0.45,0.55,True,106.60000000000001,3,2.6080767524216376e-07,0.0005106933279788995,73.33876671874609,
3985,200,5,132.2,29.8,1.0,1e-08,100.0,25,0.60,0.58,True,107.7,3,0.26947642046412,0.5191111831429949,72.8498655713854,
3979,200,5,132.2,29.8,1.0,1e-08,50.0,120,0.60,0.45,True,165.20000000000002,3,25.628706437900192,5.06248026543316,69.90122855770173,
3982,200,5,132.2,29.8,1.0,1e-08,100.0,25,0.35,0.45,True,133.1,3,73.50738491829713,8.573644786104515,57.98564499848629,
3987,200,5,132.2,29.8,1.0,1e-08,100.0,50,0.35,0.45,True,120.60000000000001,3,315.0392029244183,17.74934373221777,60.75056162628136,
3980,200,5,132.2,29.8,1.0,1e-08,50.0,120,0.60,0.58,True,153.60000000000002,4,0.022176829261496528,0.1489188680506823,71.27261658655931,
3988,200,5,132.2,29.8,1.0,1e-08,100.0,50,0.45,0.55,True,119.7,3,0.016871501694562044,0.1298903448858384,65.55438381029062,
3989,200,5,132.2,29.8,1.0,1e-08,100.0,50,0.60,0.45,True,120.0,3,0.5335874057464154,0.7304706741180068,74.99931873427298,
3993,200,5,132.2,29.8,1.0,1e-08,100.0,80,0.45,0.55,True,105.60000000000001,3,0.0,0.0,75.0925073552817,
3996,200,5,132.2,29.8,1.0,1e-08,100.0,120,center,center,True,105.9,3,115.77405111897235,10.759835087907824,60.54955487654512,
3921,200,5,83.4,31.6,5.0,1e-06,50.0,25,center,center,True,551.1,3,154.87955388639128,12.445061425577267,15.51304835874274,
3990,200,5,132.2,29.8,1.0,1e-08,100.0,50,0.60,0.58,True,134.1,4,0.01687154425938012,0.1298905087347806,62.95188156408289,
3991,200,5,132.2,29.8,1.0,1e-08,100.0,80,center,center,True,120.7,4,6.058451752097371e-28,2.4613922385709617e-14,73.78884869023379,
3994,200,5,132.2,29.8,1.0,1e-08,100.0,80,0.60,0.45,True,119.7,4,0.014952284879351322,0.12227953581589734,66.26614287110712,
3997,200,5,132.2,29.8,1.0,1e-08,100.0,120,0.35,0.45,True,120.2,3,92.40652002880779,9.612831010103516,67.94544346677745,
4000,200,5,132.2,29.8,1.0,1e-08,100.0,120,0.60,0.58,True,106.5,3,5.112183361984334e-07,0.0007149953399837186,73.45095058664596,
3998,200,5,132.2,29.8,1.0,1e-08,100.0,120,0.45,0.55,True,120.7,3,0.06749270423676365,0.25979358005301756,71.74650583109924,
3992,200,5,132.2,29.8,1.0,1e-08,100.0,80,0.35,0.45,True,133.5,3,0.5400100321051172,0.7348537487861903,68.49125328466641,
4001,200,5,132.2,29.8,1.0,1e-07,50.0,25,center,center,True,111.10000000000001,3,0.014687295301790812,0.1211911519121376,28.068218726632722,
3999,200,5,132.2,29.8,1.0,1e-08,100.0,120,0.60,0.45,True,120.10000000000001,3,0.0,0.0,75.0925073552817,
3986,200,5,132.2,29.8,1.0,1e-08,100.0,50,center,center,True,188.0,3,0.059305499245185966,0.24352720432260944,74.2340012010704,
3927,200,5,83.4,31.6,5.0,1e-06,50.0,50,0.35,0.45,True,553.2,3,19.186375618570565,4.380225521428157,5.602606600898159,
4002,200,5,132.2,29.8,1.0,1e-07,50.0,25,0.35,0.45,True,111.60000000000001,3,0.0355484498201733,0.18854296544865656,31.398080051260436,
4004,200,5,132.2,29.8,1.0,1e-07,50.0,25,0.60,0.45,True,111.5,3,4.730260860944844e-05,0.006877689191105428,31.37430802554801,
4003,200,5,132.2,29.8,1.0,1e-07,50.0,25,0.45,0.55,True,110.7,3,9.35010302725155e-06,0.0030577938169947874,32.59764769434915,
4005,200,5,132.2,29.8,1.0,1e-07,50.0,25,0.60,0.58,True,109.7,3,2.473665598131141e-06,0.0015727891143224324,35.07993483202341,
3995,200,5,132.2,29.8,1.0,1e-08,100.0,80,0.60,0.58,True,174.4,3,0.5719535362095078,0.7562760978700225,73.90395982627719,
3923,200,5,83.4,31.6,5.0,1e-06,50.0,25,0.45,0.55,True,604.0,3,163.53036086062167,12.787899001033034,15.751736971408299,
4006,200,5,132.2,29.8,1.0,1e-07,50.0,50,center,center,True,120.4,3,9.719152924016077e-06,0.0031175556007898364,27.915583562113486,
4009,200,5,132.2,29.8,1.0,1e-07,50.0,50,0.60,0.45,True,111.7,3,0.01776851707236392,0.133298601164318,26.23467580661116,
4008,200,5,132.2,29.8,1.0,1e-07,50.0,50,0.45,0.55,True,124.10000000000001,3,4.088587519799921e-06,0.0020220255982058982,28.88993657583343,
4011,200,5,132.2,29.8,1.0,1e-07,50.0,80,center,center,True,115.80000000000001,3,6.614366388517512e-06,0.0025718410503990157,28.37342356125754,
4012,200,5,132.2,29.8,1.0,1e-07,50.0,80,0.35,0.45,True,111.5,3,0.0005106879742745412,0.02259840645431755,30.108566179601436,
4016,200,5,132.2,29.8,1.0,1e-07,50.0,120,center,center,True,110.80000000000001,3,2.5487680076862353e-06,0.0015964861439067472,29.654227238669808,
4020,200,5,132.2,29.8,1.0,1e-07,50.0,120,0.60,0.58,True,97.5,3,0.015950945930818094,0.12629705432359892,28.730729250356948,
4010,200,5,132.2,29.8,1.0,1e-07,50.0,50,0.60,0.58,True,138.5,3,5.547990496913922e-06,0.0023554172659879017,33.098196950710964,
4017,200,5,132.2,29.8,1.0,1e-07,50.0,120,0.35,0.45,True,110.4,3,1.935146171981741e-06,0.0013910953137660053,30.195494338456964,
4007,200,5,132.2,29.8,1.0,1e-07,50.0,50,0.35,0.45,True,157.0,3,7.074712429387356e-06,0.0026598331581863094,32.17545641332738,
4013,200,5,132.2,29.8,1.0,1e-07,50.0,80,0.45,0.55,True,124.9,3,2.0205104477720543e-06,0.001421446603911682,30.804753890548668,
4014,200,5,132.2,29.8,1.0,1e-07,50.0,80,0.60,0.45,True,143.8,3,1.2213726402346483e-05,0.003494814215712544,32.98961954665817,
4018,200,5,132.2,29.8,1.0,1e-07,50.0,120,0.45,0.55,True,139.8,3,2.492514294426866e-06,0.0015787698674686144,31.79043894526867,
4015,200,5,132.2,29.8,1.0,1e-07,50.0,80,0.60,0.58,True,155.70000000000002,3,1.2557279565979001e-05,0.0035436252011152368,34.377040185475245,
4019,200,5,132.2,29.8,1.0,1e-07,50.0,120,0.60,0.45,True,141.20000000000002,3,1.0594220245520725e-05,0.0032548763794529472,31.41792194784778,
4031,200,5,132.2,29.8,1.0,1e-07,100.0,80,center,center,True,147.9,3,0.0018423311487991197,0.042922385171366234,24.531815332514913,
4023,200,5,132.2,29.8,1.0,1e-07,100.0,25,0.45,0.55,True,185.8,3,434.7671169434855,20.85106992323141,31.12847739319486,
4027,200,5,132.2,29.8,1.0,1e-07,100.0,50,0.35,0.45,True,173.5,3,0.005269436182711951,0.07259088222849996,28.784787982233613,
4026,200,5,132.2,29.8,1.0,1e-07,100.0,50,center,center,True,173.5,3,1271.5963099641158,35.65944909787749,35.57136304991089,
4022,200,5,132.2,29.8,1.0,1e-07,100.0,25,0.35,0.45,True,207.0,3,371.7798332220113,19.28159311939787,32.80100792782539,
4032,200,5,132.2,29.8,1.0,1e-07,100.0,80,0.35,0.45,True,165.60000000000002,3,798.8631470441944,28.264167191767644,36.05532926835469,
4035,200,5,132.2,29.8,1.0,1e-07,100.0,80,0.60,0.58,True,146.5,3,7.164310661069904e-07,0.0008464225103971363,28.715554140169896,
4030,200,5,132.2,29.8,1.0,1e-07,100.0,50,0.60,0.58,True,181.0,3,4.2451232829644425e-06,0.0020603696957013423,32.61960591950647,
4021,200,5,132.2,29.8,1.0,1e-07,100.0,25,center,center,True,220.0,3,342.63685120112024,18.510452485045313,22.219190423274114,
4038,200,5,132.2,29.8,1.0,1e-07,100.0,120,0.45,0.55,True,136.1,3,0.003270271478877966,0.05718628750739084,26.960652578833308,
4033,200,5,132.2,29.8,1.0,1e-07,100.0,80,0.45,0.55,True,167.3,3,695.3174055324246,26.368871904812778,34.86018614249979,
4025,200,5,132.2,29.8,1.0,1e-07,100.0,25,0.60,0.58,True,218.0,3,351.45124532705654,18.74703297396835,32.80751466713088,
4034,200,5,132.2,29.8,1.0,1e-07,100.0,80,0.60,0.45,True,166.0,3,853.6221297696738,29.21681245053392,33.18690905660091,
4036,200,5,132.2,29.8,1.0,1e-07,100.0,120,center,center,True,164.5,3,829.3863457905057,28.79906848824291,33.47266164524788,
4024,200,5,132.2,29.8,1.0,1e-07,100.0,25,0.60,0.45,True,228.60000000000002,3,219.38924446573827,14.811794100166876,37.77217752189171,
4037,200,5,132.2,29.8,1.0,1e-07,100.0,120,0.35,0.45,True,160.20000000000002,3,1139.7472457962995,33.76014285805526,37.93453263106587,
4040,200,5,132.2,29.8,1.0,1e-07,100.0,120,0.60,0.58,True,158.60000000000002,3,1511.4099894817361,38.876856733559826,41.78977958427519,
4039,200,5,132.2,29.8,1.0,1e-07,100.0,120,0.60,0.45,True,160.0,3,1028.5589011713132,32.071153723733005,35.59963736429086,
4046,200,5,132.2,29.8,1.0,1e-06,50.0,50,center,center,True,142.8,3,0.0015535382731155418,0.03941494986823581,15.537696520724927,
4028,200,5,132.2,29.8,1.0,1e-07,100.0,50,0.45,0.55,True,247.8,3,190.0279081573061,13.78506105018422,33.22932472299504,
4042,200,5,132.2,29.8,1.0,1e-06,50.0,25,0.35,0.45,True,186.0,3,216.67325241824412,14.719825149037746,15.454845369565565,
4041,200,5,132.2,29.8,1.0,1e-06,50.0,25,center,center,True,195.0,3,242.88000564057918,15.584607971988875,16.12529346266922,
4048,200,5,132.2,29.8,1.0,1e-06,50.0,50,0.45,0.55,True,155.60000000000002,3,0.0012852301288933787,0.0358501064000287,2.0684597041573336,
4049,200,5,132.2,29.8,1.0,1e-06,50.0,50,0.60,0.45,True,151.70000000000002,3,1.9579735272796557e-05,0.004424899464710645,11.12202058784448,
4052,200,5,132.2,29.8,1.0,1e-06,50.0,80,0.35,0.45,True,144.70000000000002,3,0.000337715983579827,0.018377050459195757,0.1797974280708237,
4053,200,5,132.2,29.8,1.0,1e-06,50.0,80,0.45,0.55,True,145.8,3,0.00038638691938684363,0.0196567270771826,1.9463868959552797,
4057,200,5,132.2,29.8,1.0,1e-06,50.0,120,0.35,0.45,True,134.5,3,0.000858712688746072,0.02930379990284659,0.08260979292817341,
4051,200,5,132.2,29.8,1.0,1e-06,50.0,80,center,center,True,148.4,3,0.0020431551572285883,0.045201273845198085,3.5655723744865204,
4056,200,5,132.2,29.8,1.0,1e-06,50.0,120,center,center,True,137.4,3,0.0009700254329496811,0.0311452313035187,3.457569250643565,
4054,200,5,132.2,29.8,1.0,1e-06,50.0,80,0.60,0.45,True,148.4,3,553.3177769876271,23.522707688266397,18.10652084979904,
4058,200,5,132.2,29.8,1.0,1e-06,50.0,120,0.45,0.55,True,137.0,3,0.0014703380207005965,0.038344986904425934,1.8123784157345526,
4055,200,5,132.2,29.8,1.0,1e-06,50.0,80,0.60,0.58,True,150.4,3,1.0074690975484694e-05,0.00317406537038617,11.712647548109441,
3922,200,5,83.4,31.6,5.0,1e-06,50.0,25,0.35,0.45,False,900.0,2,253.32672738352204,15.916240994139352,7.4916112804768,vittima non trovata entro 15 minuti
4059,200,5,132.2,29.8,1.0,1e-06,50.0,120,0.60,0.45,True,138.70000000000002,3,4.497848430124082e-05,0.0067066000552620415,12.375269160297224,
4060,200,5,132.2,29.8,1.0,1e-06,50.0,120,0.60,0.58,True,137.6,3,0.00462666043516538,0.06801955921031376,13.142631536414445,
3925,200,5,83.4,31.6,5.0,1e-06,50.0,25,0.60,0.58,False,900.0,2,149.39037812411294,12.2225356667147,11.676661444250568,vittima non trovata entro 15 minuti
3930,200,5,83.4,31.6,5.0,1e-06,50.0,50,0.60,0.58,False,900.0,2,nan,nan,0.6253396610578318,vittima non trovata entro 15 minuti
3928,200,5,83.4,31.6,5.0,1e-06,50.0,50,0.45,0.55,False,900.0,2,nan,nan,0.4732293474347853,vittima non trovata entro 15 minuti
3929,200,5,83.4,31.6,5.0,1e-06,50.0,50,0.60,0.45,False,900.0,2,157.55289644031325,12.552007665720781,9.655071976721043,vittima non trovata entro 15 minuti
4047,200,5,132.2,29.8,1.0,1e-06,50.0,50,0.35,0.45,True,235.5,3,164.34060416259786,12.819539935684036,9.082253951151225,
4050,200,5,132.2,29.8,1.0,1e-06,50.0,50,0.60,0.58,True,222.9,3,0.0006531530346041445,0.025556858856364655,12.33967020362127,
4061,200,5,132.2,29.8,1.0,1e-06,100.0,25,center,center,True,203.20000000000002,3,16.01762100557402,4.002202019585471,12.408406216615269,
4063,200,5,132.2,29.8,1.0,1e-06,100.0,25,0.45,0.55,True,202.0,3,135.83582314076347,11.654862639291956,11.074564028774086,
3948,200,5,83.4,31.6,5.0,1e-06,100.0,50,0.45,0.55,False,900.0,2,nan,nan,0.145902633578969,vittima non trovata entro 15 minuti
4067,200,5,132.2,29.8,1.0,1e-06,100.0,50,0.35,0.45,True,192.70000000000002,3,2.048898937141896,1.4313975468547848,15.853925046469989,
4065,200,5,132.2,29.8,1.0,1e-06,100.0,25,0.60,0.58,True,207.9,3,149.1433214473475,12.212424879906017,21.91416215472801,
4076,200,5,132.2,29.8,1.0,1e-06,100.0,120,center,center,True,137.6,3,nan,nan,14.185072405156847,
4078,200,5,132.2,29.8,1.0,1e-06,100.0,120,0.45,0.55,True,136.4,3,nan,nan,13.382906567677235,
4072,200,5,132.2,29.8,1.0,1e-06,100.0,80,0.35,0.45,True,157.70000000000002,3,nan,nan,15.532381368359141,
4077,200,5,132.2,29.8,1.0,1e-06,100.0,120,0.35,0.45,True,149.9,3,nan,nan,13.692655770039718,
4080,200,5,132.2,29.8,1.0,1e-06,100.0,120,0.60,0.58,True,149.20000000000002,3,nan,nan,13.334669043110415,
4079,200,5,132.2,29.8,1.0,1e-06,100.0,120,0.60,0.45,True,156.10000000000002,3,nan,nan,14.096710179473407,
4074,200,5,132.2,29.8,1.0,1e-06,100.0,80,0.60,0.45,True,176.20000000000002,3,117.12316411837126,10.822345592262856,17.804617850199556,
4075,200,5,132.2,29.8,1.0,1e-06,100.0,80,0.60,0.58,True,199.10000000000002,3,0.687516366909954,0.8291660671481642,13.079133589399039,
4071,200,5,132.2,29.8,1.0,1e-06,100.0,80,center,center,True,214.5,3,32.89910864581349,5.73577445911304,19.01824657493403,
4073,200,5,132.2,29.8,1.0,1e-06,100.0,80,0.45,0.55,True,212.60000000000002,3,2.536714340306814,1.5927066083578652,14.624750850604164,
4081,200,5,132.2,29.8,3.0,1e-08,50.0,25,center,center,True,167.10000000000002,4,224.31030465615538,14.976992510385902,60.868189701657904,
4082,200,5,132.2,29.8,3.0,1e-08,50.0,25,0.35,0.45,True,168.60000000000002,3,19.960231840295467,4.4676875271549,69.32622832471532,
4085,200,5,132.2,29.8,3.0,1e-08,50.0,25,0.60,0.58,True,152.9,3,0.049131545954813664,0.22165636908244632,67.68661714334664,
4083,200,5,132.2,29.8,3.0,1e-08,50.0,25,0.45,0.55,True,165.60000000000002,3,0.022190343546367397,0.14896423579627224,63.316435325142166,
4084,200,5,132.2,29.8,3.0,1e-08,50.0,25,0.60,0.45,True,169.0,3,42.51896627041491,6.520656889487048,68.52508272986945,
4087,200,5,132.2,29.8,3.0,1e-08,50.0,50,0.35,0.45,True,168.70000000000002,3,21.044662799873592,4.587446217654611,69.28334263244034,
4091,200,5,132.2,29.8,3.0,1e-08,50.0,80,center,center,True,141.9,3,0.0,0.0,75.0925073552817,
4088,200,5,132.2,29.8,3.0,1e-08,50.0,50,0.45,0.55,True,165.60000000000002,3,0.022190343546367397,0.14896423579627224,63.316435325142166,
4089,200,5,132.2,29.8,3.0,1e-08,50.0,50,0.60,0.45,True,169.0,3,44.255154006855356,6.65245473542326,68.445334889728,
4086,200,5,132.2,29.8,3.0,1e-08,50.0,50,center,center,True,210.4,3,144.99537537972415,12.041402550356173,74.73604810862088,
4090,200,5,132.2,29.8,3.0,1e-08,50.0,50,0.60,0.58,True,172.3,3,1.1283604786574328,1.0622431353778818,71.07977468781104,
4104,200,5,132.2,29.8,3.0,1e-08,100.0,25,0.60,0.45,True,93.2,3,0.0,0.0,75.0925073552817,
4101,200,5,132.2,29.8,3.0,1e-08,100.0,25,center,center,True,106.2,4,0.016673959847288092,0.12912768815125628,67.28916690376029,
4093,200,5,132.2,29.8,3.0,1e-08,50.0,80,0.45,0.55,True,165.60000000000002,3,0.022190343546367397,0.14896423579627224,63.316435325142166,
4092,200,5,132.2,29.8,3.0,1e-08,50.0,80,0.35,0.45,True,168.70000000000002,3,21.044662799873592,4.587446217654611,69.28334263244034,
4094,200,5,132.2,29.8,3.0,1e-08,50.0,80,0.60,0.45,True,169.0,3,44.25725194242299,6.652612414865531,68.44490527851642,
4105,200,5,132.2,29.8,3.0,1e-08,100.0,25,0.60,0.58,True,105.10000000000001,3,38.84547183008553,6.232613563352499,58.4477970619747,
4106,200,5,132.2,29.8,3.0,1e-08,100.0,50,center,center,True,107.4,3,0.0,0.0,75.0925073552817,
4095,200,5,132.2,29.8,3.0,1e-08,50.0,80,0.60,0.58,True,172.20000000000002,3,0.8933738099075744,0.9451845374886189,71.12485236430057,
4097,200,5,132.2,29.8,3.0,1e-08,50.0,120,0.35,0.45,True,168.70000000000002,3,21.044662799873592,4.587446217654611,69.28334263244034,
4102,200,5,132.2,29.8,3.0,1e-08,100.0,25,0.35,0.45,True,133.20000000000002,3,75.75168804377408,8.703544567805354,57.91955942886746,
4098,200,5,132.2,29.8,3.0,1e-08,50.0,120,0.45,0.55,True,165.60000000000002,3,0.022190343546367397,0.14896423579627224,63.316435325142166,
4096,200,5,132.2,29.8,3.0,1e-08,50.0,120,center,center,True,187.3,3,74.43703944365018,8.627690272816368,68.49116601458672,
4099,200,5,132.2,29.8,3.0,1e-08,50.0,120,0.60,0.45,True,169.0,3,44.25725194242299,6.652612414865531,68.44490527851642,
4107,200,5,132.2,29.8,3.0,1e-08,100.0,50,0.35,0.45,True,120.60000000000001,3,315.0353334202552,17.749234727735594,60.75070574296831,
4043,200,5,132.2,29.8,1.0,1e-06,50.0,25,0.45,0.55,True,622.0,3,503.6348332942129,22.441809938019993,13.038702150869403,
4100,200,5,132.2,29.8,3.0,1e-08,50.0,120,0.60,0.58,True,172.20000000000002,3,0.8933738099075744,0.9451845374886189,71.12485236430057,
4108,200,5,132.2,29.8,3.0,1e-08,100.0,50,0.45,0.55,True,120.9,3,195.58002143085463,13.984992721873494,67.9904821468418,
4109,200,5,132.2,29.8,3.0,1e-08,100.0,50,0.60,0.45,True,106.2,3,0.0,0.0,75.0925073552817,
4110,200,5,132.2,29.8,3.0,1e-08,100.0,50,0.60,0.58,True,105.30000000000001,4,0.0674798521661546,0.2597688437171683,61.26461137942315,
4103,200,5,132.2,29.8,3.0,1e-08,100.0,25,0.45,0.55,True,194.9,3,0.1297994916095475,0.36027696513869367,74.49974923990317,
4113,200,5,132.2,29.8,3.0,1e-08,100.0,80,0.45,0.55,True,105.10000000000001,3,110.64169505749388,10.518635608171522,61.260570133451104,
4111,200,5,132.2,29.8,3.0,1e-08,100.0,80,center,center,True,120.30000000000001,4,0.01570336382013196,0.1253130632461435,70.01901665149592,
4115,200,5,132.2,29.8,3.0,1e-08,100.0,80,0.60,0.58,True,106.30000000000001,4,0.0,0.0,75.0925073552817,
4116,200,5,132.2,29.8,3.0,1e-08,100.0,120,center,center,True,106.2,4,2.0194839173657902e-28,1.4210854715202004e-14,73.98146874782783,
4112,200,5,132.2,29.8,3.0,1e-08,100.0,80,0.35,0.45,True,133.5,3,0.5400100320924676,0.7348537487775834,68.4913184047433,
4122,200,5,132.2,29.8,3.0,1e-07,50.0,25,0.35,0.45,True,111.60000000000001,3,0.03555048194109939,0.1885483543844904,31.420363820604415,
4117,200,5,132.2,29.8,3.0,1e-08,100.0,120,0.35,0.45,True,120.2,3,92.40652003614191,9.612831010484992,67.94550861042184,
4123,200,5,132.2,29.8,3.0,1e-07,50.0,25,0.45,0.55,True,110.7,3,9.398439065936873e-06,0.003065687372505043,32.60621258240768,
4119,200,5,132.2,29.8,3.0,1e-08,100.0,120,0.60,0.45,True,120.2,3,0.0,0.0,75.0925073552817,
4120,200,5,132.2,29.8,3.0,1e-08,100.0,120,0.60,0.58,True,119.5,4,4.347528843039278e-07,0.0006593579333745275,61.93729190047125,
4124,200,5,132.2,29.8,3.0,1e-07,50.0,25,0.60,0.45,True,110.4,3,8.43837692176905e-06,0.0029048884525518445,32.347757899882374,
4121,200,5,132.2,29.8,3.0,1e-07,50.0,25,center,center,True,126.10000000000001,3,1.3587680001778077e-06,0.001165662043723569,27.556122446317147,
4118,200,5,132.2,29.8,3.0,1e-08,100.0,120,0.45,0.55,True,133.0,3,8.16365041334062,2.85721025011122,60.76375221530149,
4125,200,5,132.2,29.8,3.0,1e-07,50.0,25,0.60,0.58,True,124.4,3,1.941993306763198e-06,0.0013935541994350984,33.47394958390356,
4126,200,5,132.2,29.8,3.0,1e-07,50.0,50,center,center,True,121.60000000000001,3,0.013352950503281474,0.11555496745394148,28.26141604437924,
4132,200,5,132.2,29.8,3.0,1e-07,50.0,80,0.35,0.45,True,111.5,3,2.827350136471506e-07,0.0005317283269181271,29.965559559795302,
4131,200,5,132.2,29.8,3.0,1e-07,50.0,80,center,center,True,115.5,3,3.1748363666864805e-05,0.00563456863183552,28.173380169019786,
4128,200,5,132.2,29.8,3.0,1e-07,50.0,50,0.45,0.55,True,132.5,3,2.850362438776165e-06,0.0016883016433019795,31.273248934526535,
4127,200,5,132.2,29.8,3.0,1e-07,50.0,50,0.35,0.45,True,156.8,3,7.070932975675583e-06,0.002659122595081991,32.12219411210615,
4133,200,5,132.2,29.8,3.0,1e-07,50.0,80,0.45,0.55,True,111.2,3,9.274650026636844e-08,0.00030454310083528153,29.77879321450023,
4135,200,5,132.2,29.8,3.0,1e-07,50.0,80,0.60,0.58,True,97.60000000000001,3,0.0180730476165637,0.13443603540927448,29.587880522946246,
4129,200,5,132.2,29.8,3.0,1e-07,50.0,50,0.60,0.45,True,139.20000000000002,3,1.00569403095686e-05,0.0031712679340554937,32.25214134706244,
4114,200,5,132.2,29.8,3.0,1e-08,100.0,80,0.60,0.45,True,214.5,3,0.3788475334368723,0.6155059166546429,72.96602957097878,
4134,200,5,132.2,29.8,3.0,1e-07,50.0,80,0.60,0.45,True,129.8,3,0.010161978650125723,0.10080663991089933,32.43320013050483,
4130,200,5,132.2,29.8,3.0,1e-07,50.0,50,0.60,0.58,True,151.6,3,1.0440878754984532e-05,0.0032312348653393383,34.933551710054644,
4137,200,5,132.2,29.8,3.0,1e-07,50.0,120,0.35,0.45,True,110.4,3,2.4824823165060524e-06,0.0015755895139616958,30.196850465841454,
4140,200,5,132.2,29.8,3.0,1e-07,50.0,120,0.60,0.58,True,98.2,3,0.014663742932614994,0.12109394259257973,30.138188395272017,
4029,200,5,132.2,29.8,1.0,1e-07,100.0,50,0.60,0.45,False,900.0,2,750.0459780881786,27.386967303594943,36.84350582955658,vittima non trovata entro 15 minuti
4136,200,5,132.2,29.8,3.0,1e-07,50.0,120,center,center,True,135.0,3,6.593253871680569e-06,0.0025677332166096556,30.939555502706323,
4138,200,5,132.2,29.8,3.0,1e-07,50.0,120,0.45,0.55,True,130.6,3,8.372975350158192e-06,0.002893609398339415,29.631648497150874,
4139,200,5,132.2,29.8,3.0,1e-07,50.0,120,0.60,0.45,True,121.80000000000001,3,0.017376514532514955,0.131820008088738,29.87595660807053,
4044,200,5,132.2,29.8,1.0,1e-06,50.0,25,0.60,0.45,False,900.0,2,447.67269087661674,21.158277124487636,14.140133257648433,vittima non trovata entro 15 minuti
4143,200,5,132.2,29.8,3.0,1e-07,100.0,25,0.45,0.55,True,186.20000000000002,3,417.50425508436956,20.432920865220655,30.95232189584714,
4151,200,5,132.2,29.8,3.0,1e-07,100.0,80,center,center,True,147.6,3,7.286163083732645e-05,0.008535902461797841,24.578818216938345,
4147,200,5,132.2,29.8,3.0,1e-07,100.0,50,0.35,0.45,True,173.3,3,0.00022061818691319278,0.01485322143217399,28.96725399775045,
4146,200,5,132.2,29.8,3.0,1e-07,100.0,50,center,center,True,186.60000000000002,3,583.9913921735058,24.16591384933551,31.20638667700848,
4154,200,5,132.2,29.8,3.0,1e-07,100.0,80,0.60,0.45,True,144.70000000000002,3,1272.1271907963687,35.66689208210282,36.249631145549564,
4156,200,5,132.2,29.8,3.0,1e-07,100.0,120,center,center,True,135.1,3,1.3529088321174276e-06,0.001163146092336396,26.3869116259559,
4142,200,5,132.2,29.8,3.0,1e-07,100.0,25,0.35,0.45,True,207.10000000000002,3,387.8761126438923,19.69457063872915,32.88167271594719,
4144,200,5,132.2,29.8,3.0,1e-07,100.0,25,0.60,0.45,True,205.3,3,179.62965409321333,13.402598781326454,32.54308802653805,
4158,200,5,132.2,29.8,3.0,1e-07,100.0,120,0.45,0.55,True,136.0,3,0.00012808303500103194,0.01131737756730913,26.92242576494027,
4152,200,5,132.2,29.8,3.0,1e-07,100.0,80,0.35,0.45,True,165.60000000000002,3,796.1115728544825,28.215449187537,36.1790126812202,
4145,200,5,132.2,29.8,3.0,1e-07,100.0,25,0.60,0.58,True,210.20000000000002,3,387.81037943256405,19.69290175247325,34.05913732214769,
4153,200,5,132.2,29.8,3.0,1e-07,100.0,80,0.45,0.55,True,167.3,3,727.5069438964742,26.972336641390086,34.82734076218667,
4141,200,5,132.2,29.8,3.0,1e-07,100.0,25,center,center,True,220.0,3,347.2130111781119,18.63365265260979,22.284882915374236,
4155,200,5,132.2,29.8,3.0,1e-07,100.0,80,0.60,0.58,True,167.5,3,776.2841647486672,27.86187654750963,38.17331361400052,
4150,200,5,132.2,29.8,3.0,1e-07,100.0,50,0.60,0.58,True,184.0,3,5.253341682461704e-06,0.002292016946373151,32.29826289632534,
4157,200,5,132.2,29.8,3.0,1e-07,100.0,120,0.35,0.45,True,160.3,3,1093.7472438214666,33.07184971877845,37.87011464232428,
4045,200,5,132.2,29.8,1.0,1e-06,50.0,25,0.60,0.58,False,900.0,2,0.004726414987627177,0.06874892717437253,15.04518480828999,vittima non trovata entro 15 minuti
4160,200,5,132.2,29.8,3.0,1e-07,100.0,120,0.60,0.58,True,155.8,3,1416.4468702618035,37.63571269767325,43.40631950156777,
4159,200,5,132.2,29.8,3.0,1e-07,100.0,120,0.60,0.45,True,162.10000000000002,3,752.4320727750821,27.4304953067764,43.75886509371283,
4149,200,5,132.2,29.8,3.0,1e-07,100.0,50,0.60,0.45,True,210.70000000000002,3,450.47304186845633,21.224350210747474,31.182131036867766,
4148,200,5,132.2,29.8,3.0,1e-07,100.0,50,0.45,0.55,True,261.7,3,162.23128257719276,12.737004458552756,33.359246620489316,
4162,200,5,132.2,29.8,3.0,1e-06,50.0,25,0.35,0.45,True,186.10000000000002,3,211.0213132639866,14.526572660610162,15.488168509566934,
4161,200,5,132.2,29.8,3.0,1e-06,50.0,25,center,center,True,194.20000000000002,3,257.3535437424634,16.042242478608262,16.0346792828635,
4166,200,5,132.2,29.8,3.0,1e-06,50.0,50,center,center,True,142.6,3,3.3043046689824426e-05,0.0057483081589128834,13.708001201811067,
4169,200,5,132.2,29.8,3.0,1e-06,50.0,50,0.60,0.45,True,146.9,3,0.0017392477727893655,0.04170428962096544,13.075460883927521,
4171,200,5,132.2,29.8,3.0,1e-06,50.0,80,center,center,True,147.1,3,0.001835272497248431,0.04284008050002277,2.900824692460887,
4168,200,5,132.2,29.8,3.0,1e-06,50.0,50,0.45,0.55,True,155.60000000000002,3,0.0010353650677728029,0.03217708917495184,1.978158445106932,
4172,200,5,132.2,29.8,3.0,1e-06,50.0,80,0.35,0.45,True,144.9,3,0.00034427283865857343,0.018554590770442053,0.18421397857009333,
4177,200,5,132.2,29.8,3.0,1e-06,50.0,120,0.35,0.45,True,134.6,3,0.0016341935148023224,0.04042515942828578,0.08316383020306242,
4173,200,5,132.2,29.8,3.0,1e-06,50.0,80,0.45,0.55,True,145.6,3,0.0017183988817400804,0.041453575017603495,1.8363575788472066,
4062,200,5,132.2,29.8,1.0,1e-06,100.0,25,0.35,0.45,False,900.0,2,1.1908884516732618,1.0912783566410826,11.843872518882861,vittima non trovata entro 15 minuti
4174,200,5,132.2,29.8,3.0,1e-06,50.0,80,0.60,0.45,True,149.5,3,794.5281017059926,28.187374863686625,20.069937546367196,
4176,200,5,132.2,29.8,3.0,1e-06,50.0,120,center,center,True,147.4,3,0.0005440213072413501,0.02332426434512673,3.106656825381918,
4179,200,5,132.2,29.8,3.0,1e-06,50.0,120,0.60,0.45,True,136.8,3,1.4819926490013027e-05,0.003849665763415446,12.98816199669806,
4175,200,5,132.2,29.8,3.0,1e-06,50.0,80,0.60,0.58,True,150.1,3,2.063428303765325e-05,0.004542497444980377,11.638871723895873,
4178,200,5,132.2,29.8,3.0,1e-06,50.0,120,0.45,0.55,True,149.0,3,0.0007666592828981314,0.02768861287421476,1.4791923994778475,
4180,200,5,132.2,29.8,3.0,1e-06,50.0,120,0.60,0.58,True,137.4,3,0.004646274721944985,0.06816358794800187,13.510730740603428,
4064,200,5,132.2,29.8,1.0,1e-06,100.0,25,0.60,0.45,False,900.0,2,98.61699864599726,9.930609177990908,20.369433573500295,vittima non trovata entro 15 minuti
4170,200,5,132.2,29.8,3.0,1e-06,50.0,50,0.60,0.58,True,186.0,3,4.107967305653786e-05,0.006409342638409797,12.21740448879839,
4167,200,5,132.2,29.8,3.0,1e-06,50.0,50,0.35,0.45,True,208.3,3,81.35426415706182,9.019659869255705,6.178860993436726,
4068,200,5,132.2,29.8,1.0,1e-06,100.0,50,0.45,0.55,False,900.0,2,165.9010435731129,12.880257900100949,17.189432531659033,vittima non trovata entro 15 minuti
4066,200,5,132.2,29.8,1.0,1e-06,100.0,50,center,center,False,900.0,2,nan,nan,14.376769062441383,vittima non trovata entro 15 minuti
4181,200,5,132.2,29.8,3.0,1e-06,100.0,25,center,center,True,215.70000000000002,3,8.701997934413965,2.9499149029105847,14.889866034971936,
4069,200,5,132.2,29.8,1.0,1e-06,100.0,50,0.60,0.45,False,900.0,2,272.2057227609136,16.498658210924717,17.746273423442368,vittima non trovata entro 15 minuti
4192,200,5,132.2,29.8,3.0,1e-06,100.0,80,0.35,0.45,True,143.4,3,nan,nan,13.472480689050272,
4070,200,5,132.2,29.8,1.0,1e-06,100.0,50,0.60,0.58,False,900.0,2,nan,nan,16.448134587443796,vittima non trovata entro 15 minuti
4196,200,5,132.2,29.8,3.0,1e-06,100.0,120,center,center,True,136.6,3,nan,nan,14.865206749719123,
4197,200,5,132.2,29.8,3.0,1e-06,100.0,120,0.35,0.45,True,135.70000000000002,3,nan,nan,13.988435265867807,
4185,200,5,132.2,29.8,3.0,1e-06,100.0,25,0.60,0.58,True,204.10000000000002,3,144.06791502952345,12.002829459320141,21.412217950965527,
4187,200,5,132.2,29.8,3.0,1e-06,100.0,50,0.35,0.45,True,206.10000000000002,3,3.0882889081380123,1.7573528126526023,15.645492675802528,
4198,200,5,132.2,29.8,3.0,1e-06,100.0,120,0.45,0.55,True,149.70000000000002,3,nan,nan,13.482580361244542,
4200,200,5,132.2,29.8,3.0,1e-06,100.0,120,0.60,0.58,True,149.8,3,nan,nan,13.36306102761823,
4199,200,5,132.2,29.8,3.0,1e-06,100.0,120,0.60,0.45,True,158.5,3,nan,nan,13.765662359515362,
4194,200,5,132.2,29.8,3.0,1e-06,100.0,80,0.60,0.45,True,179.60000000000002,3,80.31001500738697,8.961585518611479,16.927265106052612,
4193,200,5,132.2,29.8,3.0,1e-06,100.0,80,0.45,0.55,True,200.20000000000002,3,0.07647775960820746,0.2765461256430968,13.286325609753169,
4195,200,5,132.2,29.8,3.0,1e-06,100.0,80,0.60,0.58,True,214.20000000000002,3,6.173140987493862,2.484580646204478,15.014494445519688,
4202,200,5,132.2,29.8,5.0,1e-08,50.0,25,0.35,0.45,True,168.60000000000002,3,19.96042050494345,4.467708641456317,69.37042145828494,
4203,200,5,132.2,29.8,5.0,1e-08,50.0,25,0.45,0.55,True,165.60000000000002,3,0.022191519984371823,0.1489681844702815,63.43133343307523,
4206,200,5,132.2,29.8,5.0,1e-08,50.0,50,center,center,True,140.20000000000002,4,67.6909059551549,8.227448325887858,73.91776098969267,
4204,200,5,132.2,29.8,5.0,1e-08,50.0,25,0.60,0.45,True,169.0,3,44.26924076896793,6.653513415404521,68.56443235121701,
4205,200,5,132.2,29.8,5.0,1e-08,50.0,25,0.60,0.58,True,171.5,3,25.32139696204927,5.03203705889069,72.25812657190852,
4207,200,5,132.2,29.8,5.0,1e-08,50.0,50,0.35,0.45,True,168.70000000000002,3,21.044857507311377,4.587467439373426,69.32751236334711,
4164,200,5,132.2,29.8,3.0,1e-06,50.0,25,0.60,0.45,True,503.70000000000005,3,346.0840591564967,18.603334624644496,14.612218103852515,
4201,200,5,132.2,29.8,5.0,1e-08,50.0,25,center,center,True,235.60000000000002,3,325.00873707621116,18.027998698585797,67.41279432187208,
4208,200,5,132.2,29.8,5.0,1e-08,50.0,50,0.45,0.55,True,165.60000000000002,3,0.022191519984371823,0.1489681844702815,63.43133343307523,
4211,200,5,132.2,29.8,5.0,1e-08,50.0,80,center,center,True,153.70000000000002,3,5.098748565918965e-23,7.1405521956771416e-12,72.09777543416871,
4209,200,5,132.2,29.8,5.0,1e-08,50.0,50,0.60,0.45,True,169.0,3,44.27105643742231,6.653649858342586,68.56498405778368,
4210,200,5,132.2,29.8,5.0,1e-08,50.0,50,0.60,0.58,True,172.20000000000002,3,2.5007425901327838,1.581373640267468,71.61385782428134,
4221,200,5,132.2,29.8,5.0,1e-08,100.0,25,center,center,True,105.7,3,71.80796672874158,8.473958150046622,61.20264540766734,
4212,200,5,132.2,29.8,5.0,1e-08,50.0,80,0.35,0.45,True,168.70000000000002,3,21.044857507311377,4.587467439373426,69.32751236334711,
4213,200,5,132.2,29.8,5.0,1e-08,50.0,80,0.45,0.55,True,165.60000000000002,3,0.022191519984371823,0.1489681844702815,63.43133343307523,
4215,200,5,132.2,29.8,5.0,1e-08,50.0,80,0.60,0.58,True,172.10000000000002,3,2.1415530163696026,1.4634045976317016,71.65830711772973,
4214,200,5,132.2,29.8,5.0,1e-08,50.0,80,0.60,0.45,True,169.0,3,44.27491814005077,6.653940046322237,68.56483141408232,
4225,200,5,132.2,29.8,5.0,1e-08,100.0,25,0.60,0.58,True,106.30000000000001,3,0.0,0.0,75.0925073552817,
4217,200,5,132.2,29.8,5.0,1e-08,50.0,120,0.35,0.45,True,168.70000000000002,3,21.044857507311377,4.587467439373426,69.32751236334711,
4218,200,5,132.2,29.8,5.0,1e-08,50.0,120,0.45,0.55,True,165.60000000000002,3,0.022191519984371823,0.1489681844702815,63.43133343307523,
4222,200,5,132.2,29.8,5.0,1e-08,100.0,25,0.35,0.45,True,133.20000000000002,3,75.75168805206155,8.703544568281451,57.920960886893106,
4219,200,5,132.2,29.8,5.0,1e-08,50.0,120,0.60,0.45,True,169.0,3,44.27491814005077,6.653940046322237,68.56483141408232,
4223,200,5,132.2,29.8,5.0,1e-08,100.0,25,0.45,0.55,True,133.6,3,0.06747735181335136,0.259764031023064,63.04246621095917,
4226,200,5,132.2,29.8,5.0,1e-08,100.0,50,center,center,True,120.5,4,0.0036320834820556774,0.06026676930162822,73.30319742035722,
4216,200,5,132.2,29.8,5.0,1e-08,50.0,120,center,center,True,205.4,3,27.60788375932123,5.254320485021943,73.64048882925306,
4220,200,5,132.2,29.8,5.0,1e-08,50.0,120,0.60,0.58,True,172.10000000000002,3,2.1415530163696026,1.4634045976317016,71.65830711772973,
4163,200,5,132.2,29.8,3.0,1e-06,50.0,25,0.45,0.55,True,622.1,3,499.80363319448173,22.35628844854355,13.002731257558489,
4229,200,5,132.2,29.8,5.0,1e-08,100.0,50,0.60,0.45,True,106.9,3,0.0,0.0,75.0925073552817,
4227,200,5,132.2,29.8,5.0,1e-08,100.0,50,0.35,0.45,True,120.80000000000001,3,343.08825627536993,18.52264171967298,60.150555365180345,
4224,200,5,132.2,29.8,5.0,1e-08,100.0,25,0.60,0.45,True,161.70000000000002,3,94.81669761767216,9.73738659074765,61.00983652986532,
4228,200,5,132.2,29.8,5.0,1e-08,100.0,50,0.45,0.55,True,133.6,3,47.29941811292253,6.877457241809834,70.90234149973656,
4233,200,5,132.2,29.8,5.0,1e-08,100.0,80,0.45,0.55,True,104.80000000000001,3,64.82187991261614,8.051203631297382,58.87819370568185,
4231,200,5,132.2,29.8,5.0,1e-08,100.0,80,center,center,True,122.0,3,0.4182923443578936,0.6467552430076571,72.51428565525819,
4235,200,5,132.2,29.8,5.0,1e-08,100.0,80,0.60,0.58,True,105.7,4,0.06728088866067872,0.25938559840646264,65.6581123066338,
4236,200,5,132.2,29.8,5.0,1e-08,100.0,120,center,center,True,105.5,4,0.016625009631008443,0.12893800692971968,63.063848472195914,
4234,200,5,132.2,29.8,5.0,1e-08,100.0,80,0.60,0.45,True,118.7,3,43.60353352393379,6.6032971706514765,70.76653503253509,
4232,200,5,132.2,29.8,5.0,1e-08,100.0,80,0.35,0.45,True,133.5,3,0.5400099944536917,0.7348537231678776,68.49078448098227,
4244,200,5,132.2,29.8,5.0,1e-07,50.0,25,0.60,0.45,True,96.80000000000001,3,0.001713832523233694,0.041398460396899955,27.29723825029545,
4241,200,5,132.2,29.8,5.0,1e-07,50.0,25,center,center,True,110.10000000000001,3,2.3298282181055e-06,0.001526377482179785,30.94093903814445,
4237,200,5,132.2,29.8,5.0,1e-08,100.0,120,0.35,0.45,True,120.30000000000001,3,92.40649588697828,9.612829754394815,67.938925054656,
4239,200,5,132.2,29.8,5.0,1e-08,100.0,120,0.60,0.45,True,120.10000000000001,4,0.0,0.0,75.0925073552817,
4242,200,5,132.2,29.8,5.0,1e-07,50.0,25,0.35,0.45,True,111.7,3,0.03189137679644026,0.1785815690278262,31.93578151260866,
4240,200,5,132.2,29.8,5.0,1e-08,100.0,120,0.60,0.58,True,119.7,3,8.295301298855531e-07,0.0009107854466808048,63.14391020948846,
4245,200,5,132.2,29.8,5.0,1e-07,50.0,25,0.60,0.58,True,109.30000000000001,3,8.803682461866167e-07,0.0009382794073124576,34.301363822833636,
4230,200,5,132.2,29.8,5.0,1e-08,100.0,50,0.60,0.58,True,186.0,3,0.03263705806525027,0.18065729452543638,74.99278609530873,
4238,200,5,132.2,29.8,5.0,1e-08,100.0,120,0.45,0.55,True,133.1,3,8.922851804486756,2.987114293843936,61.15212504992962,
4243,200,5,132.2,29.8,5.0,1e-07,50.0,25,0.45,0.55,True,131.6,3,0.0154101634019103,0.12413767921912468,32.45829495718066,
4246,200,5,132.2,29.8,5.0,1e-07,50.0,50,center,center,True,120.2,3,0.011423059747483377,0.1068787151283331,28.502681540929764,
4251,200,5,132.2,29.8,5.0,1e-07,50.0,80,center,center,True,111.5,3,0.0074342063167837525,0.08622184361740215,27.846737474042396,
4250,200,5,132.2,29.8,5.0,1e-07,50.0,50,0.60,0.58,True,110.30000000000001,3,3.942621837524125e-06,0.0019856036456262173,31.819482924577255,
4249,200,5,132.2,29.8,5.0,1e-07,50.0,50,0.60,0.45,True,115.7,3,0.0029370678607356492,0.05419472170549129,29.47267580367836,
4248,200,5,132.2,29.8,5.0,1e-07,50.0,50,0.45,0.55,True,133.1,3,2.836235404986028e-06,0.001684112646168904,31.28447719456394,
4252,200,5,132.2,29.8,5.0,1e-07,50.0,80,0.35,0.45,True,111.60000000000001,3,0.012833107611956125,0.1132833068547883,30.119837533889847,
4247,200,5,132.2,29.8,5.0,1e-07,50.0,50,0.35,0.45,True,148.9,3,7.896555218521848e-06,0.0028100809985695872,32.00762106227029,
4253,200,5,132.2,29.8,5.0,1e-07,50.0,80,0.45,0.55,True,111.2,3,2.7960760713457866e-07,0.0005287793558135366,29.801843201953663,
4255,200,5,132.2,29.8,5.0,1e-07,50.0,80,0.60,0.58,True,109.80000000000001,3,1.40499093271292e-06,0.0011853231343025917,32.06221979059003,
4256,200,5,132.2,29.8,5.0,1e-07,50.0,120,center,center,True,115.4,3,0.010388821569064729,0.10192556876988584,29.701282963886012,
4254,200,5,132.2,29.8,5.0,1e-07,50.0,80,0.60,0.45,True,130.20000000000002,3,4.872500493448697e-05,0.006980329858573086,31.896255480714782,
4257,200,5,132.2,29.8,5.0,1e-07,50.0,120,0.35,0.45,True,110.5,3,2.816161991453665e-06,0.001678142422875265,30.240179908481732,
4260,200,5,132.2,29.8,5.0,1e-07,50.0,120,0.60,0.58,True,98.2,3,0.0006560500922600091,0.025613474818150097,30.92921728618736,
4259,200,5,132.2,29.8,5.0,1e-07,50.0,120,0.60,0.45,True,124.7,3,8.320556360679835e-06,0.0028845374604396863,30.311920525593465,
4258,200,5,132.2,29.8,5.0,1e-07,50.0,120,0.45,0.55,True,131.0,3,8.938221752535247e-06,0.002989685895296569,29.76037974606604,
4272,200,5,132.2,29.8,5.0,1e-07,100.0,80,0.35,0.45,True,163.10000000000002,3,906.5077067799864,30.108266419373706,37.47328271648733,
4271,200,5,132.2,29.8,5.0,1e-07,100.0,80,center,center,True,172.3,3,9.197272479261429e-07,0.0009590241122756731,25.090247494303338,
4267,200,5,132.2,29.8,5.0,1e-07,100.0,50,0.35,0.45,True,171.70000000000002,3,0.005252493071608223,0.0724740855175712,28.961899621609383,
4269,200,5,132.2,29.8,5.0,1e-07,100.0,50,0.60,0.45,True,169.0,3,2203.52550273404,46.94172453941206,44.0295500034518,
4276,200,5,132.2,29.8,5.0,1e-07,100.0,120,center,center,True,136.9,3,8.999170137072355e-07,0.0009486395594256206,25.832610681369683,
4273,200,5,132.2,29.8,5.0,1e-07,100.0,80,0.45,0.55,True,167.5,3,753.4364625049549,27.44879710488157,34.96021443102867,
4263,200,5,132.2,29.8,5.0,1e-07,100.0,25,0.45,0.55,True,194.5,3,125.58900822133602,11.20665017841353,28.93163834405727,
4274,200,5,132.2,29.8,5.0,1e-07,100.0,80,0.60,0.45,True,169.5,3,799.0017100768437,28.26661829927386,35.640613171497044,
4270,200,5,132.2,29.8,5.0,1e-07,100.0,50,0.60,0.58,True,184.4,3,5.531952437477258e-06,0.00235201029706021,32.02303185475151,
4278,200,5,132.2,29.8,5.0,1e-07,100.0,120,0.45,0.55,True,136.1,3,0.0032714854521985436,0.05719690072196695,27.05138071497873,
4264,200,5,132.2,29.8,5.0,1e-07,100.0,25,0.60,0.45,True,205.4,3,173.30233220165863,13.164434366947129,32.62857899985259,
4275,200,5,132.2,29.8,5.0,1e-07,100.0,80,0.60,0.58,True,166.9,3,816.8573854140927,28.580717020643355,38.293268684447455,
4261,200,5,132.2,29.8,5.0,1e-07,100.0,25,center,center,True,220.0,3,347.2477553971935,18.63458492688242,22.484374108467897,
4265,200,5,132.2,29.8,5.0,1e-07,100.0,25,0.60,0.58,True,209.10000000000002,3,317.02923323525334,17.805314746874128,34.40857295764764,
4277,200,5,132.2,29.8,5.0,1e-07,100.0,120,0.35,0.45,True,159.9,3,1240.5278973189668,35.221128563959546,38.75875981569198,
4262,200,5,132.2,29.8,5.0,1e-07,100.0,25,0.35,0.45,True,238.8,3,281.51888254270733,16.778524444739094,33.53109612748661,
4280,200,5,132.2,29.8,5.0,1e-07,100.0,120,0.60,0.58,True,154.70000000000002,3,1229.4986940322767,35.06420816206002,41.80577074189912,
4279,200,5,132.2,29.8,5.0,1e-07,100.0,120,0.60,0.45,True,160.20000000000002,3,1274.4708783275905,35.69973218845753,36.70493796320791,
4268,200,5,132.2,29.8,5.0,1e-07,100.0,50,0.45,0.55,True,246.9,3,211.43004040770228,14.540634112984973,33.35431797582173,
4282,200,5,132.2,29.8,5.0,1e-06,50.0,25,0.35,0.45,True,186.3,3,206.5716728742289,14.372601465087277,15.500904468457433,
4165,200,5,132.2,29.8,3.0,1e-06,50.0,25,0.60,0.58,False,900.0,2,292.02211476579976,17.088654562773506,25.601968788954128,vittima non trovata entro 15 minuti
4182,200,5,132.2,29.8,3.0,1e-06,100.0,25,0.35,0.45,False,900.0,2,1.20514687083682,1.097791815799708,11.596788367730078,vittima non trovata entro 15 minuti
4286,200,5,132.2,29.8,5.0,1e-06,50.0,50,center,center,True,148.4,3,0.0013500556926125708,0.03674310401439392,0.9975696103951944,
4289,200,5,132.2,29.8,5.0,1e-06,50.0,50,0.60,0.45,True,147.1,3,0.0016855661619049444,0.041055647137817036,12.927556452499958,
4292,200,5,132.2,29.8,5.0,1e-06,50.0,80,0.35,0.45,True,145.0,3,0.00039193723200740095,0.019797404678578476,0.5212323074602151,
4288,200,5,132.2,29.8,5.0,1e-06,50.0,50,0.45,0.55,True,154.70000000000002,3,0.00034467320637713916,0.018565376548218437,1.4755070392297478,
4296,200,5,132.2,29.8,5.0,1e-06,50.0,120,center,center,True,135.70000000000002,3,0.0006086735223665036,0.024671309701077962,1.6417372925612403,
4293,200,5,132.2,29.8,5.0,1e-06,50.0,80,0.45,0.55,True,146.0,3,0.001257318589479717,0.03545868849068895,1.1815804432339179,
4297,200,5,132.2,29.8,5.0,1e-06,50.0,120,0.35,0.45,True,135.1,3,0.0015439005987542618,0.039292500540869905,0.5005927810809763,
4291,200,5,132.2,29.8,5.0,1e-06,50.0,80,center,center,True,164.20000000000002,3,0.0004571273255079293,0.02138053613705534,1.6204542157062984,
4295,200,5,132.2,29.8,5.0,1e-06,50.0,80,0.60,0.58,True,147.0,3,0.004551090739140845,0.06746177242810068,11.601448076607424,
4294,200,5,132.2,29.8,5.0,1e-06,50.0,80,0.60,0.45,True,149.20000000000002,3,614.4365770886792,24.787831230034612,18.56785642445346,
4299,200,5,132.2,29.8,5.0,1e-06,50.0,120,0.60,0.45,True,136.6,3,0.001997898628038719,0.044697859322776506,13.038733340413284,
4183,200,5,132.2,29.8,3.0,1e-06,100.0,25,0.45,0.55,False,900.0,2,0.0036924656051479355,0.06076566139809502,2.7055415255411925,vittima non trovata entro 15 minuti
4300,200,5,132.2,29.8,5.0,1e-06,50.0,120,0.60,0.58,True,136.9,3,0.0030166400477603635,0.054923947853011836,9.50742442326898,
4298,200,5,132.2,29.8,5.0,1e-06,50.0,120,0.45,0.55,True,148.5,3,0.0008381144415891476,0.028950206244328338,1.0287120674955499,
4290,200,5,132.2,29.8,5.0,1e-06,50.0,50,0.60,0.58,True,180.4,3,0.00013506068401182363,0.01162156116930181,12.87863325501701,
4188,200,5,132.2,29.8,3.0,1e-06,100.0,50,0.45,0.55,False,900.0,2,166.916351227423,12.919611109759574,16.980652470176505,vittima non trovata entro 15 minuti
4186,200,5,132.2,29.8,3.0,1e-06,100.0,50,center,center,False,900.0,2,nan,nan,14.614475829008017,vittima non trovata entro 15 minuti
4184,200,5,132.2,29.8,3.0,1e-06,100.0,25,0.60,0.45,False,900.0,2,1333.3061565320695,36.51446503143747,41.316678729724536,vittima non trovata entro 15 minuti
4287,200,5,132.2,29.8,5.0,1e-06,50.0,50,0.35,0.45,True,222.20000000000002,3,72.31555505910282,8.503855305630665,5.575253205432217,
4189,200,5,132.2,29.8,3.0,1e-06,100.0,50,0.60,0.45,False,900.0,2,3.103808604791635,1.761762925251759,12.572246192829816,vittima non trovata entro 15 minuti
4301,200,5,132.2,29.8,5.0,1e-06,100.0,25,center,center,True,204.3,3,10.920409221347,3.3046042457981257,12.926060014547392,
4191,200,5,132.2,29.8,3.0,1e-06,100.0,80,center,center,False,900.0,2,nan,nan,15.052956543907955,vittima non trovata entro 15 minuti
4190,200,5,132.2,29.8,3.0,1e-06,100.0,50,0.60,0.58,False,900.0,2,nan,nan,16.374698989934153,vittima non trovata entro 15 minuti
4312,200,5,132.2,29.8,5.0,1e-06,100.0,80,0.35,0.45,True,143.8,3,nan,nan,13.699714712287339,
4317,200,5,132.2,29.8,5.0,1e-06,100.0,120,0.35,0.45,True,134.0,3,nan,nan,14.215647535043669,
4316,200,5,132.2,29.8,5.0,1e-06,100.0,120,center,center,True,135.8,3,nan,nan,14.328222393265836,
4305,200,5,132.2,29.8,5.0,1e-06,100.0,25,0.60,0.58,True,197.5,3,2.5300231009544216,1.5906046337649158,13.617137762400235,
4320,200,5,132.2,29.8,5.0,1e-06,100.0,120,0.60,0.58,True,150.4,3,nan,nan,13.790103392806362,
4318,200,5,132.2,29.8,5.0,1e-06,100.0,120,0.45,0.55,True,148.70000000000002,3,nan,nan,13.448845397136322,
4313,200,5,132.2,29.8,5.0,1e-06,100.0,80,0.45,0.55,True,199.9,3,0.7378551095665611,0.8589849297668505,12.967021197913933,
4307,200,5,132.2,29.8,5.0,1e-06,100.0,50,0.35,0.45,True,207.0,3,50.03303797891627,7.073403563979385,21.722738569135146,
4319,200,5,132.2,29.8,5.0,1e-06,100.0,120,0.60,0.45,True,158.60000000000002,3,nan,nan,13.990895970080217,
4311,200,5,132.2,29.8,5.0,1e-06,100.0,80,center,center,True,219.4,3,24.02061201146489,4.901082738687942,18.074832008692333,
4314,200,5,132.2,29.8,5.0,1e-06,100.0,80,0.60,0.45,True,197.5,3,8.990519325800669,2.9984194712882766,16.041993559806212,
4315,200,5,132.2,29.8,5.0,1e-06,100.0,80,0.60,0.58,True,198.5,3,2.169199284349581,1.4728201805887848,14.726918545200952,
4302,200,5,132.2,29.8,5.0,1e-06,100.0,25,0.35,0.45,True,663.6,3,399.7123450458725,19.992807332785272,15.31233813506967,
4266,200,5,132.2,29.8,5.0,1e-07,100.0,50,center,center,False,900.0,2,114.06064881913194,10.679918015562288,21.01944665815736,vittima non trovata entro 15 minuti
4281,200,5,132.2,29.8,5.0,1e-06,50.0,25,center,center,False,900.0,2,185.48791903351233,13.619394958422799,15.312235986222229,vittima non trovata entro 15 minuti
4283,200,5,132.2,29.8,5.0,1e-06,50.0,25,0.45,0.55,False,900.0,2,554.2668571494306,23.54287274632029,13.063065996257453,vittima non trovata entro 15 minuti
4284,200,5,132.2,29.8,5.0,1e-06,50.0,25,0.60,0.45,False,900.0,2,403.93619085300674,20.098163867702112,13.449083802879839,vittima non trovata entro 15 minuti
4285,200,5,132.2,29.8,5.0,1e-06,50.0,25,0.60,0.58,False,900.0,2,1636.743077363676,40.456681492229144,30.491007561826144,vittima non trovata entro 15 minuti
4303,200,5,132.2,29.8,5.0,1e-06,100.0,25,0.45,0.55,False,900.0,2,0.0038607079937133604,0.06213459578780054,1.7999795353791166,vittima non trovata entro 15 minuti
4304,200,5,132.2,29.8,5.0,1e-06,100.0,25,0.60,0.45,False,900.0,2,1405.0583605495326,37.4841081066301,41.900354834315195,vittima non trovata entro 15 minuti
4306,200,5,132.2,29.8,5.0,1e-06,100.0,50,center,center,False,900.0,2,30.307710839279373,5.505243940033845,14.837161621568097,vittima non trovata entro 15 minuti
4308,200,5,132.2,29.8,5.0,1e-06,100.0,50,0.45,0.55,False,900.0,2,167.83309491603885,12.9550412934903,16.77792373311346,vittima non trovata entro 15 minuti
4309,200,5,132.2,29.8,5.0,1e-06,100.0,50,0.60,0.45,False,900.0,2,3.6948806814132564,1.922207242056188,12.594138757026077,vittima non trovata entro 15 minuti
4310,200,5,132.2,29.8,5.0,1e-06,100.0,50,0.60,0.58,False,900.0,2,nan,nan,17.13993639880149,vittima non trovata entro 15 minuti
