run_id,area_size_m,n_drones,victim_x_m,victim_y_m,victim_dist_m,victim_depth_m,artva_noise_std,acc_sim_ms2,comm_radius_m,workspace_frac_r,workspace_frac_c,found,time_found_s,n_drones_stopped,n_drones_tracked,pos_variance_m2,pos_std_m,est_error_2d_m,est_error_3d_m,est_depth_m,est_error_depth_m,dcgd_err_final_mean_m,landing_err_mean_m,pf_std_xy_mean_m,note
29,100,3,22.9,3.7,18.0,4.15,1e-07,0.1,50,0.60,0.45,True,28.700000000000003,3,3,1.0683007097733395,1.0335863339718359,1.3670488708483741,4.1902163367668335,8.178,4.028,1.61,2.151,3.448,
2,100,3,30.4,7.0,25.5,1.5,1e-07,0.05,25,0.35,0.40,True,43.6,3,3,0.4621437171437087,0.6798115306051441,4.517836188025312,6.220538688497989,7.23,5.732,4.522,4.385,2.785,
31,100,3,10.3,36.2,31.7,2.37,1e-07,0.1,80,center,center,True,65.9,3,3,0.01747926063281626,0.1322091548752062,0.9509657796577512,1.9691350582061575,4.681,2.314,0.958,2.037,1.733,
26,100,3,21.1,32.7,32.1,3.24,1e-07,0.1,50,center,center,True,82.2,3,3,0.01657429977335015,0.1287412124121493,1.7993720160718554,2.6588024946097883,6.412,3.173,1.8,11.15,1.68,
9,100,3,5.7,46.0,41.0,1.27,1e-07,0.05,50,0.60,0.45,True,91.2,3,3,5.357854784050386,2.3147040381116515,3.223415365492792,3.612038316906773,-3.202,4.475,3.477,4.462,1.97,
4,100,3,8.2,44.4,39.6,3.68,1e-07,0.05,25,0.60,0.45,True,90.60000000000001,3,3,6.3210209460804245,2.5141640650682335,4.424038513240951,6.14859674174223,-4.545,8.229,4.647,7.729,2.5,
6,100,3,55.9,10.8,51.3,1.36,1e-07,0.05,50,center,center,True,100.9,3,3,0.4900634656315929,0.7000453311262014,5.898460668676007,7.2522920797639445,8.511,7.147,5.903,11.21,2.743,
11,100,3,72.4,6.3,67.4,2.89,1e-07,0.05,80,center,center,True,115.10000000000001,3,3,0.6025606305528589,0.7762477894028806,3.3303597471478925,6.112670889910495,9.391,6.5,3.331,9.058,2.707,
5,100,3,33.9,46.9,50.9,4.34,1e-07,0.05,25,0.60,0.58,True,103.9,3,3,0.008437591231933385,0.09185636195677131,4.558002735231022,12.872521918931348,-9.222,13.559,4.558,0.206,2.047,
27,100,3,55.3,16.3,51.6,2.03,1e-07,0.1,50,0.35,0.40,True,100.30000000000001,3,3,0.3560054617227473,0.5966619325235584,4.5234694166694815,6.72952449927443,7.375,5.346,4.532,7.944,2.703,
32,100,3,64.6,35.0,66.8,3.71,1e-07,0.1,80,0.35,0.40,True,117.7,3,3,0.10764695317607341,0.3280959511729357,3.4179311083271195,3.6469366231951064,3.806,0.097,3.418,34.064,2.571,
3,100,3,64.7,21.5,61.9,3.31,1e-07,0.05,25,0.45,0.55,True,121.10000000000001,3,3,0.4406029055226982,0.6637792596358357,4.895343402637236,6.325888311383626,7.661,4.353,4.897,8.453,2.506,
12,100,3,59.7,49.0,70.1,1.61,1e-07,0.05,80,0.35,0.40,True,127.9,3,3,0.28376940159529657,0.5327001047449649,2.050889259230173,7.582450255356835,-6.37,7.977,2.057,14.182,2.125,
17,100,3,47.6,42.2,56.5,1.53,1e-07,0.05,120,0.35,0.40,True,118.80000000000001,3,3,0.4952401848624371,0.7037330352217644,3.3989098252840106,5.78680282885604,6.809,5.276,3.412,7.493,2.549,
30,100,3,48.9,76.5,83.9,4.73,1e-07,0.1,50,0.60,0.58,True,122.2,3,3,0.029689102919305252,0.17230526085788922,0.6952050949518113,1.3250137645809104,3.655,1.07,0.708,4.949,1.61,
19,100,3,68.6,76.1,95.4,2.99,1e-07,0.05,120,0.60,0.45,True,129.3,3,3,0.09181738054785919,0.30301382897131807,2.9947845054873667,5.036544966364183,6.896,3.902,2.996,9.429,2.175,
10,100,3,18.0,76.8,73.0,3.91,1e-07,0.05,50,0.60,0.58,True,125.60000000000001,3,3,0.0026723275249420936,0.05169455991632092,0.7995985928036413,2.3207152459733833,1.738,2.172,0.8,15.162,1.798,
25,100,3,38.6,92.9,94.1,3.05,1e-07,0.1,25,0.60,0.58,True,134.9,3,3,0.026771940083682513,0.1636213313834187,0.6797632231240297,0.7845100161832855,3.444,0.392,0.683,10.122,1.75,
18,100,3,8.3,82.1,77.1,4.22,1e-07,0.05,120,0.45,0.55,True,131.70000000000002,3,3,0.2881449051842477,0.5367913050564881,4.832079204340856,6.062775334296703,8.65,4.427,4.834,9.815,2.592,
16,100,3,87.3,7.9,82.3,4.6,1e-07,0.05,120,center,center,True,138.9,3,3,3.367293652720678,1.8350187063680516,9.614300421400738,10.252332607945391,6.046,1.448,9.618,9.778,2.065,
13,100,3,46.4,71.5,78.3,1.23,1e-07,0.05,80,0.45,0.55,True,130.3,3,3,0.7122378328419434,0.8439418420969205,2.254521813001973,4.108170649904204,5.301,4.066,2.255,5.784,2.495,
15,100,3,7.0,63.3,58.3,2.17,1e-07,0.05,80,0.60,0.58,True,132.4,3,3,0.029236282183979622,0.17098620465984857,2.6845838301750304,9.330200488427947,-7.864,10.038,2.688,17.117,1.823,
28,100,3,12.4,68.3,63.7,3.85,1e-07,0.1,50,0.45,0.55,True,143.70000000000002,3,3,0.004917266163030675,0.070123221282473,0.7334834870620013,1.1917197006511735,4.941,1.089,0.735,10.957,1.864,
21,100,3,22.2,71.5,68.7,2.4,1e-07,0.1,25,center,center,True,145.8,3,3,0.040532038731004784,0.2013257031057008,1.172204908803278,1.7734622845233392,4.368,1.964,1.172,32.248,1.763,
20,100,3,88.0,92.8,120.8,2.2,1e-07,0.05,120,0.60,0.58,True,137.8,3,3,0.009472658844203424,0.0973275852171594,2.2335959537362884,2.495235754689237,3.317,1.112,2.235,18.498,2.117,
33,100,3,73.6,15.1,69.3,1.95,1e-07,0.1,80,0.45,0.55,True,129.20000000000002,3,3,0.013766300256693545,0.11732987793692426,4.072385902484364,4.728320250520292,5.865,3.915,4.073,22.43,2.651,
8,100,3,12.3,95.6,90.9,1.6,1e-07,0.05,50,0.45,0.55,True,125.4,3,3,0.7382940604516313,0.859240397357824,6.765976824452543,17.95193032689493,18.225,16.628,6.779,7.809,2.282,
52,100,3,4.8,22.2,17.2,3.53,1e-06,0.05,80,0.35,0.40,True,32.9,3,2,1.033800866665085,1.016759984787504,1.1292742272229457,1.7654105216574125,1.665,1.87,1.136,1.137,1.667,
35,100,3,65.5,33.5,66.9,1.38,1e-07,0.1,80,0.60,0.58,True,103.60000000000001,3,3,0.020977119728557217,0.14483480151040087,0.7145067796225693,3.475956351453122,-1.885,3.261,0.718,14.878,1.599,
48,100,3,24.6,20.4,24.9,4.72,1e-06,0.05,50,0.45,0.55,True,60.6,3,3,0.19872847125370016,0.4457897164064018,1.9624329118487271,2.6926283372833173,7.086,2.368,1.963,3.637,2.502,
51,100,3,22.0,25.1,26.3,1.84,1e-06,0.05,80,center,center,True,63.7,3,3,0.39483316287943976,0.6283575119941193,5.942475305359996,6.8568804619315395,9.229,7.387,5.943,7.888,2.647,
63,100,3,9.3,2.0,5.2,4.52,1e-06,0.1,25,0.45,0.55,True,0.2,3,2,0.3007721870311414,0.5484270115805214,3.7438622396843444,3.880298132006576,4.536,0.014,3.747,3.734,3.294,
42,100,3,7.6,42.9,38.0,3.72,1e-06,0.05,25,0.35,0.40,True,82.0,3,3,0.9744447838314803,0.9871396982349967,2.492032064155338,4.358335656492272,6.712,2.988,2.599,5.129,2.727,
37,100,3,47.6,25.6,47.3,2.52,1e-07,0.1,120,0.35,0.40,True,97.2,3,3,0.08126156074308408,0.28506413443834716,4.600941504011354,5.964642631435266,6.622,4.106,4.603,0.722,2.717,
40,100,3,88.3,1.8,83.4,1.26,1e-07,0.1,120,0.60,0.58,True,118.5,3,3,0.025110927828642104,0.15846427934598417,1.3017111379187347,4.092372703291555,-2.857,4.118,1.302,3.61,1.682,
36,100,3,70.5,82.3,101.3,1.98,1e-07,0.1,120,center,center,True,139.8,3,3,0.010913432503567915,0.10446737530716427,0.441936025414774,0.44400286933788535,1.847,0.134,0.443,14.225,1.588,
38,100,3,71.7,86.8,105.6,2.97,1e-07,0.1,120,0.45,0.55,True,134.1,3,3,5.679602941823156,2.3831917551517243,4.537730440711318,4.875806590121418,1.754,1.219,5.103,16.608,2.352,
66,100,3,27.5,7.1,22.6,2.47,1e-06,0.1,50,center,center,True,42.5,3,3,0.7030622417785413,0.8384880689541988,3.1133941438729438,5.6572813775868855,7.209,4.742,3.156,2.495,3.171,
53,100,3,38.2,48.4,54.6,3.44,1e-06,0.05,80,0.45,0.55,True,111.4,3,3,0.0015530992194268058,0.0394093798406776,0.880069672785772,1.8943904644989005,5.294,1.854,0.88,5.083,1.739,
46,100,3,36.3,64.2,67.0,2.12,1e-06,0.05,50,center,center,True,116.5,3,3,0.050834708812742116,0.22546553797142063,2.661112585268832,3.567368635563901,6.022,3.906,2.661,5.426,1.632,
44,100,3,62.3,84.6,98.0,3.14,1e-06,0.05,25,0.60,0.45,True,132.4,3,3,0.08629106245869592,0.2937534041652895,4.596318509661034,7.596647506480713,8.533,5.396,4.599,10.357,2.639,
47,100,3,55.6,40.5,61.9,2.82,1e-06,0.05,50,0.35,0.40,True,121.30000000000001,3,3,0.11964424714144792,0.34589629535663996,4.869626766389332,7.283988716940847,8.179,5.356,4.872,4.343,2.708,
50,100,3,53.5,82.8,91.6,1.38,1e-06,0.05,50,0.60,0.58,True,127.7,3,3,0.06199872578422469,0.24899543325977827,0.8228401115574298,1.8058893214017444,3.129,1.753,0.838,17.578,1.859,
60,100,3,56.6,78.9,90.2,2.42,1e-06,0.05,120,0.60,0.58,True,111.60000000000001,3,3,0.03987871281280768,0.19969655183003956,3.7899166459738303,6.257047729067749,6.783,4.365,3.79,11.146,2.492,
43,100,3,73.7,23.1,71.1,2.91,1e-06,0.05,25,0.45,0.55,True,137.0,3,3,0.06014003331104492,0.24523464949114537,4.712413625970557,5.469898343387594,6.632,3.72,4.712,8.167,2.549,
49,100,3,81.7,79.9,107.2,2.32,1e-06,0.05,50,0.60,0.45,True,146.3,3,3,0.01245675151412166,0.11160981817977153,1.9355779600205134,2.4367055099786925,0.233,2.085,1.936,13.376,1.593,
55,100,3,23.7,97.9,94.7,1.19,1e-06,0.05,80,0.60,0.58,True,127.5,3,3,0.010532657508657839,0.10262873627136719,1.6950786479029605,4.1122786403806355,4.932,3.747,1.695,8.38,1.854,
75,100,3,7.7,15.2,10.5,1.58,1e-06,0.1,80,0.60,0.58,True,13.4,3,1,0.155289612403361,0.3940680301716456,2.206237603190827,5.104647364974975,5.728,4.146,2.209,2.685,2.408,
61,100,3,58.4,18.1,55.0,3.31,1e-06,0.1,25,center,center,True,110.2,3,3,0.7156116747991601,0.845938339832851,4.7899201783096785,5.641118881996989,5.617,2.304,4.855,4.113,3.103,
78,100,3,6.4,14.7,9.8,4.22,1e-06,0.1,120,0.45,0.55,True,15.700000000000001,3,1,0.007781023499974303,0.08821010996464239,2.1668087500042965,3.2312578159661047,7.125,2.91,2.167,2.902,2.094,
58,100,3,28.6,67.7,67.0,2.27,1e-06,0.05,120,0.45,0.55,True,117.4,3,3,0.02409312421709809,0.15521959997725188,2.1397973450429784,3.45316452964814,5.366,3.092,2.141,4.561,1.898,
56,100,3,86.7,80.9,111.5,1.34,1e-06,0.05,120,center,center,True,148.5,3,3,0.004982917291871012,0.07058978178087118,4.510344093026015,6.009891129724337,2.886,1.55,4.511,4.316,1.63,
59,100,3,34.8,81.4,82.0,4.04,1e-06,0.05,120,0.60,0.45,True,119.7,3,3,7.713853545670473,2.777382498985416,4.108667661780985,6.519826325464363,-3.547,7.585,4.81,9.892,2.551,
77,100,3,36.6,23.4,36.6,1.53,1e-06,0.1,120,0.35,0.40,True,72.5,3,3,0.021922305982018983,0.14806183161780412,4.244660967208722,6.33673234326044,7.165,5.63,4.246,7.535,3.058,
69,100,3,52.5,31.2,54.3,1.66,1e-06,0.1,50,0.60,0.45,True,102.4,3,3,0.007880339784937174,0.08877127792781388,4.647845167865492,9.630169453535968,9.294,7.63,4.648,12.825,2.364,
62,100,3,56.7,41.0,63.0,1.39,1e-06,0.1,25,0.35,0.40,True,159.8,3,3,0.014960908959988459,0.1223147945262079,5.627416063988369,7.963243664396695,8.387,6.993,5.628,31.278,3.023,
70,100,3,88.3,64.2,102.2,2.0,1e-06,0.1,50,0.60,0.58,True,116.7,3,3,0.1284995593656768,0.3584683519722164,3.0946543825163135,5.528594646196163,5.829,3.827,3.095,23.598,2.152,
72,100,3,49.4,33.4,52.7,3.06,1e-06,0.1,80,0.35,0.40,True,93.5,3,3,0.3593583185657916,0.5994650269747115,4.546432574197367,7.091545020924507,8.486,5.429,4.552,8.378,2.557,
76,100,3,76.8,16.5,72.8,3.94,1e-06,0.1,120,center,center,True,117.80000000000001,3,3,0.01829064440545044,0.13524290889155866,4.865951357909513,9.761362232499195,-7.939,11.878,4.867,8.636,1.887,
74,100,3,38.9,33.0,44.0,3.37,1e-06,0.1,80,0.60,0.45,True,91.0,3,3,0.8200371030943611,0.9055590003386643,3.5964829079607914,9.122632582386277,-7.222,10.59,3.599,5.509,2.653,
73,100,3,65.9,61.2,82.9,3.13,1e-06,0.1,80,0.45,0.55,True,119.9,3,3,0.029682779631705576,0.17228691079622263,0.9740685953348195,1.5678382334152785,1.863,1.263,0.987,17.517,1.618,
79,100,3,16.9,52.6,49.1,4.94,1e-06,0.1,120,0.60,0.45,True,102.80000000000001,3,3,0.0048149002553229585,0.06938948231052713,3.092264876520899,9.719549352416253,-5.811,10.749,3.092,9.506,1.911,
83,100,3,41.4,65.2,70.4,4.94,1e-05,0.05,25,0.45,0.55,True,97.10000000000001,3,3,0.018482923350965474,0.13595191558402359,2.2276422177902178,2.980822883988876,7.536,2.596,2.228,11.504,1.778,
71,100,3,64.3,82.1,97.2,4.05,1e-06,0.1,80,center,center,True,128.6,3,3,0.004436236088413127,0.06660507554543518,1.0554644492095728,1.0568720814327408,3.971,0.076,1.056,13.111,1.606,
81,100,3,61.5,95.2,106.4,1.03,1e-05,0.05,25,center,center,True,115.2,3,3,0.3141087431859465,0.5604540509140303,4.750196050459771,7.07551903829287,-4.216,5.244,4.756,10.444,2.817,
84,100,3,82.9,47.5,88.8,2.72,1e-05,0.05,25,0.60,0.45,True,108.9,3,3,0.004680921083884183,0.0684172572081356,0.6122741792666815,0.8841810862234356,1.82,0.903,0.616,11.679,1.89,
80,100,3,86.4,28.3,84.7,1.35,1e-06,0.1,120,0.60,0.58,True,124.0,3,3,0.0027326675348620004,0.05227492261937841,1.0304353227297975,2.099657056655658,3.195,1.848,1.031,3.408,1.693,
88,100,3,2.0,24.6,19.9,3.33,1e-05,0.05,50,0.45,0.55,True,47.800000000000004,3,1,0.4099838591365255,0.6402998197223903,3.3172684448523038,4.575372032500638,7.266,3.932,3.323,4.31,2.638,
85,100,3,25.4,63.4,61.9,4.78,1e-05,0.05,25,0.60,0.58,True,91.2,3,3,0.004314860329320078,0.06568759646478228,2.8586459024391506,12.170930929544527,-8.206,12.99,2.859,6.698,1.92,
86,100,3,68.3,57.3,82.1,3.92,1e-05,0.05,50,center,center,True,108.0,3,3,0.058856209968899655,0.2426029883758641,1.0212048024512579,1.0238853590077581,3.285,0.638,1.023,2.497,2.005,
91,100,3,60.3,80.0,93.2,2.85,1e-05,0.05,80,center,center,True,96.9,3,3,0.014278660584926888,0.11949334954267074,0.1848434574488618,0.3028143854271304,3.143,0.288,0.195,5.072,1.733,
94,100,3,37.7,57.1,61.6,3.24,1e-05,0.05,80,0.60,0.45,True,81.2,3,3,0.008044218845773629,0.08968956932538827,0.8024189343282282,3.1708215417632473,6.417,3.173,0.807,1.212,1.622,
97,100,3,33.2,48.4,51.8,1.24,1e-05,0.05,120,0.35,0.40,True,76.0,3,3,0.018429232129531292,0.1357543079593841,0.5392058786448496,2.5551992920000623,-1.186,2.43,0.55,0.959,1.691,
87,100,3,41.8,93.4,95.7,4.23,1e-05,0.05,50,0.35,0.40,True,128.0,3,3,0.0069454478064967145,0.08333935328820781,0.9943286283340728,1.5369515366193658,5.403,1.172,0.995,6.997,1.858,
93,100,3,35.2,98.8,98.5,1.85,1e-05,0.05,80,0.45,0.55,True,109.30000000000001,3,3,0.02872232366941826,0.16947661688096757,2.2862818214831018,2.497706218502126,0.844,1.006,2.292,6.625,1.773,
100,100,3,34.5,56.5,59.3,3.3,1e-05,0.05,120,0.60,0.58,True,81.0,3,3,0.06898207080788687,0.26264438088009207,1.9786752343727094,9.393949382830712,-6.779,10.083,1.98,7.425,2.065,
96,100,3,63.1,24.0,61.1,2.38,1e-05,0.05,120,center,center,True,98.80000000000001,3,3,0.40781871640604095,0.6386068559027854,1.1906655742228038,1.2593783459311456,1.125,1.252,1.192,4.209,2.046,
98,100,3,64.7,88.3,102.5,1.31,1e-05,0.05,120,0.45,0.55,True,112.2,3,3,2.0200883559342366,1.4212981235244901,4.062103149214327,5.9231062846590445,7.181,5.869,4.062,9.187,2.755,
92,100,3,83.9,85.1,112.4,4.18,1e-05,0.05,80,0.35,0.40,True,130.20000000000002,3,3,0.13383732109822025,0.36583783442697704,2.0517476245683,2.546470785390837,6.468,2.292,2.054,4.032,2.174,
110,100,3,11.4,17.1,13.7,4.38,1e-05,0.1,50,0.60,0.58,True,7.7,3,1,0.009141181365947276,0.09560952549797157,0.8720637519027081,1.3117400669810029,3.496,0.885,0.873,0.851,1.872,
90,100,3,8.5,64.1,59.2,3.94,1e-05,0.05,50,0.60,0.58,True,147.20000000000002,3,2,0.004577852635056091,0.06765983029136337,0.3735686057699762,0.3747183384463152,4.063,0.125,0.375,3.859,1.603,
65,100,3,92.4,84.6,118.2,1.12,1e-06,0.1,25,0.60,0.58,True,325.20000000000005,3,3,0.015263764145104837,0.12354660717763494,0.1575354037372692,0.17595390222717316,1.037,0.078,0.169,71.22,2.355,
106,100,3,5.2,27.4,22.4,4.81,1e-05,0.1,50,center,center,True,71.60000000000001,3,1,0.017958191959773155,0.13400817870478338,0.6809265786870692,0.7468810055364097,5.403,0.588,0.685,7.02,1.717,
95,100,3,2.7,88.3,83.3,1.64,1e-05,0.05,80,0.60,0.58,False,155.10000000000002,3,2,836.7942703085434,28.927396535266414,19.724706335525823,21.247825214780217,14.311,12.666,20.84,30.587,2.241,vittima non trovata entro 15 minuti
115,100,3,1.9,18.4,13.8,2.18,1e-05,0.1,80,0.60,0.58,True,17.7,3,1,0.18996338482601952,0.4358478918453312,2.538246762929007,6.394626409812553,7.622,5.445,2.54,2.953,2.306,
104,100,3,77.1,12.8,72.5,4.71,1e-05,0.1,25,0.60,0.45,True,95.4,3,1,0.018640939001675377,0.1365318241351641,0.602074205347438,0.6693352388112662,5.359,0.646,0.611,7.827,1.437,
103,100,3,67.7,93.7,108.7,1.61,1e-05,0.1,25,0.45,0.55,True,114.7,3,3,3.5164289881364996,1.8752143845802003,5.397295870978825,5.666643506288549,-4.458,6.064,5.711,13.376,2.493,
105,100,3,48.3,39.5,55.4,4.94,1e-05,0.1,25,0.60,0.58,True,109.5,3,3,0.057961826098249805,0.24075262428112762,1.2586930158504317,2.6396070620758345,2.831,2.106,1.261,18.743,1.646,
108,100,3,64.2,92.1,105.3,1.01,1e-05,0.1,50,0.45,0.55,True,110.2,3,3,0.5025196641078054,0.7088862137944322,5.418014714977787,11.535728643400319,6.611,5.603,5.436,17.336,2.94,
111,100,3,25.7,39.1,39.9,1.79,1e-05,0.1,80,center,center,True,75.3,3,3,0.00781290208301285,0.08839062214405355,0.19021443573040142,1.2480866381700837,3.147,1.353,0.191,3.031,1.754,
114,100,3,33.1,0.5,28.5,3.74,1e-05,0.1,80,0.60,0.45,True,87.2,3,2,16.89598176052018,4.110472206513527,4.812858889337696,6.814627550970815,2.149,1.587,4.888,16.14,2.327,
107,100,3,38.5,93.7,94.8,3.77,1e-05,0.1,50,0.35,0.40,True,133.9,3,3,0.008665423748010779,0.09308825784174274,1.8403173623119062,1.8556033998182695,4.011,0.238,1.84,15.156,2.533,
112,100,3,69.7,58.3,83.9,4.15,1e-05,0.1,80,0.35,0.40,True,111.7,3,3,0.22826710971736822,0.47777307345367237,0.8941181320183645,1.4785721617076524,5.27,1.125,1.012,24.293,1.864,
113,100,3,15.3,72.1,67.9,3.5,1e-05,0.1,80,0.45,0.55,True,107.0,3,3,0.18358022042812253,0.42846262430709464,5.062789008704334,6.332442341904218,8.192,4.696,5.065,16.315,2.532,
102,100,3,84.9,35.6,85.6,2.16,1e-05,0.1,25,0.35,0.40,True,186.9,3,3,0.004427889041103365,0.06654238529766847,0.42347555584090624,1.0452011924214792,3.248,1.085,0.425,22.656,1.107,
116,100,3,79.3,82.7,107.5,3.94,1e-05,0.1,120,center,center,True,107.4,3,3,2.8841853620237408,1.6982889512752948,3.0067624305635445,4.36768751815358,-1.271,5.214,3.073,4.881,2.56,
126,100,3,18.6,19.4,19.8,3.94,1e-07,0.05,50,center,center,True,33.1,3,3,0.08503795025314546,0.29161267162650095,2.473139958335506,3.0619983293641013,7.343,3.401,2.478,2.838,2.172,
117,100,3,15.9,58.4,54.5,4.78,1e-05,0.1,120,0.35,0.40,True,104.9,3,3,0.2314764970903395,0.48112004436558187,2.868843160586601,10.702303530787006,-7.057,11.836,2.895,24.132,2.494,
118,100,3,46.5,82.4,87.9,1.76,1e-05,0.1,120,0.45,0.55,True,112.4,3,3,0.0930050059133094,0.3049672210472945,3.4376789648189088,5.057937992619059,6.359,4.598,3.438,15.501,2.169,
14,100,3,91.5,74.7,111.1,3.27,1e-07,0.05,80,0.60,0.45,False,900.0,1,2,8.22232981673683,2.8674605170318963,4.5059743558098,5.209067950280203,22.989,19.719,4.567,242.479,2.988,vittima non trovata entro 15 minuti
122,100,3,75.2,7.5,70.2,4.68,1e-07,0.05,25,0.35,0.40,True,119.30000000000001,3,3,0.025343264823574664,0.15919568091997555,1.28211789878012,1.870783683064033,6.405,1.726,1.292,10.346,1.905,
125,100,3,39.7,45.0,52.9,1.29,1e-07,0.05,25,0.60,0.58,True,105.0,3,3,2.0532532129243695,1.4329177272001241,1.8128627887026192,5.461215412664022,-4.447,5.732,1.937,2.607,2.265,
120,100,3,98.3,42.9,100.7,2.31,1e-05,0.1,120,0.60,0.58,True,169.20000000000002,3,2,0.004077960370183214,0.06385890987311962,0.06533205704705781,0.9592375195665562,3.264,0.957,0.078,1.937,1.416,
124,100,3,40.2,57.9,63.6,2.85,1e-07,0.05,25,0.60,0.45,True,115.0,3,3,2.073171770850555,1.4398513016456091,1.4853598903267793,2.3220018060808183,0.388,2.464,1.761,7.569,1.633,
121,100,3,23.0,79.9,77.1,3.07,1e-07,0.05,25,center,center,True,135.3,3,3,0.012102716239484128,0.1100123458502914,0.9056340069321708,1.7810590425077817,5.141,2.071,0.908,7.402,1.774,
123,100,3,55.8,91.5,100.3,1.65,1e-07,0.05,25,0.45,0.55,True,130.20000000000002,3,3,0.006889524277349792,0.08300315823720078,0.19019797192056237,6.274513666532121,7.917,6.272,0.204,5.254,1.657,
34,100,3,93.5,25.2,90.8,3.65,1e-07,0.1,80,0.60,0.45,False,900.0,0,1,nan,nan,1.0424951688154993,2.1626053185947716,5.546,1.895,1.042,171.963,3.25,vittima non trovata entro 15 minuti
127,100,3,69.3,86.4,103.7,3.55,1e-07,0.05,50,0.35,0.40,True,130.4,3,3,1.0134734171328215,1.0067141685368401,2.18275734819581,2.1961720101659634,3.26,0.291,2.289,6.299,2.562,
128,100,3,13.5,70.2,65.8,2.6,1e-07,0.05,50,0.45,0.55,True,129.8,3,3,0.014760841323902329,0.1214942028407213,1.4725055814231707,3.2142066878722746,5.712,3.112,1.473,9.175,1.798,
135,100,3,28.3,16.5,26.0,3.28,1e-07,0.05,80,0.60,0.58,True,57.2,3,3,0.24795773582907238,0.4979535478627222,3.815589180678227,8.188093824435967,9.174,5.89,3.818,4.014,2.382,
132,100,3,48.6,22.1,46.8,4.13,1e-07,0.05,80,0.35,0.40,True,99.10000000000001,3,3,0.27685824277614934,0.5261732060606558,3.6413182345972133,5.23180945113787,8.102,3.97,3.644,3.631,2.692,
131,100,3,53.3,89.2,97.1,4.52,1e-07,0.05,80,center,center,True,131.5,3,3,0.32168502719766523,0.5671728371472537,1.8061610569456432,3.4469364600968584,7.525,3.002,1.806,7.652,2.127,
133,100,3,80.8,3.8,75.8,3.66,1e-07,0.05,80,0.45,0.55,True,119.9,3,3,0.006211775041557159,0.07881481486089502,0.7352116332821317,0.8698303533420224,2.93,0.725,0.735,8.605,1.721,
129,100,3,6.7,96.0,91.0,3.03,1e-07,0.05,50,0.60,0.45,True,150.70000000000002,3,3,0.028270466963956832,0.16813823766162422,1.5778803447168164,1.603791086540615,2.738,0.287,1.578,14.967,1.897,
134,100,3,84.7,1.3,79.8,3.4,1e-07,0.05,80,0.60,0.45,True,117.5,3,3,0.005311228543027897,0.07287817604075926,1.6658882516368896,2.226796698362192,5.837,2.44,1.666,8.433,1.646,
39,100,3,92.6,27.4,90.4,3.12,1e-07,0.1,120,0.60,0.45,False,900.0,0,1,nan,nan,11.568605570311316,12.458305118012971,7.74,4.623,11.569,521.266,2.735,vittima non trovata entro 15 minuti
136,100,3,1.2,48.5,43.7,2.43,1e-07,0.05,120,center,center,True,94.5,3,3,0.0010526899786600895,0.032445184213687084,0.4325972844462387,0.8573269527772651,3.057,0.629,0.433,0.764,1.682,
139,100,3,19.8,47.6,45.1,3.88,1e-07,0.05,120,0.60,0.45,True,92.4,3,3,0.005879123008708002,0.07667543940994406,5.078695074474765,10.238763949951672,-9.153,13.029,5.079,6.763,1.58,
22,100,3,34.5,60.9,63.2,2.76,1e-07,0.1,25,0.35,0.40,False,900.0,0,3,83.74253095991914,9.15109452251036,8.374455438612376,9.355780207934336,6.323,3.562,11.766,660.183,3.025,vittima non trovata entro 15 minuti
45,100,3,98.7,84.5,122.9,1.28,1e-06,0.05,25,0.60,0.58,False,900.0,1,3,16.05820147293863,4.007268580085272,3.8732788977409287,9.49992689316513,9.955,8.674,5.467,247.907,3.358,vittima non trovata entro 15 minuti
24,100,3,59.4,74.6,88.3,2.83,1e-07,0.1,25,0.60,0.45,False,900.0,2,3,91.35056320522382,9.557748856567839,13.851337769172929,28.190546590086633,18.726,15.893,15.531,433.797,2.551,vittima non trovata entro 15 minuti
137,100,3,58.0,72.8,86.0,4.18,1e-07,0.05,120,0.35,0.40,True,127.7,3,3,0.02825151942405284,0.16808188309289268,1.7960355986392127,8.57194141883921,-4.744,8.923,1.804,5.121,1.653,
141,100,3,23.7,21.1,24.7,2.05,1e-07,0.1,25,center,center,True,66.8,3,3,0.005374488607226185,0.07331090374034538,0.8864670848657527,1.1550400966173142,2.441,0.395,0.889,5.938,1.758,
1,100,3,69.9,97.9,113.3,3.13,1e-07,0.05,25,center,center,False,900.0,2,3,9.47293747423733,3.07781374911435,0.21013208529935076,5.986440853999714,9.11,5.983,2.834,154.223,3.839,vittima non trovata entro 15 minuti
23,100,3,64.6,8.0,59.7,1.46,1e-07,0.1,25,0.45,0.55,False,900.0,2,3,23.53988491797591,4.851791928553399,8.095704680952718,24.978095351559613,22.775,21.316,8.87,560.627,3.201,vittima non trovata entro 15 minuti
138,100,3,52.5,92.9,100.0,2.55,1e-07,0.05,120,0.45,0.55,True,143.5,3,3,0.028611703333149698,0.16914994334361952,2.148453118174807,9.348556462206586,11.645,9.098,2.151,8.568,1.783,
7,100,3,64.1,55.6,77.9,2.13,1e-07,0.05,50,0.35,0.40,False,900.0,2,2,0.32597514332527666,0.5709423292463756,2.4506507765552454,2.6258642098171596,3.472,1.341,2.454,110.635,5.312,vittima non trovata entro 15 minuti
140,100,3,66.0,28.5,65.4,4.03,1e-07,0.05,120,0.60,0.58,True,130.5,3,3,0.3811434984469047,0.6173682033008379,3.825002120506206,7.014623352561407,9.736,5.71,3.825,9.63,2.671,
143,100,3,45.9,28.1,47.0,1.86,1e-07,0.1,25,0.45,0.55,True,102.0,3,3,0.0873681118697482,0.2955809734569331,1.688344856259199,2.783304101460768,4.605,2.742,1.695,7.498,2.037,
145,100,3,30.1,32.5,37.3,2.7,1e-07,0.1,25,0.60,0.58,True,88.60000000000001,3,3,0.28115072515960904,0.5302364804119093,4.199852623071372,12.381896154463867,-10.187,12.883,4.208,6.965,2.412,
153,100,3,22.6,25.6,27.1,2.2,1e-07,0.1,80,0.45,0.55,True,59.900000000000006,3,3,3.080239610021192,1.7550611413911459,4.156084974830954,4.346403862166534,1.391,0.81,4.507,1.777,2.857,
151,100,3,10.9,35.7,31.3,2.53,1e-07,0.1,80,center,center,True,82.5,3,3,0.12308758763377453,0.3508384067256242,0.7317812405488753,1.3808939826084852,4.201,1.672,0.733,9.036,2.01,
160,100,3,13.8,28.1,24.7,1.86,1e-07,0.1,120,0.60,0.58,True,47.800000000000004,3,3,0.28664542442600827,0.5353927758440603,0.8003501622197999,5.95203318473979,-4.227,6.087,0.864,1.469,2.04,
68,100,3,96.4,15.3,92.0,4.42,1e-06,0.1,50,0.45,0.55,False,900.0,1,3,28.985451690646826,5.383813861069755,6.523912324538195,7.295471937630867,7.689,3.265,6.585,543.549,2.219,vittima non trovata entro 15 minuti
149,100,3,62.0,40.2,67.0,3.25,1e-07,0.1,50,0.60,0.45,True,123.9,3,3,0.012995394013837373,0.11399734213496986,3.0785498305042527,8.140106040751558,-6.292,9.542,3.079,17.477,1.675,
162,100,3,18.0,20.5,20.2,4.51,1e-06,0.05,25,0.35,0.40,True,47.900000000000006,3,3,0.008736495083213851,0.09346921997756187,2.8666914745383907,11.62546243124245,-7.917,12.432,2.868,4.899,1.917,
154,100,3,8.9,43.4,38.6,3.73,1e-07,0.1,80,0.60,0.45,True,102.9,3,3,3.629009366000894,1.9049958965837417,5.3685419420143,6.706594974398007,-4.336,8.066,5.375,17.214,2.632,
147,100,3,27.0,65.5,64.3,4.89,1e-07,0.1,50,0.35,0.40,True,140.0,3,3,0.34736435192057985,0.5893762396980217,0.7911671926090557,6.756745191415419,-2.127,7.013,0.926,33.496,1.96,
152,100,3,96.7,94.6,128.2,4.21,1e-07,0.1,80,0.35,0.40,True,132.20000000000002,3,3,0.06584646940206927,0.2566056690762487,0.7660698509438089,4.741724229818313,-0.47,4.679,0.772,19.161,2.215,
157,100,3,37.4,39.2,47.2,1.98,1e-07,0.1,120,0.35,0.40,True,105.60000000000001,3,3,0.014082780478508736,0.11867089145409136,2.4922092146437547,9.095030542048946,-7.71,9.693,2.493,14.517,1.927,
158,100,3,84.0,15.5,79.7,3.07,1e-07,0.1,120,0.45,0.55,True,124.2,3,3,0.0022361552013144053,0.047288002720715594,0.4401716063979032,0.883787178438096,3.695,0.624,0.442,13.382,1.693,
41,100,3,77.2,28.5,75.9,3.07,1e-06,0.05,25,center,center,False,900.0,2,3,14.393949338974076,3.7939358638456286,0.8688743308378234,1.6221675639651962,1.875,1.19,3.824,95.345,3.584,vittima non trovata entro 15 minuti
155,100,3,21.3,88.9,85.5,2.65,1e-07,0.1,80,0.60,0.58,True,128.9,3,3,0.003341768373173216,0.057808030351960756,0.8438809182660387,1.3474149045422041,3.852,1.202,0.844,13.724,1.693,
150,100,3,18.8,69.5,65.9,1.52,1e-07,0.1,50,0.60,0.58,True,135.6,3,3,0.06317989288634179,0.2513561077164066,1.8422415513901338,6.935657612366928,-5.91,7.428,1.842,18.247,1.8,
156,100,3,77.7,63.4,93.2,4.68,1e-07,0.1,120,center,center,True,148.4,3,3,0.014616653044830999,0.12089935088672311,0.5591366332940095,0.6648017285172946,4.713,0.028,0.572,18.027,1.757,
159,100,3,31.8,44.1,47.4,1.22,1e-07,0.1,120,0.60,0.45,True,103.80000000000001,3,3,0.01782946836244688,0.13352703232846477,2.677926459438803,6.556800567317649,-6.33,7.55,2.678,4.683,2.38,
166,100,3,22.9,18.5,22.4,4.23,1e-06,0.05,50,center,center,True,49.800000000000004,3,3,0.06512079948964722,0.25518777300185685,2.3982722386674493,3.0862720880694807,7.587,3.356,2.398,3.856,2.136,
178,100,3,7.9,15.3,10.6,1.57,1e-06,0.05,120,0.45,0.55,True,14.600000000000001,3,1,1.1680629172475816,1.0807695948941114,1.706179681769579,3.5103235955218643,5.026,3.46,1.786,2.125,2.39,
161,100,3,4.0,53.9,49.0,1.27,1e-06,0.05,25,center,center,True,107.5,3,3,0.27726078730024994,0.526555588043893,3.7049072675138293,4.59575999319487,6.499,5.229,3.707,14.083,2.293,
54,100,3,82.6,28.6,81.1,2.66,1e-06,0.05,80,0.60,0.45,False,900.0,2,3,359.1838204946329,18.95214553802901,25.69292602525078,29.905281482185842,2.87,0.207,27.209,251.646,3.079,vittima non trovata entro 15 minuti
64,100,3,93.3,48.5,98.5,3.77,1e-06,0.1,25,0.60,0.45,False,900.0,2,3,0.8271882791301586,0.9094989165085127,0.8423262053516789,6.144354506280495,9.853,6.086,1.186,141.02,2.874,vittima non trovata entro 15 minuti
82,100,3,89.6,42.0,92.3,4.72,1e-05,0.05,25,0.35,0.40,False,900.0,0,2,73.7828272196729,8.589693080644553,57.51005542210992,57.51005805374816,18.792,14.069,57.586,328.812,2.96,vittima non trovata entro 15 minuti
165,100,3,66.0,42.2,71.4,4.62,1e-06,0.05,25,0.60,0.58,True,121.4,3,3,0.0043976078189407845,0.06631446161238727,0.4438410284969686,2.1926159820014908,6.672,2.056,0.448,5.143,2.172,
169,100,3,84.3,57.9,95.3,4.68,1e-06,0.05,50,0.60,0.45,True,115.9,3,3,0.04738504484261384,0.21768106220480882,1.1945835248463383,1.504937163897844,6.062,1.382,1.198,12.507,1.811,
174,100,3,52.7,21.2,50.4,4.67,1e-06,0.05,80,0.60,0.45,True,88.30000000000001,3,3,2.8013441081224117,1.673721634000831,2.8762564576350274,2.966458215199692,4.046,0.62,3.324,5.161,2.477,
170,100,3,51.4,9.9,46.7,3.4,1e-06,0.05,50,0.60,0.58,True,101.2,3,3,0.8040383700055477,0.8966818666648432,3.116541413719064,3.9267847084908456,6.33,2.935,3.177,12.425,2.405,
175,100,3,52.8,4.2,47.8,3.0,1e-06,0.05,80,0.60,0.58,True,98.10000000000001,3,3,0.0720831796940382,0.2684831087685745,5.159127195436673,7.148351365266191,7.759,4.754,5.159,11.713,2.554,
189,100,3,3.4,7.5,3.0,4.51,1e-06,0.1,50,0.60,0.45,True,0.30000000000000004,3,1,0.16872494465708468,0.41076142060457027,1.8912078545522333,1.9556240337097992,4.114,0.399,1.898,1.922,2.863,
168,100,3,61.1,16.8,57.3,4.0,1e-06,0.05,50,0.45,0.55,True,124.2,3,3,0.8457746555976531,0.9196600761138068,2.396353390388494,5.855038459824868,9.287,5.292,2.397,13.069,2.221,
67,100,3,92.4,68.1,107.8,3.23,1e-06,0.1,50,0.35,0.40,False,900.0,2,3,14.92075816714119,3.862739722935159,3.2198232976193975,4.952024662735083,6.992,3.762,4.939,165.368,3.982,vittima non trovata entro 15 minuti
172,100,3,19.3,71.5,68.0,2.57,1e-06,0.05,80,0.35,0.40,True,116.80000000000001,3,3,0.6573999845781491,0.8108020625147355,0.33798274895048824,2.1483150676028058,0.474,2.096,0.849,3.009,1.715,
176,100,3,27.7,56.5,56.3,2.24,1e-06,0.05,120,center,center,True,116.9,3,3,0.0023845686595624005,0.048832045416533604,1.1494883373263571,1.4569034723128955,3.944,1.7,1.15,7.323,1.607,
171,100,3,7.3,81.7,76.7,2.61,1e-06,0.05,80,center,center,True,138.70000000000002,3,3,0.005506720998216058,0.0742072839970313,0.8385141736882905,1.4470650413133195,4.292,1.686,0.839,7.7,1.742,
187,100,3,16.8,28.0,25.8,3.38,1e-06,0.1,50,0.35,0.40,True,59.900000000000006,3,3,0.04291614182056726,0.2071621148293463,5.923222329491476,12.937058851694898,-10.64,14.018,5.924,6.556,2.787,
177,100,3,92.3,16.9,88.1,2.66,1e-06,0.05,120,0.35,0.40,True,143.5,3,3,1.464205872428278,1.210043748146437,1.9382277422913796,2.469307389464609,4.187,1.53,2.257,8.306,1.74,
180,100,3,42.0,64.6,70.2,2.04,1e-06,0.05,120,0.60,0.58,True,119.7,3,3,0.004153775962176701,0.06444979412051446,3.330688957636568,8.59929087317998,-7.721,9.761,3.331,11.225,1.962,
196,100,3,18.6,4.7,13.6,1.06,1e-06,0.1,120,center,center,True,15.5,3,3,0.11248722615250496,0.33539115395684627,4.3106167223055065,12.782547318533004,11.062,9.997,4.321,4.84,2.907,
57,100,3,79.6,67.5,97.3,1.67,1e-06,0.05,120,0.35,0.40,False,900.0,2,3,324.03516211344123,18.000976698875014,24.77354405561066,27.660166229946284,23.252,21.583,25.279,236.828,2.247,vittima non trovata entro 15 minuti
191,100,3,43.2,20.9,41.4,2.36,1e-06,0.1,80,center,center,True,94.0,3,3,0.7734222701536039,0.8794442962198367,4.170707919731758,5.036695457223793,7.877,5.521,4.171,12.419,2.53,
185,100,3,57.8,31.3,58.9,4.51,1e-06,0.1,25,0.60,0.58,True,122.60000000000001,3,3,0.061048691661721055,0.24708033442935326,1.3942278778115484,3.548159794110748,7.85,3.344,1.415,30.883,1.648,
190,100,3,70.5,18.5,66.9,1.44,1e-06,0.1,50,0.60,0.58,True,104.4,3,3,1.0073740860381464,1.00368027082241,1.967114664542563,5.732326198525185,-4.712,6.153,2.023,8.435,2.446,
182,100,3,23.7,97.5,94.4,3.18,1e-06,0.1,25,0.35,0.40,True,169.3,3,3,0.045269303950381,0.21276584300676882,0.4043142243272097,0.697023852442734,3.744,0.568,0.421,8.716,1.799,
198,100,3,7.9,27.4,22.6,4.9,1e-06,0.1,120,0.45,0.55,True,53.7,3,3,0.0070979560600320105,0.08424936830642714,1.052403556132982,1.6695979438130943,6.435,1.533,1.053,4.269,1.374,
192,100,3,98.4,27.2,96.0,3.48,1e-06,0.1,80,0.35,0.40,True,130.70000000000002,3,3,0.006113412842223134,0.07818831653273482,0.3840481973146017,0.45423648259460575,3.239,0.243,0.388,33.617,1.668,
89,100,3,1.3,65.7,60.9,4.63,1e-05,0.05,50,0.60,0.45,False,900.0,2,2,0.30870806451068256,0.5556150326536194,1.9980868989068044,2.014668183748785,5.027,0.396,1.999,21.452,3.381,vittima non trovata entro 15 minuti
99,100,3,58.6,22.4,56.4,2.19,1e-05,0.05,120,0.60,0.45,False,900.0,2,1,0.18438824143387086,0.4294045195778345,86.31036812538687,86.33127037777595,-17.596,19.79,86.31,245.753,3.08,vittima non trovata entro 15 minuti
193,100,3,82.9,12.5,78.2,4.72,1e-06,0.1,80,0.45,0.55,True,137.1,3,3,0.006869451098768519,0.08288215187100609,1.54742588901058,1.7599304833236726,6.048,1.328,1.548,20.08,1.45,
188,100,3,66.2,53.6,78.1,1.78,1e-06,0.1,50,0.45,0.55,True,161.20000000000002,3,3,0.03941184165712334,0.19852415887524455,1.1804506265891734,2.9800802176108747,-1.271,3.051,1.191,18.036,1.72,
202,100,3,26.5,27.2,30.9,2.58,1e-05,0.05,25,0.35,0.40,True,59.2,3,3,0.6073758148542044,0.7793431945261371,1.8684328085129815,4.2360464701897325,-1.96,4.535,1.872,3.774,1.801,
197,100,3,70.1,39.7,73.8,1.71,1e-06,0.1,120,0.35,0.40,True,121.0,3,3,0.13941144129199723,0.3733784156750323,1.0731644297346734,1.6428146502532137,2.735,1.021,1.127,29.904,1.843,
195,100,3,12.2,89.9,85.2,4.8,1e-06,0.1,80,0.60,0.58,True,142.20000000000002,3,3,0.007791158104366863,0.08826753709244901,0.7162884747598368,1.2803276891083846,5.996,1.196,0.72,14.809,1.703,
203,100,3,37.0,11.2,32.6,1.39,1e-05,0.05,25,0.45,0.55,True,80.30000000000001,3,2,0.03164274779174166,0.17788408526830515,4.971675056755572,6.652804004583143,7.542,6.154,4.972,13.024,2.255,
199,100,3,34.5,80.9,81.4,1.7,1e-06,0.1,120,0.60,0.45,True,117.10000000000001,3,3,0.03974599724973655,0.19936398182654896,5.538811405096695,9.057040482331914,-9.416,11.116,5.541,9.72,2.1,
119,100,3,99.8,74.1,117.3,2.1,1e-05,0.1,120,0.60,0.45,False,900.0,0,1,nan,nan,24.582566847852487,26.374367706740827,11.659,9.555,24.583,534.329,2.768,vittima non trovata entro 15 minuti
215,100,3,14.0,13.1,12.1,2.67,1e-05,0.05,80,0.60,0.58,True,6.300000000000001,3,1,0.9885236825824946,0.9942452829068361,4.6135787083071715,8.616931017126129,9.168,6.502,4.634,4.713,2.836,
201,100,3,73.7,55.2,85.1,4.0,1e-05,0.05,25,center,center,True,113.5,3,3,0.01517940190333385,0.12320471542653653,0.5318983065425873,0.5469054358184509,3.627,0.375,0.534,19.408,2.367,
214,100,3,12.3,13.7,11.3,1.66,1e-05,0.05,80,0.60,0.45,True,17.2,3,1,0.5218530326924175,0.7223939594794639,5.313485317364159,8.48133316595221,-8.678,10.336,5.317,5.721,2.971,
208,100,3,48.4,28.0,49.2,3.91,1e-05,0.05,50,0.45,0.55,True,87.80000000000001,3,3,0.016139610167007382,0.12704176544352405,0.7502513031515482,3.234261485268773,1.035,2.872,0.758,5.658,1.649,
211,100,3,18.0,34.0,31.8,1.7,1e-05,0.05,80,center,center,True,64.9,3,2,1.9985547568020157,1.4137024993972445,0.6562229191907476,1.2144485148100437,0.477,1.224,1.394,4.317,1.781,
206,100,3,38.4,87.8,89.3,4.79,1e-05,0.05,50,center,center,True,115.10000000000001,3,3,0.014768419235584106,0.12152538514888199,2.2789096487318075,2.4073815007212622,6.742,1.955,2.28,5.322,1.927,
200,100,3,71.9,80.6,101.0,2.64,1e-06,0.1,120,0.60,0.58,True,129.0,3,3,1.3478063681235306,1.1609506312171636,5.5601670162931365,6.277235499524294,4.887,2.251,5.565,6.784,2.656,
207,100,3,84.6,21.6,81.3,2.09,1e-05,0.05,50,0.35,0.40,True,134.20000000000002,3,3,0.03358923570363293,0.18327366342066972,0.9111691488017963,1.0601860845866602,2.808,0.721,0.928,14.513,1.883,
109,100,3,66.0,62.3,83.7,1.93,1e-05,0.1,50,0.60,0.45,False,900.0,2,2,227.68478309938104,15.089227385767007,116.38226241546138,116.40871048880598,-7.81,9.738,117.093,310.325,2.872,vittima non trovata entro 15 minuti
216,100,3,32.3,35.4,40.9,1.71,1e-05,0.05,120,center,center,True,74.8,3,3,0.021905058648080653,0.14800357647057266,2.488092294411112,3.7761149037351687,6.14,4.426,2.488,6.539,2.246,
218,100,3,34.9,57.4,60.3,4.56,1e-05,0.05,120,0.45,0.55,True,90.7,3,3,0.20604775478329498,0.45392483384729565,1.387903990052279,2.3341408068331067,6.673,2.115,1.394,6.525,2.35,
217,100,3,30.9,80.1,79.4,4.47,1e-05,0.05,120,0.35,0.40,True,96.2,3,3,0.04634476178817661,0.21527833562199566,3.0709329524288904,5.6394772321703455,8.449,3.981,3.071,4.795,2.168,
221,100,3,48.9,46.7,60.5,2.0,1e-05,0.1,25,center,center,True,81.7,3,3,0.00935427895534286,0.09671752144954325,1.350934886330426,1.613021351293774,3.824,1.823,1.352,6.618,1.665,
220,100,3,59.1,56.0,74.4,2.31,1e-05,0.05,120,0.60,0.58,True,104.0,3,3,0.10174854520355955,0.3189804777781229,3.599430104028426,8.392513717939947,-7.591,9.905,3.601,10.733,1.946,
223,100,3,60.8,4.8,55.8,2.81,1e-05,0.1,25,0.45,0.55,True,90.30000000000001,3,1,0.009292012032518903,0.09639508303082114,0.626298518139066,0.6469810226223869,2.61,0.196,0.63,5.177,1.705,
225,100,3,62.9,18.6,59.4,4.99,1e-05,0.1,25,0.60,0.58,True,105.9,3,1,5.255476879258714,2.2924826889768903,1.7536858877909853,3.63171410492779,1.065,3.924,1.84,3.773,1.741,
226,100,3,56.2,93.6,102.3,3.04,1e-05,0.1,50,center,center,True,99.10000000000001,3,3,4.167653592062163,2.0414831843691887,3.490958718383319,3.5822759007055143,3.844,0.804,3.617,21.536,2.576,
219,100,3,43.0,96.1,98.7,3.12,1e-05,0.05,120,0.60,0.45,True,179.3,3,3,4.1012628675668275,2.0251574920402677,1.9162457340558499,2.049258273037495,3.848,0.726,2.773,18.307,2.511,
231,100,3,28.4,13.4,24.9,4.36,1e-05,0.1,80,center,center,True,54.1,3,3,0.05023435160279141,0.2241302112674492,4.572178241380424,4.997462701840511,9.403,5.04,4.573,9.924,2.513,
228,100,3,75.0,89.4,109.7,4.16,1e-05,0.1,50,0.45,0.55,True,108.4,3,3,0.356405048440318,0.5969966904768551,5.616649959841331,14.311789853493607,-10.833,14.997,5.631,9.264,2.804,
229,100,3,37.0,68.5,71.1,2.39,1e-05,0.1,50,0.60,0.45,True,91.5,3,3,0.025257449542775482,0.15892592470322606,4.541066028348477,8.754133401626271,-8.15,10.536,4.541,2.428,1.952,
227,100,3,61.3,62.3,80.3,3.76,1e-05,0.1,50,0.35,0.40,True,131.6,3,3,0.002053135603569495,0.04531153940851596,1.78644252965273,2.446084114719656,6.134,2.375,1.787,23.022,1.581,
230,100,3,87.8,29.3,86.3,4.9,1e-05,0.1,50,0.60,0.58,True,124.7,3,3,0.02115932807115468,0.14546246275639182,3.4273834315432787,3.8978587834081297,6.478,1.575,3.429,12.839,1.968,
232,100,3,64.0,36.2,66.8,1.74,1e-05,0.1,80,0.35,0.40,True,98.0,3,3,0.2562616885089132,0.5062229632374584,0.21033240273209783,3.427323571907976,-1.611,3.356,0.501,4.721,1.714,
234,100,3,77.2,27.2,75.6,1.32,1e-05,0.1,80,0.60,0.45,True,94.9,3,1,0.018125059679839087,0.13462934182353817,1.4959268036384377,2.1382207429523814,3.661,2.346,1.5,9.383,1.703,
233,100,3,76.9,46.0,82.8,2.94,1e-05,0.1,80,0.45,0.55,True,107.80000000000001,3,3,0.02102326455768778,0.1449940155926712,7.838232627955668,13.670465811548107,-11.574,14.517,7.838,6.399,2.006,
101,100,3,0.2,57.5,52.7,1.73,1e-05,0.1,25,center,center,False,900.0,0,2,8.6996162385865,2.949511186380974,44.07359944330068,44.99494369623125,26.482,24.749,44.082,431.232,3.355,vittima non trovata entro 15 minuti
236,100,3,16.6,68.4,64.5,1.61,1e-05,0.1,120,center,center,True,98.30000000000001,3,3,0.012096991253092248,0.10998632302742123,0.8136388146709822,1.4349902144359648,3.324,1.716,0.816,3.715,1.813,
237,100,3,74.9,65.9,92.7,3.83,1e-05,0.1,120,0.35,0.40,True,102.80000000000001,3,3,0.011290559577806558,0.1062570448384791,0.38008550879451364,0.42100851865577715,4.143,0.312,0.383,20.593,1.66,
245,100,3,6.1,7.4,2.7,4.59,1e-07,0.05,25,0.60,0.58,True,0.30000000000000004,3,2,0.17167723222093575,0.41433951322669643,1.234029967829141,1.326983421777823,4.014,0.575,1.236,1.228,2.829,
238,100,3,39.8,90.4,92.2,3.89,1e-05,0.1,120,0.45,0.55,True,120.5,3,3,0.39041793930815866,0.6248343294891524,4.0212994999284835,7.450016522717452,0.393,3.496,4.062,15.402,2.443,
242,100,3,19.4,24.8,24.5,4.31,1e-07,0.05,25,0.35,0.40,True,61.400000000000006,3,3,2.025772430888404,1.4232963257482274,2.181633681901644,7.0973424107458305,-3.367,7.68,2.234,3.172,1.842,
144,100,3,86.6,90.5,118.2,2.64,1e-07,0.1,25,0.60,0.45,False,900.0,2,3,7.87310164109021,2.805904781187382,8.105482982237659,9.470615437055113,34.487,31.846,8.112,318.833,3.463,vittima non trovata entro 15 minuti
249,100,3,8.4,7.9,4.5,1.66,1e-07,0.05,50,0.60,0.45,True,0.30000000000000004,3,1,0.32399288772882656,0.5692037313026211,3.021188321116955,3.7147190361563585,3.628,1.972,3.028,3.006,2.316,
130,100,3,4.8,97.2,92.2,4.66,1e-07,0.05,50,0.60,0.58,False,900.0,0,3,8.260148800066293,2.874047459605755,10.717631160141147,18.18127948856619,19.342,14.686,10.736,251.928,5.004,vittima non trovata entro 15 minuti
163,100,3,99.9,17.0,95.7,1.57,1e-06,0.05,25,0.45,0.55,False,900.0,1,3,84.53297297258081,9.194181473768113,7.487494200722564,7.75467584508868,-0.444,2.018,8.811,182.728,3.909,vittima non trovata entro 15 minuti
164,100,3,80.3,54.8,90.2,4.53,1e-06,0.05,25,0.60,0.45,False,900.0,1,3,74.91027611670052,8.655072276803962,9.84444596197026,14.048644314687339,11.328,6.797,10.665,168.416,2.938,vittima non trovata entro 15 minuti
146,100,3,98.2,16.4,93.9,3.03,1e-07,0.1,50,center,center,False,900.0,2,3,47.508032197228864,6.892607068245575,14.412298350744562,14.482364853432326,37.975,34.945,14.528,337.662,2.719,vittima non trovata entro 15 minuti
244,100,3,64.1,25.7,62.6,2.35,1e-07,0.05,25,0.60,0.45,True,108.60000000000001,3,3,0.012143303850943749,0.11019665989014253,0.19702253729510952,0.9486521919710391,3.163,0.812,0.225,1.487,2.619,
251,100,3,22.7,15.8,20.8,4.86,1e-07,0.05,80,center,center,True,48.400000000000006,3,3,0.009599604573898936,0.0979775717901752,2.5912334344999404,3.0628981973689924,7.849,2.993,2.591,2.198,2.265,
246,100,3,9.1,54.6,49.8,1.72,1e-07,0.05,50,center,center,True,120.30000000000001,3,3,0.03166327260992882,0.17794176746882343,3.300455814177977,3.9505304662752088,6.159,4.434,3.301,7.988,2.013,
142,100,3,93.5,46.7,97.8,1.23,1e-07,0.1,25,0.35,0.40,False,900.0,0,3,20.745513059764882,4.554724257270124,25.659999144388273,42.548187936094344,29.842,28.612,25.85,595.346,3.303,vittima non trovata entro 15 minuti
248,100,3,75.7,14.7,71.3,1.54,1e-07,0.05,50,0.45,0.55,True,130.1,3,3,0.8026873811355747,0.895928223205171,1.681669083061719,4.409572247345338,-3.168,4.713,1.727,10.044,1.789,
243,100,3,78.1,78.7,103.8,2.81,1e-07,0.05,25,0.45,0.55,True,140.9,3,3,0.15922314335281923,0.39902774759760656,3.859858598095618,7.72022623179772,8.477,5.664,3.86,20.271,2.405,
250,100,3,77.5,32.7,77.6,4.25,1e-07,0.05,50,0.60,0.58,True,129.3,3,3,0.03388519998446123,0.18407933068234802,2.8932836353196976,10.98182611955862,-7.637,11.886,2.893,16.318,1.967,
247,100,3,41.8,91.8,94.3,2.27,1e-07,0.05,50,0.35,0.40,True,143.20000000000002,3,3,0.0059279662795709035,0.07699328723707609,0.5494505338526579,1.605813887388674,3.774,1.509,0.55,15.101,1.71,
186,100,3,92.0,27.5,89.9,3.92,1e-06,0.1,50,center,center,False,900.0,2,3,100.56382935802333,10.028151841591916,6.037700307933635,6.250686261338494,35.954,32.031,9.35,574.76,3.074,vittima non trovata entro 15 minuti
167,100,3,86.4,92.3,119.3,1.8,1e-06,0.05,50,0.35,0.40,False,900.0,2,3,5.000395921416056,2.2361565064673035,1.494041865606993,1.5286163729939481,2.124,0.323,2.583,104.836,4.102,vittima non trovata entro 15 minuti
254,100,3,65.9,79.8,96.4,2.49,1e-07,0.05,80,0.60,0.45,True,126.30000000000001,3,3,0.011047025686917806,0.10510483189139215,1.0064991564824557,5.793471704625016,-3.845,6.331,1.011,7.946,1.752,
253,100,3,34.1,96.5,96.0,1.7,1e-07,0.05,80,0.45,0.55,True,133.4,3,3,0.0005732698693751858,0.023943054721049815,0.38129509570292586,0.7164801261665618,1.09,0.607,0.382,4.816,1.548,
258,100,3,22.5,29.4,30.0,3.97,1e-07,0.05,120,0.45,0.55,True,65.3,3,3,0.5988142806217572,0.7738309121647682,1.418586803766678,2.2378148762961323,6.032,2.059,1.421,3.838,2.235,
252,100,3,57.1,92.4,101.8,4.17,1e-07,0.05,80,0.35,0.40,True,146.6,3,3,0.03245633008017788,0.18015640449392267,1.5346434498399484,1.6481134922576899,4.766,0.601,1.535,8.981,2.055,
148,100,3,9.2,98.1,93.2,4.22,1e-07,0.1,50,0.45,0.55,False,900.0,0,3,56.4231288409938,7.511533055308603,29.229728600460305,42.918061387908665,25.273,21.05,29.772,346.536,4.424,vittima non trovata entro 15 minuti
257,100,3,55.1,32.2,57.1,1.64,1e-07,0.05,120,0.35,0.40,True,104.9,3,3,0.14635978444130893,0.3825699732615054,5.161778386336979,7.273110804029,7.242,5.603,5.162,3.049,2.71,
173,100,3,95.9,14.5,91.3,4.08,1e-06,0.05,80,0.45,0.55,False,900.0,2,3,308.43557544770067,17.56233399772652,17.93124334634214,18.700373693613088,26.369,22.291,22.578,304.739,3.22,vittima non trovata entro 15 minuti
255,100,3,49.4,95.6,100.9,2.45,1e-07,0.05,80,0.60,0.58,True,153.1,3,3,0.008676319465993333,0.0931467630462451,0.8129626536645096,1.5601944935493801,3.781,1.332,0.817,22.645,1.799,
184,100,3,83.8,10.1,79.0,4.4,1e-06,0.1,25,0.60,0.45,False,900.0,1,3,96.07638368537515,9.801856134700975,10.152703287563424,11.822711697045841,12.868,8.473,11.01,480.478,3.164,vittima non trovata entro 15 minuti
179,100,3,58.7,95.6,105.3,3.13,1e-06,0.05,120,0.60,0.45,False,900.0,2,3,276.48868085119796,16.627948786642264,26.94048053287186,35.62330596393008,26.439,23.307,26.95,294.951,2.924,vittima non trovata entro 15 minuti
269,100,3,24.1,5.3,19.1,2.3,1e-07,0.1,50,0.60,0.45,True,41.6,3,3,0.20685500442396684,0.4548131533101993,4.0709433213751085,8.053878012027234,8.756,6.457,4.075,3.229,2.599,
259,100,3,45.0,87.6,91.8,4.79,1e-07,0.05,120,0.60,0.45,True,115.4,3,3,2.602462022006967,1.6132148096291972,3.211811031158489,9.090892982301263,-5.728,10.52,3.248,4.336,2.621,
264,100,3,30.4,32.4,37.4,2.68,1e-07,0.1,25,0.60,0.45,True,75.8,3,3,0.09816540801777539,0.3133135937328213,5.305308752219095,10.652926543282653,-9.562,12.241,5.305,6.451,2.366,
273,100,3,25.1,12.4,21.4,2.68,1e-07,0.1,80,0.45,0.55,True,42.7,3,3,1.925932581055977,1.3877797307411495,4.466287050060164,4.7938343592749,0.393,2.287,4.646,3.719,2.804,
261,100,3,47.0,91.7,96.4,4.64,1e-07,0.1,25,center,center,True,155.10000000000002,3,3,0.08412969055429842,0.2900511860935901,2.054104911768189,2.370810171778635,3.452,1.184,2.056,10.38,2.21,
183,100,3,70.6,28.9,69.8,1.26,1e-06,0.1,25,0.45,0.55,False,900.0,2,3,204.62815003690778,14.304829605308404,19.0210752101564,20.98652613452438,-15.536,16.799,20.281,607.91,2.626,vittima non trovata entro 15 minuti
276,100,3,26.7,28.6,32.0,1.63,1e-07,0.1,120,center,center,True,61.400000000000006,3,3,1.8700011187438292,1.367479842170929,2.6236874630436313,6.4465069565243205,-5.986,7.616,2.731,7.181,2.235,
268,100,3,70.7,52.1,80.8,2.14,1e-07,0.1,50,0.45,0.55,True,112.0,3,3,0.09097722184080846,0.30162430578587074,1.1904901115176545,1.77511503621143,3.618,1.477,1.209,24.418,1.977,
271,100,3,61.5,65.8,83.0,3.86,1e-07,0.1,80,center,center,True,124.5,3,3,0.013260313901070062,0.11515343634069311,1.1765367602671677,1.5707659652434847,5.652,1.788,1.179,35.104,1.658,
272,100,3,93.8,28.4,91.8,1.48,1e-07,0.1,80,0.35,0.40,True,132.70000000000002,3,3,0.05325140267313328,0.23076265441603258,1.6890293091145971,3.8895305933127498,4.981,3.504,1.691,35.718,2.066,
181,100,3,4.2,41.2,36.2,3.54,1e-06,0.1,25,center,center,False,900.0,0,2,25.311300193797706,5.031033710262505,28.623220459072424,31.89683283842027,34.126,30.584,29.018,398.753,3.163,vittima non trovata entro 15 minuti
274,100,3,26.3,44.4,44.8,4.87,1e-07,0.1,80,0.60,0.45,True,107.4,3,3,0.017414843588765005,0.13196531206633433,2.7123602472398023,9.933784428720369,-6.532,11.407,2.713,10.892,1.822,
210,100,3,97.7,53.9,104.8,4.89,1e-05,0.05,50,0.60,0.58,False,900.0,2,2,22.031446631025098,4.6937667848994264,0.7062655793726957,0.8100547569396498,4.49,0.397,4.358,117.397,2.978,vittima non trovata entro 15 minuti
277,100,3,60.1,15.5,56.0,3.49,1e-07,0.1,120,0.35,0.40,True,116.60000000000001,3,3,0.05856452920223145,0.24200109339057013,4.699308456262959,5.96084994629372,7.417,3.927,4.7,8.78,2.189,
275,100,3,39.1,87.2,89.0,3.96,1e-07,0.1,80,0.60,0.58,True,129.1,3,3,0.0010139353084277058,0.03184235086214122,1.3702125584512694,2.1649033358276535,5.898,1.935,1.371,15.932,1.828,
266,100,3,17.1,88.8,84.7,3.77,1e-07,0.1,50,center,center,True,180.70000000000002,3,3,0.17508205571090163,0.41842807710633095,0.7225261760241055,0.7347331383713128,3.295,0.478,0.811,32.003,2.989,
283,100,3,20.0,15.8,18.5,2.04,1e-06,0.05,25,0.45,0.55,True,45.0,3,3,0.4272486737444224,0.6536426192839803,2.6411825941890026,4.601800256525531,6.506,4.47,2.641,3.732,2.312,
286,100,3,31.0,3.6,26.0,2.45,1e-06,0.05,50,center,center,True,42.7,3,3,0.3508302308886616,0.5923092358630427,4.917343533882976,12.850182765968897,12.695,10.247,4.948,4.586,3.097,
204,100,3,61.7,16.1,57.8,4.97,1e-05,0.05,25,0.60,0.45,False,900.0,2,1,1.0667621936150238,1.0328418047382784,86.86897538681467,87.65841052963667,7.901,2.926,86.869,238.14,2.882,vittima non trovata entro 15 minuti
278,100,3,64.2,14.9,60.0,4.72,1e-07,0.1,120,0.45,0.55,True,123.30000000000001,3,3,0.014795866683857177,0.1216382615950145,0.9559366169336978,0.9646952607912509,5.22,0.503,0.957,17.338,2.253,
279,100,3,58.9,24.2,57.2,3.5,1e-07,0.1,120,0.60,0.45,True,137.20000000000002,3,3,0.1648942886763281,0.40607177773926634,4.131889459525893,9.49515461650782,-7.601,11.102,4.132,9.72,2.459,
209,100,3,83.9,22.2,80.7,3.14,1e-05,0.05,50,0.60,0.45,False,900.0,2,2,8.754972960185754,2.9588803558416745,53.55495037870882,58.96824783315511,10.236,7.1,53.628,178.173,3.149,vittima non trovata entro 15 minuti
205,100,3,81.9,45.3,86.8,4.22,1e-05,0.05,25,0.60,0.58,False,900.0,2,3,607.5230848835886,24.64798338370887,39.7596999781418,39.793864614584436,-4.932,9.155,40.285,155.05,2.925,vittima non trovata entro 15 minuti
222,100,3,14.1,99.9,95.3,4.31,1e-05,0.1,25,0.35,0.40,False,900.0,1,3,867.0430017060006,29.445593926867915,23.491084490279007,23.8080334359593,8.186,3.872,24.303,298.495,2.88,vittima non trovata entro 15 minuti
280,100,3,98.0,97.5,131.2,2.88,1e-07,0.1,120,0.60,0.58,True,152.20000000000002,3,3,0.041797333424335746,0.204443961574647,4.731037219863786,7.682072872031641,-3.169,6.052,4.732,8.394,2.95,
281,100,3,46.2,52.2,62.6,2.71,1e-06,0.05,25,center,center,True,130.5,3,3,0.2957580633591811,0.5438364307024504,2.1506497690595743,3.168566162807756,6.152,3.441,2.151,13.029,2.101,
292,100,3,33.0,10.2,28.4,2.18,1e-06,0.05,80,0.35,0.40,True,57.1,3,3,0.9102036376549119,0.9540459305792944,3.4959368146882315,5.625866045506923,7.324,5.14,3.528,3.077,2.371,
289,100,3,50.0,25.8,49.6,3.52,1e-06,0.05,50,0.60,0.45,True,88.4,3,3,0.2837226831778244,0.5326562523596474,2.7782915623527153,4.850128116250067,8.222,4.707,2.791,4.298,2.423,
285,100,3,53.3,35.8,57.3,4.29,1e-06,0.05,25,0.60,0.58,True,119.10000000000001,3,3,1.4383842766060357,1.1993265929704202,4.40648423744276,7.767754722726345,9.226,4.937,4.425,11.846,2.779,
213,100,3,68.2,71.3,91.6,1.35,1e-05,0.05,80,0.45,0.55,False,900.0,2,3,2371.295789802275,48.69595249917877,68.28152853105406,68.89731191630408,-17.34,18.694,68.426,282.489,2.688,vittima non trovata entro 15 minuti
194,100,3,84.9,8.5,80.0,4.76,1e-06,0.1,80,0.60,0.45,False,900.0,0,3,60.62840235727302,7.786424234350002,51.413882596936084,51.41389254543517,20.835,16.075,51.831,394.363,3.323,vittima non trovata entro 15 minuti
212,100,3,99.0,20.7,95.3,1.3,1e-05,0.05,80,0.35,0.40,False,900.0,2,2,597.9328818961749,24.452666151080027,29.451625359743645,36.47450113891067,5.55,4.245,30.01,160.066,4.906,vittima non trovata entro 15 minuti
288,100,3,54.1,61.9,75.1,4.17,1e-06,0.05,50,0.45,0.55,True,131.5,3,3,0.12845557054533974,0.3584069900899531,1.7982557232716676,2.733009798155175,6.776,2.602,1.803,7.111,2.035,
298,100,3,17.2,27.2,25.3,1.55,1e-06,0.05,120,0.45,0.55,True,55.800000000000004,3,3,2.7690550611038054,1.6640477941164447,3.404220493420985,5.602640854923566,6.871,5.324,3.424,4.761,2.522,
291,100,3,49.4,54.7,66.6,1.5,1e-06,0.05,80,center,center,True,117.4,3,3,0.13138243397609406,0.3624671488233024,0.8803748621929671,2.7657140159338907,-1.736,3.232,0.94,3.932,2.229,
293,100,3,55.7,5.9,50.7,1.15,1e-06,0.05,80,0.45,0.55,True,113.30000000000001,3,3,0.47675359465063577,0.690473456876248,4.647301713617705,8.434976940451003,9.052,7.904,4.648,13.359,2.974,
302,100,3,27.0,12.0,23.0,3.14,1e-06,0.1,25,0.35,0.40,True,57.2,3,3,0.5286019418067285,0.7270501645737579,4.175524804603864,6.426731214630403,8.23,5.086,4.186,3.241,2.696,
287,100,3,28.1,99.7,97.5,3.66,1e-06,0.05,50,0.35,0.40,True,166.4,3,3,0.05685977451895939,0.2384528769357992,2.0433324269325275,2.5096205444851556,5.122,1.457,2.044,4.332,1.986,
312,100,3,3.0,0.3,5.1,4.06,1e-06,0.1,80,0.35,0.40,True,0.2,3,1,0.11762479464249467,0.34296471340721724,2.2768322569539383,2.398911397925362,2.573,1.482,2.296,2.311,3.346,
295,100,3,30.2,41.4,44.2,3.36,1e-06,0.05,80,0.60,0.58,True,96.80000000000001,3,3,0.9538200492224114,0.9766371123515691,1.5159783001312148,2.788797787862432,0.536,2.824,1.616,5.714,1.937,
300,100,3,12.6,37.8,33.7,1.29,1e-06,0.05,120,0.60,0.58,True,76.10000000000001,3,3,0.2125763349709979,0.4610600123313644,1.6638492216169862,7.227374694011031,-6.198,7.484,1.68,4.848,2.129,
297,100,3,7.9,45.4,40.5,3.87,1e-06,0.05,120,0.35,0.40,True,87.5,3,3,2.7091706099800095,1.6459558347598544,2.017379404115833,6.290449692997684,-3.145,7.019,2.295,3.189,2.04,
296,100,3,61.4,17.5,57.8,3.27,1e-06,0.05,120,center,center,True,115.4,3,3,0.01357708171278286,0.11652073511947503,2.012688479693615,2.2941841873504285,5.465,2.194,2.015,6.316,2.295,
224,100,3,72.7,84.6,104.5,3.77,1e-05,0.1,25,0.60,0.45,False,900.0,2,3,13146.943130837772,114.66012005417477,154.99500204536906,155.0510416771877,-17.131,20.896,161.664,405.779,3.067,vittima non trovata entro 15 minuti
303,100,3,48.8,7.8,43.9,2.72,1e-06,0.1,25,0.45,0.55,True,104.4,3,2,0.3160229205267948,0.5621591594262205,2.916588406905698,4.240729555511387,6.839,4.114,2.917,27.417,2.802,
301,100,3,19.1,50.5,47.6,2.02,1e-06,0.1,25,center,center,True,137.0,3,3,0.04504829509471402,0.2122458364602567,0.6604329551663322,0.7777110208425894,2.869,0.848,0.665,22.741,2.003,
305,100,3,61.2,9.4,56.4,2.04,1e-06,0.1,25,0.60,0.58,True,94.80000000000001,3,3,0.628189489799894,0.7925840585072942,4.764192747314194,9.69253858463211,10.016,7.974,4.779,34.065,2.238,
306,100,3,36.5,60.2,63.6,1.9,1e-06,0.1,50,center,center,True,121.4,3,3,0.018885750500675036,0.1374254361487532,1.1411314990736572,1.6293621660621624,3.843,1.945,1.146,18.235,1.896,
309,100,3,69.0,8.9,64.1,4.57,1e-06,0.1,50,0.60,0.45,True,114.30000000000001,3,3,0.7418690183293201,0.8613181864614958,5.512063223100933,7.0810117743938115,10.48,5.909,5.53,14.183,2.934,
310,100,3,9.9,56.3,51.5,1.03,1e-06,0.1,50,0.60,0.58,True,114.9,3,3,0.0126073631991461,0.11228251510874745,2.013611330861664,7.306197053044277,-6.833,7.864,2.015,9.413,1.782,
314,100,3,60.9,80.1,93.7,4.83,1e-06,0.1,80,0.60,0.45,True,112.60000000000001,3,3,5.02527023175579,2.241711451493209,2.785545289428558,7.704779168946145,-3.945,8.774,3.142,8.364,2.174,
308,100,3,26.2,64.3,63.0,3.44,1e-06,0.1,50,0.45,0.55,True,123.7,3,3,0.006393037613396582,0.07995647324261233,1.2221320732060745,2.045106112486158,1.576,1.862,1.222,11.87,1.726,
307,100,3,19.1,84.1,80.4,1.42,1e-06,0.1,50,0.35,0.40,True,141.70000000000002,3,3,0.00671434173367761,0.0819410869691,2.619205734522005,7.525405310609154,-7.131,8.548,2.619,18.068,1.802,
317,100,3,93.6,61.4,105.0,2.02,1e-06,0.1,120,0.35,0.40,True,114.80000000000001,3,3,0.3550037829660864,0.5958219389768108,1.1751769839748,2.125736692176834,3.787,1.771,1.234,22.269,1.967,
316,100,3,60.2,96.7,107.0,1.77,1e-06,0.1,120,center,center,True,126.80000000000001,3,3,0.11929717232494264,0.3453942274053558,0.1873254356998266,3.7640861356999897,-1.993,3.759,0.359,9.086,1.763,
315,100,3,1.9,77.3,72.4,4.11,1e-06,0.1,80,0.60,0.58,True,131.0,3,3,0.26632178337499324,0.5160637396436542,4.353962018109325,6.136469609039627,8.179,4.068,4.357,9.98,2.777,
313,100,3,67.1,73.3,92.3,4.6,1e-06,0.1,80,0.45,0.55,True,144.6,3,3,0.009012849093527094,0.09493602632050224,1.4823598994556402,1.9904455769201899,6.388,1.784,1.485,15.44,1.562,
319,100,3,71.9,3.1,66.9,1.58,1e-06,0.1,120,0.60,0.45,True,106.2,3,3,0.24289253708881575,0.49284128995936993,1.8918169567040508,2.188191167021474,1.368,0.216,1.939,18.183,2.07,
331,100,3,22.0,4.8,17.0,3.69,1e-05,0.05,80,center,center,True,30.1,3,3,0.26678122953304034,0.5165086926016254,5.901884428835879,9.551989760026158,11.102,7.409,5.903,5.803,2.68,
256,100,3,92.2,49.8,98.0,3.71,1e-07,0.05,120,center,center,False,900.0,0,3,13.995166578165563,3.741011437855485,1.5142303713142835,2.320408374697183,5.468,1.758,4.0,68.014,2.762,vittima non trovata entro 15 minuti
325,100,3,14.3,52.3,48.2,2.33,1e-05,0.05,25,0.60,0.58,True,73.5,3,3,0.11241326244171011,0.33528087097493364,2.7950608458832615,7.3152618526314335,8.473,6.147,2.797,5.875,2.587,
327,100,3,30.7,46.3,48.6,1.33,1e-05,0.05,50,0.35,0.40,True,74.4,3,3,0.010191884321328226,0.10095486279188451,0.22801061087882396,2.80137527155815,-1.371,2.706,0.246,3.38,1.81,
318,100,3,72.3,91.8,109.8,3.54,1e-06,0.1,120,0.45,0.55,True,141.3,3,3,0.01066721424260363,0.10328220680544946,1.0954631479974382,1.097985806822432,3.468,0.074,1.096,12.552,1.611,
328,100,3,22.1,45.5,44.0,4.43,1e-05,0.05,50,0.45,0.55,True,75.0,3,3,0.014113392161600218,0.11879979865976296,2.1546986369924626,3.8054219634184636,7.797,3.369,2.155,6.635,1.776,
320,100,3,74.6,58.4,87.7,2.24,1e-06,0.1,120,0.60,0.58,True,128.5,3,3,0.11246902272785439,0.3353640152548487,5.586700386360761,11.947155376848627,-10.262,12.498,5.587,6.958,2.605,
326,100,3,53.4,51.0,66.8,3.63,1e-05,0.05,50,center,center,True,101.5,3,3,0.0007270138775547053,0.026963194869204676,4.630188829909734,8.661503484474904,-6.92,10.549,4.63,5.122,1.671,
329,100,3,44.6,89.5,93.3,2.17,1e-05,0.05,50,0.60,0.45,True,103.10000000000001,3,3,0.06464813689150824,0.25425997894184654,3.505042232069814,7.854078158913398,-7.118,9.288,3.506,1.982,2.17,
330,100,3,76.0,79.1,102.6,2.75,1e-05,0.05,50,0.60,0.58,True,102.7,3,3,0.5274872477007008,0.7262831732187527,3.836850339412751,3.837142309582743,2.035,0.715,3.848,6.967,2.224,
323,100,3,4.1,93.6,88.6,1.25,1e-05,0.05,25,0.45,0.55,True,146.9,3,3,0.278638722225632,0.5278624084225283,7.414115400466683,22.029683301544324,21.999,20.745,7.426,11.122,2.712,
343,100,3,1.0,11.0,7.3,2.62,1e-05,0.1,25,0.45,0.55,True,0.30000000000000004,3,1,0.07915786926886902,0.28135008311509174,4.099893664096832,4.1656912194706175,4.589,1.97,4.104,4.127,3.815,
332,100,3,12.4,65.6,61.1,4.89,1e-05,0.05,80,0.35,0.40,True,87.5,3,3,0.0029404413146066335,0.05422583622782256,1.3237359934751725,1.892814261431236,6.773,1.879,1.324,2.625,1.723,
239,100,3,11.7,99.0,94.2,4.56,1e-05,0.1,120,0.60,0.45,False,900.0,2,3,3519.619154436402,59.32637823461333,81.77301077607089,81.93767625119871,9.753,5.192,83.024,472.449,2.572,vittima non trovata entro 15 minuti
240,100,3,96.0,53.7,103.2,2.72,1e-05,0.1,120,0.60,0.58,False,900.0,2,3,4538.668391086675,67.36963998038489,93.22004189167433,93.22432134436373,-13.233,15.952,94.008,432.858,3.276,vittima non trovata entro 15 minuti
333,100,3,48.2,62.2,71.6,4.1,1e-05,0.05,80,0.45,0.55,True,84.2,3,3,0.021345292232057396,0.1461002814236078,0.6715491091064258,1.1936148526407195,5.339,1.244,0.673,3.374,1.729,
321,100,3,99.1,44.8,102.2,3.32,1e-05,0.05,25,center,center,False,181.9,3,2,492.695493243417,22.196745104708867,14.917341193487855,17.25095247042488,34.993,31.669,15.989,24.377,2.172,vittima non trovata entro 15 minuti
335,100,3,77.5,53.7,87.4,3.93,1e-05,0.05,80,0.60,0.58,True,96.10000000000001,3,3,0.003069638489912496,0.05540431833271208,1.1955904977243865,1.5595178717419804,5.01,1.082,1.196,8.152,1.675,
337,100,3,35.4,69.3,71.1,3.39,1e-05,0.05,120,0.35,0.40,True,89.4,3,3,2.0956459537749232,1.447634606444224,3.6901738932802988,3.8188096476300677,1.026,2.368,3.865,4.355,2.741,
340,100,3,44.1,14.3,40.2,1.18,1e-05,0.05,120,0.60,0.58,True,77.9,3,2,0.040729831553197135,0.2018163312351038,0.6568787191578657,1.967989445021468,2.983,1.8,0.66,2.715,2.231,
241,100,3,92.8,21.3,89.3,2.23,1e-07,0.05,25,center,center,False,900.0,1,3,0.3640156245899398,0.6033370737738066,1.5822579648615234,1.879420040491526,3.242,1.014,1.613,181.806,4.65,vittima non trovata entro 15 minuti
338,100,3,58.7,3.4,53.7,4.59,1e-05,0.05,120,0.45,0.55,True,99.4,3,1,0.5529958790922687,0.743636926928907,1.1334866356503395,3.147567388579467,1.25,3.337,1.147,4.059,1.665,
341,100,3,40.5,47.1,55.1,4.91,1e-05,0.1,25,center,center,True,83.60000000000001,3,3,0.1627580765935828,0.40343286503900844,1.2956902218248023,1.4254786090514424,6.23,1.317,1.296,7.511,2.131,
336,100,3,61.6,55.1,75.5,2.73,1e-05,0.05,120,center,center,True,120.2,3,3,0.005114388601412003,0.07151495369090302,0.725733991212116,1.2762652387622604,4.216,1.486,0.726,6.273,1.813,
344,100,3,27.9,39.3,41.2,4.79,1e-05,0.1,25,0.60,0.45,True,76.10000000000001,3,3,0.0199016183694685,0.14107309583853506,3.3178493904486537,10.747622195146048,-7.416,12.204,3.318,11.602,1.777,
354,100,3,3.9,16.0,11.0,4.51,1e-05,0.1,80,0.60,0.45,True,18.6,3,1,0.15817128745760287,0.39770754010654974,6.275705535525308,11.87534775590489,-10.26,14.769,6.277,7.129,2.061,
350,100,3,22.5,24.9,26.5,1.66,1e-05,0.1,50,0.60,0.58,True,58.6,3,3,0.01949376614758745,0.1396200778813257,2.6046889654353795,9.872658913999336,-8.733,10.397,2.606,7.814,1.542,
235,100,3,4.3,46.7,41.7,4.45,1e-05,0.1,80,0.60,0.58,False,900.0,2,2,290.67756722223623,17.04926881781844,39.770445625908316,39.96657940720284,24.339,19.892,39.949,279.986,3.034,vittima non trovata entro 15 minuti
346,100,3,89.7,15.0,85.3,2.11,1e-05,0.1,50,center,center,False,117.60000000000001,3,3,12.82356094176716,3.5809999918691933,10.268173099763672,10.51261348288199,-1.789,3.897,10.529,12.659,2.229,vittima non trovata entro 15 minuti
349,100,3,53.9,58.5,72.5,3.67,1e-05,0.1,50,0.60,0.45,True,91.10000000000001,3,3,0.12398135931365081,0.3521098682423581,3.1036560326717733,9.071174675150491,-6.64,10.312,3.107,17.308,1.404,
348,100,3,74.8,21.6,71.7,1.45,1e-05,0.1,50,0.45,0.55,True,103.5,3,3,0.047993706220484766,0.21907465901031267,0.43837615071936653,1.8014357187643628,3.369,1.916,0.454,18.282,1.582,
362,100,3,20.1,5.2,15.1,2.96,1e-07,0.05,25,0.35,0.40,True,27.400000000000002,3,3,0.019139139278401267,0.13834427808334274,4.50322180692643,5.9009595563551995,7.999,5.043,4.504,4.616,2.655,
355,100,3,20.3,73.9,70.5,3.78,1e-05,0.1,80,0.60,0.58,True,97.0,3,3,0.001968805682531072,0.044371225839851126,3.1240032036251737,11.801539751365258,-8.619,12.399,3.124,9.994,1.605,
265,100,3,76.0,61.5,90.7,3.71,1e-07,0.1,25,0.60,0.58,False,900.0,1,3,30.848035473242724,5.554100779896123,6.748726287996432,15.636791851266041,16.677,12.965,7.103,327.973,2.617,vittima non trovata entro 15 minuti
347,100,3,94.4,72.6,112.1,4.47,1e-05,0.1,50,0.35,0.40,True,154.60000000000002,3,2,0.33061487045291227,0.5749911916307173,5.811818823394971,11.553233753448787,8.096,3.623,5.814,6.343,2.211,
358,100,3,46.8,46.1,58.7,3.91,1e-05,0.1,120,0.45,0.55,True,94.7,3,3,0.4484205040190461,0.6696420715718555,0.3462759233952913,6.1068884300633135,-2.162,6.075,0.705,6.296,1.813,
356,100,3,18.7,40.8,38.3,4.89,1e-05,0.1,120,center,center,True,115.0,3,2,4.223770641229921,2.055181413216342,1.3221985292992031,3.7447794995237547,0.499,4.392,1.598,7.061,1.841,
357,100,3,12.3,64.3,59.7,2.49,1e-05,0.1,120,0.35,0.40,True,118.2,3,3,0.004673978034829107,0.06836649789794053,0.3528644479567659,5.694715065313049,8.085,5.599,0.359,27.47,1.718,
263,100,3,90.5,28.7,88.7,2.01,1e-07,0.1,25,0.45,0.55,False,900.0,0,3,13.108911752415237,3.6206231165940537,2.982812644717559,2.982813835736219,20.018,18.008,4.226,241.33,3.033,vittima non trovata entro 15 minuti
260,100,3,90.5,43.4,93.7,3.26,1e-07,0.05,120,0.60,0.58,False,900.0,1,3,10.441896019014536,3.2313922725374176,1.6037909328828093,11.84093183369877,-8.475,11.732,3.084,235.034,3.407,vittima non trovata entro 15 minuti
353,100,3,5.8,68.7,63.7,4.51,1e-05,0.1,80,0.45,0.55,True,146.4,3,2,0.3200009837176961,0.5656862944403869,2.3272477316326317,5.119050697869743,-0.311,4.82,2.333,15.484,1.716,
368,100,3,31.4,4.3,26.4,3.82,1e-07,0.05,50,0.45,0.55,True,43.300000000000004,3,3,0.33102852568449487,0.575350784899521,4.911894757040439,8.991243428401848,10.043,6.226,4.921,4.769,2.835,
360,100,3,39.8,84.9,87.1,2.66,1e-05,0.1,120,0.60,0.58,True,101.0,3,3,0.17338519541048283,0.4163954795749863,1.259355297550252,7.837158253874436,-5.478,8.136,1.296,5.603,1.94,
363,100,3,11.8,58.1,53.5,2.98,1e-07,0.05,25,0.45,0.55,True,109.80000000000001,3,3,0.1211440667649113,0.34805756243028435,3.042068605338318,3.964415664498932,6.219,3.239,3.047,7.133,2.834,
270,100,3,94.6,98.2,129.3,3.68,1e-07,0.1,50,0.60,0.58,False,900.0,0,3,15.712074525340082,3.9638459260344723,5.583198326940672,7.113243814334796,-0.727,4.408,6.7,556.602,2.679,vittima non trovata entro 15 minuti
267,100,3,93.9,11.3,89.1,3.74,1e-07,0.1,50,0.35,0.40,False,900.0,2,3,19.988784825759375,4.470881884568119,2.4832614002398365,6.731339731705798,10.001,6.257,3.669,239.469,2.996,vittima non trovata entro 15 minuti
378,100,3,12.2,16.1,13.3,2.65,1e-07,0.05,120,0.45,0.55,True,7.6000000000000005,3,1,0.10492362548377557,0.3239191650455026,1.521672624096904,2.9418778157544,5.513,2.866,1.537,1.647,2.06,
365,100,3,70.7,27.1,69.3,3.66,1e-07,0.05,25,0.60,0.58,True,110.4,3,3,0.16012419338177375,0.4001552116139108,5.641656646933584,7.582868937888107,9.223,5.566,5.642,20.168,2.618,
361,100,3,48.3,66.2,75.0,3.3,1e-07,0.05,25,center,center,True,135.3,3,3,0.010789644266730626,0.10387321245985717,0.8407768552453018,1.6168758621727874,4.854,1.556,0.846,11.924,1.712,
366,100,3,51.1,58.7,70.8,1.91,1e-07,0.05,50,center,center,True,118.80000000000001,3,3,0.014386548505926161,0.11994393901288285,0.5767047799068378,1.5463116618623416,3.621,1.71,0.582,8.986,1.735,
369,100,3,86.6,56.1,96.3,1.3,1e-07,0.05,50,0.60,0.45,True,116.30000000000001,3,3,0.01826590711388925,0.13515142290737917,1.951471612501726,3.171187578783331,4.657,3.361,1.953,13.206,1.831,
364,100,3,35.5,79.3,80.3,4.64,1e-07,0.05,25,0.60,0.45,True,119.5,3,3,0.9803716956761064,0.9901372105299883,2.3529301276239027,7.808457920756041,-4.533,9.178,2.373,5.62,2.404,
284,100,3,1.1,97.4,92.5,2.84,1e-06,0.05,25,0.60,0.45,False,900.0,0,3,3.1587797960219293,1.7772956411418808,1.5334620379839201,2.0630620750807314,1.464,1.38,1.931,219.589,2.55,vittima non trovata entro 15 minuti
282,100,3,81.7,85.0,110.8,3.51,1e-06,0.05,25,0.35,0.40,False,900.0,1,2,165.1920365453079,12.852705417355052,10.074505243960644,12.259912460981738,12.446,8.941,13.776,282.915,3.507,vittima non trovata entro 15 minuti
367,100,3,55.7,21.1,53.2,2.96,1e-07,0.05,50,0.35,0.40,True,101.0,3,3,0.45247585939604573,0.6726632585447534,5.313431396269748,7.277841177819897,7.935,4.976,5.319,6.278,2.471,
342,100,3,60.6,66.6,82.9,1.44,1e-05,0.1,25,0.35,0.40,True,329.90000000000003,3,3,1.9122174449594478,1.3828295068299084,1.671434040951329,1.8498326306785844,1.604,0.164,1.712,16.6,3.745,
379,100,3,23.4,9.4,18.9,3.12,1e-07,0.05,120,0.60,0.45,True,41.900000000000006,3,3,2.1168463975192733,1.4549386232825332,3.135202996782061,5.4829960782296805,6.724,3.606,3.427,3.529,2.963,
388,100,3,13.2,21.3,18.2,2.38,1e-07,0.1,50,0.45,0.55,True,21.6,3,3,0.0037523052999674966,0.06125606337308574,1.2209162006535579,1.8401391330628707,4.083,1.704,1.221,1.23,2.387,
370,100,3,53.4,80.6,89.8,1.97,1e-07,0.05,50,0.60,0.58,True,127.5,3,3,0.7554643316524815,0.8691745116215048,1.2800988011838068,1.516100269083939,1.227,0.746,1.463,17.799,1.952,
372,100,3,49.5,16.3,45.9,1.98,1e-07,0.05,80,0.35,0.40,True,98.0,3,3,0.003898877871602836,0.06244099512021598,3.9286326541886445,6.3734223953315885,7.625,5.643,3.929,3.423,2.623,
294,100,3,94.5,52.1,101.2,4.71,1e-06,0.05,80,0.60,0.45,False,900.0,1,2,53.799747121623945,7.334831090190417,9.176397287689865,9.347107553823047,12.398,7.691,10.683,253.086,2.953,vittima non trovata entro 15 minuti
374,100,3,41.4,58.7,64.9,4.38,1e-07,0.05,80,0.60,0.45,True,112.2,3,3,1.657896189180649,1.2875931768927051,2.4487937123082717,8.737688235907944,-5.563,9.945,2.465,1.793,2.274,
373,100,3,53.2,38.0,58.4,2.06,1e-07,0.05,80,0.45,0.55,True,105.4,3,3,0.6167302660589163,0.7853217595730532,3.8994945771400733,8.05959064537159,8.733,6.671,3.901,5.356,2.716,
262,100,3,69.2,55.5,81.7,2.48,1e-07,0.1,25,0.35,0.40,False,900.0,2,3,42.526036845658005,6.521199034353883,4.25496414662085,14.05457353177232,16.632,14.156,5.33,280.947,4.139,vittima non trovata entro 15 minuti
371,100,3,34.0,71.9,72.9,1.58,1e-07,0.05,80,center,center,True,134.6,3,3,0.1303547487268859,0.3610467403631916,4.193097852161481,5.092412125324752,7.348,5.768,4.193,13.025,2.567,
375,100,3,17.1,67.8,64.0,2.85,1e-07,0.05,80,0.60,0.58,True,119.60000000000001,3,3,0.011190855691546209,0.10578684082411294,2.2438001640218856,9.123791229037028,-6.888,9.736,2.246,9.455,1.705,
376,100,3,85.7,80.0,110.2,2.8,1e-07,0.05,120,center,center,True,146.70000000000002,3,3,0.006113900055130918,0.07819143210819789,3.629333948443551,5.065697413920182,4.441,1.636,3.63,4.704,1.696,
377,100,3,65.3,6.5,60.4,2.69,1e-07,0.05,120,0.35,0.40,True,112.9,3,3,0.07335503459786714,0.270841345805745,3.6722411095210012,5.035437210483589,7.029,4.341,3.674,4.542,2.427,
389,100,3,11.4,41.5,37.0,2.14,1e-07,0.1,50,0.60,0.45,True,81.30000000000001,3,3,1.8984071311520867,1.3778269598001365,2.004462839378595,3.9795322260580837,-2.975,5.113,2.183,8.567,1.915,
380,100,3,65.6,47.7,74.1,3.0,1e-07,0.05,120,0.60,0.58,True,131.3,3,3,0.012870921863729103,0.11345008534033416,2.5565834188094927,7.340584340264057,-5.495,8.497,2.558,16.452,1.808,
381,100,3,56.2,49.3,67.7,2.64,1e-07,0.1,25,center,center,True,110.30000000000001,3,3,0.21315460690259683,0.4616866977752303,1.6998180076419127,2.2843710709330467,5.025,2.389,1.705,5.933,2.718,
386,100,3,66.6,25.7,65.0,3.44,1e-07,0.1,50,center,center,True,116.7,3,3,0.16260496284667297,0.4032430567866891,3.4347674653238474,4.043006804804012,7.91,4.474,3.438,29.045,2.575,
391,100,3,23.3,32.2,32.8,2.92,1e-07,0.1,80,center,center,True,79.4,3,3,0.004462511288312719,0.06680203057028071,1.789213076721708,2.700445024545109,6.109,3.185,1.79,5.949,1.74,
382,100,3,72.5,82.1,102.5,4.98,1e-07,0.1,25,0.35,0.40,True,147.1,3,3,0.04567515441286534,0.2137174639866039,2.2211283854572024,4.3915308999586165,7.883,2.903,2.222,34.668,2.951,
392,100,3,34.9,12.7,30.9,3.87,1e-07,0.1,80,0.35,0.40,True,71.2,3,3,0.4367951069839771,0.6609047639289469,3.6821961181535072,6.366212298447703,9.261,5.39,3.69,5.501,2.483,
384,100,3,51.7,95.4,101.8,4.58,1e-07,0.1,25,0.60,0.45,True,137.5,3,3,9.983149353047663,3.1596122156124893,2.3435357681133624,2.8101142612451304,6.135,1.551,3.886,38.625,2.885,
400,100,3,1.2,35.9,31.1,2.47,1e-07,0.1,120,0.60,0.58,True,57.0,3,3,0.7216048123993902,0.8494732558470515,0.8947517957503305,1.8588652066794313,0.937,1.534,1.045,4.231,1.894,
387,100,3,69.6,42.5,74.7,3.2,1e-07,0.1,50,0.35,0.40,True,135.8,3,3,0.1305885356149517,0.3613703579638924,1.820501793223469,2.249433964310151,5.071,1.868,1.829,7.377,2.514,
394,100,3,10.3,72.3,67.5,3.12,1e-07,0.1,80,0.60,0.45,True,110.30000000000001,3,3,0.0026433705266113374,0.051413719245074437,3.356767816355278,10.361572534005052,-8.086,11.203,3.357,5.313,1.726,
402,100,3,31.1,12.3,27.1,4.16,1e-06,0.05,25,0.35,0.40,True,57.7,3,3,0.21938086319909694,0.4683811089263709,2.5129502832150736,3.544655230094208,7.082,2.924,2.524,1.801,2.376,
290,100,3,91.4,4.0,86.4,3.18,1e-06,0.05,50,0.60,0.58,False,900.0,2,3,47.895775909965465,6.920677416984949,6.629232148220743,20.219713149945644,22.28,19.102,9.111,182.375,2.82,vittima non trovata entro 15 minuti
299,100,3,93.2,44.5,96.7,2.78,1e-06,0.05,120,0.60,0.45,False,900.0,2,2,0.22712649707172508,0.47657790241651476,10.850924288721178,12.2945305051899,9.96,7.176,10.851,159.254,4.127,vittima non trovata entro 15 minuti
396,100,3,63.3,32.1,64.3,3.06,1e-07,0.1,120,center,center,True,100.80000000000001,3,3,0.0031393467006101874,0.05602987328747217,1.4769011476564269,1.7139326672383175,4.973,1.916,1.478,23.188,2.156,
401,100,3,33.3,39.7,44.8,1.42,1e-06,0.05,25,center,center,True,101.4,3,3,0.025542116885521073,0.15981901290372516,1.5224419063084653,2.3266067100221255,4.226,2.801,1.525,6.238,1.772,
393,100,3,99.6,95.3,130.7,3.64,1e-07,0.1,80,0.45,0.55,True,150.20000000000002,3,3,1.3470052687856984,1.1606055612419313,4.647896903077919,6.532455166972762,8.235,4.59,4.651,21.719,2.278,
311,100,3,81.1,54.8,90.9,3.96,1e-06,0.1,80,center,center,False,900.0,1,3,425.6108834050382,20.63033890669366,10.629375795968661,13.910871638098905,17.062,13.105,16.681,317.725,2.045,vittima non trovata entro 15 minuti
399,100,3,24.3,69.5,67.3,2.86,1e-07,0.1,120,0.60,0.45,True,117.4,3,3,0.016343917513564322,0.12784333190888106,3.943964239459799,10.387568023280032,-8.76,11.624,3.944,7.93,1.321,
416,100,3,19.7,7.0,14.8,2.59,1e-06,0.05,120,center,center,True,28.5,3,3,0.2991064520969043,0.5469062553097234,3.748236229420348,8.056783134695552,10.291,7.703,3.749,3.67,3.027,
417,100,3,21.6,2.5,16.8,1.05,1e-06,0.05,120,0.35,0.40,True,28.400000000000002,3,3,0.4542333237849569,0.6739683403431922,4.6111727208849675,7.565138298366404,8.286,7.234,4.65,4.986,3.255,
405,100,3,73.6,70.7,95.0,3.2,1e-06,0.05,25,0.60,0.58,True,115.5,3,3,0.13589064961814945,0.3686334895504605,6.3188372871648895,6.531677136622548,3.469,0.266,6.327,3.825,3.115,
406,100,3,14.5,68.0,63.7,3.72,1e-06,0.05,50,center,center,True,119.30000000000001,3,3,0.028080651235417718,0.16757282367799892,0.8390309996563602,1.387489195298082,5.301,1.583,0.841,4.099,1.791,
418,100,3,30.8,1.5,26.0,4.66,1e-06,0.05,120,0.45,0.55,True,42.900000000000006,3,3,0.05393078685893464,0.23223003005411388,4.955788452294837,9.140821873949255,11.186,6.524,4.958,5.279,3.18,
304,100,3,83.4,62.8,97.4,1.13,1e-06,0.1,25,0.60,0.45,False,900.0,0,3,81.54193370466099,9.030057237064502,3.161297386633859,5.066447158843698,6.64,5.506,8.626,372.763,2.66,vittima non trovata entro 15 minuti
413,100,3,38.9,32.7,43.8,2.18,1e-06,0.05,80,0.45,0.55,True,93.5,3,3,0.027184449598995738,0.16487707420680334,0.5440892746431873,0.8993789624824915,2.78,0.599,0.56,11.546,2.507,
409,100,3,7.1,51.8,46.8,4.79,1e-06,0.05,50,0.60,0.45,True,96.9,3,3,0.8654718496014229,0.9303073952202159,4.740878108019617,5.70497485791096,-1.861,6.651,4.808,2.303,2.75,
414,100,3,68.1,7.2,63.2,3.64,1e-06,0.05,80,0.60,0.45,True,113.9,3,3,0.035992849501306885,0.18971781545576283,4.673070769645024,9.500055359145756,9.674,6.032,4.673,2.423,2.632,
411,100,3,46.3,60.3,69.0,1.32,1e-06,0.05,80,center,center,True,118.4,3,3,0.06420269945610739,0.25338251608212314,0.7652416910393934,1.2789840893646238,-0.199,1.519,0.771,3.606,2.109,
324,100,3,96.7,71.1,113.1,2.84,1e-05,0.05,25,0.60,0.45,False,900.0,0,3,3145.026683966842,56.08053747929706,36.42174699516694,37.00137731403823,9.364,6.524,40.834,252.643,3.238,vittima non trovata entro 15 minuti
415,100,3,73.5,64.8,91.0,2.98,1e-06,0.05,80,0.60,0.58,True,114.80000000000001,3,3,0.9182551854859051,0.9582563255652974,4.213022399453838,7.0965123600966615,-3.708,6.69,4.278,18.592,2.017,
397,100,3,80.0,95.1,117.2,3.93,1e-07,0.1,120,0.35,0.40,True,204.10000000000002,3,3,1.3252878867118691,1.1512114865270713,1.4258414880742092,2.9963386566579544,6.569,2.635,1.738,63.278,2.26,
420,100,3,34.3,18.1,32.1,4.58,1e-06,0.05,120,0.60,0.58,True,70.4,3,3,1.8993095347126965,1.3781543943668635,2.163754341006385,2.893667976541827,1.788,2.797,2.206,3.576,2.581,
433,100,3,11.0,1.1,7.2,1.58,1e-06,0.1,80,0.45,0.55,True,0.2,3,1,0.2537287446442248,0.5037149438365163,6.509025192188462,8.042852413760466,4.614,3.032,6.515,6.499,4.058,
410,100,3,18.1,70.1,66.4,4.35,1e-06,0.05,50,0.60,0.58,True,125.60000000000001,3,3,0.016668564231993498,0.12910679390331672,0.5557673506994806,6.6290840652570395,-2.408,6.753,0.567,15.625,1.954,
419,100,3,61.3,40.7,66.7,3.47,1e-06,0.05,120,0.60,0.45,True,120.0,3,3,2.857563428972351,1.690432911704085,3.7632741172113784,8.913533473546504,-6.928,10.398,3.764,5.225,2.972,
428,100,3,16.4,31.1,28.5,4.28,1e-06,0.1,50,0.45,0.55,True,64.60000000000001,3,3,0.018006540170473935,0.13418845021265405,1.0413644056778086,1.2400982049050984,4.818,0.534,1.049,5.069,1.745,
426,100,3,52.2,26.2,51.7,4.73,1e-06,0.1,50,center,center,True,94.30000000000001,3,3,0.6823715706174268,0.8260578494375723,4.272664453519181,4.417828017593186,7.37,2.641,4.331,10.378,3.372,
425,100,3,93.0,34.3,92.7,4.5,1e-06,0.1,25,0.60,0.58,True,109.10000000000001,3,3,13.926084395676714,3.7317669267622695,1.4852757156176608,1.5633235270699113,4.985,0.488,3.155,4.964,2.897,
422,100,3,80.5,10.5,75.7,4.46,1e-06,0.1,25,0.35,0.40,True,147.8,3,3,0.004777390688914748,0.06911867105865642,0.6876337149862164,0.6932955727659732,4.747,0.288,0.69,26.916,1.733,
439,100,3,5.3,5.1,0.3,1.02,1e-06,0.1,120,0.60,0.45,True,0.2,3,2,0.07642392238207127,0.27644876990515127,0.3633911522446217,0.6928141759140329,0.097,0.927,0.377,0.436,1.695,
322,100,3,80.8,72.3,101.4,2.26,1e-05,0.05,25,0.35,0.40,False,900.0,2,2,6.568511951675976,2.5629108356858565,194.59856581403713,195.16774000754324,22.037,19.775,194.613,479.66,3.093,vittima non trovata entro 15 minuti
430,100,3,35.6,53.5,57.3,3.18,1e-06,0.1,50,0.60,0.58,True,111.80000000000001,3,3,0.30381141511218934,0.5511909062313975,1.4596207660667215,7.821778191099543,-5.167,8.344,1.461,5.94,2.175,
434,100,3,6.6,55.5,50.5,2.21,1e-06,0.1,80,0.60,0.45,True,99.30000000000001,3,3,0.29955823312034835,0.5473191327921475,2.9941498206187216,3.0656415491408513,1.435,0.771,3.005,3.931,2.175,
431,100,3,17.4,57.6,54.1,4.04,1e-06,0.1,80,center,center,True,111.7,3,3,0.0750729100060794,0.27399436126694177,1.0487253240887338,1.054118220677281,4.847,0.81,1.05,5.934,2.47,
435,100,3,76.7,1.4,71.8,4.81,1e-06,0.1,80,0.60,0.58,True,115.4,3,3,2.718755589131094,1.648864939626983,3.6795490893768568,4.428031823846161,1.723,3.09,4.015,14.689,2.119,
436,100,3,74.6,54.5,85.4,3.11,1e-06,0.1,120,center,center,True,143.20000000000002,3,3,0.00888123044995336,0.09424028040043896,1.7333820563388738,3.860835142490903,-1.302,4.411,1.734,14.566,1.652,
441,100,3,26.3,70.6,69.0,3.21,1e-05,0.05,25,center,center,True,100.30000000000001,3,3,0.015850430995702058,0.1258984948111059,0.8307793781240157,1.4615417515038946,4.89,1.683,0.831,7.386,1.78,
444,100,3,81.8,13.9,77.4,4.81,1e-05,0.05,25,0.60,0.45,True,122.7,3,3,0.008412957397819559,0.0917221750604485,2.428205354969662,2.907411751875452,7.751,2.939,2.428,9.237,2.037,
443,100,3,87.3,64.7,101.7,3.21,1e-05,0.05,25,0.45,0.55,True,117.5,3,3,0.013212643334825719,0.11494626281365444,1.864677395884434,7.4223130209795665,9.47,6.259,1.865,7.46,2.417,
445,100,3,25.8,41.9,42.3,1.72,1e-05,0.05,25,0.60,0.58,True,69.9,3,3,0.7994617035847011,0.894126223519197,1.675928118533506,7.160015145582369,-5.801,7.52,1.739,3.442,2.302,
345,100,3,83.0,79.7,108.0,1.56,1e-05,0.1,25,0.60,0.58,False,900.0,2,3,267.67663870001445,16.36082634526797,24.412987928912166,24.542299402806744,0.001,1.56,25.721,303.083,3.621,vittima non trovata entro 15 minuti
438,100,3,43.6,98.8,101.4,3.92,1e-06,0.1,120,0.45,0.55,True,172.3,3,3,0.023286432207394493,0.15259892597064534,0.9793042910540138,2.005759852409647,5.671,1.75,0.982,23.794,1.769,
451,100,3,7.4,17.9,13.1,1.24,1e-05,0.05,80,center,center,True,27.6,3,1,0.03267718460142482,0.18076831747135563,1.1363951945484514,2.700152856625834,4.361,3.124,1.137,1.258,1.816,
351,100,3,82.0,48.1,88.2,4.31,1e-05,0.1,80,center,center,False,900.0,0,3,560.7647811893519,23.680472571073235,17.06564957372316,17.075288487616266,2.195,2.112,22.481,437.395,2.527,vittima non trovata entro 15 minuti
446,100,3,62.0,47.3,71.0,4.11,1e-05,0.05,50,center,center,True,104.10000000000001,3,3,0.0248016926903444,0.15748553168575327,0.46704831636177757,1.0434095123207618,4.716,0.609,0.471,3.939,1.848,
448,100,3,46.5,3.3,41.5,3.46,1e-05,0.05,50,0.45,0.55,True,80.10000000000001,3,2,0.23619319196708177,0.4859971110686583,3.7437561620645727,6.718479948467134,7.715,4.257,3.744,6.561,2.147,
456,100,3,5.0,12.3,7.3,1.19,1e-05,0.05,120,center,center,True,1.2000000000000002,3,1,0.0617970379510403,0.24859010026756959,1.099478503913453,1.1762612689509058,2.404,1.214,1.104,1.141,2.385,
447,100,3,48.1,90.3,95.5,1.42,1e-05,0.05,50,0.35,0.40,True,127.7,3,3,0.0034593669553941025,0.05881638339267472,0.8198596865022713,0.8927797927559055,12.546,11.122,0.82,3.438,2.191,
450,100,3,44.6,28.9,46.3,1.15,1e-05,0.05,50,0.60,0.58,True,90.2,3,2,0.01450716811137197,0.12044570607278604,2.4266426131366554,8.380937660312714,-7.571,8.723,2.429,9.116,1.758,
334,100,3,75.6,34.8,76.7,2.26,1e-05,0.05,80,0.60,0.45,False,900.0,2,2,522.5203883654142,22.85870487069235,34.89499852733098,36.22654475590999,-1.147,3.409,35.401,147.957,2.769,vittima non trovata entro 15 minuti
449,100,3,52.6,73.1,83.1,1.96,1e-05,0.05,50,0.60,0.45,True,98.30000000000001,3,3,0.07407389079918467,0.2721651902782291,6.431975878577805,10.774443801170655,-11.032,12.989,6.433,13.124,2.556,
339,100,3,81.6,93.5,117.0,3.88,1e-05,0.05,120,0.60,0.45,False,900.0,2,2,4.342688796374028,2.0839118974596857,107.63287562492633,109.53004466742225,24.177,20.298,107.646,269.313,3.974,vittima non trovata entro 15 minuti
453,100,3,29.0,92.8,91.0,4.25,1e-05,0.05,80,0.45,0.55,True,117.4,3,3,0.12431079308165707,0.3525773575850512,1.7338468402221066,12.435167399179905,16.562,12.314,1.735,9.233,2.195,
359,100,3,67.7,5.2,62.7,2.64,1e-05,0.1,120,0.60,0.45,False,900.0,2,1,1924.2402928300457,43.866163415895464,53.84883351093169,54.806393384856044,22.939,20.301,59.275,352.857,2.865,vittima non trovata entro 15 minuti
454,100,3,59.8,6.8,54.8,2.14,1e-05,0.05,80,0.60,0.45,True,107.4,3,1,0.024914913019421142,0.15784458501773554,1.7822189441922434,2.680967733113357,5.48,3.343,1.782,9.029,1.766,
455,100,3,31.1,54.1,55.6,3.21,1e-05,0.05,80,0.60,0.58,True,90.10000000000001,3,3,0.5003795420718968,0.7073751070485141,1.8223125229038803,5.93967886499644,-3.121,6.327,1.859,7.616,2.084,
460,100,3,38.4,77.4,79.7,2.3,1e-05,0.05,120,0.60,0.58,True,97.0,3,3,0.7143270048996025,0.845178682232108,1.1792934767820982,6.12996335063221,-4.122,6.422,1.26,6.718,2.093,
462,100,3,69.7,59.2,84.4,4.13,1e-05,0.1,25,0.35,0.40,True,114.4,3,3,0.7519685859860858,0.8671612226028594,1.3954173420706943,9.66597202514673,-5.907,10.038,1.48,27.252,2.138,
352,100,3,60.0,93.5,104.2,4.3,1e-05,0.1,80,0.35,0.40,False,900.0,0,3,123.60592547455212,11.117820176390339,205.01613570398294,205.02573040382032,2.316,1.983,205.168,619.115,4.044,vittima non trovata entro 15 minuti
457,100,3,56.3,91.6,100.7,1.4,1e-05,0.05,120,0.35,0.40,True,131.5,3,3,0.009974554336928855,0.09987269064628655,0.9211948204831932,0.9663238836292676,1.687,0.292,0.922,1.488,1.759,
458,100,3,25.4,94.6,91.9,3.51,1e-05,0.05,120,0.45,0.55,True,123.5,3,3,0.9925929775890647,0.9962896052800434,0.04702605926582631,0.9114677457011469,4.42,0.91,0.912,4.992,2.252,
461,100,3,63.8,93.6,106.3,3.43,1e-05,0.1,25,center,center,True,124.10000000000001,3,3,0.06117915110615088,0.24734419561847593,4.8575587572641545,7.191548264116022,8.735,5.303,4.858,28.383,2.635,
464,100,3,52.6,32.6,55.0,3.76,1e-05,0.1,25,0.60,0.45,True,99.30000000000001,3,2,0.2382092123282716,0.4880668113365952,0.9788811716801119,5.671708973692978,-1.164,4.919,0.984,12.607,1.768,
463,100,3,98.3,84.5,122.6,3.44,1e-05,0.1,25,0.45,0.55,True,119.30000000000001,3,3,0.04304728180859916,0.20747838877482916,0.22892433627560482,0.8523307277145239,4.264,0.821,0.268,8.661,1.977,
468,100,3,40.0,23.5,39.6,3.4,1e-05,0.1,50,0.45,0.55,True,84.60000000000001,3,2,0.011750919265798836,0.10840165711740221,1.548028512121853,2.4599380941092712,5.881,2.485,1.548,14.058,1.622,
466,100,3,84.0,25.6,81.6,2.33,1e-05,0.1,50,center,center,True,127.10000000000001,3,3,0.047845458487092395,0.21873604752553338,0.186660375749803,0.5972047422087771,1.697,0.636,0.265,8.579,1.728,
469,100,3,43.9,18.1,41.0,3.7,1e-05,0.1,50,0.60,0.45,True,94.10000000000001,3,2,0.6377462127083249,0.7985901406280477,6.9566098192955605,12.492755756249403,-11.113,14.808,6.958,15.961,3.172,
471,100,3,45.7,27.0,46.2,1.76,1e-05,0.1,80,center,center,True,74.4,3,2,0.011883382985382676,0.10901093057754656,1.1061418714672835,1.9747891986116173,-0.136,1.894,1.111,12.501,1.756,
470,100,3,65.7,15.5,61.6,3.39,1e-05,0.1,50,0.60,0.58,True,103.4,3,1,0.12773408169237244,0.35739905105130376,0.4677132541121034,0.7357116880831696,4.133,0.741,0.547,11.476,1.931,
478,100,3,9.1,15.0,10.8,1.93,1e-05,0.1,120,0.45,0.55,True,14.8,3,1,0.31249227213456177,0.5590100823192384,2.3795804084864356,4.523409381428589,6.301,4.369,2.383,2.993,2.259,
474,100,3,16.4,87.6,83.4,1.48,1e-05,0.1,80,0.60,0.45,True,91.5,3,3,0.015929361583785367,0.12621157468229832,2.9374450670427223,5.639956285732374,-5.992,7.475,2.938,3.347,2.007,
472,100,3,71.3,65.3,89.7,2.96,1e-05,0.1,80,0.35,0.40,True,113.10000000000001,3,3,0.03509979645260704,0.18734939672336026,1.305956648649169,1.3320560247498696,2.627,0.329,1.314,24.601,1.825,
383,100,3,57.4,66.7,81.0,2.42,1e-07,0.1,25,0.45,0.55,False,900.0,2,3,48.28318735329965,6.948610462049204,13.920829472342223,17.366257778592825,7.65,5.226,14.528,431.991,3.004,vittima non trovata entro 15 minuti
473,100,3,43.8,79.8,84.3,4.71,1e-05,0.1,80,0.45,0.55,True,105.2,3,3,0.05167113567312965,0.22731285857410188,1.8561129725162715,2.3722490612389366,6.336,1.627,1.86,14.652,2.072,
479,100,3,34.2,25.9,35.9,3.03,1e-05,0.1,120,0.60,0.45,True,61.5,3,3,2.490027980679128,1.5779822497984977,2.1453269594855184,5.247039040803125,-2.909,5.937,2.446,2.994,1.757,
476,100,3,64.9,50.5,75.3,4.3,1e-05,0.1,120,center,center,True,107.30000000000001,3,3,0.054780077337030525,0.2340514416469818,0.5937705416011981,0.6278762551742969,4.096,0.208,0.605,4.296,2.009,
480,100,3,62.3,70.7,87.2,2.81,1e-05,0.1,120,0.60,0.58,True,107.0,3,3,0.08348742229004531,0.2889419012362958,0.9564816468266254,6.510776542560871,-3.809,6.614,0.959,7.862,1.669,
477,100,3,86.2,48.6,92.2,1.55,1e-05,0.1,120,0.35,0.40,True,112.4,3,3,0.057027384247487614,0.23880407083525107,3.534501759182498,3.764445343092955,3.848,2.3,3.535,22.705,2.43,
412,100,3,6.3,99.8,94.8,3.68,1e-06,0.05,80,0.35,0.40,False,900.0,2,3,5.26167766074825,2.293834706500939,2.8351417848205434,6.884748534022531,9.953,6.274,3.275,200.266,3.764,vittima non trovata entro 15 minuti
390,100,3,84.7,63.4,98.9,4.98,1e-07,0.1,50,0.60,0.58,False,900.0,2,3,18.28495610479814,4.276091218016536,9.660583782827397,12.622740529206686,10.683,5.701,10.509,302.488,2.891,vittima non trovata entro 15 minuti
404,100,3,24.4,99.9,96.9,3.98,1e-06,0.05,25,0.60,0.45,False,900.0,2,3,371.6295890754343,19.277696674536465,24.125484930502033,25.45634897020186,12.101,8.123,26.773,310.456,3.19,vittima non trovata entro 15 minuti
492,100,3,9.0,4.0,4.1,4.11,1e-07,0.05,80,0.35,0.40,True,0.2,3,2,0.3426379325146047,0.585352827373888,3.7004922634683632,3.7332721683103367,5.927,1.814,3.738,3.726,3.456,
485,100,3,46.4,16.5,43.0,2.34,1e-07,0.05,25,0.60,0.58,True,84.10000000000001,3,3,3.873436660815786,1.968104839894406,2.5472192003194496,5.626011136618165,-3.558,5.895,2.807,3.557,2.593,
484,100,3,74.3,21.9,71.3,1.07,1e-07,0.05,25,0.60,0.45,True,119.4,3,3,0.43841704431582446,0.6621306852244687,5.661703872782511,10.171612243091277,7.383,6.315,5.668,1.417,2.842,
490,100,3,18.7,25.9,24.9,3.78,1e-07,0.05,50,0.60,0.58,True,60.1,3,3,1.6089217693872622,1.2684328005011785,1.1650096854494514,3.425572849775458,0.379,3.402,1.544,4.659,1.726,
424,100,3,80.8,40.3,83.6,1.31,1e-06,0.1,25,0.60,0.45,False,900.0,0,3,25.23620548475815,5.0235650174709745,2.092647281523258,8.590121600137811,10.181,8.869,5.36,556.309,2.519,vittima non trovata entro 15 minuti
489,100,3,36.2,23.6,36.3,4.78,1e-07,0.05,50,0.60,0.45,True,70.5,3,3,0.18455743034747357,0.4296014785210516,4.750301523459628,11.181414864806934,-8.106,12.883,4.761,4.256,2.841,
483,100,3,24.5,78.5,76.1,4.16,1e-07,0.05,25,0.45,0.55,True,133.5,3,3,0.02546516215711623,0.15957807542741023,0.8261553100137617,1.771191829927294,5.796,1.635,0.832,9.561,1.843,
429,100,3,95.0,16.4,90.7,4.51,1e-06,0.1,50,0.60,0.45,False,900.0,0,1,nan,nan,9.57550542134629,14.843600034943846,1.085,3.423,9.576,232.405,3.111,vittima non trovata entro 15 minuti
486,100,3,63.6,90.6,103.8,2.82,1e-07,0.05,50,center,center,True,134.6,3,3,0.009625420303724912,0.09810922639448806,0.2000227203276238,0.9757388166805098,3.778,0.955,0.221,5.863,1.634,
488,100,3,23.5,65.2,63.0,2.6,1e-07,0.05,50,0.45,0.55,True,125.9,3,3,0.010122108949329786,0.10060869221558237,2.9036965311459673,4.444551141675274,6.565,3.962,2.905,3.634,1.94,
500,100,3,20.0,20.7,21.7,4.0,1e-07,0.05,120,0.60,0.58,True,45.800000000000004,3,3,2.670809096850773,1.6342610246991676,1.5656816528304924,3.676724987101168,0.291,3.708,1.79,2.192,2.102,
385,100,3,64.9,39.1,68.9,2.87,1e-07,0.1,25,0.60,0.58,False,900.0,2,3,55.203327844292566,7.4298942014198674,19.886123877249112,21.896955545137942,12.745,9.88,20.349,455.761,3.325,vittima non trovata entro 15 minuti
491,100,3,84.9,49.2,91.3,1.37,1e-07,0.05,80,center,center,True,133.5,3,3,0.0006626224532993539,0.02574145398572804,3.0972898121368386,6.546294802583263,-6.538,7.906,3.097,3.366,1.681,
493,100,3,36.8,93.5,94.1,1.58,1e-07,0.05,80,0.45,0.55,True,136.70000000000002,3,3,0.18252422626423065,0.4272285410225195,3.354113402232142,15.504492531393074,16.717,15.137,3.377,7.523,2.826,
421,100,3,81.9,85.0,111.0,1.21,1e-06,0.1,25,center,center,False,900.0,0,3,813.2626405603951,28.517760090168284,36.47600507291891,37.247550378362256,-1.716,2.93,39.905,506.697,3.548,vittima non trovata entro 15 minuti
495,100,3,59.8,62.5,79.4,1.74,1e-07,0.05,80,0.60,0.58,True,126.4,3,3,0.029949561428633927,0.1730594158912884,1.9240709850118436,6.793734062752512,-5.362,7.104,1.926,4.166,2.076,
427,100,3,62.0,96.7,108.0,4.45,1e-06,0.1,50,0.35,0.40,False,900.0,1,3,39.14308298833713,6.25644331775947,7.437654214148338,9.990025525218693,11.116,6.669,8.684,239.541,2.641,vittima non trovata entro 15 minuti
503,100,3,10.4,22.5,18.3,3.26,1e-07,0.1,25,0.45,0.55,True,35.7,3,3,0.46308541181562013,0.6805037926533695,3.3995269494706823,5.467654087225397,8.263,5.001,3.416,6.111,2.121,
497,100,3,86.2,2.6,81.2,4.43,1e-07,0.05,120,0.35,0.40,True,118.9,3,3,0.01938962834704199,0.13924664572994924,1.4573159958521598,2.1125759134789757,6.393,1.958,1.458,4.277,1.607,
511,100,3,6.0,2.7,2.5,2.11,1e-07,0.1,80,center,center,True,0.2,3,2,0.10366426921968727,0.3219693606846578,1.2929837692258843,1.2951845315739687,1.298,0.817,1.302,1.292,2.06,
407,100,3,97.3,44.4,100.4,2.17,1e-06,0.05,50,0.35,0.40,False,900.0,2,3,126.10328840943626,11.229572049256207,16.427021497732124,16.555248656615525,0.118,2.057,16.876,224.266,2.649,vittima non trovata entro 15 minuti
494,100,3,58.4,85.2,96.4,1.67,1e-07,0.05,80,0.60,0.45,True,126.5,3,3,0.030308578176156942,0.17409359027878352,1.3898663463754701,5.917905088158801,-4.892,6.558,1.391,6.926,2.083,
403,100,3,89.5,27.1,87.4,4.66,1e-06,0.05,25,0.45,0.55,False,900.0,2,3,154.0638777730975,12.412247087981187,22.223968493305904,22.23029139627736,2.119,2.54,22.872,327.738,2.947,vittima non trovata entro 15 minuti
408,100,3,94.7,21.6,91.3,2.76,1e-06,0.05,50,0.45,0.55,False,900.0,2,3,229.2666750972948,15.141554579939763,20.23287853297766,20.248080355533656,17.414,14.649,20.717,297.239,2.768,vittima non trovata entro 15 minuti
499,100,3,42.2,69.0,74.0,4.47,1e-07,0.05,120,0.60,0.45,True,109.10000000000001,3,3,1.0491309749011188,1.024270947992336,5.0641991874014325,6.452214308769959,-3.268,7.737,5.072,3.648,2.717,
498,100,3,79.4,50.0,87.0,1.35,1e-07,0.05,120,0.45,0.55,True,139.4,3,3,0.014908681547325147,0.12210111198234497,0.9283222138018449,1.136107205860329,0.269,1.079,0.934,3.712,1.82,
501,100,3,44.6,38.2,51.7,1.3,1e-07,0.1,25,center,center,True,106.80000000000001,3,3,0.8723541847580063,0.9339990282425386,2.4119530460634557,2.4369282613257126,2.502,1.202,2.577,6.172,2.862,
496,100,3,13.3,96.6,92.0,3.71,1e-07,0.05,120,center,center,False,172.5,3,3,30.01250493277369,5.478366995079254,10.158987119110535,13.44836383381755,12.52,8.812,10.856,27.424,2.158,vittima non trovata entro 15 minuti
517,100,3,19.2,26.5,25.8,2.68,1e-07,0.1,120,0.35,0.40,True,63.800000000000004,3,3,0.23403117341506677,0.4837676853770483,2.5421784890767585,6.9458476340059025,-4.826,7.508,2.543,8.948,1.888,
398,100,3,84.6,98.5,122.8,2.89,1e-07,0.1,120,0.45,0.55,False,900.0,0,3,5.530048613624,2.3516055395461204,11.998948047370652,14.33479764291524,10.737,7.843,12.093,566.497,6.06,vittima non trovata entro 15 minuti
505,100,3,41.7,57.7,64.2,1.96,1e-07,0.1,25,0.60,0.58,True,110.5,3,3,0.11625008673423802,0.34095466961788046,0.32186538524740604,3.9833601416310613,-2.192,4.155,0.455,11.901,1.718,
509,100,3,9.4,78.9,74.0,1.23,1e-07,0.1,50,0.60,0.45,True,98.30000000000001,3,3,0.027012798873587422,0.16435570836933966,0.8747517777032607,2.433559142465943,3.754,2.523,0.882,4.607,1.785,
440,100,3,98.9,79.7,120.0,2.12,1e-06,0.1,120,0.60,0.58,False,900.0,2,3,867.7639125391702,29.457832787548547,34.48222821692228,36.783778793723286,27.467,25.344,39.368,459.9,2.999,vittima non trovata entro 15 minuti
395,100,3,37.3,96.1,96.7,1.61,1e-07,0.1,80,0.60,0.58,False,900.0,0,3,8.413290378765984,2.9005672512055263,24.816572782766197,26.48985587195087,18.636,17.027,24.871,394.087,3.087,vittima non trovata entro 15 minuti
524,100,3,12.2,1.6,8.0,4.01,1e-06,0.05,25,0.60,0.45,True,8.3,3,1,0.3087812049802562,0.5556808481316017,5.5932681394216965,6.958587351555361,9.713,5.704,5.598,5.566,2.484,
516,100,3,48.1,0.3,43.3,1.34,1e-07,0.1,120,center,center,True,85.0,3,3,0.5746712951513537,0.7580707718619375,4.067605982204039,14.516503308805259,12.348,11.007,4.103,12.42,3.477,
512,100,3,54.3,51.0,67.5,3.9,1e-07,0.1,80,0.35,0.40,True,123.4,3,3,1.050927512832637,1.0251475566144792,2.9784474906094576,5.480860007111222,-1.65,5.551,3.008,32.966,3.013,
526,100,3,0.2,13.6,9.8,4.69,1e-06,0.05,50,center,center,True,18.5,3,1,0.09018886161664175,0.3003146044011875,0.9393915750361553,0.9513565247493814,5.527,0.836,0.973,1.027,2.378,
507,100,3,85.9,83.4,112.7,1.13,1e-07,0.1,50,0.35,0.40,True,144.70000000000002,3,3,0.02070369695504381,0.1438877929327009,0.5915990381371674,1.1332720190185908,0.237,0.897,0.595,18.955,1.742,
437,100,3,34.2,96.9,96.5,4.68,1e-06,0.1,120,0.35,0.40,False,900.0,0,3,0.04188462916908882,0.20465734574915415,0.7457013439892684,4.577132202648714,0.165,4.516,0.755,113.37,2.738,vittima non trovata entro 15 minuti
442,100,3,80.5,53.4,89.7,3.38,1e-05,0.05,25,0.35,0.40,False,900.0,2,2,3.612096521074606,1.9005516359927204,192.9756428948562,193.15179752573326,20.909,17.534,192.983,486.922,3.273,vittima non trovata entro 15 minuti
423,100,3,30.0,41.5,44.2,2.66,1e-06,0.1,25,0.45,0.55,False,900.0,0,3,0.2921631906418302,0.5405212212687215,2.1747043782704636,9.92468819320506,12.184,9.523,2.199,127.944,4.247,vittima non trovata entro 15 minuti
510,100,3,22.6,97.5,94.2,3.49,1e-07,0.1,50,0.60,0.58,True,137.4,3,3,0.011125919576752331,0.1054794746704416,0.5797046711743518,0.6380727963247418,3.223,0.267,0.584,12.888,1.82,
432,100,3,15.9,98.3,94.0,3.42,1e-06,0.1,80,0.35,0.40,False,900.0,0,3,773.7039373880597,27.815534102153418,37.684170001889406,37.68673148367468,12.645,9.22,38.846,450.969,2.85,vittima non trovata entro 15 minuti
527,100,3,23.4,15.2,21.0,4.62,1e-06,0.05,50,0.35,0.40,True,43.900000000000006,3,3,0.07524083403305795,0.27430062711021636,2.6838966203344707,3.5056346640262537,7.509,2.889,2.694,3.459,2.585,
531,100,3,9.4,20.0,15.7,4.93,1e-06,0.05,80,center,center,True,36.5,3,2,0.00969877014479387,0.09848233417620579,1.4238139695086653,1.5388377022358473,6.555,1.625,1.426,1.553,1.747,
520,100,3,53.1,87.0,95.1,4.86,1e-07,0.1,120,0.60,0.58,True,126.5,3,3,0.27329964712644284,0.5227806874076766,1.646259410209286,2.2115175391563775,6.173,1.309,1.669,4.31,2.429,
513,100,3,4.0,89.0,84.1,2.59,1e-07,0.1,80,0.45,0.55,True,147.4,3,3,0.02272787558239522,0.15075767171986712,0.5776648582403217,1.9179341803482761,0.695,1.896,0.587,13.218,1.673,
518,100,3,34.1,92.5,92.2,2.73,1e-07,0.1,120,0.45,0.55,True,148.20000000000002,3,3,3.71943907154017,1.9285847327872763,0.5976303727541109,2.066893936016077,4.704,1.979,1.622,17.563,1.634,
537,100,3,5.6,23.1,18.1,4.09,1e-06,0.05,120,0.35,0.40,True,34.0,3,2,0.01479710382079409,0.1216433468003659,0.2081028942726055,1.2973600180671345,5.294,1.209,0.213,0.317,1.632,
536,100,3,27.9,24.7,30.2,1.87,1e-06,0.05,120,center,center,True,64.3,3,3,0.12707424825446786,0.3564747512159422,1.284457193062928,2.1990661773309905,4.388,2.519,1.305,3.508,2.303,
539,100,3,29.5,16.0,26.8,2.58,1e-06,0.05,120,0.60,0.45,True,56.5,3,3,0.14658613091839054,0.382865682607348,5.580092971472667,10.451790804591303,-9.759,12.334,5.581,5.987,2.864,
515,100,3,96.5,19.2,92.6,4.91,1e-07,0.1,80,0.60,0.58,True,209.20000000000002,3,3,0.0029197156587312065,0.054034393294745214,0.6380689424436409,1.4238494743611305,6.185,1.273,0.64,9.668,1.329,
521,100,3,71.2,41.8,75.8,4.94,1e-06,0.05,25,center,center,True,126.30000000000001,3,3,0.09916542669091083,0.3149054249944113,2.0183766242202283,2.570666546214872,7.674,2.739,2.02,11.666,2.171,
525,100,3,72.9,96.5,113.9,2.62,1e-06,0.05,25,0.60,0.58,True,139.70000000000002,3,3,0.17978840067360966,0.4240146231836936,1.719579991920332,2.1207996548420214,3.858,1.241,1.734,5.146,2.801,
529,100,3,35.9,67.6,69.8,2.31,1e-06,0.05,50,0.60,0.45,True,113.7,3,3,0.027459794257901227,0.16570997030324164,5.739250570693499,9.922548531386594,-9.52,11.831,5.74,4.509,2.231,
523,100,3,66.5,4.9,61.5,2.16,1e-06,0.05,25,0.45,0.55,True,118.2,3,3,0.957922547600504,0.9787351774614541,1.9451141474985996,3.3867017340601997,5.621,3.46,1.963,21.039,2.953,
534,100,3,29.5,32.1,36.5,1.7,1e-06,0.05,80,0.60,0.45,True,79.9,3,3,0.0041147212267842945,0.0641460928411411,3.736999224507632,8.738388517709689,-8.309,10.008,3.737,3.097,1.823,
532,100,3,22.7,73.5,70.8,2.28,1e-06,0.05,80,0.35,0.40,True,117.30000000000001,3,3,1.7675937681696106,1.3295088447128174,1.9979528363968626,6.7249202961274746,-5.213,7.493,2.015,5.161,2.368,
533,100,3,85.4,33.6,85.4,4.22,1e-06,0.05,80,0.45,0.55,True,135.5,3,3,0.28610059823689843,0.5348837240343909,0.8410939094745224,1.3446964306507598,2.84,1.384,0.843,10.693,1.735,
530,100,3,36.3,95.7,96.0,3.07,1e-06,0.05,50,0.60,0.58,True,137.9,3,3,0.012885424016860292,0.11351398159196202,0.3186269617176812,0.49077789139377526,3.446,0.373,0.335,14.549,1.879,
538,100,3,25.3,46.7,46.4,4.94,1e-06,0.05,120,0.45,0.55,True,111.2,3,3,0.002503392243986937,0.05003391094035062,1.0429435645917935,1.7168618931316078,6.488,1.547,1.043,7.187,1.4,
528,100,3,99.2,57.9,108.1,2.39,1e-06,0.05,50,0.45,0.55,True,168.20000000000002,3,3,0.44641604139501034,0.6681437280967399,2.1145809013454815,4.829787296582373,6.735,4.342,2.125,11.844,2.207,
545,100,3,20.0,25.9,25.8,3.95,1e-06,0.1,25,0.60,0.58,True,58.1,3,3,0.15579521828709222,0.3947090299031582,4.209972870192546,14.329400127989704,-10.973,14.927,4.216,5.593,1.83,
459,100,3,68.0,61.5,84.6,4.91,1e-05,0.05,120,0.60,0.45,False,900.0,2,2,3.179873736909729,1.7832200472487205,84.01103989122228,85.13917335582437,6.668,1.757,84.03,249.516,3.663,vittima non trovata entro 15 minuti
535,100,3,60.0,92.7,103.6,4.66,1e-06,0.05,80,0.60,0.58,True,143.8,3,3,0.03180823660236034,0.17834863779227567,2.1790202660949767,2.1790865617179924,4.647,0.017,2.18,21.818,2.268,
540,100,3,51.7,55.3,68.7,2.66,1e-06,0.05,120,0.60,0.58,True,118.5,3,3,1.98270895547536,1.4080869843427146,1.9298620645781386,4.378384744784205,-2.672,5.33,1.978,14.527,1.802,
544,100,3,66.0,75.9,93.5,2.7,1e-06,0.1,25,0.60,0.45,True,109.60000000000001,3,3,0.008394904425741583,0.091623711045458,0.971648525589185,1.017147020315485,3.005,0.3,0.973,21.345,1.696,
542,100,3,54.1,82.4,91.7,2.78,1e-06,0.1,25,0.35,0.40,True,115.0,3,3,0.002300387851928409,0.04796235869855035,0.7019209158929275,0.7514153449008049,3.129,0.353,0.702,11.792,1.614,
543,100,3,94.2,97.3,128.4,4.02,1e-06,0.1,25,0.45,0.55,True,117.10000000000001,3,3,0.17925511690541862,0.42338530549065895,3.4182993771852095,5.565741873785776,8.408,4.392,3.42,16.266,2.767,
465,100,3,82.3,59.8,94.7,2.08,1e-05,0.1,25,0.60,0.58,False,900.0,0,3,4330.601250178784,65.8073039272905,67.4739391533703,68.02212512985624,-4.092,6.168,68.886,836.713,3.666,vittima non trovata entro 15 minuti
549,100,3,81.5,34.2,81.9,1.45,1e-06,0.1,50,0.60,0.45,True,119.30000000000001,3,3,0.02769397625643624,0.16641507220332008,0.15349882496459774,1.2157871139881244,2.66,1.209,0.175,17.083,1.836,
452,100,3,65.1,67.1,86.4,1.74,1e-05,0.05,80,0.35,0.40,False,900.0,2,3,3646.6057259616114,60.3871321223455,83.56928418000008,84.53180213737245,15.757,14.019,85.082,296.684,2.553,vittima non trovata entro 15 minuti
551,100,3,66.9,73.7,92.5,1.62,1e-06,0.1,80,center,center,True,132.1,3,3,0.008692548513708433,0.09323383781497163,2.5893745059658353,6.385289246631166,-5.987,7.609,2.59,8.64,1.688,
552,100,3,95.1,95.5,127.7,3.46,1e-06,0.1,80,0.35,0.40,True,135.1,3,3,0.05447692127868314,0.2334029161743339,4.802582278346921,5.138653474601758,1.635,1.828,4.803,28.22,2.418,
550,100,3,98.2,23.3,95.0,1.53,1e-06,0.1,50,0.60,0.58,True,134.9,3,3,0.023502381582977606,0.1533048648379353,0.7700864283302676,0.771419468141081,1.482,0.045,0.782,26.752,1.719,
557,100,3,76.8,56.7,88.5,1.79,1e-06,0.1,120,0.35,0.40,True,113.10000000000001,3,3,0.007071115770862716,0.08408992669079166,2.209760813343225,3.3667661128214568,5.103,3.314,2.21,23.797,2.442,
546,100,3,21.0,92.2,88.7,2.25,1e-06,0.1,50,center,center,False,137.8,3,3,3.3993469954798616,1.8437318122438149,10.044295126580959,28.842329524184883,6.269,4.018,10.063,18.075,2.556,vittima non trovata entro 15 minuti
554,100,3,16.9,70.4,66.5,2.78,1e-06,0.1,80,0.60,0.45,True,116.0,3,3,0.006656148067648344,0.08158521966415451,3.151809599033878,9.44930470540496,-7.601,10.383,3.152,1.706,1.926,
556,100,3,42.7,39.1,50.9,4.16,1e-06,0.1,120,center,center,True,107.9,3,3,0.01788434038247482,0.13373234605911474,1.0902055041412404,1.3886845054143706,5.666,1.511,1.095,30.978,1.757,
553,100,3,52.2,72.1,82.0,4.12,1e-06,0.1,80,0.45,0.55,True,138.9,3,3,0.007576063595543907,0.08704058590993001,0.7887092533159485,1.3484503209494738,5.466,1.349,0.789,17.651,1.769,
560,100,3,7.3,49.4,44.5,4.8,1e-06,0.1,120,0.60,0.58,True,109.4,3,3,0.36143701378254145,0.6011963188364857,4.225260939893184,6.063635848016497,8.699,3.904,4.233,11.374,2.69,
561,100,3,47.2,17.2,43.9,2.97,1e-05,0.05,25,center,center,True,100.30000000000001,3,2,0.09164821548907238,0.30273456275931293,3.0501541335093756,4.008529050234414,7.755,4.789,3.052,18.552,2.521,
502,100,3,3.2,64.8,59.8,3.86,1e-07,0.1,25,0.35,0.40,True,468.5,3,3,4.638573692279845,2.153734824039358,2.973706822438547,6.435504441888304,-3.506,7.361,3.275,14.875,2.441,
558,100,3,96.1,70.2,112.0,2.77,1e-06,0.1,120,0.45,0.55,True,132.6,3,3,0.03494076739149596,0.1869244964992442,1.9732833634558429,2.212185024941246,3.769,1.0,1.973,19.222,2.105,
559,100,3,50.3,49.6,63.6,1.49,1e-06,0.1,120,0.60,0.45,True,109.0,3,3,3.048788490375728,1.7460780310099913,3.4470963688548126,3.5675367123934905,-1.055,2.546,3.816,9.146,2.725,
563,100,3,50.1,62.4,73.0,4.81,1e-05,0.05,25,0.45,0.55,True,101.9,3,3,0.02700229156155976,0.16432374010336961,1.0569809804708492,1.3660746291353267,5.981,1.17,1.058,3.582,2.533,
570,100,3,1.6,48.8,43.9,2.99,1e-05,0.05,50,0.60,0.58,True,76.5,3,2,0.31917006262532976,0.5649513807623889,3.7883826560917857,6.960022188291853,8.281,5.286,3.788,8.123,3.031,
567,100,3,96.7,47.5,101.1,2.17,1e-05,0.05,50,0.35,0.40,True,123.5,3,3,0.00283275368992232,0.053223619661972636,1.1591181399169954,3.6382153253686202,5.622,3.449,1.159,10.639,1.773,
566,100,3,75.0,88.4,108.9,2.54,1e-05,0.05,50,center,center,True,122.80000000000001,3,3,0.23234388591680494,0.48202062810299406,4.48384699877191,12.204483629398473,10.823,8.282,4.485,9.643,2.538,
565,100,3,77.5,97.4,117.5,4.92,1e-05,0.05,25,0.60,0.58,True,118.5,3,3,0.03997383580664753,0.1999345788167908,1.971209304929031,2.103357984216086,5.651,0.734,1.971,7.863,2.648,
571,100,3,52.4,67.8,78.7,3.54,1e-05,0.05,80,center,center,True,107.80000000000001,3,3,2.462948868155185,1.5693784974171097,1.1126038465283286,1.7618099321213707,1.689,1.85,1.55,7.147,2.358,
568,100,3,28.0,97.5,95.3,2.73,1e-05,0.05,50,0.45,0.55,True,130.0,3,3,5.7522705371299985,2.3983891546473433,2.321126174257241,3.7918835024403896,-0.266,2.998,3.04,10.459,2.976,
481,100,3,91.8,18.2,87.8,4.61,1e-07,0.05,25,center,center,False,900.0,2,3,49.890016637889275,7.063286532336719,7.479723246658402,22.409751275863105,25.739,21.125,9.535,112.284,3.548,vittima non trovata entro 15 minuti
573,100,3,18.9,65.3,61.9,2.39,1e-05,0.05,80,0.45,0.55,True,93.2,3,3,0.08007683867658563,0.28297851274714414,2.565046055876778,5.147435963736622,7.228,4.839,2.569,7.509,1.579,
572,100,3,58.6,83.6,95.1,2.88,1e-05,0.05,80,0.35,0.40,True,107.7,3,3,0.009794556607560914,0.09896745226366552,2.2005808794180712,3.8238147269123943,6.378,3.498,2.201,3.179,1.975,
467,100,3,88.1,46.8,93.0,3.97,1e-05,0.1,50,0.35,0.40,False,900.0,2,3,3012.3310823219063,54.8847071807977,78.95444194052754,78.95735076294956,16.018,12.049,79.166,281.991,3.1,vittima non trovata entro 15 minuti
575,100,3,33.4,60.9,62.7,4.78,1e-05,0.05,80,0.60,0.58,True,91.80000000000001,3,3,1.2387727899614651,1.113001702586957,2.9339869484475565,9.40660725629291,-5.498,10.28,2.936,7.655,2.155,
482,100,3,8.7,95.7,90.7,3.04,1e-07,0.05,25,0.35,0.40,False,900.0,2,3,54.15207513452854,7.358809355767313,5.818525396771841,24.388287266035416,26.727,23.684,9.01,177.812,5.455,vittima non trovata entro 15 minuti
578,100,3,67.9,52.4,78.7,2.43,1e-05,0.05,120,0.45,0.55,True,104.4,3,3,0.17521919401484448,0.4185919182388075,2.0602171132193976,6.387561454564581,-4.576,7.01,2.061,3.839,1.745,
592,100,3,0.5,10.9,7.4,4.05,1e-05,0.1,80,0.35,0.40,True,0.30000000000000004,3,1,0.04517097998919957,0.21253465597214863,4.504011806956901,4.948494801196438,4.639,0.588,4.504,4.521,3.334,
584,100,3,40.9,42.3,51.8,4.42,1e-05,0.1,25,0.60,0.45,True,76.7,3,2,3.535379782972055,1.880260562521071,0.7513490152910157,4.491289939527792,-0.403,4.821,1.622,13.27,1.664,
579,100,3,7.6,96.4,91.4,1.67,1e-05,0.05,120,0.60,0.45,True,121.4,3,3,0.010531194588273288,0.10262160877843071,0.8787002978896077,1.8065795228214232,3.248,1.578,0.879,9.187,1.668,
585,100,3,29.1,32.7,36.8,1.3,1e-05,0.1,25,0.60,0.58,True,69.2,3,3,2.278452216315029,1.509454277649717,1.675593405543493,1.7681387400086006,1.506,0.206,1.961,8.012,2.058,
577,100,3,80.9,75.8,103.9,3.9,1e-05,0.05,120,0.35,0.40,True,135.3,3,3,0.0012276895285225123,0.035038400770048175,0.8616046655828316,1.2399659046310894,5.019,1.117,0.862,6.342,1.803,
580,100,3,73.3,69.1,93.7,1.49,1e-05,0.05,120,0.60,0.58,True,112.10000000000001,3,3,0.007332439140199386,0.08562966273552282,1.3258250082728005,1.7485693355424377,0.083,1.411,1.328,11.576,1.615,
487,100,3,51.0,90.7,97.3,3.15,1e-07,0.05,50,0.35,0.40,False,900.0,2,3,22.754285694238476,4.770145248756947,7.036643419256934,21.8821579237135,23.868,20.72,7.075,124.571,2.952,vittima non trovata entro 15 minuti
576,100,3,98.8,77.5,118.6,4.66,1e-05,0.05,120,center,center,True,192.5,3,3,0.015760351334802896,0.12554023791120875,0.6598784647106511,1.397284771213279,5.894,1.232,0.66,10.98,1.724,
596,100,3,6.7,15.5,10.7,3.27,1e-05,0.1,120,center,center,True,19.0,3,1,0.02004723430475901,0.1415882562388527,2.260861192157648,2.9069950462118355,6.726,3.453,2.261,3.595,1.358,
475,100,3,3.2,95.3,90.3,3.49,1e-05,0.1,80,0.60,0.58,False,900.0,2,2,11654.434798219583,107.95570757592941,155.43135136447808,155.43608022391186,2.275,1.212,156.884,446.627,3.419,vittima non trovata entro 15 minuti
590,100,3,33.3,48.5,51.9,3.96,1e-05,0.1,50,0.60,0.58,True,77.30000000000001,3,3,0.09076547187837289,0.3012730852206564,3.1136268519725845,12.072727248197538,-8.737,12.698,3.114,10.239,2.2,
586,100,3,86.2,29.6,84.8,2.93,1e-05,0.1,50,center,center,True,134.3,3,3,0.0050512129817111085,0.07107188601487306,1.3028534297519385,1.3152765190558269,3.266,0.339,1.304,10.481,1.688,
583,100,3,96.8,54.9,104.5,1.73,1e-05,0.1,25,0.45,0.55,True,128.5,3,3,2.563894410580685,1.601216540815353,1.659541736008294,1.685111141695228,2.021,0.292,2.05,13.805,2.21,
589,100,3,31.1,8.2,26.3,4.24,1e-05,0.1,50,0.60,0.45,True,80.5,3,2,0.046109839390156275,0.2147320176176722,0.4029251846832188,0.9389341921428099,5.217,0.975,0.422,3.799,2.137,
599,100,3,13.4,25.6,22.3,1.26,1e-05,0.1,120,0.60,0.45,True,42.1,3,2,3.633772818584948,1.9062457392962082,3.977967390257559,6.672767422507902,-5.798,7.061,3.99,4.857,2.349,
591,100,3,59.9,59.2,77.1,1.95,1e-05,0.1,80,center,center,True,102.60000000000001,3,3,0.02507944326693315,0.1583649054144672,0.6365790861112387,2.723387222298483,-0.988,2.942,0.65,3.239,1.674,
594,100,3,32.1,80.8,80.5,3.84,1e-05,0.1,80,0.60,0.45,True,97.2,3,3,0.016934519164287683,0.13013269829019794,1.4227187519171147,4.92946583649834,8.738,4.902,1.423,2.962,2.17,
600,100,3,25.5,31.1,33.2,2.94,1e-05,0.1,120,0.60,0.58,True,68.3,3,3,0.15310765085045813,0.3912897275043879,0.9857053921292231,1.7030614564619129,4.206,1.27,1.034,7.196,1.926,
597,100,3,94.9,45.0,98.4,4.75,1e-05,0.1,120,0.35,0.40,True,119.2,3,3,0.033841070039341184,0.18395942498100276,1.431106668140238,2.501976994837023,6.801,2.052,1.437,28.564,1.969,
593,100,3,85.4,95.0,120.7,2.56,1e-05,0.1,80,0.45,0.55,True,161.10000000000002,3,3,3.75115769416334,1.93679056538474,3.152535881532829,4.801019221866419,-1.063,3.621,3.694,28.618,2.496,
609,100,3,46.9,2.0,42.0,2.44,1e-07,0.05,50,0.60,0.45,True,71.4,3,3,0.19498631167435124,0.44157254406762114,5.622429743452431,10.441304517425644,11.629,9.192,5.627,6.019,2.979,
604,100,3,15.5,80.9,76.6,3.41,1e-07,0.05,25,0.60,0.45,True,122.0,3,3,0.01514989042302373,0.12308489112406823,3.9729904806851803,9.615112592026975,-8.231,11.639,3.973,5.01,1.777,
607,100,3,56.2,69.2,82.1,2.7,1e-07,0.05,50,0.35,0.40,True,109.9,3,3,0.14608362496678037,0.3822088760962785,5.605720092578299,7.6066868548371565,7.57,4.871,5.608,12.199,2.592,
610,100,3,32.4,31.7,38.3,4.59,1e-07,0.05,50,0.60,0.58,True,85.7,3,3,1.133617411636552,1.0647147090355011,5.365863808338363,5.372456819135466,2.691,1.896,5.382,4.326,2.538,
601,100,3,57.2,35.8,60.6,1.77,1e-07,0.05,25,center,center,True,133.3,3,3,0.013662432176718862,0.11688640715121182,2.556067429342433,2.771249511262762,4.546,2.774,2.556,8.368,2.456,
605,100,3,32.2,77.0,76.9,2.16,1e-07,0.05,25,0.60,0.58,True,116.60000000000001,3,3,1.343841781071163,1.159241899290723,1.3919382326490675,6.384998535304645,-4.537,6.699,1.447,2.233,2.129,
608,100,3,32.7,57.1,59.0,3.87,1e-07,0.05,50,0.45,0.55,True,126.5,3,3,0.03128376996904339,0.1768721854024634,2.57684375222354,3.9257692573980725,7.487,3.617,2.578,9.503,2.333,
514,100,3,94.7,13.5,90.1,2.2,1e-07,0.1,80,0.60,0.45,False,900.0,0,1,nan,nan,0.7583324873428134,1.8814442820847237,3.924,1.722,0.758,171.719,3.08,vittima non trovata entro 15 minuti
603,100,3,13.9,81.5,77.0,1.97,1e-07,0.05,25,0.45,0.55,True,132.3,3,3,0.5001935658022446,0.7072436396336447,0.6125496700570423,1.7461901090745582,0.293,1.672,0.892,7.427,1.732,
506,100,3,54.6,68.7,80.7,4.94,1e-07,0.1,50,center,center,False,900.0,2,3,1.5779038876682037,1.2561464435599075,2.0196354189491132,2.019653191758989,3.658,1.281,2.135,270.663,2.45,vittima non trovata entro 15 minuti
504,100,3,80.4,63.8,95.6,4.13,1e-07,0.1,25,0.60,0.45,False,900.0,0,3,16.57724179938745,4.071515909263705,2.2287643696179114,7.70833073087176,11.594,7.464,4.489,530.692,3.209,vittima non trovata entro 15 minuti
622,100,3,15.0,10.6,11.4,3.49,1e-07,0.1,25,0.35,0.40,True,17.1,3,3,0.09421991705426547,0.30695262998427864,2.1704328613151853,3.7677483413316515,7.138,3.651,2.182,2.708,1.993,
606,100,3,1.6,84.6,79.7,1.55,1e-07,0.05,50,center,center,True,153.70000000000002,3,3,0.0136282182823048,0.11673996009209871,0.5054545149822282,1.0615521507006653,2.819,1.265,0.518,7.809,1.746,
612,100,3,35.5,5.4,30.5,4.16,1e-07,0.05,80,0.35,0.40,True,57.0,3,3,0.09498720381339326,0.308199941293624,4.4004827313686405,5.891283001601417,9.295,5.135,4.403,5.281,2.951,
611,100,3,58.2,99.4,108.3,4.48,1e-07,0.05,80,center,center,True,123.0,3,3,0.07713841219224846,0.2777380279908541,0.6458293774453264,0.8050030808968095,4.962,0.481,0.69,7.174,1.743,
616,100,3,1.0,47.3,42.5,2.85,1e-07,0.05,120,center,center,True,92.9,3,3,0.028137928845121698,0.16774364025238542,0.6177515660197436,0.9911113635156367,3.844,0.993,0.619,5.494,1.675,
614,100,3,74.1,12.2,69.5,4.45,1e-07,0.05,80,0.60,0.45,True,101.4,3,3,10.469430616356805,3.2356499526921643,3.5965389789190265,3.9601149787968675,2.149,2.305,4.739,6.432,2.772,
624,100,3,10.0,31.9,27.4,4.35,1e-07,0.1,25,0.60,0.45,True,64.60000000000001,3,3,0.016387682981844766,0.1280143858394234,3.9165320831158343,12.862378999363903,-9.618,13.972,3.917,6.732,1.646,
618,100,3,52.5,1.2,47.7,2.7,1e-07,0.05,120,0.45,0.55,True,84.80000000000001,3,3,0.04546241990576151,0.21321918278091564,5.263664228917186,11.474246358429323,11.284,8.582,5.264,6.489,3.185,
619,100,3,46.3,55.2,65.0,1.44,1e-07,0.05,120,0.60,0.45,True,104.9,3,3,0.24249090419981423,0.4924336546173649,4.266016189232428,10.976407472921037,8.869,7.434,4.268,2.099,3.117,
613,100,3,99.6,80.8,121.2,3.05,1e-07,0.05,80,0.45,0.55,True,148.70000000000002,3,3,0.1475442662729322,0.38411491284891847,0.9036047030974486,2.1732563498732436,5.026,1.976,0.955,5.131,2.311,
617,100,3,67.8,28.8,67.1,1.31,1e-07,0.05,120,0.35,0.40,True,129.9,3,3,0.02276128987709007,0.15086845222607034,4.51227081986787,5.960009737383121,5.636,4.322,4.513,3.705,2.391,
508,100,3,67.4,40.2,71.6,3.06,1e-07,0.1,50,0.45,0.55,False,900.0,2,3,0.3917790956464796,0.6259225955711134,9.368222417839043,9.597523216082584,2.531,0.534,9.369,204.376,4.168,vittima non trovata entro 15 minuti
634,100,3,12.3,5.5,7.3,3.29,1e-07,0.1,80,0.60,0.45,True,0.30000000000000004,3,1,0.4387754166226114,0.6624012504687861,7.753109125360067,8.701533909908168,8.089,4.801,7.753,7.73,4.523,
615,100,3,30.8,99.1,97.6,2.12,1e-07,0.05,80,0.60,0.58,True,135.8,3,3,0.0037805799289164295,0.061486420687143835,1.9437445479985465,4.26893791187908,5.921,3.801,1.944,16.429,1.902,
623,100,3,21.2,46.7,44.7,1.82,1e-07,0.1,25,0.45,0.55,True,107.9,3,3,0.021624762853252502,0.14705360537318526,1.4790007580794897,3.175685164383968,4.991,3.174,1.482,14.631,1.818,
633,100,3,20.2,2.2,15.5,3.1,1e-07,0.1,80,0.45,0.55,True,16.0,3,3,0.6518572922293321,0.8073767969351932,6.09748855744646,11.32494778033933,10.918,7.82,6.098,6.562,2.975,
632,100,3,20.9,19.7,21.7,3.53,1e-07,0.1,80,0.35,0.40,True,47.2,3,3,0.07486291855923882,0.27361088896321145,1.8374551715683174,3.427904938818259,6.529,2.995,1.844,3.946,2.234,
620,100,3,73.2,86.0,105.9,3.9,1e-07,0.05,120,0.60,0.58,True,133.70000000000002,3,3,0.04795144918573312,0.21897819340229546,1.9771345966008118,2.284673570625842,4.658,0.754,1.982,16.301,2.16,
625,100,3,3.8,75.2,70.2,4.5,1e-07,0.1,25,0.60,0.58,True,116.5,3,3,0.002644525576410427,0.05142495091305802,1.9881896462047448,2.7445152240814417,6.096,1.593,1.988,8.364,1.983,
547,100,3,6.1,98.1,93.2,2.09,1e-06,0.1,50,0.35,0.40,False,900.0,0,3,16.87216796706076,4.10757446275302,4.331867292329268,4.654083383392801,0.389,1.702,5.641,813.287,2.905,vittima non trovata entro 15 minuti
629,100,3,53.4,76.4,86.2,2.4,1e-07,0.1,50,0.60,0.45,True,111.0,3,3,0.002330994531636733,0.04828037418699997,3.667004064321053,8.130663377312086,-7.165,9.566,3.667,6.462,2.326,
630,100,3,81.7,50.9,89.4,3.48,1e-07,0.1,50,0.60,0.58,True,116.0,3,3,0.012752291654618792,0.11292604506764059,2.0474546872950525,4.18193931564684,7.546,4.069,2.05,19.062,1.806,
645,100,3,11.9,7.4,7.2,4.79,1e-06,0.05,25,0.60,0.58,True,0.30000000000000004,3,2,0.27689465894239346,0.5262078096554568,7.016431044033832,7.577009133917549,7.684,2.895,7.019,7.002,3.8,
627,100,3,82.8,98.6,121.7,1.34,1e-07,0.1,50,0.35,0.40,True,130.70000000000002,3,3,0.05644685883222781,0.2375854768966904,4.45105208522433,5.478336147170695,4.532,3.194,4.452,9.209,2.517,
637,100,3,37.4,25.7,38.5,2.17,1e-07,0.1,120,0.35,0.40,True,72.60000000000001,3,3,0.12086240931388588,0.34765271365816475,3.4740534810480233,6.41360747680192,7.823,5.654,3.478,3.306,2.51,
628,100,3,21.4,93.9,90.4,2.99,1e-07,0.1,50,0.45,0.55,True,148.20000000000002,3,3,0.06986939372695875,0.2643281932124508,0.32786199904779667,0.3420754488212893,3.088,0.098,0.41,18.719,1.965,
635,100,3,50.0,5.2,45.0,1.28,1e-07,0.1,80,0.60,0.58,True,82.7,3,3,0.052944985560771,0.23009777391528802,3.4764604866193975,9.46620008426316,9.897,8.619,3.482,8.769,2.238,
636,100,3,68.0,22.5,65.4,1.5,1e-07,0.1,120,center,center,True,127.80000000000001,3,3,0.01508756940292913,0.12283146747852983,5.505519067931464,6.267674235513039,8.267,6.764,5.506,23.89,2.436,
522,100,3,91.5,50.7,97.8,3.84,1e-06,0.05,25,0.35,0.40,False,900.0,2,2,63.99680528649844,7.999800327914344,54.68315808302662,59.21384100041994,26.557,22.716,55.264,233.102,3.534,vittima non trovata entro 15 minuti
638,100,3,45.9,90.0,94.3,1.24,1e-07,0.1,120,0.45,0.55,True,142.4,3,3,0.05734625168871786,0.2394707741849052,0.4572248431360976,2.8717603966693486,7.456,6.215,0.499,9.924,1.681,
647,100,3,77.3,0.7,72.4,3.59,1e-06,0.05,50,0.35,0.40,True,103.9,3,3,0.014213836112376147,0.1192217937810707,1.300666177932081,1.9329096625883735,5.39,1.802,1.305,4.822,1.545,
644,100,3,67.3,26.6,66.0,2.0,1e-06,0.05,25,0.60,0.45,True,127.60000000000001,3,3,8.006815834533963,2.829631748926698,2.3889988286184956,3.580414889986824,3.211,1.208,2.662,18.395,2.041,
641,100,3,21.2,39.4,38.0,4.67,1e-06,0.05,25,center,center,True,128.5,3,3,0.004050740552837339,0.06364542837342946,0.44100817479532944,0.9593763854134684,5.736,1.069,0.444,22.594,1.864,
648,100,3,12.9,33.0,29.1,2.41,1e-06,0.05,50,0.45,0.55,True,63.300000000000004,3,3,0.013087989994056907,0.11440275343739288,2.15828884544218,4.20515689752765,6.493,4.078,2.159,3.445,1.71,
519,100,3,21.6,92.8,89.4,4.02,1e-07,0.1,120,0.60,0.45,False,900.0,0,3,8.67236947064693,2.944888702590801,18.78647522302897,22.070990776396474,15.601,11.584,18.893,592.784,2.94,vittima non trovata entro 15 minuti
640,100,3,32.2,91.7,90.8,4.03,1e-07,0.1,120,0.60,0.58,True,144.6,3,3,0.018510421465472042,0.13605300976263643,0.49812050518922735,0.5341155398985622,3.838,0.193,0.503,3.624,1.823,
643,100,3,56.7,48.7,67.7,1.13,1e-06,0.05,25,0.45,0.55,True,127.0,3,3,7.078259162002221,2.660499795527566,5.038577347085072,5.152546239919624,2.515,1.382,5.636,13.81,2.421,
574,100,3,74.9,97.6,116.0,2.96,1e-05,0.05,80,0.60,0.45,False,900.0,1,2,4493.244513175001,67.03166798741474,67.81420132523947,67.880355773103,5.958,2.996,67.991,206.007,3.053,vittima non trovata entro 15 minuti
651,100,3,20.9,38.6,37.2,1.93,1e-06,0.05,80,center,center,True,88.0,3,3,0.005286410878787929,0.07270770852384174,0.7783785389472684,2.055235619699366,4.226,2.295,0.781,6.15,1.711,
652,100,3,15.0,38.7,35.2,2.0,1e-06,0.05,80,0.35,0.40,True,82.80000000000001,3,3,4.87302523220842,2.2074929744414633,2.932044054011403,5.826868211263079,-4.037,6.041,3.571,4.765,2.209,
569,100,3,88.6,81.3,113.2,3.06,1e-05,0.05,50,0.60,0.45,False,900.0,2,2,4.310954414929861,2.0762837992263634,88.21874045038471,90.6287225959201,-5.614,8.679,88.242,231.48,3.151,vittima non trovata entro 15 minuti
650,100,3,37.4,83.1,84.5,1.33,1e-06,0.05,50,0.60,0.58,True,123.30000000000001,3,3,0.019836748300157685,0.14084299166148695,0.9865822839329939,6.579791981522872,-5.414,6.747,0.987,8.64,1.712,
646,100,3,35.4,91.2,91.4,1.73,1e-06,0.05,50,center,center,True,154.70000000000002,3,3,0.017204541568975027,0.13116608391262974,0.6307707952264362,0.6377147105675612,1.827,0.094,0.635,8.872,1.723,
562,100,3,94.5,79.6,116.5,2.51,1e-05,0.05,25,0.35,0.40,False,900.0,1,2,910.3129833638139,30.17139346075706,36.68068186894014,37.47350180061924,10.176,7.668,38.477,374.513,3.131,vittima non trovata entro 15 minuti
654,100,3,37.7,12.6,33.6,3.01,1e-06,0.05,80,0.60,0.45,True,71.3,3,3,0.675874533285935,0.8221158879902122,4.044540554617248,8.8372613051555,8.965,5.955,4.057,4.627,3.119,
655,100,3,77.2,33.4,77.6,3.4,1e-06,0.05,80,0.60,0.58,True,123.0,3,3,1.6361362881211918,1.2791154318986195,6.053986311114855,8.087834856826799,-4.262,7.661,6.183,1.504,2.727,
582,100,3,78.3,75.2,101.5,1.88,1e-05,0.1,25,0.35,0.40,False,900.0,0,3,242.26806563597304,15.564962757294765,8.393691203171347,9.39749016500251,7.304,5.426,12.585,515.204,3.194,vittima non trovata entro 15 minuti
658,100,3,26.4,42.1,42.9,3.11,1e-06,0.05,120,0.45,0.55,True,95.0,3,3,0.4664360748878409,0.6829612543093795,2.8961043416574177,4.3857749200844385,6.992,3.877,2.901,5.959,2.613,
548,100,3,8.5,47.3,42.4,2.41,1e-06,0.1,50,0.45,0.55,False,900.0,0,3,9.65991366136047,3.108040164052014,30.1272010502513,30.56593064074648,8.883,6.47,30.255,484.977,3.356,vittima non trovata entro 15 minuti
662,100,3,12.5,42.2,37.9,2.64,1e-06,0.1,25,0.35,0.40,True,87.10000000000001,3,3,0.5105922560057052,0.7145573846834873,2.2020787501383445,6.8710041206980526,-4.937,7.572,2.21,4.271,2.179,
653,100,3,7.5,58.8,53.8,1.33,1e-06,0.05,80,0.45,0.55,True,114.0,3,3,0.40646254622873595,0.6375441523759244,4.198170236527787,6.8419748075817735,7.439,6.112,4.206,7.831,2.255,
660,100,3,28.4,87.2,85.4,2.07,1e-06,0.05,120,0.60,0.58,True,123.4,3,3,2.2082944876254373,1.4860331381316627,2.0350616196186775,2.326855875291545,1.152,0.916,2.515,10.303,1.839,
656,100,3,35.7,65.4,67.7,3.64,1e-06,0.05,120,center,center,True,116.80000000000001,3,3,0.06659899206834785,0.25806780517598055,0.3807456406049808,0.5052783685883705,4.062,0.418,0.419,1.538,2.632,
657,100,3,48.2,78.5,85.3,3.38,1e-06,0.05,120,0.35,0.40,True,120.10000000000001,3,3,0.007304384247131901,0.08546569046776549,0.5320437707830465,1.0791504160549505,2.53,0.852,0.538,4.307,1.789,
541,100,3,71.2,13.5,66.7,4.16,1e-06,0.1,25,center,center,False,900.0,2,3,306.40749465541205,17.50449926891404,18.558353273085295,21.0241344512237,20.59,16.432,22.357,440.293,3.358,vittima non trovata entro 15 minuti
669,100,3,19.8,24.3,24.3,1.93,1e-06,0.1,50,0.60,0.45,True,48.400000000000006,3,3,0.12068760485926792,0.3474012159726387,4.651109528550999,9.487710853217783,-8.47,10.397,4.651,4.537,2.464,
663,100,3,42.0,29.9,44.6,2.07,1e-06,0.1,25,0.45,0.55,True,94.80000000000001,3,3,0.04332579258845164,0.20814848687523924,1.9922640906252862,3.247647183755103,5.333,3.262,1.992,19.682,2.5,
555,100,3,90.8,39.7,92.6,2.11,1e-06,0.1,80,0.60,0.58,False,900.0,2,3,84.25562148710941,9.179086092150428,13.442221694945994,13.44241000807641,7.946,5.841,13.589,470.904,3.001,vittima non trovata entro 15 minuti
665,100,3,55.4,5.1,50.4,4.92,1e-06,0.1,25,0.60,0.58,True,101.5,3,3,0.044853579250900576,0.21178663614803597,2.8615398710477105,4.1748418764333355,7.788,2.872,2.862,10.677,2.306,
666,100,3,68.2,6.7,63.2,3.16,1e-06,0.1,50,center,center,True,112.4,3,3,0.008891478777655495,0.09429463811720948,4.4846819862528395,8.53901416738589,10.825,7.661,4.485,3.357,2.92,
598,100,3,92.9,38.9,94.2,4.87,1e-05,0.1,120,0.45,0.55,False,900.0,1,3,3.1550881257242778,1.776256773589978,1.0262773884466867,1.1250586013342736,4.414,0.461,1.579,302.029,2.947,vittima non trovata entro 15 minuti
674,100,3,31.2,28.5,35.2,3.24,1e-06,0.1,80,0.60,0.45,True,80.10000000000001,3,3,0.00606744793957609,0.07789382478461364,3.1179608439304505,8.572474467869325,-6.278,9.518,3.118,8.753,1.857,
677,100,3,34.2,17.5,31.8,3.39,1e-06,0.1,120,0.35,0.40,True,59.7,3,3,0.06561783328711121,0.2561597807758103,3.3749409676805864,4.550426460827921,7.374,3.988,3.379,5.0,2.472,
673,100,3,69.4,3.3,64.4,1.86,1e-06,0.1,80,0.45,0.55,True,107.80000000000001,3,3,0.0264420766959945,0.16261019862233272,1.9244873614955402,3.1088638738132546,4.878,3.015,1.928,24.828,2.173,
686,100,3,12.1,10.5,9.0,1.32,1e-05,0.05,50,center,center,True,11.100000000000001,3,1,2.03615196826771,1.426937969313211,1.3975576359557538,2.646640918642164,3.535,2.217,1.962,2.13,2.748,
581,100,3,95.5,20.7,91.9,2.39,1e-05,0.1,25,center,center,False,900.0,0,3,1650.5317027299361,40.62673630418688,7.795154031104527,8.832909992594692,6.542,4.154,39.775,192.967,3.343,vittima non trovata entro 15 minuti
676,100,3,50.5,21.4,48.4,3.32,1e-06,0.1,120,center,center,True,92.5,3,3,4.085517634695082,2.0212663443235486,3.6414892719211673,3.696793535924343,5.288,1.971,4.071,10.44,3.663,
671,100,3,42.5,85.7,89.0,1.39,1e-06,0.1,80,center,center,True,123.0,3,3,0.021039138581216563,0.14504874553479105,2.7208557623839296,3.5193872126703507,4.921,3.526,2.721,6.903,2.031,
672,100,3,86.9,38.6,88.5,2.49,1e-06,0.1,80,0.35,0.40,True,136.8,3,3,0.008500004299107062,0.09219546788810751,1.1267577437445133,1.835415594813122,4.28,1.795,1.128,5.203,1.774,
564,100,3,0.2,49.7,44.9,4.04,1e-05,0.05,25,0.60,0.45,False,900.0,2,2,859.0147951573006,29.308954180545246,36.309598803604274,41.190477413260936,25.443,21.4,40.411,328.386,2.979,vittima non trovata entro 15 minuti
668,100,3,2.5,79.1,74.1,2.8,1e-06,0.1,50,0.45,0.55,True,146.5,3,3,0.011626172781875718,0.10782473177279746,1.735509373893943,3.5714805067183657,6.203,3.403,1.738,19.536,2.234,
685,100,3,26.4,13.7,23.1,3.78,1e-05,0.05,25,0.60,0.58,True,46.300000000000004,3,3,1.8642762161529987,1.3653850065651807,2.0692716189107707,5.092180803819434,7.745,3.964,2.172,2.892,2.243,
680,100,3,45.5,20.5,43.3,3.82,1e-06,0.1,120,0.60,0.58,True,90.30000000000001,3,3,0.7683214526333071,0.8765394757986129,4.455694772356838,7.506143169121755,9.127,5.312,4.458,13.275,2.711,
682,100,3,27.2,50.1,50.3,4.44,1e-05,0.05,25,0.35,0.40,True,77.30000000000001,3,3,0.008647691820625712,0.09299296651159007,0.39500194737872657,1.4595718846105101,3.208,1.228,0.4,4.741,1.867,
687,100,3,68.3,20.0,65.1,3.25,1e-05,0.05,50,0.35,0.40,True,100.80000000000001,3,1,0.6101498389818104,0.7811208862793328,0.41747964580381075,3.240204638529809,0.16,3.087,0.88,1.44,1.64,
683,100,3,34.3,22.2,34.0,3.3,1e-05,0.05,25,0.45,0.55,True,95.80000000000001,3,2,0.45640012565553667,0.6755739231612901,2.25030664333371,5.92490705298978,8.839,5.541,2.282,8.313,1.752,
691,100,3,39.1,47.7,54.6,3.67,1e-05,0.05,80,center,center,True,82.4,3,3,0.07147208684419573,0.2673426394053065,5.245264908089592,11.371261606688472,-9.929,13.597,5.247,4.577,2.422,
700,100,3,12.5,15.9,13.2,3.4,1e-05,0.05,120,0.60,0.58,True,7.2,3,1,0.09725085373503566,0.3118506914134321,1.4917797239541837,2.8844848892599506,5.851,2.453,1.516,1.531,2.184,
688,100,3,50.8,97.9,103.6,1.84,1e-05,0.05,50,0.45,0.55,True,111.30000000000001,3,3,0.01753759650873446,0.13242959075952193,0.36129900164365775,2.706456016316194,-0.845,2.682,0.382,5.28,1.683,
681,100,3,8.7,70.7,65.8,3.94,1e-05,0.05,25,center,center,True,158.8,3,2,0.023546554798121233,0.15344886704736935,0.6457491888923068,1.1809394269265026,5.187,1.244,0.655,18.877,1.673,
678,100,3,1.0,92.4,87.4,3.07,1e-06,0.1,120,0.45,0.55,True,172.20000000000002,3,3,0.20037469293832355,0.44763231891623234,5.6912673714847575,5.691305181110935,3.087,0.021,5.708,9.877,1.509,
684,100,3,1.6,57.9,53.0,3.84,1e-05,0.05,25,0.60,0.45,True,128.4,3,2,70.95414549880829,8.423428369660911,7.174519601570147,15.79106725311859,14.816,10.975,10.182,18.96,3.444,
595,100,3,0.2,92.8,87.9,4.07,1e-05,0.1,80,0.60,0.58,False,900.0,2,2,4356.796131285194,66.00603102206036,89.56237968608096,89.75250313977298,-1.769,5.839,92.042,264.683,2.91,vittima non trovata entro 15 minuti
697,100,3,72.5,39.2,75.7,3.51,1e-05,0.05,120,0.35,0.40,True,99.9,3,3,0.008437002321983385,0.09185315629842768,1.3551944694999651,1.8276842637145552,5.2,1.693,1.357,1.896,1.791,
690,100,3,85.5,78.4,109.0,3.89,1e-05,0.05,50,0.60,0.58,True,148.4,3,3,0.005449234955602457,0.0738189335848362,0.5665414178889716,0.7538962167763953,3.481,0.41,0.569,6.094,1.706,
696,100,3,33.6,79.5,79.9,1.55,1e-05,0.05,120,center,center,True,100.30000000000001,3,3,0.06766005136553888,0.26011545775970113,1.7920862368053556,2.564787867520234,4.576,3.027,1.792,5.099,2.034,
587,100,3,68.4,23.1,65.9,4.57,1e-05,0.1,50,0.35,0.40,False,900.0,2,2,1140.846335880959,33.77641685971084,62.40049159500547,62.79072520638242,10.314,5.747,69.689,192.691,4.812,vittima non trovata entro 15 minuti
699,100,3,40.3,49.0,56.4,4.97,1e-05,0.05,120,0.60,0.45,True,70.3,3,3,0.02899153754528808,0.170269015223816,0.3403479793937662,0.9894627622804161,4.228,0.74,0.367,0.914,1.737,
588,100,3,53.5,0.4,48.7,1.51,1e-05,0.1,50,0.45,0.55,False,900.0,2,2,2108.6580917417946,45.920127305374436,64.71082262258015,64.72471931632198,-6.834,8.342,64.789,298.961,2.968,vittima non trovata entro 15 minuti
698,100,3,58.8,50.0,70.2,2.25,1e-05,0.05,120,0.45,0.55,True,103.5,3,3,1.4294816028134232,1.1956093019098768,1.7380181933237608,1.7528841459974072,2.847,0.597,2.096,6.656,2.268,
695,100,3,94.1,72.5,111.8,3.12,1e-05,0.05,80,0.60,0.58,True,191.0,3,3,0.010963386044904077,0.10470618914325971,2.0320354698385,4.778238587403482,7.441,4.325,2.032,20.964,1.703,
602,100,3,78.8,30.8,78.1,3.74,1e-07,0.05,25,0.35,0.40,False,900.0,1,3,48.94905858827451,6.99636038153228,8.395387543436287,9.257380607366736,10.276,6.536,10.573,337.169,3.681,vittima non trovata entro 15 minuti
692,100,3,99.8,14.5,95.3,2.85,1e-05,0.05,80,0.35,0.40,True,202.60000000000002,3,2,0.007427059090759471,0.0861803869262576,0.7716647067131451,2.6745293907014682,5.41,2.561,0.772,20.861,1.516,
705,100,3,36.8,16.3,33.8,2.94,1e-05,0.1,25,0.60,0.58,True,74.9,3,2,2.2958791085088093,1.5152158620172933,1.302595306876229,3.2883249488204456,-0.584,3.519,1.401,6.896,2.397,
703,100,3,13.3,69.5,65.0,1.7,1e-05,0.1,25,0.45,0.55,True,99.4,3,3,0.015287473058344204,0.12364252123903088,1.4390954843895598,3.670041706299368,5.339,3.642,1.439,11.044,1.836,
701,100,3,86.7,80.9,111.5,1.41,1e-05,0.1,25,center,center,True,117.7,3,3,0.5278889782127464,0.7265596866140774,5.945552648342297,9.705562394489982,-10.386,11.791,5.946,1.922,2.696,
704,100,3,60.5,53.5,73.7,4.8,1e-05,0.1,25,0.60,0.45,True,101.60000000000001,3,3,0.00887250038846422,0.09419395091227578,1.0066578369319017,1.2203859112258768,4.374,0.43,1.008,10.771,1.555,
711,100,3,20.3,29.3,28.8,1.55,1e-05,0.1,80,center,center,True,73.5,3,2,0.3908784185787405,0.6252027019925142,3.5636902914042152,7.786927339509714,-7.812,9.362,3.565,2.606,2.049,
706,100,3,94.5,80.7,117.2,4.98,1e-05,0.1,50,center,center,True,154.8,3,3,4.485393112316576,2.117874668698924,1.8555984175081852,1.8735252432631129,4.723,0.259,2.161,31.512,2.861,
712,100,3,84.3,49.0,90.7,1.14,1e-05,0.1,80,0.35,0.40,True,101.80000000000001,3,3,0.06052800848860394,0.24602440628645758,2.486976456959559,3.6288914310891447,3.964,2.827,2.487,20.647,2.239,
710,100,3,85.2,20.3,81.6,4.7,1e-05,0.1,50,0.60,0.58,True,126.7,3,3,0.028321399919934077,0.16828963105293826,3.897242098669632,5.920423236919677,9.12,4.423,3.898,8.404,1.861,
708,100,3,94.0,96.0,127.3,3.16,1e-05,0.1,50,0.45,0.55,True,113.2,3,3,0.006104893569081371,0.0781338183444363,3.800302815451856,4.409336092472595,5.394,2.236,3.8,20.165,2.409,
707,100,3,22.5,73.6,70.7,3.81,1e-05,0.1,50,0.35,0.40,True,110.80000000000001,3,3,4.069983137910466,2.0174199210651373,1.2143624136639906,2.4118052591732155,1.335,2.472,2.109,13.811,1.779,
709,100,3,72.5,41.1,76.5,1.53,1e-05,0.1,50,0.60,0.45,True,115.0,3,3,0.14206011955062303,0.37690863554795745,0.6741193896991133,1.0033252115205782,0.708,0.823,0.759,13.27,1.833,
719,100,3,40.0,32.6,44.6,1.01,1e-05,0.1,120,0.60,0.45,True,70.60000000000001,3,2,0.005798702529245004,0.07614921226936627,0.19880444156981741,1.6864915857126728,2.74,1.727,0.205,7.885,1.654,
721,100,3,44.0,0.7,39.3,3.87,1e-07,0.05,25,center,center,True,57.7,3,3,0.7748988331038518,0.8802833822717839,5.17998828206641,13.040867627297207,12.649,8.783,5.216,4.874,2.608,
720,100,3,66.5,45.6,73.7,1.85,1e-05,0.1,120,0.60,0.58,True,104.5,3,3,0.019769387967447295,0.1406036555977379,1.0239190300405727,1.0299736351937572,1.642,0.211,1.032,6.167,1.755,
725,100,3,28.5,20.7,28.3,2.6,1e-07,0.05,25,0.60,0.58,True,57.900000000000006,3,3,0.327899560918371,0.5726251486953494,3.298275298319301,3.4921022151484866,2.538,0.059,3.298,3.433,2.467,
718,100,3,47.4,74.3,81.3,2.68,1e-05,0.1,120,0.45,0.55,True,103.7,3,3,1.0626292117738378,1.0308390814156387,1.164760519109974,2.7065283905288933,0.002,2.681,1.341,7.68,1.668,
717,100,3,29.2,76.1,75.0,1.31,1e-05,0.1,120,0.35,0.40,True,113.80000000000001,3,3,2.0204532762316063,1.4214264934324272,1.1525896347206366,2.148826736127871,2.602,1.297,1.499,19.814,1.749,
722,100,3,20.1,63.9,60.8,3.89,1e-07,0.05,25,0.35,0.40,True,111.9,3,3,0.0034431953030234197,0.05867874660405946,0.9012896263479663,0.9175933144689303,4.455,0.567,0.902,6.236,1.614,
731,100,3,20.5,9.5,16.1,1.98,1e-07,0.05,80,center,center,True,30.5,3,3,0.9748542102658362,0.9873470566451475,4.203272835866757,7.155922280794557,8.216,6.234,4.281,4.268,3.511,
639,100,3,93.2,7.9,88.2,3.55,1e-07,0.1,120,0.60,0.45,False,900.0,0,1,nan,nan,9.428071633864457,17.949240853529485,6.943,3.388,9.428,517.275,4.383,vittima non trovata entro 15 minuti
734,100,3,23.8,5.6,18.8,1.52,1e-07,0.05,80,0.60,0.45,True,42.0,3,3,2.6395150257233126,1.624658433555593,5.077169825631495,10.647960469875793,9.779,8.26,5.133,5.103,2.419,
724,100,3,70.8,33.3,71.7,2.75,1e-07,0.05,25,0.60,0.45,True,123.80000000000001,3,3,2.6689509733161674,1.633692435348884,3.5643839692512604,5.171904109870024,-3.115,5.863,3.688,4.325,2.102,
723,100,3,60.7,29.9,61.1,1.28,1e-07,0.05,25,0.45,0.55,True,128.20000000000002,3,3,0.22107198994623628,0.47018293242762044,3.9847544189358515,5.484469287737677,5.923,4.644,3.985,11.534,2.62,
726,100,3,29.6,66.4,66.1,3.34,1e-07,0.05,50,center,center,True,131.20000000000002,3,3,0.07200534661304384,0.268338119940205,3.8244743012565228,4.003111083312027,7.118,3.773,3.825,6.95,2.423,
727,100,3,56.0,11.2,51.4,1.06,1e-07,0.05,50,0.35,0.40,True,109.30000000000001,3,3,0.011604462176320876,0.10772400928447137,4.132339570629269,6.685840911983908,7.436,6.371,4.133,10.773,2.741,
728,100,3,7.4,74.6,69.7,3.97,1e-07,0.05,50,0.45,0.55,True,129.4,3,3,0.2450195798227394,0.4949945250431962,2.5994769711878556,3.402779056608193,6.597,2.631,2.6,5.44,2.477,
649,100,3,97.9,77.8,118.0,3.2,1e-06,0.05,50,0.60,0.45,False,900.0,2,2,2.6122665631613633,1.6162507735996179,14.568508673332792,19.278291018950547,35.109,31.905,14.643,157.236,4.487,vittima non trovata entro 15 minuti
626,100,3,95.8,80.2,118.0,2.65,1e-07,0.1,50,center,center,False,900.0,2,3,5.897951803000997,2.428569909020738,0.9095326264796478,11.71900926049548,-9.032,11.684,2.395,257.305,3.332,vittima non trovata entro 15 minuti
733,100,3,62.4,24.2,60.5,2.5,1e-07,0.05,80,0.45,0.55,True,128.8,3,3,1.2293435305119977,1.1087576518392095,4.6121056760640515,7.028606706768895,8.058,5.557,4.612,7.561,2.368,
730,100,3,29.2,99.5,97.5,3.69,1e-07,0.05,50,0.60,0.58,True,133.1,3,3,0.007498143687801787,0.0865918222917256,1.325038378182772,2.232335292021974,5.485,1.797,1.326,17.554,1.803,
661,100,3,81.2,32.0,80.9,2.62,1e-06,0.1,25,center,center,False,900.0,0,3,12.009197271220291,3.4654288726246123,2.5721974930022915,3.839211814077479,5.717,3.096,3.868,440.909,2.456,vittima non trovata entro 15 minuti
735,100,3,37.1,36.9,45.2,3.91,1e-07,0.05,80,0.60,0.58,True,101.5,3,3,0.07553763166754153,0.2748411025802755,5.417917551917386,14.14342661376361,-10.54,14.455,5.418,6.84,2.539,
737,100,3,37.7,67.1,70.2,4.22,1e-07,0.05,120,0.35,0.40,True,112.9,3,3,0.015495206406363263,0.12447974295588525,1.3148752817266498,3.375930047034446,0.886,3.333,1.318,5.165,1.668,
749,100,3,1.5,4.3,3.6,1.82,1e-07,0.1,50,0.60,0.45,True,0.2,3,1,0.07447885997607814,0.272908153004043,4.086128311534334,4.111281844289212,3.942,2.125,4.089,4.103,3.06,
631,100,3,19.8,95.3,91.5,2.82,1e-07,0.1,80,center,center,False,900.0,2,3,20.433764788388252,4.520372195780814,7.683358244180196,13.684983440398042,14.14,11.325,8.698,222.383,3.231,vittima non trovata entro 15 minuti
740,100,3,88.2,43.9,91.8,2.24,1e-07,0.05,120,0.60,0.58,True,120.2,3,3,0.2762621764961839,0.5256064844502814,0.724107378162839,2.240272650996309,4.06,1.822,0.808,14.235,1.79,
736,100,3,64.7,41.4,69.9,1.46,1e-07,0.05,120,center,center,True,125.2,3,3,9.392060048619793,3.064646806504755,2.102116093360081,2.6651521913752076,0.067,1.388,3.588,8.128,2.188,
739,100,3,4.2,81.9,76.9,3.74,1e-07,0.05,120,0.60,0.45,True,117.4,3,3,1.3315333673706378,1.1539208670314607,2.8654750587304947,6.3231731076043785,7.869,4.133,2.911,3.409,2.564,
621,100,3,18.3,62.5,59.0,1.15,1e-07,0.1,25,center,center,False,900.0,0,3,31.10637801237334,5.577309208962091,9.277953703812807,31.507052930635766,35.076,33.93,9.969,93.021,9.751,vittima non trovata entro 15 minuti
743,100,3,10.4,32.4,27.9,4.02,1e-07,0.1,25,0.45,0.55,True,96.80000000000001,3,3,0.005291703892279315,0.07274409867665771,0.8856249608695702,1.8178037540743626,5.766,1.744,0.887,21.941,1.225,
738,100,3,57.3,96.1,105.1,4.56,1e-07,0.05,120,0.45,0.55,True,143.20000000000002,3,3,0.1616047404127674,0.4020009209103474,0.37368588675402675,0.6884255251479223,3.979,0.578,0.539,3.395,1.911,
679,100,3,80.1,80.2,106.3,4.73,1e-06,0.1,120,0.60,0.45,False,900.0,1,2,8.02751792376293,2.833287476371385,4.369513264493323,8.384468268654317,13.349,8.617,4.833,270.934,3.001,vittima non trovata entro 15 minuti
664,100,3,3.6,94.9,89.9,1.22,1e-06,0.1,25,0.60,0.45,False,900.0,2,3,42.57396890234751,6.524873094731231,4.5239717449740455,4.5251588555570015,1.118,0.104,6.64,419.973,3.546,vittima non trovata entro 15 minuti
642,100,3,48.9,2.9,43.9,4.43,1e-06,0.05,25,0.35,0.40,False,900.0,2,2,3.539239561726034,1.8812866771776262,37.70691636824389,38.945555768438886,27.385,22.956,37.754,221.688,3.103,vittima non trovata entro 15 minuti
675,100,3,98.0,45.5,101.4,3.99,1e-06,0.1,80,0.60,0.58,False,900.0,2,3,14.055672777661893,3.7490895931761745,3.827807854035238,3.9622925479743665,5.014,1.024,5.34,342.745,2.631,vittima non trovata entro 15 minuti
747,100,3,60.8,70.7,86.2,1.27,1e-07,0.1,50,0.35,0.40,True,134.20000000000002,3,3,0.05071507692650709,0.22520008198601324,1.2441681041013481,1.8248586436413023,-0.258,1.523,1.261,13.345,1.635,
745,100,3,66.4,77.6,95.0,4.81,1e-07,0.1,25,0.60,0.58,True,133.0,3,3,0.003008996345712338,0.054854319298596146,0.6830320972133586,0.7277690470225372,4.651,0.161,0.683,6.289,1.616,
750,100,3,31.1,78.1,77.6,3.09,1e-07,0.1,50,0.60,0.58,True,145.1,3,3,0.014631313162245321,0.12095996512171009,0.8058030456838291,4.094700733763801,-1.088,4.182,0.812,17.396,1.668,
742,100,3,60.6,95.2,105.9,2.14,1e-07,0.1,25,0.35,0.40,True,197.60000000000002,3,3,0.21234973156650447,0.46081420503984516,4.04835346770036,8.066044801118553,9.115,6.977,4.048,26.946,2.509,
751,100,3,89.9,49.0,95.6,3.72,1e-07,0.1,80,center,center,True,129.1,3,3,1.3007773558885152,1.1405162672616798,1.2595259868555133,1.3992449948570571,3.54,0.183,1.652,10.978,1.953,
754,100,3,91.9,37.8,92.9,3.85,1e-07,0.1,80,0.60,0.45,True,125.10000000000001,3,3,0.5711071286488316,0.7557163016958359,1.1075827305145345,1.569040805219257,4.962,1.111,1.189,16.022,2.325,
755,100,3,62.3,61.4,80.4,2.76,1e-07,0.1,80,0.60,0.58,True,125.80000000000001,3,3,0.013251284412588793,0.11511422332878242,0.643404288396127,0.7868218708398698,2.441,0.32,0.645,7.362,1.544,
753,100,3,51.5,59.5,71.6,1.62,1e-07,0.1,80,0.45,0.55,True,119.60000000000001,3,3,0.07656333521674705,0.27670080451048035,2.2158707663649824,3.5747860308528745,4.94,3.323,2.221,16.657,1.833,
758,100,3,90.5,12.7,85.8,3.23,1e-07,0.1,120,0.45,0.55,True,137.70000000000002,3,3,7.589962941210453,2.7549887370387656,2.374104860925582,2.894633528251753,1.576,1.656,2.714,16.21,2.317,
670,100,3,64.0,71.5,88.9,2.5,1e-06,0.1,50,0.60,0.58,False,900.0,2,3,38.17378964020238,6.178494123991896,15.236061886383608,15.897119946862212,5.348,2.849,15.555,456.333,5.449,vittima non trovata entro 15 minuti
757,100,3,96.0,69.9,111.7,1.41,1e-07,0.1,120,0.35,0.40,True,127.5,3,3,0.02018472984767322,0.14207297367083305,3.6912736370619363,5.0834964682828225,4.91,3.495,3.693,39.749,2.241,
752,100,3,38.8,71.3,74.4,1.39,1e-07,0.1,80,0.35,0.40,True,145.5,3,3,0.44400779065484913,0.666339095847489,2.43597338734972,7.948602311819265,-7.31,8.704,2.438,43.334,2.215,
759,100,3,62.3,20.7,59.4,2.62,1e-07,0.1,120,0.60,0.45,True,120.7,3,3,0.03228983915957362,0.17969373711839157,5.462043335640394,9.991944635783609,-8.84,11.456,5.463,16.091,2.708,
756,100,3,98.8,89.9,126.5,1.14,1e-07,0.1,120,center,center,True,154.8,3,3,1.916158527436636,1.3842537799972359,4.698081859634808,4.732877151863461,1.714,0.573,4.7,11.732,2.365,
760,100,3,0.7,65.4,60.6,1.18,1e-07,0.1,120,0.60,0.58,True,126.30000000000001,3,3,0.7392763441538187,0.8598118074054454,4.12005440401945,7.900812562071618,7.459,6.277,4.132,9.201,2.588,
659,100,3,2.4,90.4,85.4,2.36,1e-06,0.05,120,0.60,0.45,False,900.0,2,3,283.99568882337144,16.852171635233585,21.052973269855567,26.794886916767332,18.936,16.575,23.872,291.932,2.941,vittima non trovata entro 15 minuti
763,100,3,80.9,10.5,76.1,3.44,1e-06,0.05,25,0.45,0.55,True,117.5,3,3,0.006658314405549765,0.08159849511816848,0.951782013352995,4.457933256284894,7.83,4.392,0.953,4.751,1.661,
764,100,3,48.4,42.2,57.2,4.72,1e-06,0.05,25,0.60,0.45,True,112.80000000000001,3,3,0.019945321144502298,0.14122790497809665,5.180701910037148,12.070878526257058,-9.458,14.178,5.181,14.457,1.484,
667,100,3,68.9,23.6,66.5,2.12,1e-06,0.1,50,0.35,0.40,False,900.0,2,3,146.01973539291686,12.083862602368368,16.953677931414056,18.61897635634626,-7.845,9.961,17.379,335.355,3.179,vittima non trovata entro 15 minuti
765,100,3,91.6,16.9,87.4,3.65,1e-06,0.05,25,0.60,0.58,True,130.0,3,3,0.020313286242170492,0.14252468643070396,0.3050419859836761,0.31018152135483307,3.708,0.056,0.333,11.98,1.429,
775,100,3,18.9,36.6,34.5,1.13,1e-06,0.05,80,0.60,0.58,True,77.2,3,3,0.011797941363297025,0.108618328855203,1.8231053069652883,7.5618012702927055,-6.808,7.938,1.823,5.681,1.763,
689,100,3,70.5,55.6,82.8,2.08,1e-05,0.05,50,0.60,0.45,False,900.0,2,2,0.002060031934093018,0.04538757466634473,45.00159679937163,45.140681919205754,-9.966,12.043,45.002,160.522,3.619,vittima non trovata entro 15 minuti
693,100,3,98.1,27.2,95.7,3.02,1e-05,0.05,80,0.45,0.55,False,900.0,1,2,1516.6845261974659,38.94463411302597,16.811730147557864,19.67212158916106,13.237,10.216,31.462,245.679,3.861,vittima non trovata entro 15 minuti
770,100,3,97.5,24.2,94.5,4.19,1e-06,0.05,50,0.60,0.58,True,136.6,3,3,11.702606346478975,3.4209072402622924,2.03715339838832,2.0413713844236576,4.318,0.131,3.684,7.236,2.495,
771,100,3,80.7,80.6,106.9,3.21,1e-06,0.05,80,center,center,True,137.20000000000002,3,3,0.017538903018432344,0.1324345235141968,3.8340766692009955,9.018293930427923,-7.596,10.804,3.835,2.65,1.677,
785,100,3,23.6,4.9,18.6,2.44,1e-06,0.1,25,0.60,0.58,True,29.5,3,3,0.20514726817949436,0.4529318582077158,5.6879082752938945,8.95587050095323,9.557,7.121,5.69,6.38,2.71,
776,100,3,59.4,0.4,54.5,3.41,1e-06,0.05,120,center,center,True,99.7,3,3,0.25199814643040314,0.5019941697175407,4.4778618673689445,9.605162570590515,10.268,6.854,4.478,4.812,2.789,
774,100,3,86.2,19.1,82.4,4.08,1e-06,0.05,80,0.60,0.45,True,131.3,3,3,0.005203331186292718,0.07213411943243445,0.9044892051836432,0.9774172514035709,4.571,0.495,0.907,16.488,1.678,
768,100,3,52.6,91.5,98.8,3.01,1e-06,0.05,50,0.45,0.55,True,143.20000000000002,3,3,0.023673074775929958,0.15386056926948488,1.605627934389682,1.7312237351379625,3.659,0.647,1.607,7.045,1.654,
772,100,3,84.3,46.0,89.2,3.72,1e-06,0.05,80,0.35,0.40,True,143.0,3,3,0.0023767950741502442,0.04875238531754363,1.0403650422465334,1.2843454440522855,4.817,1.097,1.041,7.23,1.746,
769,100,3,11.7,99.1,94.3,1.04,1e-06,0.05,50,0.60,0.45,True,153.60000000000002,3,3,3.7131652465231686,1.9269575103056031,4.090189796450532,4.2371740849638195,2.147,1.106,4.375,10.64,2.365,
790,100,3,2.1,14.8,10.2,3.15,1e-06,0.1,50,0.60,0.58,True,12.3,3,1,0.015162182446945543,0.12313481411422825,2.1613270944082834,4.583400341596072,6.97,3.817,2.163,2.599,2.088,
714,100,3,89.8,7.3,84.8,1.52,1e-05,0.1,80,0.60,0.45,False,900.0,0,1,nan,nan,7.0711881265836976,8.722816387815966,22.874,21.358,7.071,171.781,3.505,vittima non trovata entro 15 minuti
777,100,3,69.0,50.8,78.7,2.98,1e-06,0.05,120,0.35,0.40,True,130.9,3,3,0.041677087030388464,0.20414966821033156,2.3978941513353664,3.2069732500432493,5.49,2.513,2.401,4.13,1.951,
781,100,3,34.0,37.1,43.3,4.29,1e-06,0.1,25,center,center,True,90.30000000000001,3,3,0.01083953546453465,0.10411308978478474,1.0924222024319645,1.344066348096179,5.76,1.472,1.094,17.35,1.651,
796,100,3,9.6,6.0,4.8,4.24,1e-06,0.1,120,center,center,True,0.30000000000000004,3,2,0.01715613613782658,0.13098143432497056,4.791343969624411,5.457294486623374,4.159,0.076,4.792,4.779,2.849,
788,100,3,5.7,36.8,31.8,2.69,1e-06,0.1,50,0.45,0.55,True,64.5,3,3,0.006141170630071507,0.0783656214807967,0.6194290224460115,1.597356236969309,4.214,1.528,0.624,1.961,1.834,
716,100,3,94.5,14.0,90.0,1.18,1e-05,0.1,120,center,center,False,900.0,0,3,3.52958793664482,1.8787197600080807,2.922435083763466,3.058262697152304,0.278,0.901,3.227,400.129,2.945,vittima non trovata entro 15 minuti
778,100,3,43.3,69.7,75.1,3.65,1e-06,0.05,120,0.45,0.55,True,132.1,3,3,0.033968309395986364,0.1843049358969704,1.2414099003758394,2.027765720935124,5.568,1.919,1.245,7.237,1.856,
784,100,3,63.5,79.6,94.8,4.75,1e-06,0.1,25,0.60,0.45,True,114.80000000000001,3,3,0.020195693151548042,0.1421115517878404,1.4012294047765665,1.727378574251784,5.696,0.942,1.406,19.196,1.739,
780,100,3,30.9,86.6,85.6,1.57,1e-06,0.05,120,0.60,0.58,True,122.10000000000001,3,3,1.1379834174383914,1.066763055902477,1.3669051803238474,2.9847202812531823,-1.111,2.685,1.63,9.106,1.911,
794,100,3,8.5,36.7,31.9,4.93,1e-06,0.1,80,0.60,0.45,True,63.800000000000004,3,3,2.205018211914488,1.4849303727496748,1.4835119811077617,2.727542164039956,1.96,2.966,1.523,2.465,1.695,
694,100,3,75.6,83.2,105.4,3.36,1e-05,0.05,80,0.60,0.45,False,900.0,2,2,3.2786495221942378,1.810704150929753,57.1597560874782,57.17068805282295,-21.81,25.165,57.162,176.724,3.252,vittima non trovata entro 15 minuti
786,100,3,44.0,53.7,62.4,1.24,1e-06,0.1,50,center,center,True,108.2,3,3,0.0016212653468859672,0.04026493942483916,1.3996722244106716,2.1175505876795997,3.699,2.459,1.4,23.107,1.825,
787,100,3,46.6,47.1,59.2,1.29,1e-06,0.1,50,0.35,0.40,True,121.60000000000001,3,3,0.6530161713707199,0.8080941599657306,0.9931164584972557,1.0996899652067402,0.582,0.708,1.24,30.309,1.817,
791,100,3,45.5,69.0,75.7,2.63,1e-06,0.1,80,center,center,True,119.7,3,3,0.39758630510975446,0.6305444513353158,0.5276855714339951,0.8806964071742759,3.556,0.921,0.78,3.959,2.401,
793,100,3,84.8,88.0,115.1,1.89,1e-06,0.1,80,0.45,0.55,True,135.6,3,3,0.052168155365939314,0.2284034924556525,3.690807706534996,5.423166815138119,6.306,4.415,3.691,15.17,2.703,
801,100,3,9.4,43.4,38.7,2.79,1e-05,0.05,25,center,center,True,68.2,3,2,0.0026695065096127763,0.051667267293836784,1.549778928586369,1.9068015981779176,4.952,2.162,1.55,6.003,1.749,
799,100,3,43.1,83.9,87.6,1.11,1e-06,0.1,120,0.60,0.45,True,115.9,3,3,0.03683093203804469,0.19191386619534476,3.7050269019497426,6.640137442282149,-6.872,7.982,3.705,4.074,2.46,
713,100,3,40.8,31.7,44.7,3.98,1e-05,0.1,80,0.45,0.55,False,900.0,2,2,4.758766378237974,2.1814596898035896,32.74654018890046,33.176966332899035,2.125,1.857,32.818,260.593,3.806,vittima non trovata entro 15 minuti
802,100,3,71.3,4.3,66.3,4.71,1e-05,0.05,25,0.35,0.40,True,104.5,3,1,0.008582424182741095,0.09264137403310194,1.3759367796249904,2.0967896002392794,6.695,1.986,1.377,7.613,1.558,
803,100,3,49.8,12.0,45.4,3.49,1e-05,0.05,25,0.45,0.55,True,76.4,3,2,0.5647469308086033,0.7514964609421679,6.122992500424752,9.337687468864186,8.251,4.761,6.156,6.463,2.278,
809,100,3,5.3,27.6,22.6,1.09,1e-05,0.05,50,0.60,0.45,True,40.7,3,2,3.3208767535659005,1.8223272904629126,3.039676559932326,4.391161278019321,3.015,1.923,3.106,3.93,2.199,
795,100,3,81.5,8.3,76.6,2.62,1e-06,0.1,80,0.60,0.58,True,144.3,3,3,0.006248773632636103,0.07904918489545672,2.214723415046618,9.842666631269196,-7.684,10.301,2.216,21.502,1.704,
800,100,3,70.4,74.2,95.2,1.46,1e-06,0.1,120,0.60,0.58,True,128.70000000000002,3,3,0.01729945563196441,0.13152739498661262,0.6381274615904612,3.3815782464939703,-1.9,3.359,0.652,3.621,1.765,
806,100,3,54.7,53.2,69.3,2.38,1e-05,0.05,50,center,center,True,104.10000000000001,3,3,0.3768890316241295,0.6139128860222186,0.6296729632409073,1.0213843435577281,3.325,0.944,0.877,6.093,2.073,
805,100,3,71.3,14.9,67.1,1.87,1e-05,0.05,25,0.60,0.58,True,104.5,3,2,0.017925210698161647,0.13388506525435034,0.8808083991491771,1.0880993324619521,0.991,0.876,0.887,4.566,1.812,
729,100,3,44.0,91.0,94.4,4.61,1e-07,0.05,50,0.60,0.45,False,900.0,0,3,6.7020676167860795,2.5888351853268063,3.9616101880533816,4.003247453431195,32.493,27.887,4.727,369.177,2.403,vittima non trovata entro 15 minuti
808,100,3,19.8,34.7,33.2,2.38,1e-05,0.05,50,0.45,0.55,True,62.2,3,3,0.012976345691714183,0.11391376427681679,1.292442219854318,2.2940530491723723,4.212,1.835,1.296,4.605,1.755,
817,100,3,23.0,18.5,22.5,4.58,1e-05,0.05,120,0.35,0.40,True,35.9,3,3,0.047432364692786,0.2177897258659967,0.827402066242085,1.6690868506111738,6.305,1.72,0.854,1.257,1.87,
798,100,3,98.7,19.6,94.8,2.99,1e-06,0.1,120,0.45,0.55,True,182.20000000000002,3,3,0.016020389729912946,0.12657167822981943,1.0240148981535129,2.9166521790014075,5.721,2.731,1.026,11.818,1.842,
810,100,3,18.2,92.5,88.5,1.08,1e-05,0.05,50,0.60,0.58,True,100.30000000000001,3,3,0.01721805962420929,0.13121760409415076,1.2082801338014075,2.4188886752655394,3.175,2.095,1.213,10.769,1.751,
811,100,3,37.2,27.1,39.0,2.04,1e-05,0.05,80,center,center,True,91.7,3,2,0.6421778375716979,0.8013599924950695,2.850792640948526,7.0715727233166445,-6.423,8.464,2.855,4.715,2.061,
812,100,3,56.0,33.5,58.4,1.85,1e-05,0.05,80,0.35,0.40,True,93.30000000000001,3,2,0.009155148505778352,0.09568254023476985,1.066182716619603,2.247531430282851,4.148,2.294,1.066,3.743,1.698,
807,100,3,3.6,49.1,44.1,2.01,1e-05,0.05,50,0.35,0.40,True,140.20000000000002,3,2,41.33775744041015,6.429444567022112,5.2392112532236315,10.984734044159573,8.937,6.928,5.24,6.04,2.118,
815,100,3,92.5,91.4,123.0,4.35,1e-05,0.05,80,0.60,0.58,True,110.5,3,3,0.039132353377101796,0.19781899144698367,3.7468731225490832,3.9667570897651143,19.395,15.046,3.747,9.264,2.753,
814,100,3,9.6,94.5,89.6,2.94,1e-05,0.05,80,0.60,0.45,True,115.0,3,3,0.004752305982535095,0.0689369710861675,0.4569096023791796,1.0898051005289233,3.929,0.989,0.46,7.073,1.64,
819,100,3,39.5,7.5,34.6,4.1,1e-05,0.05,120,0.60,0.45,True,86.4,3,2,6.137892781198118,2.4774771000350575,3.9273175152729127,7.733053827634705,-5.06,9.155,3.932,3.048,2.467,
816,100,3,24.0,86.5,83.7,5.0,1e-05,0.05,120,center,center,True,106.4,3,3,0.020802048656099765,0.14422915328081132,0.8157248747597545,1.2735330089498094,6.365,1.369,0.824,5.855,1.828,
820,100,3,36.4,4.6,31.4,2.16,1e-05,0.05,120,0.60,0.58,True,81.2,3,2,2.3793570005053137,1.5425164506433355,3.2931242735571282,3.816478875827179,-0.086,2.243,3.591,2.602,2.586,
821,100,3,40.4,73.6,77.2,3.98,1e-05,0.1,25,center,center,True,88.30000000000001,3,3,0.1479732055656439,0.38467285524929345,1.70963097764855,2.1966600473982534,5.77,1.791,1.711,7.448,2.546,
818,100,3,33.9,16.7,31.2,3.87,1e-05,0.05,120,0.45,0.55,True,95.5,3,2,0.2841654438757858,0.5330717061294716,5.7124419431060165,7.986315111094206,10.438,6.573,5.716,12.466,2.831,
715,100,3,75.3,92.2,112.0,4.21,1e-05,0.1,80,0.60,0.58,False,900.0,2,3,4722.22581140155,68.71845320873827,100.27450617971934,100.49999058257725,10.935,6.728,101.509,463.612,3.157,vittima non trovata entro 15 minuti
828,100,3,16.3,10.0,12.3,1.9,1e-05,0.1,50,0.45,0.55,True,15.700000000000001,3,3,0.4411970413244318,0.6642266490622247,2.6510461674213115,6.394129495002297,7.922,6.026,2.651,3.066,2.152,
822,100,3,46.1,9.0,41.3,4.85,1e-05,0.1,25,0.35,0.40,True,85.0,3,2,0.2109478719570983,0.45929061818972344,4.009171965464364,4.50817924030588,7.923,3.068,4.011,14.817,1.906,
813,100,3,93.2,15.7,88.9,2.83,1e-05,0.05,80,0.45,0.55,True,159.0,3,3,0.0007237415002156863,0.02690244413089053,0.05986344515860653,0.9614266699104638,3.791,0.96,0.063,2.755,1.708,
702,100,3,65.4,98.4,111.2,2.34,1e-05,0.1,25,0.35,0.40,False,900.0,0,3,1745.0756365872576,41.77410246297648,116.55785841909317,119.1919571282932,23.714,21.379,116.732,733.757,3.257,vittima non trovata entro 15 minuti
823,100,3,2.6,35.3,30.4,1.09,1e-05,0.1,25,0.45,0.55,True,72.8,3,2,0.39191637969247706,0.6260322513197519,2.670720531773102,5.09223660388835,6.187,5.095,2.672,12.638,2.209,
824,100,3,46.3,42.5,55.8,4.18,1e-05,0.1,25,0.60,0.45,True,95.4,3,3,0.01292782534235943,0.11370059517152682,1.060495250902224,1.0899814723691266,4.306,0.129,1.064,11.734,1.825,
826,100,3,49.2,70.1,78.7,4.05,1e-05,0.1,50,center,center,True,106.4,3,3,1.3970857120146032,1.181983803617716,3.7226701214450695,8.452253560619361,-6.095,10.145,3.729,1.678,2.105,
830,100,3,24.8,32.8,34.1,2.36,1e-05,0.1,50,0.60,0.58,True,70.2,3,3,0.7296984552389628,0.8542238905807791,2.0972124327711357,4.84639514607823,-2.68,5.041,2.098,8.927,2.034,
827,100,3,42.2,50.9,59.0,3.43,1e-05,0.1,50,0.35,0.40,True,95.7,3,3,0.009675519390208179,0.0983642180379033,0.33450688966449915,0.4667648552346398,3.626,0.196,0.336,5.375,1.791,
839,100,3,22.7,4.4,17.7,3.67,1e-05,0.1,120,0.60,0.45,True,29.0,3,3,0.19181670971156906,0.437968845594717,2.7057083969025033,7.793473061956513,11.263,7.596,2.72,3.425,3.636,
741,100,3,96.4,28.5,94.4,4.4,1e-07,0.1,25,center,center,False,900.0,1,3,27.476190192054318,5.241773573138611,0.9625627888051251,1.030983410868741,4.035,0.369,4.703,420.461,3.199,vittima non trovata entro 15 minuti
825,100,3,78.6,54.7,88.9,1.75,1e-05,0.1,25,0.60,0.58,True,132.8,3,3,0.05974793691689594,0.2444339111434744,2.2492242298199243,5.314307299882163,7.159,5.413,2.252,8.429,1.722,
744,100,3,91.6,52.6,98.9,3.99,1e-07,0.1,25,0.60,0.45,False,900.0,0,3,25.978829538031256,5.096943156248778,2.377649458279728,3.33904075092471,6.334,2.344,5.593,627.86,3.328,vittima non trovata entro 15 minuti
834,100,3,48.1,71.1,78.9,3.71,1e-05,0.1,80,0.60,0.45,True,97.0,3,3,0.154853569173394,0.39351438242254116,7.570272916452943,12.316181687693108,-11.314,15.021,7.572,7.926,2.61,
732,100,3,77.0,18.2,73.2,2.52,1e-07,0.05,80,0.35,0.40,False,900.0,2,2,2.6035869312196094,1.6135634264631835,14.383559421001358,14.387242095065426,6.472,3.956,14.418,278.538,5.207,vittima non trovata entro 15 minuti
831,100,3,31.3,83.5,82.8,1.58,1e-05,0.1,80,center,center,True,100.0,3,3,1.760748510053125,1.32693199149509,1.826257890815634,1.9293573446436956,2.734,1.154,1.982,4.504,3.135,
835,100,3,52.2,68.8,79.3,1.33,1e-05,0.1,80,0.60,0.58,True,102.4,3,3,0.056012771586304286,0.2366701746868504,3.655222783427501,9.503168792249653,-8.663,9.997,3.656,12.135,2.261,
836,100,3,64.0,44.3,70.9,3.66,1e-05,0.1,120,center,center,True,105.60000000000001,3,3,0.061385087995445585,0.24776014206374194,0.56111087518459,0.571319181416993,3.158,0.497,0.57,3.512,2.033,
837,100,3,38.8,24.9,39.2,1.99,1e-05,0.1,120,0.35,0.40,True,101.0,3,2,1.1098053617032186,1.0534729999877637,0.9522978527561792,1.0040795879029343,1.616,0.378,1.41,19.153,1.762,
838,100,3,73.0,56.5,85.3,2.03,1e-05,0.1,120,0.45,0.55,True,111.60000000000001,3,3,0.01491427551417983,0.12212401694253194,0.1926247707725617,0.8780143486254667,2.798,0.763,0.199,13.295,1.99,
844,100,3,22.3,38.9,38.1,2.89,1e-07,0.05,25,0.60,0.45,True,77.80000000000001,3,3,0.01323116875147382,0.11502681753171223,4.391323258568106,10.119720116435625,-8.762,11.649,4.391,2.64,1.531,
840,100,3,24.7,54.2,53.0,3.29,1e-05,0.1,120,0.60,0.58,True,89.30000000000001,3,3,0.006676363534565593,0.08170901746175628,2.6335044161920593,10.634693303127689,-7.954,11.244,2.634,10.39,1.709,
842,100,3,12.9,49.9,45.6,2.29,1e-07,0.05,25,0.35,0.40,True,103.5,3,3,0.7430324758814183,0.8619933154505424,2.824114304873283,5.192413071288903,6.679,4.393,2.826,7.434,2.769,
845,100,3,58.6,39.8,63.9,3.26,1e-07,0.05,25,0.60,0.58,True,105.4,3,3,0.17297659072886906,0.4159045452130441,1.7169507633945214,9.215302933054572,-6.38,9.643,1.717,8.705,2.252,
841,100,3,19.2,56.9,53.8,3.95,1e-07,0.05,25,center,center,True,127.2,3,3,0.002812469367921161,0.05303271978619578,0.795750839500902,1.515921823358443,5.633,1.686,0.797,6.317,1.793,
848,100,3,23.1,48.7,47.3,4.45,1e-07,0.05,50,0.45,0.55,True,97.60000000000001,3,3,0.13894166343471565,0.3727487940083987,3.3323384972472514,3.9749125236738396,7.265,2.819,3.333,3.226,2.655,
773,100,3,93.9,65.9,107.8,2.01,1e-06,0.05,80,0.45,0.55,False,900.0,0,3,88.70415226507706,9.418288181250192,13.823498127427884,16.835950031585263,21.001,18.994,15.578,244.026,3.172,vittima non trovata entro 15 minuti
849,100,3,50.9,52.3,65.9,2.82,1e-07,0.05,50,0.60,0.45,True,104.10000000000001,3,3,1.7044492254349155,1.3055455662039972,3.1794283128439114,8.148742002812622,8.446,5.629,3.209,3.509,2.361,
847,100,3,1.4,71.2,66.3,4.71,1e-07,0.05,50,0.35,0.40,True,114.9,3,3,0.4028427160852263,0.6346989176650818,4.021871724828736,12.003423435258737,-8.515,13.23,4.027,3.024,2.182,
748,100,3,87.7,8.8,82.8,2.67,1e-07,0.1,50,0.45,0.55,False,900.0,2,3,4.085717124150559,2.0213156913630685,1.218087694163854,10.372557529557225,-8.038,10.708,1.699,157.791,2.335,vittima non trovata entro 15 minuti
852,100,3,53.7,23.5,52.1,1.65,1e-07,0.05,80,0.35,0.40,True,101.7,3,3,0.25125674222802347,0.5012551667843669,4.163926614578312,7.775207905058105,8.016,6.366,4.166,9.978,2.602,
851,100,3,52.3,51.3,66.2,3.27,1e-07,0.05,80,center,center,True,118.30000000000001,3,3,0.17016298135664246,0.41250815913947986,2.8493592379387844,3.7543358313572033,7.277,4.002,2.851,8.57,1.826,
850,100,3,31.4,77.0,76.7,4.11,1e-07,0.05,50,0.60,0.58,True,132.9,3,3,0.11354815077321957,0.33696906500926693,1.768080051781605,2.9659265368851537,6.996,2.889,1.769,11.699,2.046,
762,100,3,84.3,22.2,81.2,1.72,1e-06,0.05,25,0.35,0.40,False,900.0,1,3,22.43783571276743,4.736859266725943,40.34900598622528,41.857693397526795,23.14,21.424,40.464,265.223,3.486,vittima non trovata entro 15 minuti
854,100,3,36.4,48.1,53.4,4.01,1e-07,0.05,80,0.60,0.45,True,108.80000000000001,3,3,0.13584324900397454,0.36856919160989915,3.474545518782539,10.110024448915407,-7.371,11.381,3.476,0.812,2.338,
865,100,3,21.2,1.0,16.6,4.18,1e-07,0.1,25,0.60,0.58,True,28.6,3,3,0.5661511698888865,0.7524301760887095,3.373578310280028,5.353526943157159,8.272,4.093,3.446,4.355,3.171,
855,100,3,17.6,57.5,54.0,2.41,1e-07,0.05,80,0.60,0.58,True,118.7,3,3,0.012707484791614423,0.1127274801972191,0.331943054197029,2.8654409941049703,-0.347,2.76,0.346,11.294,1.692,
863,100,3,12.9,30.2,26.4,2.93,1e-07,0.1,25,0.45,0.55,True,64.5,3,3,0.017093927424400277,0.13074374717132853,0.6758916507795153,1.2513724786344018,3.955,1.024,0.68,4.188,1.78,
766,100,3,95.1,15.0,90.7,4.43,1e-06,0.05,50,center,center,False,900.0,1,3,10.55617378507358,3.2490265903918947,1.2681219662085115,1.4486548037271316,3.732,0.7,3.258,287.296,3.747,vittima non trovata entro 15 minuti
843,100,3,95.5,82.0,118.8,3.26,1e-07,0.05,25,0.45,0.55,True,227.4,3,3,0.010703548533551491,0.10345795539034923,0.2808954940652432,0.6850654490733771,3.886,0.625,0.294,11.275,2.222,
782,100,3,26.3,98.5,95.9,1.04,1e-06,0.1,25,0.35,0.40,False,900.0,1,3,123.28847800526796,11.103534482554101,9.03111948929491,9.280174210736247,21.47,20.433,12.223,451.697,3.169,vittima non trovata entro 15 minuti
761,100,3,90.1,55.2,98.8,3.88,1e-06,0.05,25,center,center,False,900.0,2,3,511.6072847337998,22.61873746993408,26.656434689778493,30.133436706943428,17.934,14.052,30.428,235.826,2.914,vittima non trovata entro 15 minuti
859,100,3,64.1,17.6,60.5,4.39,1e-07,0.05,120,0.60,0.45,True,113.5,3,3,1.8423524425759552,1.3573328414858146,5.392177690357052,5.522064851454088,2.198,2.195,5.456,5.107,2.569,
856,100,3,93.7,82.6,117.9,3.82,1e-07,0.05,120,center,center,True,182.10000000000002,3,3,0.008169203553731217,0.09038364649498944,1.2865166723616335,1.3026361983981027,3.616,0.204,1.287,14.954,1.737,
861,100,3,90.1,1.0,85.2,4.86,1e-07,0.1,25,center,center,True,126.60000000000001,3,3,3.1218988980417928,1.7668896111647137,3.6827770817994003,3.704380586494576,4.464,0.399,3.748,24.07,2.976,
860,100,3,13.9,83.9,79.4,3.59,1e-07,0.05,120,0.60,0.58,True,138.6,3,3,0.0065952791952772075,0.0812113243044171,0.8180922060914052,1.9199115096873174,5.527,1.932,0.822,16.556,1.815,
862,100,3,71.3,72.2,94.4,3.4,1e-07,0.1,25,0.35,0.40,True,142.20000000000002,3,3,0.2290540103768709,0.4785958737566287,4.325012493714446,5.143079986308456,7.772,4.373,4.328,15.039,2.342,
746,100,3,3.4,65.0,60.0,1.3,1e-07,0.1,50,center,center,False,900.0,0,3,0.9121654122475222,0.955073511436435,4.526109164679295,8.959942413473788,11.829,10.525,4.527,217.671,3.739,vittima non trovata entro 15 minuti
864,100,3,60.5,95.5,106.2,1.71,1e-07,0.1,25,0.60,0.45,True,134.5,3,3,12.417476968507152,3.523844061320982,0.8444005123569581,1.4200949483302474,0.565,1.142,3.453,25.175,2.743,
779,100,3,2.9,45.6,40.7,4.8,1e-06,0.05,120,0.60,0.45,False,900.0,2,2,0.0658770173765346,0.25666518536126903,9.920055379765607,11.128405438363261,12.588,7.784,9.923,159.921,3.357,vittima non trovata entro 15 minuti
866,100,3,38.7,72.0,75.0,4.35,1e-07,0.1,50,center,center,True,114.7,3,3,0.0021966091087466826,0.04686799663679559,1.6082939399481442,1.8062059441406735,2.661,1.689,1.609,19.344,1.848,
876,100,3,1.9,41.0,36.1,2.74,1e-07,0.1,120,center,center,True,81.0,3,3,0.0026564317862811885,0.05154058387602132,0.6830991843805319,1.3547803273542145,4.147,1.407,0.685,1.394,1.753,
871,100,3,15.6,70.5,66.3,4.19,1e-07,0.1,80,center,center,True,117.7,3,3,0.0041652180029072014,0.06453850016003781,1.9030044886928223,1.9347746818501146,5.075,0.889,1.903,5.254,2.233,
868,100,3,85.5,40.6,88.0,1.62,1e-07,0.1,50,0.45,0.55,True,164.9,3,3,4.048335483713904,2.012047584853277,1.964650033622071,2.4949874735150277,2.345,0.727,2.047,19.718,1.558,
870,100,3,77.3,98.2,117.9,4.62,1e-07,0.1,50,0.60,0.58,True,141.70000000000002,3,3,0.4513152526561861,0.6718000094196085,2.4538557868595263,2.645984389823784,5.605,0.99,2.456,3.724,2.86,
872,100,3,81.8,51.4,89.8,2.66,1e-07,0.1,80,0.35,0.40,True,129.5,3,3,0.008746801324229673,0.09352433546531978,0.17039907749128702,1.0077047716222995,3.659,0.999,0.175,18.108,1.668,
783,100,3,62.9,36.2,65.8,1.16,1e-06,0.1,25,0.45,0.55,False,900.0,0,3,57.016111462445025,7.550901367548448,9.81777495516842,10.709069969781075,5.607,4.446,11.04,633.828,3.39,vittima non trovata entro 15 minuti
767,100,3,60.4,6.0,55.4,1.54,1e-06,0.05,50,0.35,0.40,False,900.0,2,2,9.196935703316726,3.0326450012022055,1.7823924001980957,2.584442978917166,-0.5,2.039,3.094,65.205,6.257,vittima non trovata entro 15 minuti
874,100,3,43.5,31.4,46.7,4.89,1e-07,0.1,80,0.60,0.45,True,112.4,3,3,0.009357317103908977,0.09673322647316679,7.189666019547796,13.569920911598782,-11.075,15.961,7.19,10.518,2.467,
875,100,3,60.6,86.0,98.2,1.12,1e-07,0.1,80,0.60,0.58,True,138.20000000000002,3,3,0.022265709346162406,0.14921698745840706,0.6202188668837507,3.638286835157549,-2.569,3.694,0.638,1.967,1.561,
879,100,3,54.0,12.3,49.6,4.25,1e-07,0.1,120,0.60,0.45,True,84.10000000000001,3,3,2.3599102103476217,1.5361999252530973,4.856559996194198,4.876564067436825,2.06,2.189,5.091,5.979,2.756,
893,100,3,12.8,8.9,8.7,4.55,1e-06,0.05,80,0.45,0.55,True,11.0,3,1,0.048646855413994945,0.22056032148597116,2.7182559345550112,4.892605404256343,8.35,3.796,2.719,2.968,2.069,
877,100,3,41.8,40.4,51.0,4.24,1e-07,0.1,120,0.35,0.40,True,121.60000000000001,3,3,0.013205177049193637,0.1149137809368121,2.2236533294462317,11.583733042450453,-7.96,12.201,2.226,23.679,1.545,
887,100,3,26.5,9.5,22.0,3.06,1e-06,0.05,50,0.35,0.40,True,44.2,3,3,0.13312820988200902,0.3648673867064704,2.9210481672837116,4.311238426981024,7.049,3.993,2.927,2.742,1.884,
888,100,3,38.8,2.3,33.9,1.66,1e-06,0.05,50,0.45,0.55,True,57.1,3,3,0.4445915871379515,0.6667770145543047,4.852439628048255,11.333127063898445,10.997,9.339,4.88,4.692,3.2,
878,100,3,58.7,89.9,100.5,1.85,1e-07,0.1,120,0.45,0.55,True,137.8,3,3,0.0058743257912608725,0.07664415040471695,0.6244039523381724,1.964597923110926,6.497,4.649,0.628,13.089,1.58,
873,100,3,99.6,83.0,122.6,1.2,1e-07,0.1,80,0.45,0.55,True,155.10000000000002,3,3,0.3237194121254697,0.5689634541211498,4.030829763793898,4.3076898094515546,2.721,1.519,4.031,14.635,3.222,
880,100,3,72.1,41.6,76.4,3.31,1e-07,0.1,120,0.60,0.58,True,126.30000000000001,3,3,0.1051181795693685,0.3242193386727086,4.3890430708647115,10.52136422430456,-8.72,12.026,4.389,5.763,2.604,
885,100,3,14.8,50.7,46.7,3.77,1e-06,0.05,25,0.60,0.58,True,97.9,3,3,0.8219335444239406,0.9066055065043123,4.424572340919459,8.584349761949973,9.877,6.102,4.44,8.074,2.446,
884,100,3,76.2,78.7,102.5,1.19,1e-06,0.05,25,0.60,0.45,True,138.4,3,3,0.11556182795797111,0.33994386000922433,6.712886963023978,10.560606184608222,-10.745,11.936,6.713,15.377,2.247,
883,100,3,34.1,57.0,59.6,1.39,1e-06,0.05,25,0.45,0.55,True,116.0,3,3,0.002953256854804504,0.05434387596412777,2.345912145436624,4.297730649096891,5.542,4.154,2.347,8.445,1.794,
895,100,3,7.4,30.1,25.2,3.1,1e-06,0.05,80,0.60,0.58,True,50.400000000000006,3,3,0.027773530890698894,0.16665392551841943,1.5699797859759141,10.331319776806636,-7.432,10.534,1.573,2.45,1.813,
891,100,3,24.2,31.0,32.3,3.37,1e-06,0.05,80,center,center,True,80.10000000000001,3,3,0.003368690277544888,0.05804041934328945,1.664922132518189,1.9213847998970652,5.517,2.148,1.665,6.167,1.908,
898,100,3,23.4,15.8,21.4,4.16,1e-06,0.05,120,0.45,0.55,True,45.800000000000004,3,3,3.693959972118905,1.921967734411508,2.5762532577824664,3.0105242628744167,2.687,1.474,2.975,4.143,2.633,
886,100,3,54.0,37.3,58.7,1.17,1e-06,0.05,50,center,center,True,95.5,3,3,7.941157305827456,2.8180059094734804,5.570312370772112,5.580552048088629,-0.883,2.055,6.173,4.051,3.134,
889,100,3,71.8,10.3,67.0,2.07,1e-06,0.05,50,0.60,0.45,True,115.4,3,3,2.448004237749475,1.5646099315003323,3.6227386557061516,5.1332087316852855,3.657,1.586,3.913,5.801,2.785,
902,100,3,1.6,31.5,26.7,3.39,1e-06,0.1,25,0.35,0.40,True,57.1,3,3,0.03567928803834902,0.18888961866219386,2.6169925981568247,7.019156835683768,9.754,6.368,2.617,4.464,2.643,
804,100,3,95.0,79.8,117.1,1.8,1e-05,0.05,25,0.60,0.45,False,900.0,1,3,2569.433709748067,50.689581865981765,23.33426114600942,23.438446626642904,4.012,2.207,40.691,217.738,2.619,vittima non trovata entro 15 minuti
894,100,3,53.0,67.1,78.5,3.89,1e-06,0.05,80,0.60,0.45,True,116.7,3,3,3.4533474122106798,1.8583184367084882,2.552108335590189,3.036266832305595,4.471,0.583,2.966,6.568,2.362,
890,100,3,74.5,27.0,72.9,2.4,1e-06,0.05,50,0.60,0.58,True,121.10000000000001,3,3,0.23622252173423391,0.4860272849688934,5.474817440549457,8.270514738442461,9.223,6.823,5.475,23.443,2.594,
910,100,3,13.6,23.1,20.0,2.25,1e-06,0.1,50,0.60,0.58,True,32.1,3,3,1.8024970352200536,1.3425710540675504,0.7437951755948814,4.9188244992560595,-2.738,4.986,1.152,1.405,1.9,
909,100,3,14.1,35.8,32.2,3.84,1e-06,0.1,50,0.60,0.45,True,65.3,3,3,0.032846883917994195,0.18123709310732777,0.9116987311421032,3.374383687355117,6.911,3.075,0.926,2.025,1.786,
899,100,3,70.6,85.7,104.0,4.59,1e-06,0.05,120,0.60,0.45,True,133.6,3,3,0.054635237497728764,0.23374181803376298,4.417808559535549,5.450230747463408,7.27,2.682,4.418,9.919,2.5,
789,100,3,31.2,92.7,91.6,1.83,1e-06,0.1,50,0.60,0.45,False,900.0,2,3,232.00058884742242,15.231565541579185,19.068684555927806,19.15493219177513,3.641,1.816,21.17,378.151,2.878,vittima non trovata entro 15 minuti
900,100,3,26.7,59.6,58.8,3.66,1e-06,0.05,120,0.60,0.58,True,114.30000000000001,3,3,0.3487835257195725,0.5905789750063682,2.3982021638291973,8.71177191143595,-5.592,9.254,2.414,7.711,1.794,
905,100,3,31.1,60.1,61.0,2.23,1e-06,0.1,25,0.60,0.58,True,98.10000000000001,3,3,0.11429243787026253,0.3380716460608055,1.8917175634493641,6.743865675844508,-5.08,7.313,1.894,7.025,2.037,
901,100,3,38.5,40.3,48.7,4.61,1e-06,0.1,25,center,center,True,106.4,3,3,0.01814880360581444,0.13471749554461898,1.0257100769806604,1.1986331127135028,5.747,1.133,1.03,19.116,1.819,
897,100,3,89.3,33.7,89.1,4.54,1e-06,0.05,120,0.35,0.40,True,149.6,3,3,0.05220356890711862,0.22848100338347305,0.7902467864304101,0.8031406305580528,4.368,0.176,0.819,6.283,2.595,
914,100,3,28.5,16.0,25.9,1.91,1e-06,0.1,80,0.60,0.45,True,55.6,3,3,0.13607782982926403,0.368887286077013,6.1946985331923825,10.165566289135512,-10.047,11.956,6.195,4.974,2.736,
792,100,3,0.2,47.1,42.3,4.33,1e-06,0.1,80,0.35,0.40,False,900.0,0,2,0.02269882847345052,0.150661303835625,1.2499179763358685,1.2530105138720036,4.468,0.137,1.254,138.043,3.154,vittima non trovata entro 15 minuti
892,100,3,21.2,90.7,87.2,4.53,1e-06,0.05,80,0.35,0.40,True,186.0,3,3,16.980996273288326,4.120800440847424,3.126191277956027,3.130535809084561,4.693,0.165,5.147,13.117,2.409,
912,100,3,23.7,43.5,42.9,2.91,1e-06,0.1,80,0.35,0.40,True,110.60000000000001,3,3,0.28171967798967307,0.5307727178272006,1.2153380336599784,2.5108135802258627,5.338,2.425,1.309,13.507,2.025,
907,100,3,66.2,29.0,65.8,3.11,1e-06,0.1,50,0.35,0.40,True,183.5,3,3,0.07260052376563275,0.26944484364268834,0.8885450437687158,1.618066711840279,4.633,1.522,0.924,36.797,2.415,
924,100,3,67.6,29.6,67.3,4.61,1e-05,0.05,25,0.60,0.45,True,96.10000000000001,3,1,0.006100554108925634,0.07810604399741185,1.1194853080290161,1.26493664225429,4.139,0.47,1.12,5.288,1.715,
920,100,3,89.0,16.3,84.8,2.57,1e-06,0.1,120,0.60,0.58,True,122.30000000000001,3,3,0.003723772546812479,0.061022721561828745,0.39748801218627217,3.142121684546217,5.624,3.054,0.398,4.701,1.66,
797,100,3,18.2,92.9,88.9,2.51,1e-06,0.1,120,0.35,0.40,False,900.0,0,3,1.001611303198611,1.0008053273232567,12.16198125098351,12.3806860434568,0.191,2.317,12.187,159.063,4.528,vittima non trovata entro 15 minuti
916,100,3,60.6,82.1,95.1,4.78,1e-06,0.1,120,center,center,True,131.0,3,3,0.004638138632064742,0.06810388118209373,0.7547412223152806,0.8652502871698596,5.448,0.67,0.755,8.091,1.672,
915,100,3,7.2,99.7,94.7,2.51,1e-06,0.1,80,0.60,0.58,True,138.1,3,3,0.31401575708472307,0.5603710887302477,2.7278976219969016,4.1444746697847075,5.632,3.12,2.728,5.72,2.608,
918,100,3,52.3,50.1,65.4,4.64,1e-06,0.1,120,0.45,0.55,True,119.30000000000001,3,3,0.01651792606525792,0.12852208395936443,0.5566799421985088,0.5709696821401926,4.672,0.037,0.563,14.463,1.907,
923,100,3,21.3,68.8,65.9,2.73,1e-05,0.05,25,0.45,0.55,True,93.80000000000001,3,3,0.0043474551449719295,0.0659352344727152,1.0002642929300312,2.8160867623776538,5.461,2.736,1.001,6.836,1.832,
921,100,3,32.3,72.4,72.7,2.95,1e-05,0.05,25,center,center,True,115.2,3,3,0.025346978140007893,0.15920734323519092,0.7634237337860698,1.411051848607932,4.63,1.676,0.764,21.419,1.978,
925,100,3,51.8,63.7,75.1,1.69,1e-05,0.05,25,0.60,0.58,True,102.9,3,3,0.03216244682803299,0.17933891610030708,3.365124210105597,8.116317592996799,-6.982,8.67,3.365,4.241,1.885,
853,100,3,93.6,23.5,90.5,2.16,1e-07,0.05,80,0.45,0.55,False,900.0,0,3,17.330487393719793,4.162990198609624,3.8248715880877304,4.023124509055124,3.41,1.247,5.645,289.716,2.484,vittima non trovata entro 15 minuti
926,100,3,54.6,88.8,97.4,1.33,1e-05,0.05,50,center,center,True,95.2,3,3,0.09046253336580184,0.3007699010303422,1.3305070611477368,3.8638725817458845,-3.179,4.507,1.356,4.207,1.84,
832,100,3,48.3,13.3,44.1,2.0,1e-05,0.1,80,0.35,0.40,False,900.0,2,2,103.89264907575658,10.192774356168028,73.79454842033,75.31271931201886,45.197,43.192,73.803,591.278,3.187,vittima non trovata entro 15 minuti
927,100,3,69.6,5.8,64.6,2.47,1e-05,0.05,50,0.35,0.40,True,102.5,3,1,0.008748596044232695,0.09353392990905864,0.9737529803220498,1.013761186303901,2.122,0.346,0.974,11.196,1.627,
934,100,3,28.6,74.5,73.4,1.24,1e-05,0.05,80,0.60,0.45,True,74.4,3,3,0.3439303000453508,0.5864557102163391,1.0475410586150875,1.0621064529531994,0.514,0.722,1.078,1.281,2.628,
932,100,3,31.4,4.4,26.4,2.29,1e-05,0.05,80,0.35,0.40,True,83.80000000000001,3,2,0.01230029483393765,0.11090669427017312,4.265833192108614,4.9802889851892695,6.298,4.004,4.266,5.687,2.357,
930,100,3,77.2,86.7,109.1,4.34,1e-05,0.05,50,0.60,0.58,True,117.2,3,3,0.06966818828367392,0.263947321039017,4.532330445313757,5.171840037385795,6.571,2.23,4.532,11.684,2.372,
931,100,3,56.5,66.3,80.0,2.95,1e-05,0.05,80,center,center,True,108.4,3,3,0.01598250971958747,0.12642195109864215,3.807922167046296,4.2479907402669665,6.589,3.635,3.808,8.929,2.421,
935,100,3,53.1,27.1,52.9,1.19,1e-05,0.05,80,0.60,0.58,True,96.60000000000001,3,3,1.8176551136607562,1.3482044035163052,0.8437729134522995,0.8818574091610484,0.682,0.504,1.324,12.36,2.037,
945,100,3,11.6,6.3,6.8,3.75,1e-05,0.1,25,0.60,0.58,True,0.30000000000000004,3,2,0.7591151865715365,0.871272165612753,6.627061573322033,7.33918648135278,6.95,3.201,6.629,6.611,3.604,
938,100,3,29.9,28.4,34.2,4.05,1e-05,0.05,120,0.45,0.55,True,55.0,3,3,0.3022518346218889,0.549774348821304,2.140407861899519,2.808390861976995,6.476,2.426,2.141,5.125,2.289,
829,100,3,66.7,74.3,92.8,4.9,1e-05,0.1,50,0.60,0.45,False,900.0,2,2,0.15631408539101804,0.39536576153103853,8.007773333721484,8.150950626328319,5.602,0.7,8.008,21.661,4.883,vittima non trovata entro 15 minuti
933,100,3,95.1,74.4,113.7,3.13,1e-05,0.05,80,0.45,0.55,True,124.2,3,3,0.02775304742695847,0.16659245909391718,1.5174181962465394,2.164891091849748,4.674,1.544,1.519,5.338,2.078,
939,100,3,58.7,75.1,88.3,3.22,1e-05,0.05,120,0.60,0.45,True,93.7,3,3,4.811428625913024,2.193496894438883,3.7058261196355518,5.478435515122893,-3.02,6.243,4.127,3.354,2.157,
928,100,3,98.3,57.5,107.1,3.36,1e-05,0.05,50,0.45,0.55,True,168.9,3,2,1.4599597348559512,1.208287935409417,5.797421117455859,7.32458561836622,7.837,4.477,5.804,4.31,2.472,
936,100,3,7.0,94.0,89.0,2.78,1e-05,0.05,120,center,center,False,162.4,3,3,298.078816366649,17.264959205473062,14.036054781400345,34.27469228927942,-6.841,9.624,21.603,19.199,5.284,vittima non trovata entro 15 minuti
940,100,3,43.5,57.8,65.4,2.04,1e-05,0.05,120,0.60,0.58,True,96.5,3,3,2.3133737811122743,1.5209779029007207,2.3179380674927375,4.167492459181578,-2.889,4.933,2.39,9.95,1.834,
943,100,3,80.5,71.4,100.5,2.27,1e-05,0.1,25,0.45,0.55,True,116.9,3,3,0.024418209381466688,0.15626326945724223,1.3733339850030892,5.712437696098847,7.712,5.446,1.378,5.566,1.732,
937,100,3,95.8,64.8,108.7,2.25,1e-05,0.05,120,0.35,0.40,True,187.60000000000002,3,2,0.052359693782156276,0.22882240664357212,1.2368255051740282,5.572902206929051,7.682,5.434,1.244,18.463,1.648,
947,100,3,21.1,49.9,47.7,2.54,1e-05,0.1,50,0.35,0.40,True,92.5,3,3,0.010494227445471876,0.1024413366052585,1.699975173584987,3.0775452840293913,5.727,3.192,1.701,14.445,1.758,
948,100,3,17.2,63.5,59.8,4.65,1e-05,0.1,50,0.45,0.55,True,109.80000000000001,3,3,0.03601964398484883,0.18978841899559845,1.1517714582245597,2.090422668516915,6.607,1.955,1.153,16.091,1.15,
951,100,3,18.6,37.2,35.0,1.11,1e-05,0.1,80,center,center,True,86.80000000000001,3,2,4.750261714034187,2.1795095122605423,1.0608174041945992,2.248163200912706,-1.253,2.368,1.944,6.535,1.775,
950,100,3,95.3,41.6,97.4,4.51,1e-05,0.1,50,0.60,0.58,True,145.1,3,2,14.938927164959466,3.865090835279226,2.5371271050378965,3.572712438732296,7.025,2.515,4.542,17.833,2.799,
846,100,3,59.2,70.4,85.0,1.87,1e-07,0.05,50,center,center,False,900.0,2,3,59.436239746245946,7.709490239065482,5.087756589816559,11.859309471902952,9.146,7.273,5.735,191.577,3.059,vittima non trovata entro 15 minuti
833,100,3,10.5,43.2,38.6,2.29,1e-05,0.1,80,0.45,0.55,False,900.0,2,2,15.427087264989348,3.927733094927575,44.303119450345164,44.564506884049656,7.859,5.565,44.304,264.201,3.354,vittima non trovata entro 15 minuti
952,100,3,52.1,7.0,47.2,1.45,1e-05,0.1,80,0.35,0.40,True,97.0,3,2,1.154046499980402,1.0742655630617608,1.4271739794475875,1.7476254518249326,2.616,1.168,1.635,16.502,2.181,
953,100,3,53.6,32.4,55.8,1.29,1e-05,0.1,80,0.45,0.55,True,97.80000000000001,3,3,1.8057347990217079,1.3437763203084463,1.073272204725163,1.1064029892321345,0.951,0.342,1.629,9.644,2.098,
867,100,3,88.7,62.5,101.5,4.72,1e-07,0.1,50,0.35,0.40,False,900.0,2,3,49.29105067191723,7.020758553882709,1.6439413712221083,3.4428929112826294,7.529,2.807,6.946,313.082,2.946,vittima non trovata entro 15 minuti
959,100,3,17.3,32.3,30.0,1.6,1e-05,0.1,120,0.60,0.45,True,72.10000000000001,3,2,0.038385161655648176,0.19592131495998125,3.8372188662620244,9.467780081515587,-9.024,10.62,3.838,3.889,1.889,
955,100,3,94.3,89.9,123.2,2.85,1e-05,0.1,80,0.60,0.58,True,125.0,3,3,0.20902970676230473,0.4571976670569358,1.4042143615287124,1.531079130230839,3.464,0.61,1.413,4.375,3.343,
957,100,3,78.3,44.7,83.4,4.84,1e-05,0.1,120,0.35,0.40,True,113.4,3,3,0.05853984241413169,0.24195008248424238,4.089174659960147,4.378487575220961,7.465,2.624,4.09,23.104,2.219,
958,100,3,92.8,83.3,117.6,4.12,1e-05,0.1,120,0.45,0.55,True,105.5,3,3,0.055392061579008584,0.2353551817551689,1.2831991116267438,1.324448000329278,4.452,0.328,1.294,14.555,3.024,
858,100,3,69.1,15.1,64.9,4.14,1e-07,0.05,120,0.45,0.55,False,900.0,2,3,30.621158588998075,5.533638819890405,7.459541508509943,33.69394283625426,37.406,33.265,9.22,104.714,5.936,vittima non trovata entro 15 minuti
857,100,3,80.7,64.7,96.4,1.86,1e-07,0.05,120,0.35,0.40,False,900.0,2,3,3.2719818504135794,1.8088620318900994,5.161547626668858,7.352184904274026,8.801,6.938,5.45,228.704,3.865,vittima non trovata entro 15 minuti
965,100,3,32.3,16.8,29.8,1.52,1e-07,0.05,25,0.60,0.58,True,57.2,3,3,0.9409852742665139,0.970043954811592,1.541094154892779,2.1260618338046657,2.592,1.075,1.773,1.16,2.369,
964,100,3,29.0,28.7,33.7,2.65,1e-07,0.05,25,0.60,0.45,True,72.9,3,3,0.31576625606207787,0.5619308285386003,6.754465593544245,11.68217623739459,-10.408,13.059,6.755,3.745,2.605,
960,100,3,39.0,97.3,98.4,3.06,1e-05,0.1,120,0.60,0.58,True,132.1,3,3,0.010413456098726456,0.1020463428973643,1.2912755086613703,1.6090173136514652,4.016,0.96,1.292,15.967,1.707,
904,100,3,83.6,75.1,105.3,2.67,1e-06,0.1,25,0.60,0.45,False,900.0,1,3,108.05332284417298,10.394870025362174,5.896388912330211,6.094844466599309,2.506,0.165,9.479,540.509,2.808,vittima non trovata entro 15 minuti
961,100,3,50.5,61.8,72.8,2.62,1e-07,0.05,25,center,center,True,164.4,3,3,0.023158216153537716,0.1521782381076142,1.8796428337580322,2.676355104312279,5.791,3.176,1.881,29.82,1.981,
869,100,3,82.2,56.7,92.9,2.42,1e-07,0.1,50,0.60,0.45,False,900.0,2,3,69.0390973837802,8.308976915588357,12.527567064683076,12.868680776803922,-2.066,4.487,13.003,483.004,3.21,vittima non trovata entro 15 minuti
967,100,3,27.2,74.8,73.3,1.32,1e-07,0.05,50,0.35,0.40,True,115.5,3,3,0.01991427436995798,0.14111794488993235,4.30464907797392,8.654360120447881,-8.267,9.586,4.306,3.496,1.972,
966,100,3,87.5,31.7,86.7,4.65,1e-07,0.05,50,center,center,True,139.0,3,3,0.002768259504035355,0.052614251909870915,4.534350479947188,11.127109351000863,-8.619,13.272,4.535,7.88,1.755,
969,100,3,69.0,32.9,69.8,1.07,1e-07,0.05,50,0.60,0.45,True,119.7,3,3,0.16840321196785552,0.41036960409837314,5.712414302087149,8.676397198181519,-8.961,10.029,5.713,2.857,2.384,
968,100,3,72.3,77.8,99.2,4.14,1e-07,0.05,50,0.45,0.55,True,132.0,3,3,0.1430845954243353,0.37826524480096674,4.764126116865818,5.777184822914808,7.784,3.643,4.765,7.04,2.646,
970,100,3,54.8,52.7,68.9,3.95,1e-07,0.05,50,0.60,0.58,True,118.0,3,3,3.2219108767074203,1.7949682105005147,2.038655051414453,4.153696455270938,-1.117,5.063,2.304,14.862,2.456,
908,100,3,95.2,25.2,92.4,2.97,1e-06,0.1,50,0.45,0.55,False,900.0,0,3,4.677492000091807,2.1627510259139417,3.193945176683927,3.694521096958507,1.109,1.857,3.741,549.098,2.566,vittima non trovata entro 15 minuti
971,100,3,92.1,97.8,127.3,1.21,1e-07,0.05,80,center,center,True,134.4,3,3,0.02003921222447221,0.14155992450009364,4.3167629539458385,5.392962587766951,4.447,3.233,4.318,13.528,2.208,
974,100,3,28.2,38.3,40.6,2.25,1e-07,0.05,80,0.60,0.45,True,76.0,3,3,0.03300155218313072,0.18166329343907295,2.513467066790955,7.5040351059220844,-6.323,8.577,2.514,2.063,2.26,
903,100,3,96.2,56.2,104.6,3.77,1e-06,0.1,25,0.45,0.55,False,900.0,0,3,39.514072745048125,6.286022012771521,6.7969577959875656,8.153572399741087,-0.738,4.504,6.848,423.283,3.072,vittima non trovata entro 15 minuti
973,100,3,42.7,44.9,54.9,4.02,1e-07,0.05,80,0.45,0.55,True,120.80000000000001,3,3,0.06853850946216358,0.26179860477505146,2.1724135425225928,3.038105072814672,6.845,2.822,2.173,1.644,1.689,
906,100,3,97.0,19.4,93.1,1.35,1e-06,0.1,50,center,center,False,900.0,1,3,47.68362118332335,6.905332807571504,5.5855854503212266,5.599933125153581,0.952,0.401,6.687,491.359,2.64,vittima non trovata entro 15 minuti
984,100,3,29.8,9.1,25.2,1.19,1e-07,0.1,25,0.60,0.45,True,56.5,3,3,2.820258605373477,1.6793625592389145,2.8721517066533453,5.36272137151332,4.234,3.044,3.077,3.146,2.791,
975,100,3,90.2,38.8,91.6,4.32,1e-07,0.05,80,0.60,0.58,True,124.9,3,3,5.76881949519508,2.4018366920328034,3.667212830367029,3.893373334669079,3.016,1.308,3.71,13.479,2.118,
972,100,3,96.8,39.7,98.1,2.28,1e-07,0.05,80,0.35,0.40,True,193.3,3,3,0.13331375471082402,0.3651215615528943,2.4788588952553146,4.247225607529906,5.727,3.449,2.488,15.948,2.484,
882,100,3,70.1,4.9,65.1,3.87,1e-06,0.05,25,0.35,0.40,False,900.0,2,2,38.44715539175775,6.200577020871344,48.86526847494231,52.073596842075425,22.766,18.901,49.257,277.829,3.317,vittima non trovata entro 15 minuti
911,100,3,98.7,51.2,104.5,1.19,1e-06,0.1,80,center,center,False,900.0,1,3,69.32644469716712,8.326250338367633,1.3908448504567423,6.098526467116191,7.129,5.938,7.9,423.372,2.174,vittima non trovata entro 15 minuti
978,100,3,78.0,9.7,73.1,2.14,1e-07,0.05,120,0.45,0.55,True,118.0,3,3,0.5015283121164141,0.708186636499457,1.3076532155177558,4.727782277131817,-2.887,5.029,1.32,4.622,1.716,
977,100,3,87.7,67.4,103.6,4.41,1e-07,0.05,120,0.35,0.40,True,134.3,3,3,0.0017447255312913056,0.041769911794152806,1.5304981925891858,1.990382151496432,6.221,1.813,1.531,5.815,1.416,
983,100,3,48.3,71.5,79.3,3.48,1e-07,0.1,25,0.45,0.55,True,121.10000000000001,3,3,0.00635598264070578,0.07972441684142807,0.8654974936110315,1.2032789985881591,4.478,1.002,0.868,9.369,1.821,
980,100,3,87.0,99.0,124.7,3.71,1e-07,0.05,120,0.60,0.58,True,136.70000000000002,3,3,0.12942483636369423,0.35975663491267845,5.90842631544833,7.33524353449326,8.057,4.347,5.909,23.186,2.325,
976,100,3,11.2,94.0,89.2,2.16,1e-07,0.05,120,center,center,False,154.20000000000002,3,3,3.481445293246429,1.865863149656595,15.975438666163711,48.047525494169314,47.473,45.314,16.05,26.383,3.065,vittima non trovata entro 15 minuti
979,100,3,47.7,99.9,104.0,4.3,1e-07,0.05,120,0.60,0.45,True,168.70000000000002,3,3,14.9512661393821,3.86668671337388,6.031490573665453,7.028313561933255,7.906,3.608,7.096,14.943,3.37,
992,100,3,31.9,8.2,27.0,1.79,1e-07,0.1,80,0.35,0.40,True,56.7,3,3,0.5370156036841258,0.732813484922409,5.654880266119629,8.089535456130598,8.272,6.484,5.66,5.224,2.579,
982,100,3,11.7,65.8,61.1,2.09,1e-07,0.1,25,0.35,0.40,True,136.0,3,3,0.02242903916425037,0.14976327708837828,1.8457509629222946,6.928991438981401,-5.592,7.678,1.849,25.326,1.601,
896,100,3,22.8,87.2,84.1,3.98,1e-06,0.05,120,center,center,False,900.0,2,3,31.442460029251023,5.607357669103249,5.061378335801954,5.068735943859035,0.216,3.759,7.482,106.568,4.75,vittima non trovata entro 15 minuti
990,100,3,66.2,23.8,64.0,2.37,1e-07,0.1,50,0.60,0.58,True,103.60000000000001,3,3,0.10556401654657029,0.32490616575646925,4.954530483200568,6.226495641385131,-3.49,5.861,4.955,5.971,2.494,
989,100,3,50.4,60.6,71.8,1.75,1e-07,0.1,50,0.60,0.45,True,107.9,3,3,0.03156626190655448,0.17766896720180056,4.324344892964788,8.215309957635164,-7.954,9.705,4.327,2.938,2.571,
994,100,3,48.3,4.3,43.3,3.38,1e-07,0.1,80,0.60,0.45,True,70.9,3,3,1.2665822330641192,1.1254253565048724,4.743541000930682,8.189103855564973,11.564,8.188,4.746,3.581,3.037,
987,100,3,85.9,78.1,109.0,4.62,1e-07,0.1,50,0.35,0.40,True,147.9,3,3,0.018651437270994834,0.13657026495908556,1.135614770843487,1.4267258748428011,5.774,1.158,1.138,14.125,1.857,
881,100,3,54.7,91.7,99.9,3.75,1e-06,0.05,25,center,center,False,900.0,0,3,27.744220013763083,5.2672782358408865,35.98813317417904,45.31203404569667,32.355,28.609,36.175,234.523,3.152,vittima non trovata entro 15 minuti
991,100,3,61.2,21.1,58.4,3.45,1e-07,0.1,80,center,center,True,126.10000000000001,3,3,0.15892574971846138,0.39865492561670596,2.363082000415954,2.4022017012899353,5.494,2.047,2.366,16.016,2.2,
917,100,3,76.7,29.8,75.9,2.3,1e-06,0.1,120,0.35,0.40,False,900.0,2,3,4.836351817683598,2.1991707113554413,14.709956499160144,16.58702084182072,5.448,3.149,14.859,186.075,2.823,vittima non trovata entro 15 minuti
995,100,3,76.5,37.1,78.4,2.26,1e-07,0.1,80,0.60,0.58,True,129.8,3,3,0.008900244518538412,0.09434110725732665,2.32528862831095,8.442378987113559,-6.888,9.152,2.326,8.822,1.766,
993,100,3,26.9,88.3,86.1,1.49,1e-07,0.1,80,0.45,0.55,True,123.9,3,3,0.020855190484240775,0.14441326284050499,1.3979118561014487,2.126693454824661,3.359,1.871,1.402,8.1,1.923,
913,100,3,88.9,8.4,84.0,4.66,1e-06,0.1,80,0.45,0.55,False,900.0,0,3,8.543150864526607,2.922866891345996,30.71005346078476,30.966660807118554,-2.62,7.279,30.768,666.596,3.337,vittima non trovata entro 15 minuti
999,100,3,28.2,35.7,38.5,1.31,1e-07,0.1,120,0.60,0.45,True,75.8,3,3,0.33763292570265385,0.5810618948981716,5.026297735875173,9.224612147866715,-9.42,10.726,5.027,2.728,2.316,
1007,100,3,20.3,12.5,17.0,4.98,1e-06,0.05,50,0.35,0.40,True,44.2,3,3,0.03829835542592203,0.1956996561722121,3.731385786609742,4.977811679624348,8.421,3.437,3.733,3.366,2.843,
1001,100,3,46.5,30.7,48.8,2.1,1e-06,0.05,25,center,center,True,95.30000000000001,3,3,0.46245771082727194,0.68004243310787,2.3291222944654173,2.859051775375354,4.703,2.6,2.424,13.128,4.016,
1004,100,3,43.9,10.1,39.2,2.51,1e-06,0.05,25,0.60,0.45,True,71.60000000000001,3,3,2.5624930032157427,1.6007788739284832,4.030211781997362,5.625751943744736,4.071,1.559,4.316,4.556,2.77,
1000,100,3,55.7,26.8,55.2,2.48,1e-07,0.1,120,0.60,0.58,True,112.9,3,3,0.043207497904453475,0.20786413328050002,5.182700900762922,5.419121537840275,2.172,0.305,5.184,8.967,2.504,
919,100,3,84.5,38.7,86.3,4.0,1e-06,0.1,120,0.60,0.45,False,900.0,2,2,61.19880703081747,7.822966638738623,53.75978992309793,53.78828351976789,1.057,2.941,54.043,331.913,3.592,vittima non trovata entro 15 minuti
922,100,3,66.4,65.8,86.4,4.22,1e-05,0.05,25,0.35,0.40,False,900.0,2,2,14.352656818424625,3.7884900446516454,105.66812934566944,105.66825269704404,6.5,2.28,105.717,267.424,3.065,vittima non trovata entro 15 minuti
1011,100,3,35.8,2.9,30.8,3.54,1e-06,0.05,80,center,center,True,58.5,3,3,0.2176251195952803,0.4665030756546845,3.699348692284615,6.251663238603197,8.446,4.909,3.723,4.097,3.359,
998,100,3,74.7,43.0,79.3,1.74,1e-07,0.1,120,0.45,0.55,True,142.6,3,3,0.20039456090944163,0.447654510654636,2.2267867748143018,3.131689571985136,4.867,3.126,2.235,15.988,2.249,
1005,100,3,57.6,54.6,72.3,2.12,1e-06,0.05,25,0.60,0.58,True,109.0,3,3,9.72266113294058,3.118118203811488,5.941803211567518,7.1778681468411,-4.773,6.889,6.601,7.798,2.474,
1010,100,3,35.7,20.7,34.5,1.16,1e-06,0.05,50,0.60,0.58,True,74.10000000000001,3,3,4.94350989935609,2.2234005260762375,2.218946345102517,2.344952121063479,-0.42,1.581,2.442,5.31,2.184,
1003,100,3,74.2,41.8,78.3,1.67,1e-06,0.05,25,0.45,0.55,True,127.0,3,3,0.13380599526125744,0.36579501809245224,5.00327628024949,7.14597261240747,7.736,6.07,5.003,9.669,2.692,
1006,100,3,44.9,43.5,55.5,4.05,1e-06,0.05,50,center,center,True,115.10000000000001,3,3,0.0249120120246893,0.15783539534809451,0.5240495498176406,1.2147196777142708,5.241,1.19,0.527,6.161,1.771,
1009,100,3,25.5,79.8,77.6,4.33,1e-06,0.05,50,0.60,0.45,True,117.9,3,3,2.549415849660495,1.5966890272249306,3.0595007991268797,5.724463409423517,-2.676,7.008,3.181,2.956,2.667,
941,100,3,90.1,52.1,97.3,4.64,1e-05,0.1,25,center,center,False,900.0,1,3,111.24946175458268,10.547486039553817,8.947023416248266,9.034139998563013,29.054,24.417,10.013,315.908,2.639,vittima non trovata entro 15 minuti
1008,100,3,13.1,91.3,86.7,3.71,1e-06,0.05,50,0.45,0.55,True,143.4,3,3,5.593432679725249,2.3650439065110924,4.493113433554495,7.04905758171421,9.137,5.431,4.788,4.158,2.255,
1012,100,3,13.7,83.4,78.9,3.33,1e-06,0.05,80,0.35,0.40,True,119.60000000000001,3,3,0.3875168462440235,0.6225085109811941,0.5692355643800168,0.5765573971935833,3.487,0.16,0.838,2.191,2.008,
929,100,3,4.9,55.4,50.4,4.32,1e-05,0.05,50,0.60,0.45,False,900.0,2,2,641.9139620925663,25.336021039077274,22.690989800185168,24.08864968974511,3.708,0.615,31.347,186.002,3.192,vittima non trovata entro 15 minuti
1013,100,3,80.7,11.0,75.9,3.39,1e-06,0.05,80,0.45,0.55,True,121.0,3,3,0.007036795799930455,0.08388561139987272,0.8482072966763298,0.8604229277778934,3.224,0.167,0.852,8.164,1.767,
1014,100,3,16.4,58.8,55.0,4.73,1e-06,0.05,80,0.60,0.45,True,99.2,3,3,0.00911749513199138,0.09548557551793559,3.2159446600180632,11.776719926488989,-8.107,12.839,3.216,1.825,1.621,
1023,100,3,27.3,18.0,25.8,3.51,1e-06,0.1,25,0.45,0.55,True,57.7,3,3,0.39745742968703246,0.6304422492877777,1.1317804582483066,1.5533195882743092,2.309,1.205,1.158,2.827,2.415,
949,100,3,71.2,65.6,89.8,3.7,1e-05,0.1,50,0.60,0.45,False,900.0,1,3,142.16350813230014,11.923233962826535,8.707055352008641,10.79608298445372,14.634,10.929,10.387,530.315,2.2,vittima non trovata entro 15 minuti
1019,100,3,42.0,56.9,63.8,2.17,1e-06,0.05,120,0.60,0.45,True,105.2,3,3,1.3928479110855538,1.1801897775720454,3.5808970077075535,4.331821849404503,-2.522,4.691,3.674,2.431,2.609,
1017,100,3,43.8,53.9,62.4,3.5,1e-06,0.05,120,0.35,0.40,True,112.60000000000001,3,3,0.3429110629142337,0.5855860849731948,0.09863091792717744,3.391017747477744,0.076,3.419,0.505,3.782,1.954,
1018,100,3,71.1,32.6,71.7,4.8,1e-06,0.05,120,0.45,0.55,True,118.2,3,3,0.3464588372614527,0.5886075409485108,4.553458980119928,13.34424221226996,-9.593,14.392,4.567,5.625,2.534,
946,100,3,89.6,93.0,122.1,1.66,1e-05,0.1,50,center,center,False,900.0,0,3,357.6214813656138,18.910882617308317,13.460409957312844,13.86438313935121,4.978,3.322,15.307,473.243,3.092,vittima non trovata entro 15 minuti
1016,100,3,67.8,85.7,102.2,1.4,1e-06,0.05,120,center,center,True,133.0,3,3,8.42876136445583,2.9032329159844945,2.776766783279446,5.666073238094391,-4.512,5.916,4.005,6.185,2.101,
954,100,3,92.2,49.2,97.8,2.6,1e-05,0.1,80,0.60,0.45,False,900.0,0,1,nan,nan,24.950032955886634,25.913537058190748,5.394,2.794,24.95,196.835,2.647,vittima non trovata entro 15 minuti
1038,100,3,18.3,1.3,13.8,2.14,1e-06,0.1,120,0.45,0.55,True,14.8,3,3,0.5605890454732957,0.7487249464745352,4.727030963356052,10.90242132719015,10.859,8.718,4.74,5.212,3.144,
1020,100,3,13.5,92.5,87.9,4.7,1e-06,0.05,120,0.60,0.58,True,146.8,3,3,0.028973616810120444,0.17021638232003536,1.3322516769247532,2.4134796974812396,2.686,2.012,1.343,24.026,1.857,
1026,100,3,56.1,3.1,51.1,4.59,1e-06,0.1,50,center,center,True,100.30000000000001,3,3,0.2198680404930851,0.4689008855750702,0.9584873042498232,3.722283209320377,8.172,3.582,0.981,5.813,2.713,
1025,100,3,73.2,57.8,86.2,1.19,1e-06,0.1,25,0.60,0.58,True,153.9,3,3,1.4118814233810544,1.1882261667633205,5.190703104296155,6.244418205635742,-3.607,4.796,5.324,11.303,2.213,
1041,100,3,16.0,8.6,11.6,1.27,1e-05,0.05,25,center,center,True,17.7,3,3,0.1689711712039083,0.4110610309965034,3.6854031323046867,7.411068190145756,-7.858,9.125,3.692,3.899,2.079,
1034,100,3,31.7,29.9,36.6,2.92,1e-06,0.1,80,0.60,0.45,True,78.7,3,3,4.49889224871862,2.1210592280081713,3.42908863479875,6.319893054608321,-4.266,7.19,3.479,6.105,2.009,
944,100,3,88.3,21.7,85.0,2.17,1e-05,0.1,25,0.60,0.45,False,900.0,2,2,8.927787906204422,2.9879404120906465,207.2269758311663,207.22712721172363,11.379,9.211,207.228,481.124,2.824,vittima non trovata entro 15 minuti
1021,100,3,31.3,95.2,94.0,2.94,1e-06,0.1,25,center,center,True,187.9,3,3,0.14131010866044746,0.3759123683259803,2.9224043834877835,2.92262050579076,2.974,0.036,2.926,41.332,1.772,
1015,100,3,98.3,69.9,113.7,1.0,1e-06,0.05,80,0.60,0.58,True,241.3,3,3,1.4269119398401158,1.1945341936671867,2.9145268970254246,3.043931005134689,0.122,0.878,2.916,23.022,2.455,
1028,100,3,37.8,83.3,84.9,4.68,1e-06,0.1,50,0.45,0.55,True,140.70000000000002,3,3,0.03174600361242817,0.17817408232520288,0.19090103330048747,0.5129656404840618,5.203,0.522,0.232,13.674,1.89,
1032,100,3,74.8,39.4,77.8,3.9,1e-06,0.1,80,0.35,0.40,True,131.70000000000002,3,3,0.007240378566584952,0.08509041406988775,0.9741399372079526,2.92438010677766,6.627,2.729,0.975,24.857,1.788,
1033,100,3,42.2,47.8,56.7,3.91,1e-06,0.1,80,0.45,0.55,True,118.80000000000001,3,3,0.006792875537997983,0.08241890279540236,0.6296369286012669,0.815094038491959,4.648,0.739,0.633,16.274,1.769,
962,100,3,94.4,19.0,90.5,3.32,1e-07,0.05,25,0.35,0.40,False,900.0,0,2,15.279685628106435,3.9089238452682133,6.710804071136033,14.077282336662286,15.693,12.375,7.273,281.244,7.066,vittima non trovata entro 15 minuti
1042,100,3,43.1,51.7,60.2,4.11,1e-05,0.05,25,0.35,0.40,True,69.0,3,3,0.014737018905268406,0.12139612393016676,0.4110351478177592,1.178541959117753,5.34,1.228,0.411,1.072,1.728,
1035,100,3,68.5,44.8,74.9,4.91,1e-06,0.1,80,0.60,0.58,True,133.8,3,3,0.019694341553077845,0.14033652964598292,0.8378756042136132,0.9636988062842654,4.973,0.06,0.839,3.905,1.68,
1037,100,3,80.4,63.1,95.2,4.46,1e-06,0.1,120,0.35,0.40,True,138.3,3,3,0.004644885013248931,0.06815339326291048,2.686929705072001,2.968715961220682,5.527,1.062,2.687,38.854,1.98,
1046,100,3,5.6,35.3,30.3,4.72,1e-05,0.05,50,center,center,True,59.5,3,2,0.0033259339081823536,0.05767091041575773,0.8383455775459847,0.9405488390865581,4.522,0.199,0.839,5.598,1.621,
1043,100,3,72.5,55.8,84.5,4.66,1e-05,0.05,25,0.45,0.55,True,109.60000000000001,3,3,0.008404561598571062,0.09167639608193083,0.7708365861281861,1.5964547912428342,5.927,1.263,0.776,14.941,1.657,
1040,100,3,24.6,49.5,48.6,4.13,1e-06,0.1,120,0.60,0.58,True,113.7,3,3,0.9175776415085508,0.9579027307135891,1.2140886403879296,2.592981198071499,6.154,2.021,1.354,19.878,2.411,
1044,100,3,78.0,40.2,81.1,3.19,1e-05,0.05,25,0.60,0.45,True,125.0,3,3,0.10536884969084852,0.32460568339271034,5.2835259672418395,5.594740751581969,7.308,4.116,5.284,7.539,3.416,
1051,100,3,5.9,30.7,25.7,3.22,1e-05,0.05,80,center,center,True,59.6,3,2,0.010554599856281509,0.10273558223070285,0.7940235894191389,0.884932580039173,4.114,0.891,0.795,3.613,1.684,
1050,100,3,48.8,13.1,44.6,1.52,1e-05,0.05,50,0.60,0.58,True,77.2,3,2,0.4743665584535818,0.688742737496071,0.6488377990877867,1.2076533386490613,0.29,1.227,0.847,3.042,2.257,
942,100,3,92.7,45.3,96.5,2.35,1e-05,0.1,25,0.35,0.40,False,900.0,2,2,7.136694623483505,2.671459268542851,77.26327556598473,81.99837819314901,47.01,44.658,77.283,477.493,3.319,vittima non trovata entro 15 minuti
1047,100,3,73.9,44.8,79.6,1.28,1e-05,0.05,50,0.35,0.40,True,100.9,3,3,0.012141173192598258,0.11018699193914978,1.616196867654998,2.709116980073093,4.022,2.746,1.618,2.191,1.726,
1048,100,3,57.6,32.2,59.2,2.93,1e-05,0.05,50,0.45,0.55,True,96.0,3,3,7.024574939619502,2.6503914691266837,4.088278292742925,4.7252024386548905,1.025,1.902,4.756,10.111,2.931,
956,100,3,85.3,36.5,86.2,1.12,1e-05,0.1,120,center,center,False,900.0,2,3,1588.7284196890203,39.858856226552966,57.661708859195286,57.66357703312088,-22.933,24.057,58.327,476.45,3.036,vittima non trovata entro 15 minuti
1045,100,3,96.3,30.9,94.9,4.47,1e-05,0.05,25,0.60,0.58,True,177.3,3,3,0.021761282647843435,0.14751705883674415,0.36789613604917903,0.3687250931798398,4.492,0.025,0.383,10.5,1.785,
1053,100,3,13.8,61.4,57.1,1.57,1e-05,0.05,80,0.45,0.55,True,84.5,3,3,0.15572348696265076,0.39461815336176664,1.4862091757696954,2.6531535616655484,4.052,2.483,1.507,6.165,1.962,
1052,100,3,43.0,61.9,68.4,3.47,1e-05,0.05,80,0.35,0.40,True,95.0,3,3,0.03285441415357945,0.18125786645985728,1.445762929031914,2.7117676826680213,6.135,2.667,1.454,2.752,1.774,
1055,100,3,74.7,9.1,69.8,3.7,1e-05,0.05,80,0.60,0.58,True,100.2,3,1,0.6773460684310605,0.8230103695768727,1.2627716170618288,3.1392528779822815,0.444,3.26,1.306,4.767,1.701,
963,100,3,92.4,55.5,100.9,4.53,1e-07,0.05,25,0.45,0.55,False,900.0,2,3,5.907676801860414,2.430571291252411,2.0242581546018625,6.673681074941924,10.89,6.359,2.519,157.258,2.445,vittima non trovata entro 15 minuti
1057,100,3,86.0,49.7,92.6,3.97,1e-05,0.05,120,0.35,0.40,True,150.8,3,3,0.07818147065338876,0.27960949671530966,3.8379102491381794,4.972175547742631,8.419,4.453,3.838,10.269,2.052,
1064,100,3,9.7,86.9,82.0,2.44,1e-05,0.1,25,0.60,0.45,True,85.60000000000001,3,3,0.017876677187481135,0.13370369174963395,1.0062637886755095,5.242812339463104,7.007,4.566,1.012,6.099,1.678,
1063,100,3,27.8,78.9,77.4,4.52,1e-05,0.1,25,0.45,0.55,True,96.2,3,3,0.25429833897108245,0.5042800203964881,1.7406720485115572,2.2875347711400007,6.42,1.898,1.757,7.509,2.095,
1061,100,3,70.8,44.7,76.9,1.34,1e-05,0.1,25,center,center,True,105.5,3,3,0.9613833476741516,0.9805015796387845,1.3390237434443062,4.021659527364591,-2.862,4.205,1.583,17.97,1.93,
1060,100,3,11.2,57.1,52.5,3.3,1e-05,0.05,120,0.60,0.58,True,122.2,3,2,0.02123096952551777,0.14570850876156055,0.10771569958827469,1.9703292703955195,5.239,1.936,0.178,15.324,1.766,
1066,100,3,66.7,51.8,77.4,4.54,1e-05,0.1,50,center,center,True,109.30000000000001,3,3,0.002424328166571739,0.04923746710150451,1.7793593053634467,1.7894781035735952,5.94,1.402,1.78,15.234,2.25,
986,100,3,97.9,3.7,92.9,2.91,1e-07,0.1,50,center,center,False,900.0,0,3,10.437319939650648,3.2306841287335177,4.573191048120206,5.312751105676076,0.202,2.704,5.451,398.538,3.012,vittima non trovata entro 15 minuti
1068,100,3,62.5,55.5,76.5,1.1,1e-05,0.1,50,0.45,0.55,True,99.2,3,3,0.019574474843669358,0.1399088090281286,0.5188731124087282,0.9928348509159777,1.711,0.615,0.524,23.413,1.685,
1062,100,3,82.6,60.6,95.5,4.81,1e-05,0.1,25,0.35,0.40,True,129.5,3,3,0.041458769938879855,0.20361426752288223,1.8662377865595563,2.2218301865317627,6.682,1.87,1.867,8.66,1.668,
1065,100,3,58.1,64.5,79.7,3.09,1e-05,0.1,25,0.60,0.58,True,119.4,3,3,0.24697435838482124,0.4969651480585145,1.0991591694637375,1.334290547434266,3.765,0.676,1.2,18.695,1.973,
1069,100,3,52.3,66.1,77.2,3.88,1e-05,0.1,50,0.60,0.45,True,90.30000000000001,3,3,0.057112526808514315,0.23898227300056027,0.40605838829689195,2.6065233930642506,1.574,2.303,0.424,10.61,1.598,
981,100,3,95.8,10.4,90.9,2.37,1e-07,0.1,25,center,center,False,900.0,0,3,12.99954753400208,3.605488529173554,1.5514004650008975,1.552072901702558,2.412,0.046,3.393,455.377,2.67,vittima non trovata entro 15 minuti
1070,100,3,43.6,22.4,42.3,3.95,1e-05,0.1,50,0.60,0.58,True,91.7,3,2,0.04043192060293078,0.20107690221139468,1.3786290440863422,3.155578908451557,6.636,2.688,1.391,7.608,1.998,
1071,100,3,26.1,69.2,67.6,1.6,1e-05,0.1,80,center,center,True,96.7,3,3,0.0017996654533207642,0.04242246401755518,2.000827682797268,3.2344810859409865,5.41,3.81,2.001,4.577,1.85,
1074,100,3,19.1,57.7,54.5,1.28,1e-05,0.1,80,0.60,0.45,True,77.7,3,3,0.028810593624204673,0.16973683637974601,6.66125248321632,11.260497208256874,-10.954,12.238,6.661,7.523,2.191,
1076,100,3,28.0,45.6,46.7,1.4,1e-05,0.1,120,center,center,True,76.60000000000001,3,3,2.736984708512477,1.6543834829060877,2.058222993810894,4.622356700186805,-4.093,5.494,2.321,4.13,1.693,
1073,100,3,78.3,19.4,74.7,1.5,1e-05,0.1,80,0.45,0.55,True,116.10000000000001,3,3,0.06150495629782997,0.24800192801232407,1.1558839588503809,4.045625270998748,5.489,3.991,1.16,12.82,1.913,
1081,100,3,31.2,11.5,27.0,3.58,1e-07,0.05,25,center,center,True,58.400000000000006,3,3,0.0774090249001773,0.27822477405899226,4.956857499186039,5.921902125722513,9.198,5.623,4.957,5.689,2.309,
985,100,3,77.8,58.7,90.5,3.96,1e-07,0.1,25,0.60,0.58,False,900.0,1,3,70.87845797560092,8.41893449170386,7.231647192428199,14.89018694027482,16.777,12.819,10.193,379.418,3.938,vittima non trovata entro 15 minuti
988,100,3,98.3,29.8,96.5,2.72,1e-07,0.1,50,0.45,0.55,False,900.0,2,3,66.77047943580065,8.171320544183825,15.961619323610297,15.98507691197279,19.154,16.432,16.44,404.527,2.544,vittima non trovata entro 15 minuti
1084,100,3,10.8,32.0,27.6,2.15,1e-07,0.05,25,0.60,0.45,True,64.9,3,3,0.011331145343145908,0.10644785269391727,2.3449125936473507,7.975899321116824,-6.535,8.682,2.346,5.15,1.876,
1072,100,3,26.6,86.2,84.1,1.94,1e-05,0.1,80,0.35,0.40,True,134.70000000000002,3,3,2.2223337731480517,1.490749399848295,1.2884871517831855,1.3211384712164138,1.642,0.295,1.6,25.908,1.664,
1077,100,3,35.1,88.8,89.0,2.6,1e-05,0.1,120,0.35,0.40,True,134.70000000000002,3,3,0.00604420772011556,0.0777445028289175,0.7991915583892308,3.381111897871995,5.847,3.242,0.802,34.222,1.732,
1090,100,3,17.6,23.0,22.0,1.21,1e-07,0.05,50,0.60,0.58,True,45.300000000000004,3,3,1.895162714902654,1.376649089239031,1.244827953975394,4.925428574734057,-3.88,5.087,1.461,1.594,1.987,
1089,100,3,13.6,25.7,22.4,1.02,1e-07,0.05,50,0.60,0.45,True,49.400000000000006,3,3,0.024790354426343763,0.15744952977492108,3.7378442288278824,8.527788625259964,-8.264,9.28,3.739,5.104,1.684,
1078,100,3,90.8,49.3,96.6,4.63,1e-05,0.1,120,0.45,0.55,True,159.0,3,3,0.003492012662485669,0.05909325395073171,1.154407450780112,2.014419196914323,6.28,1.651,1.156,12.86,1.523,
997,100,3,35.2,92.0,92.1,3.83,1e-07,0.1,120,0.35,0.40,False,900.0,0,3,54.5104838632393,7.38312155278777,2.3103955933832205,4.598002904962533,-0.141,3.975,6.234,388.424,2.454,vittima non trovata entro 15 minuti
1086,100,3,35.4,74.6,75.9,3.49,1e-07,0.05,50,center,center,True,134.5,3,3,0.1318756625441453,0.36314688838560255,3.731036456491557,4.350178481748248,8.184,4.69,3.733,11.537,2.73,
1085,100,3,26.3,87.2,84.9,3.22,1e-07,0.05,25,0.60,0.58,True,134.4,3,3,5.594539160697375,2.36527781892474,2.8771433531352164,3.776469402967965,1.193,2.025,3.637,9.327,2.45,
1087,100,3,35.2,85.5,85.9,2.83,1e-07,0.05,50,0.35,0.40,True,123.0,3,3,0.04260247473415908,0.2064036693815279,3.3653821316654406,9.391074623234175,-7.729,10.556,3.366,8.712,1.961,
1082,100,3,83.1,25.0,80.6,4.88,1e-07,0.05,25,0.35,0.40,True,155.8,3,3,0.01091783175146729,0.10448842879222221,5.349494920579932,5.50321139868089,4.552,0.333,5.35,21.453,2.889,
1002,100,3,87.3,29.2,85.8,3.78,1e-06,0.05,25,0.35,0.40,False,900.0,2,2,8.492555909659671,2.914199016824292,1.9857643264758955,3.1690424755472675,6.143,2.36,3.525,203.885,3.135,vittima non trovata entro 15 minuti
1092,100,3,38.6,57.8,62.6,1.02,1e-07,0.05,80,0.35,0.40,True,113.4,3,3,0.44431597831924113,0.6665703101093245,1.1498112967520866,5.354837775342475,-4.692,5.71,1.171,4.763,2.125,
1080,100,3,99.1,46.4,102.8,1.56,1e-05,0.1,120,0.60,0.58,True,253.0,3,3,6.96300612001383,2.6387508635742463,1.8039433882944966,3.7022109585185072,-1.676,3.233,2.683,20.5,2.323,
1088,100,3,43.1,94.7,97.5,4.28,1e-07,0.05,50,0.45,0.55,True,143.5,3,3,0.0018990855056261852,0.04357849820296915,0.6090930145714666,1.6028142144635134,5.764,1.483,0.61,4.779,1.609,
1094,100,3,63.1,60.5,80.4,3.34,1e-07,0.05,80,0.60,0.45,True,125.80000000000001,3,3,0.009706198630285004,0.09852004176960648,4.152342399536206,9.878206078782501,-7.73,11.067,4.152,3.405,2.633,
1095,100,3,44.7,26.5,45.2,1.81,1e-07,0.05,80,0.60,0.58,True,97.60000000000001,3,3,1.8082729322240343,1.3447203918376616,4.863016757320665,6.2373682400545505,-3.517,5.322,4.886,5.124,2.687,
1098,100,3,35.7,31.3,40.4,4.82,1e-07,0.05,120,0.45,0.55,True,87.80000000000001,3,3,0.4412231942406912,0.6642463355116769,1.748324413016428,2.463438177061987,6.963,2.147,1.753,4.544,2.355,
1105,100,3,16.7,16.6,16.5,3.27,1e-07,0.1,25,0.60,0.58,True,31.400000000000002,3,3,0.010170736427373811,0.10085006904992089,1.5270733270823018,4.262659267541563,6.916,3.646,1.527,1.482,1.844,
1096,100,3,73.5,24.9,71.4,3.27,1e-07,0.05,120,center,center,True,121.4,3,3,0.33368310542798296,0.5776531012882931,6.216903798411807,12.667227249268048,-10.482,13.754,6.218,6.071,3.002,
1093,100,3,13.6,77.0,72.5,2.07,1e-07,0.05,80,0.45,0.55,True,133.1,3,3,0.6619770948285064,0.8136197483029197,0.6357289524947163,1.7815066798876589,0.487,1.588,1.032,5.715,1.76,
1102,100,3,28.1,25.1,30.6,3.49,1e-07,0.1,25,0.35,0.40,True,59.400000000000006,3,3,0.0309216444517013,0.17584551302692172,0.5451701678421118,1.1594682523814979,2.677,0.815,0.571,1.835,1.913,
1083,100,3,92.0,83.6,117.2,4.18,1e-07,0.05,25,0.45,0.55,True,220.70000000000002,3,3,0.07074910348475454,0.2659870363095813,1.50838008119291,1.9973025547647256,5.488,1.309,1.508,6.192,1.961,
1099,100,3,29.6,44.5,46.5,1.59,1e-07,0.05,120,0.60,0.45,True,93.9,3,3,0.023321571259059343,0.15271401788656908,4.288140536034446,8.412080979599937,-8.358,9.95,4.288,4.724,2.223,
1024,100,3,21.7,90.4,87.1,2.33,1e-06,0.1,25,0.60,0.45,False,900.0,0,3,1.4448967067569993,1.2020385629242514,3.0055205466401653,3.0511364492689044,25.499,23.172,3.056,439.663,2.267,vittima non trovata entro 15 minuti
1115,100,3,3.4,5.4,1.7,3.26,1e-07,0.1,80,0.60,0.58,True,0.30000000000000004,3,1,0.03711425716296443,0.1926506090386543,2.041326903453975,2.054929796623012,3.072,0.184,2.042,2.06,2.379,
1097,100,3,30.8,81.6,80.8,1.3,1e-07,0.05,120,0.35,0.40,True,117.4,3,3,1.794923731602002,1.339747637281739,5.018797588357445,5.155372139499015,1.697,0.398,5.125,2.011,3.436,
1106,100,3,4.0,31.5,26.5,2.01,1e-07,0.1,50,center,center,True,63.2,3,3,0.011244860401619997,0.10604178611104208,2.5562892135537783,3.897298211441048,6.359,4.345,2.558,6.185,2.137,
996,100,3,11.2,93.1,88.3,1.16,1e-07,0.1,120,center,center,False,900.0,2,3,112.25081866269461,10.59484868521937,15.450839970083965,19.78215829204553,13.515,12.353,15.854,486.548,2.674,vittima non trovata entro 15 minuti
1101,100,3,75.2,43.2,80.0,2.44,1e-07,0.1,25,center,center,True,127.60000000000001,3,3,0.0008134637252817125,0.028521285477371323,0.5591892253162628,0.6581717753281098,3.03,0.586,0.559,20.881,1.721,
1110,100,3,21.5,16.2,19.9,1.78,1e-07,0.1,50,0.60,0.58,True,41.800000000000004,3,3,1.543157802673746,1.242239027994913,1.8246193260105266,4.017659829672636,5.007,3.226,1.938,3.967,2.258,
1100,100,3,24.5,66.7,64.7,1.89,1e-07,0.05,120,0.60,0.58,True,131.4,3,3,0.007183089413832453,0.08475310857916925,3.232674051701009,9.670030929534121,-8.546,10.439,3.233,16.088,1.866,
1113,100,3,25.3,30.4,32.5,3.8,1e-07,0.1,80,0.45,0.55,True,61.800000000000004,3,3,0.06178441627692678,0.24856471245316938,0.7391192875952225,1.2774143051238835,2.554,1.242,0.747,4.513,1.876,
1103,100,3,6.3,95.7,90.7,3.91,1e-07,0.1,25,0.45,0.55,True,136.3,3,3,0.06391356219035435,0.252811317369999,1.6081105466076506,1.7568621385120493,3.201,0.707,1.616,4.183,1.762,
1104,100,3,67.8,17.9,64.1,2.81,1e-07,0.1,25,0.60,0.45,True,118.0,3,3,6.891504985097166,2.62516761085786,1.5526776130108817,1.5786329693653707,2.664,0.149,2.82,32.39,2.327,
1114,100,3,40.9,87.3,89.8,3.0,1e-07,0.1,80,0.60,0.45,True,109.80000000000001,3,3,0.09433025094891553,0.3071323020278322,2.950264458017641,7.599102929446853,-5.951,8.947,2.953,6.533,2.571,
1116,100,3,0.1,84.2,79.3,1.97,1e-07,0.1,120,center,center,True,113.5,3,3,0.03158734976934324,0.17772830323092392,3.3162083821190245,3.7375228726847416,5.732,3.761,3.317,6.333,2.45,
1124,100,3,27.5,3.1,22.5,1.66,1e-06,0.05,25,0.60,0.45,True,41.2,3,3,0.193945626438376,0.44039258217910077,3.909574261276979,6.826052628198079,8.358,6.694,3.918,4.415,3.474,
1111,100,3,85.0,32.3,84.6,4.28,1e-07,0.1,80,center,center,True,143.70000000000002,3,3,0.004618140637160044,0.0679569027925791,1.3348317991927103,2.726957591551962,6.54,2.258,1.335,20.285,1.561,
1029,100,3,82.3,62.6,96.4,2.03,1e-06,0.1,50,0.60,0.45,False,900.0,0,3,140.62599037247674,11.858582983328013,2.4069625497478224,23.75490095312417,26.944,24.917,11.606,433.985,3.339,vittima non trovata entro 15 minuti
1125,100,3,6.5,27.8,22.9,4.72,1e-06,0.05,25,0.60,0.58,True,47.400000000000006,3,3,0.49476001058566543,0.7033917902461368,3.259743588186086,5.684906025338583,8.9,4.177,3.264,3.775,2.238,
1108,100,3,8.5,94.1,89.2,3.6,1e-07,0.1,50,0.45,0.55,True,185.5,3,3,0.014372153346579203,0.11988391612964269,3.082323819151515,4.7416482961141275,7.2,3.603,3.083,18.096,1.743,
1039,100,3,97.3,89.1,124.9,4.67,1e-06,0.1,120,0.60,0.45,False,900.0,0,1,nan,nan,15.046277166671773,15.126742393192169,6.224,1.558,15.046,543.55,3.082,vittima non trovata entro 15 minuti
1121,100,3,65.0,5.0,60.0,3.85,1e-06,0.05,25,center,center,True,108.5,3,3,0.07506269504283394,0.2739757198053031,1.6979789472513283,2.046194344739768,6.202,2.353,1.704,21.096,2.321,
1122,100,3,40.0,28.1,42.0,4.7,1e-06,0.05,25,0.35,0.40,True,90.2,3,3,0.6466207711848668,0.804127335180733,3.900761632827973,5.32250702511672,8.842,4.138,3.911,7.105,2.58,
1120,100,3,44.5,36.9,50.8,3.41,1e-07,0.1,120,0.60,0.58,True,111.9,3,3,0.47332789477321446,0.6879882955205084,5.209761509656666,7.821991881346625,-3.964,7.373,5.211,6.671,2.3,
1112,100,3,33.6,67.4,68.7,4.72,1e-07,0.1,80,0.35,0.40,True,153.5,3,3,0.004261432471135827,0.06527964821547239,2.6543621288223154,11.584720112714685,-7.807,12.527,2.655,35.226,1.742,
1130,100,3,6.7,34.3,29.3,3.8,1e-06,0.05,50,0.60,0.58,True,62.800000000000004,3,3,0.18578683144574448,0.4310299658327069,1.1206088343003502,6.100023717906082,-2.419,6.22,1.136,1.749,1.859,
1027,100,3,53.5,92.8,100.3,3.88,1e-06,0.1,50,0.35,0.40,False,900.0,0,3,5.178210807017687,2.275568238268782,43.34617708874552,43.40284072400621,26.289,22.412,43.394,365.591,3.01,vittima non trovata entro 15 minuti
1123,100,3,50.2,96.0,101.6,1.42,1e-06,0.05,25,0.45,0.55,True,131.4,3,3,0.00741066610639239,0.08608522583110526,0.4686174874004285,1.2675893576961819,2.595,1.178,0.472,5.899,1.58,
1132,100,3,25.0,30.5,32.5,1.89,1e-06,0.05,80,0.35,0.40,True,78.30000000000001,3,3,0.053004247107885955,0.23022651260853072,2.07871930333157,8.925077208770011,-7.656,9.542,2.081,6.817,1.982,
1131,100,3,10.5,38.4,33.9,3.59,1e-06,0.05,80,center,center,True,78.30000000000001,3,3,0.056011650644308304,0.23666780652278904,2.848894518743423,3.2618692316075935,6.935,3.347,2.849,1.477,2.74,
1030,100,3,86.0,47.8,91.6,1.75,1e-06,0.1,50,0.60,0.58,False,900.0,2,3,11.921661469798366,3.452775907845507,1.6073719821913919,15.793295598880546,17.09,15.343,2.724,113.629,2.573,vittima non trovata entro 15 minuti
1049,100,3,87.6,57.4,97.8,3.7,1e-05,0.05,50,0.60,0.45,False,900.0,1,2,2043.5512564668961,45.205655138122886,49.52422753687816,49.825147859621325,-0.919,4.623,49.628,170.544,2.928,vittima non trovata entro 15 minuti
1129,100,3,81.8,69.2,100.1,3.84,1e-06,0.05,50,0.60,0.45,True,121.7,3,3,0.01184426414007077,0.10883135641932783,0.821357605844101,0.8469570950059497,4.331,0.493,0.824,13.583,1.601,
1126,100,3,49.8,42.4,58.3,4.15,1e-06,0.05,50,center,center,True,113.5,3,3,0.015912832258791042,0.12614607508278267,1.56748167323754,1.953542883469446,6.16,2.011,1.568,6.83,1.95,
1127,100,3,56.4,32.4,58.3,4.95,1e-06,0.05,50,0.35,0.40,True,110.9,3,3,1.7923456986314543,1.3387851577573806,4.3112582394884535,4.331980707559559,5.319,0.37,4.428,7.83,2.894,
1143,100,3,4.3,19.6,14.6,2.24,1e-06,0.1,25,0.45,0.55,True,20.1,3,1,0.41103462225071363,0.6411198189501816,4.369473642340788,7.093079527974013,8.483,6.24,4.377,4.972,2.461,
1141,100,3,4.2,30.1,25.1,1.35,1e-06,0.1,25,center,center,True,50.2,3,3,0.00460661761342608,0.06787206799137684,1.5368738910587474,2.8345183873244486,4.574,3.221,1.537,1.026,2.012,
1133,100,3,79.9,1.6,74.9,4.73,1e-06,0.05,80,0.45,0.55,True,121.30000000000001,3,3,0.014258768311998595,0.11941008463274196,0.20753878673962098,0.3714943901903874,4.985,0.258,0.224,12.329,1.713,
1135,100,3,24.8,48.0,47.3,2.13,1e-06,0.05,80,0.60,0.58,True,110.0,3,3,0.04340678588113476,0.20834295255931926,2.964913193087274,10.054458340699178,-8.459,10.591,2.967,8.672,1.82,
1128,100,3,30.6,85.0,83.9,3.58,1e-06,0.05,50,0.45,0.55,True,136.3,3,3,0.03951738669990666,0.1987898053218692,2.979267228626717,4.349064657719284,7.5,3.923,2.98,12.448,2.421,
1138,100,3,27.1,34.0,36.4,1.87,1e-06,0.05,120,0.45,0.55,True,80.7,3,3,0.037044176417381,0.19246863749032206,0.5282913691520386,1.0148185287542408,0.839,1.033,0.531,3.171,1.959,
1134,100,3,47.7,79.8,86.1,4.12,1e-06,0.05,80,0.60,0.45,True,115.60000000000001,3,3,0.14637345107802727,0.3825878344616139,5.549770139973402,10.648416161879714,-8.74,12.86,5.551,0.6,2.288,
1136,100,3,79.6,21.5,76.4,3.59,1e-06,0.05,120,center,center,True,123.9,3,3,3.3202425615685662,1.8221532760908359,1.5041957343514374,2.763320878661737,0.237,3.353,1.574,4.938,1.709,
1022,100,3,97.4,10.3,92.5,1.61,1e-06,0.1,25,0.35,0.40,False,900.0,0,3,105.19468906066533,10.256446219849511,16.460172562063367,29.59599791919226,8.236,6.622,17.896,510.193,3.664,vittima non trovata entro 15 minuti
1137,100,3,88.6,13.0,83.9,1.82,1e-06,0.05,120,0.35,0.40,True,133.1,3,3,0.015111539073413411,0.12292900013183794,1.6230730175318446,2.5680414465255517,4.295,2.472,1.624,5.143,1.812,
1150,100,3,11.2,21.3,17.5,2.84,1e-06,0.1,50,0.60,0.58,True,33.9,3,3,0.26301072452305846,0.5128457122011049,1.574330965198104,1.7668570508851473,1.734,1.109,1.582,1.382,1.79,
1058,100,3,72.3,65.3,90.4,3.63,1e-05,0.05,120,0.45,0.55,False,900.0,2,3,465.3539497744165,21.57206410556061,17.6714579679977,18.330561695134982,7.602,3.969,18.457,257.458,3.478,vittima non trovata entro 15 minuti
1036,100,3,29.0,87.8,86.2,2.05,1e-06,0.1,120,center,center,False,900.0,2,3,219.95616385476234,14.830919184418825,21.139015283303344,21.623975955809502,5.033,2.979,21.691,252.524,3.186,vittima non trovata entro 15 minuti
1031,100,3,88.5,24.4,85.7,4.06,1e-06,0.1,80,center,center,False,900.0,2,3,31.408213724006348,5.604303143478799,9.971745941142348,10.210047870019878,2.127,1.934,10.168,154.894,2.994,vittima non trovata entro 15 minuti
1139,100,3,59.0,1.8,54.1,1.54,1e-06,0.05,120,0.60,0.45,True,107.4,3,3,0.04121573031711041,0.2030165764589444,4.698759840123707,5.005389256664858,1.287,0.257,4.701,4.146,2.872,
1147,100,3,31.4,17.3,29.1,4.22,1e-06,0.1,50,0.35,0.40,True,59.300000000000004,3,3,0.6700725051810704,0.8185795655775133,2.148356601624227,3.05086238958753,6.83,2.611,2.177,3.502,2.624,
1056,100,3,99.2,6.9,94.2,3.6,1e-05,0.05,120,center,center,False,900.0,2,2,211.56076853448698,14.545128687450207,12.797689235662965,13.402955422975,7.586,3.982,17.843,127.37,3.563,vittima non trovata entro 15 minuti
1145,100,3,8.9,35.2,30.5,2.61,1e-06,0.1,25,0.60,0.58,True,77.60000000000001,3,3,0.045110307468185035,0.21239187241555416,0.6158866389428141,2.40641747896735,4.808,2.194,0.632,8.947,1.712,
1142,100,3,18.9,33.7,31.9,1.67,1e-06,0.1,25,0.35,0.40,True,96.2,3,3,0.004964776719791102,0.07046117171741542,2.286516936135211,7.407854507503499,-6.375,8.044,2.287,18.009,1.885,
1140,100,3,47.1,76.0,82.5,4.19,1e-06,0.05,120,0.60,0.58,True,126.0,3,3,0.3944242041050462,0.6280320088220395,0.9782800308435627,2.283546964418225,1.989,2.205,1.079,16.08,1.978,
1146,100,3,58.5,39.6,63.8,4.05,1e-06,0.1,50,center,center,True,103.4,3,3,3.284543955595307,1.8123310833275765,2.9988028744984856,5.630762243015803,-0.465,4.515,3.362,12.591,2.738,
1149,100,3,29.9,34.0,38.2,3.89,1e-06,0.1,50,0.60,0.45,True,95.5,3,3,2.091209207382657,1.4461013821245925,2.6784561271395715,6.846115288988599,-4.018,7.905,2.68,9.801,1.613,
1152,100,3,42.7,27.6,44.0,4.75,1e-06,0.1,80,0.35,0.40,True,91.4,3,3,0.9266936730745572,0.9626492991087445,4.0453633066466645,5.850516231243728,8.813,4.066,4.057,16.625,2.697,
1154,100,3,48.8,8.2,43.9,4.13,1e-06,0.1,80,0.60,0.45,True,103.0,3,2,0.35090576704429294,0.5923729965522508,4.302852594554909,5.589465179811406,4.522,0.394,4.317,13.155,2.903,
1148,100,3,32.0,87.0,86.3,1.64,1e-06,0.1,50,0.45,0.55,True,137.4,3,3,0.016489694244767136,0.12841220442297194,0.8228221483647048,1.2738424899901664,2.723,1.082,0.832,24.054,1.734,
1163,100,3,45.6,24.4,45.0,4.71,1e-05,0.05,25,0.45,0.55,True,73.60000000000001,3,2,0.01573474276074502,0.1254382029556587,0.3892802174535025,0.7725853204992764,5.376,0.663,0.4,3.536,1.883,
1059,100,3,91.1,27.1,88.9,4.04,1e-05,0.05,120,0.60,0.45,False,900.0,2,2,29.48147215486858,5.429684351310726,77.51042665660516,78.37762603539777,-2.474,6.514,77.539,224.279,2.71,vittima non trovata entro 15 minuti
1054,100,3,67.1,60.7,83.4,1.96,1e-05,0.05,80,0.60,0.45,False,900.0,2,2,4.74995507523625,2.179439165298323,51.608464932808204,55.783068203682376,-49.364,51.329,51.638,109.587,2.985,vittima non trovata entro 15 minuti
1156,100,3,86.0,7.5,81.0,3.62,1e-06,0.1,120,center,center,True,116.60000000000001,3,3,0.005645134146642863,0.07513410774503723,5.1439230527022906,10.47283741315506,-8.99,12.608,5.144,8.871,1.238,
1155,100,3,15.7,54.4,50.5,2.71,1e-06,0.1,80,0.60,0.58,True,113.10000000000001,3,3,0.014715498306877167,0.12130745363281337,1.9723725370938145,9.056361686615322,-6.903,9.608,1.973,7.767,1.77,
1153,100,3,43.0,53.9,61.9,4.09,1e-06,0.1,80,0.45,0.55,True,124.4,3,3,0.02946029292017649,0.1716400096719191,0.5130790394177213,0.6837262170238837,3.518,0.568,0.521,18.091,1.961,
1159,100,3,57.8,24.3,56.2,3.74,1e-06,0.1,120,0.60,0.45,True,118.4,3,3,5.835434969693284,2.415664498578659,2.9882179576530685,3.0203284266767523,1.499,2.238,3.171,13.831,2.761,
1160,100,3,75.9,5.2,70.9,3.36,1e-06,0.1,120,0.60,0.58,True,113.60000000000001,3,3,0.08712839906506344,0.2951752006267861,4.4712495060755435,11.162665983210797,-8.35,11.707,4.472,2.244,2.361,
1157,100,3,29.5,36.1,39.6,1.57,1e-06,0.1,120,0.35,0.40,True,116.4,3,3,0.010711980105088571,0.10349869615163551,1.6772831292164017,2.1987120551015384,3.724,2.15,1.679,19.23,1.992,
1164,100,3,15.5,85.7,81.4,3.67,1e-05,0.05,25,0.60,0.45,True,91.80000000000001,3,3,0.2693030718285756,0.5189441895122977,5.954445099432217,10.341118852740184,-10.308,13.979,5.955,3.958,2.298,
1165,100,3,42.8,19.3,40.5,3.25,1e-05,0.05,25,0.60,0.58,True,96.80000000000001,3,2,7.1906082190413665,2.6815309468737007,2.022390985454937,2.1164497334528938,2.005,1.245,2.904,13.592,2.311,
1161,100,3,66.4,91.3,105.9,2.56,1e-05,0.05,25,center,center,True,128.20000000000002,3,3,0.03873554899921479,0.1968134878488128,5.103153938979238,11.854494228271626,-12.044,14.6,5.104,18.626,3.112,
1170,100,3,1.4,30.0,25.3,3.21,1e-05,0.05,50,0.60,0.58,True,68.10000000000001,3,1,0.0030409411430990414,0.05514472905998398,1.1566941130432784,1.8940557285116255,4.926,1.72,1.157,7.022,1.721,
1169,100,3,73.1,9.1,68.2,4.81,1e-05,0.05,50,0.60,0.45,True,94.30000000000001,3,1,0.01203538163447999,0.10970588696364471,0.5014568186194097,0.520796867721851,5.008,0.198,0.502,9.09,2.022,
1158,100,3,12.0,68.2,63.6,3.35,1e-06,0.1,120,0.45,0.55,True,134.6,3,3,0.008188228235954899,0.09048882934348802,0.819865409836432,1.4926432398109766,4.745,1.398,0.821,16.36,1.726,
1079,100,3,84.6,6.8,79.6,1.73,1e-05,0.1,120,0.60,0.45,False,900.0,1,1,nan,nan,24.476060392327042,26.68116988052663,26.253,24.523,24.476,533.715,2.814,vittima non trovata entro 15 minuti
1168,100,3,76.2,28.7,75.0,3.94,1e-05,0.05,50,0.45,0.55,True,98.4,3,3,0.9281241212016903,0.9633919873040726,0.9903189954932738,2.8638245816482644,0.859,3.085,1.004,4.353,1.647,
1167,100,3,25.3,75.2,73.0,2.51,1e-05,0.05,50,0.35,0.40,True,96.60000000000001,3,3,0.16712212501614068,0.40880573016549154,0.5541004975438708,0.7060425699584818,3.156,0.642,0.666,4.378,1.818,
1091,100,3,97.3,45.5,100.8,1.34,1e-07,0.05,80,center,center,False,900.0,1,3,5.067181692749797,2.251040135748316,1.0587790606536296,10.468437761891915,-9.074,10.415,1.948,141.331,2.908,vittima non trovata entro 15 minuti
1186,100,3,17.3,5.6,12.3,3.23,1e-05,0.1,50,center,center,True,28.6,3,3,3.5409593137311366,1.881743689701426,2.4964571823524753,2.625972674460113,1.52,1.71,3.054,3.248,3.334,
1067,100,3,4.0,98.8,93.8,2.78,1e-05,0.1,50,0.35,0.40,False,900.0,2,3,1417.033370045303,37.64350368981749,50.37182131121531,51.782485178438044,14.781,12.004,52.428,593.015,2.89,vittima non trovata entro 15 minuti
1171,100,3,75.9,25.6,73.8,2.41,1e-05,0.05,80,center,center,True,104.4,3,3,0.012750199819536817,0.11291678271867657,4.139220263462986,8.2423118091402,-7.588,9.996,4.14,3.871,1.713,
1172,100,3,30.6,63.0,63.4,3.79,1e-05,0.05,80,0.35,0.40,True,88.80000000000001,3,3,7.20875371978537,2.684912236886966,3.4856625552017246,3.493202126758853,2.26,1.535,4.032,5.651,2.17,
1174,100,3,41.8,34.9,47.4,3.97,1e-05,0.05,80,0.60,0.45,True,91.30000000000001,3,2,2.4654871692300464,1.570186985435189,1.270223420286854,5.832290504453072,-2.52,6.488,1.402,1.687,1.832,
1175,100,3,55.0,58.8,73.5,1.67,1e-05,0.05,80,0.60,0.58,True,86.30000000000001,3,3,0.009101701484673248,0.09540283792777471,0.2504463909705996,2.2691085705740655,4.092,2.418,0.264,7.229,1.673,
1177,100,3,56.6,18.6,53.3,3.22,1e-05,0.05,120,0.35,0.40,True,103.7,3,1,0.009061015789411087,0.09518936804817588,1.0674353179674791,1.1179405001342788,3.919,0.697,1.069,2.15,1.707,
1178,100,3,90.5,95.4,124.4,1.02,1e-05,0.05,120,0.45,0.55,True,104.7,3,3,0.06649711666303688,0.25787034855337065,4.647936236251188,6.742178477174608,5.9,4.884,4.648,7.662,2.366,
1176,100,3,69.8,86.1,103.8,4.34,1e-05,0.05,120,center,center,True,115.10000000000001,3,3,0.021139127160058988,0.14539300932320987,0.5831747537920831,1.149003484275742,5.581,1.244,0.593,6.279,1.969,
1183,100,3,74.2,21.1,71.0,2.06,1e-05,0.1,25,0.45,0.55,True,100.80000000000001,3,3,0.015240096452819523,0.12345078554962509,0.6960245288224142,1.401555190481945,3.519,1.458,0.702,18.393,1.617,
1182,100,3,55.3,42.8,62.9,1.71,1e-05,0.1,25,0.35,0.40,True,97.2,3,3,0.07450330520188579,0.27295293587335856,1.1374476511228937,1.2282539742078054,2.586,0.871,1.162,7.16,2.082,
1180,100,3,79.4,80.3,105.9,3.89,1e-05,0.05,120,0.60,0.58,True,112.9,3,3,0.004170429440053428,0.06457886217682554,0.5409498515438348,0.9214263957334632,4.538,0.648,0.544,12.522,1.701,
1185,100,3,29.3,92.8,91.1,1.89,1e-05,0.1,25,0.60,0.58,True,98.0,3,3,0.14399237688411295,0.37946327475015673,2.9294290582783735,3.1496774031566206,3.046,1.157,2.93,3.775,2.379,
1191,100,3,45.0,17.2,41.9,3.62,1e-05,0.1,80,center,center,True,75.0,3,2,0.004550433974601602,0.0674569045732281,0.45336732654057865,1.4264774868839352,4.861,1.242,0.458,5.093,2.034,
1190,100,3,65.7,39.7,69.9,1.58,1e-05,0.1,50,0.60,0.58,True,112.5,3,3,0.015854040274985097,0.12591282807952928,1.4123970712324143,2.6085440404652482,4.459,2.879,1.415,12.643,1.69,
1199,100,3,5.4,37.0,32.0,1.41,1e-05,0.1,120,0.60,0.45,True,54.7,3,2,0.006084397413377817,0.07800254748005232,1.0778978434190245,1.216824658100112,1.172,0.24,1.079,2.246,1.608,
1194,100,3,46.3,6.6,41.3,4.2,1e-05,0.1,80,0.60,0.45,True,87.30000000000001,3,2,10.855124678208297,3.2947116229206306,3.109883701739217,4.727472965557674,-1.545,5.746,3.68,8.597,2.602,
1192,100,3,99.4,98.3,132.8,4.45,1e-05,0.1,80,0.35,0.40,True,126.80000000000001,3,3,0.05892025593466546,0.24273494996531805,2.5126316488500415,3.2270855687498115,6.472,2.025,2.514,20.34,2.0,
1193,100,3,98.1,86.7,123.9,4.36,1e-05,0.1,80,0.45,0.55,True,106.60000000000001,3,3,0.03245316397837693,0.180147617187619,3.0801056572261234,3.1828374512725555,5.16,0.802,3.08,12.291,2.331,
1195,100,3,67.3,80.2,97.7,4.22,1e-05,0.1,80,0.60,0.58,True,109.0,3,3,0.009671823938779573,0.09834543171281304,1.7175634539605236,3.9910798874344384,7.607,3.389,1.719,6.609,1.803,
1196,100,3,70.6,93.1,109.8,4.02,1e-05,0.1,120,center,center,True,112.2,3,3,0.004866319791652404,0.06975901226115809,0.9758350279038843,2.9722921564412883,1.217,2.808,0.978,6.817,1.742,
1198,100,3,52.3,32.9,54.9,2.4,1e-05,0.1,120,0.45,0.55,True,98.2,3,3,0.027739191132882143,0.166550866502946,0.7544935584614796,1.94306556326496,4.427,2.031,0.756,16.751,1.872,
1200,100,3,66.2,31.8,66.8,4.28,1e-05,0.1,120,0.60,0.58,True,99.60000000000001,3,3,1.2427581913277768,1.1147906491031294,1.7554830249696087,7.780231334567124,-4.107,8.389,1.831,8.366,1.744,
1197,100,3,19.0,86.5,82.7,3.92,1e-05,0.1,120,0.35,0.40,True,127.60000000000001,3,3,0.1310546239608655,0.36201467368169693,3.380181670020102,8.986637867006543,-5.92,9.841,3.387,32.561,2.401,
1119,100,3,58.1,95.7,105.1,2.86,1e-07,0.1,120,0.60,0.45,False,900.0,1,3,7.178768167582542,2.679322333647548,3.2370612330561626,3.252373228311448,3.178,0.315,3.789,545.408,1.894,vittima non trovata entro 15 minuti
1205,100,4,79.4,31.7,79.0,1.81,1e-07,0.05,25,0.60,0.58,True,124.60000000000001,3,4,10.721472615694747,3.2743659868277932,4.243300000957557,4.4591374087806,3.404,1.592,5.297,9.973,2.879,
1217,100,4,8.6,1.2,5.2,2.84,1e-07,0.05,120,0.35,0.40,True,0.2,3,2,0.04823737325119376,0.21963008275551363,3.6689141962409764,3.6697256318592504,4.208,1.372,3.674,3.683,3.607,
1075,100,3,33.4,96.5,95.8,2.93,1e-05,0.1,80,0.60,0.58,False,900.0,0,3,215.9232989111531,14.69432880097465,206.08067175034503,207.22516983766968,6.717,3.783,206.133,630.689,3.78,vittima non trovata entro 15 minuti
1206,100,4,30.1,48.8,50.4,3.54,1e-07,0.05,50,center,center,True,94.4,3,4,0.3305458448134608,0.5749311652828195,3.060890617072649,4.428685056775494,2.468,1.076,3.091,4.854,2.205,
1109,100,3,99.3,85.3,123.9,4.37,1e-07,0.1,50,0.60,0.45,False,900.0,1,1,nan,nan,0.6390568086162395,7.227457538442904,11.566,7.199,0.639,222.268,2.132,vittima non trovata entro 15 minuti
1214,100,4,25.7,23.3,27.6,3.25,1e-07,0.05,80,0.60,0.45,True,48.300000000000004,3,4,0.6880722202116409,0.829501187589048,1.0355702926729662,6.3813597490604765,-3.458,6.704,1.261,1.314,2.208,
1203,100,4,78.0,88.4,110.8,1.74,1e-07,0.05,25,0.45,0.55,True,123.10000000000001,3,4,1.114358699345455,1.0556318957598123,1.2380417311984517,1.4540982588205413,2.747,1.009,1.599,9.258,1.909,
1202,100,4,83.2,80.1,108.4,1.45,1e-07,0.05,25,0.35,0.40,True,134.6,3,4,3.1048472105061564,1.7620576637857674,1.0368430427256892,1.0386609633325405,1.732,0.278,1.188,8.641,1.933,
1209,100,4,40.6,57.9,63.7,1.27,1e-07,0.05,50,0.60,0.45,True,100.80000000000001,3,4,0.018498817953670876,0.1360103597292165,1.9499754800996982,5.859901950191891,-5.411,6.682,1.952,3.26,1.951,
1215,100,4,16.5,36.0,33.1,2.78,1e-07,0.05,80,0.60,0.58,True,62.2,3,4,0.1355962736138973,0.36823399301788706,0.10732896798038076,4.431000972201807,-1.661,4.44,0.343,0.567,2.358,
1207,100,4,88.6,36.5,89.3,3.6,1e-07,0.05,50,0.35,0.40,True,135.20000000000002,3,4,0.004675698320944334,0.06837907809370009,1.0294862057546765,1.182543929994378,2.937,0.66,1.031,15.211,1.679,
1208,100,4,7.1,91.5,86.5,1.53,1e-07,0.05,50,0.45,0.55,True,121.9,3,4,0.04897672550054721,0.22130685823206475,2.5846075356144054,24.30469428225896,9.02,7.489,2.586,3.56,2.125,
1220,100,4,19.8,16.8,19.0,3.25,1e-07,0.05,120,0.60,0.58,True,33.5,3,4,0.010077355565117184,0.10038603271928413,1.3226613097474094,4.530336859661772,-0.96,4.206,1.325,0.997,1.832,
1211,100,4,38.9,72.4,75.5,2.6,1e-07,0.05,80,center,center,True,105.5,3,4,0.26654973265140924,0.5162845462062653,0.7239249482892514,1.8303287782149111,4.251,1.651,0.869,3.689,2.531,
1212,100,4,82.4,14.4,78.0,1.9,1e-07,0.05,80,0.35,0.40,True,116.80000000000001,3,4,0.017954914245890338,0.13399594861745015,0.7509011170487184,1.222685945943911,3.089,1.191,0.751,7.181,1.728,
1210,100,4,30.6,88.6,87.4,2.99,1e-07,0.05,50,0.60,0.58,True,118.0,3,4,1.3196674611826178,1.1487678012473268,0.4144296867236933,4.085734558112089,-1.185,4.179,1.092,9.021,1.759,
1201,100,4,5.8,94.5,89.5,3.46,1e-07,0.05,25,center,center,False,180.60000000000002,3,4,6.054776272103487,2.4606454990720397,22.50431950379433,54.53851803385515,28.465,25.004,22.552,23.151,3.01,vittima non trovata entro 15 minuti
1219,100,4,39.8,5.7,34.8,2.72,1e-07,0.05,120,0.60,0.45,True,57.6,3,4,0.7001963717901716,0.8367773728956654,7.231352001790836,9.275119803127907,11.799,9.083,7.235,7.467,3.279,
1118,100,3,86.2,51.7,93.7,2.21,1e-07,0.1,120,0.45,0.55,False,900.0,2,3,2.6674446100282285,1.63323134002144,2.0991169445931064,4.039090104961304,-0.716,2.929,2.261,158.915,2.665,vittima non trovata entro 15 minuti
1213,100,4,84.3,68.0,101.3,3.32,1e-07,0.05,80,0.45,0.55,True,133.3,3,4,0.9414158848541443,0.9702658835876609,1.5494877698926073,5.334156732667791,-2.567,5.885,1.609,7.664,1.791,
1216,100,4,62.8,29.3,62.7,1.43,1e-07,0.05,120,center,center,True,106.9,3,4,1.4611573975613077,1.2087834369982522,1.650854777704707,2.7674919486798726,4.014,2.585,1.985,5.551,2.458,
1223,100,4,54.1,6.9,49.2,3.18,1e-07,0.1,25,0.45,0.55,True,84.4,3,4,0.0880558727275194,0.296742098003501,2.1120111581509455,4.59885389400511,6.667,3.485,2.118,5.739,2.917,
1224,100,4,33.1,64.7,66.0,2.25,1e-07,0.1,25,0.60,0.45,True,88.30000000000001,3,4,0.29498979150123406,0.5431296267938567,1.9392189436227132,5.831969872235442,-4.298,6.544,1.993,8.097,2.069,
1218,100,4,85.2,86.1,114.0,3.86,1e-07,0.05,120,0.45,0.55,True,137.0,3,4,0.010943017821170306,0.10460888022137656,0.22634627165915178,0.848185045694875,4.73,0.872,0.243,7.428,1.65,
1107,100,3,75.4,70.7,96.2,4.68,1e-07,0.1,50,0.35,0.40,False,900.0,2,3,7.378890515711451,2.716411330360601,2.861208269651985,3.3525851971883665,6.809,2.134,3.085,243.523,3.973,vittima non trovata entro 15 minuti
1225,100,4,57.5,95.7,104.8,1.29,1e-07,0.1,25,0.60,0.58,True,117.4,3,4,0.01988128515565838,0.14100101118665206,0.48346791220493934,0.7543571782718823,1.872,0.579,0.5,15.084,1.64,
1229,100,4,29.3,84.6,83.3,2.61,1e-07,0.1,50,0.60,0.45,True,95.80000000000001,3,4,0.04301845983194829,0.20740891936449668,1.9333613758538142,5.821124834036874,-4.397,7.005,1.937,5.135,1.926,
1227,100,4,39.3,42.7,50.9,4.71,1e-07,0.1,50,0.35,0.40,True,90.7,3,4,0.024547246602658772,0.15667560946956222,0.7348228595127148,2.6769678006294972,2.038,2.674,0.749,6.649,2.232,
1236,100,4,32.4,19.5,31.0,2.65,1e-07,0.1,120,center,center,True,59.7,3,4,0.17042522180064634,0.4128258976864779,2.144109450229451,4.736485381834709,-2.99,5.642,2.163,2.222,1.848,
1222,100,4,73.8,93.4,112.0,4.96,1e-07,0.1,25,0.35,0.40,True,135.9,3,4,0.016130414153159398,0.1270055674100919,2.6694268907465295,2.670687164577791,5.039,0.082,2.67,25.16,2.391,
1238,100,4,4.3,25.0,20.0,3.14,1e-07,0.1,120,0.45,0.55,True,35.9,3,4,0.0893560659401816,0.2989248499877212,2.5021335040175643,3.851805890061602,6.195,3.05,2.505,4.541,2.063,
1228,100,4,81.2,65.6,97.3,1.13,1e-07,0.1,50,0.45,0.55,True,116.30000000000001,3,4,0.002820620204545916,0.05310951143200167,1.3361970970643315,4.295852219723187,-3.62,4.749,1.337,14.186,1.714,
1221,100,4,87.8,43.3,91.2,2.14,1e-07,0.1,25,center,center,True,140.4,3,4,0.684176609806294,0.8271496900841431,2.550116022547923,4.10877777126264,-2.777,4.917,2.652,0.96,2.156,
1226,100,4,72.5,38.9,75.6,3.46,1e-07,0.1,50,center,center,True,131.70000000000002,3,4,0.023184816798243073,0.15226561265841698,1.1936812841821218,1.3815292454433643,4.957,1.497,1.199,14.689,2.192,
1240,100,4,29.8,1.5,25.0,2.11,1e-07,0.1,120,0.60,0.58,True,42.300000000000004,4,4,1.049608278264665,1.0245039181304603,3.9243982020900074,8.094864596687957,9.131,7.019,3.995,3.48,3.324,
1232,100,4,65.4,1.7,60.5,2.14,1e-07,0.1,80,0.35,0.40,True,100.5,3,3,0.5270299285706574,0.7259682696720687,5.377837886038199,7.110276630067055,7.639,5.502,5.383,3.726,2.546,
1233,100,4,68.8,29.8,68.4,2.82,1e-07,0.1,80,0.45,0.55,True,91.7,3,4,0.17441752213708075,0.417633238783841,3.0540802969803837,4.633013157489618,5.783,2.964,3.078,8.823,2.479,
1230,100,4,15.9,89.7,85.4,1.25,1e-07,0.1,50,0.60,0.58,True,114.4,3,4,0.03259780051556031,0.18054860984111817,0.5564437367591414,1.2615894972207278,-0.631,1.878,0.569,10.734,1.646,
1231,100,4,71.7,55.8,83.8,1.02,1e-07,0.1,80,center,center,True,116.10000000000001,3,4,0.6232205446775395,0.7894431864786341,0.9443376567946936,2.2800415827330065,-1.715,2.733,1.007,13.744,1.644,
1235,100,4,97.5,34.1,97.0,2.5,1e-07,0.1,80,0.60,0.58,True,122.2,3,4,7.520738772588641,2.742396538173982,1.9532929130566508,2.671180758943282,0.68,1.822,2.414,11.951,1.904,
1151,100,3,90.7,47.1,95.5,4.83,1e-06,0.1,80,center,center,False,900.0,1,3,10.6747250846096,3.267219779049092,0.6149365323285962,0.6603664493223482,5.071,0.241,3.239,465.469,2.464,vittima non trovata entro 15 minuti
1254,100,4,16.3,5.4,11.3,3.93,1e-06,0.05,80,0.60,0.45,True,14.200000000000001,3,4,0.25095593398398525,0.500955021917123,0.1890652120285582,4.517307156615574,-0.522,4.447,0.49,0.418,2.118,
1234,100,4,80.6,1.3,75.7,1.07,1e-07,0.1,80,0.60,0.45,True,135.4,3,4,0.05199748521623679,0.22802957092499382,0.9469539780587518,4.446609065338578,-3.664,4.731,0.971,11.098,1.687,
1243,100,4,30.9,39.4,43.0,1.43,1e-06,0.05,25,0.45,0.55,True,81.2,3,4,0.01640657619660456,0.1280881579093265,0.6150406962554108,1.275775710771037,0.08,1.346,0.62,3.883,1.719,
1237,100,4,49.2,54.1,66.0,4.78,1e-07,0.1,120,0.35,0.40,True,114.0,3,4,0.02958252250907489,0.17199570491461375,1.340406035829617,1.652385743321245,6.184,1.408,1.347,7.113,1.832,
1239,100,4,83.3,96.5,120.4,2.28,1e-07,0.1,120,0.60,0.45,True,131.20000000000002,3,3,7.953275319909894,2.8201551942951464,3.878631650113128,13.05310938251867,-10.182,12.464,4.272,26.01,2.744,
1250,100,4,41.9,7.0,36.9,4.45,1e-06,0.05,50,0.60,0.58,True,71.3,3,3,2.0408313457470393,1.4285766852875064,3.7545538265839107,8.070407169717106,9.807,5.358,3.766,7.144,2.366,
1242,100,4,50.3,38.6,56.4,3.8,1e-06,0.05,25,0.35,0.40,True,108.2,4,4,0.013011869536715548,0.11406958199588332,0.8158490357957414,1.019005791514556,3.467,0.329,0.823,3.821,1.782,
1248,100,4,13.7,49.6,45.5,1.7,1e-06,0.05,50,0.45,0.55,True,91.7,3,4,0.003877200970653372,0.062267174102036874,0.5133880502285243,0.5401291923559627,1.526,0.172,0.516,4.515,1.707,
1265,100,4,0.1,5.9,5.0,4.81,1e-06,0.1,25,0.60,0.58,True,0.30000000000000004,3,2,0.5828231473547298,0.7634285476419714,4.78140539314913,4.93201785881244,6.109,1.3,4.788,4.762,3.551,
1241,100,4,63.7,22.6,61.3,2.98,1e-06,0.05,25,center,center,True,107.10000000000001,3,4,30.85907733003056,5.555094718367146,2.506627870790286,10.210773982138646,14.493,11.511,4.156,13.163,2.645,
1244,100,4,66.1,37.2,69.1,1.38,1e-06,0.05,25,0.60,0.45,True,111.4,3,4,25.62471907659066,5.062086435116519,0.3800338621609104,4.319808386436062,5.922,4.545,4.044,9.288,2.222,
1251,100,4,10.2,74.5,69.7,1.89,1e-06,0.05,80,center,center,True,104.60000000000001,3,4,0.4070254432328577,0.6379854569132887,5.962687068341096,6.838038607009148,8.794,6.907,5.964,3.533,2.555,
1117,100,3,47.5,99.2,103.4,2.63,1e-07,0.1,120,0.35,0.40,False,900.0,0,3,10.250036267700088,3.2015677827745717,19.348981182590926,19.873463437034534,14.927,12.293,19.595,301.031,3.678,vittima non trovata entro 15 minuti
1256,100,4,37.0,61.1,64.6,3.76,1e-06,0.05,120,center,center,True,102.2,3,4,0.023961784113142308,0.15479594346475073,0.4311026969437916,1.258048672154891,4.83,1.074,0.449,3.612,2.427,
1261,100,4,19.7,20.3,21.2,4.66,1e-06,0.1,25,center,center,True,38.900000000000006,3,4,0.06462719053596407,0.2542187847818569,0.6638679078023829,1.0661000048870677,5.081,0.423,0.693,1.586,2.33,
1255,100,4,35.9,39.5,46.3,4.68,1e-06,0.05,80,0.60,0.58,True,94.4,3,4,0.04940601947982669,0.2222746487565028,2.1278354626141454,12.230204494746674,-7.991,12.666,2.128,4.737,1.827,
1247,100,4,58.9,79.8,92.2,2.43,1e-06,0.05,50,0.35,0.40,True,122.30000000000001,3,4,0.0293615033781335,0.1713519867936567,0.38329643375657885,3.5407347295611986,-1.086,3.517,0.418,6.854,1.623,
1166,100,3,94.2,30.0,92.6,4.9,1e-05,0.05,50,center,center,False,900.0,1,3,23.47667307049393,4.845273270982136,6.28766550961912,7.5966855105238125,9.162,4.263,7.174,230.748,2.975,vittima non trovata entro 15 minuti
1162,100,3,66.9,1.4,62.0,2.24,1e-05,0.05,25,0.35,0.40,False,900.0,2,1,0.011080479551387959,0.10526385681414091,77.11485857284694,77.551163225847,39.185,36.945,77.115,132.036,5.253,vittima non trovata entro 15 minuti
1258,100,4,10.7,53.0,48.4,2.05,1e-06,0.05,120,0.45,0.55,True,97.2,3,4,0.0237688697052394,0.15417155932674287,1.7493268966408317,3.477169010598723,5.367,3.318,1.75,2.977,1.873,
1249,100,4,91.8,47.2,96.5,3.21,1e-06,0.05,50,0.60,0.45,True,168.60000000000002,3,4,0.2995017951684754,0.547267571822482,0.6134993379757981,0.7747301454842069,3.683,0.473,0.617,18.773,1.919,
1257,100,4,68.4,87.7,104.3,3.44,1e-06,0.05,120,0.35,0.40,True,131.4,3,4,0.00882885647534501,0.09396199484549596,0.4789531510151409,7.389076753992522,-4.128,7.571,0.48,9.369,1.676,
1259,100,4,83.2,14.7,78.8,2.07,1e-06,0.05,120,0.60,0.45,True,114.0,3,4,0.6481278304753461,0.805063867326901,4.073954830646994,6.066233440066111,7.983,5.913,4.084,8.629,2.868,
1144,100,3,85.7,84.3,113.2,2.95,1e-06,0.1,25,0.60,0.45,False,900.0,1,3,55.92118458314487,7.478046842802262,4.1286891301998745,5.7245362567252736,-0.352,3.306,5.766,170.921,2.561,vittima non trovata entro 15 minuti
1246,100,4,99.4,73.9,116.8,3.33,1e-06,0.05,50,center,center,True,191.70000000000002,3,4,0.17881409398850068,0.4228641554784476,3.8582203458120925,5.662279053496845,-0.811,4.144,3.862,16.324,2.499,
1252,100,4,89.2,58.7,99.9,1.06,1e-06,0.05,80,0.35,0.40,True,183.4,3,4,0.30070897699988564,0.5483693800713946,1.2700831042441039,2.019115258904871,9.823,8.761,1.289,17.024,1.936,
1264,100,4,34.3,45.3,49.8,4.39,1e-06,0.1,25,0.60,0.45,True,97.9,3,4,0.282055439560917,0.5310889186952755,2.63239089618476,8.128991526979004,-4.159,8.552,2.681,10.723,2.056,
1266,100,4,39.4,10.7,34.9,3.39,1e-06,0.1,50,center,center,True,77.2,3,4,0.1870181964637378,0.4324560052349115,2.051917004345508,2.766122145300849,6.585,3.198,2.052,8.708,2.262,
1253,100,4,95.7,86.2,121.8,4.8,1e-06,0.05,80,0.45,0.55,True,159.9,3,4,0.015940818484839105,0.12625695420387387,0.3033787342621388,0.47891319789166126,5.171,0.371,0.308,14.942,1.919,
1260,100,4,77.3,98.0,117.8,2.38,1e-06,0.05,120,0.60,0.58,True,123.60000000000001,3,4,0.043141297311182984,0.20770483218062835,1.574562598392402,4.35990571355625,6.442,4.066,1.581,8.815,1.844,
1270,100,4,5.3,44.2,39.2,3.77,1e-06,0.1,50,0.60,0.58,True,82.5,3,3,0.6752824381834046,0.8217557046856472,1.9348453795606406,7.116305154565275,-3.61,7.382,1.954,3.55,1.616,
1271,100,4,24.5,64.9,62.9,2.4,1e-06,0.1,80,center,center,True,109.10000000000001,3,4,0.02305697780287779,0.1518452429379261,0.9038575284225727,1.1221627708965756,3.69,1.289,0.909,11.415,2.189,
1263,100,4,51.2,50.2,64.7,3.27,1e-06,0.1,25,0.45,0.55,True,132.4,3,4,0.4432960170856217,0.6658047890227448,1.6851620188060954,2.3468760404811873,5.591,2.317,1.695,21.763,2.236,
1269,100,4,55.7,32.9,57.9,3.09,1e-06,0.1,50,0.60,0.45,True,128.3,3,4,0.015419417697551578,0.12417494794664333,2.5312856918039164,7.937872189400968,-6.108,9.198,2.534,23.916,1.641,
1268,100,4,97.4,45.3,100.8,4.54,1e-06,0.1,50,0.45,0.55,True,144.3,3,4,0.0064038038005847925,0.08002377022225829,0.28189329140997144,0.7469689316006168,5.229,0.692,0.287,29.017,1.762,
1276,100,4,74.1,78.3,100.7,3.86,1e-06,0.1,120,center,center,True,122.0,3,4,0.00906263668019285,0.09519788170013475,0.2206749715281205,0.22068640655019842,3.746,0.115,0.222,13.793,1.758,
1284,100,4,30.8,47.6,49.8,2.42,1e-05,0.05,25,0.60,0.45,True,62.400000000000006,3,4,3.5685979191862827,1.889073296403896,1.2842903938293815,2.2235581580835055,3.778,1.36,1.848,3.744,2.095,
1267,100,4,27.5,79.1,77.5,1.16,1e-06,0.1,50,0.35,0.40,True,131.4,3,4,0.21386840621931733,0.4624590859949854,3.508477668847306,8.877606989676817,-8.89,10.052,3.517,12.032,2.17,
1294,100,4,12.8,11.1,10.0,2.21,1e-05,0.05,80,0.60,0.45,True,3.4000000000000004,3,3,0.19608449333973305,0.4428142876418206,3.189704516127614,6.477021366325903,8.98,6.768,3.194,3.219,1.995,
1282,100,4,34.5,50.9,54.6,4.3,1e-05,0.05,25,0.35,0.40,True,69.2,3,4,0.039068987802957644,0.19765876606656646,1.1636302515326626,1.8483768063899588,6.155,1.858,1.178,2.057,1.702,
1275,100,4,65.4,67.2,86.7,2.42,1e-06,0.1,80,0.60,0.58,True,121.30000000000001,3,4,0.014022926667705084,0.11841843888392163,1.6534789274543518,6.3424564029859125,-4.101,6.519,1.657,8.725,1.767,
1273,100,4,91.0,71.9,109.0,2.4,1e-06,0.1,80,0.45,0.55,True,145.70000000000002,3,4,0.005536722585695037,0.074409156598466,0.4210811675220576,1.2917040588067068,3.618,1.221,0.423,19.259,1.659,
1283,100,4,37.7,73.9,76.3,4.2,1e-05,0.05,25,0.45,0.55,True,80.2,3,4,0.0068992996159189,0.08306202270543922,2.728749170843145,3.9684848928906544,7.655,3.455,2.729,3.473,1.95,
1281,100,4,67.5,32.8,68.4,3.85,1e-05,0.05,25,center,center,True,101.0,3,4,0.4321405927351427,0.657374012823098,0.34153604902411433,0.4686928524949107,3.986,0.14,0.684,2.206,2.28,
1277,100,4,92.2,49.5,97.9,1.99,1e-06,0.1,120,0.35,0.40,True,130.3,3,4,0.013991556392831932,0.11828590952785514,2.4805723244209026,4.428803204294604,5.658,3.669,2.482,11.731,1.658,
1173,100,3,100.0,65.6,112.7,1.1,1e-05,0.05,80,0.45,0.55,False,900.0,2,2,5975.604735480786,77.30203577837253,108.1100787851736,108.31894487618798,-9.879,10.975,113.919,426.593,3.573,vittima non trovata entro 15 minuti
1279,100,4,48.4,61.7,71.5,3.97,1e-06,0.1,120,0.60,0.45,True,91.60000000000001,3,4,0.013025707545945613,0.11413022187810559,0.7486273752843007,1.9348092288734273,2.703,1.272,0.756,7.603,1.586,
1274,100,4,41.5,91.0,93.5,1.38,1e-06,0.1,80,0.60,0.45,True,148.1,3,4,0.003682389875068931,0.06068269831730401,1.127607666776255,1.4019780807511868,0.546,0.833,1.129,26.221,1.638,
1303,100,4,12.9,17.6,14.9,3.47,1e-05,0.1,25,0.45,0.55,True,9.1,3,2,0.9071159453371676,0.9524263464106647,3.923990260717278,4.854242000671177,7.234,3.768,3.926,4.203,2.489,
1289,100,4,23.2,85.8,82.8,4.15,1e-05,0.05,50,0.60,0.45,True,85.80000000000001,3,4,0.014057898870446395,0.11856601060357219,3.111357588961291,8.343220533444255,-6.191,10.345,3.112,1.188,1.984,
1280,100,4,23.5,70.9,68.4,4.76,1e-06,0.1,120,0.60,0.58,True,104.7,3,4,1.4303192745635709,1.1959595622610202,2.5913465947730203,4.5177338444410555,0.069,4.689,2.596,2.275,1.943,
1287,100,4,76.6,33.7,77.1,1.11,1e-05,0.05,50,0.35,0.40,True,97.4,3,4,0.011174840303311905,0.10571111721721564,0.9508263527659258,1.9643821954677565,3.139,2.031,0.953,4.586,1.663,
1285,100,4,56.9,98.0,106.5,1.88,1e-05,0.05,25,0.60,0.58,True,97.30000000000001,3,4,0.029468197753204917,0.17166303548872983,1.0136331762668178,2.0627372350077615,3.672,1.797,1.019,3.515,2.005,
1291,100,4,15.0,47.6,43.8,2.58,1e-05,0.05,80,center,center,True,73.2,3,3,0.2890609739338788,0.5376439099756258,4.0142476007905055,5.083494874392115,7.309,4.725,4.019,3.24,2.61,
1278,100,4,8.6,71.1,66.2,1.63,1e-06,0.1,120,0.45,0.55,True,109.4,3,4,0.04439570232620639,0.21070287688165626,0.4007589602532207,0.4490224481621668,1.92,0.287,0.422,10.935,1.664,
1286,100,4,56.8,92.3,101.5,2.06,1e-05,0.05,50,center,center,True,97.5,3,4,0.07166741418296751,0.2677077028831399,0.11462091404173136,0.17592375853910086,1.927,0.133,0.275,2.92,1.669,
1304,100,4,21.3,7.4,16.5,4.55,1e-05,0.1,25,0.60,0.45,True,19.0,3,4,2.595246513630336,1.6109768817802246,1.3607506525616406,2.802281905363639,2.841,1.709,2.104,1.714,2.623,
1292,100,4,32.3,27.7,35.5,3.22,1e-05,0.05,80,0.35,0.40,True,60.6,3,3,0.011854306323653259,0.10887748308834687,0.7203183137392174,2.877110613410979,5.734,2.515,0.723,2.403,1.667,
1288,100,4,56.5,43.2,64.1,4.4,1e-05,0.05,50,0.45,0.55,True,94.2,3,4,0.9302554184606653,0.9644974953107267,0.23746079251089142,5.665392658600365,-1.36,5.759,0.962,1.533,1.72,
1308,100,4,4.0,22.5,17.5,2.26,1e-05,0.1,50,0.45,0.55,True,10.9,3,2,0.03560152608767359,0.1886836667220393,1.7823938350712805,3.2468406265628853,5.433,3.17,1.783,2.2,2.04,
1317,100,4,9.1,2.3,4.9,4.93,1e-05,0.1,120,0.35,0.40,True,0.2,3,2,0.4987473310332083,0.7062204549807435,4.260347088078984,4.2674018770084325,6.676,1.749,4.297,4.308,3.784,
1290,100,4,11.7,64.5,59.9,2.07,1e-05,0.05,50,0.60,0.58,True,73.2,3,3,3.0512503056216405,1.7467828444376365,4.381077446122151,6.037257793575897,-3.416,5.491,4.703,3.556,2.455,
1184,100,3,97.4,93.2,127.8,2.59,1e-05,0.1,25,0.60,0.45,False,900.0,2,1,58.072367222328225,7.620522765685319,70.73647779401286,70.76169734861675,4.483,1.889,70.82,568.946,3.38,vittima non trovata entro 15 minuti
1179,100,3,89.8,43.9,93.2,3.71,1e-05,0.05,120,0.60,0.45,False,900.0,2,2,0.9628613869790938,0.981255006091227,73.23549381998852,73.38880746514195,-21.886,25.594,73.236,220.866,3.295,vittima non trovata entro 15 minuti
1295,100,4,24.9,29.4,31.5,1.64,1e-05,0.05,80,0.60,0.58,True,53.300000000000004,3,4,0.8249005939525894,0.9082403833526614,1.4369366544593367,5.961847066082676,-4.619,6.262,1.575,1.192,1.693,
1315,100,4,2.9,17.1,12.3,3.18,1e-05,0.1,80,0.60,0.58,True,15.4,3,2,1.466827472015647,1.211126530142762,1.5384124551215794,9.173884376113193,-6.164,9.347,1.604,2.712,1.776,
1297,100,4,24.1,37.8,37.9,4.8,1e-05,0.05,120,0.35,0.40,True,57.1,3,4,4.139797724331907,2.034649287796771,3.6963201840073765,9.066803594671708,-4.835,9.639,4.065,4.994,2.315,
1189,100,3,61.6,97.3,108.3,1.6,1e-05,0.1,50,0.60,0.45,False,900.0,2,3,3837.828658209478,61.95021112320343,84.22709562499388,84.30182995999401,18.985,17.381,87.398,349.649,2.88,vittima non trovata entro 15 minuti
1187,100,3,30.0,3.3,25.0,3.0,1e-05,0.1,50,0.35,0.40,False,900.0,2,2,325.35184493376795,18.03751216032211,22.400554242092475,24.66721926026895,13.477,10.478,24.618,381.883,3.431,vittima non trovata entro 15 minuti
1296,100,4,6.6,55.4,50.4,3.89,1e-05,0.05,120,center,center,True,75.5,3,3,0.011945567061186825,0.10929577787447613,2.124611060610291,2.9109791969787167,6.746,2.86,2.125,1.655,2.175,
1181,100,3,12.0,41.2,36.9,2.93,1e-05,0.1,25,center,center,False,900.0,2,2,463.4805905204727,21.52859936271918,17.650403456628784,17.901578629519292,8.923,5.993,27.245,486.766,7.199,vittima non trovata entro 15 minuti
1305,100,4,40.9,3.4,35.9,3.74,1e-05,0.1,25,0.60,0.58,True,46.400000000000006,3,3,0.3135354785522452,0.5599423886010463,4.280256365720947,9.34716217646824,10.226,6.49,4.316,4.868,3.92,
1293,100,4,61.8,52.5,74.1,1.81,1e-05,0.05,80,0.45,0.55,True,103.4,3,4,0.4950669246667093,0.7036099236556498,0.42011285098465506,1.3474413404184602,0.335,1.474,0.472,4.062,1.638,
1314,100,4,7.4,32.4,27.5,3.29,1e-05,0.1,80,0.60,0.45,True,48.6,3,2,4.285890082251926,2.0702391364892914,2.124694369748783,2.3074012438381866,1.728,1.564,2.708,1.831,1.764,
1299,100,4,47.7,59.8,69.5,2.22,1e-05,0.05,120,0.60,0.45,True,81.80000000000001,3,4,0.05308958407976538,0.2304117707057636,2.148686271067784,6.705178679282316,-5.468,7.691,2.149,0.43,2.147,
1298,100,4,60.5,76.1,90.2,1.57,1e-05,0.05,120,0.45,0.55,True,98.0,3,4,0.017614146899784584,0.13271829903892146,1.4263450380818603,3.598046178919758,5.19,3.624,1.429,2.717,1.801,
1310,100,4,22.4,34.2,34.0,3.24,1e-05,0.1,50,0.60,0.58,True,55.0,3,4,2.0497219774409063,1.4316850133464785,0.8614073080063613,3.0289435014710446,0.078,3.165,1.24,1.749,1.742,
1319,100,4,30.6,21.1,30.3,1.58,1e-05,0.1,120,0.60,0.45,True,53.6,3,3,0.026463667496261768,0.16267657328657303,4.600620690600682,8.838079682666427,-8.77,10.353,4.601,4.648,2.471,
1330,100,4,26.7,5.9,21.7,4.98,1e-07,0.05,50,0.60,0.58,True,30.200000000000003,3,4,0.3194781327151217,0.5652239668619172,7.360948901585668,9.26292894860153,10.908,5.928,7.364,6.991,2.77,
1300,100,4,38.8,96.5,97.6,2.68,1e-05,0.05,120,0.60,0.58,True,93.80000000000001,3,4,0.020941093076850124,0.14471037653482255,0.3060418064765983,0.6382510658969481,3.238,0.56,0.332,5.576,1.79,
1311,100,4,33.4,20.8,32.5,3.41,1e-05,0.1,80,center,center,True,70.4,3,3,0.34442946782401557,0.5868811360267219,3.7400598939738847,4.378904537208613,8.287,4.875,3.743,8.931,2.545,
1318,100,4,37.2,55.3,59.7,1.88,1e-05,0.1,120,0.45,0.55,True,69.9,3,4,0.053147294124957625,0.23053696910681729,0.8240390912319603,2.9017248851639312,4.824,2.947,0.827,3.791,1.798,
1307,100,4,66.2,78.6,95.7,1.88,1e-05,0.1,50,0.35,0.40,True,112.80000000000001,3,4,0.006111031178487009,0.07817308474460381,0.9729025513569097,1.9821421412136742,3.865,1.989,0.975,5.712,1.605,
1188,100,3,0.2,88.8,83.9,2.08,1e-05,0.1,50,0.45,0.55,False,900.0,2,2,66.65924065362587,8.164511048043591,118.95575229855228,119.00136089262577,16.659,14.575,118.985,832.83,3.27,vittima non trovata entro 15 minuti
1302,100,4,27.1,68.3,67.1,2.66,1e-05,0.1,25,0.35,0.40,True,110.4,3,4,2.2849445646729354,1.5116033092954433,1.0280464958328395,5.883896981150562,-3.636,6.294,1.824,21.202,1.842,
1313,100,4,67.1,23.8,64.9,4.97,1e-05,0.1,80,0.45,0.55,True,100.4,3,4,0.04115526585392915,0.2028676067141552,0.934092241399534,0.9400362918562117,4.486,0.481,0.934,5.01,2.078,
1312,100,4,67.4,85.1,101.6,4.73,1e-05,0.1,80,0.35,0.40,True,104.7,3,4,0.31600395865437686,0.5621422939562338,0.2689555421638912,0.7048165425018139,5.371,0.643,0.518,9.14,1.985,
1306,100,4,72.0,90.2,108.3,4.03,1e-05,0.1,50,center,center,True,114.0,3,4,0.020361464189085732,0.1426936024812806,0.3590110322650633,0.36701024913281305,4.109,0.076,0.366,11.017,1.856,
1320,100,4,43.5,78.6,83.1,2.56,1e-05,0.1,120,0.60,0.58,True,98.2,3,4,0.014979383504423741,0.12239029170822227,0.5898031298286781,1.8015148058056027,0.851,1.708,0.591,2.468,1.606,
1316,100,4,84.9,34.4,85.2,1.22,1e-05,0.1,120,center,center,True,128.3,3,4,0.033469117600541345,0.18294566843886015,0.5330663758640325,0.5810385622784312,0.88,0.336,0.56,13.922,1.727,
1327,100,4,39.8,37.9,47.9,3.04,1e-07,0.05,50,0.35,0.40,True,89.80000000000001,3,4,0.12547863293510658,0.3542296330561668,0.8118136461098392,2.793151113460087,0.695,2.345,0.815,3.511,2.675,
1323,100,4,41.3,57.3,63.7,4.7,1e-07,0.05,25,0.45,0.55,True,100.60000000000001,3,4,0.025541271998200308,0.15981636961901088,0.9712621712116178,1.5835004238189678,3.202,1.493,0.975,2.697,1.82,
1332,100,4,46.8,7.3,41.8,1.05,1e-07,0.05,80,0.35,0.40,True,71.4,3,4,0.14107875711601492,0.37560452222519225,6.7912648094426595,8.862676799078073,8.995,7.943,6.793,7.331,2.588,
1322,100,4,36.2,49.9,54.6,3.53,1e-07,0.05,25,0.35,0.40,True,110.7,3,4,0.01022657288387801,0.10112651919194099,0.5543308550741693,0.7634383371447765,4.289,0.76,0.561,6.789,1.637,
1334,100,4,4.9,43.5,38.5,3.26,1e-07,0.05,80,0.60,0.45,True,77.4,3,4,0.7433468008471459,0.8621756206522809,0.7555699865724832,3.1799447585620766,-0.044,3.305,1.089,5.415,1.956,
1326,100,4,29.7,55.6,56.3,1.77,1e-07,0.05,50,center,center,True,109.60000000000001,3,4,0.02364477569674317,0.1537685783791447,1.6810602514056618,2.5605920116966323,4.71,2.942,1.688,5.051,1.744,
1325,100,4,3.7,58.1,53.1,1.66,1e-07,0.05,25,0.60,0.58,True,110.80000000000001,3,4,3.3546604613634945,1.8315732203118429,2.0799013758003584,2.323555414766677,0.007,1.651,2.372,7.13,2.366,
1336,100,4,39.0,38.1,47.5,4.47,1e-07,0.05,120,center,center,True,89.80000000000001,3,4,0.24330607477441557,0.4932606560170957,3.1825785644920286,3.77820949689502,0.168,4.298,3.184,5.716,2.304,
1321,100,4,49.5,46.9,61.2,1.66,1e-07,0.05,25,center,center,True,123.9,3,4,1.7158024424702547,1.3098864235002419,0.98242160999096,2.223452822935409,-1.026,2.681,1.55,5.234,2.17,
1324,100,4,10.6,79.5,74.8,3.95,1e-07,0.05,25,0.60,0.45,True,118.5,3,4,0.004341027027225825,0.0658864707449551,0.7888459571413288,2.3618533931710233,6.487,2.534,0.79,0.947,1.709,
1328,100,4,82.6,82.0,109.3,1.74,1e-07,0.05,50,0.45,0.55,True,135.20000000000002,3,4,0.7977086878679874,0.8931453901062175,1.7884944066984945,5.427882236408525,-4.218,5.962,1.849,7.83,1.619,
1337,100,4,42.9,51.6,60.1,4.29,1e-07,0.05,120,0.35,0.40,True,98.10000000000001,3,4,0.0905257400061479,0.30087495742608406,0.46317356016124567,4.34562660360654,-0.029,4.321,0.54,6.302,1.752,
1331,100,4,8.1,89.7,84.8,2.77,1e-07,0.05,80,center,center,True,119.80000000000001,3,4,0.00251278140803608,0.05012765113224517,0.35332502798951587,0.6680419995625269,3.529,0.764,0.355,5.838,1.822,
1338,100,4,10.2,76.7,71.9,2.02,1e-07,0.05,120,0.45,0.55,True,115.9,3,4,0.04201299797879172,0.20497072468718971,1.3516657979148963,2.5179164947053247,4.304,2.283,1.364,5.043,1.921,
1345,100,4,48.9,2.8,43.9,2.73,1e-07,0.1,25,0.60,0.58,True,72.10000000000001,3,4,0.06380242818016015,0.25259142538922447,7.695405713671995,12.992043466244104,12.231,9.504,7.696,9.689,2.489,
1335,100,4,77.3,55.8,88.3,3.38,1e-07,0.05,80,0.60,0.58,True,131.8,3,4,0.026594216425512233,0.16307733265390453,1.7265117442828886,8.97173311677042,-6.002,9.381,1.729,2.447,1.835,
1333,100,4,64.9,80.6,96.5,1.5,1e-07,0.05,80,0.45,0.55,True,124.9,3,4,0.03712107585971747,0.1926683052806493,0.28554848917026965,1.0796619852531577,2.417,0.917,0.334,6.995,1.656,
1340,100,4,7.6,87.4,82.4,3.32,1e-07,0.05,120,0.60,0.58,True,117.30000000000001,3,4,0.011053205247256444,0.10513422490919141,0.7285929245024363,1.9763104783295,1.452,1.871,0.734,9.081,1.697,
1343,100,4,43.8,58.9,66.4,2.95,1e-07,0.1,25,0.45,0.55,True,92.30000000000001,3,4,0.15897962408529148,0.39872249006707844,0.5106935743690157,1.0459051725368531,1.849,1.102,0.523,8.392,1.776,
1339,100,4,57.3,72.6,85.5,3.48,1e-07,0.05,120,0.60,0.45,True,108.0,3,4,0.011610358328215256,0.10775137274399457,0.2094164204730236,4.566119856555613,-1.203,4.679,0.214,5.94,1.672,
1352,100,4,43.8,4.2,38.8,3.28,1e-07,0.1,80,0.35,0.40,True,59.0,3,4,0.3580487571525842,0.5983717549756039,7.199784631496855,8.675253240029377,10.423,7.144,7.201,5.687,2.802,
1344,100,4,2.3,66.8,61.9,4.66,1e-07,0.1,25,0.60,0.45,True,102.80000000000001,3,4,1.742938113355509,1.3202038150814097,2.1502624033520457,7.466496058914194,-3.302,7.965,2.428,7.259,2.28,
1348,100,4,28.9,57.7,57.9,4.17,1e-07,0.1,50,0.45,0.55,True,106.30000000000001,3,4,0.016154526112094936,0.12710045677374623,0.5916558251606655,0.6633503392890191,3.867,0.308,0.601,9.689,1.798,
1341,100,4,18.2,53.2,49.9,2.91,1e-07,0.1,25,center,center,True,123.2,3,4,0.037270246592440326,0.1930550351387923,2.926772549237681,2.932351544332575,0.884,2.031,2.927,13.732,2.254,
1371,100,4,8.0,8.3,4.5,4.34,1e-06,0.05,80,center,center,True,0.30000000000000004,3,2,0.09910721380425691,0.31481298226765825,2.7497956284150185,2.831642977894107,3.371,0.973,2.75,2.792,2.621,
1342,100,4,60.2,37.4,64.0,1.65,1e-07,0.1,25,0.35,0.40,True,124.80000000000001,3,4,13.961697190938104,3.7365354529213426,3.043433230889612,6.429098996948748,6.333,4.68,4.676,20.67,2.891,
1353,100,4,48.3,6.3,43.3,4.32,1e-07,0.1,80,0.45,0.55,True,71.60000000000001,3,4,0.16916544626884122,0.41129727238196123,5.991938436815705,10.050898623138288,10.243,5.924,5.993,6.885,2.38,
1350,100,4,87.3,65.5,102.1,2.12,1e-07,0.1,50,0.60,0.58,True,118.30000000000001,3,4,0.10464614970832804,0.32349057128195874,2.3552291416535533,4.644572520011577,-2.291,4.412,2.362,16.418,1.845,
1369,100,4,17.2,25.2,23.6,4.38,1e-06,0.05,50,0.60,0.45,True,38.400000000000006,3,4,0.04078514409718009,0.20195332157996335,2.7274348773442427,10.339170148827696,-6.735,11.118,2.728,3.545,1.909,
1355,100,4,53.6,79.3,88.8,1.32,1e-07,0.1,80,0.60,0.58,True,110.30000000000001,3,4,0.040963162099800485,0.20239358216060233,0.8871511004418687,4.1940312923525465,-2.887,4.211,0.897,5.702,1.727,
1362,100,4,35.9,16.2,32.9,2.3,1e-06,0.05,25,0.35,0.40,True,60.800000000000004,3,4,0.8896668306517949,0.9432215172756583,1.608335813247712,3.818943031710446,5.771,3.466,1.672,2.435,2.569,
1349,100,4,60.2,74.2,88.5,3.06,1e-07,0.1,50,0.60,0.45,True,126.5,3,4,1.3252752986175649,1.1512060191892521,1.6617021560721,8.377975027760124,11.281,8.221,1.69,11.792,2.136,
1347,100,4,94.7,7.3,89.7,1.39,1e-07,0.1,50,0.35,0.40,True,173.8,3,4,1.667391971607156,1.2912753275762516,4.12002194937448,6.505011240731924,6.42,5.034,4.121,9.875,1.844,
1356,100,4,81.1,31.7,80.6,2.12,1e-07,0.1,120,center,center,True,126.60000000000001,3,4,0.009228044085507234,0.09606270913058425,0.34842203259591475,0.35005857136683827,1.859,0.263,0.355,14.175,1.876,
1357,100,4,95.7,59.3,105.6,4.83,1e-07,0.1,120,0.35,0.40,True,127.80000000000001,3,4,0.04077994626775951,0.20194045228175436,0.565612643681982,2.2109918972762737,2.695,2.137,0.599,10.658,1.755,
1360,100,4,23.1,49.6,48.2,1.22,1e-07,0.1,120,0.60,0.58,True,81.10000000000001,3,4,0.04850555179283611,0.22023975979108792,1.0565651723418459,1.2026239916507362,0.582,0.641,1.063,3.122,2.02,
1366,100,4,34.6,44.8,49.6,2.79,1e-06,0.05,50,center,center,True,85.5,3,4,0.1277118925322937,0.3573680071471056,0.6706663155007769,1.5517872524677854,4.145,1.354,0.741,2.413,2.377,
1361,100,4,39.3,83.3,85.5,4.38,1e-06,0.05,25,center,center,True,123.60000000000001,3,4,0.06903833661308523,0.2627514730940347,0.8239585619470435,0.9366995209306203,4.28,0.1,0.836,2.078,2.443,
1382,100,4,20.9,5.7,15.9,2.25,1e-06,0.1,25,0.35,0.40,True,17.2,3,4,0.09525644140789341,0.30863642268516106,5.587360578894873,7.481288870305861,9.21,6.96,5.59,5.212,1.997,
1364,100,4,65.7,53.9,78.0,4.0,1e-06,0.05,25,0.60,0.45,True,102.7,3,4,4.892746776739644,2.211955419247785,4.5715905038104765,7.6883034351720845,9.759,5.758,5.037,4.866,2.35,
1359,100,4,86.1,45.3,90.5,4.79,1e-07,0.1,120,0.60,0.45,True,130.20000000000002,3,4,1.4984089697135128,1.2240951636672341,2.2034658776498364,2.679179521346464,6.862,2.071,2.309,13.969,1.88,
1370,100,4,53.9,39.8,60.0,2.71,1e-06,0.05,50,0.60,0.58,True,84.30000000000001,3,4,0.020572218217877233,0.14343018586712225,1.6441046945593,4.626356534946098,6.629,3.92,1.646,4.095,1.742,
1363,100,4,60.9,86.6,98.9,1.32,1e-06,0.05,25,0.45,0.55,True,114.5,3,4,1.176751431107007,1.0847817435350795,0.7494422230928678,1.0817333918674177,2.185,0.869,0.885,10.713,2.059,
1365,100,4,74.8,26.5,73.0,3.65,1e-06,0.05,25,0.60,0.58,True,143.3,3,4,6.2891435664334,2.5078164937717036,1.103071196823037,7.163059187258309,10.976,7.328,2.668,33.842,4.339,
1368,100,4,24.6,81.7,79.2,1.29,1e-06,0.05,50,0.45,0.55,True,116.0,4,4,0.014540556135574426,0.12058422838652834,3.0975119820465054,5.169045114873297,6.03,4.739,3.098,4.362,1.978,
1367,100,4,67.0,94.6,108.9,3.71,1e-06,0.05,50,0.35,0.40,True,146.20000000000002,3,4,1.1295230310231748,1.062790210259379,1.4438619281726657,1.5263149841979664,4.204,0.495,1.657,7.929,2.298,
1204,100,4,78.3,33.3,78.6,1.86,1e-07,0.05,25,0.60,0.45,False,900.0,2,4,82.05116701576536,9.058209923365949,6.529174604589814,6.812021232730328,-2.205,4.069,10.318,478.513,4.792,vittima non trovata entro 15 minuti
1373,100,4,18.6,56.4,53.2,3.15,1e-06,0.05,80,0.45,0.55,True,97.0,3,4,0.017904881612449564,0.13380912380121754,2.7064114309318112,3.91250838274288,6.499,3.349,2.707,1.866,1.904,
1372,100,4,32.2,72.8,73.0,4.04,1e-06,0.05,80,0.35,0.40,True,104.4,3,4,0.453943800447837,0.6737535160931162,0.8359070449731854,6.111951739774056,-2.324,6.369,1.018,8.752,1.862,
1374,100,4,65.6,74.4,92.1,3.28,1e-06,0.05,80,0.60,0.45,True,113.2,3,4,0.026767490103891053,0.16360773240862136,0.4231396828514908,0.8395409956754148,2.799,0.48,0.44,7.067,1.585,
1396,100,4,18.8,3.6,13.9,1.63,1e-06,0.1,120,center,center,True,14.9,3,4,0.14113769213743477,0.37568296759027386,3.9678383215581414,13.084187171731465,12.644,11.016,3.973,4.102,2.763,
1378,100,4,10.2,68.3,63.5,2.77,1e-06,0.05,120,0.45,0.55,True,105.4,3,4,0.5940626049289872,0.7707545685424039,1.2717666436176196,5.271862511338714,-2.513,5.282,1.448,4.429,1.934,
1383,100,4,25.2,44.6,44.4,1.17,1e-06,0.1,25,0.45,0.55,True,86.2,3,4,0.004835575459285016,0.06953830210240265,1.268933676160367,1.7335215559788288,2.17,0.998,1.27,3.949,1.956,
1388,100,4,32.0,23.4,32.7,1.02,1e-06,0.1,50,0.45,0.55,True,60.900000000000006,3,4,0.08971486549955061,0.29952439883847626,0.3398332535098262,0.5414246728403,0.576,0.449,0.444,1.137,1.88,
1376,100,4,25.5,67.8,66.1,3.19,1e-06,0.05,120,center,center,True,113.4,3,4,0.04269312502100939,0.20662314735045875,2.59140775899022,2.975082763621276,6.373,3.183,2.591,5.815,1.949,
1379,100,4,54.6,63.3,76.5,2.92,1e-06,0.05,120,0.60,0.45,True,102.10000000000001,3,4,1.8383510433740429,1.3558580469112698,1.9785472823085597,6.492665984306938,-4.642,7.564,2.192,3.408,1.809,
1401,100,4,3.2,8.4,3.9,2.23,1e-05,0.05,25,center,center,True,0.30000000000000004,3,2,0.16103157266242876,0.4012873940985796,2.2134501979079237,2.216035441793242,3.606,1.377,2.213,2.169,2.504,
1377,100,4,98.1,25.4,95.3,3.45,1e-06,0.05,120,0.35,0.40,True,163.4,3,4,0.0375900206882449,0.19388146040363144,1.3680302072540076,1.3990019110892236,3.161,0.293,1.378,10.339,1.78,
1389,100,4,57.5,32.8,59.4,2.16,1e-06,0.1,50,0.60,0.45,True,106.5,3,4,3.7126396459740323,1.9268211245401148,1.9178027861092477,1.9254164304247843,0.976,1.186,2.557,6.061,2.478,
1381,100,4,24.9,63.3,61.6,4.07,1e-06,0.1,25,center,center,True,112.80000000000001,3,4,0.006968018759641102,0.08347465938619397,1.8645087173263104,2.3134394300445833,6.545,2.478,1.865,2.051,1.981,
1395,100,4,3.2,38.4,33.5,3.26,1e-06,0.1,80,0.60,0.58,True,65.3,3,4,0.7085390221140262,0.8417476000049101,1.5297743045782626,2.064802539705176,1.625,1.633,1.549,1.958,1.91,
1391,100,4,18.8,68.8,65.2,4.57,1e-06,0.1,80,center,center,True,102.80000000000001,3,4,0.06497501313771437,0.25490196770075035,2.1666333842715515,2.5750267149701815,7.231,2.656,2.167,8.533,2.503,
1384,100,4,82.1,32.0,81.7,2.35,1e-06,0.1,25,0.60,0.45,True,132.3,3,4,1.0832826664283393,1.0408086598546051,1.413277296041668,1.9815225755366643,4.56,2.213,1.485,24.174,1.943,
1375,100,4,97.1,13.6,92.5,3.65,1e-06,0.05,80,0.60,0.58,True,178.5,3,4,0.006471904246799635,0.08044814632295536,0.12262142976974376,0.4789771465100017,4.109,0.463,0.139,13.111,1.727,
1245,100,4,87.0,56.0,96.5,3.73,1e-06,0.05,25,0.60,0.58,False,900.0,1,4,17.455151206359027,4.17793623770864,5.0695191486200795,14.730821451973341,16.33,12.598,6.243,293.328,3.228,vittima non trovata entro 15 minuti
1380,100,4,95.7,84.7,120.7,1.53,1e-06,0.05,120,0.60,0.58,True,154.3,3,4,0.22234294592059234,0.4715325502238338,2.1901303939786456,2.3144344170460753,0.779,0.748,2.192,15.973,3.177,
1394,100,4,20.6,83.8,80.4,4.92,1e-06,0.1,80,0.60,0.45,True,96.2,3,4,0.5570892216817225,0.7463840979560875,1.8578298805069529,3.8080546565882485,0.196,4.723,1.863,6.454,1.799,
1386,100,4,40.0,90.6,92.5,4.72,1e-06,0.1,50,center,center,True,108.0,3,4,9.38832406241242,3.0640372162250933,4.121293383586079,9.78919897670273,13.602,8.879,4.693,13.178,2.68,
1392,100,4,84.2,33.5,84.1,1.65,1e-06,0.1,80,0.35,0.40,True,128.6,3,4,0.006217913839827373,0.07885374968780733,0.2929268643355958,0.8444539082743234,2.451,0.802,0.297,24.84,2.11,
1390,100,4,48.1,79.0,85.6,1.34,1e-06,0.1,50,0.60,0.58,True,106.4,3,4,0.005077625540464548,0.0712574595425949,0.7485604307796011,0.8654256185103733,0.895,0.448,0.749,5.098,1.622,
1397,100,4,58.2,30.0,58.8,1.06,1e-06,0.1,120,0.35,0.40,True,107.5,3,4,0.13028299748393274,0.36094736109844705,1.112456356472369,1.1515308636513932,1.676,0.616,1.126,6.566,1.959,
1385,100,4,81.4,90.3,114.5,3.93,1e-06,0.1,25,0.60,0.58,True,149.3,3,4,0.004174490673814866,0.0646102985120396,0.5818690235982059,1.128268793224145,4.893,0.967,0.585,29.107,1.843,
1406,100,4,1.4,29.7,24.9,4.76,1e-05,0.05,50,center,center,True,55.800000000000004,3,2,0.016730064822099735,0.12934475181506103,1.0300609753194818,1.0981822073940166,4.46,0.302,1.035,1.047,1.772,
1404,100,4,70.5,77.7,97.9,2.44,1e-05,0.05,25,0.60,0.45,True,109.30000000000001,3,4,5.353502066030285,2.3137636149853953,1.586919657500208,9.970079208268936,13.242,10.803,2.549,8.074,2.394,
1409,100,4,32.1,65.6,66.4,3.05,1e-05,0.05,50,0.60,0.45,True,67.8,3,4,0.6148307323812622,0.7841114285490692,0.4785607513221814,1.4889543855704723,1.485,1.564,0.892,1.483,2.066,
1414,100,4,24.3,25.8,28.3,4.4,1e-05,0.05,80,0.60,0.45,True,40.1,3,4,5.669147274422745,2.3809971176846783,2.8809995959841515,5.314978681626058,-1.429,5.83,2.92,2.729,1.757,
1412,100,4,3.7,40.7,35.7,2.12,1e-05,0.05,80,0.35,0.40,True,55.7,3,2,0.006940005109961969,0.08330669306821613,0.28816976264126437,1.1534968024642245,0.953,1.169,0.298,1.838,1.663,
1399,100,4,44.3,39.3,52.2,3.04,1e-06,0.1,120,0.60,0.45,True,82.30000000000001,3,4,0.011494244492608257,0.10721121439760048,0.7049188937655219,2.7811966744138017,5.96,2.923,0.705,3.516,1.736,
1351,100,4,85.7,60.0,97.7,2.93,1e-07,0.1,80,center,center,True,340.0,3,4,2.7356609649927552,1.653983362973387,2.6561062901269663,2.8520588060109144,2.655,0.279,2.804,41.271,2.011,
1400,100,4,58.4,45.8,67.2,1.56,1e-06,0.1,120,0.60,0.58,True,102.10000000000001,3,4,0.007369882878526604,0.08584802198377435,0.31617958171694666,4.988648550105186,6.447,4.89,0.322,3.544,1.628,
1423,100,4,16.1,3.2,11.3,4.77,1e-05,0.1,25,0.45,0.55,True,10.3,3,4,0.06424315786627119,0.2534623401341335,0.9791264011609045,2.733835224180161,1.945,2.821,0.99,0.592,1.818,
1410,100,4,50.7,66.9,76.9,4.19,1e-05,0.05,50,0.60,0.58,True,87.80000000000001,3,4,0.2248145548402448,0.47414613236875064,0.5072071866675277,1.5215268045177697,2.592,1.599,0.511,5.862,1.612,
1398,100,4,15.0,96.1,91.6,3.49,1e-06,0.1,120,0.45,0.55,True,107.2,3,4,0.21652371806324194,0.4653210913586896,2.6901712803608597,4.941856318448302,7.636,4.145,2.695,14.558,1.651,
1413,100,4,24.5,34.2,35.1,4.28,1e-05,0.05,80,0.45,0.55,True,62.2,3,4,0.2751770940942796,0.5245732495031362,1.0877994487177793,1.385351551205898,5.439,1.155,1.097,1.727,2.576,
1419,100,4,27.1,39.7,41.1,3.48,1e-05,0.05,120,0.60,0.45,True,52.400000000000006,3,4,1.226237174676665,1.1073559385656742,1.144277926374456,1.44650936377853,2.351,1.126,1.47,0.977,2.105,
1408,100,4,85.8,89.4,116.8,3.66,1e-05,0.05,50,0.45,0.55,True,115.80000000000001,3,4,0.020130210035306538,0.14188097136440297,0.6662139859902733,0.8391563519641403,4.212,0.553,0.678,5.673,1.689,
1407,100,4,43.2,55.3,63.1,4.39,1e-05,0.05,50,0.35,0.40,True,92.0,3,3,0.2751404771040961,0.5245383466478843,1.0823802940193257,1.0826457760354848,4.577,0.188,1.094,5.039,2.411,
1424,100,4,21.7,13.7,18.8,2.0,1e-05,0.1,25,0.60,0.45,True,29.6,3,4,0.12552639944752794,0.3542970497302058,2.9285710731962213,7.156905599975141,-6.174,8.169,2.95,3.363,2.766,
1415,100,4,6.6,84.5,79.5,2.83,1e-05,0.05,80,0.60,0.58,True,86.0,3,3,0.02513244750923245,0.15853216553504987,0.8640051824748934,2.046653435745184,0.756,2.07,0.867,5.531,1.741,
1403,100,4,89.0,9.8,84.1,3.04,1e-05,0.05,25,0.45,0.55,True,161.10000000000002,3,4,6.554113892871544,2.5601003677339573,1.91288425609231,6.0583489910277875,-3.213,6.251,2.995,15.749,2.543,
1411,100,4,83.5,19.9,79.9,3.14,1e-05,0.05,80,center,center,True,128.9,3,4,0.020098087130978284,0.1417677224581755,0.5176548637465018,0.5718240021487944,3.707,0.571,0.53,6.245,1.593,
1262,100,4,89.8,22.6,86.6,2.65,1e-06,0.1,25,0.35,0.40,False,900.0,2,2,9.084470200051655,3.0140454873892755,43.41974937438639,43.543035760634254,20.316,17.665,43.449,339.783,4.709,vittima non trovata entro 15 minuti
1434,100,4,4.5,21.6,16.6,4.82,1e-05,0.1,80,0.60,0.45,True,23.5,3,2,5.755560471740391,2.3990749199932027,2.6088939147217536,2.6089188444718627,3.446,1.37,2.623,3.403,2.429,
1431,100,4,25.2,5.7,20.2,1.27,1e-05,0.1,80,center,center,True,32.2,3,3,4.530965804537992,2.1286065405654453,1.7484876177663828,3.606454841612119,3.787,2.514,2.634,3.766,2.173,
1416,100,4,94.8,96.7,128.3,1.13,1e-05,0.05,120,center,center,True,123.60000000000001,3,3,6.643421787214827,2.5774836153145233,3.9181884628273687,3.9767871516903948,0.449,0.68,4.654,4.013,4.289,
1422,100,4,78.5,24.6,76.1,1.74,1e-05,0.1,25,0.35,0.40,True,103.5,3,4,2.6883342702576614,1.639614061374707,1.8783442241938435,3.6092268024394834,5.284,3.548,2.288,13.801,1.982,
1421,100,4,11.7,99.0,94.2,1.85,1e-05,0.1,25,center,center,True,120.9,3,4,8.220014228842272,2.867056718804543,2.146250846725605,2.4300061920878537,0.715,1.14,2.822,5.796,2.532,
1429,100,4,47.0,33.0,50.5,4.59,1e-05,0.1,50,0.60,0.45,True,79.60000000000001,3,4,5.209022282691278,2.2823282591886906,2.0581756977241406,4.619849312713375,-0.821,5.407,2.638,9.501,1.654,
1420,100,4,81.3,80.2,107.1,2.24,1e-05,0.05,120,0.60,0.58,True,145.70000000000002,3,4,0.2596245315539809,0.5095336412387125,1.6422516712287005,2.3460305894322118,3.82,1.577,1.719,10.806,1.876,
1428,100,4,74.2,44.7,79.8,4.56,1e-05,0.1,50,0.45,0.55,True,107.80000000000001,3,4,0.01834533893034802,0.13544496642676693,0.3051541383429204,0.5995196990411932,5.081,0.524,0.317,14.83,1.702,
1425,100,4,72.4,30.6,72.1,1.38,1e-05,0.1,25,0.60,0.58,True,98.80000000000001,3,4,0.008579720353820968,0.09262677989556242,0.16262539957423597,0.2836586131953392,1.084,0.297,0.179,6.994,1.614,
1427,100,4,36.5,78.5,79.9,3.22,1e-05,0.1,50,0.35,0.40,True,86.2,3,4,0.12523996863421416,0.3538925947716541,0.2668507323808141,4.069353202936668,-0.934,4.151,0.424,6.804,1.908,
1433,100,4,47.5,31.4,50.0,4.92,1e-05,0.1,80,0.45,0.55,True,76.3,3,4,0.003962491174895613,0.06294832146209789,0.5432734599106848,0.874831709934806,5.732,0.811,0.545,7.451,1.807,
1432,100,4,68.8,28.6,68.1,1.77,1e-05,0.1,80,0.35,0.40,True,97.4,3,4,0.007717775593152229,0.08785087132836093,0.2617736321911241,6.857515707206561,-5.144,6.911,0.264,4.232,1.757,
1450,100,4,7.2,15.2,10.4,1.35,1e-07,0.05,50,0.60,0.58,True,3.8000000000000003,3,3,0.11002688672183883,0.3317030098172744,1.2721859170117797,1.3223400465706634,0.952,0.396,1.286,1.275,1.92,
1430,100,4,69.0,15.9,64.9,1.1,1e-05,0.1,50,0.60,0.58,True,102.7,3,2,0.023892525359376124,0.15457207173152634,1.5043495045754307,1.962018332185653,1.809,0.712,1.505,1.685,1.621,
1418,100,4,97.6,0.8,92.7,1.61,1e-05,0.05,120,0.45,0.55,True,186.5,3,3,0.4843418802638939,0.6959467510261786,1.4420750434879284,1.8814072820958199,0.397,1.208,1.49,10.631,1.818,
1426,100,4,11.9,79.7,75.0,2.96,1e-05,0.1,50,center,center,True,111.30000000000001,3,3,0.006987275295359303,0.0835899234080239,0.8463298938871971,1.6309798107180533,4.862,1.906,0.849,12.886,1.637,
1439,100,4,14.4,68.9,64.6,2.25,1e-05,0.1,120,0.60,0.45,True,79.9,3,4,0.025300954835990885,0.15906273867877066,1.9707025025652547,8.090327291796024,-6.439,8.692,1.972,0.181,1.809,
1437,100,4,27.5,68.2,67.1,1.45,1e-05,0.1,120,0.35,0.40,True,93.10000000000001,4,4,0.009541061148708684,0.09767835557946644,2.7432401150746997,8.100926652445832,-7.583,9.03,2.744,7.895,1.884,
1435,100,4,8.7,90.8,85.9,4.33,1e-05,0.1,80,0.60,0.58,True,95.4,3,4,0.29759359954696973,0.5455214015480692,1.6411613876310105,1.8373930833943752,3.919,0.411,1.714,1.826,1.932,
1441,100,4,5.2,46.0,41.0,2.61,1e-07,0.05,25,center,center,True,78.5,3,4,0.08504779080943525,0.29162954378703687,3.1350675290683423,4.400070634909578,7.459,4.846,3.135,6.523,2.464,
1272,100,4,83.4,1.0,78.5,4.07,1e-06,0.1,80,0.35,0.40,False,900.0,2,4,243.88337988360843,15.616765986708273,14.46676757046395,15.494356880060897,13.412,9.34,15.721,479.992,2.769,vittima non trovata entro 15 minuti
1438,100,4,84.1,87.2,114.1,1.48,1e-05,0.1,120,0.45,0.55,True,104.80000000000001,3,4,0.11164973879000674,0.33414029806356305,1.1005879988012042,5.158291043315501,6.126,4.647,1.106,9.017,2.425,
1445,100,4,42.5,1.3,37.6,3.15,1e-07,0.05,25,0.60,0.58,True,57.7,3,4,0.808414550940394,0.8991187635348258,5.7660710908093264,10.971816639766246,11.273,8.127,5.798,5.016,2.987,
1449,100,4,22.0,25.4,26.6,3.59,1e-07,0.05,50,0.60,0.45,True,51.0,3,4,0.30966772083281696,0.5564779607790563,2.493240383251357,8.796806492034017,-5.803,9.397,2.544,4.432,2.058,
1443,100,4,85.5,30.9,84.6,3.48,1e-07,0.05,25,0.45,0.55,True,128.3,3,4,80.5644325006297,8.975769187129853,5.049685379981109,5.050230418139024,1.473,2.004,6.157,14.977,2.5,
1454,100,4,29.8,15.1,26.8,4.76,1e-07,0.05,80,0.60,0.45,True,46.400000000000006,3,4,0.2744402397143383,0.5238704417261374,1.3592167248811455,8.328576109297073,-3.419,8.183,1.449,1.379,2.645,
1444,100,4,49.4,31.7,51.9,2.97,1e-07,0.05,25,0.60,0.45,True,89.80000000000001,3,4,0.25905359701171027,0.508973080832091,0.690202398541647,0.7938121618738636,2.209,0.763,0.74,1.539,1.967,
1442,100,4,27.5,44.9,45.8,2.06,1e-07,0.05,25,0.35,0.40,True,103.5,3,4,0.362169387561884,0.6018051076236259,0.7094400174743384,3.991549688775912,-1.679,3.739,0.812,5.346,1.904,
1446,100,4,35.6,82.2,83.0,4.19,1e-07,0.05,50,center,center,True,109.5,3,4,0.06687861017720029,0.258608990905576,1.173891043230336,2.248071457430683,6.501,2.307,1.186,1.899,2.509,
1447,100,4,62.5,88.2,101.2,3.54,1e-07,0.05,50,0.35,0.40,True,116.60000000000001,3,4,0.0021824250888915165,0.04671643275006683,0.8683292130749258,1.5159487440918618,2.2,1.342,0.869,8.58,1.595,
1452,100,4,35.5,60.2,63.1,1.82,1e-07,0.05,80,0.35,0.40,True,100.4,3,4,0.20258244836674386,0.450091599973543,0.8252661137216334,3.0002697560873477,-0.91,2.731,0.911,6.103,1.93,
1461,100,4,7.9,35.0,30.2,4.46,1e-07,0.1,25,center,center,True,63.6,3,4,0.1361447916290563,0.36897803678411034,2.909951126827628,3.869718651637601,8.149,3.688,2.916,7.405,2.39,
1451,100,4,86.5,65.1,101.2,4.1,1e-07,0.05,80,center,center,True,133.3,3,4,0.012881389657912645,0.11349620988346987,3.928304434680059,10.183713101485273,-8.021,12.118,3.93,10.54,1.923,
1448,100,4,87.4,21.2,83.9,3.28,1e-07,0.05,50,0.45,0.55,True,138.8,3,4,0.013426217340024266,0.11587155535343549,2.477157740900441,10.954763516981199,-8.331,11.612,2.479,7.643,1.706,
1460,100,4,66.8,1.2,61.9,3.13,1e-07,0.05,120,0.60,0.58,True,87.80000000000001,3,4,0.10726157919358761,0.32750813607235413,1.7620816200177414,8.961308271832308,10.97,7.84,1.764,4.428,2.289,
1455,100,4,86.3,93.6,120.3,4.2,1e-07,0.05,80,0.60,0.58,True,128.0,3,4,0.35362037008677055,0.5946598776500485,2.432027524580923,4.571453069926119,8.071,3.871,2.437,9.414,2.205,
1462,100,4,52.3,12.9,48.0,1.7,1e-07,0.1,25,0.35,0.40,True,87.0,3,4,0.030209312261188385,0.17380826292552487,4.516584126119631,4.516857473912227,3.093,1.397,4.518,7.129,2.287,
1467,100,4,9.2,36.7,32.0,1.26,1e-07,0.1,50,0.35,0.40,True,63.300000000000004,3,4,0.11468861844046803,0.33865708089521473,0.9506329050998418,4.705272315199088,-3.826,5.089,0.957,4.332,2.168,
1453,100,4,85.4,80.9,110.6,3.63,1e-07,0.05,80,0.45,0.55,True,135.9,3,4,0.0029499999564734937,0.05431390205530711,0.2735969419105717,1.2182060345844627,4.866,1.239,0.277,6.902,1.668,
1458,100,4,24.7,68.1,66.1,2.28,1e-07,0.05,120,0.45,0.55,True,110.80000000000001,3,4,0.07451546867593317,0.272975216230216,2.4992369682197997,4.059470284337552,5.922,3.643,2.5,3.75,2.013,
1464,100,4,66.4,87.4,102.8,4.11,1e-07,0.1,25,0.60,0.45,True,119.30000000000001,3,4,0.4745788875176765,0.6888968627578997,2.355794023854469,2.8444415844908164,5.772,1.661,2.39,8.592,2.763,
1309,100,4,83.1,46.0,88.2,4.22,1e-05,0.1,50,0.60,0.45,False,900.0,2,2,33.64675118665983,5.8005819696526855,84.83957008397527,84.85742543218132,1.174,3.048,84.871,402.324,3.327,vittima non trovata entro 15 minuti
1457,100,4,78.5,35.8,79.7,2.28,1e-07,0.05,120,0.35,0.40,True,126.60000000000001,3,4,0.02494031096503059,0.15792501690685548,0.864884817960965,1.7289229610837074,3.949,1.669,0.875,7.596,1.729,
1459,100,4,82.6,75.8,105.1,4.83,1e-07,0.05,120,0.60,0.45,True,137.6,3,4,0.009293913486783585,0.09640494534402053,0.6536606218933723,0.7736736992674305,4.696,0.137,0.657,8.354,1.585,
1456,100,4,61.1,84.0,96.9,3.98,1e-07,0.05,120,center,center,True,128.20000000000002,3,4,0.022012534033655946,0.1483662159443852,0.33402169077265,0.3710978249212682,3.959,0.021,0.352,7.242,1.724,
1463,100,4,39.8,93.1,94.7,2.41,1e-07,0.1,25,0.45,0.55,True,106.10000000000001,3,4,0.01585545867243062,0.1259184604116117,2.1145008386612725,12.351895534745697,14.577,12.17,2.116,20.516,1.803,
1468,100,4,54.4,20.8,51.8,4.53,1e-07,0.1,50,0.45,0.55,True,89.9,3,4,0.1422712006301447,0.37718854785126327,0.6865164816139102,3.2779358034476047,1.314,3.214,0.773,3.856,2.065,
1470,100,4,38.0,26.3,39.3,3.92,1e-07,0.1,50,0.60,0.58,True,73.8,3,4,0.37583120581878127,0.6130507367410802,1.0808895153054836,4.6739460937762445,-0.57,4.489,1.198,3.905,2.12,
1473,100,4,42.4,28.7,44.3,1.61,1e-07,0.1,80,0.45,0.55,True,75.2,3,4,0.14386355334652068,0.3792934923598356,1.0702624899115807,1.0710319337636518,2.019,0.411,1.075,1.907,1.849,
1474,100,4,26.6,62.7,61.6,1.92,1e-07,0.1,80,0.60,0.45,True,89.30000000000001,3,4,0.005970754146687445,0.07727065514597016,0.6485056782144851,1.053294983880251,2.878,0.957,0.649,3.953,1.708,
1471,100,4,80.6,60.2,93.6,2.61,1e-07,0.1,80,center,center,True,120.2,3,4,0.00870831281634412,0.09331834126442733,2.4833916491374155,6.428202054057441,-5.043,7.648,2.484,11.41,1.673,
1354,100,4,4.5,97.2,92.2,2.51,1e-07,0.1,80,0.60,0.45,False,900.0,0,4,3.84701276491939,1.9613803213347967,4.989759675472408,4.998935462753235,2.811,0.303,5.004,359.424,2.185,vittima non trovata entro 15 minuti
1472,100,4,98.5,46.8,102.4,3.86,1e-07,0.1,80,0.35,0.40,True,145.8,3,4,0.0015255599772557656,0.03905841749553821,1.2384580715464386,5.128084000063178,-1.119,4.976,1.239,9.888,1.527,
1479,100,4,54.8,2.6,49.9,2.32,1e-07,0.1,120,0.60,0.45,True,84.80000000000001,3,4,0.2984086650617135,0.5462679425535728,3.9335738440143966,7.052677357987815,9.769,7.45,3.939,7.162,3.09,
1484,100,4,43.6,26.6,44.2,1.17,1e-06,0.05,25,0.60,0.45,True,76.9,3,4,0.032500263836012476,0.18027829552115385,0.8242082928925406,7.0825993071854025,7.701,6.527,0.829,2.99,2.559,
1476,100,4,34.4,96.6,96.2,4.09,1e-07,0.1,120,center,center,False,109.9,3,4,1.0407595319230394,1.0201762259154246,12.37571176648796,22.99399684114259,23.468,19.38,12.402,22.354,2.574,vittima non trovata entro 15 minuti
1480,100,4,66.2,93.8,107.9,1.58,1e-07,0.1,120,0.60,0.58,True,120.9,3,4,0.07135621839202075,0.2671258474802106,0.8049640808765279,2.385507750778405,-0.665,2.246,0.816,9.218,2.361,
1475,100,4,4.8,94.9,89.9,2.66,1e-07,0.1,80,0.60,0.58,True,118.5,3,4,0.03013561641956956,0.1735961301975639,0.5308372824665754,0.8007284115061335,3.26,0.599,0.548,9.115,1.625,
1483,100,4,65.6,5.2,60.6,1.79,1e-06,0.05,25,0.45,0.55,True,89.9,3,4,24.548490837822243,4.954643361314943,2.713559159076526,15.755439308948409,16.377,14.591,5.57,10.571,3.953,
1498,100,4,14.7,1.6,10.3,4.31,1e-06,0.05,120,0.45,0.55,True,1.0,3,3,0.8733972758224944,0.9345572619280716,5.929319232023573,10.086263036303645,10.902,6.593,5.983,6.027,2.898,
1478,100,4,80.0,23.4,77.3,4.4,1e-07,0.1,120,0.45,0.55,True,117.2,3,4,0.03303683538325943,0.18176037902485634,3.8028789715479387,11.143974010026398,-7.577,11.982,3.803,13.547,2.373,
1301,100,4,93.4,81.2,116.7,4.65,1e-05,0.1,25,center,center,False,900.0,0,3,68.38237995068992,8.269363938701085,107.84976323290356,109.10396272836721,21.144,16.496,107.858,485.702,3.465,vittima non trovata entro 15 minuti
1477,100,4,29.8,60.4,60.7,2.76,1e-07,0.1,120,0.35,0.40,True,115.60000000000001,3,4,1.5450892193932961,1.2430161782508289,0.7234186148620294,5.8052233121050545,-3.327,6.091,1.13,7.783,2.054,
1481,100,4,12.0,79.8,75.1,1.58,1e-06,0.05,25,center,center,True,121.2,3,4,0.0479126556533958,0.21888959695105614,2.9353254288518946,4.250911528199418,6.365,4.782,2.94,4.923,2.336,
1486,100,4,83.9,23.6,81.1,4.73,1e-06,0.05,50,center,center,True,144.8,3,4,0.2401441714385739,0.4900450708236681,1.7450681513127475,1.7676859273409522,3.256,1.474,1.75,12.191,1.797,
1503,100,4,10.4,13.2,9.8,3.03,1e-06,0.1,25,0.45,0.55,True,3.6,3,3,0.11753666123301656,0.34283620175386464,1.0823130982518934,2.27066584461346,4.783,1.754,1.126,1.118,2.274,
1487,100,4,27.7,59.9,59.4,3.27,1e-06,0.05,50,0.35,0.40,True,98.4,3,4,4.102570765402874,2.0254803789232008,3.558090856850271,6.250744359596395,-2.949,6.221,4.013,4.266,2.425,
1485,100,4,19.1,90.5,86.6,1.07,1e-06,0.05,25,0.60,0.58,True,130.0,3,4,1.2017572635898446,1.0962468990103664,1.7480302985513623,4.857323067582387,-2.263,3.336,1.761,3.948,1.829,
1482,100,4,85.4,97.7,122.7,3.36,1e-06,0.05,25,0.35,0.40,True,162.3,3,4,0.025954373208839712,0.16110361016699692,0.41903323699907635,1.4694017882928734,4.764,1.408,0.421,19.272,1.813,
1488,100,4,58.1,52.5,71.2,1.3,1e-06,0.05,50,0.45,0.55,True,103.0,3,4,0.026441397577330297,0.16260811042912435,1.0697905514072628,3.634197077200197,5.043,3.747,1.072,3.492,1.673,
1492,100,4,46.9,23.9,45.9,1.83,1e-06,0.05,80,0.35,0.40,True,80.30000000000001,3,4,0.03912055745134029,0.19778917425213213,4.3112581990297905,7.322723602989478,7.063,5.233,4.313,8.19,2.142,
1489,100,4,53.5,16.6,49.8,1.78,1e-06,0.05,50,0.60,0.45,True,88.7,3,4,5.047007340536278,2.246554548756001,2.45173027741365,3.801226690451753,4.599,2.815,3.275,5.209,2.874,
1504,100,4,28.7,0.2,24.2,3.69,1e-06,0.1,25,0.60,0.45,True,40.300000000000004,3,4,0.009505948745918761,0.09749845509503605,1.0286735963307834,2.7377008492236086,1.757,1.933,1.03,1.778,1.7,
1493,100,4,53.1,16.6,49.5,1.08,1e-06,0.05,80,0.45,0.55,True,75.3,3,4,0.8795768708028101,0.9378575962281321,4.106183587649259,9.065998949791064,7.792,6.715,4.115,2.32,2.187,
1495,100,4,46.6,29.5,48.3,4.09,1e-06,0.05,80,0.60,0.58,True,77.80000000000001,3,4,0.18569505900821126,0.4309234955397666,3.5756807270771587,6.22426623802732,8.467,4.375,3.583,3.24,2.193,
1501,100,4,18.0,41.5,38.7,1.97,1e-06,0.1,25,center,center,True,71.2,3,4,0.006684739741869561,0.0817602577165065,1.9146689567887996,2.9204082293559277,5.397,3.424,1.915,5.64,1.907,
1346,100,4,91.3,34.2,91.1,4.35,1e-07,0.1,50,center,center,False,900.0,0,4,46.851351261083536,6.8448046912299505,8.151439414243278,8.156520668161061,30.955,26.605,9.124,674.24,2.836,vittima non trovata entro 15 minuti
1491,100,4,19.3,77.0,73.4,4.78,1e-06,0.05,80,center,center,True,115.7,3,4,0.009402925262457486,0.0969686818640817,1.6853046041226594,2.2410003860990377,6.71,1.931,1.688,4.005,1.855,
1500,100,4,25.1,51.6,50.8,1.21,1e-06,0.05,120,0.60,0.58,True,86.60000000000001,3,4,0.08216589009810525,0.2866459315917553,1.219199098617475,3.917745987489293,-2.863,4.072,1.233,4.123,1.788,
1358,100,4,92.0,20.7,88.5,2.24,1e-07,0.1,120,0.45,0.55,False,900.0,0,4,38.18840466025455,6.179676743993536,0.4959321940792363,2.7332875869549236,-0.447,2.688,5.428,541.177,2.512,vittima non trovata entro 15 minuti
1505,100,4,32.9,28.6,36.6,2.37,1e-06,0.1,25,0.60,0.58,True,64.3,3,4,0.019853189974803433,0.14090134837823035,0.945923621551168,1.1371351850869797,1.711,0.661,0.949,0.85,1.999,
1496,100,4,0.3,71.0,66.2,1.26,1e-06,0.05,120,center,center,True,111.0,3,4,0.005688373850713685,0.07542130899628888,0.6695203286673332,1.5320660922514184,2.84,1.579,0.67,4.783,1.679,
1497,100,4,54.8,74.9,85.9,4.43,1e-06,0.05,120,0.35,0.40,True,106.9,3,4,0.008381123602998131,0.09154847679234282,0.6085904992474656,1.585800459119896,5.631,1.203,0.613,6.981,1.707,
1499,100,4,90.3,40.5,92.4,2.43,1e-06,0.05,120,0.60,0.45,True,123.80000000000001,3,4,0.006943183536231943,0.08332576754061101,0.5881473362583273,1.0457607168403613,5.496,3.066,0.589,6.845,1.735,
1506,100,4,89.1,52.9,96.8,3.41,1e-06,0.1,50,center,center,True,115.5,3,4,3.624921297125599,1.9039226079664056,0.893816583121043,1.0934151154274776,3.435,0.023,1.401,16.326,1.765,
1524,100,4,8.4,19.4,14.8,1.85,1e-05,0.05,25,0.60,0.45,True,7.300000000000001,3,1,0.25730690931147887,0.5072542846654712,0.21871978776392018,2.4597051523790125,4.388,2.538,0.53,0.498,1.884,
1519,100,4,28.9,20.0,28.2,2.9,1e-06,0.1,120,0.60,0.45,True,47.300000000000004,3,4,0.5804485160054169,0.7618717188644142,0.7228774788601356,4.771458211443294,-2.271,5.175,0.969,0.909,1.934,
1490,100,4,99.5,42.2,101.6,1.06,1e-06,0.05,50,0.60,0.58,True,185.10000000000002,4,4,0.004692648449735825,0.06850290833049225,0.8063191526377973,3.9649808089678356,-2.822,3.882,0.808,12.089,1.63,
1521,100,4,32.1,34.8,40.3,3.51,1e-05,0.05,25,center,center,True,57.400000000000006,3,4,0.028312475982793277,0.16826311533664554,0.9198885297119677,0.9398896331726255,4.156,0.65,0.931,2.32,1.822,
1510,100,4,93.1,49.6,98.7,1.49,1e-06,0.1,50,0.60,0.58,True,132.70000000000002,3,4,0.27874637103979943,0.5279643653124702,0.52175309130587,0.5255145497824424,1.552,0.063,0.596,26.314,1.706,
1511,100,4,54.8,58.7,73.3,1.08,1e-06,0.1,80,center,center,True,93.60000000000001,3,4,2.107198678052984,1.451619329594706,0.6563372447793013,0.7004855638549796,0.485,0.591,1.464,5.968,2.179,
1509,100,4,68.7,79.1,97.7,3.45,1e-06,0.1,50,0.60,0.45,True,107.7,3,4,0.0714015346946252,0.26721065602745936,0.3466092071044022,1.1942606649748508,2.504,0.949,0.423,11.593,1.63,
1512,100,4,93.6,55.6,102.0,1.7,1e-06,0.1,80,0.35,0.40,True,126.2,3,4,0.004332005626772015,0.06581797343258158,0.15159521763717615,0.3479650432904736,1.386,0.313,0.155,10.367,1.752,
1522,100,4,41.5,19.7,39.4,4.41,1e-05,0.05,25,0.35,0.40,True,52.0,3,3,0.11711503224505779,0.34222073614124815,3.3647627331784347,4.728489892737848,8.405,3.994,3.366,1.187,2.046,
1529,100,4,19.5,16.8,18.7,2.56,1e-05,0.05,50,0.60,0.45,True,19.400000000000002,3,4,0.005864794196398456,0.0765819443237011,0.9056976068026519,1.9089666073983387,4.794,2.233,0.908,0.736,1.653,
1514,100,4,63.6,3.2,58.6,4.7,1e-06,0.1,80,0.60,0.45,True,101.7,3,4,0.04826607660666612,0.21969541780989907,2.8928938853669055,4.256177376509941,9.047,4.346,2.896,7.726,2.454,
1517,100,4,55.2,39.8,61.1,3.96,1e-06,0.1,120,0.35,0.40,True,99.0,3,4,0.03511407723733491,0.1873875055528914,2.337244995338777,4.704853116813343,8.037,4.073,2.341,7.231,1.857,
1528,100,4,24.5,18.3,23.6,4.06,1e-05,0.05,50,0.45,0.55,True,36.2,3,4,0.5283570920967451,0.726881759364441,3.3408109815747697,4.98657002152541,8.318,4.259,3.341,3.092,1.834,
1518,100,4,69.3,14.1,64.9,3.26,1e-06,0.1,120,0.45,0.55,True,101.9,3,4,0.8943588731152735,0.9457054896294478,1.9152297623815788,2.625640502761082,1.08,2.184,2.038,4.12,2.202,
1329,100,4,92.4,45.4,96.3,3.69,1e-07,0.05,50,0.60,0.45,False,900.0,0,4,1.1293388567274665,1.0627035601368175,3.8422810883335132,24.491781801665432,27.881,24.189,3.845,213.263,3.406,vittima non trovata entro 15 minuti
1513,100,4,71.9,43.7,77.3,3.12,1e-06,0.1,80,0.45,0.55,True,127.7,3,4,0.006727509116452795,0.08202139426060005,0.5508271201869924,0.8995824243656387,3.821,0.698,0.555,8.774,1.849,
1523,100,4,69.4,24.5,67.2,4.87,1e-05,0.05,25,0.45,0.55,True,94.30000000000001,3,2,0.3503131976980275,0.5918726194866827,0.2326701744761988,0.28203668706417295,4.952,0.083,0.617,4.676,2.226,
1516,100,4,88.5,79.7,112.1,4.81,1e-06,0.1,120,center,center,True,124.80000000000001,3,4,0.01277465033446492,0.11302499871473089,0.17217035457176263,0.8536989705935344,5.596,0.791,0.201,12.392,1.755,
1530,100,4,22.4,40.4,39.5,3.96,1e-05,0.05,50,0.60,0.58,True,47.300000000000004,3,4,0.009054747893078878,0.095156439052115,0.6112657700744801,1.3248851811973856,2.772,1.192,0.617,1.099,1.797,
1520,100,4,18.6,78.4,74.6,3.84,1e-06,0.1,120,0.60,0.58,True,114.7,3,4,0.029231500682501407,0.17097222196164324,3.416350670424803,11.466975175143245,-8.139,11.981,3.419,3.84,1.998,
1525,100,4,30.5,58.7,59.5,2.87,1e-05,0.05,25,0.60,0.58,True,81.80000000000001,3,4,0.0260786667737097,0.16148890603911373,3.6555818113152148,11.339899411308997,-9.336,12.204,3.656,5.11,2.19,
1526,100,4,75.0,20.5,71.7,3.74,1e-05,0.05,50,center,center,True,93.30000000000001,3,4,2.8472186971839384,1.6873703497406662,2.921219678498812,6.727142717697778,-4.349,8.089,2.951,9.519,1.672,
1540,100,4,23.6,6.8,18.7,4.59,1e-05,0.05,120,0.60,0.58,True,28.900000000000002,3,3,0.11676050478014331,0.3417023628541999,3.2445633884937504,5.345377557049104,8.577,3.987,3.25,3.092,2.026,
1533,100,4,30.4,46.3,48.5,2.87,1e-05,0.05,80,0.45,0.55,True,57.5,3,4,0.019348671399859848,0.1390995017958722,0.640324197550598,1.5644027401189033,4.1,1.234,0.652,0.397,1.811,
1405,100,4,96.8,15.2,92.3,3.14,1e-05,0.05,25,0.60,0.58,False,900.0,2,4,921.6445193607332,30.35859877136514,29.217757767138554,29.390102930954555,12.649,9.509,30.741,261.738,2.884,vittima non trovata entro 15 minuti
1532,100,4,59.4,33.0,61.2,1.25,1e-05,0.05,80,0.35,0.40,True,95.4,3,3,1.0523317664430665,1.025832231138731,0.670612012278513,1.3946081767947378,-0.007,1.256,1.177,3.576,1.798,
1541,100,4,28.3,9.6,23.7,4.33,1e-05,0.1,25,center,center,True,49.400000000000006,3,3,0.10946137830748084,0.33084947983559054,0.885776513104209,1.3288755355433741,5.865,1.531,0.891,6.081,2.357,
1538,100,4,65.1,28.3,64.5,1.74,1e-05,0.05,120,0.45,0.55,True,91.30000000000001,3,2,0.012605040707375337,0.11227217245326349,1.7599225142301647,7.139090129698917,-5.906,7.644,1.761,3.41,1.677,
1535,100,4,24.0,80.3,77.6,2.91,1e-05,0.05,80,0.60,0.58,True,76.4,3,4,0.06245898298812611,0.24991795251267188,0.9657145217283893,6.259409393087117,-3.588,6.494,0.977,3.664,2.259,
1402,100,4,57.7,73.6,86.6,4.68,1e-05,0.05,25,0.35,0.40,False,900.0,2,3,5.4837530460537725,2.3417414558515577,3.1991179008141586,3.6157032214196043,3.782,0.898,3.953,148.011,3.281,vittima non trovata entro 15 minuti
1537,100,4,48.7,98.7,103.4,3.25,1e-05,0.05,120,0.35,0.40,True,93.30000000000001,3,4,0.5313374541348026,0.7289289774283929,2.806953420506523,4.8938280843690425,7.255,4.009,2.818,2.378,2.26,
1527,100,4,2.7,95.2,90.2,2.88,1e-05,0.05,50,0.35,0.40,True,139.20000000000002,3,3,0.0028222278408965348,0.05312464438371832,1.7385541202324333,1.7979790404949922,3.334,0.458,1.739,11.711,2.337,
1549,100,4,21.6,41.2,39.8,2.43,1e-05,0.1,50,0.60,0.45,True,48.900000000000006,4,4,3.7415665834929515,1.9343129486959838,4.5024304330093345,9.000723234640516,-8.183,10.618,4.555,4.877,2.719,
1539,100,4,69.3,37.5,72.0,4.85,1e-05,0.05,120,0.60,0.45,True,100.30000000000001,3,4,3.4624338435504827,1.8607616299651288,1.5697322833303229,4.911672744464753,-0.708,5.556,2.104,2.624,1.684,
1536,100,4,77.2,74.9,100.5,3.44,1e-05,0.05,120,center,center,True,109.0,3,4,0.006609586594327843,0.0812993640462694,3.0920801591922866,8.67155498922095,-6.813,10.253,3.092,6.417,1.727,
1550,100,4,3.0,38.1,33.2,3.86,1e-05,0.1,50,0.60,0.58,True,54.0,3,2,0.0025005053373931166,0.05000505311859109,0.6443781990510135,0.8275328634686422,4.501,0.643,0.646,1.205,1.699,
1542,100,4,89.1,77.5,111.0,3.44,1e-05,0.1,25,0.35,0.40,True,99.30000000000001,3,4,0.0034885832726896816,0.05906423006092335,1.3101950608918909,1.5878619808442347,4.434,0.989,1.311,13.386,1.681,
1547,100,4,56.8,2.5,51.8,3.15,1e-05,0.1,50,0.35,0.40,True,80.80000000000001,3,2,35.2720719523312,5.9390295463426686,4.2638516136740785,9.433789422719922,12.36,9.207,5.122,11.227,2.381,
1546,100,4,15.6,62.9,58.9,2.08,1e-05,0.1,50,center,center,True,81.9,3,3,0.1641171185435118,0.40511371063383156,0.8468289363488257,1.3064173652318294,3.461,1.38,0.923,4.744,2.028,
1543,100,4,87.4,51.0,94.4,1.99,1e-05,0.1,25,0.45,0.55,True,111.2,3,4,2.8831966233116386,1.697997827828893,1.3079363129444748,3.9379478756460378,-2.291,4.281,1.546,12.661,1.951,
1551,100,4,33.9,54.2,57.0,4.49,1e-05,0.1,80,center,center,True,65.9,3,4,0.42229766984252526,0.6498443427795039,3.7419700100897395,4.5888677938783955,8.825,4.336,3.743,7.618,2.85,
1548,100,4,71.0,2.0,66.1,2.13,1e-05,0.1,50,0.45,0.55,True,94.10000000000001,3,2,0.04148730505497299,0.2036843269742986,0.8888602803143786,4.0976218152980355,6.367,4.232,0.911,13.579,1.376,
1531,100,4,98.6,65.2,111.3,3.9,1e-05,0.05,80,center,center,True,163.60000000000002,3,3,0.0031740815032883793,0.056338987418025004,0.1399022697727107,0.9052799156602811,4.792,0.894,0.147,9.422,1.684,
1552,100,4,32.4,75.1,75.3,1.65,1e-05,0.1,80,0.35,0.40,True,85.0,3,4,0.04302354900682912,0.20742118745882523,0.9264648146879897,5.918828208797824,-4.665,6.319,0.928,7.622,2.052,
1554,100,4,53.8,26.4,53.3,1.48,1e-05,0.1,80,0.60,0.45,True,98.5,3,2,2.5869719388737624,1.6084066459927857,5.703171844746948,7.512664405231513,2.793,1.314,5.753,8.114,2.868,
1555,100,4,58.8,65.3,80.8,3.95,1e-05,0.1,80,0.60,0.58,True,88.2,3,4,0.02307955091889191,0.15191955410312363,0.21543862999781258,1.195826439160642,5.109,1.156,0.243,0.666,1.685,
1562,100,4,25.1,26.2,29.2,1.32,1e-07,0.05,25,0.35,0.40,True,58.800000000000004,3,4,0.07768856921880724,0.27872669269161726,0.7746990219446189,1.2828823814091632,0.623,0.7,0.793,3.239,1.755,
1553,100,4,87.1,60.4,99.0,2.2,1e-05,0.1,80,0.45,0.55,True,107.4,3,4,0.00622569452426761,0.07890307043624861,0.2265349915285262,0.2752527622316552,2.465,0.268,0.234,16.013,1.599,
1557,100,4,66.8,16.3,62.8,1.91,1e-05,0.1,120,0.35,0.40,True,103.7,3,2,0.32449196327397306,0.5696419605980348,0.6598263620601289,5.945236359982817,-4.173,6.08,0.84,7.654,1.715,
1387,100,4,76.5,40.1,79.7,1.92,1e-06,0.1,50,0.35,0.40,False,900.0,0,4,97.16536156489461,9.85724918853605,5.60285622129165,16.651463356242825,18.681,16.762,11.0,894.106,3.714,vittima non trovata entro 15 minuti
1567,100,4,21.4,23.7,24.9,1.4,1e-07,0.05,50,0.35,0.40,True,45.800000000000004,3,4,0.027836253769677743,0.16684200241449318,2.199653329301414,4.282891107425438,5.883,4.482,2.201,2.866,1.883,
1556,100,4,55.9,76.2,87.6,4.53,1e-05,0.1,120,center,center,True,104.0,3,4,0.019836877713424395,0.1408434510846152,0.5725942623096564,0.6019090919338043,4.322,0.21,0.574,8.543,1.986,
1558,100,4,29.9,89.1,87.7,2.31,1e-05,0.1,120,0.45,0.55,True,85.7,3,4,0.00874022303589527,0.09348915999138761,0.8846787375850872,2.2210091830766325,0.101,2.208,0.888,6.459,1.594,
1559,100,4,60.7,35.1,63.4,2.51,1e-05,0.1,120,0.60,0.45,True,90.9,3,2,6.035033474442011,2.45663051239742,4.387292684448433,5.7254873487492555,-3.979,6.486,4.691,3.864,2.146,
1565,100,4,13.0,31.6,27.8,2.83,1e-07,0.05,25,0.60,0.58,True,53.1,3,4,0.030789948654382567,0.17547064898262207,1.607479749634704,5.4824947779014375,-2.673,5.5,1.616,3.005,1.826,
1440,100,4,92.7,44.3,96.0,4.69,1e-05,0.1,120,0.60,0.58,False,900.0,2,4,620.4388395235723,24.908609746904226,16.930639499294113,16.977310996005976,5.947,1.258,18.198,503.623,3.344,vittima non trovata entro 15 minuti
1574,100,4,1.0,21.2,16.6,3.06,1e-07,0.05,80,0.60,0.45,True,22.8,3,3,0.1482301522151998,0.38500669113042674,1.4721062701725196,3.3020268459706394,-0.479,3.541,1.485,2.097,2.166,
1568,100,4,23.2,8.2,18.5,3.24,1e-07,0.05,50,0.45,0.55,True,31.200000000000003,3,4,0.01122692592165242,0.10595718909848646,2.0291569316042612,2.139312081986813,3.305,0.07,2.031,2.081,2.06,
1582,100,4,10.3,10.6,7.7,3.71,1e-07,0.1,25,0.35,0.40,True,0.30000000000000004,3,2,0.3682643368939221,0.6068478696460275,5.5775732471675745,5.682709436100664,6.698,2.992,5.585,5.627,4.248,
1393,100,4,95.4,25.0,92.6,1.87,1e-06,0.1,80,0.45,0.55,False,900.0,0,4,122.82071044472336,11.082450561348034,22.878405114181284,27.709131512527502,29.699,27.826,22.889,316.99,3.176,vittima non trovata entro 15 minuti
1417,100,4,94.2,17.4,90.1,3.44,1e-05,0.05,120,0.35,0.40,False,900.0,2,4,1754.662975460016,41.88869746673935,41.51801147811119,42.600250830255526,12.977,9.541,42.348,253.504,2.481,vittima non trovata entro 15 minuti
1573,100,4,10.3,25.3,21.0,1.12,1e-07,0.05,80,0.45,0.55,True,28.200000000000003,3,4,0.048962776654111015,0.2212753412699007,1.016368523384482,3.1062155798765616,4.315,3.194,1.02,1.591,1.981,
1469,100,4,15.7,90.4,86.0,2.4,1e-07,0.1,50,0.60,0.45,False,900.0,0,4,14.102706012486106,3.7553569753734606,2.6910011360124084,2.7697447284552403,23.882,21.482,4.601,438.286,2.134,vittima non trovata entro 15 minuti
1566,100,4,89.3,11.6,84.6,2.57,1e-07,0.05,50,center,center,True,130.0,3,4,0.008018221144501132,0.08954452046050128,0.7965571491250129,0.8183090170201779,3.276,0.709,0.798,3.752,1.622,
1563,100,4,56.0,86.2,95.8,4.17,1e-07,0.05,25,0.45,0.55,True,125.2,3,4,0.03617584569016201,0.19019948919532356,0.5037098468132805,0.5522045935953696,3.81,0.359,0.51,2.307,1.862,
1564,100,4,65.8,81.5,97.8,1.15,1e-07,0.05,25,0.60,0.45,True,130.6,3,4,28.950552057666005,5.3805717221932845,2.469019018802313,5.154193201942552,4.177,3.031,5.871,13.733,2.292,
1590,100,4,14.6,3.7,9.7,1.42,1e-07,0.1,50,0.60,0.58,True,0.2,3,3,0.3455431768523207,0.5878292072127079,9.867388953423365,12.61899538159118,9.571,8.147,9.876,9.885,4.596,
1572,100,4,53.5,42.4,61.3,4.48,1e-07,0.05,80,0.35,0.40,True,95.4,3,4,0.024289536744685893,0.15585100816063363,0.37966109419427185,0.6519104521928337,5.151,0.668,0.395,5.383,1.763,
1436,100,4,93.8,11.4,89.1,1.41,1e-05,0.1,120,center,center,False,900.0,0,4,4869.4430911347645,69.78139502141502,65.68516815030178,65.69310213758632,17.957,16.545,68.324,473.125,2.646,vittima non trovata entro 15 minuti
1570,100,4,19.7,70.9,67.6,3.84,1e-07,0.05,50,0.60,0.58,True,106.2,3,4,0.01128405375966822,0.10622642684223271,1.2098137079827298,2.741235794221066,0.988,2.848,1.213,8.425,2.093,
1560,100,4,82.2,48.1,88.4,4.48,1e-05,0.1,120,0.60,0.58,True,222.5,3,4,0.9620461855902027,0.9808395310091262,2.483953985317729,2.791423123912926,5.337,0.855,2.634,51.421,2.074,
1575,100,4,55.8,57.2,72.8,4.73,1e-07,0.05,80,0.60,0.58,True,101.2,3,4,0.08797612739050398,0.29660769947947063,3.305193549507499,10.524976761603458,-7.374,12.107,3.305,3.443,2.22,
1595,100,4,18.4,4.7,13.4,3.02,1e-07,0.1,80,0.60,0.58,True,15.0,3,4,0.27073280338856925,0.5203199048552432,6.224955858379346,9.350740297649429,10.352,7.335,6.23,5.997,2.64,
1579,100,4,58.4,43.7,66.0,2.99,1e-07,0.05,120,0.60,0.45,True,109.7,3,4,5.2113910227156195,2.282847130824931,2.6529974727524137,5.58612366187784,-3.365,6.355,3.432,4.185,2.286,
1465,100,4,94.5,80.7,117.2,2.24,1e-07,0.1,25,0.60,0.58,False,900.0,0,4,12.337667156375844,3.512501552508674,1.5767315452255213,2.254760527737198,3.854,1.612,3.627,646.732,2.227,vittima non trovata entro 15 minuti
1580,100,4,50.1,51.2,64.6,4.05,1e-07,0.05,120,0.60,0.58,True,101.60000000000001,3,4,0.28602648286141563,0.5348144377832518,1.1753493647485467,3.680015903913833,0.134,3.918,1.213,5.59,1.782,
1571,100,4,71.2,50.2,80.2,1.98,1e-07,0.05,80,center,center,True,130.1,3,4,0.02601162610789638,0.16128120196692602,3.4529964609815753,6.7978427490930144,-5.864,7.845,3.456,15.138,2.019,
1569,100,4,85.7,99.4,124.3,1.17,1e-07,0.05,50,0.60,0.45,True,139.70000000000002,3,4,14.071383682066013,3.751184303932028,2.6017429475625624,5.3412055854757625,-3.497,4.665,4.543,12.427,2.59,
1578,100,4,18.7,91.8,87.8,2.05,1e-07,0.05,120,0.45,0.55,True,121.10000000000001,3,4,0.49253775071777695,0.7018103381382872,3.1478176027157336,18.799972197341933,20.583,18.535,3.202,8.784,2.017,
1584,100,4,66.8,49.9,76.4,3.19,1e-07,0.1,25,0.60,0.45,True,111.30000000000001,3,4,7.149887470209255,2.673927349463567,1.8244056983278258,3.4321481633190993,-0.202,3.395,2.005,9.988,2.049,
1583,100,4,57.3,82.7,93.6,3.5,1e-07,0.1,25,0.45,0.55,True,111.30000000000001,3,4,9.489286900586311,3.0804686170429187,0.2509440814649351,1.3176037433955106,4.757,1.257,2.761,9.323,2.192,
1586,100,4,50.4,68.5,78.1,3.37,1e-07,0.1,50,center,center,True,106.2,3,4,1.5720968682330518,1.253832870933384,1.5172425685080433,3.6033939153936467,-0.917,4.292,1.554,7.663,2.182,
1577,100,4,89.5,32.7,88.9,4.13,1e-07,0.05,120,0.35,0.40,True,166.3,3,3,0.005791829823999664,0.076104072322049,1.6919659068227528,2.208551881201066,5.981,1.852,1.692,9.91,1.363,
1576,100,4,69.5,96.6,112.1,2.3,1e-07,0.05,120,center,center,True,145.1,3,4,0.9019496140388992,0.9497102790003377,0.17940686464749692,0.7044157274767828,1.62,0.681,0.761,9.711,1.564,
1581,100,4,70.6,87.1,105.1,2.26,1e-07,0.1,25,center,center,True,133.20000000000002,3,4,6.754190962306781,2.598882637270637,2.794042382582508,5.136800392218391,-3.458,5.714,3.11,9.206,2.234,
1585,100,4,17.2,87.9,83.8,1.75,1e-07,0.1,25,0.60,0.58,True,120.2,3,4,0.08924374858982626,0.2987369220398213,0.2844657192171822,1.6943211649406238,0.004,1.749,0.365,0.967,1.688,
1587,100,4,87.4,60.9,99.6,3.88,1e-07,0.1,50,0.35,0.40,True,139.1,3,4,0.019244166763938392,0.13872334613877504,0.8179779998556995,0.8374454505055519,4.268,0.383,0.818,11.796,1.614,
1611,100,4,7.7,10.7,6.3,1.56,1e-06,0.05,80,center,center,True,0.30000000000000004,3,1,0.05221510118746424,0.22850623883707036,2.8351132937455366,3.053509439116054,1.04,0.516,2.838,2.878,2.393,
1592,100,4,30.5,23.2,31.3,4.78,1e-07,0.1,80,0.35,0.40,True,60.6,3,4,0.0030407042379847456,0.055142580987697205,1.4883681892308072,3.1488177420554138,2.524,2.252,1.488,2.573,1.965,
1594,100,4,32.3,20.1,31.2,1.93,1e-07,0.1,80,0.60,0.45,True,57.900000000000006,3,4,0.15332179308828423,0.3915632683083083,0.852407845234383,1.462432651894634,1.151,0.777,0.858,1.373,1.807,
1588,100,4,38.8,91.0,92.4,1.49,1e-07,0.1,50,0.45,0.55,True,103.0,3,4,0.009270471343002696,0.09628328693497484,2.3748126399307425,14.914136131581836,6.229,4.74,2.376,9.787,1.769,
1589,100,4,14.9,80.4,76.1,2.75,1e-07,0.1,50,0.60,0.45,True,102.80000000000001,3,4,0.011493878606313323,0.10720950800331715,1.0893034512827193,5.486329938519678,-3.478,6.223,1.091,9.313,1.764,
1593,100,4,81.9,5.9,76.9,1.92,1e-07,0.1,80,0.45,0.55,True,104.5,3,4,0.03159496958324796,0.17774973863060378,1.2875887068609253,5.3324544444612645,-3.715,5.638,1.291,11.117,1.694,
1600,100,4,48.9,6.8,43.9,3.47,1e-07,0.1,120,0.60,0.58,True,71.9,3,4,0.5936174015674232,0.7704657043421357,8.161124653018616,11.89442591427123,11.511,8.037,8.164,9.648,2.512,
1596,100,4,53.0,21.7,50.9,3.8,1e-07,0.1,120,center,center,True,91.0,3,4,0.7065416709827241,0.8405603315543294,0.858730883697225,1.6619054337469703,5.469,1.674,0.91,19.069,2.699,
1597,100,4,51.7,9.2,46.9,3.36,1e-07,0.1,120,0.35,0.40,True,84.80000000000001,3,4,0.3511620452890083,0.5925892719995935,3.145869124385334,3.511400294811265,5.951,2.592,3.152,6.154,2.72,
1591,100,4,55.6,31.2,56.9,1.93,1e-07,0.1,80,center,center,True,123.80000000000001,3,4,133.70036318133663,11.562887320273282,3.1832141594318832,5.617028849655532,6.136,4.209,9.099,15.311,2.719,
1598,100,4,74.1,11.7,69.5,4.21,1e-07,0.1,120,0.45,0.55,True,103.2,3,4,1.0419253258914485,1.0207474349178882,2.0039955897861854,8.962532835916894,-5.286,9.491,2.102,7.581,2.603,
1602,100,4,70.6,81.9,101.1,3.63,1e-06,0.05,25,0.35,0.40,True,116.80000000000001,3,3,0.2213446981358401,0.4704728452693525,2.8257961858710745,3.6739198665720147,6.638,3.005,2.832,5.657,2.52,
1603,100,4,58.2,60.6,77.0,4.88,1e-06,0.05,25,0.45,0.55,True,104.2,3,4,0.013742950656324604,0.11723033163957443,1.461126272231216,2.1658031804033997,6.995,2.119,1.462,5.533,1.935,
1622,100,4,22.7,10.7,18.7,4.16,1e-06,0.1,25,0.35,0.40,True,31.900000000000002,3,4,0.011877898518354548,0.1089857720913815,1.3155388006213191,2.158059915449366,2.842,1.319,1.317,1.183,1.68,
1609,100,4,22.7,76.2,73.4,1.79,1e-06,0.05,50,0.60,0.45,True,94.0,3,4,1.1161779301930763,1.0564932229754607,1.7411517746411491,3.6665925880634664,4.033,2.241,1.802,3.5,1.901,
1606,100,4,10.0,88.5,83.6,2.21,1e-06,0.05,50,center,center,True,110.2,3,4,0.021824054692277713,0.14772966761039474,4.691628305161288,5.723292751100251,8.38,6.168,4.693,4.503,2.478,
1607,100,4,24.0,87.1,84.2,4.98,1e-06,0.05,50,0.35,0.40,True,116.60000000000001,3,4,0.019942923802223126,0.14121941722802542,2.4652258685338513,9.864296282346928,-5.903,10.883,2.467,10.224,1.983,
1608,100,4,10.1,100.0,95.1,3.91,1e-06,0.05,50,0.45,0.55,True,119.60000000000001,3,4,0.0055391071792358125,0.07442517839572715,1.0341140740451835,1.3014408287404409,3.124,0.79,1.035,6.473,1.571,
1610,100,4,80.0,79.4,105.6,4.75,1e-06,0.05,50,0.60,0.58,True,127.2,3,4,0.010056550516771366,0.10028235396504893,0.3928622508323671,0.4573819524938423,4.563,0.182,0.395,6.28,1.666,
1601,100,4,90.4,90.7,121.0,1.81,1e-06,0.05,25,center,center,True,152.9,3,4,37.62965056817602,6.13430114749643,6.310348097346956,7.320681920641735,-1.905,3.711,6.762,8.4,3.63,
1613,100,4,62.6,64.8,83.0,3.33,1e-06,0.05,80,0.45,0.55,True,118.10000000000001,3,4,0.05970850696077194,0.24435324217364487,0.47414557988888845,0.5084904340059264,3.305,0.026,0.531,6.033,1.814,
1615,100,4,66.6,34.4,68.3,4.53,1e-06,0.05,80,0.60,0.58,True,109.9,3,4,0.01605568775658121,0.1267110403894673,0.41107461751223257,2.4024489290167117,6.702,2.176,0.422,7.495,1.691,
1618,100,4,47.4,7.4,42.4,3.08,1e-06,0.05,120,0.45,0.55,True,73.5,3,4,0.7126326421076672,0.844175717553915,4.5059938380786235,7.758006675322787,8.027,4.951,4.509,7.675,2.362,
1614,100,4,86.3,85.6,114.4,1.82,1e-06,0.05,80,0.60,0.45,True,135.9,3,4,0.007560117308650237,0.0869489350633476,0.4929411585858534,0.49776387397480176,1.975,0.154,0.499,10.445,1.597,
1620,100,4,42.2,84.5,87.8,1.34,1e-06,0.05,120,0.60,0.58,True,110.10000000000001,3,4,0.49664119370554316,0.7047277443846972,1.7764211078379317,6.682016144401521,-5.386,6.724,1.814,5.412,1.873,
1612,100,4,97.3,7.9,92.4,1.31,1e-06,0.05,80,0.35,0.40,True,179.8,3,4,0.2853595469658071,0.534190553048074,0.44568609872258036,1.4007392892604311,-0.014,1.328,0.598,11.579,1.786,
1619,100,4,32.6,78.0,78.1,2.42,1e-06,0.05,120,0.60,0.45,True,94.10000000000001,3,4,0.0568251653056252,0.2383802955481539,1.3682152404341774,5.610936320100749,-4.04,6.456,1.369,2.494,1.902,
1617,100,4,78.4,19.8,74.9,4.63,1e-06,0.05,120,0.35,0.40,True,119.0,3,4,0.04014004979603705,0.20034981855753464,1.9286119554996841,2.660245438639219,6.641,2.012,1.929,6.166,1.994,
1507,100,4,75.8,50.0,83.8,4.4,1e-06,0.1,50,0.35,0.40,False,900.0,2,4,9.677257370173624,3.110829048690015,0.9729734845998509,2.2763391517379583,2.606,1.792,3.047,407.86,2.038,vittima non trovata entro 15 minuti
1616,100,4,62.0,98.4,109.5,3.47,1e-06,0.05,120,center,center,True,122.80000000000001,3,4,0.13645930786664473,0.36940399005241503,0.6318436603380019,3.2115716492002755,0.318,3.149,0.648,6.271,1.607,
1625,100,4,49.8,10.8,45.2,4.45,1e-06,0.1,25,0.60,0.58,True,75.4,3,4,109.30894827742807,10.455091978429843,4.292177358931477,10.488968169835806,14.326,9.877,6.908,17.401,4.383,
1623,100,4,50.7,62.2,73.2,2.37,1e-06,0.1,25,0.45,0.55,True,103.7,3,4,0.0758621670044658,0.27543087518371245,0.8946086531186817,0.9048936610087053,2.001,0.366,0.906,11.734,1.839,
1621,100,4,39.0,47.5,54.4,1.22,1e-06,0.1,25,center,center,True,117.60000000000001,3,4,0.027285210011054724,0.16518235381255084,2.481734866630966,6.292888737132666,-6.292,7.513,2.483,25.369,1.923,
1635,100,4,5.8,31.0,26.0,4.69,1e-06,0.1,80,0.60,0.58,True,49.800000000000004,3,4,0.04885451487665657,0.22103057452908312,1.327140157843985,4.144945434035598,0.656,4.036,1.33,6.472,2.246,
1629,100,4,37.7,6.1,32.7,1.82,1e-06,0.1,50,0.60,0.45,True,72.9,3,3,0.7382374058346483,0.8592074288753841,1.7459767182273291,9.502223044883246,10.369,8.545,1.83,13.629,2.041,
1628,100,4,23.6,36.1,36.3,2.4,1e-06,0.1,50,0.45,0.55,True,80.2,3,4,0.01103395544658391,0.10504263632727384,1.6830998080221329,2.836967541859884,5.179,2.783,1.685,4.686,1.843,
1633,100,4,35.3,34.3,42.2,3.39,1e-06,0.1,80,0.45,0.55,True,78.60000000000001,3,4,0.017468664097133824,0.13216907390586433,1.2692464759267648,2.9565956857672364,0.304,3.088,1.271,3.858,1.718,
1626,100,4,66.4,65.2,86.0,4.05,1e-06,0.1,50,center,center,True,113.60000000000001,3,4,3.456875257579776,1.859267398084465,1.4622288030431594,2.6036444235691265,0.925,3.123,1.499,8.861,1.859,
1508,100,4,93.1,26.0,90.6,2.66,1e-06,0.1,50,0.45,0.55,False,900.0,2,4,71.7094655507311,8.468144162136772,5.621765918787554,5.964785144224057,0.671,1.994,7.973,501.267,2.562,vittima non trovata entro 15 minuti
1630,100,4,68.3,18.3,64.7,1.98,1e-06,0.1,50,0.60,0.58,True,101.2,3,4,1.1257241724441405,1.0610014950244606,4.572624080172291,4.778179023312314,-1.245,3.223,4.607,9.048,2.267,
1636,100,4,27.5,50.5,50.8,1.97,1e-06,0.1,120,center,center,True,87.80000000000001,3,4,0.07220230671460365,0.26870486916802166,2.293712314766691,4.285974269106802,5.844,3.878,2.297,5.126,2.004,
1642,100,4,30.7,26.0,33.2,2.85,1e-05,0.05,25,0.35,0.40,True,56.300000000000004,3,3,0.01288180471588293,0.1134980383790087,0.43813146542253256,4.636633393037839,-1.761,4.612,0.452,2.144,1.687,
1631,100,4,61.0,68.4,84.6,4.18,1e-06,0.1,80,center,center,True,110.4,3,4,1.0963524776070148,1.047068516195103,0.6629751906796558,0.7315783741251347,4.304,0.121,0.841,11.655,2.207,
1627,100,4,14.8,80.8,76.5,1.6,1e-06,0.1,50,0.35,0.40,True,121.5,3,4,1.9679416834178578,1.4028334482103917,2.6790444045178248,5.512366023988408,-4.738,6.333,2.852,10.603,2.198,
1634,100,4,57.8,85.0,95.8,4.9,1e-06,0.1,80,0.60,0.45,True,109.2,3,4,0.009300344305140665,0.09643829273240306,0.5953767539272932,1.1234476519401224,4.049,0.849,0.598,12.068,1.559,
1643,100,4,35.4,47.6,52.3,3.69,1e-05,0.05,25,0.45,0.55,True,62.900000000000006,3,4,0.0227443313861011,0.1508122388471874,1.2137645157207628,3.012406835225268,6.602,2.908,1.217,2.608,1.952,
1632,100,4,39.7,79.1,81.8,2.92,1e-06,0.1,80,0.35,0.40,True,122.0,3,4,0.046829072260978724,0.21640025938288227,1.2113190886821328,4.712258591537129,-1.306,4.222,1.22,9.765,2.045,
1637,100,4,62.7,53.1,75.2,1.16,1e-06,0.1,120,0.35,0.40,True,117.7,3,4,0.5172759717215054,0.7192190012239008,1.0175992046531117,6.067828065023645,-5.112,6.267,1.14,9.11,2.056,
1658,100,4,9.5,22.8,18.4,1.87,1e-05,0.05,120,0.45,0.55,True,10.3,3,2,2.5391391142768636,1.593467638289797,1.61821422360001,2.694177017418913,4.34,2.471,1.994,2.102,2.054,
1494,100,4,81.7,56.2,92.2,4.7,1e-06,0.05,80,0.60,0.45,False,900.0,2,4,8.602894456715717,2.9330691189802733,4.363766489007254,6.893110031161839,10.761,6.059,5.187,149.673,4.276,vittima non trovata entro 15 minuti
1646,100,4,10.0,64.2,59.4,4.22,1e-05,0.05,50,center,center,True,84.0,3,3,0.017001349252680542,0.13038922214922727,1.0542309852418208,1.762283824076429,6.175,1.955,1.059,4.61,1.827,
1645,100,4,1.1,77.9,73.0,4.19,1e-05,0.05,25,0.60,0.58,True,87.7,3,3,0.3399221170214492,0.5830284015564329,2.6348450359374533,4.013953625304704,7.654,3.465,2.649,4.628,2.563,
1638,100,4,74.4,27.0,72.8,1.58,1e-06,0.1,120,0.45,0.55,True,116.30000000000001,3,4,0.029958415216782174,0.17308499419875245,3.1911578489556027,6.681519738903402,-5.573,7.153,3.193,14.105,2.13,
1640,100,4,62.6,58.3,78.5,4.29,1e-06,0.1,120,0.60,0.58,True,115.2,3,4,0.482517193907873,0.6946345758079373,0.18088206375322655,3.3946238662249693,0.816,3.478,0.566,7.719,1.758,
1649,100,4,0.2,55.2,50.5,2.09,1e-05,0.05,50,0.60,0.45,True,64.9,3,3,0.28934277107043505,0.5379059128420463,6.030648947671443,11.002866052890631,-10.49,12.585,6.032,6.895,2.359,
1647,100,4,74.3,5.7,69.3,1.42,1e-05,0.05,50,0.35,0.40,True,108.4,3,1,0.004910990161473695,0.07007845718531262,1.615723069230942,3.0012263686874636,4.424,3.004,1.616,8.924,1.529,
1659,100,4,19.6,26.8,26.2,4.9,1e-05,0.05,120,0.60,0.45,True,37.6,3,3,0.03324479157751133,0.18233154301302704,1.4198676021813565,4.352031360925166,8.639,3.742,1.421,1.157,2.14,
1466,100,4,90.4,5.4,85.4,4.31,1e-07,0.1,50,center,center,False,900.0,0,4,19.64792573107935,4.432598079126885,17.351093879111364,17.40638436469658,34.391,30.077,17.872,297.051,3.649,vittima non trovata entro 15 minuti
1651,100,4,40.1,27.1,41.5,4.1,1e-05,0.05,80,center,center,True,66.9,3,3,0.2059425072578642,0.45380888847384226,4.449513011309827,4.833676593387376,8.872,4.769,4.45,4.364,2.468,
1641,100,4,98.5,37.1,98.9,3.7,1e-05,0.05,25,center,center,True,152.5,3,3,0.014343214839084857,0.11976316144409706,0.8563486966586267,2.6638531097468747,6.22,2.522,0.857,1.741,1.701,
1669,100,4,15.6,19.1,17.7,1.09,1e-05,0.1,50,0.60,0.45,True,13.4,3,3,0.33073346029610035,0.5750943055674438,1.5387281910829977,4.4338669079235,-4.048,5.135,1.547,1.941,1.987,
1652,100,4,73.6,31.3,73.5,3.97,1e-05,0.05,80,0.35,0.40,True,100.80000000000001,3,3,0.008558443613606147,0.09251185661095634,0.5774330969102918,1.5479756023092786,2.717,1.251,0.581,8.036,1.596,
1656,100,4,40.7,28.9,42.9,3.81,1e-05,0.05,120,center,center,True,66.10000000000001,3,3,0.31680685258663704,0.5628559785474763,4.363801034367352,4.798394826260996,8.625,4.817,4.364,4.705,2.371,
1644,100,4,63.7,9.8,58.9,1.9,1e-05,0.05,25,0.60,0.45,True,145.3,3,3,8.974691493953165,2.9957789461095365,2.6357642937151886,9.5519592022213,-7.908,9.807,3.978,26.186,4.999,
1653,100,4,59.1,52.7,72.1,4.6,1e-05,0.05,80,0.45,0.55,True,99.5,3,4,0.00817261044181139,0.09040249134737045,0.8146991043523447,1.3872607303358249,5.931,1.332,0.817,2.773,1.753,
1648,100,4,43.5,99.1,101.7,2.7,1e-05,0.05,50,0.45,0.55,True,111.2,3,4,0.004592589144065075,0.06776864425429414,0.5350134480825258,1.4536114593856901,1.345,1.352,0.537,5.294,1.617,
1655,100,4,58.8,94.7,104.6,2.52,1e-05,0.05,80,0.60,0.58,True,97.60000000000001,3,4,0.006834036295027419,0.08266823026427637,0.34148431806654,0.9317890474926154,3.386,0.867,0.348,6.331,1.796,
1673,100,4,29.9,5.0,24.9,3.87,1e-05,0.1,80,0.45,0.55,True,31.200000000000003,3,3,0.4083581961592729,0.6390291043131548,5.3769023818092645,8.898786870991362,10.593,6.726,5.386,5.474,3.429,
1660,100,4,21.7,49.9,47.9,2.17,1e-05,0.05,120,0.60,0.58,True,72.0,3,4,0.013069598621534364,0.11432234524157718,2.2749326034766764,9.023632396147375,-7.325,9.494,2.275,2.694,1.705,
1639,100,4,22.9,95.8,92.6,3.76,1e-06,0.1,120,0.60,0.45,True,175.8,3,4,1.0061669796316148,1.003078750463599,2.5223188307545343,4.627476728812739,7.642,3.88,2.626,36.823,2.455,
1654,100,4,96.9,96.6,129.7,4.5,1e-05,0.05,80,0.60,0.45,True,125.0,3,3,0.1828866725588601,0.4276525137992996,5.054963898160081,6.476332184064808,8.553,4.048,5.055,8.21,2.519,
1662,100,4,77.4,28.0,76.0,3.97,1e-05,0.1,25,0.35,0.40,True,101.60000000000001,3,4,0.6051046131841289,0.7778847043001481,1.2655217297430736,1.4096659922138135,4.985,1.017,1.327,10.713,1.907,
1667,100,4,31.1,39.7,43.4,4.33,1e-05,0.1,50,0.35,0.40,True,61.2,3,4,0.010808487479708726,0.1039638758401625,1.6371391138668319,2.843470945335266,7.066,2.741,1.638,6.199,1.925,
1668,100,4,59.9,16.6,56.1,1.97,1e-05,0.1,50,0.45,0.55,True,99.30000000000001,3,4,0.08316053633939507,0.2883756861099685,2.6750343861236323,9.030497609112246,-7.684,9.657,2.683,12.929,1.923,
1670,100,4,58.4,7.8,53.5,2.46,1e-05,0.1,50,0.60,0.58,True,77.4,3,3,0.260731198986221,0.5106184475576857,5.0556854538783345,7.576846562094883,6.864,4.406,5.057,6.581,1.84,
1515,100,4,51.9,89.5,96.7,1.62,1e-06,0.1,80,0.60,0.58,False,900.0,2,4,815.419336642088,28.555548263727804,29.226869832956883,30.764534620070012,-18.053,19.677,29.237,456.977,2.638,vittima non trovata entro 15 minuti
1664,100,4,47.3,73.2,80.3,4.93,1e-05,0.1,25,0.60,0.45,True,91.7,3,4,7.500638571175347,2.7387293716567447,3.272635668569632,4.277611336963036,-0.077,5.011,3.757,5.602,2.172,
1663,100,4,77.5,12.7,72.9,4.72,1e-05,0.1,25,0.45,0.55,True,119.9,3,4,0.347506607428548,0.5894969104486876,1.0247698417551157,2.033247640297505,6.433,1.718,1.179,17.243,1.91,
1674,100,4,15.1,77.0,72.7,3.94,1e-05,0.1,80,0.60,0.45,True,75.3,3,4,0.3273494927647119,0.5721446432194501,1.1206148229404411,4.966032288120547,-0.476,4.419,1.227,1.003,2.025,
1665,100,4,96.1,80.6,118.4,2.62,1e-05,0.1,25,0.60,0.58,True,125.9,3,4,0.09091360092756451,0.30151882350454423,2.0725221208546194,3.5782667314220107,-0.298,2.917,2.074,17.126,1.991,
1672,100,4,77.6,32.6,77.6,3.01,1e-05,0.1,80,0.35,0.40,True,102.2,3,4,0.0032337497752062774,0.05686606875111271,0.6284644120861954,0.8918529870117713,3.849,0.836,0.629,6.893,1.695,
1661,100,4,62.9,91.3,103.9,2.99,1e-05,0.1,25,center,center,True,138.5,3,4,3.4107191836342867,1.8468132508822561,0.7521127082094337,2.344939423473497,5.21,2.221,1.766,15.439,2.503,
1657,100,4,21.3,90.6,87.1,3.42,1e-05,0.05,120,0.35,0.40,True,149.8,3,4,0.00607697069497016,0.07795492732964453,0.5851750964723716,1.0216775274984031,4.26,0.837,0.587,13.558,1.822,
1680,100,4,11.4,66.1,61.5,2.89,1e-05,0.1,120,0.60,0.58,True,79.80000000000001,3,3,0.0339210310867486,0.184176630131916,2.2269538334060144,9.40747029140503,-7.127,10.018,2.227,3.985,1.746,
1679,100,4,71.9,4.5,66.9,3.78,1e-05,0.1,120,0.60,0.45,True,102.60000000000001,3,2,0.026848454936111522,0.16385498141988702,1.4708553813218368,1.8873790964674142,5.887,2.11,1.473,7.813,1.807,
1671,100,4,13.9,90.7,86.1,3.01,1e-05,0.1,80,center,center,True,120.30000000000001,3,4,0.7049785132675489,0.8396299859268658,5.758272665972547,5.9364165403327425,4.454,1.443,5.796,17.659,1.556,
1678,100,4,13.8,73.3,68.9,2.42,1e-05,0.1,120,0.45,0.55,True,78.2,3,4,0.05135302419730166,0.2266120566018094,1.7297983982488365,2.979265613481,5.247,2.828,1.736,6.071,1.927,
1545,100,4,81.0,76.3,104.2,4.53,1e-05,0.1,25,0.60,0.58,False,900.0,1,4,164.19869724348783,12.814003950502272,9.01684648018491,9.124404579886273,5.21,0.684,10.724,609.005,2.551,vittima non trovata entro 15 minuti
1699,100,4,6.6,7.7,3.1,1.72,1e-07,0.05,120,0.60,0.45,True,0.30000000000000004,3,2,0.06523204695794345,0.2554056517736901,1.4119068906135024,1.4696231791128582,1.798,0.074,1.412,1.457,1.817,
1681,100,4,41.6,27.6,43.0,3.35,1e-07,0.05,25,center,center,True,75.4,3,4,0.08572002038950884,0.29277981554319765,1.0013064171468455,1.0050905259239848,3.996,0.645,1.007,0.946,2.48,
1677,100,4,8.5,62.5,57.6,4.76,1e-05,0.1,120,0.35,0.40,True,92.9,3,3,0.006514149753475567,0.08071028282366235,4.587473156663771,12.68887566626138,-9.626,14.386,4.588,11.239,1.466,
1676,100,4,64.9,76.2,93.0,3.79,1e-05,0.1,120,center,center,True,100.60000000000001,3,4,0.006828223273528106,0.08263306404538141,0.83291461475997,1.1243565349000157,4.896,1.108,0.836,8.948,1.715,
1534,100,4,93.7,4.1,88.7,3.43,1e-05,0.05,80,0.60,0.45,False,900.0,0,4,9486.450371786392,97.39841051981492,166.5214885674841,166.52654974923263,2.135,1.298,168.623,519.353,3.182,vittima non trovata entro 15 minuti
1675,100,4,83.0,15.7,78.7,1.78,1e-05,0.1,80,0.60,0.58,True,158.60000000000002,3,4,4.815160440548753,2.194347383745052,1.1384360093257389,2.6046828621025657,4.29,2.507,2.427,24.908,1.677,
1685,100,4,79.5,68.6,98.0,3.6,1e-07,0.05,25,0.60,0.58,True,129.70000000000002,3,4,1.4407039478240629,1.2002932757555809,0.9359757693859121,3.513730043291258,6.806,3.206,1.391,10.998,2.268,
1694,100,4,36.4,1.7,31.5,2.3,1e-07,0.05,80,0.60,0.45,True,56.2,3,4,0.6577384155687698,0.8110107370243441,2.503181923877055,6.312501381822939,8.865,6.561,2.525,2.221,3.39,
1683,100,4,65.9,66.3,86.4,1.78,1e-07,0.05,25,0.45,0.55,True,123.4,3,4,6.6614693413713955,2.580982243521136,2.328042525045971,2.756541586788732,0.536,1.24,3.105,12.738,2.337,
1700,100,4,36.9,10.9,32.4,2.74,1e-07,0.05,120,0.60,0.58,True,58.900000000000006,3,4,0.10717271437687026,0.32737243985538894,3.4547811762894822,3.4560612962680293,3.26,0.523,3.456,4.501,1.953,
1544,100,4,8.5,90.0,85.1,3.17,1e-05,0.1,25,0.60,0.45,False,900.0,0,4,116.60839044834812,10.798536495671444,3.6495138463180705,6.3413736758113135,-2.013,5.186,9.07,446.729,3.781,vittima non trovata entro 15 minuti
1691,100,4,51.4,21.4,49.2,2.72,1e-07,0.05,80,center,center,True,87.9,3,4,0.05813132867542206,0.24110439372898632,2.10603308923535,2.1373727241173954,1.779,0.937,2.107,4.4,2.289,
1682,100,4,72.9,8.5,68.0,4.95,1e-07,0.05,25,0.35,0.40,True,142.3,3,4,3.4408991472357244,1.8549660771118497,1.807806686732783,7.313538163737503,11.701,6.752,2.348,21.274,2.72,
1703,100,4,25.4,29.3,31.7,4.94,1e-07,0.1,25,0.45,0.55,True,63.1,3,4,0.03056839665865857,0.17483820137103495,2.5564540567901406,2.8001716863645143,2.915,2.024,2.558,4.443,2.382,
1688,100,4,80.7,25.2,78.4,3.2,1e-07,0.05,50,0.45,0.55,True,131.1,3,4,0.013030666885726174,0.11415194648242392,3.135383256863779,12.036587376957854,-9.638,12.836,3.136,10.565,1.775,
1686,100,4,85.6,84.4,113.1,2.83,1e-07,0.05,50,center,center,True,136.9,3,4,0.3700173404891718,0.6082905066571167,0.45984539636731186,0.4691181696469641,2.82,0.011,0.746,11.292,1.834,
1696,100,4,33.0,87.6,87.2,2.65,1e-07,0.05,120,center,center,True,111.2,3,4,0.047836312960353594,0.21871514113191523,1.4594942282401402,2.5200520709763494,5.41,2.762,1.463,2.919,2.622,
1690,100,4,6.6,78.1,73.2,3.3,1e-07,0.05,50,0.60,0.58,True,114.4,3,4,0.4422650039948138,0.6650300775113963,0.33221361893424933,5.390193853197335,-2.174,5.479,0.621,7.224,1.882,
1502,100,4,3.8,96.8,91.8,1.34,1e-06,0.1,25,0.35,0.40,False,900.0,0,4,36.076261245924016,6.0063517417750365,43.89514354614538,44.43071151245734,21.363,20.022,43.985,454.082,3.706,vittima non trovata entro 15 minuti
1687,100,4,99.8,15.4,95.4,1.58,1e-07,0.05,50,0.35,0.40,True,178.10000000000002,3,4,0.0042979922631795455,0.06555907460588156,2.120743569528973,5.020278911281062,6.126,4.55,2.122,13.79,1.779,
1692,100,4,59.6,2.8,54.6,4.31,1e-07,0.05,80,0.35,0.40,True,111.10000000000001,3,4,1.1957512651588127,1.0935041221498951,1.6228173074229173,2.1005611487442843,6.121,1.809,1.762,10.613,2.459,
1695,100,4,80.3,37.1,81.8,1.9,1e-07,0.05,80,0.60,0.58,True,122.7,3,4,0.026280278537355643,0.16211193212516975,5.9657563418302715,10.873049766240243,-9.922,11.822,5.966,4.593,1.891,
1706,100,4,32.2,17.0,29.8,2.95,1e-07,0.1,50,center,center,True,59.5,3,4,0.07437119223375274,0.27271082162934557,2.0508708831932063,3.9870407399878265,-1.844,4.796,2.06,2.579,1.852,
1693,100,4,57.0,96.7,105.4,1.15,1e-07,0.05,80,0.45,0.55,True,129.20000000000002,3,4,0.2617346563671189,0.5116000941820856,0.3634912883398042,0.4303305248655131,1.38,0.23,0.521,6.924,1.699,
1697,100,4,22.5,67.1,64.5,4.49,1e-07,0.05,120,0.35,0.40,True,110.9,3,4,0.02305544881546941,0.15184020816460114,2.0900595395341757,9.159913498867137,-5.501,9.99,2.093,8.788,1.847,
1698,100,4,75.5,68.9,95.2,1.02,1e-07,0.05,120,0.45,0.55,True,129.1,3,4,0.6722242706285125,0.8198928409423469,1.1743637463161651,3.8414182265959065,-3.189,4.213,1.226,7.065,1.78,
1725,100,4,5.6,15.3,10.3,2.4,1e-06,0.05,25,0.60,0.58,True,3.8000000000000003,3,3,0.3837654638141157,0.6194880659174281,1.0855349561052972,1.5095342011230433,1.23,1.174,1.198,1.177,2.013,
1702,100,4,84.5,70.0,102.7,1.19,1e-07,0.1,25,0.35,0.40,True,129.5,3,4,0.015980757785306308,0.12641502199227078,0.9015574416639218,1.0719667259156207,2.076,0.886,0.906,22.982,1.743,
1708,100,4,21.5,44.3,42.6,4.6,1e-07,0.1,50,0.45,0.55,True,82.30000000000001,3,4,1.0108228173872913,1.0053968457217732,0.4460038666094739,2.0848434563864773,2.689,1.91,1.069,8.434,2.042,
1701,100,4,98.8,61.4,109.4,1.49,1e-07,0.1,25,center,center,True,158.9,3,4,11.458637976392277,3.3850610003945687,0.7344263032301932,1.8127832554248768,3.145,1.657,3.258,14.826,2.865,
1723,100,4,27.1,2.4,22.3,2.59,1e-06,0.05,25,0.45,0.55,True,29.8,3,4,0.5777618828534764,0.760106494416063,6.380657595461058,12.019581269029656,10.897,8.308,6.384,6.107,2.598,
1709,100,4,67.6,31.9,68.1,2.43,1e-07,0.1,50,0.60,0.45,True,105.80000000000001,3,4,15.537654468654367,3.9417831585025533,4.300026010566034,9.810437583933698,10.75,8.324,5.827,17.287,2.817,
1707,100,4,83.6,50.8,90.9,2.9,1e-07,0.1,50,0.35,0.40,True,126.0,3,4,0.14574445979656409,0.3817649274050251,0.7993262203271433,1.1639128229299327,3.97,1.07,0.851,20.025,2.131,
1718,100,4,62.6,11.4,57.9,4.36,1e-07,0.1,120,0.45,0.55,True,87.7,3,4,0.06602863950555586,0.256960385089912,1.1558215650959032,4.31824507647097,8.5,4.138,1.17,4.553,2.117,
1713,100,4,57.5,51.9,70.3,3.35,1e-07,0.1,80,0.45,0.55,True,100.9,3,4,0.12259155958455725,0.3501307749749474,0.4894411936094208,0.9989166451232335,2.346,1.004,0.5,12.632,1.98,
1719,100,4,85.2,13.0,80.6,2.49,1e-07,0.1,120,0.60,0.45,True,117.4,3,4,0.015224423800985501,0.123387291894204,1.3827085894704139,2.074479218344314,4.753,2.261,1.383,11.657,1.859,
1716,100,4,54.5,16.4,50.8,3.29,1e-07,0.1,120,center,center,True,104.10000000000001,3,4,0.0424354459224264,0.2059986551471305,1.3758715563344415,2.183341421851534,0.604,2.682,1.379,15.475,2.117,
1710,100,4,89.1,4.4,84.1,1.05,1e-07,0.1,50,0.60,0.58,True,133.8,3,4,0.21421908366735765,0.4628380749974635,1.0224097199174527,3.338122163886001,-2.374,3.429,1.023,15.953,1.674,
1722,100,4,62.6,28.9,62.4,3.42,1e-06,0.05,25,0.35,0.40,True,92.4,3,3,0.05126783232051105,0.22642401003540027,4.367319200668145,5.295066460689995,6.958,3.54,4.368,5.954,2.455,
1715,100,4,46.7,50.1,61.5,3.49,1e-07,0.1,80,0.60,0.58,True,102.30000000000001,3,4,0.016681125746656825,0.1291554325092709,0.6090866324708627,1.9715385927705544,1.792,1.698,0.617,3.434,1.635,
1720,100,4,42.1,64.3,70.0,2.8,1e-07,0.1,120,0.60,0.58,True,101.4,3,4,0.011363816913066087,0.10660120502633208,0.6884082652086289,0.6967866981510417,2.815,0.016,0.691,4.477,1.576,
1717,100,4,70.2,13.6,65.7,4.68,1e-07,0.1,120,0.35,0.40,True,114.60000000000001,3,4,0.04926696749436835,0.22196163518583195,0.9299952748488436,1.028086805309346,5.397,0.716,0.945,3.699,1.92,
1714,100,4,91.8,11.7,87.0,4.96,1e-07,0.1,80,0.60,0.45,True,135.6,3,4,0.008520280343234064,0.0923053646503499,2.6566390626330203,3.104855655546722,-11.299,16.256,2.658,14.205,1.774,
1712,100,4,87.5,72.1,106.3,4.54,1e-07,0.1,80,0.35,0.40,True,139.5,3,4,0.009791883487542202,0.09895394629595225,0.6781595381905439,0.6881468148205746,4.897,0.359,0.681,11.744,1.787,
1599,100,4,5.4,96.6,91.6,4.22,1e-07,0.1,120,0.60,0.45,False,900.0,0,4,7.503674224747672,2.739283523979888,6.792267666312101,6.798346980634729,3.933,0.287,6.858,522.151,2.399,vittima non trovata entro 15 minuti
1733,100,4,25.2,21.0,25.8,1.92,1e-06,0.05,80,0.45,0.55,True,47.400000000000006,3,4,0.09387996866641003,0.30639838228425753,1.9689637676471332,2.5746043905048532,-0.431,2.348,1.972,3.099,1.901,
1727,100,4,46.9,29.6,48.6,3.89,1e-06,0.05,50,0.35,0.40,True,89.80000000000001,3,4,0.1735357469080831,0.4165762198062716,3.471611016639504,4.46110780475996,7.536,3.645,3.474,2.97,3.096,
1742,100,4,23.9,16.3,22.0,1.25,1e-06,0.1,25,0.35,0.40,True,33.0,3,4,0.010677606971343012,0.10333250684727925,1.4643277535100594,1.4643963580033956,1.787,0.535,1.467,1.287,1.84,
1735,100,4,57.7,8.6,52.8,1.85,1e-06,0.05,80,0.60,0.58,True,74.7,3,4,1.1372895726698276,1.0664377959683478,1.3484833828589669,4.152197122759637,5.129,3.283,1.388,3.037,1.827,
1721,100,4,73.2,55.9,85.1,4.72,1e-06,0.05,25,center,center,True,157.8,3,4,35.72039635643736,5.976654277807723,1.9461471717543213,4.70222592778342,8.789,4.074,5.575,18.828,3.012,
1731,100,4,8.9,53.6,48.7,4.02,1e-06,0.05,80,center,center,True,85.10000000000001,3,4,0.0037094302839478918,0.06090509243033699,2.451650986443858,3.6815990714928337,7.468,3.452,2.452,0.935,1.681,
1728,100,4,70.6,12.9,66.0,4.69,1e-06,0.05,50,0.45,0.55,True,118.5,3,3,0.46121126221474773,0.679125365609876,4.019069254723026,5.294281484421624,9.48,4.786,4.019,19.835,2.766,
1724,100,4,80.5,33.5,80.7,4.88,1e-06,0.05,25,0.60,0.45,True,137.3,3,4,6.569083975388008,2.5630224297473494,2.287670876038888,3.2590496678530276,8.428,3.546,2.306,14.971,2.153,
1605,100,4,97.7,57.5,106.5,2.67,1e-06,0.05,25,0.60,0.58,False,900.0,1,4,26.954790322192938,5.191800296832779,3.9187802291551956,6.3205277398257405,7.626,4.959,5.699,198.713,2.619,vittima non trovata entro 15 minuti
1741,100,4,34.0,11.5,29.7,4.22,1e-06,0.1,25,center,center,True,47.1,3,4,0.1617606221756661,0.4021947565243313,2.901534062357814,2.966314187378756,1.636,2.584,2.905,1.369,2.47,
1726,100,4,90.5,38.3,91.7,4.87,1e-06,0.05,50,center,center,True,141.4,3,4,12.390703450323594,3.5200431034752393,1.1091033093227523,1.113280552632702,4.969,0.096,2.494,8.59,1.911,
1729,100,4,9.5,83.2,78.3,1.53,1e-06,0.05,50,0.60,0.45,True,106.80000000000001,3,4,0.07328007158414956,0.27070292127006973,0.22510492257999062,1.3803833030071686,2.73,1.204,0.295,5.489,1.675,
1749,100,4,16.0,9.4,11.9,3.33,1e-06,0.1,50,0.60,0.45,True,14.3,3,4,0.5775692470267996,0.7599797675114777,0.6179598170660539,3.7314306096765395,-0.818,4.152,0.857,1.0,2.269,
1732,100,4,73.3,5.3,68.3,1.23,1e-06,0.05,80,0.35,0.40,True,101.4,3,3,0.06800683522853165,0.2607812018312126,4.311052901454019,5.824616157449105,6.352,5.12,4.312,4.732,2.652,
1738,100,4,65.8,44.7,72.6,3.53,1e-06,0.05,120,0.45,0.55,True,113.9,3,4,1.1586464383864077,1.0764044028089108,1.359015578051126,1.3845943001705916,3.259,0.272,1.655,4.263,2.3,
1736,100,4,85.9,28.9,84.3,2.65,1e-06,0.05,120,center,center,True,124.9,3,4,0.01245863469951807,0.11161825432929001,3.248314134048444,8.166441067395866,-7.082,9.732,3.249,5.896,1.625,
1734,100,4,75.9,8.1,71.0,2.82,1e-06,0.05,80,0.60,0.45,True,115.7,3,4,0.1805817580204715,0.4249491240377741,3.7218387228930574,6.797488435568558,9.266,6.442,3.725,8.403,2.345,
1740,100,4,45.4,45.8,57.4,4.14,1e-06,0.05,120,0.60,0.58,True,95.7,3,4,0.006808754400569308,0.08251517678929923,0.8042861775190416,2.5763498430778036,1.696,2.44,0.806,5.687,1.689,
1752,100,4,2.2,30.9,26.0,3.39,1e-06,0.1,80,0.35,0.40,True,49.1,3,4,3.784310925787625,1.9453305440946598,2.3098831139836142,3.9073280959465695,0.01,3.383,2.993,5.777,2.323,
1737,100,4,18.7,73.8,70.2,3.16,1e-06,0.05,120,0.35,0.40,True,115.4,3,4,0.24592680205941708,0.4959100745693891,3.773250290841589,10.179256675816891,-8.361,11.526,3.78,8.755,2.356,
1739,100,4,68.8,54.7,80.9,1.62,1e-06,0.05,120,0.60,0.45,True,106.60000000000001,3,4,1.5547088636948723,1.2468796508464128,2.4242411518093845,7.363259541463447,7.784,6.164,2.597,4.384,2.625,
1761,100,4,28.0,3.7,23.0,3.25,1e-05,0.05,25,center,center,True,30.3,3,3,0.14189242693396664,0.37668611194729046,3.8963970487671014,9.462168523439628,11.633,8.386,3.911,4.884,3.61,
1743,100,4,80.0,38.2,82.0,4.58,1e-06,0.1,25,0.45,0.55,True,102.80000000000001,3,4,6.005765803999253,2.4506663999816976,2.161535031181806,9.002764370406858,12.911,8.334,3.229,14.605,2.418,
1561,100,4,87.7,90.9,119.2,3.36,1e-07,0.05,25,center,center,False,900.0,0,4,82.54237084635761,9.0852832012193,22.550662246511102,23.118064560320875,8.447,5.09,23.803,353.931,3.598,vittima non trovata entro 15 minuti
1751,100,4,12.2,42.0,37.7,1.86,1e-06,0.1,80,center,center,True,102.5,3,3,0.06687060499904807,0.2585935130645161,3.186673334493059,4.180890226641378,6.815,4.952,3.187,15.278,2.177,
1745,100,4,27.9,71.1,69.9,4.76,1e-06,0.1,25,0.60,0.58,True,111.5,3,4,1.3555638179147773,1.164286828025971,0.7277137516520154,5.153244831584554,-0.561,5.317,1.057,26.412,2.31,
1753,100,4,61.2,71.1,86.8,4.65,1e-06,0.1,80,0.45,0.55,True,109.0,3,4,0.014234068232733583,0.11930661437126436,1.0304794610227237,1.4647089622675755,5.685,1.032,1.033,9.699,1.885,
1747,100,4,13.8,55.2,51.0,3.9,1e-06,0.1,50,0.35,0.40,True,112.10000000000001,3,4,0.008787980738178453,0.0937442304260825,3.4934177286059973,11.413188866834147,-8.768,12.673,3.495,11.652,1.926,
1748,100,4,80.9,16.7,76.8,1.36,1e-06,0.1,50,0.45,0.55,True,146.4,3,4,16.070742101914067,4.0088330099810925,4.287558465819424,8.60639876970369,-7.627,8.983,5.65,28.362,2.532,
1750,100,4,26.1,83.6,81.4,4.36,1e-06,0.1,50,0.60,0.58,True,115.60000000000001,3,4,0.022062964194444763,0.14853607034806315,0.9143805173280102,1.4212420247512354,3.203,1.158,0.921,7.441,1.699,
1765,100,4,33.1,7.6,28.2,1.21,1e-05,0.05,25,0.60,0.58,True,45.400000000000006,3,3,0.6401008705248971,0.8000630415941591,3.104120230625101,9.243909809853262,8.78,7.575,3.133,4.593,2.415,
1759,100,4,25.0,75.7,73.5,3.26,1e-06,0.1,120,0.60,0.45,True,93.10000000000001,3,4,0.07513011681115166,0.2740987355154191,2.1667782603632992,6.868038001544358,-4.569,7.828,2.173,5.983,1.835,
1762,100,4,42.5,79.3,83.2,3.78,1e-05,0.05,25,0.35,0.40,True,88.4,3,3,0.4182737121508332,0.6467408384746035,3.088993542880573,10.871346461553546,-8.092,11.867,3.098,7.809,1.892,
1766,100,4,33.6,39.2,44.6,3.69,1e-05,0.05,50,center,center,True,57.7,3,4,0.01246286736793945,0.1116372131860136,0.9506962316808617,0.9543483492582793,4.33,0.644,0.956,1.258,1.879,
1767,100,4,30.6,56.3,57.3,2.62,1e-05,0.05,50,0.35,0.40,True,60.7,3,4,0.014953560252426053,0.12228475069454103,0.8142427502420049,0.9373258870114307,3.429,0.807,0.822,1.488,1.737,
1624,100,4,82.5,46.1,87.7,4.58,1e-06,0.1,25,0.60,0.45,False,900.0,1,4,80.66476326656039,8.981356426874529,3.384353106084322,5.427784831316675,8.624,4.049,6.342,503.803,2.338,vittima non trovata entro 15 minuti
1763,100,4,55.3,91.3,99.9,2.31,1e-05,0.05,25,0.45,0.55,True,97.2,3,4,4.5758599775461635,2.1391259844960424,3.8872112963781906,4.392003706579597,-7.131,9.438,4.024,2.209,2.433,
1757,100,4,48.3,60.6,70.5,3.42,1e-06,0.1,120,0.35,0.40,True,115.7,3,4,0.01031794235296734,0.10157727281713828,1.2362685427708744,1.4521695386162627,4.633,1.214,1.237,6.238,1.769,
1760,100,4,28.0,71.6,70.4,1.16,1e-06,0.1,120,0.60,0.58,True,113.10000000000001,3,4,0.23433292482920498,0.4840794612759407,1.605503354359596,5.685636132070424,-4.753,5.916,1.615,3.854,2.011,
1764,100,4,61.1,45.6,69.3,3.47,1e-05,0.05,25,0.60,0.45,True,103.2,3,3,7.049762626330058,2.655138909046014,1.9693046364439886,1.9972669196849826,2.111,1.363,2.11,7.836,1.808,
1769,100,4,12.9,27.0,23.4,4.54,1e-05,0.05,50,0.60,0.45,True,44.5,3,3,0.008063284434582926,0.08979579296705902,4.2536546408056495,12.88846690201909,-9.437,13.975,4.254,4.341,1.649,
1770,100,4,33.4,21.2,32.7,1.04,1e-05,0.05,50,0.60,0.58,True,52.1,3,3,0.10035401832931908,0.31678702361258276,0.47921833770015193,4.24255866046918,5.148,4.112,0.572,1.695,1.877,
1773,100,4,16.0,28.6,26.1,2.78,1e-05,0.05,80,0.45,0.55,True,54.2,3,3,0.028482138697484814,0.1687665212578751,0.8526283886390277,2.078767366077432,4.796,2.013,0.862,1.026,1.839,
1776,100,4,26.4,48.1,48.1,1.68,1e-05,0.05,120,center,center,True,59.0,3,4,0.022227931774706697,0.1490903476912798,0.40167649300330294,0.7661601417765289,2.085,0.402,0.416,0.523,1.831,
1768,100,4,31.1,70.5,70.5,3.73,1e-05,0.05,50,0.45,0.55,True,84.5,3,4,0.056334467913687396,0.2373488317091268,0.5634450626237398,1.3782241658319287,5.077,1.347,0.567,1.841,2.057,
1604,100,4,83.2,7.2,78.3,1.26,1e-06,0.05,25,0.60,0.45,False,900.0,2,4,295.744927975161,17.19723605627256,12.292933431980991,16.670458123679154,-15.594,16.856,17.657,482.325,3.243,vittima non trovata entro 15 minuti
1775,100,4,41.0,49.0,56.9,1.16,1e-05,0.05,80,0.60,0.58,True,74.4,3,4,0.36972349494937085,0.6080489247991241,0.3534137633606945,2.632459343474304,-1.501,2.659,0.643,3.81,1.687,
1786,100,4,31.3,1.9,26.5,2.95,1e-05,0.1,50,center,center,True,30.900000000000002,3,3,0.19939262166203744,0.44653400952451255,4.2485662668769795,11.712661282235079,12.526,9.575,4.27,4.738,3.648,
1774,100,4,50.0,41.2,57.8,3.91,1e-05,0.05,80,0.60,0.45,True,81.5,3,4,1.5255572023520831,1.2351344875567531,2.0717287661757005,6.525454238188339,-3.565,7.47,2.171,1.845,1.627,
1781,100,4,0.9,37.0,32.2,4.36,1e-05,0.1,25,center,center,True,54.300000000000004,3,2,0.011407547298763018,0.10680612013720477,0.6263411622897546,0.7308729065633169,5.138,0.777,0.63,0.776,1.877,
1772,100,4,19.4,81.4,77.7,2.71,1e-05,0.05,80,0.35,0.40,True,76.5,3,4,0.3719300872294056,0.6098607113344863,2.284152933576157,5.647017269871876,-3.599,6.309,2.294,5.8,2.449,
1756,100,4,92.3,72.8,110.5,3.75,1e-06,0.1,120,center,center,True,194.9,3,4,6.401555479602175,2.530129538107125,2.497428432632328,3.157380457547515,5.686,1.932,2.78,36.243,1.896,
1784,100,4,0.8,36.9,32.2,1.09,1e-05,0.1,25,0.60,0.45,True,56.6,3,2,0.017404578277542958,0.13192641235758273,1.441739331121695,1.6258606654531726,0.45,0.64,1.445,5.351,1.641,
1777,100,4,17.6,49.5,46.2,2.6,1e-05,0.05,120,0.35,0.40,True,62.900000000000006,3,4,0.02439445351428627,0.15618723864095385,0.5807478753700255,4.59378086554432,-2.248,4.849,0.582,2.439,1.851,
1779,100,4,37.7,68.1,71.1,2.42,1e-05,0.05,120,0.60,0.45,True,84.2,3,4,0.7267566296824207,0.8525002226876077,1.2197633925995512,4.7931367065242405,-3.065,5.483,1.229,1.333,2.011,
1771,100,4,83.9,34.9,84.4,4.88,1e-05,0.05,80,center,center,True,127.2,3,4,1.6492820942757576,1.2842437830395588,2.0164132670660564,4.377776892270205,0.128,4.751,2.136,4.904,1.965,
1755,100,4,93.7,36.1,94.0,4.7,1e-06,0.1,80,0.60,0.58,True,226.60000000000002,3,4,0.8866664423910253,0.9416296736992867,0.7512311042315285,1.1404503190053354,5.554,0.858,1.118,39.636,1.757,
1800,100,4,22.4,0.2,18.0,1.11,1e-05,0.1,120,0.60,0.58,True,11.4,3,4,0.013823698245113532,0.11757422440787578,0.6056396718521777,2.2195273125334047,-0.87,1.979,0.61,0.364,1.605,
1778,100,4,56.8,84.0,94.5,4.99,1e-05,0.05,120,0.45,0.55,True,106.30000000000001,3,4,0.01687091362698496,0.12988808115829936,0.45756131002485856,0.8396422285410527,5.814,0.821,0.467,3.365,1.891,
1783,100,4,91.6,53.2,99.1,3.96,1e-05,0.1,25,0.45,0.55,True,122.0,3,4,0.017209923753875013,0.13118659898737756,0.8643041062973125,1.505809195972204,5.197,1.233,0.867,22.888,2.048,
1787,100,4,62.0,77.8,92.4,2.7,1e-05,0.1,50,0.35,0.40,True,95.7,3,4,0.03830844199620267,0.19572542501219065,0.7434168011876255,2.149640886090244,4.907,2.203,0.745,8.172,1.93,
1780,100,4,38.3,93.0,94.0,4.86,1e-05,0.05,120,0.60,0.58,True,106.7,3,4,0.0076608895474035875,0.08752650768426436,0.7493993547103764,0.7741348066167945,5.054,0.194,0.752,6.58,1.93,
1788,100,4,68.4,46.9,76.1,3.73,1e-05,0.1,50,0.45,0.55,True,88.7,3,4,0.0058334870113240424,0.07637726763457857,0.41588304782602237,0.6371232466284203,4.393,0.663,0.419,15.658,1.609,
1782,100,4,73.2,68.1,92.9,4.05,1e-05,0.1,25,0.35,0.40,True,109.4,3,4,0.012959479737876473,0.11383971072466968,0.8012505755366597,1.022068916881439,4.956,0.902,0.803,6.8,1.666,
1785,100,4,75.1,90.5,110.5,2.92,1e-05,0.1,25,0.60,0.58,True,110.30000000000001,3,4,0.012711666057167045,0.11274602457367197,0.7957332840782246,2.3319509819724273,0.73,2.192,0.799,13.472,1.66,
1795,100,4,14.7,53.6,49.6,4.02,1e-05,0.1,80,0.60,0.58,True,74.9,3,3,0.00467639165137031,0.06838414766135724,2.2884320633315194,9.76401671362229,-6.295,10.316,2.289,4.193,1.753,
1791,100,4,6.5,58.0,53.0,3.95,1e-05,0.1,80,center,center,True,86.4,3,3,0.0036517361137195304,0.06042959633920725,0.9334431345485893,1.4545862300306056,5.603,1.656,0.935,8.213,1.917,
1798,100,4,69.1,17.1,65.2,4.38,1e-05,0.1,120,0.45,0.55,True,97.7,3,3,0.025859311249537054,0.16080830590966702,0.4233480802988422,0.5319092870732677,4.747,0.365,0.44,6.171,2.069,
1792,100,4,98.2,83.3,121.7,2.68,1e-05,0.1,80,0.35,0.40,True,105.60000000000001,3,3,0.2048412547306449,0.452593918132629,2.3554467285221525,4.65836532511399,6.704,4.019,2.356,7.759,2.202,
1790,100,4,93.8,84.9,119.4,2.15,1e-05,0.1,50,0.60,0.58,True,121.4,3,3,0.038965479941467325,0.19739675767719014,0.9980806265891679,1.2699217222717267,2.934,0.785,1.0,5.137,3.255,
1666,100,4,91.7,13.4,87.1,1.79,1e-05,0.1,50,center,center,False,900.0,2,4,97.87610654585794,9.89323539322996,6.392771678134313,6.39329508296648,36.418,34.633,8.08,503.236,2.731,vittima non trovata entro 15 minuti
1804,100,4,49.1,6.8,44.2,1.58,1e-07,0.05,25,0.60,0.45,True,72.0,3,4,0.2988095872756441,0.5466347841801179,7.335096395357658,9.549257127301592,11.093,9.517,7.34,7.98,2.997,
1799,100,4,70.2,18.0,66.5,4.15,1e-05,0.1,120,0.60,0.45,True,98.7,3,2,2.06401208853087,1.436667006835916,0.4951395600813223,1.7098647786907983,2.281,1.871,1.184,4.719,1.771,
1797,100,4,94.0,19.9,90.3,3.27,1e-05,0.1,120,0.35,0.40,True,137.5,3,4,0.027577916658219487,0.16606600090993787,3.639238401782054,3.8560302429288997,1.995,1.275,3.64,8.537,2.118,
1816,100,4,16.4,16.4,16.2,2.49,1e-07,0.05,120,center,center,True,13.200000000000001,3,4,0.056229646623404246,0.2371279119450181,1.6708415183737617,2.130398740247876,5.036,2.551,1.673,1.811,2.081,
1808,100,4,4.6,40.5,35.5,4.44,1e-07,0.05,50,0.45,0.55,True,69.2,3,4,0.0430271426475637,0.20742984994345365,0.7269253229182322,1.4787214074300032,5.631,1.187,0.755,4.81,1.742,
1801,100,4,10.7,45.7,41.1,4.77,1e-07,0.05,25,center,center,True,78.2,3,4,0.18059920921753106,0.42496965681979115,1.8699060992600558,2.087513842348753,6.732,1.963,1.878,2.52,2.585,
1650,100,4,92.1,37.8,93.0,1.64,1e-05,0.05,50,0.60,0.58,False,900.0,2,4,892.6294836006423,29.876905522504206,29.739511823729213,29.916714714074377,4.893,3.251,30.172,318.523,2.756,vittima non trovata entro 15 minuti
1803,100,4,88.6,34.9,88.8,2.8,1e-07,0.05,25,0.45,0.55,True,118.7,3,4,1.2612995915248608,1.1230759509155472,2.5922783289747575,5.6503123954886805,6.865,4.063,2.799,6.315,2.061,
1802,100,4,88.8,82.5,114.1,4.24,1e-07,0.05,25,0.35,0.40,True,127.9,3,4,0.013483448804683239,0.11611825353786216,1.0439619789633898,1.1008056377417603,3.792,0.444,1.046,15.988,1.71,
1807,100,4,98.4,64.2,110.6,1.99,1e-07,0.05,50,0.35,0.40,True,144.20000000000002,3,4,0.06087839668599681,0.24673547917962024,1.042791011511398,2.855144465381203,4.65,2.658,1.048,11.398,1.907,
1810,100,4,68.5,24.5,66.4,3.2,1e-07,0.05,50,0.60,0.58,True,92.60000000000001,3,4,0.7919845874063384,0.8899351591022452,3.4991704229537106,4.4311696909860645,4.67,1.466,3.602,3.077,2.427,
1824,100,4,5.7,21.5,16.5,2.51,1e-07,0.1,25,0.60,0.45,True,16.1,3,4,0.1274335159082521,0.35697831293826815,0.1503704037671125,2.409176124504862,4.975,2.467,0.337,0.686,1.74,
1811,100,4,79.2,38.4,81.4,4.74,1e-07,0.05,80,center,center,True,112.10000000000001,3,4,0.03280381500346991,0.18111823487288603,7.331286098761893,12.732715731337263,-10.436,15.178,7.331,5.968,2.944,
1813,100,4,48.9,34.3,52.8,1.75,1e-07,0.05,80,0.45,0.55,True,90.4,3,4,0.10894210196998586,0.3300637846992394,1.0015378746117845,1.9299839385700999,3.002,1.257,1.015,1.784,2.418,
1805,100,4,94.1,3.6,89.1,4.9,1e-07,0.05,25,0.60,0.58,True,173.4,3,4,0.017038595450039502,0.13053197098810507,1.1311807873030382,1.71404403589291,3.608,1.288,1.134,8.1,1.711,
1822,100,4,33.5,0.6,28.8,1.72,1e-07,0.1,25,0.35,0.40,True,43.400000000000006,4,4,0.49035192391113797,0.7002513291034427,5.646727321639846,8.171393276745903,9.238,7.515,5.658,5.015,3.219,
1818,100,4,45.1,10.9,40.5,2.07,1e-07,0.05,120,0.45,0.55,True,72.8,3,4,0.06165360516170782,0.2483014401120296,1.8232019204147536,1.8506489698318882,1.839,0.232,1.825,3.75,1.958,
1820,100,4,87.7,0.3,82.9,1.55,1e-07,0.05,120,0.60,0.58,True,100.30000000000001,3,4,0.0668438178659343,0.25854171397655407,0.6729162460104419,1.0453015726691852,0.739,0.809,0.715,8.698,1.942,
1812,100,4,91.3,8.9,86.4,3.85,1e-07,0.05,80,0.35,0.40,True,138.9,3,4,2.8758572826879516,1.6958352758118789,3.9501208517426774,3.9504466428777336,3.8,0.051,4.278,8.321,1.726,
1815,100,4,52.1,79.4,88.0,2.26,1e-07,0.05,80,0.60,0.58,True,108.2,3,4,0.12410462270529055,0.35228486017041744,1.7249515602616905,9.207778001478612,-7.067,9.328,1.73,5.297,1.837,
1819,100,4,75.1,17.2,71.1,1.73,1e-07,0.05,120,0.60,0.45,True,112.10000000000001,3,4,0.366140151877307,0.6050951593570278,4.109542787305341,6.974825411369234,8.262,6.531,4.114,11.603,2.521,
1817,100,4,11.1,61.4,56.8,4.12,1e-07,0.05,120,0.35,0.40,True,111.30000000000001,3,4,0.023471882113517844,0.15320535928458195,4.103486118939215,11.570657366726302,-8.807,12.929,4.104,7.991,1.952,
1821,100,4,31.7,44.3,47.5,2.25,1e-07,0.1,25,center,center,True,92.7,3,4,0.9780489890683465,0.9889635933988402,2.1896232154811783,3.7561380396634485,-2.336,4.586,2.192,5.423,1.874,
1814,100,4,83.9,92.6,117.8,3.36,1e-07,0.05,80,0.60,0.45,True,157.4,3,4,1.1694174637222923,1.081396071623294,2.589552320578207,2.599945795390176,3.128,0.232,2.592,14.909,1.7,
1823,100,4,42.4,62.1,68.2,3.54,1e-07,0.1,25,0.45,0.55,True,107.7,3,4,0.017636900345699202,0.13280399220542732,0.41799412989996115,0.575754142144912,3.881,0.338,0.435,24.819,1.829,
1825,100,4,46.4,80.1,85.7,2.01,1e-07,0.1,25,0.60,0.58,True,108.7,3,4,0.019793506329437487,0.14068939664892122,1.7563262705746832,8.321374568122904,-6.495,8.506,1.756,9.837,1.819,
1684,100,4,78.7,47.0,84.8,1.97,1e-07,0.05,25,0.60,0.45,False,900.0,2,4,22.241569382851402,4.716096837730476,3.3039406242884937,15.605474491005864,16.707,14.734,5.496,237.68,5.458,vittima non trovata entro 15 minuti
1834,100,4,8.1,31.3,26.4,4.67,1e-07,0.1,80,0.60,0.45,True,51.800000000000004,3,4,0.04914051685854822,0.22167660422008503,3.5257820080956446,12.484828536625203,-8.788,13.454,3.529,7.458,1.698,
1840,100,4,15.8,5.8,10.8,1.6,1e-07,0.1,120,0.60,0.58,True,13.8,3,4,0.013256671556601339,0.1151376200752879,0.34351088783815786,1.2240442076337017,0.492,1.107,0.356,0.347,1.677,
1837,100,4,26.8,0.8,22.2,4.86,1e-07,0.1,120,0.35,0.40,True,42.1,3,4,0.15167090352396415,0.3894494877695491,3.722697989518685,4.740972832809165,8.787,3.926,3.731,3.014,3.347,
1828,100,4,71.4,7.2,66.5,3.22,1e-07,0.1,50,0.45,0.55,True,97.9,3,4,0.008414726606288036,0.09173181894134683,1.0683977393743704,8.504245504697304,-5.56,8.779,1.069,12.684,1.5,
1826,100,4,56.4,24.9,55.2,3.41,1e-07,0.1,50,center,center,True,101.10000000000001,3,4,2.6470769159469465,1.6269839937586805,1.8325693854135505,10.963244293097214,14.295,10.881,2.173,8.651,2.628,
1827,100,4,52.6,51.4,66.4,3.48,1e-07,0.1,50,0.35,0.40,True,114.5,3,4,0.00627224680053389,0.07919751764123602,1.2521594224199364,1.478176362115425,4.692,1.216,1.253,7.607,1.727,
1711,100,4,94.7,38.7,95.8,3.79,1e-07,0.1,80,center,center,False,900.0,1,4,8.381354315883314,2.8950568761050817,2.78038836080669,8.746642809672775,-4.501,8.293,3.578,346.403,2.763,vittima non trovata entro 15 minuti
1833,100,4,43.3,27.3,44.3,4.17,1e-07,0.1,80,0.45,0.55,True,84.4,3,4,0.07261677510704834,0.26947499903896155,1.8864019829192962,5.163058354454228,-1.224,5.392,1.9,5.702,1.733,
1831,100,4,78.1,19.3,74.5,4.4,1e-07,0.1,80,center,center,True,106.9,3,4,1.1166909098634714,1.0567359697973149,2.1268109873821803,2.9253497652841367,0.903,3.494,2.13,11.823,2.189,
1829,100,4,71.0,30.7,70.8,3.09,1e-07,0.1,50,0.60,0.45,True,128.1,3,4,0.0021606307887933806,0.04648258586603569,1.0068009702243537,1.168924581183114,4.222,1.134,1.007,22.451,1.701,
1836,100,4,87.5,73.2,107.0,2.52,1e-07,0.1,120,center,center,True,120.5,3,4,0.04518607947246999,0.21257017540678183,4.459100376238802,9.194973903687098,-8.587,11.106,4.46,8.847,1.845,
1689,100,4,30.1,98.1,96.5,1.37,1e-07,0.05,50,0.60,0.45,False,900.0,2,4,7.44414801267677,2.728396601060185,5.47660379368783,7.871661520752031,7.025,5.654,5.685,188.34,2.916,vittima non trovata entro 15 minuti
1838,100,4,70.2,5.0,65.2,1.94,1e-07,0.1,120,0.45,0.55,True,97.60000000000001,3,4,0.1455166779602091,0.381466483403469,4.373321333789635,10.805369505630754,-9.54,11.476,4.376,7.78,2.305,
1835,100,4,66.5,40.8,71.2,4.96,1e-07,0.1,80,0.60,0.58,True,108.5,3,4,3.4310572603790654,1.85231132922602,2.274954300716336,5.209733164883624,-1.053,6.01,2.345,5.442,1.918,
1832,100,4,10.7,69.5,64.8,4.4,1e-07,0.1,80,0.35,0.40,True,129.0,3,4,0.0069596973582852556,0.08342480061879234,4.6198364177254065,12.579682391847326,-9.885,14.282,4.62,13.569,1.844,
1856,100,4,0.4,19.3,15.0,3.3,1e-06,0.05,120,center,center,True,22.900000000000002,3,3,0.3578082631519009,0.5981707642069285,3.8067766439366437,4.6285764158707305,7.363,4.065,3.809,4.349,2.417,
1839,100,4,76.0,72.4,97.9,2.96,1e-07,0.1,120,0.60,0.45,True,131.1,3,3,3.541798087085908,1.8819665478126617,3.0034221186178436,6.327523637797178,-3.612,6.577,3.422,11.408,2.233,
1848,100,4,29.3,35.1,38.7,2.44,1e-06,0.05,50,0.45,0.55,True,79.0,3,4,0.0377852887274969,0.19438438395996965,1.2311870683655124,2.542575225122533,-0.167,2.612,1.243,5.155,1.639,
1842,100,4,73.3,56.1,85.3,3.57,1e-06,0.05,25,0.35,0.40,True,126.10000000000001,3,4,1.828232006317756,1.352121298670262,2.291386371867154,2.3316421669072844,3.208,0.362,2.301,12.46,2.066,
1704,100,4,70.1,51.2,79.9,3.23,1e-07,0.1,25,0.60,0.45,False,900.0,1,4,11.724423948528724,3.424094617344667,2.316753978682201,2.4507064815212725,5.095,1.87,3.645,1457.131,2.884,vittima non trovata entro 15 minuti
1847,100,4,3.8,81.3,76.3,3.9,1e-06,0.05,50,0.35,0.40,True,115.0,3,4,0.03271713831719484,0.18087879454815825,3.301616017518108,10.220237222478419,-7.745,11.644,3.303,8.765,2.082,
1843,100,4,37.5,91.3,92.2,4.85,1e-06,0.05,25,0.45,0.55,True,121.7,3,4,0.16499880103479636,0.40620044440497155,0.7603317164455461,7.686418616509915,12.498,7.649,0.829,11.322,1.806,
1841,100,4,28.6,88.5,86.7,3.25,1e-06,0.05,25,center,center,True,144.5,3,4,0.04344738372145247,0.20844036010680003,2.140727317570575,2.706150338038633,6.32,3.074,2.141,10.006,2.056,
1849,100,4,55.3,70.1,82.3,4.37,1e-06,0.05,50,0.60,0.45,True,104.7,3,4,0.018974001197865235,0.13774614766978144,3.9299695667510104,10.470312713617004,-8.037,12.411,3.93,1.963,1.862,
1858,100,4,32.3,1.1,27.6,1.78,1e-06,0.05,120,0.45,0.55,True,43.0,3,4,0.21135283100783153,0.4597312595504373,4.513036715015587,11.195509670750768,10.876,9.095,4.523,3.819,3.169,
1730,100,4,96.1,52.6,102.8,4.45,1e-06,0.05,50,0.60,0.58,False,900.0,2,4,122.83250167808987,11.082982526291822,5.850896972476649,6.748564912946805,7.813,3.363,8.072,184.344,2.507,vittima non trovata entro 15 minuti
1868,100,4,0.4,10.5,7.2,2.82,1e-06,0.1,50,0.45,0.55,True,0.30000000000000004,3,2,0.4557516749191371,0.6750938267523539,5.161210461829404,5.206026634763085,4.989,2.171,5.164,5.119,3.963,
1857,100,4,41.0,18.5,38.5,2.14,1e-06,0.05,120,0.35,0.40,True,63.1,3,4,0.0832632486364275,0.28855371880540287,2.259361778214148,4.789973760348974,6.595,4.457,2.261,1.966,1.702,
1850,100,4,12.4,56.2,51.7,4.64,1e-06,0.05,50,0.60,0.58,True,99.2,3,4,1.6548170180774835,1.2863969131172088,2.1815228720379984,6.717637362256242,-2.564,7.2,2.362,4.161,1.947,
1846,100,4,17.4,92.8,88.7,4.51,1e-06,0.05,50,center,center,False,134.70000000000002,3,4,2.446332634870734,1.5640756487046061,15.443427680715583,31.719528436128588,10.437,5.923,15.485,15.193,2.678,vittima non trovata entro 15 minuti
1852,100,4,62.1,78.8,93.3,1.24,1e-06,0.05,80,0.35,0.40,True,113.10000000000001,3,4,0.033157382623567676,0.18209168740930398,0.8725067646650104,6.7328102253715985,-5.767,7.011,0.874,7.403,1.776,
1859,100,4,38.5,38.1,47.1,1.91,1e-06,0.05,120,0.60,0.45,True,81.4,3,4,0.6657246535696912,0.8159195141493377,1.0508112291760132,4.147987213671218,-2.751,4.663,1.056,0.983,2.133,
1855,100,4,5.5,75.1,70.1,1.78,1e-06,0.05,80,0.60,0.58,True,112.30000000000001,3,4,0.052722338490717995,0.22961345450717385,2.5521885465182206,9.45613286219637,-8.062,9.844,2.553,6.127,2.4,
1705,100,4,75.2,73.0,97.8,4.19,1e-07,0.1,25,0.60,0.58,False,900.0,2,4,7.864301744986167,2.8043362396449836,6.1547671928471415,7.006811780139944,6.548,2.363,6.488,402.806,3.583,vittima non trovata entro 15 minuti
1861,100,4,2.6,55.8,50.8,2.24,1e-06,0.1,25,center,center,True,92.4,3,4,0.605926160201454,0.7784125899556442,1.6408548683169077,2.4157003160101684,4.897,2.657,1.696,6.882,2.026,
1864,100,4,51.8,19.1,48.9,4.5,1e-06,0.1,25,0.60,0.45,True,75.8,3,4,223.2848011042652,14.942717326653316,8.445863798893244,12.31554609471184,18.543,14.045,12.013,14.281,7.958,
1869,100,4,17.8,44.5,41.5,3.04,1e-06,0.1,50,0.60,0.45,True,80.5,3,4,0.1521010747594597,0.3900013778943091,3.1405064885591596,7.60694860113095,-6.514,9.556,3.141,2.223,1.994,
1875,100,4,27.2,6.9,22.3,2.35,1e-06,0.1,80,0.60,0.58,True,30.400000000000002,3,4,0.5429969782394949,0.7368832867147245,5.003429399677908,7.642444989523579,8.649,6.304,5.01,4.704,2.664,
1853,100,4,99.8,21.1,96.2,2.03,1e-06,0.05,80,0.45,0.55,True,211.0,3,4,0.02316395471531613,0.15219709167824505,0.06846446368695777,0.1851641040137951,1.862,0.172,0.163,8.231,1.661,
1867,100,4,67.6,49.9,77.1,3.11,1e-06,0.1,50,0.35,0.40,True,102.2,3,4,0.4088169610991079,0.6393879582062114,1.3289866390636644,2.249826109564543,5.299,2.189,1.367,4.763,2.386,
1863,100,4,15.8,67.2,63.1,3.25,1e-06,0.1,25,0.45,0.55,True,109.10000000000001,3,4,0.0026363716317268702,0.05134560966360094,1.4901011391135817,1.8094878963103729,2.133,1.116,1.491,21.188,1.692,
1860,100,4,31.8,92.9,91.9,2.7,1e-06,0.05,120,0.60,0.58,True,120.80000000000001,3,4,0.05297574661212142,0.23016460764444524,1.1379373860866933,1.1971094844449486,3.069,0.372,1.141,9.199,2.841,
1866,100,4,43.4,48.8,58.3,4.5,1e-06,0.1,50,center,center,True,102.5,3,4,0.012419244285482847,0.11144166314930358,0.42413534541702946,0.4431330094971579,4.34,0.162,0.436,8.58,1.893,
1862,100,4,34.8,84.0,84.5,2.9,1e-06,0.1,25,0.35,0.40,True,117.4,3,4,0.03783276816055188,0.19450647331272006,1.4731560750517794,6.089669568785794,-3.678,6.574,1.479,11.936,1.731,
1851,100,4,94.3,6.4,89.3,2.92,1e-06,0.05,80,center,center,True,223.9,3,4,0.010594832840173745,0.1029312044045621,0.3434049510356857,1.2254782403309001,4.096,1.176,0.353,12.532,1.675,
1871,100,4,73.7,54.4,84.6,4.25,1e-06,0.1,80,center,center,True,122.9,3,4,0.020191885081349996,0.1420981529835979,1.6628846314287182,2.119935634491345,6.724,2.472,1.663,20.687,1.894,
1873,100,4,80.5,93.8,116.6,2.89,1e-06,0.1,80,0.45,0.55,True,124.5,3,4,0.001736722345548348,0.04167400083443331,0.8230537889035984,1.7229961516172876,1.376,1.514,0.824,15.285,1.848,
1876,100,4,41.5,21.5,40.1,2.4,1e-06,0.1,120,center,center,True,76.4,3,4,0.2400707427240944,0.48997014472730316,0.6152040391715723,2.294688511980676,-0.197,2.593,0.65,6.521,1.899,
1886,100,4,30.5,0.3,26.0,1.11,1e-05,0.05,50,center,center,True,30.700000000000003,3,3,0.7635026328185031,0.8737863771074158,2.4011470030440845,11.901837914773123,11.466,10.357,2.544,2.585,3.502,
1879,100,4,42.0,5.2,37.0,4.47,1e-06,0.1,120,0.60,0.45,True,57.5,3,3,0.29302436215464017,0.5413172472355191,4.255213587244809,6.517919164412385,10.208,5.735,4.27,6.752,3.49,
1872,100,4,6.4,73.5,68.5,4.43,1e-06,0.1,80,0.35,0.40,True,131.8,3,4,0.02484739739715654,0.15763057253323842,2.492971695616756,10.513806804964366,-7.254,11.688,2.495,11.652,1.765,
1883,100,4,11.8,43.5,39.1,1.98,1e-05,0.05,25,0.45,0.55,True,55.2,3,3,0.3252653454318224,0.5703203884062207,3.036811239158989,5.826037402071873,7.429,5.453,3.057,3.334,2.226,
1870,100,4,87.3,94.2,121.4,1.01,1e-06,0.1,50,0.60,0.58,True,156.5,3,4,0.06312106204993984,0.2512390535922706,0.400797882001021,6.612132484981781,-5.588,6.6,0.457,21.264,1.844,
1874,100,4,65.6,70.5,89.2,3.45,1e-06,0.1,80,0.60,0.45,True,107.60000000000001,3,4,0.057228054893968684,0.23922385937437068,0.6553582204203513,3.487134228411565,-0.079,3.526,0.693,11.471,1.681,
1754,100,4,96.8,85.2,121.9,1.29,1e-06,0.1,80,0.60,0.45,False,900.0,2,2,16.740579614091622,4.09152534076127,28.074540375660266,29.761141567366394,22.618,21.328,28.075,566.193,3.646,vittima non trovata entro 15 minuti
1880,100,4,9.7,43.3,38.6,4.11,1e-06,0.1,120,0.60,0.58,True,83.9,3,4,0.8989811177326951,0.948146147876315,2.1115887963194595,8.497482441982523,-4.809,8.92,2.133,2.542,1.881,
1865,100,4,97.8,29.7,96.0,1.24,1e-06,0.1,25,0.60,0.58,True,220.70000000000002,3,4,6.64699730644243,2.5781771286012196,0.70554251355143,6.325340719507576,-5.049,6.286,2.381,29.228,1.864,
1881,100,4,51.2,76.5,85.1,1.97,1e-05,0.05,25,center,center,True,106.10000000000001,3,4,0.049996004329703456,0.2235978629810747,1.2054510641226373,2.0787906850335403,-0.544,2.515,1.22,9.038,1.929,
1877,100,4,67.4,19.1,64.0,2.53,1e-06,0.1,120,0.35,0.40,True,105.10000000000001,3,4,0.015258820153413698,0.12352659694743354,2.055869912367386,4.000167201652694,6.358,3.831,2.058,3.958,1.818,
1884,100,4,2.3,83.0,78.0,3.84,1e-05,0.05,25,0.60,0.45,True,88.30000000000001,3,3,0.7352984662558046,0.8574954613616358,2.028667988855451,8.884990104650091,-6.417,10.257,2.033,7.358,2.014,
1878,100,4,67.7,44.4,74.0,1.09,1e-06,0.1,120,0.45,0.55,True,112.0,3,4,0.06009514443003415,0.245143110101088,2.557902841533029,7.6545910194553635,-6.935,8.027,2.564,9.846,2.041,
1891,100,4,28.3,26.3,31.5,1.43,1e-05,0.05,80,center,center,True,40.2,3,4,0.008540451857357682,0.09241456517972522,0.3693489893964579,1.0893291760103632,2.433,1.002,0.379,0.73,1.803,
1904,100,4,2.2,5.5,2.9,1.39,1e-05,0.1,25,0.60,0.45,True,0.30000000000000004,3,2,0.3384524259981523,0.5817666422184692,3.5301425898356,3.6042273762511208,3.697,2.304,3.533,3.513,2.189,
1887,100,4,39.3,86.6,88.6,4.21,1e-05,0.05,50,0.35,0.40,True,78.60000000000001,3,4,0.024284056617046836,0.15583342586571994,0.5050737812908648,1.4180840981031106,3.125,1.088,0.527,3.596,1.641,
1888,100,4,21.7,54.6,52.3,4.97,1e-05,0.05,50,0.45,0.55,True,74.4,3,4,0.013982355628072289,0.11824701107458188,1.7085603914735552,2.3483054420051324,6.895,1.926,1.709,0.993,1.775,
1885,100,4,0.3,90.5,85.7,2.44,1e-05,0.05,25,0.60,0.58,True,96.5,3,3,0.13974371830971583,0.37382311098929644,3.746381511684792,8.580342404332304,6.696,4.259,3.749,4.873,2.352,
1758,100,4,92.1,10.7,87.3,1.86,1e-06,0.1,120,0.45,0.55,False,900.0,2,4,215.6487303070184,14.684983156511226,14.416454431414671,14.429352206972041,20.794,18.933,16.467,417.174,2.678,vittima non trovata entro 15 minuti
1882,100,4,31.7,97.6,96.4,1.73,1e-05,0.05,25,0.35,0.40,True,121.0,3,4,2.4964230989416816,1.5800073097747622,1.7645583489496637,1.9477217670031004,2.555,0.825,2.356,9.298,2.087,
1899,100,4,35.6,28.8,38.7,3.37,1e-05,0.05,120,0.60,0.45,True,61.5,3,3,3.5741379185423763,1.8905390550164194,3.3943258894082433,5.995142886555657,-3.528,6.894,3.428,2.594,1.845,
1894,100,4,52.8,10.6,48.1,3.8,1e-05,0.05,80,0.60,0.45,True,86.2,3,2,9.451207833729391,3.0742816776816975,2.10832789280577,3.6007609408965275,-0.404,4.203,2.619,3.653,2.656,
1889,100,4,63.0,21.1,60.2,4.77,1e-05,0.05,50,0.60,0.45,True,100.4,3,4,0.01143985035771241,0.10695723611664809,4.077204819417677,11.148583038172093,-8.238,13.011,4.078,5.423,1.584,
1890,100,4,43.4,80.2,84.4,4.82,1e-05,0.05,50,0.60,0.58,True,86.60000000000001,3,4,0.018705653663042943,0.1367686135889479,0.1935573294258136,0.30155052833734625,5.004,0.188,0.226,4.971,1.742,
1892,100,4,48.3,88.9,94.4,4.19,1e-05,0.05,80,0.35,0.40,True,96.60000000000001,3,4,0.013951883895661443,0.11811809300721648,2.333195066156939,5.5111340393554125,8.783,4.589,2.334,3.703,1.802,
1746,100,4,75.7,17.0,71.7,4.88,1e-06,0.1,50,center,center,False,900.0,0,4,114.81915565150462,10.715370066008202,10.028590842382119,15.866332039935186,14.957,10.072,11.904,692.728,3.161,vittima non trovata entro 15 minuti
1900,100,4,44.4,96.6,99.8,1.78,1e-05,0.05,120,0.60,0.58,True,92.7,3,4,0.002761999752850542,0.05255473102253062,0.46758118280421074,2.7899284889214884,-0.973,2.75,0.468,6.21,1.632,
1901,100,4,60.0,44.7,67.8,3.1,1e-05,0.1,25,center,center,True,85.5,3,4,0.7639100651603805,0.8740194878607573,0.8002737918821446,2.826200948793843,6.23,3.13,1.184,5.146,1.722,
1898,100,4,73.4,53.7,84.0,3.13,1e-05,0.05,120,0.45,0.55,True,102.5,3,4,0.009326971636196047,0.09657624778482568,2.7097597476375643,9.86010068051802,-7.655,10.783,2.71,5.032,1.767,
1909,100,4,24.9,66.2,64.4,2.13,1e-05,0.1,50,0.60,0.45,True,63.5,3,4,1.9117459512782973,1.382659014825527,0.5888987698136986,1.5885108092182791,3.354,1.226,1.174,2.037,1.641,
1896,100,4,62.5,91.0,103.5,1.51,1e-05,0.05,120,center,center,True,111.7,3,4,0.0028655832135180024,0.05353114246415821,0.2563176428017505,2.3743623372429985,3.874,2.36,0.26,5.426,1.589,
1903,100,4,35.9,64.5,67.1,1.57,1e-05,0.1,25,0.45,0.55,True,75.2,3,4,0.14550812605779667,0.38145527399394635,2.392875476459536,3.1915426518665178,4.322,2.753,2.4,3.881,2.276,
1897,100,4,85.7,86.1,114.4,4.49,1e-05,0.05,120,0.35,0.40,True,118.5,3,4,0.02082049952500819,0.14429310283242297,0.8297968023572562,0.8456616748364322,4.57,0.083,0.838,9.041,1.823,
1905,100,4,72.6,31.9,72.8,1.86,1e-05,0.1,25,0.60,0.58,True,93.2,3,2,2.137346836552902,1.4619667699892847,2.2759693260672895,3.8308150525456077,4.534,2.672,2.343,5.199,1.961,
1893,100,4,79.9,66.2,96.7,1.56,1e-05,0.05,80,0.45,0.55,True,131.1,3,4,0.6397480647799167,0.799842524988461,0.6076625301284948,0.9229277337405902,0.886,0.669,0.988,8.733,1.825,
1907,100,4,41.3,35.3,47.2,1.79,1e-05,0.1,50,0.35,0.40,True,74.60000000000001,3,4,0.02959634052317001,0.17203586987361097,0.8654687583818018,2.0327161195490073,3.932,2.139,0.871,4.355,1.764,
1914,100,4,29.1,48.9,50.1,4.33,1e-05,0.1,80,0.60,0.45,True,57.6,3,4,2.132492131737619,1.4603054926068104,0.41681275499879916,1.7934113890462386,2.347,1.984,1.074,1.826,1.75,
1912,100,4,31.3,51.7,53.6,2.15,1e-05,0.1,80,0.35,0.40,True,76.3,3,4,1.7802739461262245,1.3342690681141582,0.9650259065931569,2.426145876089274,-0.066,2.212,1.576,6.705,2.084,
1913,100,4,45.9,32.4,49.2,1.42,1e-05,0.1,80,0.45,0.55,True,72.9,3,4,0.1149578352387309,0.33905432490786913,0.6770487352329553,2.430528654057047,-1.146,2.568,0.71,1.571,1.765,
1911,100,4,14.9,70.7,66.4,3.62,1e-05,0.1,80,center,center,True,100.4,3,3,0.043756046064947964,0.20917945899382176,1.048372299630998,1.444303747844096,5.242,1.626,1.058,9.844,1.888,
1908,100,4,59.8,64.6,81.0,1.94,1e-05,0.1,50,0.45,0.55,True,108.5,3,4,0.02218028371812071,0.14893046605084104,0.23050209741365324,0.2922161430706497,2.149,0.204,0.258,7.652,1.72,
1906,100,4,66.3,48.1,74.9,1.39,1e-05,0.1,50,center,center,True,115.80000000000001,3,4,0.0037421145921870172,0.061172825602443914,0.8315133536156527,1.1227680447037547,1.212,0.175,0.833,11.991,1.732,
1902,100,4,93.4,9.2,88.5,1.49,1e-05,0.1,25,0.35,0.40,True,137.4,3,4,1.431624081747901,1.1965049443056643,1.5475075462498113,1.910954149756071,2.61,1.121,1.683,18.881,1.765,
1910,100,4,71.9,51.2,81.3,2.41,1e-05,0.1,50,0.60,0.58,True,106.4,3,4,0.004614665171863078,0.06793132688136658,1.2757509565244316,5.474791362992081,-3.372,5.786,1.276,4.795,1.596,
1915,100,4,31.8,79.7,79.4,4.18,1e-05,0.1,80,0.60,0.58,True,85.10000000000001,3,4,0.9569657156323155,0.9782462448853639,1.6496115240326932,4.260369469667823,-0.304,4.487,1.717,2.156,1.971,
1917,100,4,91.9,79.4,114.4,4.47,1e-05,0.1,120,0.35,0.40,True,100.7,3,4,0.02331674627239138,0.15269821961107266,0.27362004845462584,0.637495057215063,5.043,0.576,0.276,14.402,1.893,
1789,100,4,81.1,7.8,76.1,4.44,1e-05,0.1,50,0.60,0.45,False,900.0,2,2,74.37609061019857,8.624157385518807,84.54146778723776,84.64659307106062,16.93,12.494,84.542,402.318,3.291,vittima non trovata entro 15 minuti
1794,100,4,86.8,83.9,113.7,3.16,1e-05,0.1,80,0.60,0.45,False,900.0,2,2,0.08040793922390702,0.2835629369715073,54.521182881680595,54.66568062025547,-16.661,19.823,54.522,171.695,3.08,vittima non trovata entro 15 minuti
1919,100,4,51.9,86.6,94.1,1.39,1e-05,0.1,120,0.60,0.45,True,82.80000000000001,3,4,0.044555486248130355,0.2110817051478653,0.8503611644015271,1.0623076477900855,2.077,0.686,0.867,3.916,1.588,
1916,100,4,67.8,53.2,79.1,1.48,1e-05,0.1,120,center,center,True,108.10000000000001,3,4,0.03307346265071732,0.18186110813122558,1.7385266676711644,2.053396210242003,3.531,2.048,1.74,10.236,1.925,
1921,100,4,45.6,24.0,44.8,2.91,1e-07,0.05,25,center,center,True,75.0,3,4,0.09363773616720591,0.3060028368613695,0.5414639303477083,0.8799913369025005,2.594,0.312,0.581,1.538,1.97,
1744,100,4,8.7,93.6,88.6,2.55,1e-06,0.1,25,0.60,0.45,False,900.0,0,4,10.974543903504026,3.3127849165775953,29.363415028134384,29.79455675492856,13.854,11.309,29.531,194.656,2.945,vittima non trovata entro 15 minuti
1920,100,4,77.6,43.8,82.3,3.3,1e-05,0.1,120,0.60,0.58,True,101.7,3,4,0.7234361979630048,0.8505505264021679,3.3839966143869264,10.250152892673725,-8.298,11.602,3.399,2.667,2.291,
1918,100,4,95.9,70.2,111.8,3.98,1e-05,0.1,120,0.45,0.55,True,105.80000000000001,3,4,0.031014061674209486,0.1761080965606337,2.193226353816559,2.5551829502125845,2.671,1.311,2.197,13.195,1.79,
1796,100,4,68.6,13.0,64.1,1.55,1e-05,0.1,120,center,center,False,900.0,2,2,921.297095250364,30.35287622697994,32.973184964561725,33.0778791107837,-23.377,24.922,34.031,379.481,2.818,vittima non trovata entro 15 minuti
1809,100,4,46.3,99.1,102.7,4.51,1e-07,0.05,50,0.60,0.45,False,900.0,2,4,6.255646660279342,2.5011290770928523,3.216808882126145,3.5733423472533854,6.07,1.556,3.458,306.612,2.725,vittima non trovata entro 15 minuti
1925,100,4,46.6,30.8,48.9,4.97,1e-07,0.05,25,0.60,0.58,True,88.4,3,4,0.012331205490125983,0.11104596116080036,0.5908968424454185,2.979087488162457,2.165,2.804,0.599,2.626,1.799,
1922,100,4,13.9,68.6,64.2,4.67,1e-07,0.05,25,0.35,0.40,True,100.0,3,4,0.11375183587372496,0.33727116075010766,0.18525148116753895,4.651449733684562,-0.06,4.727,0.343,3.263,1.673,
1931,100,4,40.3,21.2,38.8,1.58,1e-07,0.05,80,center,center,True,73.4,3,4,0.032560600924275734,0.18044556221829267,1.564873903547627,2.7317230612620005,-1.551,3.13,1.572,2.564,1.778,
1948,100,4,18.0,15.9,16.9,1.83,1e-07,0.1,50,0.45,0.55,True,21.900000000000002,3,4,0.005590799025681439,0.07477164586714298,0.5045646066560883,1.6631491366148707,3.522,1.694,0.507,1.411,2.062,
1935,100,4,5.8,38.4,33.4,4.68,1e-07,0.05,80,0.60,0.58,True,72.4,3,4,0.16505913384429324,0.4062747024419478,1.5591606365246102,3.440006653332985,7.62,2.936,1.562,2.502,1.843,
1923,100,4,31.6,62.9,63.8,4.69,1e-07,0.05,25,0.45,0.55,True,125.60000000000001,3,4,0.5271581410164511,0.7260565687440966,2.719035363250082,3.793232121925648,7.888,3.197,2.729,12.954,2.45,
1930,100,4,4.2,82.0,77.0,1.05,1e-07,0.05,50,0.60,0.58,True,115.10000000000001,3,4,1.133820853350964,1.064810242884132,0.3104005863813525,3.0633789948946464,-1.946,2.992,0.991,8.016,2.019,
1934,100,4,73.5,6.1,68.5,1.94,1e-07,0.05,80,0.60,0.45,True,114.7,3,4,0.08923693714453944,0.29872552141479214,5.597197472605758,8.035415972369917,9.113,7.17,5.598,10.647,2.965,
1933,100,4,19.3,98.4,94.5,4.93,1e-07,0.05,80,0.45,0.55,True,108.80000000000001,3,4,0.8295860834619737,0.9108161633732538,1.4337001899126585,1.4778613979981476,5.284,0.359,1.648,4.947,2.468,
1932,100,4,86.8,18.2,82.8,4.73,1e-07,0.05,80,0.35,0.40,True,120.60000000000001,3,4,0.0050689989677946915,0.07119690279636251,1.11896634601957,1.5117368459766327,6.082,1.353,1.12,5.332,1.783,
1926,100,4,84.2,97.0,121.4,3.43,1e-07,0.05,50,center,center,True,139.70000000000002,3,4,0.03930103836205337,0.19824489492053352,2.355844898603367,2.806939953135727,4.958,1.526,2.357,8.02,2.097,
1927,100,4,29.2,98.7,96.8,3.21,1e-07,0.05,50,0.35,0.40,True,130.5,3,4,0.01689123293266497,0.12996627613602296,1.3556732929253694,1.5069306637800508,3.865,0.658,1.358,9.282,1.905,
1936,100,4,16.2,65.9,61.9,2.23,1e-07,0.05,120,center,center,True,100.30000000000001,3,4,0.08042294319258894,0.2835893918900863,3.7938062758408564,5.125792403884845,7.779,5.552,3.794,3.693,2.301,
1939,100,4,30.8,72.3,72.0,1.1,1e-07,0.05,120,0.60,0.45,True,91.80000000000001,3,4,0.17157372568231788,0.41421458892984186,1.21464801082411,4.427855806530127,-4.04,5.143,1.222,3.34,1.91,
1806,100,4,93.6,17.4,89.5,4.56,1e-07,0.05,50,center,center,False,900.0,2,4,26.537298288326753,5.151436526671638,2.0778897836618846,13.27575308544763,17.668,13.112,5.476,115.518,3.415,vittima non trovata entro 15 minuti
1793,100,4,88.1,27.4,86.1,2.57,1e-05,0.1,80,0.45,0.55,False,900.0,2,4,310.82750098882735,17.630300649416824,22.833903256303028,29.569365666441172,-34.605,37.172,26.655,834.878,3.407,vittima non trovata entro 15 minuti
1940,100,4,68.5,66.0,88.0,1.85,1e-07,0.05,120,0.60,0.58,True,104.80000000000001,3,4,0.0580655107811752,0.2409678625484635,0.2329754285010216,3.564292955133668,-1.752,3.603,0.314,6.85,1.715,
1929,100,4,67.8,94.6,109.4,4.11,1e-07,0.05,50,0.60,0.45,True,154.70000000000002,3,4,2.2787065112799745,1.509538509372972,0.8152270977934798,0.9834035948278067,4.66,0.55,1.347,12.939,2.257,
1949,100,4,19.8,36.7,35.0,2.06,1e-07,0.1,50,0.60,0.45,True,72.2,3,4,0.406197352408844,0.6373361376925398,2.0371887306362675,5.031283853906386,-3.351,5.41,2.088,8.689,2.016,
1938,100,4,60.2,68.6,84.2,3.08,1e-07,0.05,120,0.45,0.55,True,118.10000000000001,3,4,0.07616369740472755,0.27597771178978847,1.2291676672797207,2.435248042164135,5.396,2.311,1.231,5.099,1.989,
1937,100,4,90.8,69.4,107.3,2.56,1e-07,0.05,120,0.35,0.40,True,135.5,3,4,0.010221616740579073,0.10110201155555251,0.6827525908743405,2.408904160405713,4.866,2.31,0.686,9.85,1.578,
1947,100,4,14.3,49.2,45.1,4.21,1e-07,0.1,50,0.35,0.40,True,93.9,3,4,0.17413127230690761,0.4172903932597869,0.7312622983922381,8.069290196473533,-4.009,8.219,0.823,7.417,1.954,
1945,100,4,87.8,98.5,124.9,1.56,1e-07,0.1,25,0.60,0.58,True,121.9,3,4,0.2720245409826741,0.521559719478675,2.2324227319034557,10.051825857491597,-8.244,9.801,2.238,20.547,2.466,
1956,100,4,43.5,4.9,38.5,4.49,1e-07,0.1,120,center,center,True,58.800000000000004,3,4,0.6605748146564876,0.8127575374344354,4.104538241864871,10.243063777549834,10.924,6.432,4.142,4.192,2.471,
1941,100,4,46.9,63.9,72.3,4.76,1e-07,0.1,25,center,center,True,120.9,3,4,0.013647969244860888,0.11682452330251936,1.1210384866835885,1.818461680557415,6.505,1.744,1.126,4.581,2.353,
1944,100,4,45.5,63.1,70.9,4.84,1e-07,0.1,25,0.60,0.45,True,132.9,3,4,4.650744715397954,2.156558535119776,2.9385548363248875,7.5566813509675255,-4.301,9.139,2.969,21.89,2.52,
1950,100,4,12.7,49.0,44.7,1.78,1e-07,0.1,50,0.60,0.58,True,91.10000000000001,3,4,0.10990136577508933,0.3315137489985737,0.20152994201119992,0.891365321233684,0.968,0.807,0.363,7.693,1.684,
1953,100,4,76.0,0.6,71.1,3.64,1e-07,0.1,80,0.45,0.55,True,111.30000000000001,3,4,0.29094969816787836,0.5393975325934282,2.6722549726012894,10.866430119912543,-7.819,11.464,2.68,1.906,1.804,
1971,100,4,20.6,6.4,15.7,4.01,1e-06,0.05,80,center,center,True,17.3,3,4,0.09601386312222282,0.3098610384062876,4.780534005868956,10.069048320784404,12.398,8.393,4.781,4.956,1.964,
1951,100,4,71.6,67.1,91.1,2.65,1e-07,0.1,80,center,center,True,114.30000000000001,3,4,0.008863808575785238,0.09414780175758347,0.7872989996679683,1.8238515204571237,0.869,1.782,0.792,11.943,1.741,
1946,100,4,4.2,94.9,89.9,2.69,1e-07,0.1,50,center,center,False,144.8,3,4,105.40381496056983,10.26663600993869,11.088835422369334,12.102188092972979,7.541,4.848,12.558,31.395,1.811,vittima non trovata entro 15 minuti
1963,100,4,31.2,30.9,36.8,4.83,1e-06,0.05,25,0.45,0.55,True,64.4,3,4,0.1635701084502453,0.40443801558489195,1.2854440924166042,2.090016222683775,6.732,1.904,1.287,1.531,2.215,
1960,100,4,56.8,24.0,55.2,4.33,1e-07,0.1,120,0.60,0.58,True,87.80000000000001,3,4,1.0135267667252148,1.0067406650797488,1.473811226614385,1.9522509942939057,2.573,1.752,1.542,7.158,1.921,
1959,100,4,36.1,49.0,53.9,3.63,1e-07,0.1,120,0.60,0.45,True,88.5,3,4,0.6481127066067246,0.8050544743101081,1.1759567884855318,6.014786579113359,-2.625,6.258,1.354,5.135,1.875,
1980,100,4,5.4,8.5,3.5,2.37,1e-06,0.05,120,0.60,0.58,True,0.30000000000000004,3,2,0.3023796621618968,0.5498905910832598,0.22705442807276682,0.4247595310948861,1.966,0.404,0.569,0.641,2.02,
1952,100,4,52.6,63.7,75.6,1.66,1e-07,0.1,80,0.35,0.40,True,118.2,3,4,0.47925802093469216,0.6922846386672842,1.0335503221879627,1.057497268181977,2.263,0.604,1.117,8.206,1.785,
1961,100,4,62.1,2.3,57.2,3.72,1e-06,0.05,25,center,center,True,87.2,3,4,13.519815466493988,3.6769301688356806,1.689955723997663,13.040818393956538,17.244,13.528,3.91,2.919,3.988,
1965,100,4,36.4,28.6,39.3,2.57,1e-06,0.05,25,0.60,0.58,True,75.9,3,4,1.2919404396882985,1.1366355791054135,1.2501434338141892,1.3934606505907376,1.701,0.874,1.506,1.266,1.836,
1955,100,4,60.5,21.1,57.8,1.57,1e-07,0.1,80,0.60,0.58,True,116.4,3,4,1.4105724803475408,1.1876752419527574,3.5149193237968546,5.819881588451793,5.073,3.504,3.671,12.339,2.586,
1958,100,4,26.0,76.7,74.7,4.81,1e-07,0.1,120,0.45,0.55,True,113.30000000000001,3,4,0.5168916200820621,0.7189517508721027,0.7175960377911639,3.3989732344487917,1.473,3.335,0.84,12.352,2.482,
1957,100,4,86.2,28.8,84.6,3.56,1e-07,0.1,120,0.35,0.40,True,135.70000000000002,3,4,0.018867323345494288,0.13735837559280573,0.2333405960152413,0.6107188940257132,4.187,0.631,0.251,10.994,1.988,
1978,100,4,20.9,16.5,19.6,3.02,1e-06,0.05,120,0.45,0.55,True,33.4,3,4,0.0858139040686282,0.29294010320990227,1.6677243752526787,2.388069089922436,0.736,2.28,1.671,1.903,1.872,
1964,100,4,2.6,67.8,62.9,3.63,1e-06,0.05,25,0.60,0.45,True,102.80000000000001,3,4,0.2558839067104019,0.5058496878623154,0.9193672893994095,0.9631371669599075,3.58,0.055,1.029,6.18,1.891,
1983,100,4,23.6,10.3,19.3,2.56,1e-06,0.1,25,0.45,0.55,True,31.8,3,4,0.039680837225164675,0.1992004950424689,2.789043165886873,2.9479467220989815,2.586,0.028,2.792,2.801,2.085,
1968,100,4,4.4,81.8,76.8,1.76,1e-06,0.05,50,0.45,0.55,True,105.5,3,4,0.0016091530152420965,0.04011424952859141,2.372205730446226,4.982667659226457,6.331,4.574,2.372,3.177,1.882,
1974,100,4,48.1,15.9,44.4,3.27,1e-06,0.05,80,0.60,0.45,True,87.5,3,4,1.5400902312548468,1.2410037192751868,0.50995890699509,3.0158470214791464,0.134,3.133,1.175,2.159,1.928,
1966,100,4,78.3,21.7,75.2,1.15,1e-06,0.05,50,center,center,True,123.0,3,4,0.03441472714788833,0.18551206739155363,2.6586090321145943,5.529117487657821,-5.538,6.686,2.661,3.634,1.745,
1977,100,4,34.7,18.8,32.7,1.68,1e-06,0.05,120,0.35,0.40,True,60.7,3,4,1.1097280393726985,1.0534363005766882,2.421730926038906,5.122225186156497,5.84,4.162,2.424,2.384,2.514,
1986,100,4,7.1,25.1,20.2,4.76,1e-06,0.1,50,center,center,True,32.300000000000004,3,4,0.025578544704965595,0.1599329381489804,0.7568533595701458,0.8043079055080786,5.541,0.781,0.77,0.893,1.589,
1987,100,4,20.3,19.3,20.9,1.1,1e-06,0.1,50,0.35,0.40,True,35.0,3,4,0.2890540253646806,0.5376374478816376,1.4856006687498498,2.8450410339593004,-0.738,1.843,1.496,1.393,1.979,
1969,100,4,53.9,89.4,97.5,2.66,1e-06,0.05,50,0.60,0.45,True,113.4,3,4,0.14527636175061437,0.38115136330677657,2.2749128299671617,7.690508689517013,-6.016,8.676,2.289,4.931,2.013,
1830,100,4,96.0,69.7,111.7,3.0,1e-07,0.1,50,0.60,0.58,False,900.0,0,4,0.6165272055785052,0.7851924640357325,0.31812724262637515,14.35033513732224,17.352,14.347,0.747,332.166,4.739,vittima non trovata entro 15 minuti
1973,100,4,67.5,31.7,67.9,3.56,1e-06,0.05,80,0.45,0.55,True,106.2,3,4,0.055484477368410744,0.23555143253313224,1.0194102379599461,3.498203453063868,6.744,3.189,1.041,8.273,2.23,
1975,100,4,84.9,16.4,80.8,1.07,1e-06,0.05,80,0.60,0.58,True,127.9,3,4,0.049970812213201335,0.223541522346971,0.43087262549394034,0.43300978726620637,1.0,0.066,0.445,8.865,1.423,
1979,100,4,5.5,69.1,64.1,4.35,1e-06,0.05,120,0.60,0.45,True,91.4,3,4,0.04960078310246105,0.22271233262318693,1.5580295624581109,1.8952386212562062,2.921,1.431,1.564,3.42,2.169,
1981,100,4,44.1,76.1,81.2,3.75,1e-06,0.1,25,center,center,True,106.10000000000001,3,4,0.20457674205631265,0.452301605188742,1.4046769015246765,2.482299444681774,0.829,2.918,1.408,6.36,2.025,
1844,100,4,90.0,55.5,98.8,2.67,1e-06,0.05,25,0.60,0.45,False,900.0,1,4,395.24962865278894,19.880886012770883,21.799514319263764,22.012128232030935,-7.246,9.915,24.32,343.56,3.133,vittima non trovata entro 15 minuti
1972,100,4,43.7,77.5,82.2,2.47,1e-06,0.05,80,0.35,0.40,True,118.9,3,4,0.0782285917219308,0.2796937463046516,3.2981083619636533,9.84327654530637,-8.346,10.812,3.303,10.175,1.864,
1967,100,4,33.5,90.6,90.2,3.71,1e-06,0.05,50,0.35,0.40,True,158.10000000000002,3,4,0.031671849875178654,0.17796586716328122,1.7438898282394493,1.745500808293248,19.732,16.022,1.746,14.519,1.9,
1976,100,4,65.3,82.8,98.4,3.25,1e-06,0.05,120,center,center,True,126.9,3,4,0.019187321708755013,0.13851830820781422,1.11644359337824,2.021743591819771,0.944,2.31,1.117,7.714,1.682,
1989,100,4,0.6,42.1,37.3,4.52,1e-06,0.1,50,0.60,0.45,True,79.4,3,3,6.416964426134152,2.533172798317192,3.2202474402628356,3.277859415694536,2.16,2.364,3.746,6.709,2.515,
1985,100,4,20.2,54.1,51.4,2.08,1e-06,0.1,25,0.60,0.58,True,96.80000000000001,3,4,0.02477158327449965,0.15738990842649236,2.263465980881593,8.47926150071518,-6.921,9.006,2.265,3.761,1.88,
1982,100,4,93.3,17.4,89.1,2.69,1e-06,0.1,25,0.35,0.40,True,133.20000000000002,3,4,7.885834903653304,2.8081728763830234,1.6709868655496998,2.5333708017125813,4.593,1.904,1.843,22.159,1.728,
2009,100,4,14.0,12.2,11.5,2.87,1e-05,0.05,50,0.60,0.45,True,3.9000000000000004,3,3,0.029453373650571588,0.1716198521458738,2.1258658238716093,5.987093890191425,9.249,6.376,2.129,2.133,2.147,
1988,100,4,12.2,81.1,76.4,2.13,1e-06,0.1,50,0.45,0.55,True,102.30000000000001,3,4,0.025441880172724092,0.15950511017746138,0.16171478031060865,0.21834109275517594,2.278,0.144,0.221,7.831,1.801,
1992,100,4,54.1,59.0,72.9,2.39,1e-06,0.1,80,0.35,0.40,True,115.7,3,4,0.017115187138538508,0.1308250248940871,1.4446364434011598,2.067067524467033,4.409,2.016,1.449,7.487,1.81,
2001,100,4,33.7,49.3,52.8,1.79,1e-05,0.05,25,center,center,True,64.9,3,4,0.01701334385522177,0.130435209415333,1.4973371503823856,4.1443083770907085,6.341,4.547,1.498,3.481,1.878,
2003,100,4,54.2,41.6,61.3,2.56,1e-05,0.05,25,0.45,0.55,True,73.7,3,4,105.88808769235204,10.290193763596099,2.1873019621413707,9.292708042947995,12.506,9.941,9.389,10.978,5.16,
1990,100,4,38.3,99.0,99.8,2.82,1e-06,0.1,50,0.60,0.58,True,113.5,3,4,0.007487583004157257,0.08653082112263386,0.8917099427274631,2.123268003304749,4.746,1.927,0.894,6.449,1.929,
1998,100,4,86.0,42.5,89.3,2.99,1e-06,0.1,120,0.45,0.55,True,116.10000000000001,3,4,0.00636649781875199,0.07979033662513269,0.767365247131105,1.1735487773951074,2.094,0.897,0.768,13.776,1.531,
1995,100,4,55.0,18.7,51.8,4.49,1e-06,0.1,80,0.60,0.58,True,103.2,3,4,0.08621212125167266,0.2936190069659535,1.8367912974410767,4.928640606158846,8.323,3.831,1.838,6.922,2.013,
1994,100,4,72.5,64.3,89.8,1.41,1e-06,0.1,80,0.60,0.45,True,135.6,3,3,0.03289425816571135,0.18136774290295216,1.2018012779572174,1.428438462402316,1.661,0.254,1.203,11.266,1.657,
1970,100,4,97.2,67.5,111.4,4.15,1e-06,0.05,50,0.60,0.58,True,266.2,3,4,7.347871933973817,2.7106958394430416,2.0514966770321252,2.295023143006544,5.175,1.029,2.311,48.547,1.963,
1996,100,4,74.1,80.0,102.0,1.51,1e-06,0.1,120,center,center,True,119.10000000000001,3,4,0.02224098458428417,0.1491341160978405,0.42282583339477053,0.5823486779750927,0.974,0.534,0.43,13.582,1.618,
2005,100,4,76.3,22.4,73.3,3.67,1e-05,0.05,25,0.60,0.58,True,95.4,3,4,3.3897622311530204,1.8411306936643634,2.805866637680286,5.162115884740141,-1.563,5.235,2.963,3.659,2.07,
2004,100,4,43.9,62.5,69.4,4.59,1e-05,0.05,25,0.60,0.45,True,95.60000000000001,3,4,10.767346403858708,3.2813634976726838,3.094393450280946,5.65715737514303,-2.153,6.745,4.23,7.822,2.479,
2006,100,4,28.3,66.6,65.8,3.42,1e-05,0.05,50,center,center,True,77.0,3,4,0.20596655374192932,0.45383538176516086,0.7089666103884479,1.58147087417272,4.952,1.532,0.769,0.398,2.237,
2008,100,4,41.4,53.4,60.6,2.89,1e-05,0.05,50,0.45,0.55,True,78.7,3,4,0.013094580721961568,0.11443155474763754,1.597640501540641,2.8523114143589368,5.716,2.83,1.599,2.405,1.944,
2007,100,4,16.1,65.9,61.9,3.91,1e-05,0.05,50,0.35,0.40,True,80.80000000000001,3,4,3.641387315093673,1.9082419435421896,2.6569938385426206,8.170555069734757,-5.203,9.113,3.07,5.588,1.812,
1991,100,4,6.1,93.5,88.5,4.94,1e-06,0.1,80,center,center,False,140.70000000000002,3,4,4.5553625378951885,2.1343295288907917,15.544611104452924,27.825622223276664,28.018,23.079,15.622,29.04,2.592,vittima non trovata entro 15 minuti
1999,100,4,92.2,28.7,90.3,4.07,1e-06,0.1,120,0.60,0.45,True,123.80000000000001,3,4,0.04280613253021788,0.20689642947672607,3.356437781611414,5.341278561353044,8.224,4.155,3.358,16.11,2.029,
2000,100,4,24.9,75.3,73.1,2.92,1e-06,0.1,120,0.60,0.58,True,105.9,3,4,0.7880839435581732,0.8877409214169263,2.702388991904576,3.354099044437024,0.032,2.884,2.712,2.485,2.176,
2010,100,4,50.1,83.8,90.8,4.28,1e-05,0.05,50,0.60,0.58,True,94.9,3,4,0.013981831058082251,0.11824479294278564,0.9859124220907431,1.9854427163552397,6.159,1.877,0.99,5.427,1.66,
1997,100,4,42.8,86.4,89.7,3.98,1e-06,0.1,120,0.35,0.40,True,135.6,3,4,0.0082933690722094,0.09106793657599474,4.5280099669839835,12.867496008543283,-10.36,14.339,4.528,16.732,2.193,
2019,100,4,25.1,47.3,46.8,1.01,1e-05,0.05,120,0.60,0.45,True,55.1,3,4,1.6393766347425236,1.2803814411114072,2.417959197772591,5.23933195669914,-5.321,6.332,2.432,2.035,2.387,
1845,100,4,74.6,41.8,78.7,3.94,1e-06,0.05,25,0.60,0.58,False,900.0,2,4,164.91991866331753,12.842115038548656,21.880532611508794,21.903534273313195,1.869,2.076,22.122,927.628,3.147,vittima non trovata entro 15 minuti
2012,100,4,90.4,70.1,107.3,2.75,1e-05,0.05,80,0.35,0.40,True,115.10000000000001,3,4,0.006110048252393473,0.07816679763424797,0.6775712012324642,1.5945096413220283,1.302,1.443,0.68,9.361,1.675,
2014,100,4,70.6,4.4,65.6,3.53,1e-05,0.05,80,0.60,0.45,True,106.4,3,1,0.7726072284358658,0.878980789571573,0.8679013590170259,2.684000857538212,0.575,2.958,1.038,5.987,1.63,
2015,100,4,81.9,98.9,121.4,3.99,1e-05,0.05,80,0.60,0.58,True,101.30000000000001,3,4,0.022166648851522096,0.1488846830655259,1.3828227990978388,2.1738533379071994,2.318,1.677,1.386,10.174,1.653,
2017,100,4,51.9,54.3,68.1,4.58,1e-05,0.05,120,0.35,0.40,True,88.60000000000001,3,4,0.018250985720508855,0.13509620912708414,0.7403472206592581,1.0977284666901954,5.594,1.016,0.748,3.954,1.715,
2011,100,4,79.2,10.2,74.3,4.75,1e-05,0.05,80,center,center,True,142.20000000000002,3,4,2.691485631774075,1.640574787010356,5.46539291447375,8.668256269475336,-5.773,10.527,5.583,10.856,2.16,
2016,100,4,80.1,93.3,116.0,4.0,1e-05,0.05,120,center,center,True,115.0,3,4,0.010321854624213853,0.10159652860316563,0.9816316013159192,2.5544319370925717,1.647,2.358,0.983,5.62,1.713,
2013,100,4,85.0,66.2,100.7,3.11,1e-05,0.05,80,0.45,0.55,True,120.30000000000001,3,4,0.010257122340671545,0.10127745228169766,0.8690349659060039,3.1263088272828483,6.394,3.282,0.871,6.245,1.624,
2021,100,4,88.7,62.6,101.6,4.05,1e-05,0.1,25,center,center,True,113.10000000000001,3,4,87.55335471281381,9.356994961675133,7.3662014129722895,8.237080181939543,3.606,0.445,7.916,12.987,4.2,
2026,100,4,24.0,59.8,58.0,1.97,1e-05,0.1,50,center,center,True,78.2,3,4,0.00304313239207127,0.05516459364548306,1.3081094992196538,2.5842546687080272,4.956,2.991,1.309,5.948,1.673,
2024,100,4,74.1,75.3,98.5,3.11,1e-05,0.1,25,0.60,0.45,True,114.10000000000001,3,3,0.07970674052508052,0.2823238220998726,2.396053188770383,2.6764175500373435,5.686,2.574,2.396,15.365,1.74,
2027,100,4,95.8,94.8,127.7,4.29,1e-05,0.1,50,0.35,0.40,True,109.9,3,3,0.2504694571048783,0.5004692369215897,2.607912602078303,3.7689572059289373,7.008,2.721,2.615,9.326,2.102,
2029,100,4,44.3,25.6,44.4,2.76,1e-05,0.1,50,0.60,0.45,True,71.7,3,3,2.7220965811103444,1.6498777473226143,2.96258335958529,7.34946220058036,-5.767,8.531,2.964,7.039,2.069,
2028,100,4,24.4,89.2,86.4,4.63,1e-05,0.1,50,0.45,0.55,True,88.60000000000001,3,4,0.01077702404087037,0.1038124464641421,0.6628018720966594,0.6853086914713398,4.644,0.017,0.665,6.069,1.772,
2020,100,4,96.8,54.5,104.3,2.14,1e-05,0.05,120,0.60,0.58,True,143.70000000000002,3,3,12.060993266812725,3.4728940765322407,2.109154131314623,3.466682642557506,-0.608,2.751,3.159,13.474,3.187,
2022,100,4,78.7,39.5,81.4,3.04,1e-05,0.1,25,0.35,0.40,True,116.2,3,4,4.388250217163247,2.094815079467218,0.6474241110687432,1.2519124738834397,4.117,1.078,1.782,5.435,1.871,
2031,100,4,77.8,30.4,77.1,3.24,1e-05,0.1,80,center,center,True,86.4,3,4,0.009724252195712253,0.09861162302544388,5.404882199678378,10.21783991149496,-9.19,12.429,5.405,3.474,1.653,
2018,100,4,85.2,90.4,117.2,3.28,1e-05,0.05,120,0.45,0.55,True,132.70000000000002,3,4,0.23135016702192412,0.4809887389762094,0.8395857707169376,2.2450061086236377,5.358,2.082,0.868,9.008,1.948,
2034,100,4,39.9,41.2,50.2,1.6,1e-05,0.1,80,0.60,0.45,True,67.7,3,3,5.4409386406448075,2.332581968687233,5.376521925591971,6.102875746741666,-4.385,5.982,5.534,6.358,2.858,
2036,100,4,23.6,37.3,37.2,4.15,1e-05,0.1,120,center,center,True,61.900000000000006,3,4,0.021054997078301326,0.14510340133264046,1.689576917410384,2.17547036107987,6.713,2.568,1.692,6.339,1.861,
2033,100,4,88.0,94.7,122.2,4.17,1e-05,0.1,80,0.45,0.55,True,94.10000000000001,3,4,0.04416305073743765,0.2101500671839951,2.7724402123321457,3.1288764152599375,5.625,1.45,2.773,8.993,2.384,
2038,100,4,26.3,46.4,46.6,3.71,1e-05,0.1,120,0.45,0.55,True,71.8,3,4,0.004629272975760825,0.06803876083351919,1.2533299968545637,1.957430357431281,5.54,1.828,1.253,3.931,1.793,
2047,100,4,17.1,19.8,19.1,4.79,1e-07,0.05,50,0.35,0.40,True,33.5,3,4,0.08730319718595157,0.2954711444218396,0.5896907149099231,1.3372021769466693,5.812,1.019,0.598,0.564,2.081,
2032,100,4,11.1,87.3,82.5,1.31,1e-05,0.1,80,0.35,0.40,True,101.0,3,4,0.0028449085403965953,0.05333768405542741,0.9540841191593089,4.925896420686743,-4.052,5.358,0.954,8.7,1.659,
2037,100,4,39.9,83.1,85.5,2.21,1e-05,0.1,120,0.35,0.40,True,87.60000000000001,3,4,0.2721116457438847,0.521643216905851,0.3026479651487871,3.24704199062213,-1.139,3.351,0.495,6.785,1.81,
1854,100,4,11.8,90.1,85.3,2.25,1e-06,0.05,80,0.60,0.45,False,900.0,0,4,3.1934874444212147,1.7870331402694284,0.23241096662926974,6.299042664550896,30.495,28.247,1.563,96.617,6.314,vittima non trovata entro 15 minuti
2039,100,4,11.8,66.5,61.9,3.9,1e-05,0.1,120,0.60,0.45,True,81.0,3,4,0.01318528283451661,0.11482718682662486,3.2822611838416798,11.40807656451493,-8.297,12.192,3.283,1.886,1.789,
2055,100,4,12.0,19.8,16.4,1.53,1e-07,0.05,80,0.60,0.58,True,20.5,3,4,0.048819732317350525,0.22095187783169104,1.1734574502087576,2.0843931340949453,3.194,1.666,1.19,1.172,1.974,
2041,100,4,13.9,39.9,36.0,4.05,1e-07,0.05,25,center,center,True,82.80000000000001,3,4,0.157707769038544,0.3971243747726196,2.048059144879687,2.113707115916009,3.331,0.719,2.068,6.912,2.584,
2046,100,4,46.6,24.4,45.8,2.82,1e-07,0.05,50,center,center,True,75.4,3,4,0.2324140911414784,0.48209344648260716,1.8050795999820206,1.8405539112031515,3.341,0.524,1.812,0.824,2.132,
1895,100,4,99.4,52.0,105.5,1.09,1e-05,0.05,80,0.60,0.58,False,900.0,2,3,5057.758158168743,71.11791727946441,70.78281468673445,70.83310098376579,-1.581,2.669,71.976,325.42,2.978,vittima non trovata entro 15 minuti
2062,100,4,7.3,5.3,2.3,1.06,1e-07,0.1,25,0.35,0.40,True,0.30000000000000004,3,2,0.11458433454813657,0.3385030790822095,2.0709846553013085,2.113457537150294,2.207,1.146,2.072,2.099,2.232,
2042,100,4,51.3,45.3,61.4,1.61,1e-07,0.05,25,0.35,0.40,True,109.4,3,4,0.5326278627386791,0.7298135808127163,0.6721711505578731,3.238585864604639,-1.493,3.103,0.962,6.492,1.97,
2052,100,4,51.1,56.7,69.3,2.08,1e-07,0.05,80,0.35,0.40,True,103.10000000000001,3,4,0.020629482487156153,0.14362967133275822,1.3450296931320873,1.777861149808087,3.724,1.64,1.346,5.36,1.728,
2050,100,4,4.0,51.5,46.5,4.7,1e-07,0.05,50,0.60,0.58,True,91.2,3,4,0.008672826395102334,0.09312801079751641,0.6901212752369328,3.9378141418155677,1.056,3.646,0.695,3.11,1.719,
2049,100,4,49.9,53.8,66.3,2.68,1e-07,0.05,50,0.60,0.45,True,96.7,3,4,0.012369365521307414,0.11121764932467965,0.5621632047871462,1.0274946119409187,3.694,1.013,0.569,4.768,1.589,
2053,100,4,33.5,45.8,49.7,3.25,1e-07,0.05,80,0.45,0.55,True,103.80000000000001,3,4,0.03071571096751736,0.17525898255871897,1.5110729381225994,2.1236097445248596,1.205,2.041,1.513,5.133,1.784,
2048,100,4,9.8,80.5,75.7,3.57,1e-07,0.05,50,0.45,0.55,True,114.9,3,4,0.9418055200436957,0.9704666506602355,2.5334953322747347,3.4352336027718073,6.345,2.779,2.535,3.988,2.336,
2065,100,4,20.3,11.6,16.7,3.8,1e-07,0.1,25,0.60,0.58,True,19.8,3,4,0.005954360322920733,0.07716450170201797,2.2567038546167097,3.6793496398473335,7.023,3.222,2.257,1.942,1.658,
2056,100,4,19.1,44.0,41.4,4.63,1e-07,0.05,120,center,center,True,94.60000000000001,3,4,0.0608106031606643,0.24659805992883296,0.9781742998274024,1.0321065181982185,4.275,0.357,0.987,3.913,2.266,
2045,100,4,89.2,88.3,118.4,3.83,1e-07,0.05,25,0.60,0.58,True,148.70000000000002,3,4,0.0336298709931437,0.18338448951081904,0.5025424727268819,1.4786753720274217,5.226,1.395,0.515,2.843,1.778,
2060,100,4,46.7,13.7,42.6,4.48,1e-07,0.05,120,0.60,0.58,True,73.8,3,4,0.05196387602416185,0.2279558642021781,4.291102561900306,4.2985609632869055,4.715,0.237,4.292,5.446,2.241,
2059,100,4,58.4,1.1,53.5,2.35,1e-07,0.05,120,0.60,0.45,True,86.80000000000001,3,3,0.0855769542705308,0.2925353897745208,4.286434659457268,8.94157936516725,10.668,8.315,4.291,5.312,3.375,
2051,100,4,60.7,77.3,91.3,1.02,1e-07,0.05,80,center,center,True,124.7,3,4,1.3705124360171843,1.170688872423918,4.070664984015859,8.974547973732015,-9.346,10.37,4.222,6.083,2.335,
2043,100,4,71.7,22.0,68.8,2.08,1e-07,0.05,25,0.45,0.55,True,184.70000000000002,3,4,7.8774792045135635,2.8066847355044287,0.6148864163089542,3.1016943217000263,4.965,2.885,2.543,47.507,3.521,
2057,100,4,71.4,75.1,96.5,2.12,1e-07,0.05,120,0.35,0.40,True,132.3,3,4,0.006366541848794628,0.07979061253552719,1.95887088169043,8.664059749281186,-7.069,9.186,1.96,9.102,1.813,
2058,100,4,1.6,82.5,77.6,3.73,1e-07,0.05,120,0.45,0.55,True,118.7,3,4,0.004965832461425017,0.07046866297458053,1.0973979820934727,1.885397511749973,5.334,1.608,1.099,3.202,1.791,
2067,100,4,52.6,11.1,48.0,2.99,1e-07,0.1,50,0.35,0.40,True,73.8,3,4,0.0413777482347291,0.20341521141431165,3.8187821286275985,3.818916430102291,4.293,1.305,3.823,3.424,2.333,
2063,100,4,83.6,94.0,118.7,3.59,1e-07,0.1,25,0.45,0.55,True,121.4,3,4,0.017229903853066175,0.13126272834687755,1.0908867213878384,1.2241306830729062,4.147,0.555,1.095,10.67,1.786,
2054,100,4,98.1,24.8,95.2,2.88,1e-07,0.05,80,0.60,0.45,True,182.0,3,4,0.00488539356079332,0.06989559042452764,1.185499635885461,2.233676829555166,4.771,1.893,1.187,20.945,1.668,
2073,100,4,46.0,2.9,41.1,3.45,1e-07,0.1,80,0.45,0.55,True,69.9,3,4,0.4021613523468331,0.6341619291212877,4.037087466459338,9.897873329538957,11.085,7.631,4.066,6.312,3.262,
2068,100,4,29.1,57.0,57.3,1.99,1e-07,0.1,50,0.45,0.55,True,106.0,3,4,0.019102632528096044,0.13821227343508985,0.5213791310341006,0.7421797693274769,1.446,0.539,0.53,10.801,1.676,
2066,100,4,24.2,68.6,66.4,4.47,1e-07,0.1,50,center,center,True,112.9,3,4,0.1915508354556521,0.4376652093274631,3.0045741939409876,3.137306689989018,7.008,2.535,3.007,10.078,2.648,
2074,100,4,33.9,50.9,54.2,3.8,1e-07,0.1,80,0.60,0.45,True,89.10000000000001,3,4,0.00894559080731683,0.09458113346390404,1.0236390330202862,3.7191216640752396,0.348,3.45,1.027,5.715,1.69,
1924,100,4,43.4,92.8,95.8,1.66,1e-07,0.05,25,0.60,0.45,False,900.0,0,4,52.08734275937906,7.217156140709377,4.490363482527021,4.525362478789966,1.102,0.562,7.599,303.384,3.853,vittima non trovata entro 15 minuti
2072,100,4,95.5,57.9,104.8,2.64,1e-07,0.1,80,0.35,0.40,True,127.7,3,4,0.28768009549185,0.5363581783583149,1.2222595282585536,2.221752213273875,4.497,1.855,1.256,22.581,1.905,
1928,100,4,90.5,35.2,90.7,2.08,1e-07,0.05,50,0.45,0.55,False,900.0,2,4,17.84882898564346,4.224787448575781,2.2651291274699723,3.28495468680936,21.83,19.747,3.835,246.139,3.619,vittima non trovata entro 15 minuti
2076,100,4,28.0,50.4,50.8,1.35,1e-07,0.1,120,center,center,True,93.30000000000001,3,4,0.08772310187790182,0.29618086008029254,1.2899233676338024,1.2982406147753662,0.408,0.94,1.296,5.868,2.18,
2071,100,4,80.9,53.3,90.0,4.5,1e-07,0.1,80,center,center,True,134.5,3,4,0.010666713846481221,0.10327978430690694,0.7873591331029242,0.8464154024999935,5.335,0.84,0.791,11.333,1.64,
2075,100,4,60.9,47.8,70.4,4.45,1e-07,0.1,80,0.60,0.58,True,112.30000000000001,3,4,0.2141141385134623,0.462724689759972,1.283882294935055,3.766284469730387,0.059,4.394,1.325,9.356,2.001,
2082,100,4,37.2,1.1,32.4,3.88,1e-06,0.05,25,0.35,0.40,True,57.2,3,4,0.33500647075350537,0.5787974349921614,1.8932452334575867,3.265066695571629,7.047,3.171,1.948,2.273,3.014,
1942,100,4,81.8,43.3,85.9,2.46,1e-07,0.1,25,0.35,0.40,False,900.0,2,2,0.45959109925983643,0.6779314856678633,0.8719335752222314,1.0552740010480721,3.343,0.883,0.951,136.106,3.222,vittima non trovata entro 15 minuti
2064,100,4,78.6,86.7,110.0,4.0,1e-07,0.1,25,0.60,0.45,True,197.70000000000002,3,4,20.271583298245822,4.502397505579202,7.1882824600754285,16.309912486420792,18.449,14.446,8.215,20.551,2.359,
2078,100,4,80.9,75.1,103.3,4.93,1e-07,0.1,120,0.45,0.55,True,118.10000000000001,3,4,0.01615362237200594,0.12709690150434802,0.3919457233426211,0.7425142062507063,5.356,0.43,0.405,13.333,1.85,
2079,100,4,12.2,62.0,57.4,1.51,1e-07,0.1,120,0.60,0.45,True,98.5,3,4,0.105671174777125,0.32507103035663604,1.3452773488203233,5.562834237853219,-4.393,5.903,1.347,6.545,1.928,
2096,100,4,12.2,9.0,8.3,4.35,1e-06,0.05,120,center,center,True,0.30000000000000004,3,2,0.1383692449290263,0.37198016738668516,7.25541983295542,9.796056828208503,7.126,2.772,7.265,7.302,3.511,
2080,100,4,81.4,19.4,77.7,1.14,1e-07,0.1,120,0.60,0.58,True,117.80000000000001,3,4,0.09226656819137684,0.30375412456685563,1.525958710175417,2.6255172986282433,-1.358,2.498,1.543,10.568,1.783,
2083,100,4,36.6,72.9,74.8,2.14,1e-06,0.05,25,0.45,0.55,True,105.10000000000001,3,4,0.015011946924634926,0.12252325054713055,0.996997148053045,1.5608965706405835,0.684,1.459,1.0,2.463,1.826,
1943,100,4,15.1,90.1,85.7,1.18,1e-07,0.1,25,0.45,0.55,False,900.0,0,4,3.31892661385538,1.8217921434278335,4.117242007138075,4.120809725875999,-13.602,14.785,4.232,266.595,3.258,vittima non trovata entro 15 minuti
2077,100,4,5.4,69.5,64.5,2.09,1e-07,0.1,120,0.35,0.40,True,130.4,3,4,0.031972075562185856,0.17880736998844834,0.77772554300405,5.966703916444263,-4.261,6.355,0.784,9.634,1.852,
2070,100,4,98.9,64.2,111.0,3.3,1e-07,0.1,50,0.60,0.58,True,222.9,3,4,1.472963574237253,1.213657107356626,2.7239032118042674,2.7239037772437986,3.303,0.002,2.763,28.703,2.464,
2081,100,4,47.8,98.9,103.2,4.72,1e-06,0.05,25,center,center,True,137.8,3,4,0.005480665734152769,0.07403151851848487,1.0905150602091827,1.0949105589573374,4.618,0.098,1.091,3.349,1.758,
2085,100,4,76.6,8.2,71.7,1.92,1e-06,0.05,25,0.60,0.58,True,109.9,3,4,8.73393080636154,2.9553224538722573,0.7478080701327082,8.928239764825678,10.79,8.874,2.186,17.495,2.531,
1954,100,4,88.0,96.8,123.7,2.54,1e-07,0.1,80,0.60,0.45,False,900.0,2,3,39.89179910656548,6.315995496084958,3.362735910847567,8.546038677449804,10.392,7.857,6.956,450.174,7.197,vittima non trovata entro 15 minuti
2095,100,4,13.5,36.2,32.3,1.63,1e-06,0.05,80,0.60,0.58,True,54.1,3,4,0.14316244947881185,0.3783681401476766,0.8179860856716965,4.570487477126296,-3.097,4.725,0.839,0.753,1.894,
2106,100,4,12.3,7.6,7.7,3.13,1e-06,0.1,50,center,center,True,0.30000000000000004,3,2,0.17471962777046046,0.41799477002764096,7.7861349468228545,11.144982998470288,7.067,3.932,7.79,7.827,3.301,
2087,100,4,1.2,61.1,56.2,2.95,1e-06,0.05,50,0.35,0.40,True,96.10000000000001,3,4,2.3327462172911533,1.5273330407252876,2.8403041038711963,7.31400318599488,-5.364,8.31,2.976,7.294,2.028,
2091,100,4,1.1,56.8,51.9,1.36,1e-06,0.05,80,center,center,True,97.7,3,3,0.04041483403488075,0.201034410076685,4.610957710260312,5.534513830036982,6.346,4.982,4.611,4.089,2.294,
2089,100,4,72.2,78.3,99.4,3.68,1e-06,0.05,50,0.60,0.45,True,135.4,3,3,1.5749597356790173,1.254973998009129,4.990451191542947,9.42401486617689,-7.267,10.943,4.998,11.587,2.569,
2088,100,4,29.8,89.5,88.1,3.68,1e-06,0.05,50,0.45,0.55,True,118.9,3,4,0.012546163915749461,0.1120096599215865,0.37023464783117016,0.38109723457979305,3.491,0.185,0.38,6.365,1.694,
2097,100,4,66.7,64.9,86.0,3.92,1e-06,0.05,120,0.35,0.40,True,110.30000000000001,3,4,2.9501262491175018,1.7175931558775792,3.209776636008191,4.572007386675789,7.318,3.397,3.349,4.194,2.731,
2092,100,4,41.5,92.2,94.5,4.3,1e-06,0.05,80,0.35,0.40,True,129.70000000000002,3,4,0.021709568352547885,0.14734167215200147,1.4699342394065287,1.4749576185348023,4.425,0.122,1.471,14.184,1.813,
2107,100,4,30.6,22.3,30.9,2.88,1e-06,0.1,50,0.35,0.40,True,60.6,3,4,0.04439623503678283,0.21070414100530352,0.86207651770801,1.6220926287149755,1.213,1.663,0.878,0.462,1.984,
2093,100,4,96.2,23.0,93.0,4.13,1e-06,0.05,80,0.45,0.55,True,167.3,3,4,4.9503128462013715,2.224929851973174,1.036720535415781,1.5845729986005466,2.931,1.198,2.114,9.702,2.232,
2086,100,4,7.8,90.7,85.7,1.17,1e-06,0.05,50,center,center,False,169.10000000000002,3,4,0.057019411440608354,0.2387873770545846,21.838469740314412,55.26495530949829,29.236,28.065,21.84,23.619,2.985,vittima non trovata entro 15 minuti
2101,100,4,2.5,66.2,61.2,2.07,1e-06,0.1,25,center,center,True,102.4,3,4,0.022432252015030064,0.1497740031348233,3.674515223266051,4.5371235340297,5.727,3.655,3.675,7.205,1.798,
2099,100,4,79.8,55.3,90.1,4.57,1e-06,0.05,120,0.60,0.45,True,134.4,3,4,1.7764697515312653,1.332842733232719,2.8156478616423684,9.392276551893325,-5.578,10.15,2.981,6.57,2.203,
2103,100,4,27.7,45.9,46.8,1.51,1e-06,0.1,25,0.45,0.55,True,93.9,3,4,0.40975896966370123,0.6401241830017839,0.565157484930839,0.6378643399453393,1.348,0.161,0.799,5.952,2.15,
2100,100,4,7.3,73.6,68.7,2.56,1e-06,0.05,120,0.60,0.58,True,112.0,3,4,1.0592637609075846,1.029205402680915,0.8198950341837387,6.425300295629601,-4.068,6.624,1.212,8.539,1.97,
2002,100,4,3.6,96.4,91.4,2.93,1e-05,0.05,25,0.35,0.40,False,900.0,2,3,377.15761097976247,19.420546104055944,18.26620220025832,18.27351992021264,31.846,28.917,20.063,353.288,3.598,vittima non trovata entro 15 minuti
2102,100,4,34.8,78.2,79.0,1.21,1e-06,0.1,25,0.35,0.40,True,106.9,3,4,0.05757061822897429,0.23993878016897202,0.4931299162333578,2.9167468767579314,-1.659,2.871,0.535,5.102,1.883,
2111,100,4,49.8,16.5,46.3,1.9,1e-06,0.1,80,center,center,True,74.5,3,4,2.29367375836999,1.5144879525337895,6.198881545254162,13.821384878852703,10.74,8.841,6.206,9.542,2.44,
2105,100,4,79.1,32.0,78.9,3.73,1e-06,0.1,25,0.60,0.58,True,124.9,3,4,0.014762704302196176,0.12150186954197938,1.02977654892608,1.6196540673162734,5.389,1.662,1.034,23.41,1.698,
2108,100,4,23.7,48.7,47.5,2.5,1e-06,0.1,50,0.45,0.55,True,93.80000000000001,3,4,0.027342499360632933,0.1653556753203014,2.8902929658999543,4.324532651489313,6.208,3.71,2.892,5.591,2.047,
2109,100,4,44.5,66.8,73.4,3.37,1e-06,0.1,50,0.60,0.45,True,93.60000000000001,3,4,0.02636199877531161,0.16236378529497153,0.9140325722154592,2.248707811889806,5.932,2.564,0.92,6.793,1.583,
2112,100,4,67.1,8.8,62.2,1.85,1e-06,0.1,80,0.35,0.40,True,91.30000000000001,3,4,0.2510823973973012,0.5010812283425724,4.458106713241203,7.542747086949473,8.785,6.94,4.458,9.152,2.551,
2098,100,4,73.3,57.3,86.0,1.09,1e-06,0.05,120,0.45,0.55,True,206.10000000000002,3,4,7.6540489974242805,2.7665951994146667,2.557395418633487,3.8939548838334903,-2.091,3.18,3.405,3.062,2.084,
2123,100,4,3.3,36.5,31.5,1.7,1e-05,0.05,25,0.45,0.55,True,53.5,3,2,0.013427859089695057,0.11587863948845385,0.90262756526895,1.86707200641964,3.59,1.892,0.905,1.634,1.716,
2114,100,4,38.6,74.9,77.6,4.66,1e-06,0.1,80,0.60,0.45,True,92.30000000000001,3,4,0.15660820652331864,0.3957375475278011,0.3933562945753388,5.262880599049956,-0.86,5.518,0.47,6.246,1.763,
2116,100,4,9.2,47.6,42.8,1.82,1e-06,0.1,120,center,center,True,90.60000000000001,3,4,0.037615241064098026,0.19394649020824797,3.606165216291666,4.371480274436012,6.109,4.286,3.606,7.823,2.267,
2113,100,4,28.7,47.8,48.9,2.27,1e-06,0.1,80,0.45,0.55,True,92.9,3,4,0.16110192224670644,0.4013750393917221,0.4859572034408479,0.8066485956246695,3.053,0.78,0.591,6.555,1.904,
1993,100,4,99.3,22.4,95.9,3.05,1e-06,0.1,80,0.45,0.55,False,900.0,2,4,102.8435484079095,10.141180819209836,9.117762636369362,21.278866683534584,-16.178,19.226,11.045,495.839,2.63,vittima non trovata entro 15 minuti
2121,100,4,20.0,76.7,73.2,1.79,1e-05,0.05,25,center,center,True,97.5,3,4,0.013659334612243714,0.11687315608061466,2.031732459920727,3.168124854790608,5.577,3.783,2.034,5.96,1.802,
2130,100,4,8.9,24.4,19.7,4.33,1e-05,0.05,50,0.60,0.58,True,11.8,3,2,3.683457740677873,1.9192336336876428,2.303555883771568,3.670510825308802,6.749,2.414,2.406,2.467,2.335,
2118,100,4,4.2,86.6,81.6,3.17,1e-06,0.1,120,0.45,0.55,True,113.10000000000001,3,4,0.018773067613190544,0.1370148444993846,0.9207970974070069,0.9815599681905535,2.822,0.348,0.93,14.689,1.756,
1962,100,4,97.5,12.3,92.8,3.93,1e-06,0.05,25,0.35,0.40,False,900.0,0,4,495.7896629102946,22.266334743515706,34.03741269175664,34.10056125883705,-5.577,9.505,36.328,345.2,3.252,vittima non trovata entro 15 minuti
2128,100,4,20.5,24.6,25.0,3.3,1e-05,0.05,50,0.45,0.55,True,37.1,3,3,0.016055589771831046,0.12671065374241838,3.774472100588045,4.873417317996692,7.578,4.277,3.775,4.09,2.593,
2119,100,4,61.2,75.6,90.2,2.34,1e-06,0.1,120,0.60,0.45,True,109.0,3,4,0.02630440145661047,0.16218631710662423,0.2999803514802201,3.4555308597045933,-1.288,3.63,0.318,11.428,1.657,
2110,100,4,91.3,96.1,125.5,3.65,1e-06,0.1,50,0.60,0.58,True,160.60000000000002,3,4,1.3091339229458843,1.1441739041535095,0.6418972662523489,2.9946970262252157,0.721,2.925,1.193,22.201,1.656,
2115,100,4,92.5,25.9,90.0,1.15,1e-06,0.1,80,0.60,0.58,True,132.1,3,4,0.02347405185539423,0.15321244027621983,1.152378241350957,2.013583198078015,2.8,1.651,1.155,15.479,1.687,
2125,100,4,55.3,74.3,85.6,1.05,1e-05,0.05,25,0.60,0.58,True,101.9,3,4,35.542697673923435,5.961769676356462,3.7988351379916994,8.394694980671407,-7.018,8.07,7.043,6.372,2.457,
2122,100,4,82.0,62.1,95.8,3.04,1e-05,0.05,25,0.35,0.40,True,137.6,3,4,0.029456621778453707,0.17162931503229192,0.8730258889695951,1.1014802056342974,3.693,0.651,0.886,10.959,1.64,
2127,100,4,12.8,85.5,80.8,3.78,1e-05,0.05,50,0.35,0.40,True,75.0,3,4,0.13309621900272464,0.36482354502241854,0.5416535040609213,5.5497730827472616,-1.753,5.532,0.628,3.207,1.875,
2117,100,4,18.3,73.3,69.6,2.45,1e-06,0.1,120,0.35,0.40,True,131.0,3,4,4.502217362783808,2.121842916613718,3.1234741212063954,6.919851306602388,-5.417,7.868,3.596,13.718,1.957,
2124,100,4,58.8,73.1,86.8,4.27,1e-05,0.05,25,0.60,0.45,True,118.2,3,4,2.272887516891305,1.507609868928731,2.615330213642039,4.439734487759834,-0.916,5.186,2.802,4.801,2.054,
1984,100,4,77.3,65.4,94.2,2.74,1e-06,0.1,25,0.60,0.45,False,900.0,2,4,203.78716341154097,14.27540414179371,19.139630807204597,24.786716587733608,25.086,22.342,20.589,557.438,2.937,vittima non trovata entro 15 minuti
2126,100,4,82.9,20.5,79.5,2.75,1e-05,0.05,50,center,center,True,140.3,3,4,0.00446869471834253,0.06684829630097187,0.29955381708701356,0.30103325985561963,2.851,0.105,0.306,7.567,1.557,
2134,100,4,15.5,65.2,61.1,4.67,1e-05,0.05,80,0.60,0.45,True,78.2,3,4,0.006939217050343898,0.08330196306416733,3.3812735262357814,12.06513466509324,-8.311,12.981,3.381,1.648,1.755,
2139,100,4,40.9,35.5,47.1,3.3,1e-05,0.05,120,0.60,0.45,True,67.5,3,3,0.13818071047722985,0.3717266609717816,2.8074131620159104,8.621269965730361,10.198,6.895,2.808,1.723,2.289,
2133,100,4,51.6,65.8,76.6,4.16,1e-05,0.05,80,0.45,0.55,True,89.7,3,4,0.01117516145984262,0.10571263623542183,0.49289462813904095,1.2387574592445074,5.342,1.182,0.499,2.375,1.92,
2136,100,4,67.4,46.1,74.8,2.48,1e-05,0.05,120,center,center,True,106.30000000000001,3,4,0.019157471147060658,0.1384105167502118,0.502027293016778,0.5486122572533889,2.357,0.12,0.507,4.488,1.865,
2137,100,4,64.4,28.5,63.9,3.97,1e-05,0.05,120,0.35,0.40,True,97.5,3,2,0.6272633897269142,0.7919996147264935,0.8619806188010873,7.8182910894863165,-4.094,8.061,1.116,7.403,1.737,
2132,100,4,53.7,27.9,53.8,4.73,1e-05,0.05,80,0.35,0.40,True,97.0,3,2,0.12041892488067467,0.3470143006861168,4.879796737097813,5.9056080141425955,7.894,3.164,4.882,4.24,2.869,
2131,100,4,43.5,96.4,99.2,3.38,1e-05,0.05,80,center,center,True,101.9,3,4,0.0023839248537589766,0.04882545292937872,0.5038195616017812,0.6218841201412689,3.015,0.365,0.505,4.528,1.629,
2138,100,4,7.8,82.7,77.7,2.76,1e-05,0.05,120,0.45,0.55,True,89.60000000000001,3,3,0.3141573435439464,0.5604974072588975,4.729136074873239,6.124548278330904,7.212,4.453,4.73,2.011,2.645,
2150,100,4,19.5,6.9,14.6,3.38,1e-05,0.1,50,0.60,0.58,True,18.1,3,4,0.051004606324409354,0.22584199415611206,2.844743420432244,2.9745975416924577,4.781,1.401,2.849,2.246,2.236,
2144,100,4,12.5,60.2,55.7,2.2,1e-05,0.1,25,0.60,0.45,True,61.2,3,4,0.43454348025653194,0.6591991203396224,1.5158662787779384,7.137213694205936,-5.449,7.65,1.521,7.515,1.799,
2141,100,4,11.2,60.5,55.8,1.64,1e-05,0.1,25,center,center,True,79.7,3,3,1.0078456307019799,1.003915151146739,3.821126980142437,4.8711660421966325,7.096,5.461,3.822,4.694,2.721,
2140,100,4,7.3,78.9,73.9,3.53,1e-05,0.05,120,0.60,0.58,True,86.4,3,3,0.028252949390654803,0.1680861368187597,4.753330593822284,6.738967846509111,9.052,5.52,4.754,8.837,2.492,
2152,100,4,18.2,4.8,13.2,3.24,1e-05,0.1,80,0.35,0.40,True,15.5,3,4,0.18661133617311637,0.4319853425443002,5.585976388467933,7.123661932971833,9.449,6.208,5.596,5.395,2.832,
2135,100,4,87.0,52.7,94.8,2.42,1e-05,0.05,80,0.60,0.58,True,118.60000000000001,3,4,0.13835384682184287,0.3719594693267573,0.742712106039301,1.9951177377506943,0.806,1.609,0.753,9.677,1.863,
2145,100,4,15.3,47.7,43.9,3.3,1e-05,0.1,25,0.60,0.58,True,68.2,3,3,0.28264863037687976,0.5316470919481078,0.9925674335887449,1.7920043654450106,4.404,1.109,1.007,3.065,1.782,
2156,100,4,20.5,0.6,16.1,3.43,1e-05,0.1,120,center,center,True,15.4,3,4,0.6116189702750842,0.7820607203248889,2.2594779946502594,9.573158419077425,11.1,7.672,2.271,2.002,3.196,
2157,100,4,19.3,9.1,14.9,4.71,1e-05,0.1,120,0.35,0.40,True,19.1,3,4,0.06539996602565223,0.2557341706257735,2.7686745925205787,2.7895673495802598,6.153,1.442,2.778,2.319,1.905,
2146,100,4,37.3,25.6,38.3,4.27,1e-05,0.1,50,center,center,True,70.60000000000001,3,4,0.04500708353141861,0.21214872974264684,1.0869181201112172,1.6091271484268201,6.216,1.951,1.087,9.558,2.037,
2158,100,4,21.0,0.4,16.7,1.18,1e-05,0.1,120,0.45,0.55,True,15.700000000000001,3,4,1.7409007031456505,1.3194319623025852,2.897258418056759,9.37541108954976,9.268,8.086,2.914,2.85,2.992,
2143,100,4,44.5,40.5,53.1,2.82,1e-05,0.1,25,0.45,0.55,True,74.8,3,4,10.85497567935089,3.294689011022268,2.927003533496566,3.6336225870589103,6.045,3.228,3.88,5.917,2.731,
2023,100,4,74.5,71.0,95.8,1.04,1e-05,0.1,25,0.45,0.55,False,900.0,2,4,1050.3197364230384,32.40863675662767,36.800360719762836,38.1722229717076,9.345,8.302,39.173,432.683,3.145,vittima non trovata entro 15 minuti
2149,100,4,36.7,78.9,80.4,1.35,1e-05,0.1,50,0.60,0.45,True,87.2,3,4,0.06487865917385878,0.2547128955782545,2.8714268156298965,6.1754405088124855,-6.265,7.619,2.872,1.632,2.129,
2129,100,4,95.6,13.3,91.0,2.22,1e-05,0.05,50,0.60,0.45,True,192.9,3,3,10.242069461876609,3.200323337082772,4.106080333475434,5.496126523293621,5.872,3.653,4.442,22.084,2.047,
2142,100,4,82.4,15.3,78.1,3.19,1e-05,0.1,25,0.35,0.40,True,138.8,3,4,2.902859338486206,1.7037779604415024,1.1363267579796106,1.3883402006716945,4.187,0.996,1.756,24.859,1.923,
2147,100,4,30.8,87.7,86.6,4.19,1e-05,0.1,50,0.35,0.40,True,100.4,3,4,6.30813522263271,2.5116001319144554,2.291158361763872,5.4713115652785875,-1.505,5.695,3.29,9.039,2.298,
2153,100,4,34.1,32.1,39.8,4.43,1e-05,0.1,80,0.45,0.55,True,72.8,3,3,0.01006999760239876,0.10034937768814892,1.3248459030220263,2.20690397650741,6.569,2.142,1.326,4.717,1.786,
2148,100,4,62.4,73.0,89.0,3.37,1e-05,0.1,50,0.45,0.55,True,109.7,3,4,0.013842820759539177,0.11765551733573389,1.6780692115680838,3.0887435054051684,6.404,3.035,1.679,24.413,1.78,
2155,100,4,61.6,17.8,58.0,1.68,1e-05,0.1,80,0.60,0.58,True,90.2,3,3,0.03988042554337445,0.19970084011684688,2.4317811615744582,8.047305409609935,-6.976,8.66,2.433,6.026,2.108,
2154,100,4,40.6,64.3,69.1,4.74,1e-05,0.1,80,0.60,0.45,True,84.30000000000001,3,4,2.7346121068493874,1.6536662622335219,2.646126206491971,7.590342886281638,-4.319,9.054,2.753,1.543,1.671,
2165,100,4,19.0,28.5,27.4,2.98,1e-07,0.05,25,0.60,0.58,True,51.300000000000004,3,4,0.018095408667072106,0.13451917583405015,1.6228660497825595,3.5789461138560283,-0.346,3.326,1.625,1.854,1.828,
2151,100,4,84.9,72.6,104.6,3.1,1e-05,0.1,80,center,center,True,112.30000000000001,3,4,0.007065203675527499,0.08405476592988347,0.7590587331286256,0.8593808676041343,3.093,0.006,0.759,14.133,1.591,
2030,100,4,84.2,27.0,82.2,3.07,1e-05,0.1,50,0.60,0.58,False,900.0,2,4,1163.3584702896655,34.10804113826629,29.458372213310188,29.556422633822017,11.87,8.8,34.376,595.019,2.757,vittima non trovata entro 15 minuti
2159,100,4,68.3,32.3,68.9,4.97,1e-05,0.1,120,0.60,0.45,True,97.0,3,4,0.006725089220134141,0.08200664131723809,0.7950131962460368,0.8366804587920564,5.468,0.5,0.796,5.763,1.65,
2167,100,4,35.0,14.2,31.4,1.8,1e-07,0.05,50,0.35,0.40,True,59.300000000000004,3,4,0.02162778867882441,0.14706389318532406,3.1873175244808367,3.3800149292227286,1.749,0.049,3.188,4.305,1.929,
2166,100,4,44.9,13.5,40.8,3.75,1e-07,0.05,50,center,center,True,73.0,3,4,0.03286189014125497,0.18127848780606862,0.9389450249074087,1.491715133431403,1.997,1.755,0.94,1.852,2.207,
2025,100,4,98.5,4.5,93.5,3.45,1e-05,0.1,25,0.60,0.58,False,900.0,0,3,131.4621969681193,11.465696532183262,7.43845311753979,8.783904974005429,8.117,4.672,13.059,466.18,3.654,vittima non trovata entro 15 minuti
2160,100,4,61.8,60.3,79.3,1.94,1e-05,0.1,120,0.60,0.58,True,106.9,3,4,0.15262213948056197,0.3906688360754694,1.8062155373230162,2.688880130847512,-0.86,2.805,1.812,3.733,1.746,
2172,100,4,11.0,20.4,16.5,1.25,1e-07,0.05,80,0.35,0.40,True,20.700000000000003,3,4,1.7501173923309488,1.3229200249187207,1.9586472873137222,3.941984400628306,-3.01,4.263,1.982,2.13,1.833,
2169,100,4,38.3,20.3,36.6,3.47,1e-07,0.05,50,0.60,0.45,True,61.2,3,4,0.018617758057451084,0.1364469056353096,2.9930505391273337,3.029018002113402,4.492,1.02,2.993,3.432,2.28,
2161,100,4,2.5,45.4,40.5,2.34,1e-07,0.05,25,center,center,True,78.30000000000001,3,4,0.11145091491449054,0.333842649933304,2.32777579871721,3.7817688840259733,6.575,4.237,2.331,4.885,2.237,
2035,100,4,62.7,8.8,57.9,1.29,1e-05,0.1,80,0.60,0.58,True,93.0,3,3,0.025846195319270092,0.16076751947850068,5.251695431934896,9.854266953988278,-9.628,10.918,5.252,3.721,1.993,
2176,100,4,30.8,24.1,32.1,3.24,1e-07,0.05,120,center,center,True,60.7,3,4,0.03071981159821754,0.1752706809429847,0.6825291365832917,4.058407583078637,-1.109,4.345,0.69,0.941,1.946,
2184,100,4,31.1,68.2,68.4,2.94,1e-07,0.1,25,0.60,0.45,True,95.60000000000001,3,4,0.04411950307640666,0.21004643076331161,1.9462013598904848,1.9962482552858023,3.114,0.172,1.948,2.471,2.443,
2094,100,4,20.7,65.6,62.6,2.77,1e-06,0.05,80,0.60,0.45,True,91.4,3,4,0.11195821879270523,0.33460158217304536,0.29366690525361056,2.0129841834161613,0.73,2.036,0.441,2.522,1.711,
2084,100,4,62.8,14.9,58.7,1.97,1e-06,0.05,25,0.60,0.45,True,89.5,3,4,21.19062708477444,4.603327827210923,2.984711893649865,7.12024308900648,10.317,8.35,4.035,4.581,3.668,
2180,100,4,30.3,88.9,87.6,1.39,1e-07,0.05,120,0.60,0.58,True,110.60000000000001,3,4,0.48984595749023585,0.6998899609868939,1.4186939127416809,4.528389721025638,-3.257,4.65,1.43,7.045,1.993,
2179,100,4,75.0,10.5,70.2,2.8,1e-07,0.05,120,0.60,0.45,True,113.2,3,4,5.741982407005033,2.3962433947754627,3.4248325431033075,3.7131482178553,4.287,1.483,4.154,9.065,2.666,
2181,100,4,59.5,21.5,57.0,4.85,1e-07,0.1,25,center,center,True,103.2,3,4,66.8540653014033,8.176433531889273,0.7636358888044149,13.002069268225842,17.878,13.027,7.383,11.875,3.384,
2174,100,4,53.8,84.9,93.6,1.05,1e-07,0.05,80,0.60,0.45,True,110.5,3,4,0.030021830369365572,0.17326808814483285,0.4793578015989736,2.529809659035071,3.671,2.625,0.483,6.9,1.557,
2177,100,4,21.5,51.4,49.3,1.0,1e-07,0.05,120,0.35,0.40,True,109.4,3,4,1.3458076490770612,1.1600895004597969,1.2721500048178018,4.9130610230102505,-4.328,5.331,1.668,11.848,2.706,
2171,100,4,44.4,90.7,94.3,1.32,1e-07,0.05,80,center,center,True,115.4,3,4,0.06962453894675102,0.2638646223857056,9.140006573582458,20.775970768536247,11.405,10.087,9.143,9.082,1.895,
2178,100,4,77.7,27.0,76.0,2.85,1e-07,0.05,120,0.45,0.55,True,118.5,3,4,0.02119556159841377,0.14558695545416755,2.9884038500753807,9.973879241859773,-7.855,10.706,2.989,6.691,2.019,
2183,100,4,27.7,71.1,69.9,3.33,1e-07,0.1,25,0.45,0.55,True,119.7,3,4,0.16190175425783931,0.4023701706859485,0.32926255551157385,0.3526544443481978,3.506,0.18,0.45,8.246,2.164,
2168,100,4,22.5,48.0,46.4,3.64,1e-07,0.05,50,0.45,0.55,True,80.5,3,4,0.04936371843220168,0.22217947347178965,2.6127088769175333,3.011109567095457,1.455,2.181,2.615,6.112,2.107,
2040,100,4,61.0,50.2,72.0,4.0,1e-05,0.1,120,0.60,0.58,True,99.4,3,4,0.004215988675238215,0.06493064511644879,2.2573406654899015,8.679353571380526,-5.863,9.867,2.258,1.326,1.743,
2170,100,4,31.0,31.2,36.9,2.2,1e-07,0.05,50,0.60,0.58,True,71.5,3,4,0.0800797679679522,0.2829836885192364,0.411040602238741,4.0392198407829,-1.904,4.108,0.477,1.709,1.7,
2186,100,4,16.4,38.0,35.0,4.75,1e-07,0.1,50,center,center,True,68.3,3,4,0.03417644058943065,0.184868711764405,1.716750386260198,1.716876165391887,3.555,1.196,1.717,1.278,2.256,
2044,100,4,87.3,6.3,82.3,3.09,1e-07,0.05,25,0.60,0.45,True,112.2,3,4,9.003907418648852,3.0006511657719983,3.137125689637503,5.215931301541997,8.798,5.708,3.408,3.426,2.372,
2162,100,4,66.3,13.7,61.9,3.76,1e-07,0.05,25,0.35,0.40,True,145.20000000000002,3,3,0.34804454592637624,0.5899530031505699,5.1653523514941,7.055913925795566,9.579,5.82,5.169,26.715,3.117,
2173,100,4,29.3,41.3,43.7,1.05,1e-07,0.05,80,0.45,0.55,True,86.60000000000001,3,4,0.23143818727944643,0.4810802295661779,0.8722435732612462,1.3787911231571828,-0.285,1.33,0.873,3.892,1.754,
2061,100,4,63.0,45.4,70.7,1.41,1e-07,0.1,25,center,center,True,109.0,3,4,1.3443244947361057,1.1594500828996934,2.205079041726782,4.561856020663039,-4.086,5.494,2.335,19.249,2.229,
2182,100,4,24.4,67.1,65.0,1.72,1e-07,0.1,25,0.35,0.40,True,99.7,3,4,0.00799697361653371,0.08942579950178646,1.4250007205195567,3.8946175147073006,5.857,4.137,1.427,0.909,1.784,
2120,100,4,31.9,76.1,76.0,3.65,1e-06,0.1,120,0.60,0.58,True,106.0,3,4,0.19585714015479794,0.4425574992639916,1.568953832517352,6.203197901820485,-2.874,6.519,1.605,2.693,1.783,
2185,100,4,68.4,69.4,90.4,3.73,1e-07,0.1,25,0.60,0.58,True,125.10000000000001,3,4,10.93499191000082,3.3068099295243476,5.700817960448462,6.859968518743304,-1.381,5.114,6.28,12.703,2.123,
2163,100,4,32.8,52.4,54.9,2.13,1e-07,0.05,25,0.45,0.55,True,103.80000000000001,3,4,0.012181000093863404,0.11036756812516711,0.4682793535321229,1.4200732573953514,3.376,1.242,0.476,2.645,2.075,
2090,100,4,62.9,64.9,83.3,4.4,1e-06,0.05,50,0.60,0.58,True,122.2,3,4,0.8576798444053249,0.9261100606328196,3.0088707001925967,11.387318043055972,-7.31,11.711,3.011,5.322,1.844,
2104,100,4,81.6,33.2,81.6,3.35,1e-06,0.1,25,0.60,0.45,True,159.10000000000002,3,4,5.443312930713702,2.333090853506074,6.1964474247562915,10.957881153576894,-9.111,12.463,6.528,24.871,2.652,
2199,100,4,46.9,9.6,42.1,2.54,1e-07,0.1,120,0.60,0.45,True,71.7,3,4,0.13537182271454212,0.36792910011922425,5.93819271122124,7.220576044150009,9.353,6.81,5.94,6.978,2.577,
2187,100,4,40.3,62.2,67.3,2.41,1e-07,0.1,50,0.35,0.40,True,116.0,3,4,0.42313532566076917,0.6504885284620853,0.5186484161082046,1.291924176889401,1.362,1.052,0.802,7.511,1.813,
2194,100,4,50.4,13.4,46.2,4.59,1e-07,0.1,80,0.60,0.45,True,86.80000000000001,3,4,0.24375250715505284,0.49371298054137974,4.178579027606012,6.373389173774543,1.888,2.702,4.183,7.159,2.355,
2193,100,4,39.0,94.7,95.9,2.62,1e-07,0.1,80,0.45,0.55,True,98.9,3,4,0.03139077970476247,0.17717443298840405,1.5550356384188673,11.959127146622965,14.477,11.858,1.565,10.053,1.876,
2191,100,4,61.8,11.6,57.2,1.34,1e-07,0.1,80,center,center,True,88.0,3,4,0.14561424645080387,0.38159434803309633,1.8712320046676125,7.978579301550394,9.02,7.679,1.885,3.131,2.253,
2197,100,4,66.2,16.4,62.2,4.69,1e-07,0.1,120,0.35,0.40,True,106.60000000000001,3,4,0.012234823855964177,0.11061113802851943,1.2114256603417315,1.672451384608504,6.155,1.469,1.216,9.148,1.789,
2203,100,4,77.6,26.8,75.8,3.12,1e-06,0.05,25,0.45,0.55,True,93.60000000000001,3,4,10.876398199320795,3.2979384771885596,2.936659620029745,12.706131556941841,15.093,11.97,4.357,5.38,2.42,
2202,100,4,41.2,57.3,63.6,5.0,1e-06,0.05,25,0.35,0.40,True,100.2,3,4,0.016504721062893836,0.12847070118472084,0.6901223664349101,2.602635605248452,2.765,2.234,0.691,5.394,1.754,
2188,100,4,63.4,40.3,68.2,4.92,1e-07,0.1,50,0.45,0.55,True,118.9,3,4,0.008579663576357933,0.09262647340991631,0.4814652886646774,0.5326720436489475,5.267,0.347,0.482,18.131,1.663,
2207,100,4,46.1,43.5,56.3,1.09,1e-06,0.05,50,0.35,0.40,True,96.30000000000001,3,4,0.16349254890052306,0.40434211863287634,0.9004700431816177,0.9022546921708972,1.467,0.377,0.903,5.85,1.743,
2200,100,4,27.0,56.7,56.2,3.12,1e-07,0.1,120,0.60,0.58,True,99.60000000000001,3,4,0.08855057244200426,0.29757448217547866,0.7582148704779462,4.3101992008007946,-1.249,4.366,0.803,2.196,1.663,
2208,100,4,30.2,50.5,52.0,1.27,1e-06,0.05,50,0.45,0.55,True,86.0,3,4,0.07672997435673912,0.2770017587610936,0.5393221259388506,0.7090782441868714,0.651,0.617,0.581,2.879,1.814,
2205,100,4,81.6,78.9,106.5,3.91,1e-06,0.05,25,0.60,0.58,True,132.0,3,4,6.506358468478762,2.550756450247409,3.17166673259269,4.22675237614437,6.431,2.517,4.0,2.819,2.91,
2196,100,4,30.2,84.8,83.7,3.61,1e-07,0.1,120,center,center,True,110.0,3,4,0.047838679566333045,0.2187205513122465,0.9719119320895385,1.7954340366445132,5.517,1.909,0.975,10.465,1.937,
2213,100,4,40.4,16.2,37.2,1.65,1e-06,0.05,80,0.45,0.55,True,62.2,3,4,0.021751086198002777,0.14748249454766751,7.448037246181579,9.125301922268338,8.356,6.707,7.448,8.859,2.572,
2175,100,4,100.0,11.7,95.2,4.22,1e-07,0.05,80,0.60,0.58,True,181.8,3,4,0.005307565387815531,0.07285303966078238,0.5402161227951988,1.5484052036878206,5.674,1.451,0.545,14.617,1.821,
2206,100,4,6.2,88.6,83.6,1.36,1e-06,0.05,50,center,center,True,118.7,3,4,0.035411432805708326,0.18817925710797226,0.6526295881360938,1.2046581914470094,2.812,1.45,0.655,6.133,1.755,
2210,100,4,0.2,89.7,84.8,4.41,1e-06,0.05,50,0.60,0.58,True,119.7,3,4,0.02452531818480793,0.15660561351627192,0.7793200118488944,0.9153785037883085,7.988,3.58,0.79,9.383,1.625,
2190,100,4,71.4,91.1,108.7,3.95,1e-07,0.1,50,0.60,0.58,True,174.20000000000002,3,4,0.053805160211238115,0.23195939345333294,1.5077051945421538,1.6428790282091978,4.604,0.653,1.508,29.434,1.9,
2192,100,4,85.9,55.7,95.4,4.55,1e-07,0.1,80,0.35,0.40,True,139.70000000000002,3,4,0.039705920331060233,0.19926344454279674,1.0064729677982671,1.3217899043336836,5.099,0.552,1.009,12.794,1.828,
2216,100,4,44.4,13.3,40.3,4.81,1e-06,0.05,120,center,center,True,76.5,3,4,0.04554318070814765,0.21340848321504852,0.9654953556360296,1.793224835305115,6.742,1.928,0.975,6.875,2.117,
2195,100,4,65.2,92.8,106.5,1.85,1e-07,0.1,80,0.60,0.58,True,132.5,3,4,0.008491993233456726,0.09215201155404436,2.5171251493942064,2.5341873193164526,2.139,0.294,2.519,16.657,1.943,
2219,100,4,40.6,79.1,82.2,2.77,1e-06,0.05,120,0.60,0.45,True,98.0,3,4,0.563980452549092,0.7509863198148765,1.0847318705694518,3.0074517958164733,-0.425,3.192,1.256,4.066,1.93,
2211,100,4,59.1,95.2,105.2,4.26,1e-06,0.05,80,center,center,True,126.10000000000001,3,4,0.015240090424963534,0.1234507611356185,0.7296797791003736,1.3228030259793242,5.362,1.103,0.735,7.23,1.668,
2218,100,4,47.4,81.8,87.7,1.0,1e-06,0.05,120,0.45,0.55,True,111.5,3,4,0.07567041038342714,0.27508255194291614,0.4206260066062464,0.5367805129161348,1.25,0.249,0.473,5.607,1.867,
2223,100,4,88.2,97.1,124.1,2.02,1e-06,0.1,25,0.45,0.55,True,114.60000000000001,3,4,0.008831305023866197,0.09397502340444612,0.44308253130673964,2.4225709512276015,4.406,2.382,0.449,11.705,1.85,
2214,100,4,98.9,43.4,101.4,3.94,1e-06,0.05,80,0.60,0.45,True,177.8,3,4,0.9909701266362247,0.9954748247124208,0.6674156892745368,0.6808379724427069,4.077,0.135,0.857,19.805,1.746,
2217,100,4,48.5,29.9,50.1,1.17,1e-06,0.05,120,0.35,0.40,True,90.30000000000001,3,4,0.6517008173448074,0.807279887860962,5.470039118020226,8.430536746444414,8.824,7.657,5.478,3.029,2.471,
2212,100,4,79.4,86.8,110.6,3.38,1e-06,0.05,80,0.35,0.40,True,122.4,3,4,0.7814710998490787,0.8840085405973624,0.9361260050903147,7.260474344380681,-4.156,7.537,1.285,8.274,1.771,
2233,100,4,35.9,30.6,40.1,2.06,1e-06,0.1,80,0.45,0.55,True,76.5,3,4,0.12177175149695493,0.3489580941846097,1.2713904170259456,3.193671639534529,-1.325,3.387,1.283,1.548,1.813,
2225,100,4,33.5,50.6,53.8,4.14,1e-06,0.1,25,0.60,0.58,True,99.10000000000001,3,4,0.08383443222554551,0.28954176248953367,2.2451819234604655,7.494730423874016,-3.723,7.865,2.254,3.33,1.999,
2228,100,4,18.1,53.0,49.8,4.79,1e-06,0.1,50,0.45,0.55,True,97.2,3,4,0.07379102248059334,0.2716450302887821,3.0799025074506288,3.3173550790737965,6.517,1.724,3.081,7.497,2.204,
2220,100,4,24.0,63.3,61.4,4.22,1e-06,0.05,120,0.60,0.58,True,99.30000000000001,3,4,0.7025659456213404,0.8381920696483238,0.4597676331010948,5.566746585220942,-1.45,5.668,0.93,5.956,1.848,
2227,100,4,62.7,67.1,84.8,3.2,1e-06,0.1,50,0.35,0.40,True,122.10000000000001,3,4,1.4946732931330005,1.2225683183908376,2.163113152693048,3.453393426504685,6.403,3.202,2.38,19.037,2.08,
2245,100,4,15.1,22.6,20.3,2.31,1e-05,0.05,25,0.60,0.58,True,25.6,3,4,0.07089486796557143,0.26626090205956154,0.992140457953989,6.845533911041756,-4.667,6.975,1.002,1.918,1.894,
2234,100,4,39.2,3.6,34.2,3.27,1e-06,0.1,80,0.60,0.45,True,100.80000000000001,3,4,0.012890490759315705,0.11353629710059997,1.3002744888835192,2.5776254246800554,6.089,2.815,1.303,26.915,1.623,
2222,100,4,27.6,97.9,95.6,1.03,1e-06,0.1,25,0.35,0.40,True,131.6,3,4,0.05732921577203869,0.23943520161421272,2.8971850354078583,3.167174264325702,2.313,1.28,2.9,6.884,1.925,
2224,100,4,57.9,77.0,89.3,2.98,1e-06,0.1,25,0.60,0.45,True,112.7,3,4,31.666095350974405,5.6272635757510425,1.717416669430428,5.5703278599545145,7.223,4.246,5.7,10.005,2.417,
2215,100,4,28.0,78.2,76.8,1.08,1e-06,0.05,80,0.60,0.58,True,114.60000000000001,3,4,0.15755770409090564,0.3969353903230419,2.5819471623672348,8.628217494717141,-7.966,9.043,2.586,4.011,2.371,
2221,100,4,8.3,89.8,84.9,4.59,1e-06,0.1,25,center,center,True,115.4,3,4,0.03011098321047501,0.1735251659283892,1.5680511595646727,2.528102826395643,7.021,2.429,1.57,3.031,2.153,
2243,100,4,8.3,33.3,28.5,1.68,1e-05,0.05,25,0.45,0.55,True,53.1,3,2,0.02812474906681054,0.16770435017258956,0.711430048401892,1.2482912675814632,0.714,0.968,0.725,3.009,1.644,
2229,100,4,65.6,53.5,77.7,2.32,1e-06,0.1,50,0.60,0.45,True,104.30000000000001,3,4,0.006969388251004308,0.08348286201972419,0.2921459684860041,1.6322106717658615,4.037,1.714,0.3,10.85,1.744,
2226,100,4,74.0,30.6,73.5,2.65,1e-06,0.1,50,center,center,True,139.3,3,4,4.6137575336721435,2.147965906077688,4.4617913161274805,7.88333917002896,-6.957,9.612,4.465,16.813,2.85,
2236,100,4,75.0,49.2,82.7,1.3,1e-06,0.1,120,center,center,True,111.5,3,4,0.15098434526826235,0.38856704089289706,1.1668084690459417,2.6804527691829843,-1.764,3.062,1.193,12.568,1.609,
2240,100,4,65.2,20.4,62.1,3.17,1e-06,0.1,120,0.60,0.58,True,103.0,3,4,0.9036886167380398,0.9506253819134222,2.1136071054987933,2.113702063320516,2.333,0.836,2.12,7.441,1.98,
2238,100,4,53.6,80.1,89.5,1.77,1e-06,0.1,120,0.45,0.55,True,98.7,3,4,0.059141981357958624,0.2431912444105639,1.6492037207017776,4.1977314324975605,5.86,4.088,1.656,6.267,2.027,
2249,100,4,38.8,22.9,38.2,1.68,1e-05,0.05,50,0.60,0.45,True,68.4,3,3,0.05954833073700211,0.2440252665954944,4.642586870837383,8.998874273001546,-8.862,10.54,4.643,3.525,2.234,
2232,100,4,80.0,80.7,106.5,2.76,1e-06,0.1,80,0.35,0.40,True,135.8,3,4,0.7669979402094148,0.8757841858639689,0.8052903010344864,2.08156938314756,0.85,1.907,1.112,10.087,1.804,
2259,100,4,31.4,11.3,27.1,3.81,1e-05,0.05,120,0.60,0.45,True,33.5,3,3,0.4003929169044175,0.6327660838765123,3.604414312616544,7.019562512000407,10.626,6.819,3.612,2.744,2.999,
2247,100,4,46.3,49.0,60.4,1.56,1e-05,0.05,50,0.35,0.40,True,85.0,3,4,0.543674876409147,0.7373431198628947,0.9385978664479523,4.737023404798401,-3.322,4.886,1.191,3.906,2.085,
2255,100,4,42.3,26.8,43.2,4.99,1e-05,0.05,80,0.60,0.58,True,69.4,3,3,0.003913627890551481,0.06255899528086653,0.5668553758329862,3.0957194370543797,2.069,2.917,0.57,1.703,1.61,
2250,100,4,64.7,13.3,60.3,1.21,1e-05,0.05,50,0.60,0.58,True,94.80000000000001,3,3,0.03814579078116119,0.1953094743763374,2.9249901179612885,9.61362307206869,-9.291,10.5,2.927,8.225,1.769,
2235,100,4,26.0,98.1,95.4,1.54,1e-06,0.1,80,0.60,0.58,True,122.4,3,4,0.025471129501602862,0.15959677158891047,0.36535832909675436,0.6400149100191319,2.063,0.525,0.398,10.587,1.626,
2248,100,4,44.1,58.4,66.2,2.13,1e-05,0.05,50,0.45,0.55,True,81.60000000000001,3,4,0.005738975740607599,0.0757560277509823,0.8442040113791768,1.9956560448724634,4.233,2.099,0.845,6.12,1.857,
2231,100,4,76.1,15.3,71.9,3.83,1e-06,0.1,80,center,center,True,142.5,3,4,4.102631368663955,2.025495339087196,2.2095212886901416,5.157171069915473,-2.357,6.186,2.574,18.78,2.519,
2252,100,4,45.4,74.3,80.3,2.99,1e-05,0.05,80,0.35,0.40,True,86.0,3,4,0.05125425592819624,0.22639402803120987,0.40096178831920093,1.5160449053487852,1.664,1.327,0.457,4.492,1.742,
2246,100,4,9.7,73.0,68.1,3.7,1e-05,0.05,50,center,center,True,88.5,3,3,0.013765978958999206,0.11732850872230162,0.6249499963646439,1.0670410260871774,4.89,1.186,0.63,1.152,1.977,
2237,100,4,61.3,58.8,77.9,3.85,1e-06,0.1,120,0.35,0.40,True,120.2,3,4,0.0033943539591712295,0.058261084431816317,1.6415887767257098,3.271508870571216,7.002,3.153,1.642,8.529,1.895,
2251,100,4,25.8,76.5,74.4,1.06,1e-05,0.05,80,center,center,True,84.2,3,4,3.1368502023255926,1.7711155248389623,2.038021827574945,5.147107063478146,-4.932,5.992,2.567,3.171,2.073,
2241,100,4,88.3,41.7,91.0,2.03,1e-05,0.05,25,center,center,True,124.30000000000001,3,4,1.0792470516470816,1.0388681589340785,1.8348025093640974,2.528248861927432,-0.764,2.796,2.015,2.419,2.67,
2242,100,4,57.8,57.2,74.3,3.21,1e-05,0.05,25,0.35,0.40,True,117.5,3,4,2.934902521420674,1.7131557201319072,1.1350632075098364,1.1660110197927396,2.526,0.681,1.143,7.451,1.816,
2257,100,4,58.1,52.2,71.0,4.39,1e-05,0.05,120,0.35,0.40,True,92.4,3,4,1.0783082911475694,1.038416241758366,0.6368979833879385,2.102650426564288,2.303,2.082,1.08,4.755,1.737,
2254,100,4,76.0,71.8,97.4,3.43,1e-05,0.05,80,0.60,0.45,True,110.7,3,4,0.014821634381078586,0.12174413489395941,0.3797204689283124,0.5415220756963586,4.03,0.601,0.385,6.168,1.662,
2258,100,4,71.1,19.2,67.6,4.23,1e-05,0.05,120,0.45,0.55,True,95.30000000000001,3,3,0.007866904745841412,0.08869557342867462,0.37871450859972206,0.8220427359060108,4.811,0.582,0.381,2.706,1.744,
2264,100,4,45.6,8.4,40.8,3.0,1e-05,0.1,25,0.60,0.45,True,47.400000000000006,3,3,1.6886694254899606,1.2994881398034999,4.1941569861688155,4.775908203008679,2.813,0.189,4.367,4.818,2.319,
2256,100,4,53.7,78.7,88.3,4.66,1e-05,0.05,120,center,center,True,96.10000000000001,3,4,0.006551461663187083,0.08094109996279444,0.44921601384822973,0.8612108085891231,5.575,0.916,0.454,2.671,1.884,
2260,100,4,42.9,75.1,79.7,2.91,1e-05,0.05,120,0.60,0.58,True,88.30000000000001,3,4,0.02136720306181964,0.1461752477741004,1.2827983216311396,1.350649142453756,3.612,0.707,1.285,6.331,1.633,
2253,100,4,82.5,79.4,107.5,4.85,1e-05,0.05,80,0.45,0.55,True,119.9,3,4,0.1172168718279804,0.3423694960535772,0.47188812941852687,2.4284998645105853,7.093,2.247,0.481,6.721,2.42,
2267,100,4,44.4,12.0,40.1,4.42,1e-05,0.1,50,0.35,0.40,True,64.60000000000001,3,3,0.11334981871989346,0.3366746481692577,4.965763496814626,6.935935818975198,9.448,5.03,4.966,7.934,2.902,
2261,100,4,86.5,62.8,99.9,3.23,1e-05,0.1,25,center,center,True,109.80000000000001,3,4,104.75130684008273,10.234808588346082,5.188011939052897,10.646671774025632,9.52,6.288,6.349,18.294,1.942,
2280,100,4,14.2,42.7,38.8,1.36,1e-05,0.1,120,0.60,0.58,True,44.6,3,3,0.5440628131127212,0.7376061368458923,2.908383015468904,8.179393942050584,8.299,6.936,2.908,2.889,2.283,
2278,100,4,13.2,26.4,22.9,2.37,1e-05,0.1,120,0.45,0.55,True,46.1,3,3,0.017003676153363324,0.13039814474663097,1.7868552672484315,3.3008172414764863,5.656,3.286,1.788,3.881,1.798,
2268,100,4,35.7,19.6,33.9,1.7,1e-05,0.1,50,0.45,0.55,True,68.8,3,3,0.04849472497588723,0.22021517880447575,3.1164815112032906,5.413625163707942,7.213,5.515,3.12,11.138,2.558,
2276,100,4,15.7,36.1,32.9,2.04,1e-05,0.1,120,center,center,True,60.1,3,3,0.018665895927021395,0.13662318956539332,1.0102570793949237,2.2752230106417612,4.698,2.659,1.011,5.093,1.834,
2262,100,4,19.7,85.0,81.3,3.11,1e-05,0.1,25,0.35,0.40,True,98.10000000000001,3,4,0.008617657290716412,0.09283133786990475,2.9013178274280995,9.173092130134725,-7.239,10.348,2.902,5.236,1.675,
2281,100,4,29.4,0.4,24.8,2.15,1e-07,0.05,25,center,center,True,42.0,4,4,0.7962626304135372,0.8923354920732096,1.2619654835138359,9.058280248774743,10.456,8.307,1.528,1.193,3.686,
2270,100,4,61.1,14.5,56.9,2.75,1e-05,0.1,50,0.60,0.58,True,91.80000000000001,3,3,3.530336264693142,1.878918908493164,3.097887921870514,7.0114149461004205,-4.843,7.594,3.349,3.27,2.178,
2266,100,4,53.9,49.2,65.9,2.77,1e-05,0.1,50,center,center,True,89.5,3,4,0.001622269783029215,0.04027741033171342,0.5054153802856594,1.3088352692864984,4.313,1.544,0.507,4.88,1.963,
2263,100,4,89.6,78.6,112.1,1.54,1e-05,0.1,25,0.45,0.55,True,114.10000000000001,3,4,0.009744241145412731,0.09871292288962338,1.1566821117690491,6.006565621438889,-0.208,1.748,1.158,13.354,1.783,
2269,100,4,51.9,29.4,52.9,1.73,1e-05,0.1,50,0.60,0.45,True,89.0,3,3,21.750114269179587,4.663701777470295,2.858346260112535,2.975317307276645,1.045,0.685,2.945,6.908,1.928,
2265,100,4,13.1,56.5,52.1,2.84,1e-05,0.1,25,0.60,0.58,True,93.2,3,3,0.4246441816285228,0.6516472831436673,0.93419348215804,1.7527787446048184,1.08,1.761,0.959,16.752,1.696,
2274,100,4,62.5,27.7,61.9,4.22,1e-05,0.1,80,0.60,0.45,True,97.5,3,4,0.013112847179299076,0.1145113408326838,4.921984871999794,11.526769370307049,-9.403,13.625,4.922,6.988,1.624,
2271,100,4,26.0,74.9,72.9,3.14,1e-05,0.1,80,center,center,True,90.7,3,4,0.015273313556420809,0.12358524813431743,0.7855571007699031,0.9856190696910458,4.269,1.125,0.789,8.473,2.004,
2272,100,4,76.0,37.0,77.9,1.66,1e-05,0.1,80,0.35,0.40,True,103.60000000000001,3,4,0.008882916305462046,0.09424922442896835,1.1733974468667552,1.63514877098566,3.164,1.503,1.175,6.481,1.68,
2273,100,4,77.9,67.4,95.9,2.94,1e-05,0.1,80,0.45,0.55,True,92.5,3,4,0.0008392420320346197,0.028969674351545956,0.16150327148231752,2.095917833591568,5.099,2.161,0.163,6.477,1.648,
2285,100,4,26.3,4.8,21.3,4.59,1e-07,0.05,25,0.60,0.58,True,29.8,3,4,0.05783900238157977,0.24049740618472326,6.459845284097701,8.62822696135544,10.652,6.06,6.461,6.144,2.709,
2298,100,4,5.9,18.2,13.2,1.38,1e-07,0.05,120,0.45,0.55,True,19.0,3,3,0.08413006552133663,0.29005183247367466,3.330086132515774,6.416362207872661,7.643,6.266,3.332,3.58,1.819,
2277,100,4,85.5,80.2,110.2,4.1,1e-05,0.1,120,0.35,0.40,True,107.0,3,4,0.7386194088217858,0.8594296997554749,0.9013775185312634,1.7980772516615569,5.962,1.861,1.178,12.483,2.14,
2279,100,4,75.0,16.5,70.9,3.11,1e-05,0.1,120,0.60,0.45,True,97.9,3,2,0.0025290942398229067,0.050290100813409656,1.5549830590126679,2.136558660304986,5.403,2.294,1.556,6.727,1.817,
2282,100,4,72.6,59.7,87.0,2.0,1e-07,0.05,25,0.35,0.40,True,132.1,3,4,13.278519787288728,3.643970332932024,3.21148805873554,6.223026495205916,8.226,6.224,3.218,14.581,2.032,
2283,100,4,79.2,2.7,74.3,2.02,1e-07,0.05,25,0.45,0.55,True,126.80000000000001,3,4,0.8105211056619708,0.9002894565982492,1.9754068000747957,3.2446833212093535,5.216,3.195,2.029,14.307,2.161,
2284,100,4,70.5,85.6,103.9,2.7,1e-07,0.05,25,0.60,0.45,True,139.8,3,4,13.226445975853013,3.6368181114613103,3.8354231520622304,4.092677206373335,-0.836,3.535,4.86,17.318,2.856,
2299,100,4,35.2,78.5,79.5,2.62,1e-07,0.05,120,0.60,0.45,True,94.10000000000001,3,4,0.014205789655056473,0.11918804325542254,1.1594472169584216,5.291886384185214,-3.414,6.031,1.16,3.1,1.871,
2289,100,4,33.8,57.6,60.0,1.1,1e-07,0.05,50,0.60,0.45,True,91.60000000000001,3,4,0.12415629899662667,0.3523581970050174,1.387392542249409,1.4143632541480318,1.193,0.097,1.43,3.179,2.162,
2300,100,4,33.9,14.5,30.4,3.24,1e-07,0.05,120,0.60,0.58,True,59.300000000000004,3,4,0.018619985687449693,0.13645506838314836,3.058473276521415,3.3735153228042623,2.103,1.141,3.059,3.494,1.998,
2293,100,4,58.6,63.0,78.9,2.05,1e-07,0.05,80,0.45,0.55,True,116.60000000000001,3,4,0.37199472047044313,0.6099136991988646,1.4961458135497423,5.2070971190627535,-3.514,5.567,1.527,5.581,2.096,
2311,100,4,10.9,8.1,6.7,3.21,1e-07,0.1,80,center,center,True,0.30000000000000004,3,2,0.017573448561749087,0.1325648843463045,6.053841763577367,8.238455042755117,5.601,2.389,6.055,6.093,3.067,
2290,100,4,5.3,54.5,49.5,2.85,1e-07,0.05,50,0.60,0.58,True,96.60000000000001,3,4,0.019195154748386737,0.138546579706562,1.8054001528641714,3.208347817826957,-0.441,3.29,1.807,2.004,1.911,
2292,100,4,37.8,71.2,73.9,1.18,1e-07,0.05,80,0.35,0.40,True,96.5,3,4,0.3093334082907242,0.5561774971092629,0.5383102840403824,1.1176256739421397,2.287,1.108,0.758,6.062,1.837,
2287,100,4,69.7,32.6,70.3,4.01,1e-07,0.05,50,0.35,0.40,True,131.70000000000002,3,4,0.015684488647627257,0.12523772853109105,0.16152746847889257,1.1700097371060474,5.114,1.109,0.196,13.121,1.869,
2294,100,4,48.5,55.3,66.5,1.18,1e-07,0.05,80,0.60,0.45,True,96.4,3,4,0.007917439790196693,0.08897999657336862,0.7171437888727,4.005425738420156,5.462,4.283,0.72,5.927,1.593,
2288,100,4,1.9,82.0,77.1,4.18,1e-07,0.05,50,0.45,0.55,True,118.7,3,4,0.015477269460945582,0.12440767444553243,1.0969238378381037,1.7721454332450628,5.653,1.472,1.098,3.534,1.852,
2291,100,4,87.4,15.9,83.1,3.93,1e-07,0.05,80,center,center,True,122.9,3,4,0.10910538268170934,0.33031103929737093,0.9023998827094206,1.4010946162685673,5.486,1.559,0.905,4.831,1.84,
2296,100,4,67.1,74.5,93.2,1.47,1e-07,0.05,120,center,center,True,122.9,3,4,0.008893707859738465,0.09430645714763367,0.6674747962979785,1.6197944084098137,3.358,1.89,0.669,5.984,1.792,
2303,100,4,84.2,68.9,101.7,1.09,1e-07,0.1,25,0.45,0.55,True,124.5,3,4,5.423351764715711,2.328809087219412,1.6154921774134052,3.308638034037457,-1.091,2.183,1.698,28.067,2.044,
2320,100,4,10.2,1.9,6.0,3.38,1e-07,0.1,120,0.60,0.58,True,0.2,3,2,0.34454125764844745,0.5869763689012084,4.936827061181866,5.3091899503230175,5.429,2.045,4.959,4.97,3.402,
2304,100,4,3.0,35.5,30.6,4.26,1e-07,0.1,25,0.60,0.45,True,70.10000000000001,3,4,0.43291537405191366,0.6579630491539123,2.5528537192933167,6.4223313769919,-2.471,6.734,2.586,10.49,2.071,
2286,100,4,56.9,67.4,81.1,3.77,1e-07,0.05,50,center,center,True,121.4,3,4,0.053513651074622436,0.23133017761334648,0.9036004997254341,1.6768375473765251,5.618,1.851,0.907,0.95,1.88,
2302,100,4,93.0,84.3,118.4,3.52,1e-07,0.1,25,0.35,0.40,True,135.6,3,4,0.5560200276846413,0.7456675047798726,1.3222762514762485,2.7228547108672356,5.9,2.38,1.468,25.644,1.733,
2297,100,4,98.1,28.9,96.2,4.92,1e-07,0.05,120,0.35,0.40,True,163.0,3,4,0.02426225132269876,0.15576344668342043,1.3328785866183863,1.3738962641968901,4.585,0.333,1.335,10.298,1.814,
2295,100,4,80.8,91.5,115.0,3.59,1e-07,0.05,80,0.60,0.58,True,135.20000000000002,3,4,0.006308860134025773,0.07942833332020616,1.801320013737567,2.1207987190185014,4.711,1.119,1.801,9.128,2.406,
2308,100,4,32.8,27.2,35.6,5.0,1e-07,0.1,50,0.45,0.55,True,72.10000000000001,3,4,0.01577150656472514,0.1255846589545281,1.4465919403617615,1.7552422086756185,3.504,1.493,1.447,2.022,1.862,
2306,100,4,21.7,56.6,54.2,4.86,1e-07,0.1,50,center,center,True,112.10000000000001,3,4,0.0068670818632283505,0.08286785784143542,1.6063942382270857,1.677581462169348,6.347,1.49,1.607,11.025,2.523,
2069,100,4,72.9,85.6,105.4,3.03,1e-07,0.1,50,0.60,0.45,False,900.0,2,3,90.22590693036412,9.498731859062246,4.502675982885892,8.321469499811903,-4.075,7.106,9.341,522.36,4.209,vittima non trovata entro 15 minuti
2327,100,4,30.4,20.9,30.0,2.63,1e-06,0.05,50,0.35,0.40,True,48.300000000000004,3,4,0.011683716545287312,0.10809124176031706,0.22166600537459824,0.8762487664661394,1.704,0.927,0.244,0.202,1.967,
2307,100,4,73.5,27.9,72.2,4.98,1e-07,0.1,50,0.35,0.40,True,130.1,3,4,0.06611108034742101,0.2571207505189362,2.0530998342835263,2.4060477755566967,5.671,0.689,2.054,18.333,2.207,
2309,100,4,71.4,80.3,100.4,1.72,1e-07,0.1,50,0.60,0.45,True,131.4,3,4,0.12869566805692828,0.3587417846542667,1.7844800822164604,2.143599019245174,2.084,0.362,1.786,10.507,1.892,
2310,100,4,75.2,41.2,79.0,1.54,1e-07,0.1,50,0.60,0.58,True,123.60000000000001,3,4,0.023452684696084355,0.15314269390370652,1.1940341654055182,4.546796672804772,-3.491,5.032,1.196,13.471,1.62,
2312,100,4,50.8,82.9,90.3,1.35,1e-07,0.1,80,0.35,0.40,True,124.9,3,4,0.0629793927902799,0.25095695405841995,0.34425674051432,2.1946277177154623,-0.76,2.112,0.379,10.841,1.918,
2313,100,4,57.2,49.1,68.3,2.04,1e-07,0.1,80,0.45,0.55,True,95.10000000000001,3,4,0.008430744535312666,0.09181908589891682,0.5552304215628885,2.904705982068582,-0.897,2.937,0.557,17.322,1.599,
2321,100,4,28.9,46.7,48.0,4.21,1e-06,0.05,25,center,center,True,98.9,3,4,0.05351112715114799,0.2313247223085937,1.5479107094515763,2.7493932491232,7.192,2.979,1.551,3.654,1.827,
2318,100,4,12.5,86.5,81.9,3.11,1e-07,0.1,120,0.45,0.55,True,104.2,3,4,0.05309472327426796,0.2304229226319898,0.6990304531289964,1.088516024727743,2.245,0.86,0.706,10.231,1.769,
2317,100,4,54.1,54.3,69.6,3.44,1e-07,0.1,120,0.35,0.40,True,114.60000000000001,3,4,0.025313664237460738,0.15910268457025084,1.1979794912809079,1.2438136233747283,4.219,0.777,1.203,7.189,1.72,
2316,100,4,5.5,80.0,75.0,3.5,1e-07,0.1,120,center,center,True,105.80000000000001,3,4,0.005054796640815048,0.0710970930546042,3.9668460642066345,4.352135098468718,5.575,2.077,3.967,4.479,2.017,
2315,100,4,31.4,97.3,96.0,1.39,1e-07,0.1,80,0.60,0.58,True,112.9,3,4,0.09124358280546167,0.3020655273371354,2.1446306081654103,3.942323153458851,4.701,3.308,2.147,5.373,2.035,
2323,100,4,59.7,72.0,86.5,2.36,1e-06,0.05,25,0.45,0.55,True,124.9,3,4,0.23910277279837455,0.48898136242435103,0.08541002066844669,0.8673318442029754,3.194,0.833,0.42,12.968,1.725,
2322,100,4,28.0,84.3,82.5,1.08,1e-06,0.05,25,0.35,0.40,True,105.4,3,4,0.01173693732382337,0.10833714655566377,0.4652766066303616,3.1797470606191482,-2.256,3.333,0.472,8.32,1.632,
2325,100,4,16.6,72.6,68.6,4.13,1e-06,0.05,25,0.60,0.58,True,113.30000000000001,3,4,1.1215245370721971,1.0590205555475292,1.7683898218420573,7.884267696716476,-4.081,8.213,1.929,3.936,1.894,
2328,100,4,41.6,11.3,37.2,1.01,1e-06,0.05,50,0.45,0.55,True,74.3,3,4,2.085798726808801,1.444229457810912,1.2465950729855275,2.4629066168813925,3.384,2.375,1.892,7.725,2.017,
2319,100,4,89.5,74.4,109.4,3.36,1e-07,0.1,120,0.60,0.45,True,137.5,3,3,0.003985500702639885,0.06313082212865508,1.293885392193526,1.4194677281180637,-14.886,18.251,1.295,19.817,1.882,
2329,100,4,23.1,86.1,83.1,3.17,1e-06,0.05,50,0.60,0.45,True,97.10000000000001,3,4,0.04461841322504456,0.21123071089461531,1.8220627675621166,5.443823251767005,-3.29,6.456,1.825,3.937,1.95,
2334,100,4,33.1,16.5,30.4,3.33,1e-06,0.05,80,0.60,0.45,True,47.1,3,4,0.11625718680181826,0.34096508149929117,0.15245285105306935,1.1174002054178116,2.173,1.159,0.366,0.639,2.117,
2343,100,4,6.0,18.5,13.5,3.37,1e-06,0.1,25,0.45,0.55,True,20.200000000000003,3,2,0.04049446463281104,0.2012323647746829,2.4167070553289167,4.092003197117955,7.229,3.858,2.418,3.179,1.921,
2326,100,4,75.5,23.9,73.0,4.55,1e-06,0.05,50,center,center,True,136.20000000000002,3,4,0.01595094213311761,0.12629703928880365,5.212897553454234,12.613465129284883,-10.421,14.969,5.213,11.293,2.091,
2164,100,4,43.4,96.2,98.9,1.42,1e-07,0.05,25,0.60,0.45,False,900.0,0,4,19.518826121540627,4.418011557424972,3.5648307151836116,3.9048497283509493,-0.174,1.594,5.265,243.077,2.919,vittima non trovata entro 15 minuti
2331,100,4,60.4,14.9,56.3,2.66,1e-06,0.05,80,center,center,True,89.60000000000001,3,4,0.36018274162623465,0.6001522653679103,3.2939279201175777,6.744646575175431,6.504,3.843,3.298,4.04,2.307,
2347,100,4,19.1,15.6,17.6,2.04,1e-06,0.1,50,0.35,0.40,True,33.2,3,4,0.026693532348447048,0.1633815544926876,1.4566743383090242,2.0716475233240614,1.136,0.899,1.46,1.152,1.831,
2332,100,4,67.8,74.1,93.4,1.17,1e-06,0.05,80,0.35,0.40,True,111.0,3,4,1.7873061795950576,1.3369017090254083,3.5490835295926804,6.034566880844165,6.533,5.367,3.58,3.615,2.727,
2335,100,4,61.1,40.1,66.2,1.08,1e-06,0.05,80,0.60,0.58,True,108.2,3,4,0.39694550175903076,0.6300361114722162,1.1636777789063395,4.918981756735134,-4.279,5.354,1.235,5.438,1.701,
2337,100,4,24.0,45.0,44.3,1.89,1e-06,0.05,120,0.35,0.40,True,68.3,3,4,0.07360774986197242,0.27130748213415057,1.1245916704200873,2.0691601396776202,4.102,2.213,1.138,2.019,1.73,
2336,100,4,38.1,72.5,75.2,4.81,1e-06,0.05,120,center,center,True,106.0,3,4,0.036020305326999714,0.18979016130189602,0.9928783546149601,1.3267380261436141,5.071,0.257,0.998,4.54,2.447,
2333,100,4,82.7,83.7,110.6,2.72,1e-06,0.05,80,0.45,0.55,True,137.8,3,4,0.18870856989726856,0.43440599661752893,1.826874425754143,3.2259855449682893,5.821,3.103,1.83,7.033,2.014,
2330,100,4,94.5,93.7,126.0,1.32,1e-06,0.05,50,0.60,0.58,True,138.8,3,4,0.5151127785656904,0.7177135769690374,3.7208908233964686,4.800364361259503,-1.712,3.033,3.739,14.567,2.326,
2350,100,4,21.3,26.4,26.8,3.82,1e-06,0.1,50,0.60,0.58,True,51.2,3,4,0.016414148863812615,0.1281177148711786,1.5264236991962739,5.074768389851786,-1.172,4.993,1.528,2.14,1.881,
2340,100,4,79.3,61.4,93.3,2.93,1e-06,0.05,120,0.60,0.58,True,121.9,3,4,1.0301429196009422,1.0149595655004893,5.314225290558725,7.944922693231975,-4.456,7.388,5.377,5.961,2.508,
2339,100,4,55.6,98.9,106.7,3.14,1e-06,0.05,120,0.60,0.45,True,139.9,3,4,0.13333439675301073,0.36514982781457084,0.7949874871968663,2.6393232892929217,5.653,2.517,0.852,10.588,1.808,
2341,100,4,41.8,80.1,83.7,4.73,1e-06,0.1,25,center,center,True,123.2,3,4,0.034984708445690356,0.1870419964758994,4.162661375680885,5.19628531620368,9.955,5.222,4.164,10.217,1.686,
2198,100,4,91.7,35.7,92.0,3.54,1e-07,0.1,120,0.45,0.55,False,900.0,0,4,122.58866169318068,11.071976413142357,6.767888750448471,7.046452329063075,5.497,1.962,11.281,697.544,3.002,vittima non trovata entro 15 minuti
2201,100,4,98.0,25.4,95.2,4.37,1e-06,0.05,25,center,center,False,900.0,2,4,178.36838366240923,13.355462689941117,13.829854641077185,15.168819738138708,10.604,6.231,14.307,229.72,2.506,vittima non trovata entro 15 minuti
2364,100,4,11.3,2.4,6.8,1.52,1e-05,0.05,25,0.60,0.45,True,0.2,3,2,0.0942961834129008,0.3070768363340042,6.76060888698286,7.998070279700797,6.807,5.283,6.761,6.778,3.976,
2346,100,4,63.3,36.4,66.2,3.26,1e-06,0.1,50,center,center,True,131.9,3,4,6.893799543762395,2.6256046053742352,1.9936239387946078,1.9936247075088651,1.852,1.406,2.53,31.3,1.995,
2204,100,4,72.6,67.6,92.1,3.93,1e-06,0.05,25,0.60,0.45,False,900.0,2,4,122.58605403895201,11.071858653313454,10.10670969962678,13.278052662549861,-9.639,13.567,11.871,1063.342,3.109,vittima non trovata entro 15 minuti
2342,100,4,79.9,53.6,89.3,3.45,1e-06,0.1,25,0.35,0.40,True,146.1,3,4,6.151381855810341,2.4801979469006783,2.6324930702732354,4.787902320325983,7.147,3.694,3.448,8.431,2.81,
2367,100,4,7.3,17.1,12.3,3.43,1e-05,0.05,50,0.35,0.40,True,4.2,3,3,0.0661980306972558,0.25728977962067556,0.46086828432299026,1.437623075054632,4.853,1.425,0.481,0.526,1.846,
2351,100,4,83.8,67.6,100.6,2.29,1e-06,0.1,80,center,center,True,119.10000000000001,3,4,0.011113376165659303,0.10541999888853776,3.088235046371809,7.405720332187239,-6.586,8.871,3.089,10.389,1.896,
2348,100,4,69.7,24.6,67.6,1.59,1e-06,0.1,50,0.45,0.55,True,136.6,3,4,0.1016313388538588,0.3187967045843774,2.267167550505585,8.797497101249816,-7.806,9.398,2.274,19.147,1.907,
2349,100,4,58.9,31.6,60.1,1.79,1e-06,0.1,50,0.60,0.45,True,114.5,3,4,0.04653370243949972,0.21571671803432324,1.3376652976240604,2.627681480211463,-1.306,3.097,1.347,19.379,1.93,
2353,100,4,27.7,96.6,94.4,4.78,1e-06,0.1,80,0.45,0.55,True,96.60000000000001,3,4,0.3130416126100714,0.5595012177020452,1.1445873600319263,3.317865953263336,7.891,3.114,1.16,7.208,1.801,
2338,100,4,93.5,19.1,89.6,1.36,1e-06,0.05,120,0.45,0.55,True,204.60000000000002,3,4,0.002658039930842594,0.0515561822756747,0.7865677152325103,2.4953137045064873,3.729,2.368,0.787,11.335,1.643,
2352,100,4,59.4,25.0,58.0,3.77,1e-06,0.1,80,0.35,0.40,True,117.4,3,4,0.34491625924064523,0.5872957170290324,1.7255086406641607,2.4386300211342586,6.097,2.329,1.774,11.566,1.666,
2355,100,4,41.4,71.3,75.6,1.55,1e-06,0.1,80,0.60,0.58,True,103.9,3,4,0.11561178737522314,0.3400173339334675,0.9624295325518197,2.4275998844769355,-0.894,2.446,1.011,3.31,1.732,
2362,100,4,70.6,35.0,72.1,1.91,1e-05,0.05,25,0.35,0.40,True,95.60000000000001,3,4,0.44903406781458266,0.6701000431387709,1.8235596609444364,2.41464242615624,4.122,2.214,1.872,3.277,1.986,
2358,100,4,25.1,61.4,59.9,4.61,1e-06,0.1,120,0.45,0.55,True,102.60000000000001,3,4,0.021967638180576517,0.1482148379231193,1.2035506161945375,1.2977959251771358,3.903,0.703,1.206,8.202,2.017,
2370,100,4,8.4,34.1,29.3,1.35,1e-05,0.05,50,0.60,0.58,True,52.7,3,2,0.014470130474260583,0.12029185539453859,0.7187536038740264,1.7231238517347405,-0.058,1.412,0.726,2.23,1.718,
2356,100,4,28.8,70.4,69.5,2.06,1e-06,0.1,120,center,center,True,112.5,3,4,0.2616242184697664,0.5114921489815523,3.627452655657649,4.145608347351798,6.211,4.149,3.632,12.132,2.706,
2361,100,4,70.0,90.7,107.6,3.53,1e-05,0.05,25,center,center,True,103.80000000000001,3,4,0.019311506960848296,0.13896584818166044,0.8085866220385171,1.1405824689480395,2.727,0.804,0.81,4.528,1.607,
2363,100,4,45.2,60.4,68.4,1.89,1e-05,0.05,25,0.45,0.55,True,87.30000000000001,3,4,0.733448269042013,0.8564159439443039,3.9530127492779137,5.488713937990235,7.187,5.297,3.999,7.677,2.782,
2357,100,4,18.0,59.8,56.4,1.28,1e-06,0.1,120,0.35,0.40,True,113.7,3,4,0.02679797412892425,0.16370086783192156,2.9018949427938296,8.172801630038448,-7.897,9.178,2.904,10.897,1.882,
2383,100,4,1.5,1.7,4.9,4.47,1e-05,0.1,25,0.45,0.55,True,0.2,3,2,0.2292669387899573,0.4788182732414849,3.19431757142439,3.197965447540454,5.149,0.68,3.214,3.216,3.798,
2359,100,4,91.9,8.5,87.0,4.87,1e-06,0.1,120,0.60,0.45,True,129.5,3,4,0.007307509270124973,0.08548397083737379,1.7203407841073297,1.9841769551535333,5.856,0.989,1.721,15.971,1.695,
2239,100,4,88.1,94.9,122.4,4.57,1e-06,0.1,120,0.60,0.45,False,900.0,1,3,112.45075758154339,10.604280153859731,4.05232441797165,6.729772772042164,-0.8,5.373,9.021,490.06,2.539,vittima non trovata entro 15 minuti
2369,100,4,70.9,30.2,70.5,1.45,1e-05,0.05,50,0.60,0.45,True,94.30000000000001,3,4,0.057040234026169756,0.23883097375794823,0.5755273286405804,1.0464534920768647,2.666,1.221,0.601,8.271,1.735,
2360,100,4,32.8,60.3,61.9,3.67,1e-06,0.1,120,0.60,0.58,True,100.7,3,4,0.04728236821463605,0.2174450924133172,1.5134755518727219,7.671964801720167,-4.498,8.166,1.519,2.616,1.836,
2372,100,4,48.0,49.0,61.5,1.29,1e-05,0.05,80,0.35,0.40,True,81.0,3,4,0.014481732382260097,0.1203400697284994,0.9980562253623808,1.9195874156175121,3.322,2.036,1.001,1.838,1.61,
2366,100,4,87.1,1.1,82.2,3.78,1e-05,0.05,50,center,center,True,112.80000000000001,3,4,0.4277283284689087,0.6540094253670269,0.8019903323287775,3.297325136524575,7.506,3.726,0.969,4.991,1.64,
2365,100,4,65.6,50.4,75.7,1.06,1e-05,0.05,25,0.60,0.58,True,112.4,3,4,0.019342974747299596,0.13907902339065945,0.6085015675662122,3.8135268530101345,-3.06,4.118,0.612,3.899,1.547,
2368,100,4,29.9,99.4,97.7,1.8,1e-05,0.05,50,0.45,0.55,True,98.30000000000001,3,4,7.085695830789163,2.6618970360983467,1.9424320436668758,1.9438191051044964,1.871,0.073,3.048,2.402,2.252,
2384,100,4,16.5,25.7,23.7,1.07,1e-05,0.1,25,0.60,0.45,True,37.9,3,3,1.7705448912195259,1.330618236467367,0.6948798580917563,1.5360129131489362,-0.476,1.549,1.32,3.296,1.842,
2380,100,4,17.6,23.4,22.3,3.27,1e-05,0.05,120,0.60,0.58,True,41.7,3,3,0.01137648798703764,0.10666062060122114,0.5998223729443911,2.9372598361358255,5.997,2.722,0.604,1.138,1.721,
2374,100,4,22.1,70.8,68.0,2.45,1e-05,0.05,80,0.60,0.45,True,77.4,3,4,0.003808934996347118,0.06171656986861079,2.0652615007389232,8.060776533496014,-6.522,8.968,2.065,1.096,1.792,
2371,100,4,37.6,88.2,89.4,3.52,1e-05,0.05,80,center,center,True,88.30000000000001,3,4,0.05359258441957243,0.2315007222873666,0.694576024261023,0.6948797943641074,3.022,0.499,0.708,3.213,2.063,
2189,100,4,86.4,30.2,85.3,1.02,1e-07,0.1,50,0.60,0.45,False,900.0,2,4,172.842122275704,13.146943457538105,21.27941185850526,21.331821781835245,6.392,5.373,21.919,393.898,2.827,vittima non trovata entro 15 minuti
2375,100,4,56.4,21.1,53.9,4.31,1e-05,0.05,80,0.60,0.58,True,90.30000000000001,3,3,0.04469267314701006,0.21140641699581889,2.515486032335767,10.160317318602857,-6.469,10.78,2.519,2.65,2.013,
2377,100,4,19.4,36.9,35.0,1.71,1e-05,0.05,120,0.35,0.40,True,58.7,3,4,1.3986510651680448,1.1826457902381613,0.7585277562575171,2.3208259214703486,-0.686,2.401,1.297,2.388,1.953,
2373,100,4,95.4,71.2,112.1,1.99,1e-05,0.05,80,0.45,0.55,True,138.20000000000002,3,3,0.0013032341341127425,0.03610033426594195,0.15065483064329854,0.8645013396937847,2.842,0.851,0.155,6.975,1.777,
2382,100,4,43.6,61.1,68.1,1.59,1e-05,0.1,25,0.35,0.40,True,95.10000000000001,3,4,0.6350478677929797,0.7968989068840412,0.5679776421409737,1.0651883652992542,2.538,0.947,0.971,5.224,2.34,
2388,100,4,66.5,4.4,61.5,1.92,1e-05,0.1,50,0.45,0.55,True,93.80000000000001,3,2,0.03690203026885084,0.19209901162903165,1.5692438522345888,4.32279632387929,-2.655,4.575,1.574,7.074,1.777,
2391,100,4,61.4,58.8,78.0,2.6,1e-05,0.1,80,center,center,True,74.4,3,4,0.006844083449045077,0.08272897587330014,0.8073732618375573,1.8729492541090194,4.794,2.19,0.81,6.308,1.663,
2389,100,4,29.0,44.4,46.1,2.34,1e-05,0.1,50,0.60,0.45,True,65.60000000000001,3,4,0.03994781513712573,0.1998694952640991,4.228759125544137,9.184121821203757,-8.526,10.869,4.229,3.273,2.095,
2386,100,4,29.3,91.5,89.9,3.04,1e-05,0.1,50,center,center,False,99.7,3,4,1.0081508731816686,1.0040671656725304,10.683690526725638,27.698645694094466,28.596,25.555,10.709,17.684,2.209,vittima non trovata entro 15 minuti
2376,100,4,64.3,82.0,97.2,4.63,1e-05,0.05,120,center,center,True,114.9,3,4,0.009309384802577113,0.09648515327539835,0.3058983319466614,0.788354824054274,5.477,0.849,0.318,5.3,1.668,
2385,100,4,71.4,2.5,66.5,4.09,1e-05,0.1,25,0.60,0.58,True,100.2,3,2,4.837728215280864,2.199483624690319,0.6316896879603418,0.6320925333462765,4.321,0.23,1.601,5.491,1.931,
2402,100,5,20.3,10.6,16.3,2.18,1e-07,0.05,25,0.35,0.40,True,18.7,3,5,0.012858187860640743,0.11339394984143,2.886830734730623,3.8980206940164064,5.96,3.783,2.888,2.577,1.996,
2394,100,4,22.7,89.2,86.0,3.27,1e-05,0.1,80,0.60,0.45,True,70.8,3,4,0.0035648979088157545,0.05970676602208291,0.2865839085506372,5.520230689439772,8.902,5.635,0.288,1.516,1.64,
2396,100,4,49.4,17.9,46.2,3.97,1e-05,0.1,120,center,center,True,78.2,3,2,0.0605862068715004,0.24614265553028472,1.9849865965254725,2.1045484929144553,5.995,2.029,1.985,6.68,2.544,
2209,100,4,71.9,94.0,111.3,1.59,1e-06,0.05,50,0.60,0.45,False,900.0,2,4,528.2033425404427,22.982674834327764,44.877060026962845,44.91586219418105,19.276,17.69,44.995,337.37,2.97,vittima non trovata entro 15 minuti
2398,100,4,62.7,43.2,69.2,2.23,1e-05,0.1,120,0.45,0.55,True,90.0,3,4,0.9009956655731645,0.9492079148285504,1.5402355967981498,5.9365675463066205,-4.153,6.385,1.634,4.713,1.651,
2393,100,4,68.3,82.9,100.4,1.01,1e-05,0.1,80,0.45,0.55,True,99.7,3,4,0.010998648186383362,0.10487444010045233,1.2778398937773254,3.324257089307626,4.275,3.262,1.279,6.31,1.798,
2378,100,4,92.3,46.6,96.7,2.65,1e-05,0.05,120,0.45,0.55,True,147.5,3,4,0.0021256529966261874,0.046104804485283174,2.709672372276098,2.7162066547866703,2.834,0.188,2.71,7.958,1.609,
2379,100,4,78.5,24.1,75.9,3.47,1e-05,0.05,120,0.60,0.45,True,155.70000000000002,3,4,0.08384314408113515,0.2895568063111885,1.0803486736260228,1.400185477823528,5.002,1.531,1.105,15.658,1.876,
2392,100,4,57.9,17.8,54.4,4.02,1e-05,0.1,80,0.35,0.40,True,98.60000000000001,3,2,0.28373817901050735,0.5326707979704794,1.2642123949259154,1.733067340502557,5.578,1.556,1.336,7.01,1.763,
2397,100,4,81.4,65.4,97.4,2.02,1e-05,0.1,120,0.35,0.40,True,113.7,3,4,0.011105490518161865,0.10538259115319695,0.31023123684620035,0.34655424926269496,2.07,0.048,0.321,5.898,1.779,
2404,100,5,32.1,9.1,27.4,1.81,1e-07,0.05,25,0.60,0.45,True,44.7,3,5,0.10004799243238056,0.3163036396129209,4.13168221372451,4.281225456784521,5.338,3.532,4.133,3.656,2.128,
2400,100,4,46.4,69.0,76.3,1.39,1e-05,0.1,120,0.60,0.58,True,94.60000000000001,3,4,0.02686829491750623,0.16391551152196132,1.6048525775103153,5.917519886023331,-5.006,6.4,1.605,0.479,1.764,
2244,100,4,70.4,59.6,85.2,2.25,1e-05,0.05,25,0.60,0.45,False,900.0,2,4,1210.7848906979061,34.796334443413805,20.827857464857203,25.702343535980965,28.224,25.969,31.54,271.631,2.936,vittima non trovata entro 15 minuti
2405,100,5,49.6,2.5,44.7,3.1,1e-07,0.05,25,0.60,0.58,False,72.60000000000001,3,5,224.09610925435288,14.969839987600164,10.50640219874078,17.27716652197042,18.008,14.911,13.095,13.665,6.946,vittima non trovata entro 15 minuti
2411,100,5,35.6,2.6,30.7,1.55,1e-07,0.05,80,center,center,True,55.7,3,5,0.052604556724081174,0.2293568327390339,1.9761002256741922,3.962285980573638,-3.157,4.712,1.986,2.136,2.084,
2275,100,4,87.1,53.7,95.5,4.83,1e-05,0.1,80,0.60,0.58,False,900.0,2,4,872.0100071915888,29.529815563114997,30.417980282954463,33.09446163887498,12.373,7.547,31.006,742.852,2.495,vittima non trovata entro 15 minuti
2407,100,5,35.3,29.8,39.1,4.48,1e-07,0.05,50,0.35,0.40,True,75.5,3,5,0.031165401659546198,0.17653725289452704,0.6903103032938795,3.712542868249045,0.706,3.776,0.708,0.917,2.33,
2415,100,5,37.3,0.1,32.7,4.62,1e-07,0.05,80,0.60,0.58,True,56.800000000000004,3,5,0.48116670464442735,0.6936618085525736,3.5756462049793214,6.833577795608778,9.741,5.123,3.618,4.447,3.138,
2401,100,5,1.5,55.6,50.8,3.93,1e-07,0.05,25,center,center,True,97.7,3,5,0.04532045599221414,0.21288601643183175,0.5107523714017134,0.5146060570522764,3.753,0.177,0.525,2.035,1.789,
2395,100,4,81.5,91.6,115.5,4.91,1e-05,0.1,80,0.60,0.58,True,195.20000000000002,3,4,0.010892892224806435,0.10436901946845355,1.0317044505552742,1.2097008989143836,5.537,0.632,1.034,42.053,1.663,
2410,100,5,61.2,13.8,56.9,1.56,1e-07,0.05,50,0.60,0.58,True,88.7,4,5,1.0202648456573218,1.0100816034644537,4.645719178123155,8.716155047952551,7.122,5.563,4.707,3.957,2.267,
2409,100,5,66.9,24.2,64.9,4.61,1e-07,0.05,50,0.60,0.45,True,106.0,3,5,0.1926829403434142,0.43895664973139914,1.6646673267966747,3.0048703945925515,7.441,2.832,1.667,2.528,1.987,
2416,100,5,31.1,42.0,45.3,3.13,1e-07,0.05,120,center,center,True,91.9,3,5,0.2981356603069859,0.5460180036473027,2.3314285805753747,3.3977790482720875,-0.979,4.11,2.333,4.032,2.25,
2419,100,5,4.2,44.4,39.4,3.67,1e-07,0.05,120,0.60,0.45,True,68.4,3,5,0.04126858940884741,0.2031467189221805,0.9442328480808478,1.0870573969144737,2.811,0.857,0.956,2.251,1.952,
2406,100,5,15.4,87.9,83.5,1.94,1e-07,0.05,50,center,center,True,110.10000000000001,3,5,0.02293312422253691,0.15143686546722007,1.7898255040727509,3.3452135451726015,5.79,3.853,1.791,2.035,2.01,
2230,100,4,72.1,35.6,73.8,3.23,1e-06,0.1,50,0.60,0.58,False,900.0,2,4,84.99953198278197,9.219519075460605,43.14591464974022,43.766274634684656,3.139,0.09,44.006,672.921,3.566,vittima non trovata entro 15 minuti
2421,100,5,35.8,12.0,31.6,2.87,1e-07,0.1,25,center,center,True,58.5,3,5,0.03764908965351266,0.1940337332875721,3.3028880880451466,3.316984394773583,0.356,2.512,3.304,4.458,2.059,
2408,100,5,79.3,24.0,76.7,3.59,1e-07,0.05,50,0.45,0.55,True,132.9,3,5,0.009222132467759523,0.09603193462468369,3.0020117920382474,11.383183434973265,-8.575,12.161,3.003,3.634,1.633,
2414,100,5,57.8,4.3,52.8,2.13,1e-07,0.05,80,0.60,0.45,True,97.0,3,5,0.00412550945187584,0.06423012884835154,0.865699189711296,0.9446182085210615,2.399,0.274,0.867,5.112,1.62,
2417,100,5,82.1,32.3,81.8,1.84,1e-07,0.05,120,0.35,0.40,True,122.30000000000001,3,5,0.11647182728361935,0.34127969069902087,2.4107879492841455,3.9821216704202604,5.622,3.786,2.415,2.244,1.989,
2418,100,5,43.7,55.5,63.6,2.92,1e-07,0.05,120,0.45,0.55,True,101.2,3,5,0.09141696554185355,0.3023523863670561,0.26581545395738254,1.138904754575551,3.92,1.0,0.391,0.605,1.823,
2412,100,5,69.7,84.4,102.4,1.4,1e-07,0.05,80,0.35,0.40,True,129.4,3,5,0.5131544004541394,0.7163479604592585,1.245754975218207,7.926804544203892,-6.841,8.246,1.378,2.01,1.736,
2420,100,5,28.6,39.8,42.0,2.97,1e-07,0.05,120,0.60,0.58,True,86.5,3,5,0.016244580153161728,0.12745422767865225,1.0385140309917322,6.671538739510336,-3.754,6.726,1.045,2.113,1.723,
2427,100,5,20.1,28.7,28.1,3.05,1e-07,0.1,50,0.35,0.40,True,51.6,3,5,0.20206952101121584,0.44952143554141644,0.8292909930022662,3.5126432890708483,-0.016,3.066,0.852,4.164,1.953,
2413,100,5,94.9,28.3,92.9,3.81,1e-07,0.05,80,0.45,0.55,True,174.8,3,5,3.4767596183949117,1.864607094911663,0.46721560043588267,1.3293154139232268,5.056,1.245,1.256,6.543,1.811,
2437,100,5,18.0,9.7,13.8,4.54,1e-07,0.1,120,0.35,0.40,True,17.5,3,5,0.025880028206835534,0.160872708085727,2.6258499358810408,2.7782791310033743,6.516,1.976,2.627,2.291,1.979,
2424,100,5,31.3,32.3,37.9,1.72,1e-07,0.1,25,0.60,0.45,True,76.5,4,5,0.1132394856182132,0.33651075111831596,2.0728507125889584,5.339118783739511,-3.316,5.039,2.091,4.751,2.369,
2428,100,5,28.5,20.7,28.2,3.6,1e-07,0.1,50,0.45,0.55,True,58.800000000000004,3,5,0.03702183603789838,0.192410592322508,1.4855208307432568,3.0707374664477416,0.462,3.142,1.489,2.935,1.681,
2426,100,5,19.3,43.8,41.4,3.81,1e-07,0.1,50,center,center,True,76.9,3,5,0.020708989374747445,0.1439061825452522,1.261992745789252,3.359980871474468,-0.102,3.916,1.263,4.506,1.978,
2430,100,5,0.5,42.1,37.3,1.56,1e-07,0.1,50,0.60,0.58,True,63.1,3,5,0.1400068402152698,0.37417487918788694,1.7159550162803987,1.7623227596666908,1.856,0.292,1.717,3.764,2.49,
2422,100,5,23.9,77.4,74.8,1.27,1e-07,0.1,25,0.35,0.40,True,119.30000000000001,3,5,1.7124333226472903,1.308599756475329,1.4072613189051275,4.891931382815662,-3.896,5.17,1.881,8.482,2.327,
2425,100,5,56.8,33.4,59.1,4.84,1e-07,0.1,25,0.60,0.58,True,106.0,3,5,16.182327255080104,4.022726346034503,1.9497427567007648,6.061349087256039,10.403,5.559,4.297,8.259,2.568,
2448,100,5,14.4,13.4,12.6,1.11,1e-06,0.05,50,0.45,0.55,True,4.800000000000001,3,3,0.015996160945102363,0.12647593029941454,1.7141102587400325,5.687777753985532,6.615,5.506,1.716,1.811,2.328,
2432,100,5,11.7,47.7,43.2,4.38,1e-07,0.1,80,0.35,0.40,True,80.10000000000001,3,5,0.7028957979378467,0.8383888107184201,0.6835041672074441,4.393832808864664,0.378,4.0,1.056,3.758,1.898,
2390,100,4,83.6,7.8,78.7,3.48,1e-05,0.1,50,0.60,0.58,True,411.5,3,4,17.29333366032946,4.158525418983207,7.275592369027461,8.808172658041434,9.217,5.741,7.643,63.932,2.628,
2431,100,5,33.7,74.5,75.2,3.18,1e-07,0.1,80,center,center,True,104.5,3,5,0.00884097716034052,0.09402647053006148,0.07245191270555414,0.8835597448201078,4.103,0.927,0.115,1.215,1.949,
2453,100,5,4.8,15.7,10.7,3.84,1e-06,0.05,80,0.45,0.55,True,3.7,3,3,1.249429487825765,1.1177788188303468,1.307777591562327,1.850966376186673,5.54,1.7,1.468,1.52,2.474,
2439,100,5,23.6,44.0,43.2,3.1,1e-07,0.1,120,0.60,0.45,True,76.60000000000001,3,5,0.029950470762201933,0.1730620431007387,0.7306975223248822,5.09297762914391,-2.449,5.547,0.742,2.281,1.945,
2305,100,4,73.1,13.8,68.7,4.75,1e-07,0.1,25,0.60,0.58,False,900.0,2,4,10.964154569688773,3.3112164788320277,6.708340632966688,12.917786511547943,18.005,13.255,6.741,405.277,4.038,vittima non trovata entro 15 minuti
2445,100,5,41.9,12.8,37.7,1.47,1e-06,0.05,25,0.60,0.58,True,60.0,3,4,0.028780152467286532,0.16964714105249912,2.659917996184084,5.460836302442026,6.407,4.938,2.661,2.005,2.036,
2434,100,5,31.5,44.6,47.6,3.99,1e-07,0.1,80,0.60,0.45,True,92.10000000000001,3,5,0.12170731184763489,0.34886575046518237,2.105684427497465,7.193579877844048,-3.431,7.425,2.134,3.942,2.265,
2433,100,5,80.0,25.5,77.8,4.94,1e-07,0.1,80,0.45,0.55,True,122.0,3,5,0.12754965798717122,0.35714094974837485,0.5077886956581982,0.5657170652349447,4.998,0.057,0.594,13.264,1.973,
2436,100,5,42.5,72.8,77.5,2.17,1e-07,0.1,120,center,center,True,103.80000000000001,3,5,0.036600682760181615,0.19131304911108812,0.3706133730481227,0.526089163664133,2.354,0.181,0.382,1.672,1.775,
2435,100,5,68.3,98.7,113.0,1.82,1e-07,0.1,80,0.60,0.58,True,123.2,3,5,0.0029162872361833216,0.05400265952879841,1.2133229306785447,1.981672895281638,3.388,1.567,1.213,3.261,1.819,
2456,100,5,5.9,22.5,17.5,4.96,1e-06,0.05,120,center,center,True,22.200000000000003,3,4,0.14259142841045302,0.3776128022332572,0.9824189212187552,1.2799370038700875,3.559,1.398,0.984,0.794,2.091,
2438,100,5,64.9,19.4,61.6,2.31,1e-07,0.1,120,0.45,0.55,True,103.0,3,5,0.10500578747548747,0.32404596506589534,0.2486054181259962,0.9435706069287682,1.316,0.997,0.37,6.532,1.996,
2443,100,5,76.1,62.0,91.1,4.37,1e-06,0.05,25,0.45,0.55,True,113.7,3,5,3.3153691044377585,1.820815505326599,1.0220969458993934,5.869114036556056,10.588,6.219,1.89,31.353,2.135,
2440,100,5,88.8,76.3,110.1,1.48,1e-07,0.1,120,0.60,0.58,True,134.6,3,5,0.00785701110068767,0.08863978283303536,0.7302533111649017,3.603295751353628,4.893,3.41,0.733,1.976,1.643,
2324,100,4,82.5,8.3,77.5,3.37,1e-06,0.05,25,0.60,0.45,False,900.0,2,4,249.92969707602956,15.809164970865146,15.718706428651837,16.53937114264402,24.813,21.442,17.19,431.488,3.081,vittima non trovata entro 15 minuti
2444,100,5,10.2,58.1,53.4,1.1,1e-06,0.05,25,0.60,0.45,True,100.80000000000001,3,5,0.004517486194392404,0.0672122473541274,3.5783827281670675,8.054942363370131,-7.864,8.959,3.579,6.598,1.917,
2447,100,5,65.9,22.7,63.4,3.21,1e-06,0.05,50,0.35,0.40,True,119.9,3,3,0.25042334297259694,0.5004231639049065,3.550819701386336,5.928057917350356,8.211,4.997,3.554,8.899,2.67,
2441,100,5,58.7,91.0,101.4,2.89,1e-06,0.05,25,center,center,True,134.5,3,5,0.017947575757546425,0.13396856257177064,0.1435582321274162,2.3830110418361667,5.266,2.379,0.16,10.08,1.784,
2301,100,4,83.8,84.7,112.1,4.16,1e-07,0.1,25,center,center,False,900.0,0,4,7.259213413603053,2.6942927483113364,29.13787566481653,29.14068064920025,2.205,1.952,29.219,616.524,3.034,vittima non trovata entro 15 minuti
2446,100,5,87.7,85.1,115.2,4.2,1e-06,0.05,50,center,center,True,130.3,3,5,0.011765763839347711,0.10847010574046524,0.6906010411974312,1.3772247895739198,5.79,1.588,0.691,2.653,1.571,
2455,100,5,45.7,14.8,41.9,1.45,1e-06,0.05,80,0.60,0.58,True,74.2,3,5,1.0216919031881138,1.0107877636715403,1.3639757321577037,2.7142806276838543,3.561,2.113,1.549,3.362,1.953,
2442,100,5,97.5,28.1,95.4,1.16,1e-06,0.05,25,0.35,0.40,True,174.0,3,5,6.527034261139323,2.5548061102829944,1.4538954317981125,1.8907819126916514,2.367,1.209,1.859,7.221,2.169,
2449,100,5,75.3,66.4,93.4,2.12,1e-06,0.05,50,0.60,0.45,True,118.9,3,5,0.012350315211774075,0.11113197205023438,0.4659259767957689,3.178784553880077,-0.807,2.922,0.472,7.621,1.618,
2459,100,5,34.5,45.8,50.4,1.35,1e-06,0.05,120,0.60,0.45,True,82.2,3,5,1.191972718935765,1.0917750312842682,1.889136029120783,5.183216566236051,-4.416,5.763,2.096,2.107,1.966,
2452,100,5,68.1,58.9,83.0,2.0,1e-06,0.05,80,0.35,0.40,True,119.9,3,5,0.009108179254224597,0.09543678145361251,2.121929370922524,3.971831209300556,5.924,3.928,2.122,1.085,1.877,
2451,100,5,51.9,78.7,87.4,3.76,1e-06,0.05,80,center,center,True,110.0,3,5,0.44956053070894175,0.6704927521673457,1.676350815658802,3.076840350887315,0.076,3.689,1.686,2.385,1.934,
2471,100,5,27.4,19.7,26.8,3.64,1e-06,0.1,80,center,center,True,48.300000000000004,3,5,0.16894248122688796,0.41102613204866667,0.2317102737103671,0.29289231230819196,3.895,0.251,0.395,3.205,2.368,
2345,100,4,97.8,19.4,93.9,3.62,1e-06,0.1,25,0.60,0.58,False,900.0,2,4,4.467675771591772,2.1136877185600933,3.16016020306804,8.22870651488398,11.219,7.598,3.268,136.014,2.819,vittima non trovata entro 15 minuti
2450,100,5,94.6,87.0,121.5,1.91,1e-06,0.05,50,0.60,0.58,True,146.9,3,5,3.387174846000854,1.840427897528413,0.6539765290804174,4.652395778095756,-2.697,4.606,1.797,4.584,2.115,
2458,100,5,45.8,84.8,89.6,1.85,1e-06,0.05,120,0.45,0.55,True,110.10000000000001,3,5,0.0046555546185772945,0.06823162476870454,0.4980776826558604,2.568887323303592,4.322,2.468,0.502,1.656,1.763,
2457,100,5,77.7,84.5,107.7,4.89,1e-06,0.05,120,0.35,0.40,True,132.4,3,5,0.15546583110745252,0.3942915559677287,0.9336685990095526,7.897084358258498,-3.237,8.127,0.951,2.126,1.766,
2469,100,5,63.0,0.9,58.1,3.65,1e-06,0.1,50,0.60,0.45,True,88.9,3,5,10.46554162105295,3.2350489364232113,3.0443196959550924,7.7667552919646745,10.88,7.231,4.421,5.77,3.076,
2467,100,5,5.4,59.2,54.2,4.79,1e-06,0.1,50,0.35,0.40,True,95.60000000000001,3,5,2.8495414465959996,1.6880584843529562,0.42661107229659695,2.3809017587649284,2.285,2.501,1.225,2.273,1.657,
2463,100,5,29.2,54.4,55.0,3.72,1e-06,0.1,25,0.45,0.55,True,117.0,3,5,0.06914209738458056,0.2629488493691892,1.8970942257279602,2.160549150640897,2.27,1.449,1.898,10.724,2.109,
2465,100,5,3.4,62.6,57.6,4.59,1e-06,0.1,25,0.60,0.58,True,101.60000000000001,3,5,0.6238597967703254,0.7898479580085812,0.6373181883711212,1.6745552258435814,6.05,1.456,0.928,0.906,1.901,
2464,100,5,66.7,53.4,78.5,1.47,1e-06,0.1,25,0.60,0.45,True,124.4,3,5,14.199483802894537,3.7682202434165837,0.2947755490940136,0.7966837526054332,0.813,0.657,3.504,23.202,2.362,
2468,100,5,32.7,58.0,59.8,4.83,1e-06,0.1,50,0.45,0.55,True,99.10000000000001,3,5,0.019401855232559377,0.1392905425093871,0.7937927057460014,0.8588318935048197,4.273,0.556,0.796,3.033,1.808,
2344,100,4,85.9,98.8,123.9,1.92,1e-06,0.1,25,0.60,0.45,False,900.0,0,4,386.39499032286767,19.656932373156998,24.07662209828801,24.929432464646407,8.385,6.465,26.894,600.024,3.139,vittima non trovata entro 15 minuti
2474,100,5,44.3,61.3,68.7,3.25,1e-06,0.1,80,0.60,0.45,True,96.9,3,5,0.08864838888404268,0.2977387930452508,3.7369673101715097,8.325128764709758,-6.29,9.537,3.74,2.555,2.35,
2472,100,5,41.1,83.5,86.4,1.99,1e-06,0.1,80,0.35,0.40,True,104.5,3,5,0.1565212226756525,0.39562763133488604,4.239786532890541,4.669902768767064,5.921,3.932,4.243,4.576,2.627,
2314,100,4,61.1,0.6,56.3,3.09,1e-07,0.1,80,0.60,0.45,False,900.0,0,4,0.048250517557910086,0.2196600044566832,1.0992510127127153,6.650075319168998,9.31,6.221,1.106,226.953,3.326,vittima non trovata entro 15 minuti
2466,100,5,76.8,96.0,115.9,2.86,1e-06,0.1,50,center,center,True,141.70000000000002,3,5,0.0123125995125996,0.11096215351460875,0.2883225678341218,6.766115856156609,-3.898,6.76,0.303,8.672,1.696,
2470,100,5,57.3,58.1,74.5,2.1,1e-06,0.1,50,0.60,0.58,True,133.9,3,5,0.1475264624630989,0.38409173704090394,1.554460771860359,2.3085312632265547,-0.283,2.38,1.569,18.009,1.764,
2354,100,4,20.3,92.8,89.1,1.64,1e-06,0.1,80,0.60,0.45,False,900.0,0,4,257.48716814786354,16.046406705174324,17.14533455139291,17.277839873173733,15.432,13.796,17.65,391.266,3.368,vittima non trovata entro 15 minuti
2480,100,5,28.3,31.3,35.1,3.64,1e-06,0.1,120,0.60,0.58,True,73.7,3,5,0.06632398987331052,0.25753444405226755,0.6478911883197984,5.946872097857668,-2.231,5.871,0.679,3.899,1.642,
2462,100,5,94.8,41.5,96.9,2.73,1e-06,0.1,25,0.35,0.40,True,194.10000000000002,3,5,49.137263279338825,7.009797663223869,2.777572954440778,2.998608345827287,1.6,1.13,3.969,4.606,1.921,
2481,100,5,68.7,30.7,68.7,4.73,1e-05,0.05,25,center,center,True,93.7,3,3,0.7969821812488551,0.8927385850565971,0.6833905918554507,0.894000828743364,4.887,0.154,0.791,8.174,1.947,
2475,100,5,49.9,84.3,91.1,1.89,1e-06,0.1,80,0.60,0.58,True,109.60000000000001,3,5,0.04236148355438807,0.20581905537240244,1.1799191170645889,3.823778673157341,-2.029,3.92,1.195,3.287,1.744,
2476,100,5,52.6,74.5,84.3,2.64,1e-06,0.1,120,center,center,True,107.10000000000001,3,5,0.7347062440899519,0.8571500709268779,0.5643544132018194,1.4362260552417243,1.673,0.972,1.016,1.86,1.674,
2498,100,5,8.9,14.1,9.9,2.68,1e-05,0.05,120,0.45,0.55,True,0.9,3,2,0.1162435111606631,0.34094502659617004,4.453240059208442,5.007010991374344,3.895,1.211,4.454,4.428,2.741,
2477,100,5,74.1,51.9,83.5,3.45,1e-06,0.1,120,0.35,0.40,True,116.10000000000001,3,5,0.10464271244684165,0.3234852584691328,1.2037138985881426,1.4652510970687902,4.557,1.107,1.211,1.811,1.957,
2486,100,5,72.7,29.3,71.9,1.53,1e-05,0.05,50,center,center,True,81.30000000000001,3,5,0.003799995184675691,0.06164410097223976,0.5806596068446604,3.131521452509609,4.793,3.263,0.582,3.297,1.58,
2503,100,5,2.7,0.7,4.9,3.83,1e-05,0.1,25,0.45,0.55,True,0.2,3,2,0.06262785663434633,0.25025558262373754,2.547506026214537,2.5577736678354275,4.286,0.454,2.553,2.537,3.059,
2473,100,5,88.1,76.0,109.3,3.1,1e-06,0.1,80,0.45,0.55,True,133.9,3,5,0.7282522279382426,0.8533769553592613,1.7488416080952585,7.151465155839147,-4.745,7.847,1.761,2.444,1.722,
2483,100,5,68.1,88.9,105.0,1.79,1e-05,0.05,25,0.45,0.55,True,98.80000000000001,3,5,0.1209750048439612,0.34781461275219766,2.6806502914147807,5.9567269887147685,7.218,5.424,2.682,2.292,2.38,
2489,100,5,42.6,1.5,37.8,4.41,1e-05,0.05,50,0.60,0.45,True,47.5,3,3,0.5324921630035262,0.7297206061250608,4.009885014560969,7.184884631904303,9.535,5.127,4.067,5.751,3.723,
2482,100,5,66.3,60.4,82.6,2.49,1e-05,0.05,25,0.35,0.40,True,114.5,3,5,0.029303638344971496,0.1711830550754703,0.5190175097606635,0.5216088955380145,2.411,0.083,0.53,0.774,1.633,
2508,100,5,10.9,10.9,8.4,1.92,1e-05,0.1,50,0.45,0.55,True,0.30000000000000004,3,2,0.38333754966927786,0.6191425923559757,6.260865581840049,7.647123958436195,4.67,2.754,6.262,6.233,3.701,
2478,100,5,85.0,9.0,80.1,2.98,1e-06,0.1,120,0.45,0.55,True,115.30000000000001,3,5,0.04037049030164526,0.20092409089416147,3.455968775010218,10.506512305388604,-8.227,11.203,3.457,4.817,2.718,
2506,100,5,3.7,25.1,20.1,2.46,1e-05,0.1,50,center,center,True,34.6,3,3,0.23272447071741673,0.48241524718588313,1.5171187225735974,1.9010435693918726,4.63,2.168,1.521,3.83,2.897,
2485,100,5,85.1,54.2,94.0,4.68,1e-05,0.05,25,0.60,0.58,True,123.9,3,5,3.2551455534006433,1.8042021930483965,1.7572630052986788,3.289774915760788,7.894,3.219,2.313,5.538,2.267,
2484,100,5,84.3,28.7,82.8,3.81,1e-05,0.05,25,0.60,0.45,True,131.4,3,5,2.889789983479384,1.6999382293128724,0.7449121788064043,2.1115414784305155,1.401,2.412,1.841,2.602,1.89,
2381,100,4,90.9,22.8,87.8,3.58,1e-05,0.1,25,center,center,False,900.0,0,3,3143.9166489495233,56.0706398122005,44.20962873029932,44.51607574938765,34.352,30.77,69.481,406.044,4.448,vittima non trovata entro 15 minuti
2497,100,5,0.1,50.0,45.3,2.99,1e-05,0.05,120,0.35,0.40,True,69.9,3,3,0.007608267152315039,0.0872253813537954,3.2102964531425737,9.776720981757247,-7.805,10.79,3.211,4.488,2.336,
2488,100,5,61.2,67.0,83.7,1.16,1e-05,0.05,50,0.45,0.55,True,106.60000000000001,3,5,0.005093919294783927,0.07137169813577317,0.5931036931735456,1.155207167815022,-0.08,1.241,0.597,3.014,1.574,
2495,100,5,46.4,26.7,46.8,1.22,1e-05,0.05,80,0.60,0.58,True,72.0,3,5,0.13814384575441652,0.3716770718707525,0.517316538603227,1.8366935668128954,-0.598,1.813,0.611,2.498,1.686,
2499,100,5,45.1,23.8,44.3,1.26,1e-05,0.05,120,0.60,0.45,True,70.9,3,3,0.23775718212390717,0.487603509138221,4.491180313045745,8.351702657865546,-8.565,9.822,4.491,4.743,2.484,
2479,100,5,80.6,92.7,115.8,2.11,1e-06,0.1,120,0.60,0.45,True,146.5,3,5,0.009077327692692634,0.09527501085118088,0.5714596050750324,0.6732843646560923,2.463,0.356,0.575,4.34,1.714,
2487,100,5,84.9,66.6,100.9,4.21,1e-05,0.05,50,0.35,0.40,True,119.10000000000001,3,5,0.057543344813939315,0.2398819393242003,0.7286565551256412,0.8073386198126787,3.678,0.537,0.738,2.03,2.004,
2500,100,5,31.6,77.5,77.2,4.4,1e-05,0.05,120,0.60,0.58,True,74.60000000000001,3,5,0.28506069627656944,0.5339107568466563,0.9788393979498663,6.365791872013887,-2.176,6.574,1.081,1.572,1.712,
2492,100,5,79.0,60.9,92.8,3.76,1e-05,0.05,80,0.35,0.40,True,106.4,3,5,0.015798484259326555,0.12569202146248803,0.7938208162444892,1.2007180750058069,4.938,1.179,0.797,1.332,1.779,
2510,100,5,41.2,9.0,36.4,3.04,1e-05,0.1,50,0.60,0.58,True,49.6,3,3,0.4974266463640772,0.7052847980525861,6.216694097628865,11.839011878163802,11.457,8.419,6.243,9.894,3.198,
2493,100,5,23.3,73.4,70.8,3.39,1e-05,0.05,80,0.45,0.55,True,79.10000000000001,3,5,0.013935986208392915,0.11805077809312785,1.844023805451955,2.641593188946457,1.072,2.317,1.845,3.724,1.811,
2399,100,4,97.9,4.3,92.9,2.29,1e-05,0.1,120,0.60,0.45,False,900.0,2,2,25.138839434363053,5.013864720389158,178.78367002529566,178.80922981569012,5.317,3.023,178.853,445.765,2.84,vittima non trovata entro 15 minuti
2387,100,4,1.2,91.5,86.6,2.78,1e-05,0.1,50,0.35,0.40,False,900.0,0,3,2008.470969810297,44.81596779954994,62.90438454308769,62.909807000922164,3.384,0.609,63.984,485.813,3.381,vittima non trovata entro 15 minuti
2496,100,5,64.9,36.9,67.9,1.7,1e-05,0.05,120,center,center,True,102.80000000000001,3,5,3.264843029332452,1.806887663728006,1.707645954387796,4.105375896259588,-3.157,4.862,2.197,2.312,1.651,
2504,100,5,39.9,39.0,48.7,4.92,1e-05,0.1,25,0.60,0.45,True,76.5,3,5,8.265523520434725,2.8749823513257824,1.6671781563014008,2.7826815599617793,2.188,2.733,3.054,12.133,2.771,
2516,100,5,27.3,12.3,23.5,3.32,1e-05,0.1,120,center,center,True,34.4,3,4,0.5524407696343219,0.7432635936424721,0.5501107239334447,0.5862642887017318,3.466,0.147,0.746,2.922,2.037,
2502,100,5,52.6,52.2,67.0,2.86,1e-05,0.1,25,0.35,0.40,True,98.60000000000001,3,5,9.859265275625186,3.1399466994879366,0.3883793002104781,4.349706390217169,7.213,4.35,2.982,9.887,2.264,
2494,100,5,66.1,16.6,62.2,3.6,1e-05,0.05,80,0.60,0.45,True,123.5,3,3,26.979703431200612,5.19419901728848,4.606815249233196,7.290689646406851,-2.004,5.601,6.673,11.88,2.761,
2490,100,5,87.9,97.2,124.0,1.95,1e-05,0.05,50,0.60,0.58,True,108.7,3,5,0.029667174587191238,0.17224161688509323,5.462531060111507,5.507872804242,1.245,0.705,5.464,6.451,2.39,
2514,100,5,23.0,28.7,29.7,2.46,1e-05,0.1,80,0.60,0.45,True,42.0,3,5,1.8672482854961245,1.3664729362472294,2.887591200961357,8.838037059176406,-7.238,9.699,2.986,5.405,1.956,
2507,100,5,37.7,74.6,76.9,3.7,1e-05,0.1,50,0.35,0.40,True,86.60000000000001,3,5,0.015549618409714428,0.12469810908636277,0.38372501159821315,4.012299040500035,-0.14,3.841,0.398,1.255,1.611,
2515,100,5,34.8,5.3,29.8,4.54,1e-05,0.1,80,0.60,0.58,True,46.300000000000004,3,4,0.1517813601202838,0.3895912731572459,3.8819861857059563,5.624542742385414,7.555,3.014,3.888,5.492,2.576,
2501,100,5,75.6,36.2,77.2,3.79,1e-05,0.1,25,center,center,True,110.2,3,5,3.08805197927205,1.7572854006313403,1.962199589479512,5.436902954693014,-2.658,6.446,2.131,8.749,1.724,
2517,100,5,17.7,51.0,47.7,4.74,1e-05,0.1,120,0.35,0.40,True,58.7,3,5,0.040776041842343264,0.20193078478118007,1.2136194976970425,8.348241666247217,-4.068,8.81,1.216,2.713,1.71,
2534,100,5,11.6,20.5,16.9,4.62,1e-07,0.05,80,0.60,0.45,True,18.6,3,5,7.4398808366098415,2.7276144956004766,3.2866795968685447,7.659288293327775,-4.305,8.927,3.414,3.938,1.851,
2512,100,5,51.3,47.9,63.1,4.48,1e-05,0.1,80,0.35,0.40,True,84.0,3,5,0.017063405380279645,0.13062697034027715,0.9586258921098957,1.1351465253804363,5.371,0.891,0.965,2.225,1.717,
2513,100,5,47.7,63.7,72.6,1.05,1e-05,0.1,80,0.45,0.55,True,89.5,3,5,0.010479091262332856,0.10236743262548327,1.081334619898008,2.646044079787332,3.825,2.777,1.082,0.872,1.884,
2519,100,5,61.5,37.1,65.0,4.03,1e-05,0.1,120,0.60,0.45,True,90.80000000000001,3,4,1.9346056086121008,1.3909010060432414,0.6322497111780032,0.6940221768004242,3.678,0.353,1.324,3.187,1.683,
2491,100,5,91.6,16.9,87.4,2.03,1e-05,0.05,80,center,center,True,167.0,3,5,0.031111624322205912,0.17638487554834714,0.7993116243733673,0.888345930997765,1.639,0.388,0.803,2.282,1.683,
2520,100,5,46.2,94.6,98.6,4.01,1e-05,0.1,120,0.60,0.58,True,94.10000000000001,3,5,0.1642480389214453,0.4052752631501771,3.1547865653530365,4.044566431527081,6.545,2.531,3.156,2.984,2.736,
2521,100,5,77.3,6.5,72.3,3.43,1e-07,0.05,25,center,center,True,115.4,3,5,0.3895666995106273,0.6241527853904261,1.2366710669766672,7.770287979514795,11.795,8.369,1.327,3.675,2.204,
2511,100,5,97.0,91.4,126.2,4.95,1e-05,0.1,80,center,center,True,125.30000000000001,3,4,0.042019420973414504,0.20498639216644238,1.9271320807286647,1.9755614841417002,5.386,0.435,1.928,7.412,2.019,
2531,100,5,25.4,26.8,29.9,3.95,1e-07,0.05,80,center,center,True,62.900000000000006,3,5,2.8485089539357897,1.6877526341071993,2.441396531179673,4.280096681260515,-1.318,5.27,2.601,3.558,2.262,
2518,100,5,94.6,39.4,95.9,2.44,1e-05,0.1,120,0.45,0.55,True,137.8,3,4,0.21491880186459483,0.4635933583050935,1.2968309569933376,1.3354698573874626,2.763,0.319,1.339,5.333,1.522,
2526,100,5,62.4,51.4,73.8,2.53,1e-07,0.05,50,center,center,True,103.9,3,5,0.014439004555068592,0.12016240907650193,0.488614414059858,1.1382067461920717,1.345,1.185,0.496,1.583,1.826,
2524,100,5,45.1,83.8,88.4,2.2,1e-07,0.05,25,0.60,0.45,True,112.10000000000001,3,5,0.006592239706523992,0.08119260869391987,1.5122806701648426,5.814073624497585,8.311,6.107,1.514,6.189,1.723,
2530,100,5,6.4,71.3,66.3,3.09,1e-07,0.05,50,0.60,0.58,True,104.4,3,5,0.39217051673093817,0.6262351928237011,1.2648044069182032,3.9219682143093637,-1.059,4.154,1.267,1.163,1.783,
2528,100,5,29.5,46.1,47.8,4.97,1e-07,0.05,50,0.45,0.55,True,92.9,3,5,0.054521834829770625,0.23349911098282713,1.7337363845239884,2.1258611425605345,3.236,1.733,1.739,1.811,2.252,
2535,100,5,73.7,63.9,90.5,2.42,1e-07,0.05,80,0.60,0.58,True,119.5,3,5,0.017940907456811622,0.13394367270166824,1.0133333206764221,4.957378159074162,-2.619,5.042,1.015,1.154,1.664,
2533,100,5,89.1,92.4,121.3,4.98,1e-07,0.05,80,0.45,0.55,True,137.70000000000002,3,5,0.04400383299378926,0.20977090597551715,0.5259279435662845,0.776637061161501,5.552,0.571,0.558,0.622,2.096,
2525,100,5,61.4,39.5,66.2,4.13,1e-07,0.05,25,0.60,0.58,True,123.5,3,5,0.6549730780127997,0.8093040701817826,1.0584070944843158,4.0812948262491435,-0.19,4.318,1.197,6.382,1.902,
2539,100,5,62.2,12.4,57.6,4.14,1e-07,0.05,120,0.60,0.45,True,101.10000000000001,3,5,0.06620058097456023,0.2572947356137708,0.7548211321725385,1.3470267392244963,3.496,0.639,0.784,4.944,1.819,
2532,100,5,1.7,69.4,64.5,4.15,1e-07,0.05,80,0.35,0.40,True,112.9,3,5,0.024099399167668657,0.15523981179990093,1.8281844698731804,8.33653728849572,-5.053,9.204,1.831,2.31,1.768,
2538,100,5,57.6,56.7,73.7,1.28,1e-07,0.05,120,0.45,0.55,True,104.80000000000001,3,5,0.007945671319177512,0.08913849515881178,1.2625161284334419,4.717728337495226,5.945,4.67,1.265,0.673,1.955,
2542,100,5,25.0,88.0,85.4,3.02,1e-07,0.1,25,0.35,0.40,True,104.80000000000001,3,5,0.24761087127358855,0.4976051358995288,0.24109866072610706,2.473109424279011,0.461,2.557,0.469,5.526,1.733,
2529,100,5,94.6,89.6,123.2,4.55,1e-07,0.05,50,0.60,0.45,True,149.3,3,5,0.016189902508985093,0.1272395477396281,1.172369287174387,1.3007368511591746,5.117,0.563,1.177,6.969,2.018,
2537,100,5,76.3,28.7,75.1,3.44,1e-07,0.05,120,0.35,0.40,True,134.0,3,5,0.003354788518538896,0.05792053624181061,1.5160538950461966,2.98397625654293,6.284,2.846,1.517,0.818,1.684,
2536,100,5,88.3,94.2,122.0,1.52,1e-07,0.05,120,center,center,True,131.5,3,5,0.009342895448137102,0.09665865428474112,0.6529913757578166,1.5290953280664523,2.903,1.383,0.655,0.22,1.631,
2547,100,5,35.2,20.1,33.7,2.07,1e-07,0.1,50,0.35,0.40,True,62.300000000000004,3,5,0.024204919582530283,0.1555793031946418,0.777586647279635,1.0306210934038476,3.006,0.937,0.79,3.573,2.333,
2553,100,5,18.2,24.1,23.2,3.29,1e-07,0.1,80,0.45,0.55,True,41.900000000000006,3,5,0.09371343109691294,0.3061264952546789,1.6894336572585893,3.6957518673138474,-0.544,3.831,1.696,3.422,1.949,
2545,100,5,94.7,92.4,125.3,3.33,1e-07,0.1,25,0.60,0.58,True,121.30000000000001,3,5,0.06713323910656906,0.25910082807001805,1.3937201374790702,1.4497702525193714,3.731,0.399,1.398,15.986,2.697,
2522,100,5,97.6,9.7,92.7,4.13,1e-07,0.05,25,0.35,0.40,True,211.20000000000002,3,5,7.95010194201199,2.819592513469276,3.2885901599084697,5.632716499715238,8.707,4.573,4.048,19.701,2.316,
2548,100,5,38.0,28.5,40.5,3.14,1e-07,0.1,50,0.45,0.55,True,75.8,3,5,0.17441383804154384,0.4176288280776889,0.5917935451212762,0.7495821825955541,2.485,0.658,0.611,3.208,2.238,
2543,100,5,62.4,96.9,108.4,4.89,1e-07,0.1,25,0.45,0.55,True,131.5,3,5,0.008009523041730464,0.08949593868847046,0.8246046237172914,1.2643171269276334,3.932,0.958,0.826,4.37,1.594,
2549,100,5,85.7,65.5,100.8,4.42,1e-07,0.1,50,0.60,0.45,True,123.2,3,5,0.004013469618381551,0.06335195039129854,0.6813366145984475,0.9100272259902065,5.395,0.975,0.683,16.808,1.778,
2550,100,5,11.4,76.8,72.1,2.75,1e-07,0.1,50,0.60,0.58,True,105.9,3,5,0.021573586596597204,0.14687949685574636,3.0350906833268625,10.344852826913632,-8.156,10.906,3.035,0.842,1.906,
2562,100,5,40.5,4.4,35.5,4.17,1e-06,0.05,25,0.35,0.40,True,58.800000000000004,3,4,0.09430401177181984,0.3070895826494605,5.932554618187689,7.403881551186701,10.262,6.09,5.933,7.104,2.715,
2559,100,5,46.8,81.6,87.3,4.94,1e-07,0.1,120,0.60,0.45,True,99.9,3,5,0.0064333895974108424,0.08020841350762925,0.7298536270330739,1.4463006481463865,6.462,1.523,0.732,3.228,1.635,
2555,100,5,87.3,53.1,95.3,2.11,1e-07,0.1,80,0.60,0.58,True,132.20000000000002,3,5,6.294882942485063,2.5089605302764455,0.39710647489112993,3.0106943754111355,4.99,2.875,1.978,5.897,1.754,
2565,100,5,23.3,30.5,31.4,2.99,1e-06,0.05,25,0.60,0.58,True,62.2,3,5,0.02391776621981138,0.15465369772433954,0.8143987957438759,5.764197220327227,-2.675,5.663,0.82,3.613,1.96,
2556,100,5,53.3,66.2,78.0,2.26,1e-07,0.1,120,center,center,True,107.9,3,5,0.020816605313067334,0.14427960809853668,0.7753249802472137,2.3255862752890053,4.865,2.601,0.779,1.209,1.818,
2552,100,5,60.0,96.7,106.9,3.63,1e-07,0.1,80,0.35,0.40,True,126.5,3,5,0.5473747169447938,0.739847766060555,1.206272680277257,1.9382361235060568,5.144,1.517,1.251,1.449,1.985,
2563,100,5,39.5,8.4,34.6,3.67,1e-06,0.05,25,0.45,0.55,True,58.300000000000004,3,4,0.35024023237193885,0.5918109768937535,4.54098619753815,7.053660894862498,7.654,3.982,4.544,4.034,2.384,
2558,100,5,46.4,77.1,83.1,2.81,1e-07,0.1,120,0.45,0.55,True,108.10000000000001,3,5,0.018566455472931856,0.1362587812690685,0.661398801789796,2.239004525228429,4.876,2.061,0.67,1.036,1.779,
2546,100,5,9.3,95.9,91.0,3.96,1e-07,0.1,50,center,center,False,145.6,3,5,1.473755731525445,1.2139834148477668,10.944487871959868,17.12523610604423,17.133,13.172,10.95,14.047,2.034,vittima non trovata entro 15 minuti
2551,100,5,82.8,1.9,77.9,2.56,1e-07,0.1,80,center,center,True,113.10000000000001,3,5,0.044643934970892155,0.2112911142733933,2.9557700933896687,8.339900985186251,-7.193,9.758,2.958,6.147,1.785,
2568,100,5,22.5,25.0,26.6,1.61,1e-06,0.05,50,0.45,0.55,True,50.0,3,5,0.0047126411405933434,0.06864867908848168,1.9802484910076026,3.993795683323385,-2.552,4.159,1.98,2.807,1.906,
2572,100,5,16.7,17.1,16.8,3.88,1e-06,0.05,80,0.35,0.40,True,22.5,3,5,0.020685221166952546,0.14382357653372602,0.7056134746397343,0.7089948851496435,4.108,0.228,0.717,0.877,1.75,
2557,100,5,95.3,48.5,100.2,4.79,1e-07,0.1,120,0.35,0.40,True,158.5,3,5,0.008856346730760918,0.09410816505894118,0.6365334632948935,1.1817833886913736,5.789,0.996,0.639,5.004,1.62,
2560,100,5,91.3,99.9,128.3,1.19,1e-07,0.1,120,0.60,0.58,True,130.9,3,5,0.04341058801044368,0.20835207704854702,5.715566534661074,5.7248323183406615,0.861,0.326,5.718,7.298,2.698,
2554,100,5,96.7,7.1,91.7,1.52,1e-07,0.1,80,0.60,0.45,True,174.0,3,5,0.02234819507578684,0.1494931271857902,0.3545674179438946,0.9190546967921777,2.364,0.848,0.357,7.227,1.646,
2569,100,5,54.8,0.4,50.0,3.11,1e-06,0.05,50,0.60,0.45,True,73.2,3,5,1.3809584387994631,1.1751418802848714,0.909614082996799,3.5888171682888084,6.703,3.591,1.131,1.842,2.412,
2576,100,5,43.7,8.1,38.8,3.3,1e-06,0.05,120,center,center,True,59.800000000000004,3,4,0.26742262458709987,0.5171292145944762,4.090285925688101,10.736477952845135,10.604,7.308,4.096,5.218,2.318,
2564,100,5,77.1,6.8,72.1,1.74,1e-06,0.05,25,0.60,0.45,True,115.5,3,5,7.717319758519159,2.7780064360111116,1.4303946949470028,1.9798419737534,3.33,1.589,3.061,6.118,2.62,
2566,100,5,70.8,48.8,79.1,1.22,1e-06,0.05,50,center,center,True,121.7,3,5,0.3521013928007435,0.5933813215806034,0.7634950543078496,0.8222391740532647,0.38,0.835,0.767,7.51,1.788,
2567,100,5,98.8,94.9,129.9,4.13,1e-06,0.05,50,0.35,0.40,True,138.6,3,5,0.09092557193961433,0.3015386740363735,3.8273408173120966,5.686867211801215,8.34,4.206,3.828,5.033,2.309,
2561,100,5,64.7,90.3,104.1,1.09,1e-06,0.05,25,center,center,True,166.20000000000002,3,5,2.1578013055041145,1.468945644162545,1.0626197507986332,1.0727122650617593,0.945,0.147,1.44,19.246,2.123,
2590,100,5,1.8,2.7,4.0,3.42,1e-06,0.1,50,0.60,0.58,True,0.2,3,3,0.04119933165441551,0.20297618494398673,3.1191788471425412,3.200712333886233,4.196,0.776,3.12,3.106,2.696,
2570,100,5,53.7,6.9,48.7,1.73,1e-06,0.05,50,0.60,0.58,True,88.10000000000001,4,5,1.6177835211550424,1.2719211929813272,1.8166782817284255,5.521586218866721,6.028,4.295,1.872,8.729,2.321,
2571,100,5,24.7,60.9,59.3,4.62,1e-06,0.05,80,center,center,True,98.5,3,5,0.054691558029682966,0.23386226294484316,0.885305891480327,1.0758267909672428,4.685,0.067,0.908,0.39,1.908,
2580,100,5,54.3,49.7,66.5,1.45,1e-06,0.05,120,0.60,0.58,True,101.9,3,5,0.053211226974361495,0.23067558816303363,0.6511627177942618,1.3123742367144013,0.213,1.234,0.681,0.364,1.699,
2579,100,5,58.6,65.1,80.5,3.38,1e-06,0.05,120,0.60,0.45,True,102.9,3,5,10.045999895416053,3.1695425372466692,1.0016579821775098,2.266255274434258,4.818,1.435,2.686,2.961,1.76,
2575,100,5,92.1,94.6,124.9,4.72,1e-06,0.05,80,0.60,0.58,True,132.70000000000002,3,5,0.02289356963859291,0.15130621150036408,1.1041920018804083,1.8224103031551595,6.172,1.45,1.11,3.73,2.084,
2573,100,5,73.6,65.1,91.2,3.57,1e-06,0.05,80,0.45,0.55,True,123.4,3,5,0.006382855601190816,0.07989277565081097,1.4119058416736063,2.838665863469172,6.406,2.831,1.412,0.997,1.808,
2460,100,5,93.8,83.4,118.5,3.41,1e-06,0.05,120,0.60,0.58,False,900.0,1,5,123.31011458432788,11.104508750247707,7.3691419255317,7.556657110373791,5.084,1.673,9.882,234.26,2.457,vittima non trovata entro 15 minuti
2574,100,5,81.3,77.1,105.0,3.85,1e-06,0.05,80,0.60,0.45,True,135.4,3,5,0.012517935412263006,0.11188357972581592,0.8614256195620735,0.881907387361796,4.335,0.487,0.868,3.716,1.599,
2578,100,5,61.5,93.3,104.8,2.7,1e-06,0.05,120,0.45,0.55,True,128.0,3,5,0.010132833493950215,0.10066197640594096,0.6555594424458809,3.120687544820236,5.746,3.051,0.657,1.514,1.525,
2577,100,5,91.0,59.0,101.6,1.16,1e-06,0.05,120,0.35,0.40,True,134.0,3,5,0.007188087180695491,0.08478258772115588,1.24524961792129,2.6525852525242435,3.5,2.342,1.247,5.241,1.592,
2423,100,5,63.4,94.0,106.4,1.96,1e-07,0.1,25,0.45,0.55,False,900.0,0,5,18.537296482870474,4.305496078603541,2.633093700337702,9.843725691826315,11.446,9.485,4.956,576.407,3.43,vittima non trovata entro 15 minuti
2587,100,5,47.5,59.5,69.1,4.77,1e-06,0.1,50,0.35,0.40,True,101.9,3,5,0.05260991813091237,0.22936852035733318,2.1217559326716797,2.8642451725959455,7.425,2.66,2.129,2.438,1.853,
2585,100,5,75.7,18.2,71.9,3.61,1e-06,0.1,25,0.60,0.58,True,104.7,3,5,10.602843230998658,3.2562007356731955,1.9766656572490862,6.311812069944997,8.962,5.355,3.655,5.06,2.322,
2582,100,5,92.2,78.2,113.9,1.63,1e-06,0.1,25,0.35,0.40,True,123.80000000000001,3,5,0.00743126138009054,0.08620476425401638,0.37958509669133306,2.60051993171965,4.207,2.573,0.386,13.92,1.537,
2589,100,5,41.1,64.7,69.8,2.11,1e-06,0.1,50,0.60,0.45,True,97.30000000000001,3,5,0.052301786341779816,0.22869583805084825,2.4863498563332636,6.211606162787114,-5.102,7.207,2.49,0.866,2.146,
2588,100,5,4.8,54.8,49.8,1.65,1e-06,0.1,50,0.45,0.55,True,92.2,3,5,0.040703926795670545,0.20175214198533442,0.16421314403760912,0.2289626339635384,1.441,0.204,0.248,1.66,1.68,
2591,100,5,76.1,9.5,71.3,4.72,1e-06,0.1,80,center,center,True,105.80000000000001,3,5,3.9891679176278227,1.9972901435764967,4.1456149986170505,9.515188627918647,-6.676,11.395,4.462,6.533,2.025,
2583,100,5,72.7,61.7,88.3,2.54,1e-06,0.1,25,0.45,0.55,True,140.4,3,5,7.818742730554633,2.7962014824677124,3.5907901901823105,7.663654473541209,10.985,8.448,3.979,20.039,2.457,
2454,100,5,99.1,61.7,109.8,1.44,1e-06,0.05,80,0.60,0.45,False,900.0,2,5,17.70258675518078,4.2074442070193605,2.838144995978756,2.9478483664957356,0.644,0.797,4.233,156.232,2.484,vittima non trovata entro 15 minuti
2601,100,5,23.1,25.9,27.7,3.27,1e-05,0.05,25,center,center,True,38.5,3,4,0.008470953376838626,0.09203778233333648,0.9450046006486164,1.3255512008519015,1.783,1.492,0.947,1.403,1.823,
2592,100,5,3.1,67.1,62.1,4.94,1e-06,0.1,80,0.35,0.40,True,97.80000000000001,3,5,0.03058266494016581,0.17487900085535085,1.5095937996033182,8.95926065613859,-4.769,9.71,1.519,0.707,2.067,
2403,100,5,86.3,94.7,121.0,3.96,1e-07,0.05,25,0.45,0.55,False,900.0,0,5,68.90121333426369,8.30067547457818,6.575520687408126,14.29238296052596,16.653,12.69,10.163,162.811,6.293,vittima non trovata entro 15 minuti
2595,100,5,0.7,44.4,39.6,3.19,1e-06,0.1,80,0.60,0.58,True,82.2,3,5,0.5653869725189958,0.7519221851488329,1.231935612115526,2.13302599641777,4.797,1.605,1.252,2.422,1.829,
2593,100,5,63.6,46.1,71.6,4.58,1e-06,0.1,80,0.45,0.55,True,112.0,3,5,0.013178317470489139,0.11479685305133211,0.5553744517470313,0.6484351763357469,4.679,0.098,0.56,2.268,1.729,
2603,100,5,11.1,32.5,28.1,2.07,1e-05,0.05,25,0.45,0.55,True,55.900000000000006,3,3,0.005313837538078585,0.07289607354363187,1.055228749914245,3.1201411562624313,5.203,3.129,1.057,5.322,1.769,
2594,100,5,36.4,55.6,59.6,1.54,1e-06,0.1,80,0.60,0.45,True,92.10000000000001,3,5,0.017284195743346366,0.1314693718831362,0.626709886168282,1.9336662127204771,-0.196,1.731,0.633,1.724,1.658,
2596,100,5,28.3,82.1,80.5,3.31,1e-06,0.1,120,center,center,True,104.2,3,5,0.037775042552475685,0.19435802672510258,0.6839656909254765,0.8079611368313182,3.334,0.025,0.703,1.492,1.811,
2614,100,5,15.8,21.5,19.7,1.89,1e-05,0.05,80,0.60,0.45,True,23.400000000000002,3,4,0.04379822456611791,0.20928025364596134,2.8723060142322114,7.7214208899155246,-6.795,8.682,2.873,3.551,1.689,
2618,100,5,2.2,2.4,3.8,1.42,1e-05,0.05,120,0.45,0.55,True,0.2,3,3,0.030976241078648385,0.17600068488119125,2.76149119874838,2.855025729527684,2.943,1.519,2.762,2.746,2.316,
2598,100,5,57.4,19.6,54.4,3.15,1e-06,0.1,120,0.45,0.55,True,90.7,3,5,0.26544258031905976,0.515211199722075,1.2708382318166878,4.580894741594445,7.314,4.161,1.281,4.252,2.213,
2608,100,5,12.1,46.3,41.9,1.46,1e-05,0.05,50,0.45,0.55,True,57.0,3,4,0.09996801955749747,0.3161771964539781,0.9102165274005835,1.988439258258036,3.255,1.795,0.917,2.705,2.127,
2604,100,5,54.9,29.8,55.8,2.5,1e-05,0.05,25,0.60,0.45,True,79.60000000000001,3,4,8.800133185976875,2.9665018432451506,1.801415257054745,1.8218012780526818,1.225,1.276,3.007,6.63,3.435,
2605,100,5,73.6,31.7,73.6,3.49,1e-05,0.05,25,0.60,0.58,True,98.5,3,5,3.451559110185455,1.8578372130478642,1.4644918012742534,1.5444106393938024,4.55,1.065,1.644,4.993,2.016,
2599,100,5,46.6,84.4,89.7,1.28,1e-06,0.1,120,0.60,0.45,True,106.4,3,5,0.01277302277115069,0.11301779847064218,2.2022971616106513,5.808200862118886,-5.418,6.7,2.204,2.422,2.045,
2600,100,5,55.7,76.1,87.3,1.8,1e-06,0.1,120,0.60,0.58,True,111.10000000000001,3,5,1.1716946020377659,1.0824484292740075,1.29324573535413,8.352067549252599,-6.641,8.436,1.553,1.467,1.805,
2606,100,5,42.0,54.4,61.7,3.49,1e-05,0.05,50,center,center,True,83.30000000000001,3,5,0.008927271551595232,0.09448423969951407,0.36441595771830404,1.284944544110903,4.723,1.236,0.373,5.067,1.98,
2609,100,5,30.0,87.9,86.6,1.9,1e-05,0.05,50,0.60,0.45,True,76.80000000000001,3,5,0.2619905396460303,0.511850114433933,0.8768674114746792,2.420475802290129,-1.054,2.958,0.89,1.415,1.891,
2613,100,5,29.1,66.5,66.1,4.16,1e-05,0.05,80,0.45,0.55,True,70.7,3,5,0.17819474038190436,0.42213118859177456,0.46862882669340467,0.6836157326095287,3.761,0.395,0.62,1.094,2.088,
2429,100,5,93.0,3.6,88.0,2.47,1e-07,0.1,50,0.60,0.45,False,900.0,0,5,47.39922947060809,6.884709831983342,27.88977451013893,33.162039440828394,4.836,2.368,28.27,487.648,3.112,vittima non trovata entro 15 minuti
2509,100,5,79.0,69.5,98.2,1.84,1e-05,0.1,50,0.60,0.45,False,900.0,1,5,9.675171752652789,3.1104938117046284,1.1406730508122511,1.4405346442705005,0.816,1.019,2.949,436.146,2.098,vittima non trovata entro 15 minuti
2612,100,5,24.3,79.5,76.9,3.77,1e-05,0.05,80,0.35,0.40,True,80.10000000000001,3,5,0.03266696246930101,0.1807400411345007,0.7143646226506799,7.186633333706807,-3.769,7.536,0.72,0.867,1.845,
2610,100,5,65.7,94.5,108.1,2.19,1e-05,0.05,50,0.60,0.58,True,101.9,3,5,4.768204200918934,2.1836218081249634,1.8047397907174112,1.8363020729125592,1.853,0.339,2.71,3.097,2.337,
2623,100,5,2.7,37.6,32.7,3.36,1e-05,0.1,25,0.45,0.55,True,56.900000000000006,3,3,0.2983877665861442,0.5462488138075398,3.1874467251948615,4.48626322861112,7.378,4.02,3.191,12.41,2.113,
2607,100,5,60.0,38.8,64.6,1.05,1e-05,0.05,50,0.35,0.40,True,97.60000000000001,3,5,0.03227680277772583,0.17965745956604703,0.9213481638011118,6.3562711433710675,-5.57,6.616,0.923,6.87,1.795,
2602,100,5,86.3,44.8,90.5,2.55,1e-05,0.05,25,0.35,0.40,True,126.9,3,5,0.5114667463446274,0.715169033407227,1.2982728198502287,2.194774452347184,4.718,2.168,1.313,2.722,1.9,
2615,100,5,19.3,66.3,63.0,3.06,1e-05,0.05,80,0.60,0.58,True,66.5,3,5,0.341536285722076,0.5844110588636016,1.233849605311771,6.723059162522041,-4.023,7.087,1.264,2.835,1.858,
2619,100,5,38.5,85.7,87.3,2.26,1e-05,0.05,120,0.60,0.45,True,79.0,3,5,0.011008459375878188,0.10492120555863904,0.7964832040795539,2.923429542752382,-0.887,3.149,0.801,1.693,1.772,
2611,100,5,81.0,74.5,103.0,4.04,1e-05,0.05,80,center,center,True,107.30000000000001,3,5,0.053618983765486315,0.231557733115278,2.459397028240943,4.193559778463044,8.247,4.208,2.463,3.369,2.442,
2628,100,5,17.4,27.4,25.6,1.79,1e-05,0.1,50,0.45,0.55,True,38.900000000000006,3,4,0.02368346051662086,0.15389431606339743,0.40145935227303803,0.46532907616277813,1.993,0.199,0.422,2.434,1.753,
2622,100,5,15.7,90.0,85.6,2.37,1e-05,0.1,25,0.35,0.40,True,84.30000000000001,3,5,0.2507594442697365,0.5007588683885055,0.7857730052328961,4.326107899798399,-2.281,4.648,0.852,5.798,1.811,
2616,100,5,88.5,11.0,83.8,3.55,1e-05,0.05,120,center,center,True,122.0,3,5,0.008698863492423506,0.09326769801181707,0.859204382127098,1.0418883804960746,4.569,1.022,0.863,1.666,1.619,
2621,100,5,13.6,86.3,81.8,1.67,1e-05,0.1,25,center,center,True,72.5,3,5,0.014239235339814417,0.11932826714494105,0.3488103661390187,0.3508324421735611,1.641,0.032,0.365,9.356,1.936,
2617,100,5,98.0,53.5,104.9,3.49,1e-05,0.05,120,0.35,0.40,True,127.2,3,4,0.008403132582959064,0.09166860194722654,0.41514752668348426,1.3359497163923029,2.223,1.27,0.419,2.281,1.558,
2626,100,5,54.6,32.2,56.6,3.25,1e-05,0.1,50,center,center,True,78.2,3,4,0.02296025902709338,0.15152643012720052,3.375845069624026,7.645445615240568,-5.996,9.245,3.377,7.335,1.767,
2620,100,5,42.7,85.0,88.4,1.76,1e-05,0.05,120,0.60,0.58,True,84.30000000000001,3,5,0.007398724587334847,0.08601583916544003,0.49337350398535584,0.7729838877194883,1.241,0.521,0.494,0.493,1.646,
2625,100,5,74.2,22.8,71.4,4.46,1e-05,0.1,25,0.60,0.58,True,86.5,3,5,0.5280444977456803,0.726666703341828,0.9015398244676092,1.7342608831780582,6.188,1.727,1.056,5.578,1.77,
2633,100,5,42.6,15.8,39.1,4.99,1e-05,0.1,80,0.45,0.55,True,67.9,3,3,0.1375186695564751,0.3708350975251333,3.622352556817108,4.5469119885452605,8.89,3.896,3.623,7.899,2.36,
2642,100,5,9.3,27.3,22.7,4.92,1e-07,0.05,25,0.35,0.40,True,38.900000000000006,3,5,0.016956678018487294,0.13021780991280454,1.7295463735390246,11.422933868260715,-7.137,12.056,1.73,2.92,1.994,
2634,100,5,3.4,56.4,51.4,2.37,1e-05,0.1,80,0.60,0.45,True,74.3,3,4,0.07234215114189084,0.2689649626659406,4.951537703869968,10.408329375987778,-9.326,11.696,4.952,5.789,1.897,
2636,100,5,44.4,14.7,40.6,3.1,1e-05,0.1,120,center,center,True,66.10000000000001,3,3,13.024712122267083,3.6089766031753494,4.09710646120639,4.293432910261305,2.114,0.99,5.348,7.821,3.068,
2638,100,5,60.4,44.6,68.1,1.88,1e-05,0.1,120,0.45,0.55,True,84.0,3,5,0.01683602550834387,0.12975371096174426,0.6369984013055746,2.213501991246361,4.205,2.33,0.641,2.672,1.593,
2641,100,5,27.9,12.2,24.1,3.04,1e-07,0.05,25,center,center,True,44.6,3,5,0.07263204296146727,0.2695033264385938,1.4463258378782808,4.193224349122951,-1.856,4.898,1.45,1.744,1.738,
2635,100,5,63.6,70.5,87.9,4.1,1e-05,0.1,80,0.60,0.58,True,103.7,3,5,0.18616430474474605,0.4314676172608392,1.2555032051730999,10.721832572665262,-6.786,10.891,1.317,2.891,1.783,
2640,100,5,54.2,12.6,49.7,4.02,1e-05,0.1,120,0.60,0.58,True,66.7,3,3,0.03696374999239446,0.1922595901181381,1.4240733653017499,5.087098209319801,8.286,4.265,1.435,3.404,2.282,
2627,100,5,91.0,12.7,86.4,1.97,1e-05,0.1,50,0.35,0.40,True,159.10000000000002,3,4,1.0841142178776382,1.0412080569596252,2.797497061742742,2.820939681631858,2.332,0.363,2.956,5.25,1.591,
2632,100,5,21.2,83.6,80.3,3.58,1e-05,0.1,80,0.35,0.40,True,80.60000000000001,3,5,0.04519311839022863,0.21258673145384363,3.4488205393310625,9.353344130324418,-6.795,10.372,3.45,2.656,2.228,
2629,100,5,69.9,14.4,65.6,4.05,1e-05,0.1,50,0.60,0.45,True,99.60000000000001,3,3,2.082999723081256,1.4432601023659095,0.6584452454381106,1.6486992557820226,2.503,1.551,1.395,4.97,1.651,
2637,100,5,16.4,72.7,68.7,2.64,1e-05,0.1,120,0.35,0.40,True,75.0,3,5,0.024289925030403465,0.15585225385089388,3.1183346945600796,9.32433934723745,-7.922,10.559,3.119,3.92,2.016,
2639,100,5,1.6,73.2,68.3,3.62,1e-05,0.1,120,0.60,0.45,True,79.5,3,4,2.148488187391701,1.4657722153839938,4.621760076373463,8.750178887967463,-5.71,9.334,4.646,5.17,2.219,
2631,100,5,77.1,87.6,109.7,2.89,1e-05,0.1,80,center,center,True,117.9,3,5,0.010228548457034956,0.10113628654956121,0.49625841908047547,2.5507257313583236,5.715,2.829,0.5,2.338,1.716,
2461,100,5,32.1,94.7,93.7,4.91,1e-06,0.1,25,center,center,False,900.0,0,5,40.32057322239495,6.349848283415514,44.604303587667346,49.28592062846625,17.003,12.089,44.742,535.425,2.962,vittima non trovata entro 15 minuti
2657,100,5,17.1,19.0,18.6,2.25,1e-07,0.05,120,0.35,0.40,True,23.400000000000002,3,5,1.3401746407970634,1.1576591211565965,0.4319208028539974,3.987966275719567,-1.733,3.987,1.172,1.612,1.826,
2649,100,5,29.3,21.1,29.2,4.38,1e-07,0.05,50,0.60,0.45,True,58.1,3,5,1.2509651566423352,1.1184655366359462,0.7158559681820834,6.326122622729161,-2.279,6.663,1.234,2.608,1.924,
2646,100,5,69.3,14.7,65.0,2.86,1e-07,0.05,50,center,center,True,91.5,3,5,3.425567381928122,1.8508288364751944,4.874229155642409,15.501922803613372,14.629,11.767,4.957,6.136,2.223,
2624,100,5,58.1,43.6,65.6,4.47,1e-05,0.1,25,0.60,0.45,True,136.4,3,5,2.0592211760626062,1.4349986676170143,0.5831733088910562,2.6534694484001573,7.386,2.916,1.346,30.552,2.214,
2630,100,5,99.1,87.6,125.2,2.73,1e-05,0.1,50,0.60,0.58,True,141.3,3,4,0.09348812983297802,0.30575828661375315,0.21086870516548123,5.147594043109378,-2.409,5.143,0.338,8.208,3.332,
2645,100,5,26.8,81.6,79.6,3.79,1e-07,0.05,25,0.60,0.58,True,114.7,3,5,0.9638228239067774,0.9817447855256362,0.7583798294554882,1.9727477215581293,1.955,1.834,1.002,6.897,1.956,
2648,100,5,62.4,4.4,57.4,3.86,1e-07,0.05,50,0.45,0.55,True,87.5,3,5,0.4288087153588534,0.6548348764069102,2.833324751042012,7.136336519859298,9.971,6.11,2.844,1.062,2.432,
2540,100,5,94.1,72.0,111.5,2.36,1e-07,0.05,120,0.60,0.58,False,900.0,1,5,48.24240698819807,6.945675416271485,3.0890210801145974,4.705963862218597,5.91,3.55,5.939,281.807,2.785,vittima non trovata entro 15 minuti
2650,100,5,9.2,56.9,52.1,1.75,1e-07,0.05,50,0.60,0.58,True,91.9,3,5,0.030398039138236112,0.1743503344941905,0.24075540799726533,0.8837667517009264,0.923,0.827,0.28,2.101,1.774,
2660,100,5,16.0,31.2,28.4,1.03,1e-07,0.05,120,0.60,0.58,True,48.900000000000006,3,5,0.00942772861355853,0.09709649125256035,0.48485067415606115,2.1141434064362232,-1.038,2.065,0.492,1.956,1.826,
2654,100,5,25.5,38.2,39.0,2.28,1e-07,0.05,80,0.60,0.45,True,73.9,3,5,0.007952049167600167,0.08917426292154125,1.5194177669386033,6.66514532115995,-5.101,7.378,1.521,2.34,1.864,
2647,100,5,26.3,61.6,60.5,2.34,1e-07,0.05,50,0.35,0.40,True,96.7,3,5,0.043491947635840085,0.20854723118718235,1.3062007535116884,2.637214106836325,5.269,2.931,1.312,2.518,1.781,
2643,100,5,95.3,72.3,112.7,3.94,1e-07,0.05,25,0.45,0.55,True,150.0,3,5,10.416596544401326,3.227475258526597,2.5323034736214214,2.8785182313003363,5.305,1.369,2.719,8.307,3.451,
2658,100,5,52.6,3.2,47.6,3.93,1e-07,0.05,120,0.45,0.55,True,85.4,3,5,0.4908749878571999,0.7006247125652934,4.259289429335676,9.52924636944551,11.035,7.105,4.262,7.124,2.411,
2651,100,5,73.5,37.2,75.7,2.2,1e-07,0.05,80,center,center,True,123.30000000000001,3,5,2.3021639570515493,1.5172883565926252,2.3823417418939608,4.458883813360441,-3.106,5.31,2.499,8.518,2.205,
2664,100,5,59.9,0.2,55.1,2.32,1e-07,0.1,25,0.60,0.45,False,73.5,3,5,265.9222516201872,16.30712272659365,10.487592391457705,15.8793790130177,18.96,16.642,13.102,9.576,6.36,vittima non trovata entro 15 minuti
2666,100,5,29.4,24.0,30.9,1.63,1e-07,0.1,50,center,center,True,61.2,3,5,0.10132430696974967,0.31831479225720827,0.9806922060524008,2.045629498512611,-0.807,2.434,0.993,3.436,2.117,
2656,100,5,47.0,67.8,75.6,3.52,1e-07,0.05,120,center,center,True,106.2,3,5,0.04578132742375933,0.21396571553349225,0.6255469598894422,2.369998770143772,5.875,2.357,0.636,0.402,2.072,
2644,100,5,90.0,80.2,113.5,1.79,1e-07,0.05,25,0.60,0.45,True,214.10000000000002,3,5,11.999680666510049,3.4640555230120156,0.7695848514607098,1.4722318304314148,3.045,1.255,2.229,19.909,2.241,
2652,100,5,81.7,65.9,97.9,4.63,1e-07,0.05,80,0.35,0.40,True,136.0,3,5,0.374563355722203,0.6120158132942343,1.0118632641225613,1.0546423217854697,4.561,0.067,1.136,1.818,1.868,
2655,100,5,36.9,91.6,92.3,2.93,1e-07,0.05,80,0.60,0.58,True,127.4,3,5,0.012742171199830248,0.1128812260733832,1.1630063430500641,1.1630988533889606,2.948,0.015,1.163,1.918,1.97,
2653,100,5,80.6,59.9,93.4,3.9,1e-07,0.05,80,0.45,0.55,True,134.8,3,5,0.013343655405234191,0.11551474107331147,3.4724539588154246,9.87851080358377,-7.105,11.008,3.473,2.826,1.614,
2663,100,5,50.9,40.7,58.2,3.08,1e-07,0.1,25,0.45,0.55,True,106.2,3,5,0.1581833404664641,0.3977226929236803,1.6489336554085718,3.942381680131052,-1.141,4.226,1.65,3.594,1.726,
2685,100,5,3.5,14.3,9.4,2.09,1e-06,0.05,25,0.60,0.58,True,0.30000000000000004,3,2,0.05130317495369624,0.2265020418311858,1.2197458505679732,1.4090702646148163,2.77,0.677,1.22,1.245,2.727,
2668,100,5,20.7,51.2,48.8,1.65,1e-07,0.1,50,0.45,0.55,True,90.10000000000001,3,5,0.03812717356766442,0.1952618077547794,1.9584586871332519,2.961668794044211,-1.072,2.719,1.959,5.094,2.098,
2669,100,5,50.8,8.8,46.0,1.67,1e-07,0.1,50,0.60,0.45,True,85.30000000000001,3,5,0.14200139923367222,0.376830730214074,2.9536392816216845,5.5356484049660635,7.793,6.122,2.961,2.071,2.44,
2661,100,5,73.7,82.8,103.8,1.69,1e-07,0.1,25,center,center,True,140.6,3,5,3.656004776479114,1.9120681934698653,0.7773300490934638,7.165256061784116,8.987,7.3,1.961,19.122,2.457,
2662,100,5,21.4,62.0,59.3,1.43,1e-07,0.1,25,0.35,0.40,True,116.0,3,5,1.0376666152690035,1.0186592243086023,1.2691835174719261,4.457058088891831,-3.515,4.941,1.568,17.965,1.901,
2683,100,5,13.4,21.5,18.5,2.3,1e-06,0.05,25,0.45,0.55,True,24.400000000000002,3,5,0.045632918761566194,0.21361862924746566,0.8960915224798051,2.6790669830329303,4.986,2.69,0.91,1.441,1.84,
2665,100,5,58.3,38.0,62.7,2.32,1e-07,0.1,25,0.60,0.58,True,109.30000000000001,3,5,7.731884109017498,2.7806265677033113,1.560209446525756,1.6182470669497504,2.423,0.107,1.754,17.596,2.17,
2544,100,5,91.6,46.0,95.8,3.43,1e-07,0.1,25,0.60,0.45,False,900.0,2,5,18.878803758616016,4.344974540617702,3.227870471760252,8.99111891507232,11.821,8.392,5.155,367.169,3.053,vittima non trovata entro 15 minuti
2672,100,5,13.0,51.8,47.5,2.18,1e-07,0.1,80,0.35,0.40,True,84.9,3,5,0.19486674118542413,0.44143713163419335,0.09486045307434854,1.2444725714239258,0.98,1.2,0.42,3.345,1.757,
2670,100,5,36.4,88.5,89.2,1.61,1e-07,0.1,50,0.60,0.58,True,105.4,3,5,0.017716269245759995,0.13310247648244564,1.8960665064666544,1.8970215358385165,1.086,0.527,1.897,2.402,2.025,
2673,100,5,80.8,7.0,75.9,4.96,1e-07,0.1,80,0.45,0.55,True,121.7,3,5,0.016135969933724202,0.1270274377200619,0.6567689764116935,1.6501497308855717,6.52,1.564,0.667,17.94,1.812,
2671,100,5,75.9,7.8,70.9,3.67,1e-07,0.1,80,center,center,True,116.9,3,5,4.558469342050053,2.135057222195708,3.976833615696918,9.022378451415527,-6.923,10.593,4.215,3.238,1.84,
2674,100,5,70.4,32.2,70.8,2.33,1e-07,0.1,80,0.60,0.45,True,107.5,3,5,0.0911558137041763,0.3019202108242777,3.9994897041079756,7.4007753705891055,9.168,6.834,4.001,6.966,2.63,
2667,100,5,47.6,90.4,95.5,3.26,1e-07,0.1,50,0.35,0.40,True,139.6,3,5,0.008935533840087296,0.09452795269171599,0.5065850009137449,0.5066267870820775,3.263,0.007,0.511,4.843,1.7,
2680,100,5,29.4,28.1,33.6,1.66,1e-07,0.1,120,0.60,0.58,True,70.8,3,5,0.022263082575063382,0.1492081853487381,0.9616413323343053,4.648077565342427,-2.914,4.569,0.973,3.668,1.718,
2688,100,5,27.3,22.2,28.2,4.29,1e-06,0.05,50,0.45,0.55,True,57.7,3,5,0.3124662836722296,0.5589868367611438,1.6174961102168537,2.9308913215936885,1.296,2.997,1.625,2.378,1.786,
2681,100,5,64.3,1.5,59.4,1.08,1e-06,0.05,25,center,center,True,89.4,3,5,38.252515791719205,6.18486182478794,2.27940069204647,19.170395660781153,21.545,20.468,6.331,6.828,2.382,
2675,100,5,75.6,90.1,110.6,2.85,1e-07,0.1,80,0.60,0.58,True,136.0,3,5,0.07755042343355445,0.2784787665757561,0.4970383930926796,1.0838019231455607,3.815,0.963,0.529,4.288,2.433,
2676,100,5,73.5,66.5,92.1,2.68,1e-07,0.1,120,center,center,True,135.8,3,5,0.03973919893037095,0.19934693107838644,0.72116910940166,1.5020553833243082,4.349,1.665,0.741,1.597,1.923,
2687,100,5,49.7,22.8,48.1,3.66,1e-06,0.05,50,0.35,0.40,True,76.4,3,5,1.0435715054301047,1.0215534765395813,5.359720897051213,6.400489242416228,8.742,5.085,5.389,4.194,2.545,
2679,100,5,28.6,40.8,42.9,3.63,1e-07,0.1,120,0.60,0.45,True,78.7,3,5,0.03535055656495027,0.18801743686411182,1.8397887528471797,6.707358274175625,-3.412,7.043,1.845,2.738,2.209,
2690,100,5,24.3,31.3,32.7,4.57,1e-06,0.05,50,0.60,0.58,True,61.0,3,5,0.012805189593804115,0.11316001764671176,0.06906064225409876,6.588155550418509,-2.029,6.597,0.112,2.546,2.228,
2694,100,5,14.8,31.1,27.9,2.39,1e-06,0.05,80,0.60,0.45,True,48.7,3,5,0.01790330469552872,0.13380323125966995,2.316775247057004,9.116188866644103,-7.549,9.939,2.319,3.684,2.043,
2678,100,5,56.8,34.1,59.4,1.97,1e-07,0.1,120,0.45,0.55,True,104.2,3,5,0.45392766993236405,0.6737415453513046,1.1151608677494285,4.140333642677877,5.714,3.74,1.146,3.844,2.011,
2505,100,5,58.0,45.0,66.4,1.89,1e-05,0.1,25,0.60,0.58,False,900.0,2,5,856.9783629313563,29.274192780183647,20.9603021899648,21.0344140720477,-0.388,2.273,32.808,987.114,3.58,vittima non trovata entro 15 minuti
2695,100,5,56.9,1.1,52.0,3.66,1e-06,0.05,80,0.60,0.58,True,73.8,3,5,0.48820142836948965,0.6987141249248434,1.212823772008498,7.072112238126936,10.166,6.502,1.348,3.659,2.242,
2684,100,5,10.7,83.2,78.5,4.81,1e-06,0.05,25,0.60,0.45,True,112.7,3,5,0.43638875804993377,0.6605972737227529,0.8234472469146465,1.2873262036615887,5.238,0.425,0.833,5.367,1.811,
2682,100,5,75.9,75.8,100.2,1.66,1e-06,0.05,25,0.35,0.40,True,145.20000000000002,3,5,0.22265083709624942,0.4718589165166315,0.49649784528014657,0.653794430674332,1.425,0.239,0.631,3.792,1.608,
2686,100,5,68.5,76.3,95.5,1.1,1e-06,0.05,50,center,center,True,125.0,3,5,0.003543102243223861,0.05952396360478577,0.6748320738892253,4.10558229174271,5.423,4.322,0.676,6.444,1.675,
2689,100,5,73.4,14.5,69.0,3.6,1e-06,0.05,50,0.60,0.45,True,104.9,3,5,0.3090737671534548,0.5559440323930591,4.5851905110272,7.733161331656563,9.668,6.071,4.587,4.672,2.757,
2709,100,5,23.4,17.2,22.1,4.08,1e-06,0.1,50,0.60,0.45,True,44.5,3,5,0.047783333138035164,0.21859399154147666,4.402256892419174,11.012541369395668,-8.716,12.796,4.403,7.051,1.85,
2707,100,5,30.1,1.5,25.3,3.85,1e-06,0.1,50,0.35,0.40,True,44.0,3,4,0.11962353674466385,0.34586635676900385,5.486063543592743,7.19814084906655,9.695,5.842,5.487,8.967,2.92,
2692,100,5,54.7,73.7,84.8,1.06,1e-06,0.05,80,0.35,0.40,True,108.2,3,5,0.02073776411697364,0.14400612527588416,0.05438656548707917,1.1959906418219404,2.236,1.175,0.127,1.374,1.636,
2693,100,5,90.9,96.6,125.5,3.38,1e-06,0.05,80,0.45,0.55,True,130.3,3,5,0.009858930306049054,0.09929214624555688,1.1408659311074072,1.1525253797579338,3.212,0.164,1.144,3.35,1.738,
2700,100,5,66.8,10.9,62.1,1.17,1e-06,0.05,120,0.60,0.58,True,90.60000000000001,3,5,2.7838990623319244,1.668502041452729,2.6567335156932312,7.105458868973467,6.459,5.292,2.699,3.592,2.057,
2697,100,5,38.7,61.9,66.2,1.4,1e-06,0.05,120,0.35,0.40,True,99.9,3,5,0.28819301925429663,0.5368361195507402,1.211423150964786,2.5539316223356443,-0.372,1.772,1.273,0.758,1.772,
2527,100,5,80.2,34.4,80.8,2.43,1e-07,0.05,50,0.35,0.40,False,900.0,2,5,11.287726637271696,3.3597212142187773,2.3240932984977225,2.5232704760699334,1.219,1.213,2.504,228.513,3.394,vittima non trovata entro 15 minuti
2696,100,5,1.6,84.2,79.3,3.65,1e-06,0.05,120,center,center,True,120.60000000000001,3,5,0.009928812970492654,0.09964342913856715,2.1278132790068636,2.910258886088649,6.756,3.105,2.129,3.84,1.895,
2691,100,5,82.9,46.5,88.3,3.81,1e-06,0.05,80,center,center,True,130.20000000000002,3,5,3.628958571340106,1.9049825645764074,2.79867494295841,5.867043920250156,-3.286,7.097,2.816,9.556,1.795,
2723,100,5,10.9,1.5,6.9,2.73,1e-05,0.05,25,0.45,0.55,True,0.2,3,3,0.071939172481241,0.26821478796151604,5.989821394543187,7.285373651504765,5.352,2.624,5.99,6.01,3.16,
2713,100,5,30.9,7.2,26.0,4.48,1e-06,0.1,80,0.45,0.55,True,44.1,3,4,0.20062821925037458,0.4479154152854918,5.634841848269294,9.13397944511473,10.082,5.599,5.635,7.669,2.512,
2702,100,5,30.1,36.1,39.9,2.43,1e-06,0.1,25,0.35,0.40,True,80.7,3,5,0.02788632257270706,0.16699198355821473,0.6495476502525943,1.6436839066195206,1.198,1.233,0.663,1.862,1.64,
2716,100,5,25.2,10.1,20.9,2.28,1e-06,0.1,120,center,center,True,31.1,3,5,0.012266468249972257,0.11075408908917204,3.142465886681246,3.3327998856364323,-0.936,3.215,3.143,2.348,2.022,
2698,100,5,56.6,9.4,51.7,1.64,1e-06,0.05,120,0.45,0.55,True,87.80000000000001,3,5,0.47298773826506096,0.6877410401197975,2.2518496376575814,8.157671826555712,8.954,7.316,2.26,3.395,2.486,
2523,100,5,2.5,94.0,89.0,2.18,1e-07,0.05,25,0.45,0.55,False,900.0,0,5,105.58493851564658,10.275453202445457,14.363915587500099,43.84947850834033,26.417,24.242,15.313,191.407,5.431,vittima non trovata entro 15 minuti
2718,100,5,14.6,26.3,23.3,1.29,1e-06,0.1,120,0.45,0.55,True,36.0,3,5,0.02237190808792351,0.1495724175372034,0.8383545145705739,0.8383639757242525,1.037,0.249,0.85,2.379,1.743,
2726,100,5,16.1,16.9,16.3,1.77,1e-05,0.05,50,center,center,True,17.400000000000002,3,5,0.031954570990507844,0.17875841515998023,1.056271495793662,1.7879017809405315,3.951,2.183,1.057,1.537,2.054,
2706,100,5,55.4,26.5,54.8,3.66,1e-06,0.1,50,center,center,True,92.0,3,5,2.5089475680648423,1.5839657723779395,1.7171113104570446,3.6550766710028264,7.029,3.365,1.773,9.705,2.389,
2703,100,5,39.6,46.3,53.9,2.14,1e-06,0.1,25,0.45,0.55,True,96.10000000000001,3,5,0.2356438784189555,0.48543164134505645,0.8631703905705376,0.8739584851381338,1.684,0.456,0.866,5.284,1.734,
2701,100,5,51.3,57.0,69.6,3.39,1e-06,0.1,25,center,center,True,101.9,3,5,5.486811524949648,2.342394399956943,2.5290429624458537,4.365949617399089,-1.925,5.317,2.564,11.48,2.142,
2708,100,5,10.5,58.0,53.2,3.99,1e-06,0.1,50,0.45,0.55,True,84.10000000000001,3,5,0.009269517159634269,0.09627833172440343,0.15492688383813166,0.41221756260921777,4.333,0.342,0.172,0.687,1.829,
2705,100,5,48.9,66.1,75.2,1.95,1e-06,0.1,25,0.60,0.58,True,103.9,3,5,2.4215730331351386,1.5561404284752514,1.6128251571203966,2.1378011594583337,-0.079,2.024,2.008,2.172,1.819,
2704,100,5,75.3,43.3,80.1,4.73,1e-06,0.1,25,0.60,0.45,True,112.4,3,5,17.487080085580317,4.181755622412711,1.844296332918497,5.853982681794899,-1.549,6.274,4.519,21.674,2.461,
2712,100,5,35.7,28.9,38.9,2.87,1e-06,0.1,80,0.35,0.40,True,76.3,3,5,0.04059155735892722,0.20147346564480204,1.076702235587999,1.3314871383765066,2.473,0.4,1.086,3.844,1.83,
2722,100,5,25.9,33.5,35.3,1.09,1e-05,0.05,25,0.35,0.40,True,43.300000000000004,3,5,0.4554112765686642,0.6748416677774604,0.09945747663440178,1.0511288534919774,0.002,1.088,0.52,1.353,1.679,
2710,100,5,3.2,94.3,89.4,4.61,1e-06,0.1,50,0.60,0.58,True,112.9,3,5,0.014140263426717252,0.1189128396209478,0.716008968498211,1.126354595359187,5.48,0.869,0.718,1.776,1.74,
2725,100,5,43.8,44.6,55.5,2.02,1e-05,0.05,25,0.60,0.58,True,66.8,3,5,63.97670491770176,7.998543924846682,3.8577418283664993,7.565295755091653,9.878,7.861,4.356,6.112,3.167,
2711,100,5,0.0,79.2,74.4,2.92,1e-06,0.1,80,center,center,True,116.0,3,5,0.011333848276576547,0.10646054798175965,0.8418316571625846,1.4400230478657958,4.593,1.67,0.843,1.622,1.813,
2721,100,5,34.3,38.5,44.5,2.02,1e-05,0.05,25,center,center,True,53.900000000000006,3,4,0.09013644807932843,0.30022732733601787,1.1502483158677224,2.288360780870652,4.762,2.744,1.153,1.195,2.24,
2734,100,5,40.7,14.7,37.0,1.68,1e-05,0.05,80,0.60,0.45,True,49.900000000000006,3,3,0.0349291380511612,0.18689338685775161,0.6329720587498504,4.671599713826437,6.33,4.649,0.639,1.232,3.267,
2717,100,5,24.6,66.2,64.3,4.14,1e-06,0.1,120,0.35,0.40,True,101.4,3,5,1.4580674269112512,1.2075046281117316,1.059119056354207,5.680714813372568,-1.79,5.931,1.548,1.317,2.205,
2720,100,5,10.7,60.7,56.0,2.42,1e-06,0.1,120,0.60,0.58,True,88.60000000000001,3,5,0.011761448545148481,0.10845021228724488,0.27804818697405986,1.7892285455657588,4.29,1.867,0.29,1.424,1.705,
2728,100,5,59.4,95.5,105.6,3.08,1e-05,0.05,50,0.45,0.55,True,93.2,3,5,0.02413222964842904,0.15534551698851512,1.080655686935298,2.2606367694135274,1.094,1.986,1.084,0.858,1.844,
2729,100,5,52.5,17.6,49.1,1.67,1e-05,0.05,50,0.60,0.45,True,69.3,3,3,0.010406404029538949,0.10201178377785063,1.1088040775686059,5.921759690076439,7.732,6.064,1.113,3.322,1.672,
2715,100,5,10.9,99.3,94.5,1.33,1e-06,0.1,80,0.60,0.58,True,113.2,3,5,0.004905728990029794,0.07004090940321801,1.4322015918549562,1.4525979226934405,1.575,0.243,1.433,1.446,1.756,
2731,100,5,36.6,80.2,81.5,4.21,1e-05,0.05,80,center,center,True,84.0,3,5,1.2857633644794875,1.1339150605223864,0.49573802439116,2.6431928832224356,1.435,2.774,1.031,1.337,1.87,
2736,100,5,49.9,65.5,75.4,4.2,1e-05,0.05,120,center,center,True,91.0,3,5,0.004837629025805039,0.06955306625739112,0.6926715145172494,0.8806231743755703,5.224,1.024,0.695,0.425,1.641,
2730,100,5,1.3,74.8,69.9,3.84,1e-05,0.05,50,0.60,0.58,True,84.5,3,4,0.017288601422118396,0.13148612634844178,0.5323271192238727,1.8009577317692729,5.493,1.655,0.537,2.308,1.714,
2732,100,5,3.8,71.0,66.0,4.08,1e-05,0.05,80,0.35,0.40,True,81.4,3,4,0.06069065829935584,0.24635474076898914,2.1165813400565794,9.782118914594262,-6.685,10.765,2.117,2.064,1.785,
2727,100,5,87.6,65.6,102.5,1.98,1e-05,0.05,50,0.35,0.40,True,120.7,3,5,0.012036419490079667,0.10971061703444962,1.7219129644180182,2.955355831121743,4.912,2.932,1.723,2.947,1.969,
2738,100,5,35.9,56.4,60.0,3.92,1e-05,0.05,120,0.45,0.55,True,66.60000000000001,3,5,0.0247931340367618,0.1574583565161335,0.15541303184312014,0.9510286528891231,4.852,0.935,0.204,1.229,1.827,
2740,100,5,21.2,49.0,46.9,3.03,1e-05,0.05,120,0.60,0.58,True,60.6,3,5,0.05272614781679972,0.22962174944198932,1.6059137164258068,8.333113492387902,-5.648,8.676,1.618,2.345,1.925,
2739,100,5,71.5,42.3,76.3,2.46,1e-05,0.05,120,0.60,0.45,True,99.80000000000001,3,5,0.01380617674710967,0.11749968828515958,1.1434556426258726,6.047104472140198,-3.977,6.436,1.144,0.395,1.714,
2733,100,5,64.1,97.2,109.5,4.3,1e-05,0.05,80,0.45,0.55,True,100.4,3,5,0.010450268258066702,0.10222655358597736,0.8253193833573916,1.0439201634681852,3.665,0.639,0.827,1.528,1.649,
2735,100,5,74.4,43.1,79.2,3.31,1e-05,0.05,80,0.60,0.58,True,101.30000000000001,3,5,1.69625135537383,1.302402148099361,0.5220801112312625,1.110738609189058,2.113,1.195,0.914,2.09,1.64,
2714,100,5,81.1,96.0,118.6,3.55,1e-06,0.1,80,0.60,0.45,True,142.1,3,5,0.011289956736366319,0.10625420808780384,0.787135526403216,2.3126576701719372,5.723,2.175,0.791,4.081,1.784,
2741,100,5,38.3,50.9,56.7,4.29,1e-05,0.1,25,center,center,True,95.10000000000001,3,5,2.654143299807269,1.6291541669858225,2.3357959569899944,3.1655352069347495,7.831,3.544,2.413,15.663,2.671,
2581,100,5,75.9,25.5,73.8,4.75,1e-06,0.1,25,center,center,False,900.0,2,5,14.142702469313095,3.7606784586445428,2.114218919165392,7.303036118491915,10.403,5.648,4.281,3355.564,4.086,vittima non trovata entro 15 minuti
2719,100,5,97.9,22.7,94.6,3.72,1e-06,0.1,120,0.60,0.45,True,173.0,3,5,0.27737135139493446,0.5266605656349586,0.43737301049314475,0.4723195565887392,3.903,0.178,0.608,7.63,1.61,
2724,100,5,91.2,7.7,86.2,2.08,1e-05,0.05,25,0.60,0.45,True,150.70000000000002,3,4,0.3781384717573406,0.6149296478113091,2.686472040762531,2.69927396044773,2.347,0.263,2.741,4.561,1.505,
2737,100,5,91.5,13.3,86.9,1.77,1e-05,0.05,120,0.35,0.40,True,153.0,3,5,1.5828905400146909,1.2581297786852876,2.0216458424736317,2.0230616740879426,1.693,0.076,2.224,5.524,1.911,
2748,100,5,66.1,16.8,62.3,1.06,1e-05,0.1,50,0.45,0.55,True,78.5,3,4,0.013037628966934698,0.11418243720876997,1.1439449176008702,2.865297264962137,4.029,2.964,1.145,8.574,1.694,
2743,100,5,16.3,92.6,88.4,2.23,1e-05,0.1,25,0.45,0.55,True,89.9,3,5,0.13547276489033305,0.36806625068095156,4.079750388514989,19.2584748657685,21.048,18.821,4.081,3.089,1.99,
2754,100,5,5.0,37.9,32.9,2.67,1e-05,0.1,80,0.60,0.45,True,56.800000000000004,3,3,5.4390925105046115,2.3321862083685794,3.9936854975357554,6.9941217209605195,-4.866,7.535,3.994,7.463,2.029,
2742,100,5,95.1,86.7,121.6,3.96,1e-05,0.1,25,0.35,0.40,True,115.30000000000001,3,4,0.0037969910709203043,0.06161972955896759,5.4480849731228655,5.987361567972804,6.447,2.483,5.448,4.755,2.232,
2762,100,5,2.8,26.2,21.3,4.17,1e-07,0.05,25,0.35,0.40,True,27.900000000000002,3,4,0.41910663438701545,0.6473844563989898,0.6494527688493144,6.602947779764606,-2.665,6.84,0.908,1.929,1.941,
2744,100,5,1.9,70.1,65.2,3.31,1e-05,0.1,25,0.60,0.45,True,89.10000000000001,3,4,0.057239898098894126,0.23924861148791257,0.20645106073693292,3.4113248191120866,-0.009,3.321,0.28,14.144,1.712,
2745,100,5,72.5,31.1,72.3,4.63,1e-05,0.1,25,0.60,0.58,True,90.80000000000001,3,5,0.8184914328141754,0.9047051634727058,0.20821457936345786,0.20859625134957002,4.671,0.043,0.831,11.028,1.75,
2749,100,5,34.8,78.4,79.2,4.27,1e-05,0.1,50,0.60,0.45,True,76.80000000000001,3,5,0.07248873361193998,0.26923731838647474,0.7956377750596761,1.8828803394520037,2.527,1.745,0.83,0.67,1.844,
2746,100,5,47.5,44.5,58.0,4.96,1e-05,0.1,50,center,center,True,96.7,3,5,0.7597137277475275,0.8716155848466269,0.46415228326569413,1.0881803140884188,5.959,1.002,0.924,9.451,1.579,
2752,100,5,49.0,22.3,47.2,4.44,1e-05,0.1,80,0.35,0.40,True,69.5,3,3,0.2687036762407326,0.5183663533069374,3.1795910750055283,4.2937338187725045,8.053,3.616,3.203,8.515,2.324,
2753,100,5,1.0,84.2,79.3,1.23,1e-05,0.1,80,0.45,0.55,True,84.10000000000001,3,4,0.04725843855802647,0.21739006085381749,1.5469492743831026,3.3152013510233003,4.361,3.128,1.552,3.665,2.031,
2750,100,5,35.2,43.1,48.7,1.99,1e-05,0.1,50,0.60,0.58,True,88.10000000000001,3,5,2.667550443200441,1.6332637396331435,0.6509987928172831,2.0003563590396043,-0.098,2.09,1.555,15.157,1.666,
2777,100,5,10.8,15.2,11.7,3.58,1e-07,0.05,120,0.35,0.40,True,3.8000000000000003,3,3,0.048068136780026235,0.2192444680716625,1.0046060202042721,1.549758781300749,5.17,1.594,1.017,0.972,2.054,
2751,100,5,12.3,80.5,75.9,4.97,1e-05,0.1,80,center,center,True,86.4,3,4,0.018010217698606605,0.13420215236204897,1.9427325251103853,2.224316173993172,7.152,2.183,1.944,1.527,1.809,
2767,100,5,30.8,1.1,26.1,3.33,1e-07,0.05,50,0.35,0.40,True,43.300000000000004,3,5,0.09094881886446979,0.3015772187425134,5.608226480441503,7.396458601449811,9.724,6.397,5.613,6.591,3.024,
2756,100,5,59.8,14.9,55.7,1.94,1e-05,0.1,120,center,center,True,92.9,3,4,1.6909378876077115,1.3003606759694448,2.856487584546233,6.87428504915947,-6.154,8.098,2.957,5.45,2.049,
2755,100,5,58.5,64.9,80.4,3.94,1e-05,0.1,80,0.60,0.58,True,99.10000000000001,3,5,0.008834344174545407,0.09399119200513102,1.0615258350074512,4.867492768538115,-0.904,4.844,1.064,1.894,1.613,
2760,100,5,56.1,47.8,66.7,1.9,1e-05,0.1,120,0.60,0.58,True,92.60000000000001,3,5,0.016298511468098895,0.12766562367410772,3.018762202015389,8.085582948287865,-7.327,9.232,3.019,2.949,1.884,
2775,100,5,21.1,20.6,22.4,3.77,1e-07,0.05,80,0.60,0.58,True,43.900000000000006,3,5,0.03614308724709733,0.1901133536790547,0.7512632259455708,6.834242185944472,-3.085,6.853,0.768,1.808,1.752,
2747,100,5,60.2,69.6,85.0,3.42,1e-05,0.1,50,0.35,0.40,True,122.10000000000001,3,5,0.02720902972785296,0.16495159813670482,1.304632498906723,2.234247643420528,5.69,2.273,1.306,12.626,1.942,
2541,100,5,96.2,92.5,126.4,2.6,1e-07,0.1,25,center,center,False,900.0,0,5,86.69169492067881,9.31083749834991,30.162553333546718,33.73324177908588,17.704,15.105,31.1,593.524,2.915,vittima non trovata entro 15 minuti
2772,100,5,15.3,31.3,28.2,3.9,1e-07,0.05,80,0.35,0.40,True,49.0,3,5,0.01836500647738964,0.1355175504404859,0.35546293906303056,5.09637304836952,-1.242,5.138,0.365,1.824,1.764,
2758,100,5,81.5,79.5,106.8,3.74,1e-05,0.1,120,0.45,0.55,True,116.60000000000001,3,5,0.018701966970416803,0.13675513507878526,1.1839917282094063,3.0999623055826073,1.144,2.599,1.185,4.481,1.591,
2757,100,5,61.2,88.6,100.7,1.44,1e-05,0.1,120,0.35,0.40,True,107.60000000000001,3,5,0.27853944374569,0.5277683618271277,1.2208757155638792,2.302223619058156,3.782,2.337,1.245,2.709,1.84,
2773,100,5,44.1,17.8,41.1,4.32,1e-07,0.05,80,0.45,0.55,True,75.5,3,5,0.026347309678754746,0.16231854385360517,1.788258606919627,2.412671826701592,2.216,2.1,1.789,1.977,2.102,
2776,100,5,1.3,49.3,44.5,2.87,1e-07,0.05,120,center,center,True,78.30000000000001,3,5,0.039742493937623566,0.19935519541166608,0.5591784320159371,0.733269065163938,2.01,0.861,0.582,0.772,2.175,
2778,100,5,28.4,22.8,29.4,2.68,1e-07,0.05,120,0.45,0.55,True,58.6,3,5,0.014703221543854558,0.12125684122495752,1.371429860697446,2.7106441560616052,-0.088,2.772,1.373,1.83,1.684,
2759,100,5,84.6,17.2,80.5,3.37,1e-05,0.1,120,0.60,0.45,True,139.0,3,5,0.013656651464609142,0.1168616766292917,0.9479856820920978,1.1216343248572769,2.552,0.813,0.954,7.328,1.721,
2584,100,5,26.5,98.5,95.9,2.8,1e-06,0.1,25,0.60,0.45,False,900.0,0,5,221.1029215174673,14.869529969621343,29.413001957869938,30.063341749319246,21.2,18.4,29.731,768.846,2.902,vittima non trovata entro 15 minuti
2763,100,5,58.0,65.4,80.4,2.24,1e-07,0.05,25,0.45,0.55,True,122.4,3,5,0.4746975704292796,0.6889829971989727,0.9458686193821051,3.512062696209494,5.983,3.746,1.104,8.529,2.538,
2761,100,5,65.3,69.7,88.4,1.06,1e-07,0.05,25,center,center,True,127.10000000000001,3,5,20.511695554796177,4.528983942872416,2.510473902575173,8.861548591941592,10.743,9.684,4.664,9.529,2.894,
2764,100,5,36.8,51.3,56.1,3.39,1e-07,0.05,25,0.60,0.45,True,96.80000000000001,3,5,0.09899260794330358,0.31463090748256695,0.18389267141023022,3.914829253799208,-0.519,3.906,0.333,5.221,1.731,
2769,100,5,39.7,38.8,48.4,3.11,1e-07,0.05,50,0.60,0.45,True,98.9,3,5,0.02302514901625095,0.1517404000793821,1.1224600797419493,6.560203842312221,-3.97,7.085,1.124,1.453,1.799,
2766,100,5,44.0,52.2,61.2,1.3,1e-07,0.05,50,center,center,True,101.30000000000001,3,5,0.03120463824862956,0.17664834629463577,0.052409331273610076,0.9414944814316174,2.223,0.926,0.175,0.934,1.954,
2771,100,5,66.0,20.5,62.9,4.36,1e-07,0.05,80,center,center,True,91.5,3,5,13.162246074858034,3.6279809915238026,2.3301879565521317,5.327926414149788,-2.071,6.436,2.601,4.026,2.555,
2586,100,5,80.5,41.9,84.1,2.75,1e-06,0.1,50,center,center,False,900.0,0,5,162.04459627296228,12.729673847862808,6.2835333029803175,12.238605481772403,17.574,14.824,12.077,674.559,2.748,vittima non trovata entro 15 minuti
2765,100,5,79.7,13.9,75.2,4.14,1e-07,0.05,25,0.60,0.58,True,118.60000000000001,3,5,1.6503359601180683,1.2846540235090802,0.8811468109383599,1.2846441579892,5.356,1.216,1.451,7.548,2.177,
2770,100,5,44.7,62.7,70.1,4.16,1e-07,0.05,50,0.60,0.58,True,103.0,3,5,0.557974959660273,0.746977214953892,1.2191231069886836,1.3010431612777207,4.218,0.058,1.377,0.979,1.728,
2787,100,5,11.8,40.7,36.3,4.63,1e-07,0.1,50,0.35,0.40,True,66.60000000000001,3,5,2.2714510932881455,1.5071334026184098,0.41534109216106413,4.260814792451568,0.536,4.094,1.388,4.156,2.008,
2774,100,5,13.8,64.4,60.1,2.7,1e-07,0.05,80,0.60,0.45,True,96.5,3,5,0.4754152178280684,0.6895036024764979,0.5473111837302003,4.106515060031544,-1.587,4.291,0.662,0.897,1.754,
2768,100,5,69.5,64.5,87.7,1.24,1e-07,0.05,50,0.45,0.55,True,135.20000000000002,3,5,0.016501598336943153,0.12845854715410396,1.016849110095352,3.4593270521653605,4.937,3.7,1.02,5.091,1.812,
2780,100,5,38.5,98.6,99.4,1.28,1e-07,0.05,120,0.60,0.58,True,112.9,3,5,0.008276113891131077,0.09097314928664983,0.5779228564650442,2.093263269343221,3.291,2.012,0.58,1.448,1.769,
2800,100,5,8.7,27.2,22.5,1.87,1e-07,0.1,120,0.60,0.58,True,33.9,3,5,0.04227263023311008,0.2056030890650967,0.420064849640979,1.6884543257698796,0.201,1.665,0.446,2.023,2.028,
2783,100,5,55.3,34.7,58.4,2.58,1e-07,0.1,25,0.45,0.55,True,104.30000000000001,3,5,15.968217865768105,3.9960252583996643,3.8635732259894184,8.745991340420256,11.375,8.795,5.171,11.555,2.812,
2789,100,5,21.1,43.2,41.4,4.85,1e-07,0.1,50,0.60,0.45,True,78.4,3,5,0.018985054060622147,0.13778626223474583,3.3602876803268966,9.113052525951964,-6.039,10.887,3.361,0.994,2.343,
2790,100,5,67.7,27.8,66.7,3.57,1e-07,0.1,50,0.60,0.58,True,94.0,3,5,8.963437209232383,2.993899999871803,2.986644941517994,7.4873902448938265,9.41,5.835,3.605,8.213,2.406,
2795,100,5,22.3,29.2,29.8,3.96,1e-07,0.1,80,0.60,0.58,True,61.5,3,5,0.02374910625413206,0.15410745035244747,0.2917137048013188,4.781324255313664,-0.722,4.678,0.298,3.4,1.782,
2782,100,5,89.1,84.7,115.8,3.22,1e-07,0.1,25,0.35,0.40,True,127.60000000000001,3,5,0.008259831225437497,0.09088361362444551,0.3853939112663643,0.487640724927875,3.661,0.44,0.389,13.231,1.582,
2814,100,5,8.8,2.6,4.5,1.69,1e-06,0.05,80,0.60,0.45,True,0.2,3,2,0.035273190452952304,0.18781158231842973,4.004403724137852,4.501925911863692,4.0,2.309,4.006,4.015,2.449,
2793,100,5,38.8,25.7,39.6,1.5,1e-07,0.1,80,0.45,0.55,True,75.5,3,5,0.09992091568044958,0.3161026979961569,0.9661001573437573,1.1018369155475811,1.742,0.243,0.967,3.899,2.456,
2796,100,5,32.4,26.6,34.9,3.02,1e-07,0.1,120,center,center,True,72.9,3,5,0.43767310801835324,0.6615686721863069,1.8473236738727392,3.7539255484287612,-1.448,4.469,1.878,4.833,1.781,
2792,100,5,40.7,19.7,38.6,2.13,1e-07,0.1,80,0.35,0.40,True,75.7,3,5,0.026623956390891705,0.16316849080288665,1.9093369934407287,1.918891421363884,2.507,0.38,1.914,4.71,2.261,
2781,100,5,49.6,48.1,62.0,3.86,1e-07,0.1,25,center,center,True,131.8,3,5,0.17150815707924175,0.4141354332573364,1.0279405157914052,1.5916359866492307,5.534,1.678,1.085,23.476,2.231,
2788,100,5,97.3,81.7,120.0,1.09,1e-07,0.1,50,0.45,0.55,True,133.20000000000002,3,5,0.40853315501002824,0.6391659839275149,1.642143537059568,2.0595179492668865,2.332,1.243,1.664,8.647,2.836,
2786,100,5,78.3,59.3,91.2,3.96,1e-07,0.1,50,center,center,True,138.8,3,5,0.4460233573548395,0.6678498014934492,0.759379712718381,0.7600848039927257,3.635,0.326,0.84,13.365,2.16,
2817,100,5,13.9,21.3,18.6,3.38,1e-06,0.05,120,0.35,0.40,True,24.1,3,5,0.8842503375518243,0.9403458606022702,1.10804594490166,7.394846306608159,-4.373,7.751,1.398,2.217,1.847,
2597,100,5,8.0,95.9,91.0,3.98,1e-06,0.1,120,0.35,0.40,False,900.0,0,5,548.1193891616356,23.41194970867731,36.613516897581306,36.696556439780736,16.748,12.772,37.264,311.124,2.813,vittima non trovata entro 15 minuti
2797,100,5,74.6,59.1,88.1,2.65,1e-07,0.1,120,0.35,0.40,True,129.6,3,5,0.042845051272034876,0.20699046178999378,1.2752382938592737,2.239515045132072,4.745,2.097,1.283,0.255,1.951,
2810,100,5,20.8,25.6,26.0,3.96,1e-06,0.05,50,0.60,0.58,True,47.900000000000006,3,5,0.018159741432574806,0.13475808485050092,1.0160340626227236,8.511882454278876,-4.461,8.419,1.019,2.186,1.896,
2791,100,5,69.4,78.5,97.7,4.87,1e-07,0.1,80,center,center,True,113.5,3,5,0.022253191964686954,0.14917503800799567,0.18329864606278587,0.61166615308347,5.442,0.568,0.208,1.67,1.747,
2820,100,5,9.9,22.4,18.1,3.23,1e-06,0.05,120,0.60,0.58,True,20.3,3,5,0.06642637573270309,0.2577331483001422,0.2635673126773732,3.5081098768722203,-0.274,3.502,0.355,0.67,1.611,
2807,100,5,32.7,21.7,32.4,2.37,1e-06,0.05,50,0.35,0.40,True,61.1,3,5,0.007697299796015293,0.08773425668469126,0.5414358470239565,2.6888630125830257,-0.254,2.626,0.542,0.657,1.875,
2799,100,5,62.5,62.0,80.9,2.49,1e-07,0.1,120,0.60,0.45,True,104.80000000000001,3,5,0.009866338685475064,0.09932944520873488,0.9630127527436423,2.2771449180555448,0.051,2.438,0.967,2.667,1.656,
2801,100,5,86.8,53.0,94.9,1.85,1e-06,0.05,25,center,center,True,123.30000000000001,3,5,2.726974057848568,1.65135521855492,3.2660244503967837,13.169236378694768,13.306,11.459,3.48,10.963,2.295,
2809,100,5,49.3,5.1,44.3,3.86,1e-06,0.05,50,0.60,0.45,True,73.2,3,4,0.3898748018136594,0.6243995530216685,3.8614541859911924,7.739626903846894,10.843,6.985,3.872,4.517,2.625,
2794,100,5,73.3,98.9,116.1,2.72,1e-07,0.1,80,0.60,0.45,True,133.1,3,5,0.07521087611508527,0.27424601385450487,0.907720252669341,0.9295350984702657,2.515,0.2,0.941,3.629,1.756,
2813,100,5,36.9,1.0,32.1,2.65,1e-06,0.05,80,0.45,0.55,True,57.1,4,4,0.7595268627037822,0.871508383610727,5.760971695383492,11.552840204647909,11.247,8.593,5.797,7.783,3.104,
2819,100,5,13.8,35.0,31.3,4.79,1e-06,0.05,120,0.60,0.45,True,50.0,3,5,0.14592756025451503,0.3820046599905753,0.8740998091083387,7.560943037112465,-3.125,7.918,0.927,1.973,1.844,
2798,100,5,81.7,8.1,76.8,1.88,1e-07,0.1,120,0.45,0.55,True,126.2,3,5,0.013921860375697828,0.1179909334470146,2.6425767905678477,8.997638498081603,-7.696,9.578,2.643,5.336,1.895,
2803,100,5,29.2,70.8,70.1,1.53,1e-06,0.05,25,0.45,0.55,True,116.0,3,5,0.014966519023677762,0.12233772526771029,0.5083759509857946,2.0777579826638686,-0.576,2.108,0.509,5.139,1.728,
2824,100,5,1.2,23.3,18.7,2.54,1e-06,0.1,25,0.60,0.45,True,27.1,3,4,4.565999099151835,2.136819856504482,0.7162988167301476,2.8594920259838053,-0.48,3.019,1.629,2.774,1.961,
2805,100,5,91.0,20.2,87.3,1.57,1e-06,0.05,25,0.60,0.58,True,128.0,3,5,3.7608860010212775,1.9393003895790042,0.6257134374109203,1.0751187413117504,0.693,0.874,1.791,13.387,2.259,
2832,100,5,4.9,20.0,15.0,4.45,1e-06,0.1,80,0.35,0.40,True,13.3,3,3,1.1278029754758285,1.06198068507663,0.39392697759159284,2.2182570051579864,2.191,2.258,0.951,1.419,1.784,
2802,100,5,74.2,61.6,89.4,2.18,1e-06,0.05,25,0.35,0.40,True,134.9,3,5,7.515158958403803,2.7413790249441616,0.3838082715700149,1.8211407927899845,4.094,1.918,2.696,7.195,2.323,
2804,100,5,54.3,84.6,93.6,2.45,1e-06,0.05,25,0.60,0.45,True,115.30000000000001,3,5,0.7929259866510242,0.890463916535097,1.0333054658319365,5.065699904859485,-3.02,5.471,1.353,6.054,1.856,
2839,100,5,9.7,16.2,12.1,2.8,1e-06,0.1,120,0.60,0.45,True,4.1000000000000005,3,3,0.14117779057628202,0.37573633119021377,0.15228428164244162,2.2269602362699916,5.009,2.207,0.351,0.434,2.05,
2812,100,5,24.6,37.3,37.7,4.33,1e-06,0.05,80,0.35,0.40,True,71.9,3,5,0.019743601279199427,0.1405119257543623,1.1260379831769762,2.340983446683366,2.763,1.563,1.131,2.326,1.695,
2806,100,5,73.8,18.3,70.1,4.4,1e-06,0.05,50,center,center,True,106.7,3,5,4.233551210017734,2.0575595276972507,2.91546341606476,6.449281185431955,-3.402,7.806,3.051,6.162,2.075,
2836,100,5,14.7,20.4,18.2,1.44,1e-06,0.1,120,center,center,True,19.200000000000003,3,5,0.021472816301837214,0.14653605802612957,0.6192797440417804,1.4599298203090443,3.164,1.725,0.623,1.819,1.86,
2811,100,5,29.6,44.2,46.2,1.02,1e-06,0.05,80,center,center,True,80.0,3,5,0.023463044896088157,0.15317651548487501,0.17695467098802828,0.559230748759674,1.458,0.44,0.197,1.945,1.785,
2843,100,5,20.0,3.0,15.1,1.23,1e-05,0.05,25,0.45,0.55,True,13.9,3,4,0.013171697136767475,0.11476801443245185,0.8637110258746317,1.95043210500898,-0.709,1.942,0.869,0.516,1.645,
2808,100,5,97.8,98.1,131.4,2.65,1e-06,0.05,50,0.45,0.55,True,133.6,3,5,0.1543030068322454,0.39281421414231615,1.8298618698530762,4.4037871869622505,6.654,4.006,1.838,4.816,3.114,
2847,100,5,13.1,13.6,11.8,2.72,1e-05,0.05,50,0.35,0.40,True,4.1000000000000005,3,3,0.04174278068215343,0.20431050066541717,0.7538621609162098,1.8319324591403978,4.636,1.915,0.78,0.757,1.969,
2816,100,5,11.7,52.4,47.9,1.95,1e-06,0.05,120,center,center,True,89.0,3,5,0.03219370932632541,0.17942605531618147,1.1727040065257959,2.044340544066515,4.382,2.431,1.175,0.781,1.971,
2818,100,5,40.0,41.2,50.4,4.2,1e-06,0.05,120,0.45,0.55,True,95.10000000000001,3,5,0.01398671106883425,0.11826542634613993,1.7199050323482055,2.689416976466989,1.491,2.711,1.721,2.347,1.787,
2779,100,5,2.1,96.4,91.4,4.32,1e-07,0.05,120,0.60,0.45,True,223.70000000000002,3,5,0.00657791664974843,0.08110435653988281,1.3773068156197947,2.383430746546144,6.261,1.945,1.379,6.69,1.468,
2833,100,5,20.3,23.8,24.2,3.28,1e-06,0.1,80,0.45,0.55,True,47.900000000000006,3,5,0.006124953113354325,0.07826207966412804,1.0726659328014512,1.7280849616135923,2.203,1.072,1.074,2.87,1.953,
2785,100,5,85.9,32.1,85.3,3.56,1e-07,0.1,25,0.60,0.58,True,260.0,3,5,26.195608759705063,5.118164588962049,4.353304383713091,7.688875473989796,8.584,5.025,4.452,65.895,2.918,
2815,100,5,56.2,32.4,58.0,1.97,1e-06,0.05,80,0.60,0.58,True,106.10000000000001,3,5,0.010616804626159566,0.10303787956940673,0.9476490085045582,3.983748801412229,5.858,3.892,0.948,3.607,1.65,
2845,100,5,36.2,17.2,33.5,1.55,1e-05,0.05,25,0.60,0.58,True,50.400000000000006,4,4,0.6462567317565291,0.8039009464831653,3.446894505664169,10.795776030867422,10.614,9.067,3.456,6.727,2.583,
2822,100,5,19.4,85.2,81.5,2.46,1e-06,0.1,25,0.35,0.40,True,108.2,3,5,0.22242290416875146,0.47161732810484336,0.05287619811295018,3.428006425662153,-0.945,3.401,0.4,6.751,1.901,
2821,100,5,46.8,55.6,65.6,4.58,1e-06,0.1,25,center,center,True,110.10000000000001,3,5,1.1957536477644557,1.0935052115854116,0.8398737087836045,3.2448758258581467,1.037,3.538,1.075,3.381,2.153,
2841,100,5,36.1,25.7,37.4,3.21,1e-05,0.05,25,center,center,True,58.300000000000004,3,4,0.09605724169683008,0.3099310273219351,2.243152794699912,2.26403230412555,4.28,1.068,2.244,2.137,2.17,
2828,100,5,53.9,41.7,61.1,4.12,1e-06,0.1,50,0.45,0.55,True,110.30000000000001,3,5,0.2955055620746687,0.5436042329440314,1.4396058582460682,1.8043270314131115,2.448,1.671,1.456,4.335,2.042,
2846,100,5,61.8,6.0,56.8,4.45,1e-05,0.05,50,center,center,True,77.7,3,3,0.13522004229880039,0.3677227791404829,2.8863970944895305,6.1368665469837085,7.803,3.352,2.887,5.053,2.115,
2827,100,5,48.6,69.7,78.0,1.39,1e-06,0.1,50,0.35,0.40,True,105.7,3,5,0.06312825428074316,0.25125336670529047,1.6079693410718,2.1843204928080113,3.515,2.13,1.616,2.231,1.767,
2831,100,5,33.9,65.8,67.3,4.04,1e-06,0.1,80,center,center,True,101.7,3,5,0.12688565592316206,0.35621012888906184,0.3345107409542519,0.4695536737900005,4.157,0.12,0.349,2.509,1.89,
2834,100,5,9.2,64.5,59.6,4.32,1e-06,0.1,80,0.60,0.45,True,89.5,3,5,0.0061721666942664965,0.07856313826640644,3.364338785429402,11.403656616792558,-7.79,12.115,3.365,1.746,1.934,
2842,100,5,52.4,38.2,57.9,1.07,1e-05,0.05,25,0.35,0.40,True,80.2,3,5,19.732219527857687,4.442096298805068,2.5400099348986114,9.48536868515284,10.813,9.748,5.021,6.183,3.16,
2844,100,5,61.5,7.3,56.5,1.56,1e-05,0.05,25,0.60,0.45,True,101.7,3,3,32.96778614346037,5.741758105620645,1.3396315503506138,6.079633107945644,7.75,6.189,5.181,9.127,2.675,
2825,100,5,9.4,80.5,75.6,2.44,1e-06,0.1,25,0.60,0.58,True,121.60000000000001,3,5,0.1345027757459731,0.3667462007246607,1.6577510521954681,2.8809434921645174,-0.405,2.843,1.662,8.735,1.931,
2853,100,5,25.4,37.0,38.0,1.15,1e-05,0.05,80,0.45,0.55,True,54.0,3,5,0.10647206318407071,0.3263005718414706,0.7485339108176181,1.7558288048886679,2.97,1.823,0.774,2.272,1.856,
2849,100,5,62.4,42.3,68.4,4.61,1e-05,0.05,50,0.60,0.45,True,85.5,3,5,1.4576771815616931,1.2073430256400595,0.6816188602872294,1.0617577362140176,3.746,0.867,1.231,3.029,1.715,
2848,100,5,68.5,50.2,77.9,4.22,1e-05,0.05,50,0.45,0.55,True,100.5,3,5,0.015680976973343544,0.12522370771281108,3.5418925929016867,12.471721953784684,-9.327,13.549,3.543,6.804,1.774,
2837,100,5,17.3,79.5,75.5,2.94,1e-06,0.1,120,0.35,0.40,True,106.30000000000001,3,5,0.03128066899503888,0.17686341904147077,3.598120795361639,10.330973574468162,-8.758,11.696,3.599,4.306,2.432,
2823,100,5,96.6,96.2,129.2,1.62,1e-06,0.1,25,0.45,0.55,True,135.70000000000002,3,5,0.1885014162564432,0.4341674979272898,5.010701125675534,8.199235468645707,8.106,6.49,5.015,13.889,3.457,
2830,100,5,68.9,51.0,78.8,4.77,1e-06,0.1,50,0.60,0.58,True,143.9,3,5,20.442427295905524,4.521330257336388,1.457848299000122,2.0099835107583863,3.039,1.727,4.211,23.43,2.745,
2835,100,5,31.6,93.7,92.6,4.33,1e-06,0.1,80,0.60,0.58,True,124.30000000000001,4,5,0.009610931381729713,0.09803535781405459,0.3768851517692038,0.46935350993843256,4.611,0.28,0.383,2.987,1.844,
2867,100,5,7.2,24.3,19.4,2.4,1e-05,0.1,50,0.35,0.40,True,35.7,3,3,0.012338351122932203,0.11107813071407083,2.776125456894749,9.354908466189478,-7.786,10.185,2.776,4.445,1.82,
2855,100,5,40.4,62.3,67.4,4.91,1e-05,0.05,80,0.60,0.58,True,72.10000000000001,3,5,0.019105647738018223,0.1382231808996531,0.9473694601671508,6.710445118154267,-2.075,6.981,0.952,1.675,1.741,
2859,100,5,18.2,50.9,47.7,4.86,1e-05,0.05,120,0.60,0.45,True,57.6,3,5,0.12012164071182226,0.34658569028715286,2.437062839090811,8.299910079527088,-4.724,9.581,2.438,3.238,1.934,
2852,100,5,67.9,42.2,73.1,1.52,1e-05,0.05,80,0.35,0.40,True,101.4,3,5,0.0252315764064192,0.15884450385965262,1.350076311181215,3.4611807330495337,5.036,3.52,1.353,2.296,1.684,
2861,100,5,4.4,46.1,41.1,4.06,1e-05,0.1,25,center,center,True,61.1,3,3,0.006871819652556041,0.08289643932374925,0.6868325325140804,0.8324586691295789,4.918,0.854,0.687,8.827,1.689,
2858,100,5,40.0,45.4,53.4,2.03,1e-05,0.05,120,0.45,0.55,True,73.9,3,5,0.033675145071045354,0.18350788830741133,0.08656071542090356,0.656757173754063,2.684,0.655,0.174,0.913,1.925,
2840,100,5,67.7,94.3,109.2,4.85,1e-06,0.1,120,0.60,0.58,True,131.1,3,5,0.016633933168428514,0.1289726062713649,0.6641894528155617,0.7813185617553394,5.266,0.411,0.672,5.075,1.691,
2870,100,5,6.6,26.8,21.9,1.24,1e-05,0.1,50,0.60,0.58,True,31.3,3,4,0.056114835835136545,0.23688570204876558,0.1849507787573875,5.8802126363365295,-4.673,5.913,0.269,2.434,1.878,
2854,100,5,83.8,91.8,117.3,1.0,1e-05,0.05,80,0.60,0.45,True,112.30000000000001,3,5,0.051983753253121344,0.2279994588877819,3.520772745351845,3.7504211662716838,2.294,1.292,3.522,6.912,2.495,
2862,100,5,48.3,21.6,46.4,1.59,1e-05,0.1,25,0.35,0.40,True,72.60000000000001,3,3,0.25499087914795376,0.5049662158481039,1.4535731625646642,4.773852554995813,6.37,4.784,1.496,11.134,1.71,
2851,100,5,83.7,66.1,99.6,2.65,1e-05,0.05,80,center,center,True,122.2,3,5,0.08934661520844238,0.29890904169737387,5.929238148200824,10.438261133852402,-10.059,12.713,5.929,5.121,1.994,
2856,100,5,87.3,96.7,123.2,1.46,1e-05,0.05,120,center,center,True,104.80000000000001,3,5,0.03056760845612482,0.17483594726521437,1.5348219692889191,1.7152930423735449,0.695,0.766,1.538,1.17,1.727,
2869,100,5,32.0,13.1,28.2,4.64,1e-05,0.1,50,0.60,0.45,True,47.5,3,4,8.704394354639733,2.9503210595865212,2.6143954877514446,5.995343363225731,-2.013,6.655,3.64,5.189,2.129,
2872,100,5,0.1,50.8,46.0,2.3,1e-05,0.1,80,0.35,0.40,True,59.0,3,3,0.42511070768207615,0.6520051439076813,1.086162677796578,4.086038196765706,-2.15,4.453,1.194,3.432,1.875,
2860,100,5,70.1,77.0,97.1,4.7,1e-05,0.05,120,0.60,0.58,True,108.4,3,5,0.022111770999162703,0.14870027235739247,0.766891112519983,0.9423045802238714,5.153,0.449,0.777,1.15,1.762,
2850,100,5,99.8,59.9,109.5,3.5,1e-05,0.05,50,0.60,0.58,True,159.9,3,3,0.003978078312845583,0.06307200894886401,0.8002560281970434,2.0305186699471554,5.365,1.866,0.802,8.822,1.682,
2887,100,5,2.2,20.9,16.2,3.48,1e-07,0.05,50,0.35,0.40,True,15.100000000000001,3,4,0.006847378800045897,0.0827488900230444,0.5612037489925982,1.4190582307825905,4.897,1.42,0.562,1.0,1.648,
2873,100,5,3.5,54.5,49.6,4.36,1e-05,0.1,80,0.45,0.55,True,76.0,3,3,0.008371951016327341,0.09149836619485258,0.60825968379241,1.0474235290545384,5.167,0.805,0.61,2.995,1.869,
2863,100,5,85.8,35.2,86.2,2.24,1e-05,0.1,25,0.45,0.55,True,122.80000000000001,3,4,3.896241192991919,1.9738898634401867,2.404078456981173,5.331108788484382,-3.493,5.735,2.534,1.957,2.141,
2866,100,5,56.1,46.6,65.9,4.4,1e-05,0.1,50,center,center,True,91.2,3,5,1.6932380369212665,1.3012448028412127,1.2056011304472187,2.3874966807987623,1.511,2.887,1.283,8.569,1.899,
2864,100,5,69.9,41.6,74.5,4.68,1e-05,0.1,25,0.60,0.45,True,113.80000000000001,3,5,5.172601612136201,2.2743354220818444,1.7197368465776428,6.3810091563140166,-2.213,6.89,2.628,8.905,1.841,
2659,100,5,23.9,94.0,91.0,1.41,1e-07,0.05,120,0.60,0.45,False,900.0,0,5,3.4514189955883072,1.857799503603203,2.624458164505621,2.9369189166189957,2.731,1.318,2.776,155.309,2.896,vittima non trovata entro 15 minuti
2865,100,5,74.0,5.8,69.0,3.47,1e-05,0.1,25,0.60,0.58,True,109.80000000000001,3,5,3.6875553172002156,1.9203008402852444,1.034543367738705,5.022988663538446,8.599,5.129,1.87,23.982,2.095,
2884,100,5,28.9,20.0,28.2,3.76,1e-07,0.05,25,0.60,0.45,True,48.1,3,5,0.8307307054621347,0.9114442964120927,1.9178288632379152,7.09059565600225,-4.275,8.035,1.922,3.51,2.483,
2868,100,5,88.0,99.0,125.4,1.72,1e-05,0.1,50,0.45,0.55,True,107.9,3,4,0.637322483185645,0.7983247980525502,3.9864403955460963,7.5293597730501824,8.106,6.387,4.004,9.539,3.004,
2899,100,5,15.8,0.8,11.5,1.45,1e-07,0.05,120,0.60,0.45,True,9.9,3,5,0.03145059198012929,0.17734314754207248,0.811573199461971,1.0453173300590277,2.804,1.354,0.82,0.606,1.716,
2838,100,5,93.8,23.7,90.8,4.85,1e-06,0.1,120,0.45,0.55,True,217.3,3,5,1.0808154236855168,1.0396227314201612,1.9187745030999661,1.922388223377053,4.966,0.118,1.981,19.747,2.315,
2876,100,5,72.3,4.0,67.3,3.79,1e-05,0.1,120,center,center,True,97.0,3,3,0.07564447570467658,0.27503540809262467,2.3085263303110883,7.923830878937433,-5.394,9.182,2.309,4.196,1.801,
2857,100,5,89.2,11.0,84.4,2.88,1e-05,0.05,120,0.35,0.40,True,148.9,3,5,6.040326451361091,2.4577075601790157,3.5241966638023596,4.440686267081955,6.615,3.733,4.076,5.242,1.941,
2878,100,5,70.2,29.1,69.5,3.39,1e-05,0.1,120,0.45,0.55,True,97.60000000000001,3,5,0.012623877089541161,0.11235602827414808,2.608403697977425,9.931553975048534,-7.259,10.644,2.609,4.441,1.672,
2871,100,5,79.3,50.7,87.2,3.55,1e-05,0.1,80,center,center,True,120.2,3,5,0.49301358925950056,0.7021492642305485,2.330915128371767,2.5178928586801215,4.014,0.469,2.332,2.161,2.105,
2905,100,5,12.8,2.5,8.1,2.81,1e-07,0.1,25,0.60,0.58,True,0.2,3,3,0.2216895588817161,0.47083920703539134,7.831645797012667,9.24476059322283,7.897,5.089,7.844,7.859,3.827,
2886,100,5,41.9,10.2,37.2,3.08,1e-07,0.05,50,center,center,True,71.10000000000001,3,5,1.5017565442818823,1.225461767776491,1.4662101517266424,3.270651936008203,-0.869,3.953,1.526,4.341,2.252,
2907,100,5,4.4,1.9,3.1,2.88,1e-07,0.1,50,0.35,0.40,True,0.2,3,2,0.047639384706699706,0.21826448338357687,0.5077465325812628,0.5873855092449838,2.394,0.487,0.538,0.533,2.134,
2877,100,5,62.1,60.4,79.5,2.78,1e-05,0.1,120,0.35,0.40,True,103.60000000000001,3,5,0.009591651282628802,0.09793697607455931,0.5302151256008669,0.9728440101330941,3.762,0.979,0.537,1.107,1.633,
2874,100,5,86.2,41.5,89.0,2.8,1e-05,0.1,80,0.60,0.45,True,131.8,3,5,0.38370046837517235,0.619435604704131,0.34963245599090226,0.6426763301466873,3.424,0.624,0.657,7.266,1.85,
2880,100,5,81.3,45.8,86.5,1.03,1e-05,0.1,120,0.60,0.58,True,119.30000000000001,3,5,0.0027304864898350387,0.052254057161478275,1.204260863866782,2.857409481438397,4.095,3.063,1.205,5.551,1.872,
2677,100,5,8.0,97.7,92.8,4.99,1e-07,0.1,120,0.35,0.40,False,900.0,2,5,26.447797632542695,5.142742228864159,6.719335788053521,6.874601917066968,6.443,1.453,7.976,319.169,2.956,vittima non trovata entro 15 minuti
2882,100,5,57.1,28.2,57.1,3.43,1e-07,0.05,25,0.35,0.40,True,104.30000000000001,3,4,0.31801692636852363,0.5639298949058505,4.487351181431016,6.458791855847286,9.172,5.745,4.493,9.209,3.036,
2885,100,5,32.5,42.9,46.8,4.91,1e-07,0.05,25,0.60,0.58,True,91.5,3,5,0.025524842184303488,0.1597649591878754,1.8560325173530525,6.069850938322283,-0.928,5.839,1.86,2.592,2.215,
2875,100,5,96.6,84.7,121.4,2.45,1e-05,0.1,80,0.60,0.58,True,125.80000000000001,3,4,0.13937039919479466,0.3733234511717616,0.41783182121157214,0.89400160187454,3.241,0.79,0.518,1.667,2.404,
2888,100,5,57.4,9.3,52.6,3.04,1e-07,0.05,50,0.45,0.55,True,85.80000000000001,3,5,2.6203776442356346,1.6187580561145123,4.336553590845311,8.708755874998548,9.07,6.031,4.425,2.7,2.409,
2889,100,5,5.0,62.5,57.5,1.35,1e-07,0.05,50,0.60,0.45,True,107.7,3,5,0.05218628791234137,0.2284431831163744,3.291142570409178,8.91380090269945,-8.269,9.619,3.291,1.538,2.122,
2904,100,5,28.2,26.6,31.8,2.45,1e-07,0.1,25,0.60,0.45,True,63.2,3,5,0.19583724893700835,0.4425350256612558,1.6387403284831075,7.073437269905559,-5.272,7.723,1.655,5.415,2.817,
2896,100,5,7.1,61.3,56.3,2.0,1e-07,0.05,120,center,center,True,102.60000000000001,3,5,0.04331949175125521,0.2081333508865295,1.098125043748188,1.9186658373207752,3.595,1.592,1.116,1.558,2.275,
2892,100,5,76.2,68.1,95.1,4.33,1e-07,0.05,80,0.35,0.40,True,133.6,3,5,0.01537541216880068,0.12399762969025126,1.820632386531484,2.829152758052775,6.878,2.548,1.821,0.783,1.868,
2895,100,5,74.2,18.9,70.6,3.62,1e-07,0.05,80,0.60,0.58,True,105.30000000000001,3,5,0.021853197990714394,0.14782827196011727,0.6838268118546984,0.6961374246119414,3.614,0.01,0.687,2.725,1.682,
2897,100,5,50.4,34.6,54.2,4.87,1e-07,0.05,120,0.35,0.40,True,103.60000000000001,3,5,0.08349119349372718,0.28894842704837,0.8549906587269949,2.306533850053098,6.928,2.054,0.858,1.583,2.129,
2898,100,5,54.2,62.6,75.8,1.19,1e-07,0.05,120,0.45,0.55,True,105.2,3,5,0.47126461776324424,0.6864871577555142,0.47666523601223026,3.332084348034007,-2.3,3.494,0.652,1.013,1.694,
2902,100,5,10.2,42.3,37.6,4.78,1e-07,0.1,25,0.35,0.40,True,90.60000000000001,3,5,0.027923376921563166,0.16710289321721264,0.9942698013588103,9.174582620605259,-4.72,9.501,1.003,13.272,2.083,
2891,100,5,72.9,74.9,97.4,2.62,1e-07,0.05,80,center,center,True,125.9,3,5,0.009349022876042227,0.09669034530935458,0.9197014973212196,2.0092644132916204,4.968,2.343,0.921,1.603,1.732,
2890,100,5,76.4,75.0,100.0,4.22,1e-07,0.05,50,0.60,0.58,True,129.4,3,5,0.02169954770956244,0.14730766344478632,0.8396246029896652,2.2383867046542045,6.198,1.982,0.846,3.014,1.743,
2893,100,5,99.0,91.6,127.8,4.28,1e-07,0.05,80,0.45,0.55,True,133.4,3,5,0.18975523738138406,0.4356090418958083,2.4534080422051985,4.493521330341737,8.049,3.765,2.464,2.504,2.539,
2909,100,5,49.5,8.3,44.6,3.59,1e-07,0.1,50,0.60,0.45,True,84.30000000000001,3,5,3.9140796301847596,1.978403303218219,5.4345500283661075,8.369883725571064,12.293,8.705,5.586,5.857,3.073,
2900,100,5,67.9,65.4,87.2,3.74,1e-07,0.05,120,0.60,0.58,True,122.30000000000001,3,5,0.019700655986480256,0.14035902531180622,1.8952631002840419,10.686872910492287,-7.228,10.969,1.896,0.219,1.979,
2883,100,5,73.9,90.0,109.4,1.08,1e-07,0.05,25,0.45,0.55,True,176.0,3,5,13.03517499035745,3.6104258738211827,1.5387832742399274,2.167503417119086,-0.505,1.587,2.222,20.16,1.531,
2911,100,5,45.2,14.8,41.4,4.52,1e-07,0.1,80,center,center,True,75.7,3,5,0.08660960564063984,0.29429509958652017,2.167914601813525,2.670309623926416,5.028,0.508,2.171,4.036,2.228,
2910,100,5,55.6,55.8,71.7,1.46,1e-07,0.1,50,0.60,0.58,True,97.80000000000001,3,5,0.08583124711653975,0.2929697034106765,0.40641165925608946,1.0142243410034155,0.528,0.932,0.467,8.927,1.824,
2908,100,5,12.3,77.5,72.9,3.13,1e-07,0.1,50,0.45,0.55,True,113.4,3,5,0.020670692235099274,0.14377305809886384,0.5752261629415492,0.6946123400466931,2.75,0.384,0.58,2.873,1.714,
2906,100,5,78.5,88.3,111.1,3.34,1e-07,0.1,50,center,center,True,149.70000000000002,3,5,0.10011247143678957,0.3164055489981008,0.039012777759395836,0.9620445262979638,4.283,0.944,0.249,7.655,1.745,
2913,100,5,11.4,73.8,69.1,2.77,1e-07,0.1,80,0.45,0.55,True,111.60000000000001,3,5,0.012928185198938569,0.1137021776349889,0.49229308627484053,0.5215139184444915,2.63,0.14,0.501,3.113,1.709,
2922,100,5,9.0,32.3,27.6,4.82,1e-06,0.05,25,0.35,0.40,True,47.300000000000004,3,5,0.3994926084389337,0.632054276497623,0.8093750169964299,5.6301705900333445,-1.095,5.915,0.825,2.664,2.374,
2915,100,5,27.3,59.4,58.8,4.4,1e-07,0.1,80,0.60,0.58,True,95.60000000000001,3,5,0.014977140598637976,0.1223811284415942,0.8361862753448527,2.961450692804453,7.123,2.727,0.841,2.305,1.767,
2918,100,5,0.6,44.8,40.0,2.4,1e-07,0.1,120,0.45,0.55,True,75.3,3,5,0.0907231393225726,0.30120282090739553,0.8737885340402285,1.5500928188709515,0.958,1.445,0.882,2.301,2.262,
2929,100,5,30.9,5.0,25.9,1.25,1e-06,0.05,50,0.60,0.45,True,43.6,3,4,0.9777706347889967,0.9888228530879516,4.232535870488751,8.770589900791444,11.03,9.782,4.256,4.931,3.053,
2932,100,5,2.4,32.0,27.2,4.37,1e-06,0.05,80,0.35,0.40,True,41.7,3,5,0.011400715162876319,0.10677413152480482,2.6073692608700805,11.401657114661312,-8.036,12.403,2.608,3.776,1.443,
2938,100,5,15.6,0.3,11.6,3.09,1e-06,0.05,120,0.45,0.55,True,10.5,3,5,0.010979494153253711,0.10478308142660107,1.0210722065804778,3.2069865124594763,6.017,2.926,1.024,0.8,1.641,
2916,100,5,77.6,32.2,77.5,4.6,1e-07,0.1,120,center,center,True,123.9,3,5,7.397826751594862,2.719894621413643,3.2478777393766416,6.99622692231266,-3.588,8.184,3.636,3.586,2.19,
2937,100,5,16.9,10.1,13.0,4.04,1e-06,0.05,120,0.35,0.40,True,17.6,3,5,0.012618143051070764,0.1123305081047476,1.7388481226137218,1.764015533349845,5.046,1.009,1.741,1.364,1.928,
2699,100,5,51.5,90.2,97.0,1.43,1e-06,0.05,120,0.60,0.45,False,900.0,0,5,186.69557848083497,13.663659044371496,15.095805282311154,16.196740606463003,30.194,28.764,16.314,192.953,2.937,vittima non trovata entro 15 minuti
2919,100,5,11.4,58.0,53.4,3.97,1e-07,0.1,120,0.60,0.45,True,91.5,4,5,0.9444362839853719,0.9718211172769256,2.4563013336266275,8.447732288223955,-5.158,9.127,2.509,3.99,2.238,
2924,100,5,92.2,36.0,92.6,2.03,1e-06,0.05,25,0.60,0.45,True,114.9,3,5,2.8369618568849098,1.6843283103020354,0.6535283132936932,2.0373689821871857,3.961,1.93,1.591,8.543,2.243,
2914,100,5,68.7,92.8,108.5,3.67,1e-07,0.1,80,0.60,0.45,True,163.9,3,5,0.02410712968340275,0.15526470842855034,0.46769710832837796,0.5951458900286947,4.041,0.368,0.481,9.488,1.77,
2917,100,5,87.8,74.0,107.8,4.61,1e-07,0.1,120,0.35,0.40,True,139.1,3,5,0.01153320289114489,0.10739275064521296,0.4629330490140611,0.47914598872974307,4.654,0.042,0.469,5.349,1.741,
2927,100,5,52.5,65.3,76.7,1.62,1e-06,0.05,50,0.35,0.40,True,104.4,3,5,0.016763991329033143,0.12947583299223506,1.52934779522467,1.7715775724801988,3.161,1.54,1.533,2.459,1.713,
2921,100,5,87.3,54.8,96.2,4.08,1e-06,0.05,25,center,center,True,145.5,3,5,30.705343318368833,5.541240232869248,4.642254665063353,17.261405846467397,17.486,13.405,5.215,17.759,2.539,
2920,100,5,62.3,99.8,110.8,2.33,1e-07,0.1,120,0.60,0.58,True,119.7,3,5,0.0641196040989722,0.2532184908314798,0.3686420214481353,0.9521023141082887,3.213,0.878,0.427,3.213,2.002,
2930,100,5,56.3,31.9,57.9,3.06,1e-06,0.05,50,0.60,0.58,True,93.10000000000001,3,5,0.015948940858882158,0.12628911615369773,0.2868587505971527,1.9732910927686167,4.969,1.906,0.3,5.138,1.904,
2928,100,5,69.0,41.3,73.6,2.28,1e-06,0.05,50,0.45,0.55,True,112.7,3,5,0.3299667896779598,0.5744273580514422,1.4373932540112586,3.468001796178211,-1.451,3.726,1.465,3.383,1.77,
2923,100,5,80.0,68.4,98.2,3.04,1e-06,0.05,25,0.45,0.55,True,142.6,3,5,0.5411485291990391,0.7356279828819994,1.6101574092619988,5.217727510693374,7.954,4.914,1.688,4.251,1.972,
2954,100,5,5.2,3.7,1.3,4.46,1e-06,0.1,80,0.60,0.45,True,0.2,3,2,0.05396933394886004,0.23231300856572806,0.598606854952888,0.9677764724009877,3.122,1.342,0.63,0.674,2.626,
2931,100,5,65.2,98.9,111.6,2.09,1e-06,0.05,80,center,center,True,122.7,3,5,0.015296124850253855,0.12367750341211556,0.5009114442361228,3.948668904821686,-1.831,3.917,0.509,1.737,1.533,
2926,100,5,81.1,18.1,77.2,3.43,1e-06,0.05,50,center,center,True,120.0,3,5,0.545877744788375,0.7388353976281693,3.367056951595962,8.553738448516018,-6.75,10.183,3.38,6.712,2.624,
2950,100,5,11.9,21.1,17.5,1.39,1e-06,0.1,50,0.60,0.58,True,18.3,3,5,0.07128499051503243,0.2669924914956082,0.36037006252421044,1.1841697297684772,0.192,1.197,0.365,1.645,1.667,
2936,100,5,44.2,27.0,45.0,3.43,1e-06,0.05,120,center,center,True,77.4,3,5,0.018211690905020533,0.1349506980531058,1.3368321338255833,2.7138545674421493,6.321,2.892,1.339,1.809,1.989,
2934,100,5,75.8,0.0,71.0,4.36,1e-06,0.05,80,0.60,0.45,True,101.9,3,5,0.01644300732444245,0.12823029019869858,1.735612144101279,3.899347714266289,7.478,3.115,1.737,0.905,2.055,
2951,100,5,7.6,23.0,18.2,4.13,1e-06,0.1,80,center,center,True,22.5,3,4,0.10439395843909013,0.3231005392120077,1.4256607974946969,1.7399771570944853,5.77,1.639,1.428,2.947,2.988,
2942,100,5,55.1,22.7,53.1,2.2,1e-06,0.1,25,0.35,0.40,True,77.7,3,5,9.411892875183263,3.0678808443587346,4.93426920791831,8.495653319206333,10.735,8.534,5.52,4.154,4.027,
2945,100,5,51.8,0.6,47.0,3.37,1e-06,0.1,25,0.60,0.58,True,73.2,3,5,276.3296364530197,16.62316565678811,5.5453994425286055,10.035124531415242,12.369,9.0,10.198,14.254,7.916,
2939,100,5,56.3,73.7,85.8,3.85,1e-06,0.05,120,0.60,0.45,True,109.5,3,5,1.6434464190303666,1.2819697418544505,4.323639686667558,9.456660397189971,-7.322,11.173,4.339,2.393,2.506,
2933,100,5,70.4,23.4,68.0,2.98,1e-06,0.05,80,0.45,0.55,True,122.4,3,5,0.037957346426457976,0.19482645207070312,1.3035757321521764,1.7850145189446236,1.235,1.743,1.305,6.352,1.803,
2955,100,5,28.4,0.3,23.9,3.92,1e-06,0.1,80,0.60,0.58,True,42.800000000000004,4,5,0.11619418835256796,0.340872686427892,4.8346336957239515,7.590241053368929,9.696,5.773,4.843,6.587,3.174,
2935,100,5,59.9,91.7,102.6,2.68,1e-06,0.05,80,0.60,0.58,True,131.1,3,5,0.06485684959211813,0.25467007989184387,1.576547612925889,1.8109088104548168,3.568,0.891,1.581,1.502,2.225,
2941,100,5,51.4,87.0,94.2,1.02,1e-06,0.1,25,center,center,True,114.4,3,5,0.1555773819124025,0.3944329878602986,0.46391386487131486,0.48462354453913153,0.904,0.115,0.563,6.326,1.727,
2958,100,5,32.8,8.9,28.1,3.63,1e-06,0.1,120,0.45,0.55,True,45.7,3,4,0.14020683254076122,0.37444202827775785,3.547272228322772,7.917341781891664,9.633,6.007,3.556,5.56,2.368,
2940,100,5,77.5,53.0,86.9,2.11,1e-06,0.05,120,0.60,0.58,True,132.4,3,5,1.0977318746179092,1.047727003860218,0.9720962757482488,2.476458399044591,-0.509,2.615,1.254,3.096,1.805,
2944,100,5,11.0,40.7,36.2,4.99,1e-06,0.1,25,0.60,0.45,True,95.60000000000001,3,5,2.006430751475402,1.4164853516628408,1.9460460656679863,3.447222335900925,0.864,4.13,2.003,19.376,1.705,
2947,100,5,62.1,79.4,93.8,4.47,1e-06,0.1,50,0.35,0.40,True,112.7,3,5,0.004379114653052011,0.06617487932026783,0.6623467439946437,4.910210775534656,-0.399,4.873,0.664,3.058,1.695,
2948,100,5,66.6,63.8,85.2,4.17,1e-06,0.1,50,0.45,0.55,True,118.9,3,5,0.13296730377006666,0.36464682059503367,1.8648091361489048,2.790661451544666,6.344,2.17,1.869,9.167,2.183,
2967,100,5,22.4,20.2,23.1,2.34,1e-05,0.05,50,0.35,0.40,True,35.800000000000004,3,4,0.0858787116859975,0.2930506981496504,0.4000984840197986,3.034024044232242,-0.655,2.997,0.491,0.939,1.613,
2953,100,5,48.5,33.9,52.2,3.3,1e-06,0.1,80,0.45,0.55,True,92.60000000000001,3,5,1.8698028675474063,1.3674073524547856,1.9023821399003447,1.9178962898328817,4.059,0.761,2.098,2.186,2.28,
2961,100,5,30.9,49.1,51.1,3.53,1e-05,0.05,25,center,center,True,71.2,3,5,0.015020747647590189,0.12255915978657078,0.5861095531078562,0.7633718070063708,3.329,0.202,0.596,4.449,1.89,
2957,100,5,67.0,64.3,85.8,4.6,1e-06,0.1,120,0.35,0.40,True,108.30000000000001,3,5,0.05150367025541794,0.22694420075299995,0.21443078860501655,0.8237841537365113,3.861,0.737,0.305,1.979,2.022,
2881,100,5,98.8,3.4,93.8,4.1,1e-07,0.05,25,center,center,True,467.6,3,5,6.836222699330649,2.6146171228940287,0.33213271303857866,0.6760135729005096,4.692,0.589,1.926,81.969,3.109,
2949,100,5,77.1,88.6,110.4,1.8,1e-06,0.1,50,0.60,0.45,True,123.0,3,5,0.01290311953792167,0.11359189908581364,0.6759317769582258,0.7960469466412378,1.527,0.271,0.679,10.05,1.609,
2962,100,5,36.6,87.9,88.8,4.47,1e-05,0.05,25,0.35,0.40,True,89.9,3,5,1.407689032804995,1.1864607169244985,1.2096025790223701,3.9452447208361283,0.762,3.712,1.332,5.304,2.343,
2968,100,5,31.8,60.8,61.9,1.02,1e-05,0.05,50,0.45,0.55,True,64.8,3,5,0.0213352069175564,0.14606576230436893,1.5097287490116338,5.590471560758067,6.327,5.311,1.512,2.908,1.953,
2965,100,5,36.5,79.3,80.7,3.24,1e-05,0.05,25,0.60,0.58,True,87.30000000000001,3,5,0.02135122082420913,0.14612056947674795,0.8556401291832443,3.3388190024991453,-0.21,3.448,0.862,5.829,1.8,
2964,100,5,60.8,20.0,57.8,4.46,1e-05,0.05,25,0.60,0.45,True,110.0,3,4,0.1183289774325184,0.34398979262838364,0.44817618089974887,0.611425317843275,4.332,0.126,0.534,2.425,2.204,
2963,100,5,13.0,54.7,50.3,4.04,1e-05,0.05,25,0.45,0.55,True,81.5,3,4,0.09285792147507539,0.3047259776833531,2.5270478701916295,4.067428891479999,7.708,3.664,2.528,8.569,1.911,
2956,100,5,11.3,78.9,74.2,4.74,1e-06,0.1,120,center,center,True,108.0,3,5,0.03798045011702042,0.1948857360532587,1.8830926373917263,2.4412752962227855,7.322,2.581,1.884,0.83,1.492,
2960,100,5,57.1,61.7,77.0,4.35,1e-06,0.1,120,0.60,0.58,True,106.2,3,5,0.48392292388418684,0.6956456884680496,2.428727562248762,9.405476195979404,-5.586,9.931,2.451,1.268,1.97,
2946,100,5,97.1,45.2,100.5,2.61,1e-06,0.1,50,center,center,True,167.10000000000002,3,5,4.166876899779121,2.0412929480550117,0.578369073781572,0.6064537249417359,2.429,0.182,1.894,10.264,2.591,
2969,100,5,16.2,53.2,49.4,3.26,1e-05,0.05,50,0.60,0.45,True,62.5,3,5,0.011018862631654037,0.10497077036801263,3.1741066652642203,8.196493705806152,-5.77,9.029,3.176,4.041,2.077,
2959,100,5,59.8,68.7,84.1,4.45,1e-06,0.1,120,0.60,0.45,True,105.9,3,5,0.0025360458081398647,0.0503591680644137,0.8897093784160421,1.2423708595967038,3.973,0.481,0.89,3.0,1.838,
2952,100,5,86.4,25.6,84.0,4.98,1e-06,0.1,80,0.35,0.40,True,149.6,3,5,0.006959248743188015,0.08342211183605948,0.10413725476478089,1.2884270582062536,6.236,1.253,0.124,12.637,1.763,
2943,100,5,96.9,27.7,94.7,4.89,1e-06,0.1,25,0.45,0.55,True,207.8,3,5,12.975376476445609,3.6021349886484835,1.235444408766327,2.9129837708799737,7.523,2.638,3.735,26.321,2.223,
2970,100,5,54.5,29.3,55.1,4.74,1e-05,0.05,50,0.60,0.58,True,80.10000000000001,3,5,0.6603171227264292,0.8125989925704001,1.78875024360064,3.307170240512914,1.476,3.26,1.823,4.928,1.772,
2966,100,5,80.8,34.8,81.4,4.71,1e-05,0.05,50,center,center,True,122.9,3,5,0.3187583209875773,0.5645868586741789,0.32975255161556366,1.2683465319208662,6.095,1.385,0.636,1.169,1.722,
2980,100,5,25.7,37.9,38.8,3.03,1e-05,0.05,120,0.60,0.58,True,55.6,3,5,0.017248375817612238,0.1313330720634077,1.0397500999462783,4.288218359325868,6.988,3.959,1.043,2.383,1.674,
2971,100,5,58.4,24.2,56.8,2.59,1e-05,0.05,80,center,center,True,91.9,3,4,0.04078941473433985,0.20196389463054987,1.9760774566563535,2.5769322530082284,5.398,2.803,1.978,6.8,1.969,
2986,100,5,19.5,37.4,35.5,2.09,1e-05,0.1,50,center,center,True,46.5,3,4,0.041831411966893835,0.20452728905183737,1.3341459777631848,1.922985717858132,4.404,2.319,1.337,3.346,1.886,
2974,100,5,34.6,88.2,88.3,3.3,1e-05,0.05,80,0.60,0.45,True,77.2,3,5,0.5624836305650018,0.7499890869639383,0.9560543070629438,1.6833944100928668,1.702,1.593,1.1,1.756,2.003,
2979,100,5,37.2,18.4,34.9,3.62,1e-05,0.05,120,0.60,0.45,True,50.6,3,4,0.1611761640741794,0.4014675130993533,1.477361135552479,3.7764653223046696,7.503,3.887,1.492,1.715,1.989,
2993,100,5,19.1,16.2,18.0,1.54,1e-05,0.1,80,0.45,0.55,True,29.3,3,5,0.032227201795337744,0.17951936328802456,2.2461967537062626,3.0647213687063957,4.395,2.854,2.248,3.142,1.972,
2972,100,5,56.7,53.1,70.6,3.54,1e-05,0.05,80,0.35,0.40,True,93.2,3,5,0.013264331068475048,0.11517087769256187,0.5395837960165438,0.6407252945018382,4.082,0.54,0.55,0.92,1.648,
2978,100,5,62.9,6.0,57.9,3.37,1e-05,0.05,120,0.45,0.55,True,94.80000000000001,3,4,0.02797033633650868,0.16724334467029975,0.560681348524666,1.3648314180771053,4.432,1.066,0.574,1.642,1.857,
2984,100,5,21.8,51.9,49.8,3.33,1e-05,0.1,25,0.60,0.45,True,67.0,3,5,1.3037745277123083,1.1418294652496528,2.6580563803821784,5.5929744080710915,-2.855,6.182,2.658,6.744,1.76,
2991,100,5,25.2,22.9,27.0,4.43,1e-05,0.1,80,center,center,True,52.5,3,4,0.09329967590476995,0.30544995646549034,2.6283104268270474,2.977524396154769,7.673,3.247,2.629,5.207,1.882,
2975,100,5,78.6,96.4,117.4,3.18,1e-05,0.05,80,0.60,0.58,True,103.30000000000001,3,5,0.1284699754869332,0.35842708531434003,0.3638459406629962,1.0463810808433973,2.195,0.981,0.471,2.279,2.543,
2982,100,5,26.9,51.2,51.1,2.79,1e-05,0.1,25,0.35,0.40,True,72.9,3,5,0.03909650496384767,0.19772836155657506,2.4702592713309524,10.431154547319261,-8.357,11.149,2.472,9.407,1.833,
2973,100,5,82.8,40.8,85.7,1.77,1e-05,0.05,80,0.45,0.55,True,119.9,3,5,0.009450433098866735,0.09721333807079528,0.5595597325238688,0.967629379093409,2.68,0.91,0.562,2.282,1.701,
2981,100,5,61.4,30.7,62.0,2.18,1e-05,0.1,25,center,center,True,95.60000000000001,3,5,0.5911270390305012,0.7688478646848811,0.8011973905547883,1.1757397233493123,1.873,0.306,1.036,8.926,1.808,
2976,100,5,49.7,97.0,102.3,2.57,1e-05,0.05,120,center,center,True,111.9,3,5,0.02045200070779251,0.14301049160041548,0.9024151212100749,1.7806642499763448,4.103,1.535,0.911,1.291,1.525,
2992,100,5,6.9,52.4,47.4,1.97,1e-05,0.1,80,0.35,0.40,True,62.800000000000004,3,4,2.006052139148202,1.4163517003725459,2.1221251969777493,5.781596497820959,-4.52,6.486,2.405,4.422,1.741,
2996,100,5,13.5,38.9,35.0,2.75,1e-05,0.1,120,center,center,True,48.1,3,4,0.339118539928316,0.5823388531845664,5.2500124042140435,5.402832861535593,7.619,4.868,5.25,7.631,3.091,
2989,100,5,3.8,83.8,78.8,2.04,1e-05,0.1,50,0.60,0.45,True,83.2,3,4,0.0016742605034138886,0.04091772847329002,0.36877901301237276,2.5349493689659193,4.668,2.624,0.37,1.611,1.533,
2829,100,5,79.9,47.5,86.1,4.12,1e-06,0.1,50,0.60,0.45,False,900.0,2,5,72.54073462686858,8.51708486671752,7.5362126776448095,9.488683023909351,-0.804,4.924,8.446,422.496,2.933,vittima non trovata entro 15 minuti
2988,100,5,63.4,35.2,65.8,2.44,1e-05,0.1,50,0.45,0.55,True,98.80000000000001,3,5,0.024232931868481626,0.1556693029099881,0.5463126126923409,0.7152908505385066,2.681,0.246,0.564,6.482,1.834,
2995,100,5,35.1,43.7,49.0,2.12,1e-05,0.1,80,0.60,0.58,True,62.300000000000004,3,4,0.007677335404692688,0.08762040518448136,0.7297406429504373,1.8336701141468967,0.462,1.66,0.732,2.567,1.63,
2977,100,5,91.3,29.4,89.6,2.0,1e-05,0.05,120,0.35,0.40,True,138.3,3,5,0.012323924913768613,0.11101317450541,0.7526056252409601,0.8182516366117302,1.676,0.321,0.761,2.478,1.611,
2983,100,5,77.3,66.7,95.1,3.89,1e-05,0.1,25,0.45,0.55,True,110.4,3,5,0.863816310357399,0.9294171885420449,0.3556208412201093,2.2841383097434775,6.04,2.153,0.946,6.638,1.815,
2985,100,5,80.5,41.0,83.6,4.76,1e-05,0.1,25,0.60,0.58,True,118.4,3,5,0.7326206957415866,0.8559326467319649,0.6772158935007115,0.8078040193027708,5.538,0.78,1.066,9.287,2.002,
2990,100,5,59.1,93.2,103.4,1.2,1e-05,0.1,50,0.60,0.58,True,107.0,3,5,0.02324648982955408,0.15246799608296188,0.9443599131925856,1.3924946015294484,2.228,1.023,0.946,0.853,1.723,
2999,100,5,40.5,53.4,60.0,4.13,1e-05,0.1,120,0.60,0.45,True,68.8,3,5,3.3001885351423716,1.816642104307387,0.8578939718083378,1.0800831077933222,3.146,0.982,1.535,2.785,1.72,
2998,100,5,38.3,57.0,61.7,1.45,1e-05,0.1,120,0.45,0.55,True,81.5,3,5,0.02355674103797672,0.1534820544492962,0.6595133990548291,1.3728954535124975,2.861,1.415,0.662,1.243,1.86,
2987,100,5,82.5,10.6,77.7,3.51,1e-05,0.1,50,0.35,0.40,True,138.20000000000002,3,5,0.0345174295843739,0.18578866914958483,1.9107446428061838,2.6886091385305013,5.977,2.47,1.914,3.63,2.195,
2994,100,5,71.6,52.1,81.6,1.1,1e-05,0.1,80,0.60,0.45,True,102.5,3,5,1.9421089902046815,1.393595705434213,2.759997637414107,5.768962186244089,-5.129,6.232,2.943,1.959,1.997,
2997,100,5,58.5,96.6,106.1,4.76,1e-05,0.1,120,0.35,0.40,True,102.80000000000001,3,5,0.0033566208723341162,0.057936351907365694,2.021328815698657,2.268917157584319,5.787,1.031,2.022,1.435,1.87,
3010,100,5,21.9,29.5,29.8,2.36,1e-07,0.05,50,0.60,0.58,True,54.1,3,5,0.012552782577800972,0.1120392010762348,1.1769626058365743,3.935049156545273,-1.56,3.919,1.18,2.998,1.784,
3003,100,5,23.7,27.6,29.3,3.12,1e-07,0.05,25,0.45,0.55,True,60.1,3,5,0.015805007870417487,0.12571796956051068,1.1156037506058496,1.120537711025141,2.628,0.491,1.117,2.103,1.81,
3008,100,5,40.8,3.8,35.8,2.6,1e-07,0.05,50,0.45,0.55,True,70.3,3,4,0.007979242872883239,0.08932660786620769,1.3392374076479345,2.6443681440693276,0.016,2.585,1.341,5.065,1.643,
3012,100,5,45.6,6.7,40.6,3.37,1e-07,0.05,80,0.35,0.40,True,71.7,3,5,4.637982340643552,2.1535975345090717,5.052017378868405,6.1519654876846435,8.451,5.082,5.066,5.631,3.113,
3001,100,5,98.6,3.3,93.7,2.16,1e-07,0.05,25,center,center,True,117.0,3,5,25.645042666303137,5.064093469348995,0.9999899812377555,3.0108116909392257,4.996,2.84,3.63,5.98,2.395,
3025,100,5,4.6,22.8,17.9,1.96,1e-07,0.1,25,0.60,0.58,True,22.200000000000003,3,4,0.43849285602996396,0.6621879310512718,0.7779935766052585,0.991917718848552,1.228,0.734,0.791,2.316,1.825,
3000,100,5,80.3,45.1,85.3,3.2,1e-05,0.1,120,0.60,0.58,True,119.2,3,5,0.04158372812221855,0.2039208869199488,1.0141558778878856,1.0966191094006252,2.266,0.934,1.018,4.01,1.664,
2826,100,5,97.6,34.3,97.1,4.54,1e-06,0.1,50,center,center,False,900.0,2,5,167.42368507730413,12.93923046696766,13.42706200452078,15.006178794757588,11.244,6.701,14.058,392.05,2.728,vittima non trovata entro 15 minuti
3020,100,5,27.1,15.7,24.6,4.69,1e-07,0.05,120,0.60,0.58,True,46.0,3,5,0.018426968771909802,0.13574597147580403,2.2666916596985813,3.979353713747056,1.738,2.952,2.268,2.254,1.882,
3002,100,5,44.6,53.7,62.8,2.91,1e-07,0.05,25,0.35,0.40,True,101.5,3,5,0.026246239262461224,0.16200691115647264,0.40165659564289297,0.7754361087587028,2.406,0.501,0.428,3.818,1.734,
3004,100,5,11.7,87.0,82.3,1.39,1e-07,0.05,25,0.60,0.45,True,109.5,3,5,6.097507348341903,2.469313132905971,2.94204298043463,2.9477356760749047,-1.531,2.916,3.213,5.954,2.127,
3007,100,5,51.5,49.4,64.2,1.91,1e-07,0.05,50,0.35,0.40,True,99.4,3,5,0.011932101231530818,0.10923415780574691,2.0756141141303157,2.3789012081200647,3.849,1.937,2.077,1.965,1.779,
3011,100,5,19.5,47.2,44.6,4.9,1e-07,0.05,80,center,center,True,85.10000000000001,3,5,0.11031887625257357,0.33214285518820597,0.8248315719318317,1.1054709210034213,5.056,0.157,0.843,3.307,2.21,
3006,100,5,31.3,65.2,65.7,4.19,1e-07,0.05,50,center,center,True,101.7,3,5,0.058345758689793095,0.24154866733185074,0.6168819184247927,1.5327553069989106,5.649,1.457,0.641,0.514,2.101,
3019,100,5,8.3,48.9,44.0,3.13,1e-07,0.05,120,0.60,0.45,True,77.2,3,5,0.11096076610433724,0.33310773948429545,0.5149476941908834,1.7679445619441616,1.189,1.937,0.6,1.939,1.834,
3016,100,5,40.8,89.6,91.9,4.05,1e-07,0.05,120,center,center,True,109.80000000000001,3,5,0.048021117692696826,0.21913721202182168,0.8449720798696775,1.0672592815635933,20.182,16.13,0.848,1.451,1.849,
3015,100,5,16.5,63.1,59.3,3.88,1e-07,0.05,80,0.60,0.58,True,100.5,3,5,0.7391374856101492,0.859731054231583,1.5287966859632178,8.038789638263088,-4.608,8.485,1.577,1.829,1.867,
3009,100,5,89.5,4.4,84.5,2.39,1e-07,0.05,50,0.60,0.45,True,133.3,3,5,0.014236875914160504,0.1193183804539791,0.9003325987968382,1.128868823239145,19.361,16.976,0.905,11.623,1.63,
3013,100,5,26.6,69.4,67.9,4.77,1e-07,0.05,80,0.45,0.55,True,102.5,3,5,0.045142795442656466,0.21246833985951052,1.124672846947926,1.893928738497483,6.141,1.369,1.132,2.037,2.062,
3031,100,5,32.4,0.1,27.8,2.39,1e-07,0.1,80,center,center,True,43.400000000000006,4,5,0.16036081541466635,0.400450765281659,3.4231268636626617,12.645913627962099,12.209,9.817,3.43,5.249,3.046,
2784,100,5,30.6,95.4,93.9,2.23,1e-07,0.1,25,0.60,0.45,False,900.0,0,5,26.339138575884498,5.132167044814938,27.35531630068092,27.531937323744785,22.377,20.148,27.783,708.793,3.522,vittima non trovata entro 15 minuti
3038,100,5,14.6,20.0,17.8,2.15,1e-07,0.1,120,0.45,0.55,True,24.200000000000003,3,5,0.009618206276813368,0.09807245422040466,0.7139919263369073,2.531799436595265,4.666,2.521,0.72,2.646,1.859,
3024,100,5,51.2,13.4,46.9,1.83,1e-07,0.1,25,0.60,0.45,True,86.4,3,5,0.07044898812235169,0.26542228264098644,2.982355375431609,3.003837774265398,3.87,2.043,2.983,4.911,2.043,
3046,100,5,14.0,11.1,10.9,3.23,1e-06,0.05,50,center,center,True,0.9,3,2,0.0400868759704723,0.20021707212541168,7.504236666578002,13.149682744294449,11.04,7.808,7.506,7.485,3.431,
3022,100,5,72.8,53.8,83.6,2.88,1e-07,0.1,25,0.35,0.40,True,117.2,3,5,13.924077321343319,3.7314979996434836,0.7167700264682031,0.7225417830231522,2.707,0.169,2.8,9.48,2.45,
3023,100,5,53.0,49.8,65.6,3.95,1e-07,0.1,25,0.45,0.55,True,110.0,3,5,1.6643202557128065,1.2900853676066582,2.0432276824798374,5.860130232307379,-2.402,6.349,2.167,3.902,1.881,
3026,100,5,46.8,8.7,41.9,2.95,1e-07,0.1,50,center,center,True,101.10000000000001,3,5,2.4532874434739966,1.566297367511673,0.37123397105702055,0.7380685041874046,3.435,0.487,1.195,20.393,1.791,
3027,100,5,53.7,75.7,85.9,3.72,1e-07,0.1,50,0.35,0.40,True,97.80000000000001,3,5,0.03977528776998734,0.1994374282074138,1.7685514480460438,2.6882699880639565,6.31,2.587,1.77,5.559,1.884,
3021,100,5,79.2,89.1,112.2,3.14,1e-07,0.1,25,center,center,True,136.3,3,5,9.681661714196533,3.1115368733467603,3.529000397273931,9.201346729263177,-7.129,10.266,4.124,8.638,2.419,
3033,100,5,74.1,17.5,70.2,4.55,1e-07,0.1,80,0.45,0.55,True,93.9,3,5,0.010112516821592378,0.10056101044436844,0.7582577314792154,1.8830453716992315,6.14,1.588,0.763,10.291,1.91,
3028,100,5,47.7,50.6,62.4,3.96,1e-07,0.1,50,0.45,0.55,True,99.80000000000001,3,5,0.06616236013733583,0.2572204504648412,1.1323302525934098,3.3067392066943957,6.979,3.016,1.141,1.113,1.851,
3030,100,5,41.7,41.4,51.7,3.88,1e-07,0.1,50,0.60,0.58,True,98.30000000000001,3,5,0.021644831842021574,0.14712182653169303,1.189898206076458,2.2569242886382135,2.232,1.652,1.193,6.05,1.804,
2879,100,5,60.4,70.2,85.5,4.97,1e-05,0.1,120,0.60,0.45,False,900.0,2,5,1645.5217779014415,40.565031466787275,31.992085341130387,32.92125662493235,-10.431,15.399,34.286,526.494,2.428,vittima non trovata entro 15 minuti
3017,100,5,41.1,92.1,94.3,2.45,1e-07,0.05,120,0.35,0.40,True,144.0,3,5,0.009572996461836802,0.09784169081652669,1.753598064146923,1.8078793444454304,2.894,0.44,1.755,2.195,1.852,
3029,100,5,74.0,86.1,106.5,1.06,1e-07,0.1,50,0.60,0.45,True,118.30000000000001,3,5,0.004137904969167829,0.06432654948905489,0.6752588112588405,0.9472156234805343,0.769,0.292,0.676,3.607,1.576,
3034,100,5,23.3,61.1,59.0,1.22,1e-07,0.1,80,0.60,0.45,True,95.4,3,5,0.24530465681784933,0.49528240107826293,2.5005559916061535,7.016532423622949,-6.541,7.757,2.518,2.338,2.26,
3036,100,5,79.8,2.4,74.8,1.38,1e-07,0.1,120,center,center,True,112.30000000000001,3,5,0.06437900587972926,0.2537301832256645,3.2468205148643463,7.63293101392972,-7.538,8.918,3.249,4.934,2.047,
3032,100,5,54.6,49.4,66.6,2.67,1e-07,0.1,80,0.35,0.40,True,130.3,3,5,0.02916633183098089,0.1707815324646693,0.24070656023389325,1.8237443959650466,4.544,1.872,0.243,19.802,1.853,
3035,100,5,73.3,86.8,106.5,3.4,1e-07,0.1,80,0.60,0.58,True,128.9,3,5,0.009371225413840278,0.09680508981370907,0.7102482844420682,0.7588136689348963,2.974,0.426,0.712,3.125,1.697,
3041,100,5,28.7,57.1,57.2,3.89,1e-06,0.05,25,center,center,True,95.4,3,5,0.017992000895603266,0.13413426443531595,0.6371982397206251,0.8142054629257122,3.949,0.061,0.642,3.151,1.98,
3018,100,5,91.2,19.9,87.5,4.58,1e-07,0.05,120,0.45,0.55,True,205.4,3,5,0.0040147672243800656,0.0633621908110828,1.6467379397916941,1.7325251054332544,24.906,20.324,1.647,4.725,1.654,
3039,100,5,71.9,47.9,79.5,1.29,1e-07,0.1,120,0.60,0.45,True,112.9,3,5,1.7701609173161525,1.3304739446212965,2.167251553729168,4.324954945473474,-3.316,4.606,2.487,2.201,2.068,
3044,100,5,57.9,55.9,73.4,4.61,1e-06,0.05,25,0.60,0.45,True,112.60000000000001,3,5,12.223137703163264,3.496160422973074,3.2874660456974127,7.071847680852569,10.944,6.337,4.105,8.384,2.308,
3040,100,5,33.8,58.0,60.3,3.65,1e-07,0.1,120,0.60,0.58,True,95.10000000000001,3,5,0.01631930296898784,0.12774702724129372,1.4098283745023257,2.3653319153414367,5.459,1.812,1.413,1.963,1.798,
3045,100,5,64.2,36.9,67.2,3.74,1e-06,0.05,25,0.60,0.58,True,98.30000000000001,3,5,8.42700661835283,2.902930694720911,1.458605450056951,4.948215839046432,8.451,4.708,2.767,2.826,2.215,
3068,100,5,1.1,9.2,5.8,4.56,1e-06,0.1,50,0.45,0.55,True,0.30000000000000004,3,2,0.022200547972800574,0.14899848312248207,4.002473364688698,4.0274622697239675,6.181,1.624,4.005,4.034,3.214,
3037,100,5,89.3,89.5,119.4,2.91,1e-07,0.1,120,0.35,0.40,True,139.9,3,5,0.005965041914022949,0.07723368380456126,0.8269203129079917,1.3659225605304242,4.292,1.38,0.83,3.744,1.627,
3047,100,5,83.6,67.4,100.4,1.24,1e-06,0.05,50,0.35,0.40,True,134.1,3,5,2.167523273421098,1.472251090480526,2.0095903381320506,2.9030930542560847,3.719,2.475,2.28,2.537,2.261,
3060,100,5,3.3,35.0,30.0,2.58,1e-06,0.05,120,0.60,0.58,True,53.800000000000004,3,5,0.01771262004540717,0.13308876754034193,1.396490039751458,1.532790673085439,1.677,0.905,1.399,2.23,1.874,
3050,100,5,71.4,5.6,66.4,4.08,1e-06,0.05,50,0.60,0.58,True,106.5,3,5,0.010134947156562983,0.10067247467189322,1.2483725811196096,4.666921492379745,8.542,4.46,1.251,9.796,1.734,
3048,100,5,45.7,23.2,44.6,3.51,1e-06,0.05,50,0.45,0.55,True,89.5,3,5,0.036361367047975046,0.19068656756042113,0.4645898164061618,1.2184404468301215,4.52,1.012,0.493,5.255,1.82,
3042,100,5,52.9,94.4,101.4,1.05,1e-06,0.05,25,0.35,0.40,True,152.8,3,5,5.3149210880689655,2.3054112622412872,2.025759726413104,2.297275464347013,-0.032,1.083,2.305,10.2,2.052,
3053,100,5,63.7,19.8,60.5,2.31,1e-06,0.05,80,0.45,0.55,True,91.60000000000001,3,5,0.024227442352253173,0.15565166993082077,0.7722259954366428,2.821672850861162,5.312,3.004,0.778,5.727,1.982,
3055,100,5,50.0,54.8,67.1,2.87,1e-06,0.05,80,0.60,0.58,True,100.4,3,5,0.03134725540511897,0.17705156143089779,1.3481201305362576,6.4932156867003155,9.036,6.161,1.357,1.115,1.682,
3077,100,5,1.8,2.0,4.4,4.16,1e-06,0.1,120,0.35,0.40,True,0.2,3,2,0.13079229726420938,0.36165217718715503,3.236065073553506,3.291652901252888,3.667,0.492,3.245,3.232,2.788,
3052,100,5,30.4,77.3,76.6,4.31,1e-06,0.05,80,0.35,0.40,True,101.60000000000001,3,5,0.166208687424064,0.40768699687881144,0.6011264604268907,0.9851537800084931,3.833,0.481,0.608,1.173,1.877,
3051,100,5,88.3,42.2,91.2,3.91,1e-06,0.05,80,center,center,True,137.20000000000002,3,5,0.13444474032212334,0.3666670701360068,0.9290612475236629,1.066109316086413,4.914,1.0,0.984,5.665,1.57,
3049,100,5,99.0,31.1,97.5,2.77,1e-06,0.05,50,0.60,0.45,True,153.4,3,5,0.22346410194959815,0.4727198979835714,0.3746590910244765,1.179060356748345,3.885,1.118,0.585,2.398,1.828,
3056,100,5,60.9,58.9,77.7,4.75,1e-06,0.05,120,center,center,True,106.2,3,5,1.121798761520343,1.0591500184205933,2.247841368253774,3.6150792729972783,0.482,4.264,2.335,3.371,1.725,
3080,100,5,4.8,19.8,14.8,3.89,1e-06,0.1,120,0.60,0.58,True,13.200000000000001,3,3,0.036550639095525354,0.19118221438074556,0.3217363105530711,0.7106730142404675,4.47,0.583,0.352,0.92,1.784,
3058,100,5,15.6,62.1,58.1,2.97,1e-06,0.05,120,0.45,0.55,True,101.2,3,5,0.2035883025232551,0.451207604682429,1.1466970694197425,1.5024098889561863,3.852,0.882,1.207,0.899,2.117,
3057,100,5,91.0,45.7,95.2,4.47,1e-06,0.05,120,0.35,0.40,True,127.7,3,5,0.010324021592969787,0.10160719262419264,0.9666220682435052,1.887146225418071,6.088,1.621,0.972,4.562,1.66,
3064,100,5,65.2,5.4,60.2,3.3,1e-06,0.1,25,0.60,0.45,True,90.4,3,5,42.255468606724016,6.500420648444531,1.779318253881371,10.891900479805484,15.331,12.034,6.14,13.007,4.269,
3061,100,5,50.6,30.5,52.2,2.36,1e-06,0.1,25,center,center,True,106.30000000000001,3,5,12.073975854878473,3.47476270483014,1.6636154037071191,4.930356888141906,8.179,5.82,2.419,13.037,2.341,
3059,100,5,81.1,86.7,111.7,2.21,1e-06,0.05,120,0.60,0.45,True,136.1,3,5,0.0063270469730735334,0.07954273677133276,0.9099740467586173,0.970636721167257,2.232,0.024,0.912,3.017,1.596,
3065,100,5,27.7,63.8,63.0,1.29,1e-06,0.1,25,0.60,0.58,True,110.9,3,5,0.007382108153550493,0.0859191954894277,1.627641473263641,7.828327912278718,-7.043,8.333,1.628,14.107,1.876,
3078,100,5,5.1,48.2,43.2,4.99,1e-06,0.1,120,0.45,0.55,True,92.10000000000001,3,4,0.019035690844990516,0.13796989108131713,0.7302719859546813,1.0921594715432439,6.006,1.012,0.733,1.343,2.127,
3067,100,5,67.8,78.5,96.7,3.14,1e-06,0.1,50,0.35,0.40,True,122.7,3,5,0.018266093536313727,0.13515211258546322,0.7332119704517704,1.0429692088109792,2.598,0.539,0.74,14.822,1.738,
3063,100,5,17.3,61.1,57.5,1.41,1e-06,0.1,25,0.45,0.55,True,116.0,3,5,0.027920883885790226,0.16709543346779476,1.595187419449769,3.878090541531663,5.191,3.781,1.601,13.81,1.876,
3091,100,5,12.4,3.1,7.7,2.95,1e-05,0.05,80,center,center,True,0.2,3,3,0.06447364342953735,0.25391660723461423,7.727373088541167,11.432195751995083,7.22,4.269,7.731,7.753,3.7,
3071,100,5,36.9,88.3,89.2,2.56,1e-06,0.1,80,center,center,True,108.5,3,5,0.05517538010304117,0.23489440202576384,1.3948033660239794,1.432006729379829,1.911,0.645,1.397,2.744,1.879,
3066,100,5,72.7,24.9,70.6,3.9,1e-06,0.1,50,center,center,True,122.80000000000001,3,5,7.401961087502604,2.72065453292082,2.1551198057334884,2.6788005860396504,1.187,2.715,2.75,11.578,2.322,
3069,100,5,84.3,95.7,120.5,3.42,1e-06,0.1,50,0.60,0.45,True,135.9,3,5,0.08550546359841324,0.29241317275118306,1.555207130060303,3.07875922702433,6.079,2.657,1.557,5.632,1.92,
3084,100,5,57.2,1.9,52.3,2.63,1e-05,0.05,25,0.60,0.45,True,86.0,3,2,6.917922222165535,2.6301943316351237,3.7028318864223086,3.97893426919954,2.404,0.226,4.104,3.468,2.624,
3076,100,5,87.9,9.9,83.0,3.66,1e-06,0.1,120,center,center,True,119.0,3,5,0.0037509048707241584,0.0612446313624644,3.1165121549735293,9.222006418217516,-7.127,10.791,3.117,6.215,1.884,
3073,100,5,68.7,66.2,88.3,2.71,1e-06,0.1,80,0.45,0.55,True,121.80000000000001,3,5,0.04618769131609861,0.21491321810465408,1.3144629036987747,3.320164212334266,5.901,3.189,1.317,1.082,1.886,
3074,100,5,15.0,67.4,63.2,3.92,1e-06,0.1,80,0.60,0.45,True,99.9,3,5,0.05338662671039643,0.2310554624119422,4.1013952055609595,12.052569691420526,-9.111,13.028,4.104,1.094,1.963,
3082,100,5,35.5,63.5,66.0,4.91,1e-05,0.05,25,0.35,0.40,True,85.2,3,5,3.1878529034578165,1.785455937137015,0.9916810750476712,4.380093148122316,0.278,4.627,1.541,4.236,2.338,
3083,100,5,77.7,53.5,87.4,2.45,1e-05,0.05,25,0.45,0.55,True,104.30000000000001,3,5,41.94580063593499,6.4765577767773355,3.230316148372945,3.85077760702288,3.098,0.65,3.524,14.665,1.978,
3075,100,5,33.9,52.9,55.9,4.45,1e-06,0.1,80,0.60,0.58,True,93.0,3,5,0.01991025276558039,0.14110369508124296,0.4254916257770577,4.376765526409745,0.229,4.221,0.443,0.329,1.823,
2912,100,5,8.5,96.8,91.8,3.66,1e-07,0.1,80,0.35,0.40,False,900.0,0,5,139.91106885166613,11.828400942294191,17.54579428664627,17.551833248480527,24.938,21.282,18.152,412.452,3.257,vittima non trovata entro 15 minuti
3072,100,5,78.2,63.6,93.8,4.69,1e-06,0.1,80,0.35,0.40,True,134.20000000000002,3,5,0.297878363678396,0.5457823409367474,0.7677707449126966,1.2558051896952678,3.773,0.919,0.933,10.146,1.865,
3085,100,5,74.7,12.5,70.1,4.21,1e-05,0.05,25,0.60,0.58,True,114.2,3,5,0.04906101902694485,0.22149722126235546,0.5393868711592192,2.1030076987291015,6.071,1.857,0.566,8.145,1.761,
3086,100,5,41.1,85.4,88.1,1.53,1e-05,0.05,50,center,center,True,93.0,3,5,0.02398411337824033,0.15486805150914867,0.2839349468003456,0.94192876443229,2.623,1.09,0.307,0.869,1.628,
3079,100,5,96.6,75.8,115.7,4.25,1e-06,0.1,120,0.60,0.45,True,169.4,3,5,0.01622913010640441,0.1273936030827467,2.3739540471403475,6.1392718527992365,-1.413,5.662,2.377,9.519,1.639,
2901,100,5,75.2,73.2,97.9,1.78,1e-07,0.1,25,center,center,False,900.0,2,5,30.017532940360304,5.478825872425615,7.729438743888533,11.118990341454998,5.509,3.726,9.112,375.681,3.822,vittima non trovata entro 15 minuti
3089,100,5,77.5,47.2,83.9,3.62,1e-05,0.05,50,0.60,0.45,True,102.60000000000001,3,5,0.031552275080962915,0.1776296008016764,0.36422409999626393,0.8457436846587126,4.546,0.922,0.393,5.094,1.672,
3088,100,5,43.0,89.2,92.3,3.88,1e-05,0.05,50,0.45,0.55,True,90.80000000000001,3,5,0.01931371111696935,0.13897377852303416,0.2223956475964711,1.2221015153564285,5.105,1.227,0.231,0.885,1.703,
3101,100,5,60.8,4.6,55.8,4.15,1e-05,0.1,25,center,center,True,78.10000000000001,3,4,7.641776739190689,2.764376374372833,3.023105508816522,11.247894484410985,13.017,8.872,3.073,11.565,1.977,
3096,100,5,86.1,66.8,102.0,1.22,1e-05,0.05,120,center,center,True,110.30000000000001,3,5,0.0041597451796829684,0.06449608654548715,0.6753614052701084,1.1620982504515058,0.532,0.683,0.678,1.512,1.654,
3095,100,5,44.9,78.9,84.0,1.81,1e-05,0.05,80,0.60,0.58,True,83.2,3,5,0.013904250540373628,0.11791628615409165,0.7233801001145637,0.7234852644106788,1.952,0.138,0.725,0.15,1.601,
3098,100,5,12.1,56.7,52.1,3.88,1e-05,0.05,120,0.45,0.55,True,74.4,3,4,0.00556768124069771,0.07461689648261786,1.9145825923825952,2.8503007855745306,6.413,2.537,1.915,2.602,1.821,
3112,100,5,21.5,1.2,16.9,4.22,1e-05,0.1,80,0.35,0.40,True,17.400000000000002,3,4,0.03258803294693669,0.18052155812239348,5.683368664675997,6.724913160531679,9.772,5.55,5.684,5.555,2.667,
3092,100,5,60.4,62.2,79.6,4.63,1e-05,0.05,80,0.35,0.40,True,105.2,3,5,1.2348943365451925,1.1112579972918946,0.1357464212927669,2.3380615907951046,2.343,2.287,0.965,1.341,1.638,
3099,100,5,80.1,45.2,85.2,1.07,1e-05,0.05,120,0.60,0.45,True,116.9,3,5,0.0177477665820921,0.13322074381301172,0.39850830676295307,0.39852145474423933,0.926,0.147,0.407,1.763,1.658,
3087,100,5,57.2,78.0,89.7,3.15,1e-05,0.05,50,0.35,0.40,True,109.5,3,5,0.007720948805692775,0.08786892969470365,1.0023778673306842,2.276153252712331,5.494,2.346,1.004,5.244,1.658,
3093,100,5,78.6,1.2,73.7,2.39,1e-05,0.05,80,0.45,0.55,True,121.9,3,5,0.007156025805851936,0.08459329645930543,0.3553304508665483,1.8740796394564117,4.12,1.732,0.361,2.207,1.703,
3104,100,5,9.4,82.7,77.8,1.21,1e-05,0.1,25,0.60,0.45,True,86.0,3,5,0.0897640037883015,0.2996064147983175,0.8876792282878142,4.027319372846363,-3.408,4.62,0.891,9.087,1.825,
3097,100,5,93.1,83.7,118.1,3.84,1e-05,0.05,120,0.35,0.40,True,115.2,3,4,0.24833107029548304,0.49832827563312426,1.6723318232680142,3.551324185992258,6.974,3.133,1.683,2.789,2.457,
3102,100,5,93.9,63.8,106.6,4.05,1e-05,0.1,25,0.35,0.40,True,119.80000000000001,3,4,0.0022761592802201225,0.04770911108184812,1.216253216065813,2.6181245974110734,6.369,2.318,1.217,7.631,1.654,
3094,100,5,96.9,46.5,100.8,1.96,1e-05,0.05,80,0.60,0.45,True,126.10000000000001,3,4,0.14134511447995485,0.37595892658634245,0.005337284746503441,1.214500821606811,3.173,1.214,0.325,2.643,1.754,
2903,100,5,20.6,97.4,93.8,4.78,1e-07,0.1,25,0.45,0.55,False,900.0,0,5,52.021732119736335,7.212609244908276,14.495685274113526,14.970241213130553,-7.445,12.228,14.608,371.749,3.594,vittima non trovata entro 15 minuti
3103,100,5,81.9,97.2,120.0,1.84,1e-05,0.1,25,0.45,0.55,True,106.0,3,5,0.02009757341005848,0.1417659106063883,1.0018083324762908,3.339061030740298,-1.35,3.185,1.005,6.175,1.977,
3107,100,5,53.4,13.4,49.1,4.8,1e-05,0.1,50,0.35,0.40,True,82.5,3,5,0.019932003541767145,0.14118074777308393,1.631450823735056,2.9803484405438945,7.661,2.865,1.634,10.124,1.663,
3090,100,5,98.6,10.4,93.7,3.88,1e-05,0.05,50,0.60,0.58,True,146.8,3,4,0.04530077173605293,0.2128397794963454,2.5034166425381854,3.2654693320721986,5.974,2.097,2.507,4.208,2.264,
3106,100,5,3.9,74.2,69.3,4.43,1e-05,0.1,50,center,center,True,84.60000000000001,3,3,0.0009229581178238215,0.030380225769796734,0.3352027836505898,0.9868862529444408,5.488,1.053,0.335,2.452,1.756,
3100,100,5,97.5,62.2,108.8,2.65,1e-05,0.05,120,0.60,0.58,True,133.0,3,4,3.104204122889023,1.761875172334585,1.25268636458568,1.4330213587348606,3.345,0.696,2.156,4.507,2.041,
3109,100,5,54.7,15.6,50.8,4.62,1e-05,0.1,50,0.60,0.45,True,83.9,3,4,0.0031557942982086955,0.056176456796497014,0.9439140630136151,1.5737736495717367,6.325,1.701,0.944,5.589,1.701,
2894,100,5,3.2,92.1,87.1,2.52,1e-07,0.05,80,0.60,0.45,False,900.0,0,5,29.3407735290908,5.416712428133027,19.16012529071461,20.54118346436585,9.929,7.405,19.192,253.857,8.592,vittima non trovata entro 15 minuti
3105,100,5,48.2,94.4,99.3,4.29,1e-05,0.1,25,0.60,0.58,True,109.30000000000001,3,5,0.018803907498164563,0.13712734044735414,0.8528273477041834,1.2336840300537593,5.182,0.891,0.856,8.003,2.126,
3108,100,5,84.5,30.0,83.4,1.06,1e-05,0.1,50,0.45,0.55,True,117.7,3,5,0.014720531114261269,0.12132819587491306,0.6853301732342724,0.6919579546695795,1.124,0.06,0.689,2.61,1.768,
3115,100,5,43.4,56.2,64.0,4.04,1e-05,0.1,80,0.60,0.58,True,79.5,3,5,0.013864018676018702,0.117745567542981,0.36585723295216316,1.9654609540179355,5.963,1.923,0.38,1.592,1.653,
3111,100,5,30.2,60.6,61.0,2.22,1e-05,0.1,80,center,center,True,73.9,3,5,0.025291157537491546,0.15903193873399,0.8104114986910523,1.1789213525749365,1.558,0.658,0.825,1.554,1.808,
3110,100,5,64.5,72.0,89.6,2.72,1e-05,0.1,50,0.60,0.58,True,108.0,3,5,0.01873869654574612,0.1368893587746912,0.4985805522205507,8.08620002425581,-5.417,8.133,0.504,12.276,1.713,
3118,100,5,69.0,9.0,64.1,4.95,1e-05,0.1,120,0.45,0.55,True,94.10000000000001,3,3,1.1134696616864384,1.055210719091897,1.011144602104751,1.8404979974066338,3.059,1.886,1.059,3.878,1.668,
3114,100,5,58.8,42.3,65.5,4.11,1e-05,0.1,80,0.60,0.45,True,83.80000000000001,3,5,0.009113594253669895,0.09546514680065125,1.8460350092711801,8.30813796272002,-4.967,9.072,1.848,1.921,1.799,
3120,100,5,26.8,70.9,69.4,4.15,1e-05,0.1,120,0.60,0.58,True,75.60000000000001,3,5,0.25916245620980816,0.5090800096348393,0.5721903844500755,6.848539637969737,-2.867,7.013,0.733,3.145,1.76,
3113,100,5,68.6,31.6,68.9,2.7,1e-05,0.1,80,0.45,0.55,True,99.0,3,5,0.5921703692747131,0.7695260679630763,1.282047667151524,3.157512207549473,-0.728,3.424,1.285,3.997,1.675,
2925,100,5,86.2,36.4,87.1,3.68,1e-06,0.05,25,0.60,0.58,False,900.0,2,5,190.79178117535054,13.812739814220441,5.956880011775593,7.204755061870722,-2.814,6.493,14.534,992.721,3.414,vittima non trovata entro 15 minuti
3117,100,5,96.7,38.8,97.8,3.63,1e-05,0.1,120,0.35,0.40,True,135.0,3,4,0.003852953806645382,0.06207216611852193,1.0918530448161794,1.5396949408597076,2.542,1.086,1.092,2.118,1.665,
3127,100,5,25.9,65.9,64.4,4.08,1e-07,0.05,50,0.35,0.40,True,100.60000000000001,3,5,2.511515051310034,1.58477602559795,0.7618592160108284,2.455616073850656,1.586,2.494,1.627,1.771,1.974,
3126,100,5,65.9,49.1,75.1,1.69,1e-07,0.05,50,center,center,True,118.0,3,5,1.4968070587548263,1.223440664174126,3.7759764994148166,7.7266716134170315,-7.428,9.118,3.793,10.286,2.31,
3130,100,5,17.8,42.5,39.6,4.68,1e-07,0.05,50,0.60,0.58,True,75.9,3,5,0.0588085175164019,0.24250467524648242,1.4249943475755622,5.844381123215481,-1.291,5.969,1.436,2.19,2.084,
3128,100,5,66.6,46.5,74.3,1.9,1e-07,0.05,50,0.45,0.55,True,114.2,3,5,0.1445997858414298,0.3802627852438755,2.140026208749211,7.2495814835174,-5.954,7.857,2.15,4.995,1.935,
3116,100,5,90.7,60.6,102.1,3.36,1e-05,0.1,120,center,center,True,165.70000000000002,3,5,0.021653723883267265,0.14715204342199012,0.8821936807945997,1.073520428167386,25.289,21.929,0.889,4.238,1.703,
3122,100,5,61.2,39.5,66.0,1.34,1e-07,0.05,25,0.35,0.40,True,110.2,3,5,1.4419601153209471,1.2008164369798355,1.554099045923716,2.4641666218857132,3.78,2.437,1.623,4.057,1.935,
3129,100,5,39.4,87.2,89.2,1.2,1e-07,0.05,50,0.60,0.45,True,102.2,3,5,0.08366192124847929,0.28924370563329344,1.2631543310056936,3.5952220364381815,-2.803,4.004,1.281,1.557,1.828,
3139,100,5,32.5,18.2,30.5,4.65,1e-07,0.05,120,0.60,0.45,True,59.6,3,5,0.11336021257862543,0.3366900838733232,1.4590894486739756,6.123567116598715,-0.755,5.409,1.475,2.305,2.055,
3131,100,5,71.9,38.7,74.9,1.33,1e-07,0.05,80,center,center,True,113.4,3,5,0.014706207733128081,0.12126915408762477,2.6334162786874087,6.8033340922483205,-6.809,8.135,2.635,4.264,1.81,
3125,100,5,0.1,78.4,73.5,2.63,1e-07,0.05,25,0.60,0.58,True,128.4,3,5,0.01407793363247546,0.11865046831966344,1.5033727140436743,4.382334795754946,7.095,4.468,1.507,9.513,1.803,
3133,100,5,62.1,14.8,57.9,1.28,1e-07,0.05,80,0.45,0.55,True,102.30000000000001,4,5,0.10300278493826366,0.320940469461649,3.1297347691634956,9.690735004126042,9.437,8.153,3.133,6.535,2.335,
3119,100,5,75.8,87.5,108.7,1.27,1e-05,0.1,120,0.60,0.45,True,180.20000000000002,3,5,0.45829681359125857,0.6769762282320249,4.480844781106637,4.588000846772212,0.114,1.153,4.512,13.501,1.562,
3123,100,5,98.9,15.3,94.4,2.03,1e-07,0.05,25,0.45,0.55,True,166.70000000000002,3,5,0.1822889762827169,0.4269531312482869,0.10408028920007388,0.7995848259201529,2.827,0.793,0.401,5.286,1.907,
3005,100,5,96.5,54.7,104.1,1.88,1e-07,0.05,25,0.60,0.58,False,900.0,1,5,26.747157493468325,5.171765413615386,2.802279162522893,2.889594735015522,2.585,0.705,5.18,323.84,3.096,vittima non trovata entro 15 minuti
3135,100,5,1.8,69.8,64.8,1.42,1e-07,0.05,80,0.60,0.58,True,110.80000000000001,3,5,0.9578274408840335,0.9786865897129854,0.5885539054805664,1.25007779522941,2.524,1.103,1.105,1.579,1.662,
3134,100,5,77.2,61.1,91.4,3.99,1e-07,0.05,80,0.60,0.45,True,134.5,3,5,0.5562497796395246,0.7458215467788019,0.8808480807823453,1.0538447534295257,4.351,0.356,1.07,1.209,1.724,
3159,100,5,13.8,4.8,8.8,2.26,1e-07,0.1,120,0.60,0.45,False,0.2,3,3,1.6648169914259368,1.2902778737256315,10.058031508956697,11.874645706334071,9.936,7.672,10.088,10.08,5.067,vittima non trovata entro 15 minuti
3132,100,5,88.4,98.9,125.6,3.31,1e-07,0.05,80,0.35,0.40,True,136.0,3,5,0.008820241272554069,0.09391613957437811,3.9571868080279864,5.74315366908351,7.473,4.162,3.957,6.209,2.217,
3140,100,5,56.4,76.3,87.9,2.29,1e-07,0.05,120,0.60,0.58,True,111.10000000000001,3,5,0.01692230599963828,0.13008576401604552,1.1138805773599845,3.481705535858486,-1.087,3.375,1.115,1.246,1.648,
3138,100,5,88.7,54.2,97.1,4.09,1e-07,0.05,120,0.45,0.55,True,131.70000000000002,3,5,0.013818311211778208,0.11755131310103774,1.0519052789899086,2.606253361532366,6.612,2.526,1.053,1.601,1.709,
3137,100,5,35.8,97.8,97.8,4.61,1e-07,0.05,120,0.35,0.40,True,133.1,3,5,0.016302173891848536,0.12767996668173334,0.3906108245537115,0.6222944140923833,5.093,0.484,0.402,2.219,1.826,
3144,100,5,28.3,31.0,34.9,4.52,1e-07,0.1,25,0.60,0.45,True,71.9,3,5,1.0978241516675116,1.0477710397159827,1.5365967054131873,8.215197620172988,-4.428,8.944,1.797,4.61,1.816,
3121,100,5,79.8,68.1,97.9,1.14,1e-07,0.05,25,center,center,True,225.4,3,5,14.583041624145224,3.8187748852407135,3.530964020420378,7.564521833277732,-7.996,9.139,4.365,27.101,3.907,
3141,100,5,50.7,61.5,72.7,3.26,1e-07,0.1,25,center,center,True,107.0,3,5,0.03257617868496046,0.1804887217666535,0.5373025106710522,1.079332708114671,3.972,0.709,0.557,4.749,2.07,
3136,100,5,31.5,92.0,90.9,4.05,1e-07,0.05,120,center,center,False,138.6,3,5,0.334751641971742,0.5785772567010753,16.97632931672545,24.566332523800007,21.806,17.757,16.984,18.719,1.952,vittima non trovata entro 15 minuti
3142,100,5,59.8,6.4,54.8,2.89,1e-07,0.1,25,0.35,0.40,True,115.0,4,5,16.635201677207057,4.078627425642977,2.5917298018392354,8.060597647897412,11.271,8.379,4.547,23.633,3.403,
3163,100,5,12.6,25.2,21.6,1.77,1e-06,0.05,25,0.45,0.55,True,31.8,3,5,0.09097124603064372,0.30161439957442965,0.060279304068608236,0.09044484465493656,1.846,0.081,0.286,1.023,2.017,
3148,100,5,36.5,37.9,45.6,2.97,1e-07,0.1,50,0.45,0.55,True,90.4,3,5,0.05349670486278117,0.23129354695447335,2.628267709229082,3.314494920298842,-0.05,3.02,2.629,4.861,2.348,
3156,100,5,48.2,5.9,43.2,2.48,1e-07,0.1,120,center,center,True,83.4,3,5,0.4502824478586662,0.6710308844298198,1.7139984865656306,3.3621163377306016,-1.434,3.913,1.765,5.064,2.044,
3153,100,5,73.9,20.9,70.7,1.55,1e-07,0.1,80,0.45,0.55,True,103.4,3,5,2.417306285152333,1.554768884803247,2.1273743903942015,3.7027527800493094,-2.262,3.813,2.137,6.668,1.974,
3151,100,5,35.2,69.0,70.7,2.86,1e-07,0.1,80,center,center,True,102.7,3,5,0.05473571417768775,0.23395665021043482,0.5793186831365695,1.0084306621171288,3.283,0.424,0.609,1.529,1.908,
3155,100,5,8.5,75.5,70.6,2.25,1e-07,0.1,80,0.60,0.58,True,105.80000000000001,3,5,0.19254225703075686,0.43879637308295616,1.2727264024645926,3.361457034280578,-1.308,3.561,1.277,2.036,1.8,
3164,100,5,21.7,26.3,27.1,4.75,1e-06,0.05,25,0.60,0.45,True,48.800000000000004,3,5,0.10594539916030854,0.3254925485480559,1.9821390238953882,9.928023288810678,-5.864,10.618,1.983,5.986,1.842,
3154,100,5,91.0,40.4,93.1,1.87,1e-07,0.1,80,0.60,0.45,True,128.1,3,5,0.012790760985726943,0.11309624655896827,0.7057582991736302,0.774475287608399,2.188,0.319,0.711,10.243,1.605,
3149,100,5,94.5,51.7,100.9,1.71,1e-07,0.1,50,0.60,0.45,True,133.5,3,5,7.942316444730085,2.8182115684827647,1.8931000105761198,1.8936984895565248,1.659,0.048,3.354,7.103,2.15,
3177,100,5,16.2,16.2,15.8,1.15,1e-06,0.05,120,0.35,0.40,True,16.0,3,5,0.6590937614008581,0.8118458975697654,0.6530251464201791,1.630525061848758,2.373,1.22,0.769,1.217,1.869,
3145,100,5,63.7,61.0,81.1,2.73,1e-07,0.1,25,0.60,0.58,True,160.5,3,5,8.413659931094855,2.9006309539641295,2.383843840547618,5.375039834895919,-2.663,5.392,2.691,30.751,2.114,
3162,100,5,63.2,27.1,62.3,1.18,1e-06,0.05,25,0.35,0.40,True,95.2,3,5,7.707843236015573,2.7763002784309143,1.3721739480763775,6.888661109793457,7.983,6.8,3.039,1.589,2.446,
3152,100,5,82.0,21.7,78.8,1.22,1e-07,0.1,80,0.35,0.40,True,130.4,3,5,0.006222938366562047,0.07888560303732264,2.8581165799625072,5.942308930459268,7.056,5.833,2.859,7.73,2.063,
3157,100,5,87.7,11.4,83.0,4.44,1e-07,0.1,120,0.35,0.40,True,115.7,3,5,0.0216348657659848,0.14708795248416778,0.5372524526144302,0.6548142626185259,4.93,0.488,0.548,6.324,1.997,
3168,100,5,30.1,42.8,45.4,4.39,1e-06,0.05,50,0.45,0.55,True,79.60000000000001,3,5,0.010707654432043572,0.10347779680706182,0.8429373799531847,1.1283005725803026,4.908,0.52,0.846,1.855,1.836,
3160,100,5,65.1,36.4,67.8,1.08,1e-07,0.1,120,0.60,0.58,True,108.7,3,5,0.08645187688718059,0.2940270002689899,3.6679917617510043,7.9542918848367234,-7.686,8.766,3.669,3.25,2.017,
3158,100,5,63.1,41.2,68.5,4.71,1e-07,0.1,120,0.45,0.55,True,109.10000000000001,3,5,0.01389497887462451,0.11787696498733122,0.9753155434320646,1.3874142559383023,3.412,1.301,0.977,2.606,1.662,
3176,100,5,13.7,32.3,28.7,4.28,1e-06,0.05,120,center,center,True,49.6,3,5,0.02586171440685952,0.16081577785422524,1.0565615252620544,1.3450803353516452,2.725,1.555,1.067,1.387,2.008,
3014,100,5,91.4,56.1,100.4,4.12,1e-07,0.05,80,0.60,0.45,False,900.0,2,5,45.473846144669224,6.743429850207476,6.875821185241993,9.682514776810232,17.526,13.401,7.617,394.962,3.424,vittima non trovata entro 15 minuti
3166,100,5,89.2,65.3,103.6,4.14,1e-06,0.05,50,center,center,True,134.0,3,5,24.08491011375554,4.907637936294358,5.905515575752207,7.810741082478172,5.688,1.552,6.336,11.025,2.112,
3174,100,5,40.0,8.4,35.2,1.46,1e-06,0.05,80,0.60,0.45,True,59.1,3,4,0.019225151380458206,0.13865479212943996,5.2246923949505915,7.407639853928438,9.315,7.853,5.225,5.932,2.01,
3161,100,5,73.4,97.1,114.7,2.15,1e-06,0.05,25,center,center,True,140.1,3,5,2.867523340749572,1.693376313980319,0.39065891459120394,5.880661552180755,8.022,5.868,1.175,6.401,1.688,
3167,100,5,96.0,55.2,103.9,3.96,1e-06,0.05,50,0.35,0.40,True,131.6,3,5,0.00747220654877799,0.08644192587383735,0.28955214174435795,0.5305588828111605,4.402,0.445,0.3,2.01,1.603,
3124,100,5,91.2,84.5,117.2,1.41,1e-07,0.05,25,0.60,0.45,True,287.6,3,5,9.009636578107225,3.0016056666569684,8.848770287003967,12.64893617467792,10.444,9.039,9.075,7.057,2.635,
3188,100,5,14.3,17.9,15.9,4.79,1e-06,0.1,50,0.45,0.55,True,17.7,3,5,0.030635021935765668,0.1750286317599657,0.3574906066453147,0.7328207312022473,5.457,0.662,0.376,1.594,1.829,
3171,100,5,80.4,4.2,75.4,1.08,1e-06,0.05,80,center,center,True,105.0,3,5,0.10260424034988991,0.3203189665784558,5.0585501226808445,9.261775447864084,-9.772,10.852,5.061,6.819,2.541,
3169,100,5,36.3,65.8,68.4,2.98,1e-06,0.05,50,0.60,0.45,True,97.4,3,5,0.14331778946068785,0.3785733607382958,1.9630171128590481,7.101183393784058,-5.14,8.116,1.977,0.825,1.99,
3178,100,5,9.7,58.0,53.2,3.9,1e-06,0.05,120,0.45,0.55,True,96.80000000000001,3,5,0.16267219977377068,0.4033264183930563,0.4445694842892894,0.4488543257580076,3.726,0.179,0.503,0.835,2.058,
3170,100,5,76.6,99.0,118.1,3.02,1e-06,0.05,50,0.60,0.58,True,134.8,3,5,4.538586000787305,2.130395738070114,1.894095190933542,1.9367581605245356,2.613,0.404,1.99,3.435,2.133,
3172,100,5,52.0,69.4,79.8,2.52,1e-06,0.05,80,0.35,0.40,True,105.9,3,5,0.012865947389650387,0.1134281595973874,0.6569466751688423,3.3425352890030835,-0.894,3.416,0.66,1.123,1.67,
3175,100,5,56.1,41.7,62.9,3.46,1e-06,0.05,80,0.60,0.58,True,109.60000000000001,3,5,0.25099194817219694,0.5009909661582701,0.9558476898736199,2.9857761471074142,0.465,2.992,1.017,5.167,1.626,
3179,100,5,43.0,36.7,49.5,1.81,1e-06,0.05,120,0.60,0.45,True,80.9,3,5,0.009984932745347666,0.09992463532756908,0.736015116448972,1.5422552345502307,3.447,1.636,0.739,2.211,1.729,
3180,100,5,14.1,85.8,81.3,1.79,1e-06,0.05,120,0.60,0.58,True,108.2,3,5,0.08821723150292084,0.2970138574257451,0.9010257584379219,1.0781092585037682,2.271,0.484,0.933,0.45,1.957,
3187,100,5,4.5,48.1,43.1,2.05,1e-06,0.1,50,0.35,0.40,True,83.4,3,4,0.03299689407521585,0.1816504722680782,4.465351416628604,10.274749766470423,-9.444,11.492,4.466,8.341,1.966,
3173,100,5,97.6,30.0,95.9,1.99,1e-06,0.05,80,0.45,0.55,True,172.4,3,5,0.0069070193314346995,0.08310847929925502,0.40242221784311205,0.8006618028875329,1.293,0.692,0.406,5.525,1.609,
3189,100,5,35.5,78.9,80.0,1.15,1e-06,0.1,50,0.60,0.45,True,92.2,3,5,0.0925065934282389,0.3041489658510101,1.0946665554039936,3.992321648503625,5.495,4.35,1.106,3.555,1.723,
3190,100,5,67.7,16.7,63.8,3.89,1e-06,0.1,50,0.60,0.58,True,103.0,3,5,0.008962363449589218,0.09466975995316149,0.826290475437895,0.8263235814975032,4.034,0.145,0.828,3.469,1.567,
3184,100,5,44.0,56.5,64.6,3.08,1e-06,0.1,25,0.60,0.45,True,115.4,3,5,1.4245310040954435,1.1935371816979325,1.0363503521236932,1.9936490779557268,1.018,2.067,1.539,10.454,1.847,
3193,100,5,71.1,9.8,66.3,1.95,1e-06,0.1,80,0.45,0.55,True,92.0,3,5,4.581740204005941,2.140499989256235,2.532895338001481,8.553221193640413,9.218,7.271,3.139,3.023,2.446,
3206,100,5,4.7,16.1,11.1,3.27,1e-05,0.05,50,center,center,True,2.3000000000000003,3,2,0.3379804518273372,0.5813608619672787,2.0225993316097184,2.259876791815943,5.634,2.369,2.035,2.131,2.064,
3191,100,5,47.3,52.3,63.4,2.53,1e-06,0.1,80,center,center,True,101.2,3,5,0.751519276912058,0.866902114954196,0.5445609698021899,0.5605366736585528,2.28,0.246,0.659,2.048,1.911,
3181,100,5,89.6,55.3,98.5,4.06,1e-06,0.1,25,center,center,True,161.5,3,5,86.51547729980294,9.301369646444707,4.931187058513624,5.232498789927426,3.312,0.753,7.577,17.945,2.474,
3054,100,5,41.1,98.9,100.6,3.78,1e-06,0.05,80,0.60,0.45,False,900.0,1,5,35.754669489747684,5.97952084115004,0.5755532145532162,1.6374329814248398,5.317,1.533,5.28,200.181,2.719,vittima non trovata entro 15 minuti
3043,100,5,86.2,12.0,81.5,3.12,1e-06,0.05,25,0.45,0.55,False,900.0,2,5,409.63168709086864,20.239359848840788,12.253435044994008,12.339362748126792,1.656,1.459,18.31,362.895,2.914,vittima non trovata entro 15 minuti
3183,100,5,65.2,80.1,96.2,1.56,1e-06,0.1,25,0.45,0.55,True,140.6,3,5,0.44420670727694833,0.6664883399407286,0.3997164082082431,0.9069316012945128,2.493,0.935,0.625,11.368,1.82,
3182,100,5,77.5,63.4,93.1,4.89,1e-06,0.1,25,0.35,0.40,True,159.8,3,5,3.045843361936635,1.7452344719081831,0.8507523533284835,1.1982693875670478,4.09,0.804,1.737,30.494,2.396,
3192,100,5,67.7,73.7,93.0,1.96,1e-06,0.1,80,0.35,0.40,True,123.5,3,5,0.15117603975495025,0.3888136311331565,3.7499761998912056,6.2324360214306695,7.356,5.398,3.751,0.779,2.334,
3186,100,5,87.9,85.9,115.8,2.17,1e-06,0.1,50,center,center,True,138.4,3,5,0.007079552055589335,0.0841400740170184,0.2786721120949842,0.7836584994830138,3.02,0.853,0.281,3.602,1.556,
3194,100,5,86.8,13.4,82.3,2.9,1e-06,0.1,80,0.60,0.45,True,157.5,3,5,0.013850147053457414,0.11768664772801295,0.6071502060621189,0.7789483200929708,3.704,0.802,0.611,17.706,1.684,
3211,100,5,29.9,7.4,25.0,3.39,1e-05,0.05,80,center,center,True,32.7,3,4,0.1039865513811866,0.3224694580594984,1.5445908131680892,4.968454234721895,8.199,4.809,1.55,2.584,2.471,
3201,100,5,77.6,47.8,84.3,2.34,1e-05,0.05,25,center,center,True,104.10000000000001,3,5,8.055553409013129,2.838230682839774,2.9365036439818506,5.129377227687874,-3.68,6.022,3.574,9.712,1.905,
3200,100,5,58.5,54.4,72.9,1.25,1e-06,0.1,120,0.60,0.58,True,103.9,3,5,0.02444707404486733,0.156355601258373,0.8238053123827661,7.9246128293362945,8.788,7.54,0.836,1.426,1.699,
3196,100,5,50.1,86.1,92.8,2.75,1e-06,0.1,120,center,center,True,112.7,3,5,0.7490681649333,0.8654872413463413,1.7869136359314162,2.4556888930749303,-0.163,2.918,1.789,1.644,1.897,
3198,100,5,58.5,95.2,104.9,4.76,1e-06,0.1,120,0.45,0.55,True,121.60000000000001,3,5,0.01739142640095777,0.13187655743519303,0.1413322241147929,0.8603679523516758,5.612,0.849,0.178,2.919,1.622,
3203,100,5,40.0,70.4,74.1,2.88,1e-05,0.05,25,0.45,0.55,True,87.7,3,5,1.6662217016320242,1.2908221030149833,1.6107915136075535,2.6929908349696223,5.403,2.525,1.988,2.629,2.118,
3185,100,5,95.6,73.5,113.6,4.71,1e-06,0.1,25,0.60,0.58,True,182.0,3,5,1.7561567635110706,1.3252006502832205,1.7243683561305791,2.520671975221048,6.552,1.839,1.986,22.751,2.184,
3224,100,5,0.5,10.5,7.1,2.79,1e-05,0.1,25,0.60,0.45,True,0.30000000000000004,3,2,0.03894492132116149,0.19734467644494869,4.542051745944028,4.767319240621465,5.872,3.087,4.543,4.572,3.326,
3209,100,5,34.8,47.8,52.2,1.63,1e-05,0.05,50,0.60,0.45,True,63.0,3,5,0.08618220333185,0.2935680557074458,2.2552442594877786,7.054861694828687,-6.324,7.95,2.256,2.872,2.028,
3223,100,5,23.4,5.8,18.4,1.12,1e-05,0.1,25,0.45,0.55,True,18.3,3,4,0.20331965072683048,0.4509098033163955,6.031686215628753,12.639103905736006,10.913,9.79,6.035,6.623,2.4,
3207,100,5,16.2,82.3,78.1,1.31,1e-05,0.05,50,0.35,0.40,True,86.4,3,5,0.04550131084006651,0.2133103627113941,2.2856923842751455,7.24778713049267,-6.906,8.217,2.287,2.177,1.981,
3197,100,5,70.6,82.6,101.6,4.97,1e-06,0.1,120,0.35,0.40,True,129.3,3,5,0.044071363538844124,0.20993180687748134,0.8968165420419474,8.825050932963912,-4.043,9.01,0.92,4.53,1.612,
3226,100,5,19.3,11.5,15.7,4.85,1e-05,0.1,50,center,center,True,20.1,3,5,0.116031039851623,0.34063329234181294,1.5623941711643234,4.310233263758129,-0.099,4.944,1.563,0.989,1.995,
3215,100,5,14.5,41.7,37.9,1.9,1e-05,0.05,80,0.60,0.58,True,57.0,3,4,1.6435498140616485,1.2820100678472257,1.7379086964796726,7.043314412496949,-5.462,7.366,2.064,2.917,1.787,
3213,100,5,51.3,40.3,58.2,2.36,1e-05,0.05,80,0.45,0.55,True,79.10000000000001,3,5,0.29445292067629414,0.5426351635088663,1.5240956075914358,5.335868216765767,-3.392,5.754,1.525,2.367,1.918,
3214,100,5,55.8,10.3,51.1,3.64,1e-05,0.05,80,0.60,0.45,True,84.2,3,3,6.298653385467628,2.5097118132302816,2.619037267576894,3.3000722856704754,1.295,2.344,3.362,5.189,2.582,
3218,100,5,9.4,32.6,27.9,1.28,1e-05,0.05,120,0.45,0.55,True,51.800000000000004,3,3,0.23847051734202993,0.4883344318620487,2.520737367902378,4.294283067598023,5.424,4.148,2.525,3.843,2.925,
3208,100,5,2.4,79.4,74.4,3.31,1e-05,0.05,50,0.45,0.55,True,85.0,3,4,0.033492334862244684,0.18300911141865228,0.9481170826004475,2.1521254597254127,5.404,2.097,0.95,3.286,1.778,
3212,100,5,76.8,13.1,72.2,2.62,1e-05,0.05,80,0.35,0.40,True,96.30000000000001,3,4,0.011578847146156465,0.10760505167582265,1.048560340732272,1.6145259656086515,4.172,1.549,1.052,2.055,1.757,
3204,100,5,83.9,94.5,119.3,4.99,1e-05,0.05,25,0.60,0.45,True,120.30000000000001,3,5,0.8835882647257631,0.9399937578121267,0.6827459297190209,0.8432145020208427,5.487,0.495,1.003,6.513,2.442,
3219,100,5,36.5,31.1,40.9,4.14,1e-05,0.05,120,0.60,0.45,True,53.800000000000004,3,4,0.0038502095741658245,0.06205005700372744,0.7023431440675736,0.7696366953470696,4.693,0.556,0.704,0.678,1.6,
3081,100,5,14.8,98.1,93.6,4.06,1e-05,0.05,25,center,center,False,900.0,2,5,3431.757660798322,58.58120569601075,42.943089118163826,45.03583242709724,-22.286,26.346,51.616,245.038,2.834,vittima non trovata entro 15 minuti
3216,100,5,12.1,82.8,78.1,2.66,1e-05,0.05,120,center,center,True,86.7,3,4,0.008182128967806243,0.09045512129120298,1.957723402992047,2.745311724389592,5.72,3.063,1.959,1.638,1.833,
3232,100,5,15.8,11.9,12.8,3.62,1e-05,0.1,80,0.35,0.40,True,15.0,3,5,0.017122250368363456,0.13085201705882663,0.24567418084848522,1.7080861216207042,5.258,1.635,0.273,1.33,2.019,
3220,100,5,35.6,57.1,60.4,2.38,1e-05,0.05,120,0.60,0.58,True,66.10000000000001,3,5,0.02999495343602958,0.17319051196884191,0.3890567091056757,1.7821816018889498,0.629,1.747,0.417,0.869,1.695,
3205,100,5,85.5,78.7,109.1,2.25,1e-05,0.05,25,0.60,0.58,True,126.80000000000001,3,5,0.06613200032380039,0.25716142853040846,1.013766514231069,7.69523973744484,-5.451,7.703,1.017,3.348,1.967,
3217,100,5,10.5,88.6,83.8,2.29,1e-05,0.05,120,0.35,0.40,True,86.10000000000001,3,4,0.039375642776317124,0.19843296796731416,2.664151693584459,8.37151076986782,-7.166,9.458,2.667,2.086,1.916,
3244,100,5,21.0,2.9,16.1,3.38,1e-07,0.05,25,0.60,0.45,True,16.7,3,5,11.417255770066227,3.3789429959776216,3.991168258964369,4.082193961201309,6.403,3.026,5.227,4.99,2.697,
3222,100,5,43.2,42.3,53.4,2.68,1e-05,0.1,25,0.35,0.40,True,79.7,3,5,4.761532786206651,2.182093670355755,1.3765535317239033,1.3767573864487628,3.058,0.379,1.655,9.746,2.652,
3233,100,5,29.5,10.9,25.2,2.62,1e-05,0.1,80,0.45,0.55,True,46.400000000000006,3,4,0.014250655699536702,0.11937611025467659,1.0760272843009655,1.0760315772989655,2.258,0.366,1.078,3.202,1.879,
3238,100,5,36.9,17.3,34.2,3.51,1e-05,0.1,120,0.45,0.55,True,51.2,4,4,0.39390679674088946,0.6276199460986637,4.871414144022526,7.714868630268551,9.848,6.337,4.875,8.728,2.719,
3227,100,5,53.2,31.6,55.1,4.57,1e-05,0.1,50,0.35,0.40,True,77.7,3,5,1.1227287385925127,1.0595889479380731,1.10401443245865,2.2362554787145577,6.731,2.166,1.513,6.214,1.553,
3225,100,5,53.6,48.8,65.4,3.26,1e-05,0.1,25,0.60,0.58,True,97.4,3,5,2.632686959654924,1.6225556876899245,0.4810287792206779,1.561112944117889,1.757,1.503,1.506,12.852,2.304,
3229,100,5,52.0,32.6,54.5,2.93,1e-05,0.1,50,0.60,0.45,True,80.10000000000001,3,4,0.06630553232588088,0.2574986064542503,1.515013836028611,6.788737900567758,-4.686,7.617,1.522,13.226,1.185,
3231,100,5,73.6,42.3,78.0,1.85,1e-05,0.1,80,center,center,True,102.7,3,5,0.0153049626745527,0.12371322756501303,2.3898233355911374,7.055020710214524,-6.442,8.295,2.39,4.243,1.675,
3236,100,5,71.3,34.6,72.6,1.55,1e-05,0.1,120,center,center,True,100.5,3,5,0.012990638625108106,0.11397648277214079,3.0078925830857925,6.576842819780067,-6.418,7.964,3.008,3.984,1.646,
3240,100,5,50.9,56.6,69.0,2.61,1e-05,0.1,120,0.60,0.58,True,82.5,3,5,0.005628234081405973,0.07502155744455039,1.5574741837358843,6.655079410921049,-4.762,7.371,1.558,2.426,1.764,
3230,100,5,41.2,64.4,69.6,1.25,1e-05,0.1,50,0.60,0.58,True,87.2,3,5,0.015289333174146009,0.1236500431627341,1.0992549835328405,3.5320089023348262,-2.512,3.767,1.102,9.203,1.726,
3228,100,5,89.2,70.9,106.9,2.87,1e-05,0.1,50,0.45,0.55,True,124.5,3,4,0.011355402025828323,0.10656172871077271,1.2178170206507315,2.3626031900889375,-5.226,8.101,1.219,5.779,1.905,
3250,100,5,24.5,18.3,23.6,2.49,1e-07,0.05,50,0.60,0.58,True,43.400000000000006,3,5,0.008450211692056899,0.0919250330000316,1.2283483862321491,1.3019177088098126,3.121,0.628,1.229,1.468,1.627,
3235,100,5,55.9,91.9,100.7,2.86,1e-05,0.1,80,0.60,0.58,True,105.10000000000001,3,5,0.021582461015735393,0.14690970361325828,1.753274273992476,2.4853524711868555,1.094,1.762,1.756,3.113,1.753,
3237,100,5,90.6,52.2,97.7,1.37,1e-05,0.1,120,0.35,0.40,True,127.80000000000001,3,4,0.006497687434820076,0.08060823428670347,1.5824401968701136,2.2799057927235116,3.008,1.641,1.584,2.936,1.637,
3234,100,5,99.9,57.1,108.2,3.88,1e-05,0.1,80,0.60,0.45,True,149.6,3,4,0.12342966584264622,0.35132558381456686,0.49193960456642655,1.6038887859878308,5.404,1.527,0.602,2.53,1.762,
3241,100,5,63.5,69.3,86.9,4.46,1e-07,0.05,25,center,center,True,126.4,3,5,34.06363499517359,5.836405999857583,2.557932617199235,3.4951822503899566,5.237,0.776,3.386,13.885,2.006,
3245,100,5,50.1,25.3,49.5,4.76,1e-07,0.05,25,0.60,0.58,True,90.4,3,5,0.03577232395206118,0.1891357289146109,3.1123293627503705,3.1297087746435905,4.923,0.162,3.112,4.432,2.398,
3239,100,5,95.4,50.9,101.4,1.08,1e-05,0.1,120,0.60,0.45,True,141.4,3,4,0.03852853436808862,0.1962868675385305,0.620295495707171,1.5070909842518916,2.449,1.374,0.624,6.687,1.724,
3246,100,5,59.8,29.2,59.9,2.5,1e-07,0.05,50,center,center,True,104.5,3,5,1.9062463601016522,1.3806688089841286,1.0218124399173316,1.036717717774575,1.664,0.838,1.7,1.422,2.1,
3242,100,5,77.1,4.6,72.1,3.93,1e-07,0.05,25,0.35,0.40,True,131.3,3,5,0.3825847509045616,0.6185343570930896,1.7431327794290963,2.584290364903453,6.333,2.4,1.744,14.921,1.826,
3243,100,5,71.0,99.3,115.1,4.4,1e-07,0.05,25,0.45,0.55,True,139.6,3,5,0.7318182951616115,0.8554637895092997,1.500714956409355,1.7273545671490729,3.541,0.855,1.543,6.354,2.234,
3248,100,5,55.4,88.6,97.6,1.78,1e-07,0.05,50,0.45,0.55,True,115.30000000000001,3,5,0.03256056778103887,0.18044547038105133,1.6490749893715475,4.381101243319606,6.144,4.362,1.651,1.034,1.913,
3249,100,5,59.8,87.9,99.4,3.83,1e-07,0.05,50,0.60,0.45,True,112.9,3,5,0.00636342196987186,0.07977105972639363,0.15262376325742033,0.8675770550483122,4.741,0.909,0.17,2.577,1.618,
3247,100,5,77.9,46.0,83.7,2.93,1e-07,0.05,50,0.35,0.40,True,125.10000000000001,3,5,0.22401407989220684,0.4733012570152406,3.3419908620576617,5.623221420970504,8.399,5.467,3.347,9.231,2.072,
3254,100,5,37.1,49.0,54.5,1.08,1e-07,0.05,80,0.60,0.45,True,94.5,3,5,0.006694013371521454,0.08181695039245507,2.119917500997865,6.235075868905515,-5.868,6.949,2.121,1.671,1.988,
3252,100,5,39.7,69.3,73.0,4.54,1e-07,0.05,80,0.35,0.40,True,102.30000000000001,3,5,0.00579812116791441,0.0761453949225717,0.9674265439374019,3.0427188854284704,1.469,3.071,0.968,1.154,1.597,
3210,100,5,95.1,57.0,104.1,1.51,1e-05,0.05,50,0.60,0.58,True,326.1,3,5,1.0976502717661754,1.0476880603338836,0.8524826319330682,0.9975093831893457,0.992,0.518,1.066,29.827,2.184,
3255,100,5,4.0,58.2,53.2,4.77,1e-07,0.05,80,0.60,0.58,True,100.60000000000001,3,5,0.4614745949007768,0.6793192142879346,0.3993720497415135,0.4477273125510254,4.681,0.093,0.624,2.764,1.968,
3253,100,5,68.3,62.5,85.5,3.77,1e-07,0.05,80,0.45,0.55,True,123.30000000000001,3,5,0.01918828039530123,0.1385217686694089,0.752480869914801,1.596973892379975,5.389,1.617,0.757,0.892,1.786,
3062,100,5,13.0,92.3,87.7,2.56,1e-06,0.1,25,0.35,0.40,False,900.0,0,5,92.92684079779912,9.639856886790339,23.54389437406816,26.62089900787109,30.235,27.679,23.912,467.114,3.056,vittima non trovata entro 15 minuti
3257,100,5,52.0,34.4,55.4,4.98,1e-07,0.05,120,0.35,0.40,True,103.5,3,5,0.10152605167436454,0.31863152963001723,0.8554399329092129,0.8602359080536504,5.351,0.37,0.904,2.488,2.066,
3258,100,5,70.4,26.9,69.0,2.31,1e-07,0.05,120,0.45,0.55,True,107.60000000000001,3,5,0.07060611201185735,0.26571810629284814,1.3451977881941453,4.6621986827229005,6.712,4.407,1.357,0.458,1.967,
3251,100,5,95.3,23.8,92.3,1.51,1e-07,0.05,80,center,center,True,178.70000000000002,3,5,4.536254223363504,2.129848403845566,0.9651236145174407,1.8346060656078393,3.067,1.56,1.342,3.563,1.858,
3070,100,5,90.1,38.2,91.4,1.37,1e-06,0.1,50,0.60,0.58,False,900.0,0,5,20.342360179982734,4.510250567316935,63.24226916208739,70.77910627898376,17.512,16.144,63.317,330.012,2.968,vittima non trovata entro 15 minuti
3256,100,5,82.1,80.6,107.9,4.22,1e-07,0.05,120,center,center,True,138.1,3,5,3.920033999390843,1.9799075734465088,1.2746435844124455,3.1668655957356586,0.732,3.489,1.823,2.688,2.263,
3259,100,5,63.8,37.0,66.9,2.94,1e-07,0.05,120,0.60,0.45,True,98.5,3,5,0.9553933588003476,0.9774422534351314,3.0148305082758897,5.539747688006135,-3.635,6.577,3.021,1.827,1.815,
3260,100,5,54.6,62.4,75.9,3.55,1e-07,0.05,120,0.60,0.58,True,105.2,3,5,2.4067872625121223,1.5513823714713668,1.1404557255800551,4.688252338067987,-1.39,4.94,1.284,1.333,1.969,
3262,100,5,80.9,12.9,76.3,2.14,1e-07,0.1,25,0.35,0.40,True,126.4,3,4,4.318993317306318,2.0782187847544633,2.1111339520421213,2.9401462755128542,3.62,1.477,2.774,17.23,3.05,
3268,100,5,41.1,53.0,60.0,2.17,1e-07,0.1,50,0.45,0.55,True,97.0,3,5,0.008131907213711438,0.09017708807513934,0.5787781147979597,1.399778406730147,0.945,1.23,0.58,1.074,1.629,
3267,100,5,40.1,52.6,59.2,3.15,1e-07,0.1,50,0.35,0.40,True,96.80000000000001,3,5,0.03421515903241906,0.18497340087812372,0.8454701071108479,2.8756216437541102,0.238,2.908,0.858,1.363,1.644,
3269,100,5,47.2,42.1,56.2,1.33,1e-07,0.1,50,0.60,0.45,True,95.10000000000001,3,5,0.05224290434349984,0.22856706749551617,1.4302774956075388,2.4563377384836853,3.702,2.373,1.433,3.502,1.993,
3266,100,5,38.4,79.5,81.6,4.29,1e-07,0.1,50,center,center,True,106.0,3,5,0.14349046719010056,0.3788013558451191,0.8223202447384443,1.586209425957831,5.156,0.861,0.887,2.652,1.962,
3270,100,5,8.3,51.7,46.9,1.99,1e-07,0.1,50,0.60,0.58,True,85.5,3,5,0.010288618676218457,0.10143282839504407,0.6443060570604796,0.691841489669481,1.672,0.323,0.65,3.388,1.714,
3286,100,5,7.6,20.8,16.0,4.71,1e-06,0.05,50,center,center,True,14.8,3,4,0.003980916188131598,0.0630945020436139,0.7667720081110586,0.7774842526282809,4.303,0.405,0.768,0.885,1.504,
3165,100,5,97.3,73.8,115.1,4.85,1e-06,0.05,25,0.60,0.58,False,900.0,0,5,6.020144200512845,2.4535982149718083,3.9433646265778868,4.1335029828073155,6.086,1.239,4.575,316.818,2.326,vittima non trovata entro 15 minuti
3272,100,5,8.4,67.1,62.2,4.59,1e-07,0.1,80,0.35,0.40,True,98.30000000000001,3,5,0.1925584195652231,0.4388147895926288,0.4988869702555786,3.9292731439704185,0.842,3.744,0.631,1.79,1.85,
3271,100,5,71.6,11.8,66.9,4.19,1e-07,0.1,80,center,center,True,106.10000000000001,3,5,0.8404090902567962,0.9167382888571832,2.8999765885781184,6.042935880611092,7.713,3.528,2.948,9.913,2.364,
3273,100,5,62.9,7.9,57.9,1.09,1e-07,0.1,80,0.45,0.55,True,101.60000000000001,3,5,0.04809906700966646,0.21931499494942533,0.25726525255541,1.4756117280306578,2.495,1.406,0.313,5.243,1.744,
3287,100,5,17.2,22.1,21.0,3.7,1e-06,0.05,50,0.35,0.40,True,34.2,3,5,0.10581455039735643,0.32529148528259455,1.2742586687758486,6.503567520397129,-3.168,6.872,1.288,1.832,1.844,
3276,100,5,28.9,46.4,47.8,4.64,1e-07,0.1,120,center,center,True,92.60000000000001,3,5,0.03675730287794824,0.19172194156629085,1.9816413971721574,2.1080872965404556,2.523,2.114,1.983,4.035,2.315,
3278,100,5,52.9,51.3,66.6,2.07,1e-07,0.1,120,0.45,0.55,True,99.80000000000001,3,5,0.03352093637427358,0.18308723706002442,0.6692686740875715,0.6978335761216611,1.626,0.447,0.672,2.244,1.778,
3275,100,5,23.7,70.8,68.4,3.7,1e-07,0.1,80,0.60,0.58,True,112.4,3,5,1.752102695907753,1.3236701612968969,4.6528736160857065,12.701668034403362,-9.91,13.605,4.674,3.36,2.227,
3282,100,5,69.0,11.9,64.4,2.87,1e-06,0.05,25,0.35,0.40,True,93.4,3,5,2.3012458039507266,1.5169857626064678,3.018557255783644,7.087617104562701,10.053,7.187,3.341,10.393,2.487,
3299,100,5,11.0,4.3,6.0,1.97,1e-06,0.05,120,0.60,0.45,True,0.30000000000000004,3,2,0.04523134557252479,0.21267662206393254,5.959877293799981,7.185004304570018,6.61,4.637,5.961,5.951,3.61,
3277,100,5,89.8,7.9,84.8,1.81,1e-07,0.1,120,0.35,0.40,True,117.60000000000001,3,5,0.08018259144309213,0.2831653076262912,0.6957108368867467,0.9282640925028763,21.974,20.162,0.745,6.748,1.777,
3274,100,5,76.2,78.4,102.3,1.81,1e-07,0.1,80,0.60,0.45,True,132.0,3,5,0.007669781663964628,0.08757728965870448,0.35732012804165303,1.281371481062743,0.723,1.087,0.362,3.034,1.59,
3150,100,5,81.7,53.2,90.6,3.39,1e-07,0.1,50,0.60,0.58,False,900.0,0,5,27.836445359490117,5.276025526804255,3.6510755529010015,9.51051149960225,11.323,7.936,5.757,788.421,3.295,vittima non trovata entro 15 minuti
3279,100,5,55.5,31.0,56.8,2.3,1e-07,0.1,120,0.60,0.45,True,103.30000000000001,4,5,0.815662988617889,0.9031406250512093,0.6671024877860402,1.5364225313565036,1.185,1.112,1.106,4.178,1.703,
3292,100,5,19.4,28.2,27.3,1.98,1e-06,0.05,80,0.35,0.40,True,48.400000000000006,3,5,0.028906098726694834,0.17001793648522745,0.31808259225137997,2.9670737170261563,-0.938,2.92,0.351,1.618,1.884,
3281,100,5,87.0,16.9,82.9,3.94,1e-06,0.05,25,center,center,True,136.6,3,5,0.7954761744691365,0.8918947104166145,0.926480752589142,3.7477824155036803,-0.229,4.168,1.154,12.212,1.901,
3284,100,5,76.3,42.3,80.4,1.25,1e-06,0.05,25,0.60,0.45,True,128.5,3,5,13.378954475217581,3.657725314347372,2.465629664336911,3.4861568687365834,-2.309,3.562,4.061,8.212,2.374,
3288,100,5,36.9,62.7,65.9,4.46,1e-06,0.05,50,0.45,0.55,True,100.7,3,5,0.008919086804577158,0.09444091700410981,1.1998717506083043,2.5847295058705577,1.88,2.58,1.201,1.07,1.828,
3283,100,5,16.6,62.3,58.5,4.61,1e-06,0.05,25,0.45,0.55,True,129.5,3,5,0.07228852108510579,0.26886524707575316,2.152615991905047,2.179859183204987,4.478,0.13,2.157,16.955,2.381,
3289,100,5,22.0,85.6,82.3,3.25,1e-06,0.05,50,0.60,0.45,True,106.30000000000001,3,5,0.016901582164739033,0.13000608510657888,6.145796377006862,10.577300424126028,-10.606,13.856,6.146,3.594,1.935,
3291,100,5,28.0,51.3,51.7,3.57,1e-06,0.05,80,center,center,True,85.80000000000001,3,5,0.017124841752664918,0.1308619186496397,1.5929366585150988,2.56581600831652,6.483,2.916,1.593,1.807,1.904,
3294,100,5,72.5,29.2,71.7,2.58,1e-06,0.05,80,0.60,0.45,True,96.2,3,5,0.2907361035565834,0.5391995025559495,0.47446157139649875,0.5030583820661593,2.955,0.379,0.714,2.718,1.955,
3290,100,5,53.8,80.8,90.1,3.13,1e-06,0.05,50,0.60,0.58,True,109.4,3,5,0.018850522841312858,0.1372972062400137,1.2678625411983553,3.3151449225355463,-0.187,3.313,1.274,1.542,1.719,
3280,100,5,92.9,52.6,99.9,1.39,1e-07,0.1,120,0.60,0.58,True,181.9,3,5,6.060462928600968,2.4618007491673586,1.3662331779210846,2.0015503668285337,-0.076,1.463,1.472,10.61,1.571,
3146,100,5,93.5,47.6,98.3,1.16,1e-07,0.1,50,center,center,False,900.0,0,5,75.26009542001279,8.675257657269482,2.263868386177993,3.8801167451650316,4.306,3.151,8.568,467.276,4.049,vittima non trovata entro 15 minuti
3295,100,5,49.8,82.4,89.5,2.64,1e-06,0.05,80,0.60,0.58,True,109.30000000000001,3,5,0.00755676950282856,0.08692968136849784,1.1916078652710336,4.0274126312926155,-1.494,4.133,1.192,2.615,1.71,
3302,100,5,62.3,69.1,86.0,4.33,1e-06,0.1,25,0.35,0.40,True,96.10000000000001,3,5,20.763377954924586,4.556684974290475,2.76937036144319,2.8395198450552765,4.018,0.309,2.813,11.106,1.999,
3296,100,5,38.4,67.5,70.9,4.84,1e-06,0.05,120,center,center,True,103.2,3,5,0.055097179065171614,0.2347278830159971,0.857991014428429,1.2716747881124024,3.401,1.437,0.861,0.638,1.822,
3297,100,5,14.0,57.8,53.5,3.56,1e-06,0.05,120,0.35,0.40,True,98.30000000000001,3,5,3.398882029338866,1.8436057141750417,2.216079869204786,4.1675564238250375,-0.831,4.388,2.738,2.362,2.201,
3293,100,5,89.4,84.3,115.8,1.95,1e-06,0.05,80,0.45,0.55,True,137.6,3,5,0.34628690456716665,0.5884614724577699,0.35797129967512975,0.620717335320563,1.309,0.641,0.444,2.706,1.643,
3300,100,5,74.8,54.5,85.5,3.13,1e-06,0.05,120,0.60,0.58,True,117.5,3,5,0.0632875098193916,0.2515700892781008,1.4530509496166881,7.841341006885116,-5.095,8.224,1.457,0.389,1.738,
3298,100,5,65.5,66.4,86.2,1.55,1e-06,0.05,120,0.45,0.55,True,110.30000000000001,3,5,0.18222463929990618,0.42687778028366175,1.0962341715547728,1.8163343426450254,3.329,1.775,1.106,0.753,1.924,
3301,100,5,75.9,50.8,84.4,3.0,1e-06,0.1,25,center,center,True,126.5,3,5,6.645073900749231,2.5778040850206656,2.743014795071454,9.277461312741341,11.039,8.04,3.231,24.054,2.889,
3315,100,5,21.3,11.1,17.4,4.22,1e-06,0.1,80,0.60,0.58,True,31.5,3,5,0.005975712290588945,0.07730273145619723,1.6749886506767566,3.310048755292501,1.603,2.614,1.676,1.353,1.83,
3304,100,5,81.6,48.4,88.0,1.52,1e-06,0.1,25,0.60,0.45,True,136.8,3,5,23.978851691164092,4.896820569631288,2.5409164457556455,4.510232411996674,4.391,2.873,5.001,21.941,2.75,
3310,100,5,28.3,41.9,43.7,4.87,1e-06,0.1,50,0.60,0.58,True,78.60000000000001,3,5,0.14575396541335325,0.38177737676996165,1.0056561326256597,5.016795834660279,-0.038,4.905,1.068,2.785,1.666,
3326,100,5,5.4,0.5,4.6,2.66,1e-05,0.05,50,center,center,True,0.2,3,2,0.14506311681288533,0.3808715227119052,0.14403287430244632,0.4315515768473643,2.189,0.47,0.393,0.477,2.103,
3306,100,5,49.6,84.5,91.2,4.38,1e-06,0.1,50,center,center,True,112.30000000000001,3,5,0.02919509725584589,0.17086572873413172,0.48138444577762146,0.8116580689161542,4.708,0.325,0.491,1.223,1.881,
3309,100,5,86.4,44.1,90.3,5.0,1e-06,0.1,50,0.60,0.45,True,118.30000000000001,3,5,0.007981472021887936,0.0893390845144942,0.3056260119783534,0.3129519248019488,5.103,0.106,0.31,12.934,1.673,
3325,100,5,29.9,4.3,24.9,1.93,1e-05,0.05,25,0.60,0.58,True,32.2,3,4,0.2584986920753522,0.5084276665125061,3.5347990892571812,7.251433987394925,8.427,6.498,3.544,4.433,2.386,
3318,100,5,40.5,16.6,37.3,2.82,1e-06,0.1,120,0.45,0.55,True,73.3,3,5,0.01550516484410036,0.12451973676530304,1.1666956133330126,2.2843738227616175,4.363,1.544,1.17,5.023,1.88,
3143,100,5,93.6,58.5,103.5,2.95,1e-07,0.1,25,0.45,0.55,False,900.0,0,5,53.33395270307935,7.303009838626767,13.71261569157103,13.722844935169032,13.014,10.06,14.942,531.298,3.312,vittima non trovata entro 15 minuti
3307,100,5,84.2,70.5,102.8,2.56,1e-06,0.1,50,0.35,0.40,True,145.1,3,5,0.03547873047751155,0.18835798490510444,1.1838463223317561,2.4824582801092787,0.307,2.252,1.188,23.301,1.683,
3312,100,5,64.0,66.3,85.1,1.87,1e-06,0.1,80,0.35,0.40,True,108.10000000000001,3,5,0.016621577967033084,0.12892469882467472,0.3134174962558875,2.37971976788035,-0.423,2.291,0.334,2.055,1.691,
3308,100,5,94.6,2.6,89.6,4.52,1e-06,0.1,50,0.45,0.55,True,140.6,3,5,3.66165587117148,1.9135453668966096,1.2662181090770033,2.129943733227163,2.812,1.713,1.7,17.538,1.982,
3311,100,5,81.8,30.0,80.8,1.56,1e-06,0.1,80,center,center,True,121.7,3,5,0.0833314966117983,0.2886719532822652,2.5205946098504475,6.335738584805562,-5.963,7.527,2.526,1.855,1.76,
3320,100,5,54.0,9.1,49.2,3.02,1e-06,0.1,120,0.60,0.58,True,74.60000000000001,3,5,1.0396955730824613,1.0196546342181068,3.032251255449581,9.671196912956594,10.969,7.948,3.05,4.697,2.217,
3319,100,5,23.1,47.0,45.8,1.86,1e-06,0.1,120,0.60,0.45,True,80.7,3,5,0.07086734790257679,0.2662092182900074,1.330782309036254,3.0509119492546226,-1.507,3.365,1.345,3.767,1.873,
3321,100,5,75.2,65.2,92.5,2.27,1e-05,0.05,25,center,center,True,95.9,3,5,0.018004047428019587,0.1341791616757967,0.6674978471661953,1.217483266658701,1.718,0.556,0.67,7.073,1.619,
3313,100,5,69.7,70.0,91.7,4.45,1e-06,0.1,80,0.45,0.55,True,126.10000000000001,3,5,0.18390925342204412,0.4288464217199954,0.570567854001942,0.8418644118115576,5.296,0.842,0.702,2.722,1.734,
3322,100,5,40.1,86.6,88.9,1.06,1e-05,0.05,25,0.35,0.40,True,92.60000000000001,3,5,1.3839183816124616,1.1764006042213944,2.025151199366518,4.122018451539722,5.343,4.285,2.331,6.333,2.384,
3317,100,5,23.5,65.6,63.4,4.11,1e-06,0.1,120,0.35,0.40,True,101.30000000000001,3,5,1.8323307892350056,1.3536361362031546,1.313478136625809,6.260626781764619,-2.536,6.65,1.805,1.417,2.232,
3316,100,5,25.3,78.0,75.7,3.54,1e-06,0.1,120,center,center,True,105.9,3,5,0.0630373359060026,0.25107237184923914,1.760204948722289,2.983855735568864,6.786,3.249,1.766,2.016,2.175,
3343,100,5,0.1,11.3,8.0,2.1,1e-05,0.1,25,0.45,0.55,True,0.30000000000000004,3,2,0.07283747404600262,0.26988418635778316,4.677189701678374,4.978056819267497,5.147,3.05,4.679,4.706,3.27,
3323,100,5,48.3,48.3,61.2,2.68,1e-05,0.05,25,0.45,0.55,True,93.9,3,5,0.0220851231162461,0.14861064267489763,1.0897732021155928,1.754448086838552,4.382,1.7,1.096,6.611,1.637,
3324,100,5,65.1,37.2,68.2,1.58,1e-05,0.05,25,0.60,0.45,True,105.0,3,5,3.6669651132193417,1.9149321432414628,0.9265389417619604,2.648570095243763,-1.496,3.078,1.748,4.542,1.861,
3327,100,5,54.9,84.2,93.6,2.08,1e-05,0.05,50,0.35,0.40,True,104.5,3,5,0.016235580202268667,0.12741891618699583,1.359616637598824,2.7913983694972377,5.023,2.948,1.362,1.069,1.712,
3221,100,5,63.2,68.8,86.4,3.34,1e-05,0.1,25,center,center,False,900.0,1,5,4.927128183587956,2.219713536379854,3.1139629420529027,4.047755561740521,4.113,0.77,3.73,2566.239,2.392,vittima non trovata entro 15 minuti
3329,100,5,60.6,45.6,68.8,2.79,1e-05,0.05,50,0.60,0.45,True,90.5,3,5,0.010024862053983473,0.10012423310060094,3.4673894086411337,9.452035307502909,-7.876,10.667,3.468,3.628,1.758,
3333,100,5,50.0,38.4,56.0,2.45,1e-05,0.05,80,0.45,0.55,True,80.9,3,5,0.045186809728698665,0.21257189308254906,0.6763136124382054,0.8934736689285728,2.815,0.37,0.703,2.246,2.063,
3330,100,5,69.2,62.0,85.9,2.06,1e-05,0.05,50,0.60,0.58,True,90.80000000000001,3,5,0.015246423056445534,0.12347640688182311,0.45724330020883225,1.2299318709752503,3.294,1.231,0.463,2.777,1.666,
3328,100,5,70.9,65.9,89.7,1.73,1e-05,0.05,50,0.45,0.55,True,107.60000000000001,3,5,0.8797310365073938,0.9379397829857703,1.8912909509994897,7.099084629646875,-5.988,7.721,1.918,3.449,2.038,
3350,100,5,6.2,0.3,4.9,1.5,1e-05,0.1,50,0.60,0.58,True,0.2,3,2,0.04078538764228879,0.20195392455282662,0.8979443266105553,0.9111878751444079,1.353,0.148,0.907,0.925,2.174,
3342,100,5,36.5,3.6,31.5,3.23,1e-05,0.1,25,0.35,0.40,True,46.5,3,4,0.24163419284414678,0.4915630100446399,4.567940966270767,6.606839965550151,8.618,5.383,4.575,7.281,3.879,
3337,100,5,37.4,67.6,70.4,1.55,1e-05,0.05,120,0.35,0.40,True,74.8,3,5,0.02034906712428552,0.14265015641171067,0.9294926750241034,1.8480524061877468,2.742,1.192,0.932,1.028,1.986,
3334,100,5,5.4,84.6,79.6,4.57,1e-05,0.05,80,0.60,0.45,True,83.60000000000001,3,4,0.007550391415796272,0.08689298830053131,0.6155529269209747,2.3323883315957192,7.252,2.685,0.619,1.078,1.586,
3339,100,5,51.2,54.0,67.3,3.77,1e-05,0.05,120,0.60,0.45,True,82.5,3,5,0.15597032052167958,0.39493077940530236,3.5285134182122793,9.841759904137108,-7.497,11.268,3.53,3.067,2.08,
3331,100,5,79.2,75.5,102.4,4.04,1e-05,0.05,80,center,center,True,108.2,3,5,0.19583408104333067,0.442531446389215,0.3512875785810556,0.4735258473083901,3.583,0.461,0.406,0.681,2.44,
3340,100,5,50.4,49.9,63.9,3.71,1e-05,0.05,120,0.60,0.58,True,80.80000000000001,3,5,2.224650360665071,1.4915261850417079,2.137251420741298,5.837120426606152,-2.64,6.346,2.236,2.56,1.816,
3335,100,5,67.0,61.4,83.8,2.4,1e-05,0.05,80,0.60,0.58,True,105.2,3,5,0.01297206499539153,0.11389497352996544,0.6477771877179296,4.942819336069012,-2.578,4.974,0.655,0.899,1.702,
3147,100,5,70.9,51.0,80.4,4.39,1e-07,0.1,50,0.35,0.40,False,900.0,0,5,6.738472223645054,2.5958567417415495,8.241766502051659,9.163124414914037,11.266,6.872,8.497,332.42,3.095,vittima non trovata entro 15 minuti
3338,100,5,12.5,85.8,81.1,4.41,1e-05,0.05,120,0.45,0.55,True,91.9,3,5,0.03203334249626907,0.17897860904663737,1.6638138177109534,2.7261320639994904,6.956,2.546,1.666,1.789,1.938,
3346,100,5,63.6,28.5,63.2,1.44,1e-05,0.1,50,center,center,True,90.10000000000001,3,4,0.10955353709822224,0.33098872654249456,1.1745144263940828,2.0442970827854667,3.923,2.478,1.196,7.66,2.037,
3345,100,5,85.7,37.4,87.0,1.03,1e-05,0.1,25,0.60,0.58,True,111.60000000000001,3,5,7.562925958037525,2.7500774458253945,0.6152557290467255,1.3607520066599776,2.087,1.059,2.132,11.405,1.934,
3336,100,5,97.3,58.4,106.6,2.59,1e-05,0.05,120,center,center,True,147.4,3,4,0.008982781234671392,0.0947775354958726,0.15397956329318918,1.2134792553056857,3.792,1.204,0.178,1.838,1.686,
3332,100,5,80.5,3.9,75.5,4.06,1e-05,0.05,80,0.35,0.40,True,144.6,3,5,0.0124771347704334,0.11170109565457896,0.6420790247405816,0.8411273632659512,4.713,0.654,0.647,4.057,1.783,
3353,100,5,47.7,19.1,45.0,4.64,1e-05,0.1,80,0.45,0.55,True,67.3,3,3,0.1727614399019599,0.41564581063925077,4.159410776462587,5.973626561366053,8.552,3.913,4.16,5.325,2.701,
3341,100,5,43.8,69.0,74.8,3.28,1e-05,0.1,25,center,center,True,108.9,3,5,1.9319075993415746,1.389930789407003,0.68926875210152,3.539256013016505,-0.329,3.61,1.259,18.941,2.049,
3348,100,5,61.2,1.3,56.3,2.2,1e-05,0.1,50,0.45,0.55,True,81.60000000000001,3,3,0.018839402108399295,0.13725670150633554,0.6813071935767043,3.5147008889745077,-1.094,3.298,0.687,15.517,1.653,
3195,100,5,95.2,17.8,91.2,3.94,1e-06,0.1,80,0.60,0.58,False,900.0,0,5,222.29463945693146,14.90954860003922,14.887407734628487,15.059424440119333,13.954,10.014,17.019,485.236,2.718,vittima non trovata entro 15 minuti
3202,100,5,91.7,15.0,87.3,2.28,1e-05,0.05,25,0.35,0.40,False,900.0,2,4,3639.119396007582,60.325114140029456,58.97499964522941,59.03771257601944,-0.616,2.896,61.162,238.569,2.426,vittima non trovata entro 15 minuti
3355,100,5,13.0,67.0,62.5,1.95,1e-05,0.1,80,0.60,0.58,True,72.60000000000001,3,4,0.15279055656072882,0.390884326317555,2.1847524536882488,4.310855929303445,-1.213,3.159,2.187,3.002,2.401,
3356,100,5,43.2,39.0,51.1,4.86,1e-05,0.1,120,center,center,True,65.5,3,5,0.07627221923068489,0.2761742551916903,1.4991706717744877,1.5081767554538057,3.789,1.075,1.5,3.4,1.941,
3357,100,5,47.9,38.2,54.3,4.77,1e-05,0.1,120,0.35,0.40,True,82.7,3,5,0.01024275737796326,0.10120650857510725,0.7677128751773082,0.9720851328074996,4.429,0.342,0.772,2.309,1.614,
3347,100,5,81.8,58.1,93.3,4.06,1e-05,0.1,50,0.35,0.40,True,120.80000000000001,3,5,0.02637066843999025,0.1623904813712622,0.31397917744148746,0.7098207912128355,4.681,0.618,0.348,1.485,1.926,
3358,100,5,52.8,47.4,63.9,2.91,1e-05,0.1,120,0.45,0.55,True,83.2,3,5,1.7747707952800407,1.3322052376717488,1.626762737013405,4.873279393392269,-2.116,5.025,1.936,3.706,2.081,
3360,100,5,49.3,42.9,58.2,1.77,1e-05,0.1,120,0.60,0.58,True,81.10000000000001,3,5,0.11247225061773691,0.33536882773707055,1.4410100622274105,6.3667512511452395,-4.967,6.732,1.444,2.104,2.022,
3351,100,5,89.2,49.2,95.1,2.88,1e-05,0.1,80,center,center,True,123.0,3,4,2.1406978797441445,1.463112394774969,0.574938523094069,2.6422897268760437,5.852,2.973,1.268,2.234,1.623,
3352,100,5,85.1,91.2,117.7,4.75,1e-05,0.1,80,0.35,0.40,True,113.2,3,5,0.04091190864710738,0.20226692425383686,0.9383280034023633,3.804297122955511,1.068,3.687,0.952,1.589,2.092,
3374,100,5,0.1,26.8,22.4,2.5,1e-07,0.05,80,0.60,0.45,True,22.200000000000003,3,4,0.4869521559526221,0.6978195726350918,0.34769727050195004,2.6825107492575193,-0.224,2.725,0.704,1.1,1.925,
3354,100,5,91.9,26.7,89.6,4.3,1e-05,0.1,80,0.60,0.45,True,142.1,3,5,0.7176679038489389,0.847152822015567,0.8962341813839072,1.2308756056791192,5.146,0.844,1.214,7.579,1.709,
3376,100,5,23.2,10.5,19.0,2.93,1e-07,0.05,120,center,center,True,30.8,3,5,0.31357620200332825,0.5599787513855577,3.0860009671623705,3.9886149323248166,-1.76,4.693,3.09,2.644,1.931,
3367,100,5,10.2,40.3,35.7,3.27,1e-07,0.05,50,0.35,0.40,True,63.7,3,5,0.013864036254314382,0.11774564218821171,0.2170818380444106,3.402067470576413,-0.016,3.289,0.242,2.264,1.789,
3359,100,5,81.8,39.7,84.3,1.48,1e-05,0.1,120,0.60,0.45,True,130.6,3,5,0.022971067072162215,0.15156208982513475,0.5041977551437983,1.2057168551944162,2.827,1.348,0.51,6.174,1.786,
3366,100,5,43.9,18.5,41.2,4.68,1e-07,0.05,50,center,center,True,75.10000000000001,3,5,0.06268696928810089,0.2503736593336066,1.5773751160038185,1.8359738606505978,2.845,1.832,1.579,2.833,2.038,
3285,100,5,79.3,79.9,105.4,3.65,1e-06,0.05,25,0.60,0.58,False,459.1,3,5,206.14049695601378,14.357593703542866,15.854897326318019,16.900222174622833,-4.991,8.637,17.474,165.736,3.03,vittima non trovata entro 15 minuti
3364,100,5,21.5,61.7,59.1,1.75,1e-07,0.05,25,0.60,0.45,True,101.10000000000001,3,5,1.9655326449182293,1.4019745521649918,1.286651030836105,1.6965311072400653,0.269,1.48,1.618,6.038,1.786,
3363,100,5,3.6,87.5,82.6,3.08,1e-07,0.05,25,0.45,0.55,True,111.10000000000001,3,5,0.013140482099911338,0.11463194188319126,0.7077636355995434,1.261277132750658,4.06,0.975,0.71,1.253,1.815,
3362,100,5,74.4,47.5,81.4,4.64,1e-07,0.05,25,0.35,0.40,True,137.6,3,5,2.8323488507302637,1.6829583627440887,0.5283496117400186,3.0808904736244376,7.835,3.192,1.721,7.247,2.147,
3365,100,5,59.4,80.6,93.1,1.7,1e-07,0.05,25,0.60,0.58,True,113.30000000000001,3,5,4.467670139523398,2.1136863862747943,1.6102046340403242,2.6753896215948982,3.547,1.849,2.276,5.061,1.792,
3382,100,5,3.6,28.2,23.3,1.97,1e-07,0.1,25,0.35,0.40,True,36.300000000000004,3,5,0.04983489180630607,0.22323729931690642,0.9591798704344957,6.8409560413204895,-5.184,7.149,0.961,5.773,1.74,
3373,100,5,24.5,48.1,47.3,3.07,1e-07,0.05,80,0.45,0.55,True,90.0,3,5,0.03705968905840573,0.19250893241199415,2.034071580116783,4.658406672304439,-1.675,4.745,2.036,2.498,2.054,
3368,100,5,30.4,87.3,86.1,2.72,1e-07,0.05,50,0.45,0.55,True,111.9,3,5,0.10396453557075827,0.3224353199802377,0.9236528284329958,0.9773385217093038,2.842,0.123,0.94,0.911,1.905,
3370,100,5,9.2,63.6,58.8,2.53,1e-07,0.05,50,0.60,0.58,True,101.5,3,5,0.020746276430114008,0.14403567762923883,0.7809015396833628,1.1707026645712308,1.377,1.148,0.784,1.267,1.799,
3369,100,5,89.4,9.0,84.5,1.53,1e-07,0.05,50,0.60,0.45,True,134.4,3,5,0.1431973969501833,0.3784143191664175,1.0118652433110709,1.6284874817713497,3.248,1.722,1.049,5.891,1.725,
3372,100,5,66.3,45.3,73.4,3.86,1e-07,0.05,80,0.35,0.40,True,114.5,3,5,0.017571365055469607,0.13255702567374392,1.5894308883842247,2.552675027632978,6.281,2.421,1.591,2.121,1.793,
3371,100,5,52.4,71.3,81.5,3.07,1e-07,0.05,80,center,center,True,107.60000000000001,3,5,0.032095671140771796,0.1791526475963216,1.4478988513668982,1.779691169429483,1.048,2.022,1.449,1.55,1.953,
3386,100,5,8.8,31.8,27.1,3.14,1e-07,0.1,50,center,center,True,48.300000000000004,3,5,0.01687497210297783,0.12990370319193303,0.4972403194437402,1.3680440877414497,4.67,1.528,0.508,3.831,2.094,
3395,100,5,20.6,2.9,15.7,1.38,1e-07,0.1,80,0.60,0.58,True,16.2,3,5,0.6520228280099318,0.807479305004117,6.350843690368803,10.073643639740247,9.971,8.588,6.359,6.079,2.513,
3377,100,5,46.1,58.9,67.8,2.79,1e-07,0.05,120,0.35,0.40,True,101.80000000000001,3,5,0.024970024568103426,0.15801906393882806,1.8852936909132836,2.769878549869667,5.532,2.744,1.889,2.201,1.748,
3385,100,5,27.0,22.8,28.3,2.57,1e-07,0.1,25,0.60,0.58,True,57.7,3,5,0.019491578916846095,0.13961224486715373,1.0555825774605545,1.248903225699058,3.358,0.783,1.056,3.48,1.711,
3378,100,5,84.9,20.2,81.3,4.43,1e-07,0.05,120,0.45,0.55,True,116.80000000000001,3,5,0.5351054267696398,0.7315090066223654,1.0450676591158314,7.854615344298011,-3.755,8.18,1.158,2.037,2.137,
3375,100,5,77.4,23.8,74.8,2.41,1e-07,0.05,80,0.60,0.58,True,118.4,3,5,0.5097987061839164,0.7140018950842613,1.787931671730657,6.396991484132883,-4.377,6.787,1.818,2.306,1.691,
3379,100,5,78.5,19.7,75.0,1.97,1e-07,0.05,120,0.60,0.45,True,116.0,3,5,0.1890638856556488,0.43481477166219734,0.9938636881118467,1.3117806304654538,3.322,1.351,1.007,2.41,1.826,
3401,100,5,16.8,1.3,12.4,4.19,1e-06,0.05,25,center,center,True,10.4,3,5,0.009134678742245493,0.09557551329836264,0.8589609019247223,4.484986218624444,8.421,4.23,0.86,0.657,1.674,
3380,100,5,85.4,16.3,81.1,1.67,1e-07,0.05,120,0.60,0.58,True,119.9,3,5,0.00991394751596472,0.09956880794689027,0.43647352774018644,1.5968514322132412,3.196,1.53,0.446,3.276,1.608,
3393,100,5,8.9,31.5,26.8,2.94,1e-07,0.1,80,0.45,0.55,True,46.7,3,5,0.0534669347327719,0.23122918226895994,0.7807279636263184,0.8370451675497043,2.44,0.505,0.783,3.386,2.158,
3384,100,5,84.4,17.6,80.4,1.91,1e-07,0.1,25,0.60,0.45,True,109.4,3,5,22.750984882408183,4.769799249696803,0.8941567583463482,8.036339622666418,9.429,7.516,4.818,10.831,2.504,
3381,100,5,61.2,51.9,73.2,4.63,1e-07,0.1,25,center,center,True,112.9,3,5,0.3050348509265138,0.5522996025043959,1.2083006115107018,5.54249161322948,-1.58,6.211,1.245,12.948,2.102,
3390,100,5,1.2,43.0,38.2,2.83,1e-07,0.1,50,0.60,0.58,True,63.2,3,5,0.10279302576716741,0.3206135146358734,2.5253747492374377,2.798155520139137,1.384,1.445,2.526,4.779,2.502,
3383,100,5,58.1,18.6,54.8,4.82,1e-07,0.1,25,0.45,0.55,True,104.0,3,5,17.68640584146307,4.205520876355635,2.193898360081332,8.967157945322372,14.36,9.542,3.856,22.455,3.435,
3199,100,5,3.4,91.7,86.7,2.25,1e-06,0.1,120,0.60,0.45,False,900.0,0,5,47.00235617318293,6.855826439838084,57.84171789103029,57.92409062609589,-10.535,12.78,58.107,484.407,3.332,vittima non trovata entro 15 minuti
3264,100,5,89.0,48.4,94.5,3.57,1e-07,0.1,25,0.60,0.45,False,900.0,2,5,45.71791869590095,6.76150269510417,2.9052070990086185,8.617619450598362,13.088,9.516,6.621,411.186,2.862,vittima non trovata entro 15 minuti
3396,100,5,25.7,22.3,27.0,1.73,1e-07,0.1,120,center,center,True,60.300000000000004,3,5,0.047917535554483616,0.21890074361336376,2.610171592020496,4.573011444627412,-3.895,5.629,2.612,4.06,1.813,
3398,100,5,25.1,31.2,33.0,4.87,1e-07,0.1,120,0.45,0.55,True,73.2,3,5,0.01069422007647204,0.10341286223904665,1.1195743193351961,1.1218446913060416,4.432,0.439,1.121,3.405,1.771,
3391,100,5,19.2,72.1,68.6,4.48,1e-07,0.1,80,center,center,True,102.7,3,5,0.06618936644967767,0.2572729415420084,0.3550490036677072,0.9613796412840723,5.552,1.073,0.369,1.653,1.931,
3388,100,5,96.6,49.8,101.9,1.15,1e-07,0.1,50,0.45,0.55,True,161.8,3,5,1.9432112567282869,1.3939911250536305,0.2081543486454585,1.4269564090434035,-0.265,1.412,0.99,6.382,1.885,
3394,100,5,42.4,38.5,50.2,4.11,1e-07,0.1,80,0.60,0.45,True,98.0,3,5,0.01500001325560919,0.12247454125494486,0.9640024372962767,7.492128494528912,-3.933,8.044,0.966,1.142,1.9,
3399,100,5,45.3,10.4,40.6,2.07,1e-07,0.1,120,0.60,0.45,True,84.60000000000001,3,5,0.35634827369937394,0.5969491382851423,0.8436909691677448,1.0932407391029928,1.872,0.2,0.98,4.274,2.047,
3392,100,5,81.5,67.7,98.9,4.1,1e-07,0.1,80,0.35,0.40,True,138.8,3,5,0.04841616023446356,0.22003672474035682,1.0217647744706466,1.1636401729973764,3.901,0.197,1.037,2.64,1.689,
3397,100,5,4.6,74.1,69.1,2.39,1e-07,0.1,120,0.35,0.40,True,107.5,3,5,0.053865813067515006,0.23209009687514676,1.9984039261853002,7.021315469167343,-5.534,7.92,1.999,2.589,2.035,
3389,100,5,90.1,42.0,92.8,2.79,1e-07,0.1,50,0.60,0.45,True,160.5,3,5,2.548415813942749,1.5963758373086048,0.47481347816461417,0.8263491247013669,2.109,0.676,1.291,35.438,1.642,
3387,100,5,89.8,54.9,98.4,2.17,1e-07,0.1,50,0.35,0.40,True,154.0,3,5,0.013188399917207869,0.11484075895433585,0.5980903575178257,1.0161470047157775,14.356,12.187,0.607,11.12,1.761,
3403,100,5,19.7,55.7,52.7,1.73,1e-06,0.05,25,0.45,0.55,True,99.4,3,5,0.1977411033143081,0.44468090055039255,1.867546797822073,1.8675857757333476,1.359,0.373,1.897,3.973,1.899,
3409,100,5,4.0,48.5,43.5,2.15,1e-06,0.05,50,0.60,0.45,True,81.2,3,4,0.003672161367213378,0.06059836109346009,0.4270152798782144,3.444037733524629,5.939,3.793,0.429,3.462,1.625,
3265,100,5,68.8,46.3,76.0,4.51,1e-07,0.1,25,0.60,0.58,False,900.0,2,5,13.557468069493225,3.682046722882971,2.754094103670493,3.95447985289957,-0.154,4.662,4.071,3334.285,3.03,vittima non trovata entro 15 minuti
3407,100,5,73.6,37.1,75.8,3.74,1e-06,0.05,50,0.35,0.40,True,111.0,3,5,0.15754161207063228,0.39691511947850044,0.814933281946524,0.8610902873380439,3.434,0.303,0.898,8.339,1.835,
3415,100,5,39.6,20.5,37.9,1.59,1e-06,0.05,80,0.60,0.58,True,64.10000000000001,3,5,0.3887845974103469,0.6235259396451337,2.6483110050142886,2.6566822806694113,0.5,1.086,2.669,3.345,1.914,
3402,100,5,91.9,23.8,88.9,1.6,1e-06,0.05,25,0.35,0.40,True,144.8,3,5,7.173230123218775,2.6782886556939256,0.9446445228125445,1.9452616679381916,-0.103,1.7,2.444,9.519,2.534,
3428,100,5,2.7,4.1,2.5,1.61,1e-06,0.1,50,0.45,0.55,True,0.30000000000000004,3,2,0.12728113044725536,0.3567648111112633,2.2933922619923712,2.3106328279127513,2.547,0.939,2.296,2.288,2.407,
3400,100,5,21.8,99.8,96.3,4.55,1e-07,0.1,120,0.60,0.58,True,123.9,3,5,0.027933325720088643,0.16713265904690394,1.9116061457447675,3.076953203868062,6.963,2.411,1.915,2.373,1.864,
3406,100,5,81.3,55.3,91.4,4.51,1e-06,0.05,50,center,center,True,121.4,3,5,0.041697323526481034,0.20419922508785637,4.123620117812881,10.263084018182212,-7.756,12.266,4.125,3.63,1.965,
3411,100,5,62.8,26.3,61.6,2.55,1e-06,0.05,80,center,center,True,95.30000000000001,3,5,0.1118889343055097,0.33449803333578765,0.6192158482640749,1.3306632619232002,1.814,0.74,0.642,3.777,2.079,
3417,100,5,10.3,42.7,38.0,1.05,1e-06,0.05,120,0.35,0.40,True,67.3,3,5,0.8432142290159628,0.9182669704481169,2.4472570124634876,7.4550664766109564,-7.158,8.212,2.45,3.822,2.324,
3408,100,5,34.5,97.3,96.9,4.44,1e-06,0.05,50,0.45,0.55,True,111.4,3,5,0.0132197818930469,0.11497731034011406,0.6490763865621746,0.6572329054897609,4.546,0.103,0.653,0.305,1.715,
3414,100,5,40.7,76.3,79.7,3.69,1e-06,0.05,80,0.60,0.45,True,101.60000000000001,3,5,0.210834194018967,0.45916684769151944,3.595667098907767,8.909900799506799,-7.09,10.775,3.596,2.754,2.224,
3410,100,5,22.3,71.2,68.4,4.06,1e-06,0.05,50,0.60,0.58,True,113.0,3,5,0.366731864035417,0.6055839033820309,3.0662250686071433,12.132173350659963,-8.762,12.825,3.071,3.513,2.137,
3404,100,5,66.5,28.8,66.0,3.13,1e-06,0.05,25,0.60,0.45,True,140.70000000000002,3,5,8.029517877694195,2.833640393150513,1.7125757570840305,1.7128946126998303,2.784,0.342,2.728,24.626,2.465,
3263,100,5,94.1,68.0,109.1,4.7,1e-07,0.1,25,0.45,0.55,False,900.0,0,5,11.573223308793395,3.4019440484513255,2.089458293631469,12.521945809432777,17.047,12.346,2.974,373.503,3.875,vittima non trovata entro 15 minuti
3413,100,5,25.4,99.8,97.0,4.09,1e-06,0.05,80,0.45,0.55,True,112.60000000000001,3,5,0.01699338479484636,0.13035867748196267,0.6527690495747279,1.1177778204896012,3.178,0.907,0.663,0.792,1.641,
3435,100,5,15.5,19.7,18.1,1.35,1e-06,0.1,80,0.60,0.58,True,23.3,3,5,0.15861200182070956,0.398261223094478,0.7199671345754074,3.237123522112347,-1.853,3.2,0.818,2.129,1.739,
3412,100,5,95.3,80.5,117.7,3.06,1e-06,0.05,80,0.35,0.40,True,139.5,3,5,0.25901518800726053,0.5089353475710452,1.1675162782879316,1.2099065694344622,2.741,0.317,1.237,3.83,2.02,
3420,100,5,55.3,17.8,51.9,3.16,1e-06,0.05,120,0.60,0.58,True,88.10000000000001,3,5,1.9310424333805443,1.3896195282812287,2.160399329146038,6.970295134506666,-4.34,7.503,2.352,2.784,2.162,
3261,100,5,67.5,49.3,76.6,2.37,1e-07,0.1,25,center,center,False,900.0,1,5,11.317833775418414,3.364198831136236,4.379592821194406,4.8828302717063945,1.501,0.872,4.731,694.325,3.289,vittima non trovata entro 15 minuti
3421,100,5,66.4,35.6,68.6,3.31,1e-06,0.1,25,center,center,True,96.60000000000001,3,5,67.07482653915103,8.189922254768419,6.370031171354535,11.5500658315616,15.702,12.396,8.484,16.905,2.544,
3432,100,5,55.8,7.0,50.8,1.35,1e-06,0.1,80,0.35,0.40,True,74.5,3,5,0.6540746332317252,0.8087488072521191,4.737736796380605,8.106595287732846,9.105,7.756,4.745,4.347,2.633,
3418,100,5,87.2,99.6,125.3,1.98,1e-06,0.05,120,0.45,0.55,True,129.4,3,5,0.013371087702418934,0.11563341948770232,1.0545558849804706,1.0792852991475075,2.209,0.23,1.058,1.614,1.754,
3423,100,5,40.2,96.2,97.7,2.32,1e-06,0.1,25,0.45,0.55,True,125.4,3,5,0.8039814036826033,0.8966501010330636,0.8824445035235985,1.392548268376323,3.396,1.077,1.113,8.812,1.875,
3447,100,5,6.0,1.2,3.9,3.02,1e-05,0.05,50,0.35,0.40,True,0.2,3,2,0.16502902972664202,0.40623765178358595,0.9217000380415529,1.094475116396188,2.717,0.306,0.937,0.962,2.583,
3439,100,5,26.2,21.6,26.9,2.78,1e-06,0.1,120,0.60,0.45,True,49.2,3,5,0.3206059749225873,0.5662207828423356,1.6365679793009706,6.928838234886482,-4.658,7.435,1.702,4.848,2.84,
3419,100,5,94.6,39.5,96.0,1.78,1e-06,0.05,120,0.60,0.45,True,127.5,3,5,0.007947091429507901,0.0891464605551331,0.8219772816672498,1.3364163257916588,2.829,1.054,0.825,4.827,1.651,
3431,100,5,42.0,42.6,52.7,1.41,1e-06,0.1,80,center,center,True,96.30000000000001,3,5,0.02857577593469805,0.16904371013054006,1.0124253295996581,1.3665088885856054,1.623,0.21,1.018,3.201,1.81,
3433,100,5,52.1,22.9,50.4,4.71,1e-06,0.1,80,0.45,0.55,True,90.30000000000001,4,5,0.07722341196287925,0.277891007344389,2.461891041461905,3.942231375040854,6.905,2.197,2.464,4.907,2.604,
3424,100,5,56.5,77.7,89.0,3.35,1e-06,0.1,25,0.60,0.45,True,114.0,3,5,9.700381018531724,3.1145434687176423,1.1423285593497912,1.5261466422655685,1.848,1.497,2.871,15.369,2.347,
3427,100,5,24.9,74.2,72.0,1.05,1e-06,0.1,50,0.35,0.40,True,103.9,3,5,0.040841908347194075,0.20209381075924635,1.9713245835666413,6.979298308834655,-6.647,7.7,1.974,3.828,2.297,
3416,100,5,96.6,15.6,92.2,3.38,1e-06,0.05,120,center,center,True,173.8,3,5,4.203716433977311,2.0502966697474077,0.6263936340601367,0.6739287639251751,3.632,0.249,1.45,6.107,2.176,
3426,100,5,87.6,62.5,100.6,3.67,1e-06,0.1,50,center,center,True,134.70000000000002,3,5,0.03151470078131852,0.17752380342173418,3.7941885093334826,9.791635056147518,-7.987,11.654,3.795,8.418,1.831,
3430,100,5,72.8,38.8,75.8,4.43,1e-06,0.1,50,0.60,0.58,True,117.30000000000001,3,5,3.725908431231512,1.930261233934804,2.6426300205889466,4.71265839714357,8.552,4.118,3.038,30.154,2.538,
3436,100,5,45.1,66.2,73.2,2.7,1e-06,0.1,120,center,center,True,105.80000000000001,3,5,0.012390547703258637,0.11131283710003369,0.24710660654500716,1.6495547601133875,4.413,1.713,0.266,0.409,1.887,
3445,100,5,24.4,54.0,52.7,2.69,1e-05,0.05,25,0.60,0.58,True,66.8,3,5,0.3128365353482222,0.5593179197453111,2.577802700197269,9.372559809412271,-7.239,9.927,2.583,4.866,1.914,
3446,100,5,20.0,40.7,38.8,4.52,1e-05,0.05,50,center,center,True,65.2,3,4,0.043232020340858025,0.20792311160825297,2.906625761925854,3.411827720305479,7.726,3.203,2.908,3.209,2.281,
3437,100,5,85.9,96.1,121.9,1.03,1e-06,0.1,120,0.35,0.40,True,132.3,3,5,0.002852881961240474,0.05341237647999267,0.3965815498262675,2.5987696821284585,-1.538,2.568,0.397,3.329,1.563,
3438,100,5,34.3,49.6,53.3,2.7,1e-06,0.1,120,0.45,0.55,True,91.60000000000001,3,5,0.026892981895366035,0.16399079820333223,1.4055735368439977,2.208228217479979,0.557,2.144,1.407,3.287,1.674,
3442,100,5,42.4,80.4,84.2,2.25,1e-05,0.05,25,0.35,0.40,True,90.10000000000001,3,5,4.722551047837497,2.1731431264041254,1.9148593170825028,1.9229052539018,2.48,0.231,2.604,3.676,2.154,
3443,100,5,86.4,77.1,108.8,3.33,1e-05,0.05,25,0.45,0.55,True,108.80000000000001,3,5,0.029715736537705914,0.1723825296766059,0.8012291375018727,3.027018541941398,6.164,2.836,0.807,2.247,2.075,
3425,100,5,54.6,37.5,59.3,4.95,1e-06,0.1,25,0.60,0.58,True,140.1,3,5,11.600088987012759,3.405890336903518,0.07529102772570764,0.7965077499755301,4.167,0.786,2.653,31.917,1.839,
3440,100,5,28.4,94.4,92.4,3.17,1e-06,0.1,120,0.60,0.58,True,115.2,3,5,0.01865792471861351,0.13659401421223957,0.8576320322142956,0.9067240423634682,3.466,0.294,0.865,1.516,2.017,
3452,100,5,25.6,33.2,34.9,3.84,1e-05,0.05,80,0.35,0.40,True,51.900000000000006,3,5,0.0215905501664449,0.14693723206337087,2.252631661260998,9.604226489983736,-6.43,10.271,2.254,2.696,1.782,
3453,100,5,28.3,78.7,77.3,3.61,1e-05,0.05,80,0.45,0.55,True,77.9,3,5,0.08526468988759699,0.2920011813119889,0.8574313127665312,0.860467554272402,3.673,0.064,0.904,0.638,1.876,
3448,100,5,80.6,67.4,98.0,2.32,1e-05,0.05,50,0.45,0.55,True,110.4,3,5,0.20296533570332562,0.4505167429778006,1.329086648250323,6.2058810952172365,8.593,6.272,1.365,1.529,1.773,
3463,100,5,17.5,25.2,23.7,3.08,1e-05,0.1,25,0.45,0.55,True,44.6,3,4,0.751717041382008,0.8670161713497667,1.3307039704573087,2.2704483899790517,5.295,2.212,1.435,3.846,2.216,
3449,100,5,59.1,45.2,67.4,4.58,1e-05,0.05,50,0.60,0.45,True,94.60000000000001,3,5,1.9887086725935248,1.4102158248273648,2.5957842710417114,8.564758721844544,-5.028,9.607,2.769,5.792,1.673,
3459,100,5,70.8,21.5,67.9,2.96,1e-05,0.05,120,0.60,0.45,True,98.4,3,3,1.5483615012410685,1.2443317488680696,1.130319158569095,4.615727308913314,-2.149,5.107,1.536,1.856,1.619,
3458,100,5,47.6,91.0,96.0,1.75,1e-05,0.05,120,0.45,0.55,True,94.5,3,5,0.4396545550781482,0.6630645180358757,0.5158231719217304,2.853790304897404,4.557,2.807,0.7,1.047,1.62,
3451,100,5,70.8,66.2,89.9,1.83,1e-05,0.05,80,center,center,True,111.2,3,5,0.037436200423847994,0.19348436738880997,2.2423283502371287,3.5517205919374435,-2.468,4.303,2.243,2.889,1.667,
3454,100,5,71.5,53.4,82.3,3.49,1e-05,0.05,80,0.60,0.45,True,104.60000000000001,3,5,0.008937397806898353,0.09453781151950977,1.1423705092386922,2.917729906421215,6.298,2.809,1.144,2.585,1.627,
3450,100,5,83.8,44.7,88.2,3.94,1e-05,0.05,50,0.60,0.58,True,122.9,3,5,0.0069537240588311185,0.08338899243204176,0.7999967725714721,1.1176540906533492,3.29,0.651,0.803,3.277,1.677,
3460,100,5,48.7,95.6,100.6,2.52,1e-05,0.05,120,0.60,0.58,True,94.10000000000001,3,5,0.02506758283752053,0.15832745446548596,0.39904227828753813,1.2367681290125023,3.691,1.171,0.414,0.652,1.853,
3457,100,5,69.7,14.3,65.4,4.08,1e-05,0.05,120,0.35,0.40,True,101.2,3,3,0.00903427212593127,0.09504878813499555,0.6112543745991855,0.7416443251457896,4.686,0.607,0.615,2.63,1.632,
3464,100,5,72.1,22.9,69.5,3.57,1e-05,0.1,25,0.60,0.45,True,95.5,3,5,24.685985300872932,4.968499300681538,4.057306094462774,5.376639078811231,9.569,6.002,4.15,3.715,2.039,
3467,100,5,40.7,28.8,42.9,3.59,1e-05,0.1,50,0.35,0.40,True,77.9,3,5,0.013479328371796124,0.11610050978267117,0.37549507249020647,1.03247223687946,4.587,0.996,0.388,9.729,1.627,
3469,100,5,6.2,51.4,46.4,4.49,1e-05,0.1,50,0.60,0.45,True,74.10000000000001,3,4,0.010972333807228365,0.10474890838203692,5.021675086471668,10.521768481935833,-8.694,13.187,5.022,8.017,1.339,
3462,100,5,88.4,12.0,83.7,2.18,1e-05,0.1,25,0.35,0.40,True,143.4,3,5,3.7076729883260833,1.9255318715425314,1.0440989492376695,1.156300068840014,2.452,0.273,1.761,7.495,1.721,
3455,100,5,98.5,81.0,120.5,3.14,1e-05,0.05,80,0.60,0.58,True,154.8,3,4,0.014663441221935834,0.1210926968150261,0.47525391388308913,1.9031538919601467,4.981,1.843,0.489,7.008,1.847,
3471,100,5,25.7,51.1,50.5,3.47,1e-05,0.1,80,center,center,True,69.3,3,5,0.023232258668055054,0.15242131959819483,1.0106524815820546,1.35045789177686,1.978,1.487,1.014,2.94,1.996,
3472,100,5,39.2,53.5,59.4,1.15,1e-05,0.1,80,0.35,0.40,True,69.5,3,5,0.0066454206454338895,0.08151944949172492,1.7132072612628564,4.079322415698803,5.442,4.296,1.714,3.708,1.729,
3473,100,5,20.9,46.6,44.6,2.82,1e-05,0.1,80,0.45,0.55,True,60.800000000000004,3,5,0.07605890842730767,0.27578779600864806,0.699030605806942,2.029117467826699,4.81,1.988,0.717,3.211,1.913,
3461,100,5,99.0,92.5,128.4,3.27,1e-05,0.1,25,center,center,True,134.3,3,3,0.007704501047617416,0.08777528722606048,0.8054592510454628,0.8955829979001624,2.876,0.392,0.806,10.199,1.508,
3468,100,5,72.6,63.4,89.3,1.64,1e-05,0.1,50,0.45,0.55,True,107.60000000000001,3,5,0.6332880454448062,0.7957939717318837,0.6708209561843507,1.438421995962635,0.703,0.939,0.906,7.18,1.736,
3474,100,5,15.9,37.7,34.5,2.1,1e-05,0.1,80,0.60,0.45,True,55.5,3,4,0.2596784427998084,0.5095865410308718,4.925477581694857,10.544840810922711,-9.825,11.925,4.926,6.705,2.544,
3480,100,5,25.9,16.2,23.7,1.44,1e-05,0.1,120,0.60,0.58,True,35.9,3,4,0.021705429517144815,0.147327626455953,0.6985134918874424,3.639189924655603,4.786,3.348,0.699,3.339,1.76,
3303,100,5,72.6,39.2,75.8,2.6,1e-06,0.1,25,0.45,0.55,False,900.0,0,5,24.98139874259271,4.998139528123711,1.8630600309196597,12.395452155822785,15.292,12.69,5.151,1587.236,3.333,vittima non trovata entro 15 minuti
3465,100,5,92.1,19.6,88.3,3.67,1e-05,0.1,25,0.60,0.58,True,142.20000000000002,3,5,0.11278350296125081,0.3358325519678681,0.6264403044927322,0.6305605928106114,3.745,0.072,0.655,13.635,1.867,
3493,100,5,2.8,14.2,9.5,4.98,1e-07,0.05,80,0.45,0.55,True,3.7,3,3,0.4181951063836392,0.6466800649344614,1.214708550739931,1.4264536227234468,6.102,1.121,1.321,1.357,2.263,
3475,100,5,15.5,90.3,85.9,3.02,1e-05,0.1,80,0.60,0.58,True,87.10000000000001,3,5,0.03648051855701231,0.1909987396738845,0.8508648991443232,1.3715223252452653,4.644,1.62,0.859,1.106,2.291,
3477,100,5,53.8,43.9,62.5,2.02,1e-05,0.1,120,0.35,0.40,True,82.4,3,5,0.0163643276141085,0.12792313166159006,0.8769647795714953,0.9916144336434476,1.858,0.165,0.88,2.264,1.668,
3479,100,5,55.4,2.4,50.5,2.34,1e-05,0.1,120,0.60,0.45,True,88.30000000000001,3,3,12.461364966701199,3.530065858691761,1.4961180642766068,2.3892983605181297,0.207,2.133,2.957,3.633,1.729,
3478,100,5,20.3,93.4,89.7,3.78,1e-05,0.1,120,0.45,0.55,True,84.0,3,5,0.008682518410339967,0.09318003225122841,2.460783190957648,16.53411416439269,20.133,16.35,2.461,1.607,1.823,
3476,100,5,66.9,93.5,108.0,1.1,1e-05,0.1,120,center,center,True,101.5,3,5,0.018624975459853595,0.13647335073139222,0.8292836616576844,6.027268232712352,7.067,5.97,0.833,3.044,1.744,
3470,100,5,95.2,32.9,94.5,4.18,1e-05,0.1,50,0.60,0.58,True,160.3,3,4,0.02465927878490564,0.1570327315718148,0.8384255232519829,0.999178972167205,4.723,0.544,0.839,11.246,2.122,
3485,100,5,35.3,52.8,56.6,2.88,1e-07,0.05,25,0.60,0.58,True,97.5,3,5,0.010963609848897552,0.10470725786160935,0.2641217117088755,1.3132573648193882,1.708,1.167,0.275,7.023,1.603,
3482,100,5,84.2,19.3,80.5,4.61,1e-07,0.05,25,0.35,0.40,True,127.2,3,5,1.9865886332684441,1.409463952454423,0.15999381400874124,0.5812123596408864,5.212,0.602,1.303,9.171,2.329,
3494,100,5,24.5,28.8,30.7,3.6,1e-07,0.05,80,0.60,0.45,True,59.7,3,5,0.015867782082193013,0.12596738499386662,3.1195188339502633,10.89542438542925,-8.338,11.942,3.12,5.796,1.537,
3490,100,5,48.5,29.1,49.8,1.53,1e-07,0.05,50,0.60,0.58,True,90.5,3,5,0.09730314263379594,0.31193451657967564,2.1630476567042756,3.015935732520078,3.985,2.457,2.165,4.321,2.508,
3481,100,5,9.4,66.2,61.4,2.89,1e-07,0.05,25,center,center,True,116.80000000000001,3,5,0.038069874274921436,0.1951150283164304,2.340306382053425,3.3482057427957628,6.591,3.701,2.342,4.408,1.963,
3484,100,5,91.5,38.4,92.8,2.32,1e-07,0.05,25,0.60,0.45,True,130.9,3,5,6.913481228753977,2.629349963157049,0.9772438473393625,1.7643656663097338,3.793,1.469,1.559,4.6,2.009,
3487,100,5,77.9,88.8,111.1,1.62,1e-07,0.05,50,0.35,0.40,True,130.3,3,5,0.00586915053704702,0.07661038139212609,0.8215156689125317,2.6110041874547765,-1.17,2.79,0.824,7.485,1.606,
3486,100,5,59.8,42.3,66.3,3.85,1e-07,0.05,50,center,center,True,124.5,3,5,0.29974853038953864,0.5474929500820432,1.5217161140552922,2.008262052436459,1.548,2.306,1.525,6.303,1.927,
3483,100,5,45.4,58.8,67.3,4.74,1e-07,0.05,25,0.45,0.55,True,114.5,3,5,0.008915103956663832,0.09441982819653842,0.8528551256425593,0.853027212538377,4.371,0.367,0.856,3.911,1.801,
3488,100,5,9.8,66.5,61.6,2.93,1e-07,0.05,50,0.45,0.55,True,110.10000000000001,3,5,0.009183243859774254,0.09582924323907736,0.8055679827333568,0.807482781820931,2.988,0.058,0.811,1.887,1.651,
3314,100,5,36.2,94.1,94.4,3.62,1e-06,0.1,80,0.60,0.45,False,900.0,0,5,409.83916823105204,20.2444848843099,35.487321744728156,35.49607368201826,13.795,10.175,37.531,469.821,3.4,vittima non trovata entro 15 minuti
3495,100,5,42.0,66.7,72.0,2.88,1e-07,0.05,80,0.60,0.58,True,101.2,3,5,0.017105206250312754,0.13078687338686842,0.8724459500509284,2.1190993271485095,4.915,2.034,0.88,2.004,1.665,
3492,100,5,83.6,64.8,98.7,2.92,1e-07,0.05,80,0.35,0.40,True,137.0,3,5,0.0319892500299829,0.17885538859643815,1.497515408995246,2.58452446738793,5.5,2.58,1.5,2.881,1.802,
3344,100,5,91.8,75.2,111.6,2.25,1e-05,0.1,25,0.60,0.45,False,900.0,2,5,2753.6136085952207,52.47488550340268,47.9530911972238,48.067947625991835,2.216,0.033,57.753,339.541,3.101,vittima non trovata entro 15 minuti
3361,100,5,88.3,45.5,92.6,1.66,1e-07,0.05,25,center,center,False,900.0,2,5,79.83729451390127,8.935171767453678,4.247309886128091,9.88416849375386,10.299,8.642,9.092,199.235,3.219,vittima non trovata entro 15 minuti
3501,100,5,51.1,5.5,46.2,3.41,1e-07,0.1,25,center,center,True,73.10000000000001,3,5,230.26590041705617,15.174514833003926,3.1739364616489323,17.82308965491125,19.856,16.449,10.243,18.015,6.996,
3491,100,5,97.7,1.6,92.8,1.46,1e-07,0.05,80,center,center,True,190.20000000000002,3,5,5.333060157180325,2.309341931629079,1.0482493142631462,1.561632295747423,2.618,1.158,1.224,4.842,1.863,
3305,100,5,77.6,11.1,72.9,4.99,1e-06,0.1,25,0.60,0.58,False,900.0,2,5,219.88219193036136,14.82842513318125,13.505526218248567,13.505546202976147,8.113,3.125,17.528,808.919,3.243,vittima non trovata entro 15 minuti
3498,100,5,8.7,96.1,91.1,2.07,1e-07,0.05,120,0.45,0.55,True,121.80000000000001,3,5,0.2813349467087039,0.5304101683685032,1.9848964406979457,21.83025224556467,23.81,21.74,2.033,4.521,1.912,
3496,100,5,89.0,30.7,87.9,3.28,1e-07,0.05,120,center,center,True,144.6,3,5,6.078426433564687,2.4654464978102215,2.8936990662968656,3.5911417512106407,4.154,0.873,3.373,3.259,1.622,
3520,100,5,14.5,2.8,9.7,2.52,1e-07,0.1,120,0.60,0.58,True,0.2,3,3,0.49481889319800015,0.7034336451990338,9.553652193739355,11.723039689272147,9.567,7.046,9.563,9.577,4.52,
3506,100,5,22.1,37.1,36.4,4.84,1e-07,0.1,50,center,center,True,75.4,3,5,0.20243304971053538,0.4499256046398509,2.4801512037490667,5.437985670147478,-1.707,6.542,2.487,6.239,2.076,
3497,100,5,88.6,64.8,102.8,4.88,1e-07,0.05,120,0.35,0.40,True,150.0,3,5,0.025779111517603467,0.16055874787006613,0.38659860685808817,0.6803245075666137,5.308,0.431,0.41,5.333,1.799,
3499,100,5,92.0,89.4,121.2,4.56,1e-07,0.05,120,0.60,0.45,True,138.0,3,5,0.024678861796116953,0.15709507247560936,1.5423276338863676,2.285260139905306,2.874,1.686,1.544,4.328,2.13,
3500,100,5,75.6,59.0,88.9,1.08,1e-07,0.05,120,0.60,0.58,True,133.70000000000002,3,5,0.4536465544149186,0.6735328903735278,0.7423853158141575,2.36649654931406,-1.307,2.39,1.001,1.975,1.762,
3502,100,5,74.6,42.0,78.8,2.79,1e-07,0.1,25,0.35,0.40,True,130.1,3,5,0.4692354632471504,0.685007637364103,1.5685883824147284,6.3280734687371245,-3.863,6.657,1.655,16.417,1.747,
3504,100,5,51.5,24.3,50.4,4.81,1e-07,0.1,25,0.60,0.45,True,100.2,3,5,0.042401661755491094,0.20591663787924253,0.342486038904958,3.9398043133743266,1.096,3.71,0.35,4.599,1.86,
3513,100,5,31.5,12.1,27.5,1.39,1e-07,0.1,80,0.45,0.55,True,56.300000000000004,3,5,0.04719656921709342,0.2172477139513634,1.4142762669489664,2.5665439130736343,-1.132,2.525,1.423,2.697,1.687,
3503,100,5,38.1,75.4,77.8,1.23,1e-07,0.1,25,0.45,0.55,True,108.60000000000001,3,5,0.014923037606850844,0.12215988542418843,1.0614939679574495,1.1645264560289856,1.516,0.284,1.063,8.739,2.117,
3505,100,5,46.2,30.9,48.7,2.52,1e-07,0.1,25,0.60,0.58,True,101.2,3,5,0.03387714851109448,0.18405745980832855,0.9862846073709967,3.1962269423578245,-0.377,2.895,0.995,4.633,1.907,
3507,100,5,86.2,12.8,81.6,4.78,1e-07,0.1,50,0.35,0.40,True,132.3,3,4,0.03268125862720759,0.18077958575903305,0.7538565790216286,1.1731499969969914,5.851,1.073,0.764,18.691,1.374,
3510,100,5,56.9,63.0,77.8,2.81,1e-07,0.1,50,0.60,0.58,True,107.2,3,5,12.834878616478008,3.5825798827769364,2.6594112990470054,4.752957492678343,6.605,3.797,2.684,2.82,1.902,
3512,100,5,61.6,37.2,65.2,4.27,1e-07,0.1,80,0.35,0.40,True,95.60000000000001,3,5,0.027840346097868555,0.16685426604635722,0.9675853081708923,2.9802173785901287,7.086,2.816,0.975,4.488,2.086,
3533,100,5,6.3,7.0,2.4,1.43,1e-06,0.05,80,0.45,0.55,True,0.30000000000000004,3,2,0.028462122396722626,0.16870720908343728,1.2931766168012604,1.2980073793877527,1.209,0.22,1.296,1.265,1.79,
3511,100,5,48.6,25.6,48.2,4.14,1e-07,0.1,80,center,center,True,89.7,3,5,0.12250512943958661,0.35000732769413073,2.8396696573416147,2.849881648069608,2.456,1.687,2.843,6.735,2.15,
3509,100,5,55.7,76.5,87.6,2.81,1e-07,0.1,50,0.60,0.45,True,112.0,3,5,0.009965597394599833,0.09982783877556317,0.6700616226027024,2.984424047331195,0.195,2.614,0.674,3.725,1.651,
3508,100,5,81.1,8.9,76.2,2.41,1e-07,0.1,50,0.45,0.55,True,125.5,3,5,0.20909604429864312,0.4572702092840109,1.2728918260319464,6.675704738807695,-4.553,6.963,1.306,16.222,1.85,
3530,100,5,7.8,30.3,25.5,3.84,1e-06,0.05,50,0.60,0.58,True,34.800000000000004,3,5,0.018726532267366792,0.13684492050261418,0.9665284331319476,2.686412375903899,1.512,2.324,0.971,1.157,1.83,
3524,100,5,30.7,29.0,35.2,4.02,1e-06,0.05,25,0.60,0.45,True,63.7,3,5,0.12138429340968583,0.34840248766288373,0.544378371851597,6.780346577973487,-3.017,7.035,0.596,1.792,2.034,
3534,100,5,10.5,30.0,25.6,4.82,1e-06,0.05,80,0.60,0.45,True,33.800000000000004,3,5,1.4933740869242635,1.22203685988773,0.51766845801086,3.2328367323679434,1.411,3.404,0.84,1.596,2.214,
3529,100,5,14.9,39.3,35.7,2.47,1e-06,0.05,50,0.60,0.45,True,62.6,3,5,0.0250283178797036,0.1582034066627631,0.6632863026642728,2.656692735853468,-0.245,2.712,0.679,2.735,1.659,
3519,100,5,4.2,76.8,71.8,4.67,1e-07,0.1,120,0.60,0.45,True,93.10000000000001,3,5,0.012678499622680663,0.11259884378927104,0.3422837954000592,0.9851405042336169,5.476,0.806,0.352,2.362,1.832,
3514,100,5,80.7,81.2,107.4,1.62,1e-07,0.1,80,0.60,0.45,True,136.8,3,5,0.007983356663563786,0.08934963158045917,0.516828807576243,1.0743307872269254,0.885,0.738,0.521,5.231,1.58,
3517,100,5,61.7,99.6,110.3,2.94,1e-07,0.1,120,0.35,0.40,True,121.0,3,5,1.7063364400909564,1.3062681348371614,0.9635560148892046,1.509142725110307,4.104,1.161,1.62,2.763,1.816,
3525,100,5,56.1,12.2,51.6,3.71,1e-06,0.05,25,0.60,0.58,True,89.2,3,5,57.61412630324571,7.590396979292039,3.153381470755126,10.583512832074183,13.794,10.083,5.858,11.479,3.746,
3515,100,5,65.7,92.5,106.5,4.11,1e-07,0.1,80,0.60,0.58,True,132.70000000000002,3,5,0.010132222918289286,0.10065894355838077,0.5320067499768029,0.6217147918264552,4.431,0.322,0.536,4.749,1.681,
3532,100,5,24.0,29.8,31.3,4.39,1e-06,0.05,80,0.35,0.40,True,61.7,3,5,0.02254678201830585,0.1501558590875023,2.25628869338087,4.727682158633658,-0.575,4.965,2.258,1.429,2.05,
3526,100,5,8.0,61.7,56.8,1.72,1e-06,0.05,50,center,center,True,92.4,3,5,0.0437388497608802,0.20913835076542084,2.9693539545986054,4.088549223146648,6.467,4.747,2.972,1.982,2.028,
3527,100,5,22.5,49.1,47.4,3.89,1e-06,0.05,50,0.35,0.40,True,84.2,3,5,2.377232463961515,1.5418276375657285,0.9497508298494124,4.771441611042191,-1.119,5.008,1.524,2.314,2.081,
3516,100,5,36.3,97.3,97.5,1.62,1e-07,0.1,120,center,center,True,129.5,3,5,0.3190698489528718,0.564862681501329,1.004429579048143,1.1072827616353256,2.082,0.466,1.141,4.844,1.631,
3518,100,5,77.3,73.1,99.3,2.45,1e-07,0.1,120,0.45,0.55,True,132.3,3,5,0.967618735113467,0.9836761332437963,1.94887795821185,4.718286151860059,-2.786,5.233,1.99,2.202,1.735,
3523,100,5,22.7,85.9,82.8,1.93,1e-06,0.05,25,0.45,0.55,True,121.80000000000001,3,5,0.03546321892006614,0.1883168046672047,0.9205318675087425,2.9493886257212463,4.827,2.895,0.935,7.393,2.15,
3539,100,5,2.1,32.8,28.0,1.76,1e-06,0.05,120,0.60,0.45,True,48.6,3,5,0.05122799043582413,0.2263360122380531,2.6318965393491727,8.22625146501629,-7.13,8.894,2.633,4.293,1.887,
3535,100,5,42.3,24.4,42.1,1.03,1e-06,0.05,80,0.60,0.58,True,75.60000000000001,3,5,1.470629559646973,1.2126951635291423,0.9512899609039156,2.3708913196703505,-1.354,2.379,1.12,1.762,1.997,
3541,100,5,6.2,31.9,26.9,1.27,1e-06,0.1,25,center,center,True,50.2,3,5,0.16732527466374045,0.40905412192488716,4.038738133919776,5.541726291696127,7.737,6.469,4.04,9.075,2.279,
3521,100,5,97.2,26.3,94.6,1.25,1e-06,0.05,25,center,center,True,173.0,3,5,6.006549164281417,2.450826220743,1.980702363399579,2.2935066614985637,0.095,1.156,2.307,8.011,1.786,
3522,100,5,98.1,48.7,102.8,3.11,1e-06,0.05,25,0.35,0.40,True,170.20000000000002,3,5,1.9242831898046497,1.3871853480356005,0.14081522308964758,2.18215854895984,0.928,2.178,1.112,6.305,1.761,
3429,100,5,94.3,71.5,111.3,1.73,1e-06,0.1,50,0.60,0.45,False,900.0,0,5,11.291130963272932,3.3602278141925037,1.3927723244552541,1.8174417643140437,0.562,1.168,3.386,588.683,2.63,vittima non trovata entro 15 minuti
3549,100,5,26.2,20.3,26.2,3.27,1e-06,0.1,50,0.60,0.45,True,48.300000000000004,3,5,0.7069572742473406,0.8408075131962967,0.7947883526924332,5.894462501165543,-2.897,6.171,1.116,4.008,2.318,
3531,100,5,29.0,94.0,92.2,3.36,1e-06,0.05,80,center,center,False,123.5,3,5,0.12137155082673179,0.3483842000245301,17.555575027309732,32.085360666570445,16.709,13.345,17.558,18.35,2.019,vittima non trovata entro 15 minuti
3536,100,5,76.7,88.8,110.3,2.63,1e-06,0.05,120,center,center,True,126.9,3,5,2.084004832992947,1.4436082685385765,0.5369296280596956,0.5530481456979389,2.505,0.121,1.085,1.901,1.649,
3540,100,5,60.1,26.5,59.2,3.33,1e-06,0.05,120,0.60,0.58,True,92.4,3,5,0.026942085369530057,0.1641404440396396,1.996590137006671,4.196654395009275,6.873,3.54,1.999,0.892,2.063,
3538,100,5,64.1,44.1,70.9,1.94,1e-06,0.05,120,0.45,0.55,True,112.30000000000001,3,5,3.9481006507008227,1.986982800806495,3.1950808537212607,4.799862356856327,-2.843,4.787,3.489,3.125,2.337,
3537,100,5,69.2,94.9,110.4,4.75,1e-06,0.05,120,0.35,0.40,True,128.3,3,5,0.021809124851822143,0.14767912801686683,0.6520624456077316,0.7565604452089116,4.37,0.384,0.662,1.991,1.667,
3349,100,5,12.8,90.6,85.9,2.11,1e-05,0.1,50,0.60,0.45,False,900.0,0,5,6.182795042039869,2.4865226807813094,90.88397003079345,91.45307166713951,12.3,10.187,90.916,253.772,2.53,vittima non trovata entro 15 minuti
3553,100,5,28.4,42.8,44.5,3.58,1e-06,0.1,80,0.45,0.55,True,79.60000000000001,3,5,0.03374424138533575,0.18369605707618156,0.8484213596983872,0.9120972708716354,3.658,0.081,0.855,3.591,1.826,
3547,100,5,69.2,30.9,69.2,1.47,1e-06,0.1,50,0.35,0.40,True,108.5,3,5,0.21856166326873452,0.4675057895563803,1.6960570620767625,3.49011981103408,5.099,3.626,1.711,1.845,1.984,
3545,100,5,93.6,45.1,97.3,2.04,1e-06,0.1,25,0.60,0.58,True,138.0,3,5,9.71195667516797,3.1164012378331467,1.232926310825023,1.477687659674314,2.852,0.815,2.321,10.472,2.586,
3550,100,5,50.1,49.0,63.0,4.89,1e-06,0.1,50,0.60,0.58,True,98.9,3,5,0.01684149147884323,0.12977477212017452,1.0601448937935236,4.969274179679759,-0.056,4.945,1.067,1.033,1.709,
3546,100,5,58.9,52.5,71.8,1.05,1e-06,0.1,50,center,center,True,127.7,3,5,0.06385604431828365,0.2526975352437844,2.413392291201209,5.136258429877054,-5.16,6.206,2.414,25.961,1.973,
3542,100,5,56.8,72.8,85.3,1.15,1e-06,0.1,25,0.35,0.40,True,137.5,3,5,8.500981341647435,2.9156442412694035,1.0147706397420193,3.968391307198602,5.405,4.258,2.939,22.909,2.23,
3564,100,5,0.3,45.8,41.1,3.97,1e-05,0.05,25,0.60,0.45,True,60.1,3,3,0.26249307310917974,0.5123407783001268,3.4317225151833575,9.475315361351882,-7.629,11.602,3.433,6.414,2.524,
3544,100,5,58.5,65.5,80.8,3.8,1e-06,0.1,25,0.60,0.45,True,135.1,3,5,24.306733180379464,4.930185917425373,3.9842196831273236,5.011892287475085,-0.88,4.679,4.32,18.071,2.266,
3548,100,5,91.6,16.5,87.3,3.01,1e-06,0.1,50,0.45,0.55,True,149.0,3,5,0.022646940215771412,0.15048900363738013,0.38466417668492164,1.6190000948036247,4.587,1.573,0.396,23.932,1.742,
3552,100,5,78.4,29.7,77.4,2.97,1e-06,0.1,80,0.35,0.40,True,125.60000000000001,3,5,0.023812090745082573,0.15431166755978815,0.9524470238687993,1.6403419963713974,4.592,1.62,0.954,17.252,1.829,
3554,100,5,73.2,74.9,97.7,2.88,1e-06,0.1,80,0.60,0.45,True,124.4,3,5,0.008992230445487817,0.09482737181577805,0.5878419925335814,2.239579197975062,0.878,2.002,0.59,4.451,1.595,
3563,100,5,32.8,77.4,77.6,3.19,1e-05,0.05,25,0.45,0.55,True,83.0,3,5,0.03114593118321992,0.17648209876137558,0.6784851360522883,1.0621399199635693,3.84,0.646,0.688,4.917,1.785,
3555,100,5,58.3,74.0,87.2,2.75,1e-06,0.1,80,0.60,0.58,True,110.10000000000001,3,5,0.03480256763249999,0.18655446291230876,1.275378796746512,4.201804295092424,-1.457,4.205,1.281,1.528,1.735,
3561,100,5,86.4,70.0,104.1,2.48,1e-05,0.05,25,center,center,True,119.7,3,5,11.519859000388026,3.3940917784273346,5.202439214762446,6.4498794942687,-4.946,7.425,5.585,9.924,2.493,
3557,100,5,38.4,83.4,85.2,4.3,1e-06,0.1,120,0.35,0.40,True,102.2,3,5,0.056859290950856234,0.23845186296369386,1.6838109248740898,1.8084825453250868,2.913,1.384,1.688,3.671,2.092,
3565,100,5,1.6,65.1,60.2,2.2,1e-05,0.05,25,0.60,0.58,True,77.80000000000001,3,3,1.0730560580571868,1.035884191431256,4.610883718894462,4.7075765754555,1.657,0.547,4.624,6.337,2.552,
3560,100,5,89.1,7.7,84.1,4.08,1e-06,0.1,120,0.60,0.58,True,114.80000000000001,3,5,0.6013091433382572,0.7754412571808759,0.5872493905129199,3.9280087968579793,0.091,3.99,0.749,5.732,1.726,
3562,100,5,66.5,46.0,73.9,3.34,1e-05,0.05,25,0.35,0.40,True,110.30000000000001,3,5,1.350044925291457,1.1619143364686817,1.5702787985314532,2.390055199591153,5.7,2.364,1.809,13.082,2.028,
3558,100,5,67.0,49.4,76.3,1.12,1e-06,0.1,120,0.45,0.55,True,117.30000000000001,3,5,0.04651332969943578,0.2156694918142939,2.834772553282856,8.868163229841056,-8.319,9.434,2.837,2.4,1.915,
3569,100,5,15.5,57.1,53.1,3.7,1e-05,0.05,50,0.60,0.45,True,63.7,3,5,0.03588498631314777,0.18943332946751418,4.754408538325577,11.927743762834558,-9.46,13.164,4.755,5.103,1.67,
3568,100,5,48.3,21.0,46.2,3.6,1e-05,0.05,50,0.45,0.55,True,67.60000000000001,3,3,0.39422822736835467,0.6278759649551452,1.4575059250177032,3.748518176356076,6.991,3.389,1.482,5.381,2.182,
3566,100,5,1.5,70.8,65.9,3.13,1e-05,0.05,50,center,center,True,83.10000000000001,3,3,0.04560715278481345,0.21355831237583203,0.6918398764660999,1.3561225024163872,4.54,1.406,0.704,1.624,1.853,
3582,100,5,22.1,4.5,17.1,3.65,1e-05,0.1,25,0.35,0.40,True,17.8,3,4,0.10173049426811473,0.3189521817892374,7.000423184287387,8.274984634721665,10.438,6.784,7.001,7.075,2.864,
3434,100,5,79.4,56.2,90.3,4.43,1e-06,0.1,80,0.60,0.45,False,900.0,2,5,141.2163201313647,11.883447316808565,8.929822004392358,11.504475669870269,12.076,7.644,9.823,677.361,2.298,vittima non trovata entro 15 minuti
3571,100,5,33.3,43.6,47.8,3.31,1e-05,0.05,80,center,center,True,64.10000000000001,3,4,0.15022537937187877,0.38758918892543787,1.9064821799934006,2.889138650763353,6.572,3.262,1.909,2.773,2.432,
3441,100,5,96.4,43.6,99.2,2.28,1e-05,0.05,25,center,center,False,900.0,2,5,102.473521351127,10.122920593935675,4.901445693289259,5.57344782518585,4.929,2.653,6.917,261.114,2.623,vittima non trovata entro 15 minuti
3573,100,5,16.3,74.0,69.9,3.07,1e-05,0.05,80,0.45,0.55,True,80.9,3,5,0.04289763741673332,0.20711744836380472,1.0883646686245934,2.3889633848345047,0.691,2.383,1.091,1.468,1.656,
3580,100,5,38.7,5.9,33.7,2.35,1e-05,0.05,120,0.60,0.58,True,47.1,3,4,0.18010144996709737,0.42438361180316253,5.169639328560949,10.572959953507821,9.655,7.303,5.172,6.212,3.335,
3567,100,5,75.5,64.9,92.5,1.78,1e-05,0.05,50,0.35,0.40,True,106.2,3,5,0.012911572571227936,0.1136291008994964,1.0408886592226991,1.9501035106655136,3.792,2.016,1.042,3.088,1.611,
3572,100,5,62.4,50.7,73.4,1.49,1e-05,0.05,80,0.35,0.40,True,85.0,3,5,0.02070476349453367,0.14389149903498005,1.5409030786887985,3.2364084779251314,4.81,3.317,1.541,3.275,1.99,
3576,100,5,17.0,42.5,39.3,1.64,1e-05,0.05,120,center,center,True,65.3,3,4,0.2300715360907245,0.4796577280631727,3.7750640789899896,4.864356503239896,7.057,5.421,3.777,5.141,2.593,
3444,100,5,76.4,68.9,95.8,4.47,1e-05,0.05,25,0.60,0.45,False,900.0,2,5,876.944361809293,29.61324639091927,31.700510998131605,31.704420817404706,-8.532,13.005,34.794,264.519,3.283,vittima non trovata entro 15 minuti
3570,100,5,80.7,88.8,112.9,2.87,1e-05,0.05,50,0.60,0.58,True,108.30000000000001,3,5,0.015775950256090972,0.1256023497236058,2.34259238289007,19.933958642266436,9.276,6.405,2.345,2.156,1.607,
3581,100,5,40.4,19.7,38.3,2.5,1e-05,0.1,25,center,center,True,65.4,3,4,0.298101838196735,0.5459870311616706,2.9854868340774092,6.817519957734551,-5.784,8.285,2.997,6.545,2.205,
3575,100,5,72.0,93.5,111.0,1.57,1e-05,0.05,80,0.60,0.58,True,103.10000000000001,4,5,0.007943537066341651,0.08912652279956652,1.0218826220783177,2.7240105481229313,-0.95,2.525,1.024,0.401,1.946,
3577,100,5,57.9,91.0,101.0,2.05,1e-05,0.05,120,0.35,0.40,True,102.0,3,5,0.05210567494074897,0.22826667505518403,0.9834386238654416,1.0645330720379749,1.642,0.408,0.993,1.159,1.784,
3579,100,5,96.5,47.1,100.7,1.37,1e-05,0.05,120,0.60,0.45,True,134.20000000000002,3,4,0.028610302064988123,0.16914580120413314,0.7008522961388508,1.4669152936307992,2.656,1.289,0.704,2.353,1.704,
3584,100,5,77.1,17.6,73.2,1.12,1e-05,0.1,25,0.60,0.45,True,104.9,3,3,0.710247893953385,0.8427620624787194,0.749101291665229,2.1319404334768906,3.496,2.374,1.125,20.571,1.942,
3574,100,5,85.7,32.2,85.1,4.99,1e-05,0.05,80,0.60,0.45,True,136.1,3,5,0.00787458358412233,0.08873885047780554,1.1619541049422162,1.5908676345028276,3.528,1.465,1.164,2.354,1.787,
3583,100,5,75.2,24.6,72.9,1.98,1e-05,0.1,25,0.45,0.55,True,108.4,3,5,0.9013573950032477,0.9493984384878921,1.1920210855835536,2.7533035000232475,-0.937,2.914,1.334,14.871,1.826,
3578,100,5,82.1,18.1,78.2,4.69,1e-05,0.05,120,0.45,0.55,True,131.4,3,5,0.08498255403807528,0.2915176736290191,0.7248436039857228,3.5520625076778987,1.481,3.213,0.767,3.747,1.652,
3556,100,5,96.0,64.7,108.8,4.95,1e-06,0.1,120,center,center,True,246.60000000000002,3,5,2.062887269441751,1.4362754852192356,0.6597277024821133,1.257085090681163,3.884,1.07,1.158,10.514,2.142,
3585,100,5,74.4,9.7,69.6,2.35,1e-05,0.1,25,0.60,0.58,True,104.4,3,5,1.38329002574185,1.1761335067677692,0.16202305525893057,4.658941074377158,7.01,4.662,0.871,22.992,2.157,
3456,100,5,92.5,9.7,87.7,2.93,1e-05,0.05,120,center,center,False,900.0,2,4,984.6416677534338,31.379000426295192,17.75247767158288,19.899863561053888,11.917,8.992,23.008,184.353,3.611,vittima non trovata entro 15 minuti
3405,100,5,97.2,32.0,96.1,3.57,1e-06,0.05,25,0.60,0.58,False,900.0,0,5,6.901124964907985,2.6269992319960784,24.23804224437025,39.160790402509754,34.331,30.758,24.351,240.934,3.074,vittima non trovata entro 15 minuti
3595,100,5,43.3,57.4,64.9,2.34,1e-05,0.1,80,0.60,0.58,True,75.9,3,5,0.021231375452586014,0.14570990169712564,2.874816393379131,7.147852534499291,-5.485,7.828,2.877,3.596,2.004,
3590,100,5,74.9,90.8,110.7,2.77,1e-05,0.1,50,0.60,0.58,True,103.80000000000001,3,5,0.05233209078383944,0.22876208336138104,1.6704171890787183,4.406698613553706,6.85,4.078,1.676,2.555,2.197,
3610,200,3,1.6,20.8,16.1,1.43,1e-07,0.05,50,0.60,0.58,True,24.0,3,1,5.602749564660275,2.36701279351428,5.6042512307374865,9.159177570457844,4.623,3.196,6.081,6.32,2.742,
3594,100,5,32.2,89.5,88.8,5.0,1e-05,0.1,80,0.60,0.45,True,77.9,3,5,0.12612521840902147,0.35514112463782826,1.226504962526845,1.307699144081969,-22.489,27.485,1.238,1.848,1.79,
3604,200,3,26.3,16.6,24.2,1.17,1e-07,0.05,25,0.60,0.45,True,58.0,3,3,6.516511740992309,2.5527459217462884,3.733053651426001,3.827745776753752,-0.273,1.444,3.788,4.025,2.661,
3611,200,3,18.5,0.5,14.3,1.81,1e-07,0.05,80,center,center,True,14.8,3,3,0.6152304626727487,0.7843662809381524,2.0636697381449407,10.623616150728319,11.017,9.205,2.15,2.355,3.458,
3591,100,5,66.8,60.0,82.7,3.28,1e-05,0.1,80,center,center,True,108.0,3,5,0.008433077608389617,0.09183178974837426,4.452513452514524,10.127738572662132,-8.826,12.104,4.453,5.533,1.626,
3596,100,5,26.4,74.0,72.2,2.84,1e-05,0.1,120,center,center,True,79.10000000000001,3,5,0.02538967946540295,0.15934139281869902,0.21773629729498556,1.07564205663206,3.81,0.967,0.267,3.022,1.866,
3592,100,5,68.5,97.6,112.3,3.15,1e-05,0.1,80,0.35,0.40,True,107.5,3,5,0.03580767239716924,0.18922915313758934,1.2610832221177686,5.4569722193370716,-2.164,5.309,1.268,2.824,2.003,
3598,100,5,65.8,41.1,70.7,3.37,1e-05,0.1,120,0.45,0.55,True,101.10000000000001,3,5,2.0533688599982542,1.432958080335309,1.4513748277919283,4.346350435913366,-1.153,4.521,1.809,3.042,1.75,
3593,100,5,74.8,48.5,82.2,1.22,1e-05,0.1,80,0.45,0.55,True,101.5,3,5,0.01663829969256649,0.12898953326749613,2.9918522431149177,8.118649579495298,-7.632,8.849,2.992,4.257,1.9,
3597,100,5,92.3,87.1,119.8,1.54,1e-05,0.1,120,0.35,0.40,True,115.60000000000001,3,4,0.0561867246274384,0.23703739077925745,2.0956155663458063,2.4574565746616104,0.259,1.284,2.097,3.445,2.444,
3588,100,5,94.5,16.1,90.2,4.89,1e-05,0.1,50,0.45,0.55,True,155.0,3,4,0.016562641956578895,0.12869592828282833,0.4526428705577336,0.9357277913639979,5.708,0.819,0.456,7.706,1.572,
3589,100,5,87.0,2.3,82.0,2.98,1e-05,0.1,50,0.60,0.45,True,150.9,3,5,0.08392542898864919,0.28969885914281607,1.3703939425689025,2.1563760775769514,5.259,2.279,1.381,8.48,2.004,
3587,100,5,62.4,84.6,98.1,3.93,1e-05,0.1,50,0.35,0.40,True,158.0,3,5,0.5997072525416741,0.7744076785141494,3.357814773995459,3.4402593136780837,3.665,0.263,3.4,20.99,2.586,
3559,100,5,44.9,97.9,101.1,2.91,1e-06,0.1,120,0.60,0.45,True,293.90000000000003,3,5,0.9446558051316618,0.9719340539006038,1.2590748148577098,1.3976098471999003,2.303,0.607,1.495,30.286,1.605,
3600,100,5,94.8,96.1,127.9,3.14,1e-05,0.1,120,0.60,0.58,True,109.30000000000001,3,4,0.1526416033532414,0.3906937462428102,2.741812419439858,3.2320898518884995,4.849,1.711,2.742,5.802,2.627,
3623,200,3,26.5,7.8,21.7,2.54,1e-07,0.1,25,0.45,0.55,True,41.5,3,3,0.042068769311932284,0.20510672663745644,2.542052199033979,7.242922453402487,8.641,6.1,2.542,2.884,2.877,
3606,200,3,36.3,139.4,137.9,2.06,1e-07,0.05,50,center,center,True,162.4,3,3,0.028671765885796074,0.16932739260319363,0.23273844227978918,0.4647439818340837,2.616,0.554,0.257,14.489,1.864,
3599,100,5,98.5,17.4,94.4,3.23,1e-05,0.1,120,0.60,0.45,True,148.1,3,3,0.03790354519742892,0.1946883283543955,0.2710204211025304,1.7259598166855301,1.527,1.705,0.277,7.427,1.75,
3608,200,3,107.2,118.1,152.4,2.22,1e-07,0.05,50,0.45,0.55,True,176.9,3,2,0.04607038007888066,0.2146401175896078,1.2353196293427453,1.4531406664746918,3.189,0.97,1.253,24.274,2.065,
3422,100,5,7.7,92.8,87.9,4.36,1e-06,0.1,25,0.35,0.40,False,900.0,0,5,64.06140845043593,8.003837107939912,37.14235238176013,38.4299682156098,34.761,30.403,37.329,300.17,3.782,vittima non trovata entro 15 minuti
3622,200,3,45.9,21.0,44.0,1.84,1e-07,0.1,25,0.35,0.40,True,84.7,3,3,0.12307145491392452,0.35081541430490837,3.8535385870501737,6.310567616119452,7.447,5.606,3.858,3.857,2.74,
3619,200,3,56.4,170.6,173.4,2.17,1e-07,0.05,120,0.60,0.45,True,130.9,3,3,0.07669943300945818,0.2769466248385385,3.6200979348814766,9.273335840810587,8.567,6.393,3.623,2.56,1.982,
3624,200,3,43.6,26.2,44.0,4.01,1e-07,0.1,25,0.60,0.45,True,85.4,3,3,1.6730439315446395,1.2934619946270705,4.585806178860727,8.239005443316652,-7.644,11.651,4.587,6.922,2.823,
3613,200,3,140.6,142.9,193.4,4.83,1e-07,0.05,80,0.45,0.55,True,201.8,3,3,0.020558560259989835,0.14338256609500974,0.27235242725646547,0.5239973165777991,4.407,0.419,0.276,5.409,1.924,
3617,200,3,92.8,34.3,92.6,3.73,1e-07,0.05,120,0.35,0.40,True,173.0,3,2,0.004021293878841318,0.06341367264905351,3.4491256667940116,4.746120742055119,6.096,2.367,3.449,8.891,2.446,
3626,200,3,46.1,81.7,87.1,1.46,1e-07,0.1,50,center,center,True,113.5,3,3,0.0849728340138254,0.29150100173725885,6.330292019853386,7.073850101386188,7.923,6.461,6.332,9.55,2.403,
3625,200,3,40.8,21.4,39.4,3.54,1e-07,0.1,25,0.60,0.58,True,85.30000000000001,3,3,2.5642038468758317,1.6013131632743896,3.4971329481812115,4.080131239211231,0.184,3.351,3.82,5.273,3.346,
3616,200,3,106.4,154.6,180.7,1.99,1e-07,0.05,120,center,center,True,179.9,3,3,0.0020259724346318453,0.04501080353239481,1.3959882775094101,2.166490558536878,4.572,2.585,1.396,30.427,1.241,
3620,200,3,130.6,52.8,134.4,3.02,1e-07,0.05,120,0.60,0.58,True,165.60000000000002,3,1,0.31802906582285595,0.5639406580686092,0.5882625206510534,3.0423702525627054,-0.013,3.031,0.803,15.514,1.801,
3627,200,3,53.5,85.7,94.2,3.65,1e-07,0.1,50,0.35,0.40,True,117.30000000000001,3,3,0.28300936841165225,0.5319862483294585,0.8492853049321347,2.9068148368666304,0.547,3.107,0.961,5.088,1.888,
3631,200,3,59.5,54.8,73.9,4.95,1e-07,0.1,80,center,center,True,118.9,3,3,0.015450595465718227,0.12430042423788515,0.6240613438008804,0.624734021695592,4.879,0.074,0.627,9.342,1.756,
3618,200,3,99.6,2.3,94.7,1.15,1e-07,0.05,120,0.45,0.55,True,190.8,3,1,0.008549142465803683,0.09246157291439337,1.622882499099036,7.760710327414752,-6.913,8.065,1.624,3.534,1.76,
3630,200,3,74.8,130.3,143.4,4.81,1e-07,0.1,50,0.60,0.58,True,134.9,3,3,0.010400738731319132,0.10198401213582024,1.354276032287707,1.737051931732405,6.195,1.383,1.357,21.108,1.786,
3637,200,3,8.2,37.9,33.0,2.41,1e-07,0.1,120,0.35,0.40,True,83.5,3,2,0.030766307251153348,0.1754032703547837,0.7085752963699105,1.2352802343472296,3.575,1.162,0.716,6.566,1.676,
3466,100,5,95.2,40.9,97.1,4.21,1e-05,0.1,50,center,center,False,900.0,2,4,1762.5553791202415,41.982798609909764,50.96455304952238,51.23609703047647,8.222,4.013,51.959,540.938,3.106,vittima non trovata entro 15 minuti
3633,200,3,55.5,124.3,129.5,5.0,1e-07,0.1,80,0.45,0.55,True,143.6,3,3,0.012774678241516763,0.11302512216988204,0.9793023595972083,1.4071654933223432,5.947,0.95,0.984,10.22,1.81,
3629,200,3,159.9,16.9,155.3,1.78,1e-07,0.1,50,0.60,0.45,True,240.70000000000002,3,3,0.06485440907478826,0.2546652883193708,6.64534725183494,7.846345658301758,9.084,7.306,6.646,12.892,2.639,
3639,200,3,91.5,185.7,200.3,4.46,1e-07,0.1,120,0.60,0.45,True,157.5,3,3,0.0037160205793644345,0.06095917141304034,0.8197459018756228,0.9753258368297428,4.074,0.39,0.82,15.609,1.608,
3647,200,3,28.8,15.2,25.9,4.43,1e-06,0.05,50,0.35,0.40,True,59.1,3,3,0.05446256073314551,0.2333721507231433,2.8320458079652306,4.272730299241272,8.028,3.597,2.835,2.784,2.641,
3632,200,3,159.5,136.9,203.1,2.2,1e-07,0.1,80,0.35,0.40,True,228.3,3,3,1.1160096901596628,1.0564135980569649,1.5410341411311828,1.7206640952043863,2.715,0.51,1.642,33.918,2.17,
3641,200,3,56.8,173.2,176.0,1.47,1e-06,0.05,25,center,center,True,151.8,3,3,3.268475668105209,1.8078926041403036,1.1092525660617074,1.7412810900533424,-0.099,1.573,1.88,16.421,1.738,
3645,200,3,39.5,45.0,52.8,2.78,1e-06,0.05,25,0.60,0.58,True,115.5,3,3,0.006306111558546645,0.07941102919964357,6.499874950609272,11.905807610517897,-10.181,12.965,6.5,12.033,1.361,
3644,200,3,79.3,59.8,92.3,2.55,1e-06,0.05,25,0.60,0.45,True,169.70000000000002,3,2,7.053348613260725,2.6558141149675225,1.4632220680836263,1.4648119775836856,1.356,1.197,2.036,13.155,3.096,
3646,200,3,142.5,161.6,208.4,3.14,1e-06,0.05,50,center,center,True,202.9,3,3,9.312635958851864,3.0516611802183844,4.432688570971023,4.779286676896843,3.324,0.186,5.362,19.801,2.743,
3652,200,3,129.2,136.5,180.8,2.56,1e-06,0.05,80,0.35,0.40,True,148.3,3,3,0.013299333380121915,0.11532273574678115,0.6844704873785296,1.4656673772884226,4.102,1.539,0.693,12.126,1.909,
3650,200,3,45.3,167.4,167.4,1.93,1e-06,0.05,50,0.60,0.58,True,152.9,3,3,0.026808156627492287,0.16373196580842816,0.44952464330522857,0.6645045963458996,2.517,0.586,0.474,10.285,1.938,
3649,200,3,165.2,22.7,161.2,4.07,1e-06,0.05,50,0.60,0.45,True,279.2,3,3,0.007620442742526797,0.08729514730228019,1.9213781291213634,2.713162172003773,6.752,2.68,1.922,33.631,1.309,
3658,200,3,129.1,86.1,148.2,2.36,1e-06,0.05,120,0.45,0.55,True,171.20000000000002,3,3,0.029174276721443786,0.17080479127191892,1.610748785599705,5.853462176437129,-3.944,6.305,1.612,3.723,1.765,
3489,100,5,38.3,96.0,96.9,3.53,1e-07,0.05,50,0.60,0.45,False,900.0,0,5,21.96678783684619,4.686873994129369,1.8808877186462416,3.650324544549053,6.657,3.128,4.263,203.018,4.642,vittima non trovata entro 15 minuti
3656,200,3,155.7,84.7,170.5,3.12,1e-06,0.05,120,center,center,True,269.8,3,2,0.02479066118182809,0.15745050391100082,0.7437539462251642,1.1356148179695382,4.449,1.329,0.753,44.634,1.715,
3615,200,3,172.5,166.5,232.7,1.58,1e-07,0.05,80,0.60,0.58,False,900.0,0,2,24.471826303558792,4.946900676540696,2.104757257754941,7.304145446175788,8.588,7.006,5.22,186.887,2.519,vittima non trovata entro 15 minuti
3551,100,5,97.1,72.4,114.1,2.77,1e-06,0.1,80,center,center,False,900.0,1,5,49.62212885835044,7.044297612846184,8.541469586052424,9.553772690737222,7.049,4.28,10.389,424.185,2.301,vittima non trovata entro 15 minuti
3528,100,5,91.8,64.6,105.3,4.73,1e-06,0.05,50,0.45,0.55,False,900.0,0,5,79.78615384471374,8.932309547072007,10.132966801941926,15.010500723116722,15.801,11.074,11.255,227.6,3.004,vittima non trovata entro 15 minuti
3609,200,3,142.0,151.3,200.4,2.19,1e-07,0.05,50,0.60,0.45,False,900.0,1,3,7.533658228274893,2.7447510321110897,1.7677245818988903,12.935079551412946,16.05,13.86,3.038,228.268,2.866,vittima non trovata entro 15 minuti
3664,200,3,45.8,78.6,84.2,1.59,1e-06,0.1,25,0.60,0.45,True,83.7,3,3,0.005174218320490473,0.07193203959634728,0.34800528805898323,1.814234981539792,3.442,1.848,0.354,16.198,1.59,
3605,200,3,194.3,122.4,222.7,1.13,1e-07,0.05,25,0.60,0.58,False,900.0,1,2,15.01290354263701,3.8746488282987674,5.093979779409771,5.098944002905443,26.987,25.855,5.496,168.824,3.502,vittima non trovata entro 15 minuti
3635,200,3,135.6,1.8,130.7,2.74,1e-07,0.1,80,0.60,0.58,False,900.0,0,0,nan,nan,nan,nan,nan,nan,nan,nan,nan,vittima non trovata entro 15 minuti
3602,200,3,137.2,111.4,169.7,4.07,1e-07,0.05,25,0.35,0.40,False,900.0,1,2,6.912689647027422,2.6291994308206106,29.142843386649584,29.38684552490928,13.177,9.111,29.146,377.157,2.881,vittima non trovata entro 15 minuti
3601,200,3,175.3,94.8,192.5,1.78,1e-07,0.05,25,center,center,False,900.0,1,3,36.48120653124624,6.039967427995472,3.875167332228783,7.466498430738487,8.893,7.109,5.946,217.902,3.194,vittima non trovata entro 15 minuti
3660,200,3,161.1,86.9,176.3,2.02,1e-06,0.05,120,0.60,0.58,True,210.5,3,3,0.24370551809517926,0.49366539082173794,2.134087679490957,3.9558742984131263,5.952,3.927,2.134,27.073,1.945,
3612,200,3,94.0,79.7,116.2,2.91,1e-07,0.05,80,0.35,0.40,False,900.0,2,2,2.198864735186283,1.4828569503449356,5.614898978317722,20.089018274762214,-17.135,20.049,5.648,99.626,5.389,vittima non trovata entro 15 minuti
3666,200,3,104.7,147.5,173.9,3.48,1e-06,0.1,50,center,center,True,127.0,3,3,0.7461378358014279,0.863792704183954,0.46921996973915775,1.4768804748110944,5.172,1.693,0.962,27.46,1.877,
3614,200,3,171.2,39.3,169.7,4.61,1e-07,0.05,80,0.60,0.45,False,900.0,2,2,0.11848342489514936,0.34421421367391175,4.1991171683528705,4.206719531780686,3.407,1.198,4.2,180.225,3.793,vittima non trovata entro 15 minuti
3603,200,3,49.9,181.8,182.4,2.4,1e-07,0.05,25,0.45,0.55,False,900.0,2,3,18.170664790337,4.262706275400288,5.878924402517923,7.389840853839388,7.151,4.754,6.65,192.267,5.168,vittima non trovata entro 15 minuti
3669,200,3,81.2,97.5,119.9,4.6,1e-06,0.1,50,0.60,0.45,True,142.70000000000002,3,2,0.13426862080366858,0.36642682871709675,2.9475515916351713,3.1130035103846554,7.303,2.7,2.949,28.886,2.561,
3638,200,3,1.5,156.8,151.9,2.36,1e-07,0.1,120,0.45,0.55,False,900.0,0,1,nan,nan,0.6939788525803143,5.7429493995242265,8.113,5.756,0.694,271.461,3.434,vittima non trovata entro 15 minuti
3671,200,3,40.6,43.3,52.2,2.7,1e-06,0.1,80,center,center,True,117.0,3,3,0.0018220039176903183,0.042684937831632346,0.6848238016290207,0.836753420012554,3.663,0.965,0.686,6.561,1.763,
3607,200,3,19.9,104.1,100.2,2.73,1e-07,0.05,50,0.35,0.40,False,900.0,2,2,1.3536836074475758,1.16347909626584,21.769573463657284,25.253443628432375,22.627,19.894,21.77,146.079,6.026,vittima non trovata entro 15 minuti
3672,200,3,70.9,148.8,158.2,3.73,1e-06,0.1,80,0.35,0.40,True,154.0,3,3,0.008541683165067655,0.09242122681001186,0.11854043955652076,1.4811061356314144,5.263,1.535,0.147,15.281,1.655,
3642,200,3,150.1,49.8,151.8,3.95,1e-06,0.05,25,0.35,0.40,False,900.0,1,3,162.86240853851785,12.76175569968795,4.698338572609226,6.747484498532024,0.34,3.609,11.433,241.352,3.629,vittima non trovata entro 15 minuti
3679,200,3,53.1,39.1,59.0,2.8,1e-06,0.1,120,0.60,0.45,True,95.2,3,3,0.05794644929531867,0.24072068730235602,4.077139950986363,9.129988672089125,-7.894,10.693,4.078,1.58,2.295,
3678,200,3,47.0,40.0,54.7,1.1,1e-06,0.1,120,0.45,0.55,True,109.0,3,3,0.03947132142569979,0.19867390725935752,5.241278285768838,7.982467265839644,7.906,6.805,5.242,11.633,2.66,
3634,200,3,137.1,104.6,165.5,1.15,1e-07,0.1,80,0.60,0.45,False,900.0,2,3,137.21126119454797,11.713721065252834,3.7155009062546585,23.215000854265,22.455,21.305,11.8,299.34,2.668,vittima non trovata entro 15 minuti
3621,200,3,30.1,144.1,141.3,3.32,1e-07,0.1,25,center,center,False,900.0,2,2,1.9721254126127516,1.4043238275457521,10.609388806760503,10.61468680244275,-3.176,6.496,10.695,280.391,3.059,vittima non trovata entro 15 minuti
3628,200,3,17.2,195.8,191.2,4.35,1e-07,0.1,50,0.45,0.55,False,900.0,2,2,18.903826214139396,4.347853058020636,23.28810811144137,24.904406228722227,13.174,8.826,23.387,421.137,3.171,vittima non trovata entro 15 minuti
3636,200,3,96.5,28.3,94.4,2.73,1e-07,0.1,120,center,center,False,900.0,2,2,7.767170042352973,2.786964305898619,32.47307261546683,32.55790993152795,11.35,8.619,32.592,438.289,3.188,vittima non trovata entro 15 minuti
3648,200,3,82.8,153.3,167.4,4.1,1e-06,0.05,50,0.45,0.55,False,900.0,2,3,59.148322125265665,7.690794635488953,4.575637189172772,24.187493048671893,28.983,24.879,8.923,73.912,4.259,vittima non trovata entro 15 minuti
3673,200,3,168.2,126.7,203.6,3.18,1e-06,0.1,80,0.45,0.55,True,299.40000000000003,3,3,0.0003615065556914365,0.019013325739897176,0.9177650085147055,1.8848126861629455,5.195,2.019,0.918,76.967,1.68,
3682,200,3,91.2,139.6,159.8,4.82,1e-05,0.05,25,0.35,0.40,True,201.4,3,1,0.025930474904316103,0.16102942248022906,3.450921522260778,10.63953334844908,-6.848,11.667,3.452,14.983,1.861,
3640,200,3,2.2,76.6,71.7,1.02,1e-07,0.1,120,0.60,0.58,False,900.0,2,3,32.09818496508989,5.6655260095678575,9.47316558856741,12.796027318996334,8.877,7.855,10.928,415.891,3.461,vittima non trovata entro 15 minuti
3653,200,3,153.3,108.5,180.9,1.24,1e-06,0.05,80,0.45,0.55,False,900.0,2,3,419.3996044129339,20.479248140811563,28.95560349541613,35.32929254418836,8.034,6.799,30.406,235.609,2.964,vittima non trovata entro 15 minuti
3654,200,3,188.6,60.0,191.7,2.71,1e-06,0.05,80,0.60,0.45,False,900.0,2,2,1.1425304057057808,1.0688921394162185,8.045881965649262,26.136005252933206,30.23,27.519,8.047,101.511,4.66,vittima non trovata entro 15 minuti
3677,200,3,10.9,151.4,146.5,2.25,1e-06,0.1,120,0.35,0.40,True,308.0,3,3,0.3619636739045443,0.6016341694955035,0.8894697676111699,1.8465519541346829,0.797,1.455,1.072,68.341,2.291,
3685,200,3,66.4,87.0,102.5,1.53,1e-05,0.05,25,0.60,0.58,True,160.9,3,2,0.1473885005466481,0.3839121000263577,0.9353418879753754,5.910947936539972,7.219,5.693,0.976,13.95,1.724,
3651,200,3,5.7,63.2,58.2,3.96,1e-06,0.05,80,center,center,False,900.0,2,2,0.07520007026948854,0.2742263121392412,6.809143590433569,30.193387551374027,37.191,33.229,6.812,74.387,3.599,vittima non trovata entro 15 minuti
3643,200,3,69.8,16.1,65.7,3.38,1e-06,0.05,25,0.45,0.55,False,900.0,2,2,72.99618474186592,8.543780471305775,47.176179115758245,47.18580693902814,-4.696,8.073,47.347,263.161,3.341,vittima non trovata entro 15 minuti
3674,200,3,140.7,112.2,173.0,1.49,1e-06,0.1,80,0.60,0.45,True,396.70000000000005,3,3,0.016852903692678875,0.12981873398195992,1.8415467071573266,3.1052644076592264,4.937,3.448,1.842,105.727,1.481,
3659,200,3,190.3,183.1,257.0,4.68,1e-06,0.05,120,0.60,0.45,False,900.0,1,1,nan,nan,13.32394188663648,15.169718215890867,11.928,7.252,13.324,83.331,2.895,vittima non trovata entro 15 minuti
3543,100,5,91.7,79.5,114.3,1.08,1e-06,0.1,25,0.45,0.55,False,900.0,0,5,245.189077161234,15.658514526008972,83.15980006025798,83.52841457496672,-1.913,2.994,83.429,477.927,3.107,vittima non trovata entro 15 minuti
3690,200,3,120.5,164.1,196.6,2.09,1e-05,0.05,50,0.60,0.58,True,153.8,3,3,0.018997213977166545,0.13783038118341887,4.875179575373971,8.180240736082515,-9.188,11.281,4.876,15.898,2.2,
3657,200,3,143.9,151.2,201.6,3.1,1e-06,0.05,120,0.35,0.40,False,900.0,2,2,6.082215085403527,2.4662147281620728,41.95917728457204,43.66305350078571,29.946,26.847,42.031,228.467,3.26,vittima non trovata entro 15 minuti
3655,200,3,168.4,14.5,163.6,1.69,1e-06,0.05,80,0.60,0.58,False,900.0,2,3,3.460058059181355,1.860123130112992,5.479024387974678,10.205579303106541,-8.164,9.851,5.778,155.106,3.75,vittima non trovata entro 15 minuti
3694,200,3,156.0,93.7,175.1,1.99,1e-05,0.05,80,0.60,0.45,True,219.0,3,3,0.033339130076852866,0.18259006018086762,1.1985956593259355,2.2443070292204212,4.486,2.5,1.2,25.079,1.918,
3692,200,3,131.7,18.1,127.4,2.59,1e-05,0.05,80,0.35,0.40,True,254.5,3,3,1.1049307058190598,1.0511568416839896,1.2418983748841246,2.2614718657895936,0.72,1.869,1.602,22.897,1.703,
3700,200,3,143.8,57.4,148.4,2.06,1e-05,0.05,120,0.60,0.58,True,214.4,3,2,3.4338065278308094,1.8530532987021202,1.833033031170261,92.97835158423209,95.701,93.639,2.213,28.472,72.032,
3586,100,5,63.7,24.6,61.9,1.88,1e-05,0.1,50,center,center,False,900.0,0,5,1016.3868614039916,31.88082278430078,61.45005460148935,61.477864650080534,-42.804,44.679,61.841,547.114,2.605,vittima non trovata entro 15 minuti
3705,200,3,15.2,24.2,21.8,4.96,1e-05,0.1,25,0.60,0.58,True,47.1,3,1,2.5067406056925643,1.5832689618926294,1.4151307833290738,4.389851672321354,8.114,3.152,1.831,1.565,2.096,
3675,200,3,186.0,85.3,198.0,1.29,1e-06,0.1,80,0.60,0.58,False,900.0,0,0,nan,nan,nan,nan,nan,nan,nan,nan,nan,vittima non trovata entro 15 minuti
3708,200,3,43.3,32.8,47.3,3.58,1e-05,0.1,50,0.45,0.55,False,74.0,3,2,237.89378488278481,15.423805784655901,10.261935947041746,17.826866592311852,18.85,15.267,11.191,11.685,2.109,vittima non trovata entro 15 minuti
3661,200,3,89.8,116.5,140.0,4.73,1e-06,0.1,25,center,center,False,900.0,2,2,731.0493982086421,27.03792518313197,37.41224194698888,38.58810757263964,-10.19,14.92,39.424,280.158,2.863,vittima non trovata entro 15 minuti
3665,200,3,143.7,37.2,142.4,1.2,1e-06,0.1,25,0.60,0.58,False,900.0,0,2,319.1039861044717,17.863481914354537,12.98826565741499,23.900166685275707,21.709,20.514,20.432,447.878,3.268,vittima non trovata entro 15 minuti
3662,200,3,70.2,136.2,146.5,2.13,1e-06,0.1,25,0.35,0.40,False,900.0,1,3,1941.0458021688612,44.05730134913918,46.510655208811436,46.64475932355129,0.651,1.476,57.12,421.249,3.473,vittima non trovata entro 15 minuti
3703,200,3,166.3,188.1,244.0,2.15,1e-05,0.1,25,0.45,0.55,True,300.90000000000003,3,3,0.22633157924268604,0.47574318622833267,2.6229915399882593,3.9650028773603414,6.263,4.112,2.629,65.315,2.211,
3663,200,3,63.1,199.9,203.4,2.81,1e-06,0.1,25,0.45,0.55,False,900.0,0,3,585.1073878641216,24.18899311389628,32.65784877424529,40.05820215548131,26.007,23.198,35.071,356.128,2.753,vittima non trovata entro 15 minuti
3711,200,3,91.4,59.2,102.0,3.18,1e-05,0.1,80,center,center,True,168.8,3,1,0.003080953358741906,0.05550633620355343,1.9932337865452459,2.8122562347337094,6.561,3.382,1.994,22.337,1.62,
3715,200,3,27.1,10.8,22.9,3.81,1e-05,0.1,80,0.60,0.58,True,45.300000000000004,3,3,4.058317388784551,2.0145265917293202,3.265017326219618,7.440768083015353,-4.791,8.602,3.352,4.109,2.552,
3670,200,3,181.7,180.7,249.2,2.23,1e-06,0.1,50,0.60,0.58,False,900.0,2,2,692.5252712991116,26.3158748913866,40.04891431479756,40.55933004889144,13.528,11.295,41.981,477.054,3.189,vittima non trovata entro 15 minuti
3707,200,3,140.1,53.1,143.4,3.57,1e-05,0.1,50,0.35,0.40,True,249.3,3,2,0.004075295753028636,0.06383804314849129,0.4942797932839558,1.2704409097204943,4.867,1.296,0.495,11.43,1.373,
3676,200,3,144.3,158.1,207.0,4.82,1e-06,0.1,120,center,center,False,900.0,2,3,88.87979934636743,9.427608357710211,9.867906979762013,16.281386661305596,11.02,6.197,10.902,250.555,4.478,vittima non trovata entro 15 minuti
3668,200,3,16.6,59.9,56.1,4.4,1e-06,0.1,50,0.45,0.55,False,900.0,2,2,1.8203382416473035,1.3491991111942312,28.290228600765577,28.32658040211879,-0.573,4.971,28.316,311.211,2.85,vittima non trovata entro 15 minuti
3722,200,3,1.1,8.2,5.0,3.26,1e-07,0.05,25,0.35,0.40,True,0.30000000000000004,3,1,0.2882597356063083,0.5368982544265797,3.6519282420322816,3.984707168313263,3.595,0.34,3.653,3.668,2.671,
3667,200,3,12.1,158.2,153.4,2.3,1e-06,0.1,50,0.35,0.40,False,900.0,2,2,29.49507634930648,5.430936967900335,83.40987375889249,83.43433424812356,-50.175,52.479,83.514,483.89,3.53,vittima non trovata entro 15 minuti
3680,200,3,195.8,2.3,190.8,1.01,1e-06,0.1,120,0.60,0.58,False,900.0,2,2,87.94568769449683,9.377936217233342,51.806795558184234,51.83439500129823,20.581,19.575,52.579,560.47,3.588,vittima non trovata entro 15 minuti
3684,200,3,114.4,147.4,179.5,4.21,1e-05,0.05,25,0.60,0.45,False,900.0,2,1,3606.5922445301094,60.05491024495923,65.83304454696233,66.13005100295486,-39.673,43.881,83.533,349.087,2.804,vittima non trovata entro 15 minuti
3687,200,3,0.7,78.6,73.7,3.64,1e-05,0.05,50,0.35,0.40,False,900.0,1,2,159.1953106995145,12.617262409077275,13.411710852531403,20.89905153585388,17.125,13.488,14.244,118.787,3.693,vittima non trovata entro 15 minuti
3681,200,3,6.5,55.1,50.1,2.97,1e-05,0.05,25,center,center,False,900.0,2,3,330.9244053646327,18.191327751558784,5.8450517553791554,9.577268611926327,13.997,11.029,15.514,156.126,3.912,vittima non trovata entro 15 minuti
3699,200,3,173.5,198.4,256.5,1.8,1e-05,0.05,120,0.60,0.45,False,900.0,1,1,nan,nan,28.49827883591225,29.17399962831542,54.483,52.679,28.498,107.09,3.843,vittima non trovata entro 15 minuti
3696,200,3,3.8,160.6,155.6,2.95,1e-05,0.05,120,center,center,False,900.0,1,1,nan,nan,102.49556312795033,103.53090559016866,64.176,61.23,102.496,261.961,2.94,vittima non trovata entro 15 minuti
3683,200,3,34.7,98.8,98.4,2.09,1e-05,0.05,25,0.45,0.55,False,900.0,2,2,2.9097684533964894,1.7058043420616824,156.49142467275345,156.6268631996579,26.373,24.285,156.5,385.71,3.166,vittima non trovata entro 15 minuti
3725,200,3,82.4,51.1,90.1,3.56,1e-07,0.05,25,0.60,0.58,True,156.5,3,2,0.00898025579387163,0.09476421156677045,1.7647238363805686,1.8952650540618496,4.271,0.709,1.767,15.455,1.686,
3686,200,3,53.7,61.8,74.8,2.16,1e-05,0.05,50,center,center,False,900.0,2,2,1390.6849183208744,37.29188810345857,36.08113104078916,39.65910147878406,45.04,42.876,41.136,111.16,4.281,vittima non trovata entro 15 minuti
3688,200,3,160.4,34.7,158.2,1.25,1e-05,0.05,50,0.45,0.55,False,900.0,2,2,43.34320177015104,6.58355540495795,137.1200348446997,137.12004913787143,-36.776,38.022,137.169,512.47,3.252,vittima non trovata entro 15 minuti
3689,200,3,37.8,43.0,50.2,4.52,1e-05,0.05,50,0.60,0.45,False,900.0,2,2,139.0971428171158,11.793945176111164,59.46549052293702,66.93848995359339,9.393,4.869,60.608,221.514,2.939,vittima non trovata entro 15 minuti
3704,200,3,188.9,19.5,184.4,4.3,1e-05,0.1,25,0.60,0.45,False,900.0,0,0,nan,nan,nan,nan,nan,nan,nan,nan,nan,vittima non trovata entro 15 minuti
3701,200,3,100.7,99.2,134.2,4.65,1e-05,0.1,25,center,center,False,900.0,1,2,791.976836860142,28.142083022764005,9.180065083829646,9.634136214249152,5.974,1.321,29.048,414.544,3.181,vittima non trovata entro 15 minuti
3697,200,3,92.8,152.1,171.3,2.7,1e-05,0.05,120,0.35,0.40,False,900.0,2,1,2.825393291340265,1.6808906244429662,62.414111210436964,62.43388496364382,37.054,34.35,62.419,198.995,3.363,vittima non trovata entro 15 minuti
3691,200,3,170.0,190.2,248.1,4.57,1e-05,0.05,80,center,center,False,900.0,2,2,2.339891763218387,1.5296704753699035,122.96287046169176,124.60190360121533,24.716,20.144,122.969,301.816,3.254,vittima non trovata entro 15 minuti
3698,200,3,0.4,168.3,163.3,4.55,1e-05,0.05,120,0.45,0.55,False,900.0,2,3,0.6885221768533216,0.8297723644791514,31.438743220351057,33.40595477874115,15.235,10.689,31.441,118.255,3.235,vittima non trovata entro 15 minuti
3735,200,3,26.3,40.3,41.2,4.26,1e-07,0.05,80,0.60,0.58,True,94.7,3,3,0.006847134382657612,0.08274741314782966,3.3716220034379227,9.093553077155116,-6.616,10.874,3.372,2.571,1.887,
3733,200,3,122.8,112.4,159.5,2.91,1e-07,0.05,80,0.45,0.55,True,163.70000000000002,3,3,0.001662400765303604,0.04077254916366653,0.7601251315812129,1.0775959622083917,2.526,0.384,0.76,6.044,1.611,
3693,200,3,20.8,136.5,132.4,4.58,1e-05,0.05,80,0.45,0.55,False,900.0,2,3,2225.729846184533,47.177641380049224,96.23291330896737,97.25814769855586,15.206,10.628,102.334,304.263,2.869,vittima non trovata entro 15 minuti
3695,200,3,90.6,103.3,130.4,4.85,1e-05,0.05,80,0.60,0.58,False,900.0,2,1,1395.2464192872646,37.3529974605421,14.313231374107822,17.48430284721839,23.141,18.286,33.249,97.411,3.949,vittima non trovata entro 15 minuti
3728,200,3,144.3,91.3,163.8,4.54,1e-07,0.05,50,0.45,0.55,True,242.10000000000002,3,3,0.008714843076480093,0.09335332386412437,0.7915107053605863,1.101044249043361,3.612,0.928,0.795,14.657,1.767,
3738,200,3,61.1,72.9,88.1,2.15,1e-07,0.05,120,0.45,0.55,True,112.80000000000001,3,3,0.40835852667237865,0.6390293629187775,3.883957620311376,5.3362264570997,6.391,4.239,3.884,6.09,2.731,
3734,200,3,35.3,187.6,185.1,3.8,1e-07,0.05,80,0.60,0.45,True,143.4,3,3,2.6025454973248885,1.6132406817722174,4.197974012405553,5.208733375061079,-2.093,5.89,4.31,3.667,2.426,
3739,200,3,61.9,32.1,63.1,3.81,1e-07,0.05,120,0.60,0.45,True,94.10000000000001,3,3,0.205837111042386,0.4536927496030612,2.6948960441800986,11.133670480794883,13.526,9.714,2.699,1.064,2.069,
3736,200,3,123.0,73.7,136.6,3.48,1e-07,0.05,120,center,center,True,170.20000000000002,3,1,0.006987758298315626,0.0835928124799951,2.9451315770343567,8.247795151405382,-6.275,9.755,2.945,4.325,1.751,
3730,200,3,71.4,50.6,80.5,4.68,1e-07,0.05,50,0.60,0.58,True,176.60000000000002,3,2,0.01763444877733856,0.13279476185956493,0.9882651064286313,1.1074168561002338,4.431,0.252,0.99,18.495,1.482,
3750,200,3,1.6,10.8,6.7,4.3,1e-07,0.1,50,0.60,0.58,True,0.30000000000000004,3,1,0.12271477070041181,0.35030668092460326,3.0304083791947836,3.357623555043271,5.55,1.25,3.031,3.048,2.712,
3729,200,3,153.3,14.7,148.6,3.71,1e-07,0.05,50,0.60,0.45,True,278.3,3,3,0.028515377836209183,0.1688649692393576,0.9308222227952565,1.2996163439438335,5.139,1.426,0.934,26.6,1.469,
3717,200,3,179.7,54.0,181.5,4.73,1e-05,0.1,120,0.35,0.40,False,900.0,0,1,nan,nan,4.454792386578757,5.714564440294555,-0.062,4.79,4.455,807.03,3.127,vittima non trovata entro 15 minuti
3714,200,3,74.5,55.7,86.0,1.14,1e-05,0.1,80,0.60,0.45,False,604.5,3,3,0.21114960032728947,0.45951017434578034,16.230073901498923,16.23113197665974,10.541,9.405,16.237,103.51,2.507,vittima non trovata entro 15 minuti
3702,200,3,28.1,117.8,115.2,1.01,1e-05,0.1,25,0.35,0.40,False,900.0,2,2,2620.856467708107,51.19430112530209,44.43116513798687,65.50073354086487,51.487,50.475,65.676,188.806,3.718,vittima non trovata entro 15 minuti
3743,200,3,140.2,135.0,187.6,2.76,1e-07,0.1,25,0.45,0.55,True,163.20000000000002,3,3,0.01883065893393065,0.13722484809221197,4.067872230752564,8.899784802055384,-7.22,9.977,4.068,49.299,2.223,
3755,200,3,25.8,17.2,24.1,1.24,1e-07,0.1,80,0.60,0.58,True,58.1,3,3,4.664417401962791,2.159726233105203,4.04152103782149,4.423096202416785,-3.116,4.361,4.308,5.036,2.373,
3709,200,3,153.9,138.3,199.8,3.9,1e-05,0.1,50,0.60,0.45,False,900.0,2,2,20.187158975565026,4.493012238528293,127.13074095423205,128.5595424399021,-28.189,32.093,127.161,328.745,3.681,vittima non trovata entro 15 minuti
3710,200,3,187.9,164.7,242.8,1.42,1e-05,0.1,50,0.60,0.58,False,900.0,2,2,5146.9433731915615,71.74220078302282,96.5884229761164,96.84214479544406,-9.313,10.738,99.32,376.323,3.403,vittima non trovata entro 15 minuti
3754,200,3,54.3,33.9,57.2,4.76,1e-07,0.1,80,0.60,0.45,True,94.7,3,3,0.013309011201899123,0.11536468784640785,7.362816239731776,11.756510772101844,-10.567,15.327,7.363,8.611,2.243,
3716,200,3,167.8,105.5,191.3,1.93,1e-05,0.1,120,center,center,False,900.0,1,2,643.430120813408,25.365924402895473,20.144027212043316,25.418047841009457,6.681,4.747,25.402,610.444,2.669,vittima non trovata entro 15 minuti
3721,200,3,136.5,159.0,202.5,4.22,1e-07,0.05,25,center,center,False,900.0,0,3,32.28417021092687,5.681916068627454,2.1782259125905505,2.5269736287489626,4.33,0.106,5.464,256.825,2.98,vittima non trovata entro 15 minuti
3749,200,3,150.3,92.8,169.8,3.92,1e-07,0.1,50,0.60,0.45,True,222.10000000000002,3,3,0.023626043380264593,0.1537076555681746,4.960211810144737,5.047130465978814,7.392,3.474,4.96,13.122,1.981,
3753,200,3,115.1,128.4,165.4,2.48,1e-07,0.1,80,0.45,0.55,True,178.9,3,3,0.014468309488716895,0.12028428612548231,0.9286655621593721,5.3365839500979915,7.349,4.867,0.93,15.98,1.727,
3756,200,3,64.1,53.1,76.2,2.18,1e-07,0.1,120,center,center,True,107.4,3,3,0.015281709791691772,0.12361921287442244,1.6520134812120577,2.2832682218786577,4.791,2.609,1.652,2.667,1.88,
3758,200,3,65.6,19.7,62.4,4.14,1e-07,0.1,120,0.45,0.55,True,91.30000000000001,3,3,0.035645679196653374,0.18880063346465067,3.4426083772863776,5.371873503624103,7.744,3.604,3.443,8.612,2.148,
3719,200,3,7.4,141.5,136.6,4.52,1e-05,0.1,120,0.60,0.45,False,900.0,1,1,nan,nan,39.680386448137114,41.79510070468618,6.637,2.121,39.68,376.45,2.651,vittima non trovata entro 15 minuti
3766,200,3,12.2,11.2,9.5,2.72,1e-06,0.05,50,center,center,True,12.4,3,1,0.035806541005811175,0.18922616363973344,2.0217569166773592,4.144478487110879,7.124,4.406,2.025,2.339,2.397,
3712,200,3,186.9,145.4,229.8,4.35,1e-05,0.1,80,0.35,0.40,False,900.0,2,3,14.41220964360357,3.796341613132776,135.43815321766365,135.4721360428458,4.219,0.136,135.491,743.343,3.217,vittima non trovata entro 15 minuti
3706,200,3,71.4,1.6,66.5,4.22,1e-05,0.1,50,center,center,False,900.0,2,2,1810.884131532092,42.55448427054535,35.331948636010125,42.0738334284858,18.755,14.536,53.703,415.11,2.967,vittima non trovata entro 15 minuti
3720,200,3,121.0,99.6,149.7,2.21,1e-05,0.1,120,0.60,0.58,False,900.0,2,1,15.555163061588289,3.9440034307272462,9.421543330002548,17.0754646150781,10.322,8.116,9.817,154.185,3.361,vittima non trovata entro 15 minuti
3718,200,3,180.5,101.3,200.2,4.3,1e-05,0.1,120,0.45,0.55,False,900.0,2,2,1.6735085667640495,1.2936415913088328,18.316638773836274,18.317827521015207,-26.028,30.327,18.332,178.831,3.675,vittima non trovata entro 15 minuti
3765,200,3,35.7,68.4,70.4,2.55,1e-06,0.05,25,0.60,0.58,True,107.5,3,3,0.012647073757280978,0.11245920930400043,4.487673361401053,7.867198586547568,8.538,5.989,4.488,5.443,1.947,
3762,200,3,119.7,101.1,149.6,3.8,1e-06,0.05,25,0.35,0.40,True,178.60000000000002,3,2,0.06053616478087893,0.24604098191333681,1.1412009840916246,1.4216636758497434,5.051,1.253,1.157,2.332,1.84,
3757,200,3,113.0,161.6,190.2,3.12,1e-07,0.1,120,0.35,0.40,True,209.20000000000002,3,3,0.01158028874480525,0.10761175003132906,1.7802531669903825,2.619938709024739,6.024,2.905,1.781,42.183,1.638,
3768,200,3,130.7,89.4,151.4,2.24,1e-06,0.05,50,0.45,0.55,True,159.3,3,3,0.004009353843861038,0.06331945865104216,0.6317397133209811,3.5802400137547887,5.692,3.454,0.634,5.141,1.648,
3723,200,3,61.9,194.2,197.6,1.37,1e-07,0.05,25,0.45,0.55,False,900.0,1,3,22.1629988979028,4.707759435007571,7.168596286298585,13.429175367654382,12.729,11.356,7.275,176.148,3.776,vittima non trovata entro 15 minuti
3713,200,3,14.3,98.2,93.7,3.12,1e-05,0.1,80,0.45,0.55,False,900.0,2,2,23.1635125492342,4.812848693781491,67.41372389752678,67.6854274394443,-5.414,8.538,67.447,276.033,2.945,vittima non trovata entro 15 minuti
3724,200,3,156.5,83.4,170.5,3.49,1e-07,0.05,25,0.60,0.45,False,900.0,1,1,137.0869321774877,11.708412880381683,12.398283517829217,29.746716855792112,35.279,31.784,12.852,124.142,3.545,vittima non trovata entro 15 minuti
3771,200,3,80.8,84.8,110.1,3.79,1e-06,0.05,80,center,center,True,141.5,3,2,0.0019595502031680987,0.04426680701347341,1.0935318613358795,1.317900230394833,5.282,1.491,1.094,16.968,1.322,
3726,200,3,199.8,123.5,228.0,1.31,1e-07,0.05,50,center,center,False,900.0,0,2,10.59977673180489,3.2557298308988862,3.7070597852477474,4.371503773986998,-1.011,2.317,4.925,123.491,2.725,vittima non trovata entro 15 minuti
3727,200,3,178.0,27.1,174.4,3.49,1e-07,0.05,50,0.35,0.40,False,900.0,1,2,36.44941009145657,6.037334684399778,1.2325172894785796,15.245358125339088,18.816,15.323,6.133,116.023,3.337,vittima non trovata entro 15 minuti
3773,200,3,102.4,184.5,204.2,4.77,1e-06,0.05,80,0.45,0.55,True,187.4,3,3,0.027565817218386034,0.16602956730168886,1.5313457397788466,1.830004940105643,5.919,1.153,1.533,8.18,2.598,
3778,200,3,37.0,32.7,42.3,3.63,1e-06,0.05,120,0.45,0.55,True,94.10000000000001,3,3,0.04140370052285347,0.2034789928293667,4.29518882760067,5.4786112986184765,8.165,4.531,4.295,6.002,2.221,
3767,200,3,139.3,146.5,195.1,2.34,1e-06,0.05,50,0.35,0.40,True,258.2,3,3,0.8873986505762986,0.9420183918460927,3.280993615950289,4.782688375664202,6.954,4.619,3.282,24.473,2.533,
3763,200,3,157.1,169.9,224.3,3.93,1e-06,0.05,25,0.45,0.55,True,338.20000000000005,3,3,0.003998734723664359,0.06323554952449104,1.6992678489646014,3.0984494639666433,7.087,3.157,1.699,86.511,1.868,
3751,200,3,148.8,159.6,211.2,2.22,1e-07,0.1,80,center,center,False,900.0,0,3,40.55333843378834,6.368150314949259,7.994010674889675,14.90630665768354,9.288,7.065,9.171,342.765,2.281,vittima non trovata entro 15 minuti
3780,200,3,62.9,66.3,84.3,2.42,1e-06,0.05,120,0.60,0.58,True,111.60000000000001,3,3,0.5875387205175893,0.7665107439022556,5.527386526709492,9.609056907058667,9.006,6.588,5.528,11.922,2.521,
3744,200,3,144.6,142.8,196.1,1.56,1e-07,0.1,25,0.60,0.45,False,900.0,0,2,27.391390382398203,5.233678475259844,6.003460102032494,6.5618209959528375,6.95,5.393,7.022,590.098,2.584,vittima non trovata entro 15 minuti
3737,200,3,115.0,15.0,110.4,3.11,1e-07,0.05,120,0.35,0.40,False,900.0,1,1,1.3796744949629314,1.1745954601320965,4.165715933486144,15.655075749370553,19.264,16.151,4.292,205.5,3.796,vittima non trovata entro 15 minuti
3741,200,3,176.1,127.6,210.5,3.59,1e-07,0.1,25,center,center,False,900.0,1,3,69.95982088373961,8.364198759220132,9.62496558790999,20.884147839427776,16.634,13.042,11.215,364.85,3.541,vittima non trovata entro 15 minuti
3732,200,3,7.2,100.9,96.0,4.37,1e-07,0.05,80,0.35,0.40,False,900.0,2,2,0.16164599809960756,0.4020522330489007,3.145882441845907,18.566688833907946,-15.624,19.994,3.148,57.944,2.758,vittima non trovata entro 15 minuti
3740,200,3,116.4,185.4,212.1,2.9,1e-07,0.05,120,0.60,0.58,False,900.0,2,3,2.4095356453617742,1.5522679038625304,4.10551314555015,10.673549741371172,14.686,11.79,4.323,213.294,3.151,vittima non trovata entro 15 minuti
3790,200,3,38.7,7.1,33.8,3.82,1e-06,0.1,50,0.60,0.58,True,74.0,3,3,0.15250644699268745,0.3905207382363803,3.04052334841326,6.56271956822934,9.813,5.996,3.042,12.289,2.597,
3731,200,3,10.6,113.6,108.7,1.22,1e-07,0.05,80,center,center,False,900.0,2,2,0.04992042451099145,0.22342879069401833,6.982253710161775,9.468174724704914,-8.275,9.493,6.982,19.236,2.41,vittima non trovata entro 15 minuti
3748,200,3,108.7,162.5,188.6,3.88,1e-07,0.1,50,0.45,0.55,False,900.0,1,3,165.34228455744127,12.858549084458996,20.142463041296327,20.427533884006714,6.629,2.747,20.311,339.764,3.028,vittima non trovata entro 15 minuti
3747,200,3,57.0,134.8,139.8,2.68,1e-07,0.1,50,0.35,0.40,False,900.0,2,3,80.69838991262279,8.98322825673615,17.006796396216284,17.302318836924936,10.982,8.302,17.226,566.851,3.392,vittima non trovata entro 15 minuti
3746,200,3,118.2,79.2,135.4,3.56,1e-07,0.1,50,center,center,False,900.0,1,1,63.94596383655859,7.9966220266159,26.21837995113969,28.04538230452333,7.239,3.677,27.378,542.6,3.827,vittima non trovata entro 15 minuti
3745,200,3,80.9,105.8,126.2,3.9,1e-07,0.1,25,0.60,0.58,False,900.0,2,3,20.7357163845381,4.553648689187397,2.3547315327666123,8.116615009045125,12.464,8.562,3.787,418.134,4.247,vittima non trovata entro 15 minuti
3752,200,3,101.0,194.7,212.6,2.25,1e-07,0.1,80,0.35,0.40,False,900.0,2,3,105.7487536661786,10.283421301598928,16.84086483400875,16.88361014219882,25.775,23.53,17.092,474.578,2.932,vittima non trovata entro 15 minuti
3792,200,3,122.1,164.2,197.6,3.02,1e-06,0.1,80,0.35,0.40,True,186.8,3,3,0.03714193801840049,0.19272243776582032,0.5746029317741537,0.6437938708760753,2.423,0.6,0.576,13.152,2.145,
3742,200,3,23.1,137.1,133.3,2.24,1e-07,0.1,25,0.35,0.40,False,900.0,2,2,0.8249070571836319,0.908243941451652,5.67204556457676,15.260184871920554,-15.666,17.903,5.68,95.714,2.939,vittima non trovata entro 15 minuti
3761,200,3,168.6,3.0,163.6,1.11,1e-06,0.05,25,center,center,False,900.0,0,3,46.96611275147144,6.8531826731432925,6.07717455349639,15.483757638373763,13.274,12.162,7.756,261.905,3.063,vittima non trovata entro 15 minuti
3796,200,3,78.2,141.6,155.0,4.98,1e-06,0.1,120,center,center,True,147.9,3,3,17.178180347186437,4.144656843115777,6.08873401820997,6.260216062203656,7.229,2.245,6.117,13.568,2.112,
3803,200,3,30.9,16.4,28.3,2.5,1e-05,0.05,25,0.45,0.55,True,48.400000000000006,3,3,0.6994668700548581,0.8363413597657706,3.1578522121199857,5.833332815115944,7.159,4.66,3.176,4.692,3.01,
3760,200,3,143.8,97.1,166.5,1.8,1e-07,0.1,120,0.60,0.58,False,900.0,2,3,8.850501397322326,2.9749792263681987,3.938074497648525,14.617719087716342,-13.975,15.774,4.72,173.927,3.017,vittima non trovata entro 15 minuti
3798,200,3,60.5,142.9,148.7,1.03,1e-06,0.1,120,0.45,0.55,True,137.0,3,3,0.12265426477785406,0.3502203089169074,1.984125659893071,4.257903772595508,5.229,4.203,2.001,29.052,2.026,
3759,200,3,124.0,26.7,120.9,1.47,1e-07,0.1,120,0.60,0.45,False,900.0,2,1,14.79383646951508,3.8462756621847944,11.224427441639701,11.345190139799618,-3.702,5.169,11.705,308.004,3.547,vittima non trovata entro 15 minuti
3770,200,3,174.8,121.0,205.6,4.72,1e-06,0.05,50,0.60,0.58,False,900.0,1,2,930.8570141257974,30.50994942843723,15.901046334142489,28.47970775354398,27.61,22.887,30.901,270.269,3.159,vittima non trovata entro 15 minuti
3799,200,3,36.1,168.7,166.6,2.85,1e-06,0.1,120,0.60,0.45,True,138.4,3,3,0.3711127194054039,0.6091902161110304,1.0902862770555681,1.6478954652881272,4.015,1.169,1.226,11.006,2.104,
3808,200,3,34.9,8.1,30.0,2.71,1e-05,0.05,50,0.45,0.55,True,46.300000000000004,3,3,0.07503344501321553,0.27392233390728754,3.4091033817777747,7.133454286641039,8.72,6.012,3.41,3.622,2.439,
3809,200,3,35.6,24.4,36.2,1.95,1e-05,0.05,50,0.60,0.45,True,69.7,3,3,0.011278524581437997,0.10620039821694642,4.757287990555583,8.68317759354062,-9.238,11.185,4.757,5.488,1.796,
3779,200,3,190.7,74.4,198.3,3.65,1e-06,0.05,120,0.60,0.45,False,900.0,1,1,nan,nan,1.2957905302314119,12.557140093206622,16.143,12.49,1.296,78.911,4.181,vittima non trovata entro 15 minuti
3777,200,3,159.5,108.8,186.1,2.89,1e-06,0.05,120,0.35,0.40,False,900.0,1,2,119.96140372213961,10.952689337424832,20.026650346216805,21.50056989096369,15.26,12.369,21.467,309.124,3.123,vittima non trovata entro 15 minuti
3769,200,3,12.5,192.4,187.5,2.84,1e-06,0.05,50,0.60,0.45,False,900.0,1,2,1091.0516860706414,33.03107152471202,33.5049395562301,33.98005027745472,-2.827,5.662,41.43,228.366,2.965,vittima non trovata entro 15 minuti
3764,200,3,12.0,120.3,115.5,1.57,1e-06,0.05,25,0.60,0.45,False,900.0,2,2,0.7866755688978982,0.8869473315241995,15.132838218575664,24.134467431392288,-28.977,30.547,15.139,68.65,4.554,vittima non trovata entro 15 minuti
3781,200,3,128.1,17.5,123.8,4.83,1e-06,0.1,25,center,center,False,900.0,1,3,40.375030002925186,6.354134874467585,2.8295772132242307,9.051884952959474,11.393,6.568,6.321,310.568,3.193,vittima non trovata entro 15 minuti
3807,200,3,64.8,138.9,146.6,3.43,1e-05,0.05,50,0.35,0.40,True,157.4,3,2,0.22091058682989223,0.4700112624500526,0.3403590993000037,0.506349560695928,3.982,0.551,0.506,5.663,1.628,
3801,200,3,70.1,188.7,194.9,3.91,1e-05,0.05,25,center,center,True,297.2,3,3,18.208228639269805,4.267110103954408,3.2490241952945182,4.17360149039856,8.685,4.77,5.277,39.989,5.408,
3806,200,3,148.5,27.4,145.2,1.22,1e-05,0.05,50,center,center,True,209.9,3,2,0.008101094859866978,0.09000608234928892,0.2553030974500148,1.2162138554189568,2.571,1.352,0.27,13.018,1.692,
3812,200,3,54.1,172.8,174.8,4.39,1e-05,0.05,80,0.35,0.40,True,120.7,3,3,0.01685805925288966,0.12983858922866368,0.7667562168268749,0.8523626406586482,5.173,0.779,0.77,4.582,1.735,
3811,200,3,70.0,66.2,89.3,2.22,1e-05,0.05,80,center,center,True,162.60000000000002,3,2,0.003043177282906051,0.05516500052484411,1.3246201146707,1.8721085867329128,0.509,1.711,1.326,6.744,1.603,
3817,200,3,12.1,41.1,36.8,2.95,1e-05,0.05,120,0.35,0.40,True,68.8,3,1,0.048076355767938506,0.21926321115941566,3.8244129433914007,9.675012665504333,-8.092,11.039,3.825,3.817,2.146,
3772,200,3,100.6,17.9,96.4,4.14,1e-06,0.05,80,0.35,0.40,False,900.0,2,2,0.8875442911574776,0.942095691083171,11.563835772776883,11.612565509439028,4.236,0.095,11.573,132.357,3.203,vittima non trovata entro 15 minuti
3824,200,3,12.9,21.7,18.5,2.6,1e-05,0.1,25,0.60,0.45,True,14.5,3,2,0.024170566520881145,0.15546886029324697,0.29550748607336264,1.3161683127693964,3.845,1.249,0.333,1.011,1.81,
3775,200,3,14.4,46.5,42.5,3.47,1e-06,0.05,80,0.60,0.58,False,900.0,2,2,1.5013398953246304,1.2252917592657802,33.21010259895469,37.07747694478807,15.287,11.818,33.23,235.523,3.069,vittima non trovata entro 15 minuti
3783,200,3,89.1,165.8,181.4,1.63,1e-06,0.1,25,0.45,0.55,False,900.0,1,3,231.8469033940561,15.226519740047497,15.464090831909498,16.664508640408897,10.431,8.8,16.866,479.733,2.898,vittima non trovata entro 15 minuti
3786,200,3,34.6,188.0,185.3,4.9,1e-06,0.1,50,center,center,False,900.0,1,3,21.285415838589557,4.613612016477931,4.346411273031822,4.619889028042716,0.419,4.478,4.997,349.411,2.904,vittima non trovata entro 15 minuti
3774,200,3,12.8,131.9,127.2,1.55,1e-06,0.05,80,0.60,0.45,False,900.0,2,2,0.2826853306837015,0.531681606493681,3.6414683954017617,4.483043048160971,1.039,0.512,3.642,100.851,5.942,vittima non trovata entro 15 minuti
3776,200,3,37.2,170.3,168.4,1.67,1e-06,0.05,120,center,center,False,900.0,2,2,12.718074605026196,3.566240962838349,51.304474907339035,52.34320913689974,16.195,14.53,51.427,293.26,2.866,vittima non trovata entro 15 minuti
3782,200,3,21.9,123.4,119.6,1.25,1e-06,0.1,25,0.35,0.40,False,900.0,1,3,433.5527317902357,20.821929108279946,7.8079550893403615,43.110332442010616,38.525,37.279,22.055,281.357,8.513,vittima non trovata entro 15 minuti
3818,200,3,76.8,103.1,121.5,4.92,1e-05,0.05,120,0.45,0.55,True,151.0,3,2,0.05144995931336832,0.22682583475734927,2.5764728012034994,2.6894146061547746,6.18,1.259,2.577,1.232,2.721,
3788,200,3,157.7,75.2,168.0,1.22,1e-06,0.1,50,0.45,0.55,False,900.0,2,3,1235.9048822424331,35.15543887142405,45.69657783568778,45.737324956835465,-13.825,15.042,48.074,247.796,2.995,vittima non trovata entro 15 minuti
3789,200,3,190.0,77.9,198.9,4.77,1e-06,0.1,50,0.60,0.45,False,900.0,1,2,1092.151956315866,33.04772240738938,49.84539896131898,49.87151122863814,-13.889,18.658,50.01,423.697,2.958,vittima non trovata entro 15 minuti
3785,200,3,100.2,98.4,133.4,2.15,1e-06,0.1,25,0.60,0.58,False,900.0,1,2,117.0363331074659,10.818333194511338,9.686225131025124,28.557243197307212,33.482,31.33,14.307,492.652,3.85,vittima non trovata entro 15 minuti
3784,200,3,85.4,127.5,146.5,3.47,1e-06,0.1,25,0.60,0.45,False,900.0,2,2,1749.6850241756267,41.82923647612549,30.60649550294168,32.13606778231097,34.086,30.612,49.782,437.8,3.224,vittima non trovata entro 15 minuti
3787,200,3,175.5,39.5,173.9,1.41,1e-06,0.1,50,0.35,0.40,False,900.0,1,3,412.6879440273969,20.31472234679561,11.05246968415199,19.639334038269165,19.214,17.808,21.519,481.782,3.458,vittima non trovata entro 15 minuti
3831,200,3,20.3,70.3,67.1,1.18,1e-05,0.1,80,center,center,True,87.9,3,2,0.010877555044775111,0.10429551785563515,0.6951371217741067,1.111506872602093,2.506,1.323,0.697,5.854,1.67,
3830,200,3,137.2,198.4,234.3,2.23,1e-05,0.1,50,0.60,0.58,True,151.8,3,3,0.7745758837644316,0.8800999282833919,2.8281396781783803,4.098860641512555,5.195,2.967,2.835,13.713,2.502,
3794,200,3,134.5,72.7,146.2,2.48,1e-06,0.1,80,0.60,0.45,False,900.0,1,1,866.6982293723831,29.439738948781173,41.956845628185874,42.63106452106189,28.837,26.356,42.987,309.997,2.892,vittima non trovata entro 15 minuti
3802,200,3,103.2,185.9,205.8,1.91,1e-05,0.05,25,0.35,0.40,False,900.0,1,3,1537.9708268238317,39.21697115820945,30.273458562140714,30.514132121724806,-17.943,19.85,32.154,225.622,2.974,vittima non trovata entro 15 minuti
3795,200,3,77.4,169.7,179.9,2.27,1e-06,0.1,80,0.60,0.58,False,900.0,2,2,18.762416003817844,4.331560458289581,14.603215288354122,14.603319726502667,-9.523,11.794,15.136,164.613,4.973,vittima non trovata entro 15 minuti
3837,200,3,119.5,76.9,135.1,3.28,1e-05,0.1,120,0.35,0.40,True,266.6,3,3,0.008532387422134415,0.09237092303389857,1.22568645306721,1.996667893046838,5.234,1.956,1.227,50.912,1.719,
3791,200,3,15.6,144.4,139.8,4.25,1e-06,0.1,80,center,center,False,900.0,2,2,2.3153682869537335,1.5216334272595793,1.6620450793049928,2.170005705985133,2.911,1.339,2.143,69.48,3.342,vittima non trovata entro 15 minuti
3793,200,3,28.4,87.8,86.0,3.76,1e-06,0.1,80,0.45,0.55,False,900.0,2,3,0.390049937782567,0.6245397807846726,2.891449796084961,9.874121710928272,13.474,9.713,2.892,32.292,1.945,vittima non trovata entro 15 minuti
3826,200,3,127.1,20.8,123.1,1.58,1e-05,0.1,50,center,center,True,403.6,3,3,0.3291521059839353,0.5737177929818242,7.813626799232852,11.870977643332008,12.07,10.485,7.82,61.176,2.341,
3843,200,3,16.6,20.6,19.5,3.06,1e-07,0.05,25,0.45,0.55,True,48.0,3,2,0.0026914511289097554,0.051879197458227465,1.8662999761739065,2.8538380158162533,5.824,2.766,1.866,4.575,1.775,
3827,200,3,53.3,13.2,49.0,3.31,1e-05,0.1,50,0.35,0.40,False,400.40000000000003,3,3,200.89978700036593,14.173912198132381,25.804394546071677,35.93208569572884,21.601,18.286,26.092,108.992,2.869,vittima non trovata entro 15 minuti
3840,200,3,113.3,50.6,117.5,3.64,1e-05,0.1,120,0.60,0.58,True,168.10000000000002,3,1,1.0603730551388761,1.0297441697523109,1.1729277917320853,4.675784756039263,-0.563,4.207,1.494,34.734,1.706,
3842,200,3,62.9,93.2,105.5,3.07,1e-07,0.05,25,0.35,0.40,True,123.9,3,3,0.007912522649021288,0.08895236168321383,1.4413203462259716,2.3026184951005106,4.758,1.685,1.443,11.664,1.802,
3797,200,3,166.6,91.8,183.4,4.07,1e-06,0.1,120,0.35,0.40,False,900.0,0,2,0.5793550978985036,0.7611537938541091,46.363273214407556,46.763597001476185,21.611,17.537,46.368,732.246,3.275,vittima non trovata entro 15 minuti
3800,200,3,198.3,198.0,273.2,1.03,1e-06,0.1,120,0.60,0.58,False,900.0,2,2,40.85673371551369,6.391927230148486,76.36977966103149,81.39937263020862,45.181,44.15,76.535,852.516,3.76,vittima non trovata entro 15 minuti
3805,200,3,104.2,161.6,185.4,3.71,1e-05,0.05,25,0.60,0.58,False,900.0,2,3,4418.7979314150425,66.47403952984234,95.11679731175632,95.16273169703821,-15.443,19.149,95.135,341.981,2.846,vittima non trovata entro 15 minuti
3852,200,3,37.9,61.7,65.6,3.47,1e-07,0.05,80,0.35,0.40,True,105.7,3,3,0.015759117695048966,0.1255353244909534,2.481459708775776,4.698094741753657,7.83,4.363,2.482,3.902,2.063,
3816,200,3,1.8,104.6,99.7,1.22,1e-05,0.05,120,center,center,False,900.0,0,1,nan,nan,72.82391737407053,72.88191108189908,22.418,21.201,72.824,224.919,2.83,vittima non trovata entro 15 minuti
3804,200,3,14.7,146.6,141.9,4.59,1e-05,0.05,25,0.60,0.45,False,900.0,2,3,358.6778249252443,18.938791538143196,6.477199615086433,6.8488126523562105,7.2,2.608,17.379,59.353,4.226,vittima non trovata entro 15 minuti
3813,200,3,2.2,194.9,189.9,4.77,1e-05,0.05,80,0.45,0.55,False,900.0,2,2,6.547286578020966,2.5587666126516826,102.21476632835979,102.82381389553024,15.941,11.175,102.231,323.36,3.255,vittima non trovata entro 15 minuti
3820,200,3,144.9,172.3,218.0,3.24,1e-05,0.05,120,0.60,0.58,False,900.0,1,3,54.11884626416521,7.35655124798062,5.281941442521151,11.198220563186272,-8.3,11.54,6.012,164.553,3.549,vittima non trovata entro 15 minuti
3822,200,3,129.2,158.9,197.8,1.27,1e-05,0.1,25,0.35,0.40,False,900.0,1,2,525.3007254517383,22.91943990266207,25.894035181602383,27.386344637871392,15.574,14.302,28.001,284.055,3.834,vittima non trovata entro 15 minuti
3835,200,3,182.5,5.7,177.5,4.85,1e-05,0.1,80,0.60,0.58,False,900.0,0,0,nan,nan,nan,nan,nan,nan,nan,nan,nan,vittima non trovata entro 15 minuti
3821,200,3,73.5,145.8,156.6,4.08,1e-05,0.1,25,center,center,False,900.0,1,2,698.8200778129209,26.435205272759298,31.978657724209967,32.26788366413768,26.336,22.253,34.638,331.545,3.327,vittima non trovata entro 15 minuti
3814,200,3,104.1,33.2,103.1,1.5,1e-05,0.05,80,0.60,0.45,False,900.0,2,1,0.5957922014817842,0.7718757681659557,180.87827894997935,181.7659661695109,16.482,14.983,180.879,440.686,2.852,vittima non trovata entro 15 minuti
3810,200,3,46.4,72.6,79.3,4.12,1e-05,0.05,50,0.60,0.58,True,894.4000000000001,3,3,25.566702007429992,5.05635263875355,8.56745469090328,17.365200229823262,19.692,15.576,9.226,76.879,4.33,
3819,200,3,101.8,22.9,98.4,4.42,1e-05,0.05,120,0.60,0.45,False,900.0,1,1,752.3953397350749,27.429825732860113,158.64211951410124,159.7022185314317,71.205,66.789,158.945,423.614,3.169,vittima non trovata entro 15 minuti
3815,200,3,40.4,78.0,81.1,4.11,1e-05,0.05,80,0.60,0.58,False,900.0,2,2,28.40759717319079,5.32987778220015,43.67251716174622,45.439606686255395,5.979,1.871,43.948,146.895,3.261,vittima non trovata entro 15 minuti
3857,200,3,87.7,140.2,158.5,2.19,1e-07,0.05,120,0.35,0.40,True,141.1,3,3,1.1086549267950596,1.0529268382917494,0.6634143202764997,1.4410809200165942,0.613,1.578,0.942,5.718,2.034,
3859,200,3,48.6,99.4,104.0,4.26,1e-07,0.05,120,0.60,0.45,True,107.10000000000001,3,3,0.006350332525174309,0.07968897367374177,0.3211831981175429,1.8413837095139611,6.326,2.064,0.33,1.738,1.716,
3854,200,3,70.4,52.4,80.7,4.84,1e-07,0.05,80,0.60,0.45,True,185.8,3,2,0.0986915770896952,0.31415215595264534,2.3990821276243,8.072019688025927,-4.872,9.717,2.399,12.902,2.025,
3846,200,3,184.0,177.6,248.7,1.16,1e-07,0.05,50,center,center,True,403.3,3,3,21.915421050511018,4.681390931177508,2.7522385652462575,10.146721559349453,9.158,7.994,3.567,35.152,2.123,
3849,200,3,113.3,76.8,129.9,4.15,1e-07,0.05,50,0.60,0.45,True,369.1,3,3,0.9721279838222995,0.9859655084343972,1.5541600950863987,7.0522854612815165,-3.737,7.886,1.612,85.754,2.12,
3851,200,3,66.8,42.9,72.5,4.34,1e-07,0.05,80,center,center,True,290.1,3,3,3.7105570037127817,1.9262806139586157,3.143445196899451,7.23551753025773,-4.459,8.804,3.183,36.081,2.266,
3823,200,3,12.2,104.7,99.9,2.94,1e-05,0.1,25,0.45,0.55,False,900.0,1,2,19.849921938878385,4.455325121568389,97.82429346207805,97.97941066108405,23.567,20.627,97.87,432.001,3.451,vittima non trovata entro 15 minuti
3828,200,3,97.7,185.3,202.7,1.31,1e-05,0.1,50,0.45,0.55,False,900.0,2,3,3537.8977340703977,59.480229774862146,81.84669762618762,81.93984104077592,28.131,26.823,83.394,317.517,2.511,vittima non trovata entro 15 minuti
3833,200,3,2.8,90.3,85.3,4.64,1e-05,0.1,80,0.45,0.55,False,900.0,1,1,nan,nan,38.33178426817164,39.31699573586343,17.459,12.821,38.332,486.919,3.496,vittima non trovata entro 15 minuti
3856,200,3,151.8,32.4,149.4,2.66,1e-07,0.05,120,center,center,True,236.70000000000002,3,3,0.004924980907143334,0.07017820820698784,0.41177894655693836,0.7089449567335293,2.974,0.318,0.414,43.22,2.005,
3825,200,3,79.7,77.5,104.1,2.98,1e-05,0.1,25,0.60,0.58,False,900.0,2,2,143.30055422143033,11.970820950186763,22.811078503856884,24.361645971667237,9.741,6.765,23.027,358.739,3.719,vittima non trovata entro 15 minuti
3829,200,3,45.0,74.7,80.4,1.06,1e-05,0.1,50,0.60,0.45,False,900.0,2,2,45.0562125917119,6.712392464070609,221.85287726377098,223.68198618920917,-14.088,15.153,221.901,517.896,2.928,vittima non trovata entro 15 minuti
3836,200,3,4.4,176.1,171.1,1.53,1e-05,0.1,120,center,center,False,900.0,1,1,nan,nan,26.155364041511962,34.20294729703399,-17.1,18.633,26.155,495.566,2.799,vittima non trovata entro 15 minuti
3839,200,3,108.4,32.9,107.0,3.56,1e-05,0.1,120,0.60,0.45,False,900.0,1,1,nan,nan,18.863108122809784,19.83680637876621,20.824,17.265,18.863,380.022,3.021,vittima non trovata entro 15 minuti
3860,200,3,138.4,118.7,175.3,2.08,1e-07,0.05,120,0.60,0.58,True,280.6,3,2,0.028389475115829822,0.1684917657211468,0.8774190571273398,3.7269274892004693,5.88,3.804,0.882,37.274,1.724,
3870,200,3,145.8,195.7,237.1,1.42,1e-07,0.1,50,0.60,0.58,True,160.4,3,3,0.7218324776990255,0.8496072490857323,1.4462618931290616,2.7980984547903227,3.819,2.395,1.591,22.264,2.205,
3873,200,3,149.8,192.2,236.6,1.75,1e-07,0.1,80,0.45,0.55,True,152.5,3,3,0.2424770070380441,0.49241954372064084,3.4904598767216233,7.672277606189507,8.58,6.832,3.525,21.816,3.021,
3834,200,3,36.6,126.3,125.4,3.66,1e-05,0.1,80,0.60,0.45,False,900.0,2,2,61.45571723467149,7.839369696262033,243.03651816386892,243.21736969747496,0.561,3.102,243.149,646.404,3.502,vittima non trovata entro 15 minuti
3874,200,3,112.5,136.0,169.5,4.97,1e-07,0.1,80,0.60,0.45,True,179.3,3,3,0.02826063022868866,0.16810898318855141,3.0257362708024145,3.775709989338623,9.027,4.061,3.027,33.014,1.756,
3832,200,3,38.0,163.7,162.1,3.72,1e-05,0.1,80,0.35,0.40,False,900.0,2,2,225.55656734484353,15.018540786136432,35.399914583237695,35.709209969177515,-21.542,25.26,35.645,119.658,5.128,vittima non trovata entro 15 minuti
3838,200,3,45.3,118.4,120.3,3.84,1e-05,0.1,120,0.45,0.55,False,900.0,2,2,357.0247431529978,18.89509838960882,196.08678727419039,196.090301442828,4.756,0.912,196.396,480.092,3.435,vittima non trovata entro 15 minuti
3883,200,3,111.3,171.5,197.6,4.52,1e-06,0.05,25,0.45,0.55,True,178.60000000000002,3,3,0.0095984285926105,0.09797157032838914,1.1691959452866325,1.4907339931814076,5.201,0.684,1.173,17.699,1.811,
3841,200,3,131.6,70.0,142.4,3.69,1e-07,0.05,25,center,center,False,900.0,1,3,16.812929523493217,4.100357243398825,3.101639275277836,7.7150211093781,12.623,8.931,4.96,299.667,4.06,vittima non trovata entro 15 minuti
3847,200,3,197.2,32.5,194.2,1.72,1e-07,0.05,50,0.35,0.40,False,900.0,0,2,139.4708871635492,11.809779302067808,10.730664435352452,24.761977141494786,24.04,22.316,12.67,313.668,3.999,vittima non trovata entro 15 minuti
3844,200,3,105.9,140.3,168.8,2.92,1e-07,0.05,25,0.60,0.45,False,900.0,2,2,0.012439772098510472,0.11153372628272792,1.347040424223497,35.65142306915293,39.48,36.555,1.347,108.65,2.292,vittima non trovata entro 15 minuti
3845,200,3,17.5,100.7,96.5,1.58,1e-07,0.05,25,0.60,0.58,False,900.0,2,2,0.186700260250215,0.4320882551634735,1.443774684842428,27.869970123824974,29.011,27.43,1.491,232.333,3.721,vittima non trovata entro 15 minuti
3890,200,3,37.6,13.0,33.6,2.96,1e-06,0.05,50,0.60,0.58,True,72.60000000000001,3,3,0.13019460755222806,0.36082489874207413,1.1500099116195435,4.648977163383715,7.364,4.409,1.174,3.48,2.388,
3848,200,3,111.5,76.2,128.1,1.05,1e-07,0.05,50,0.45,0.55,False,900.0,2,1,0.16762904184622493,0.4094252579485356,2.145209244662835,21.37532548952774,-20.631,21.679,2.158,168.041,2.69,vittima non trovata entro 15 minuti
3868,200,3,135.5,53.9,139.4,3.31,1e-07,0.1,50,0.45,0.55,True,581.9,3,3,0.4844053229494823,0.695992329662822,1.4010855347024453,3.0720135911911006,0.083,3.231,1.412,89.831,1.667,
3862,200,3,188.0,38.5,186.0,1.5,1e-07,0.1,25,0.35,0.40,False,900.0,0,2,128.88061944924866,11.35256003944699,7.881611043918506,8.183485681454028,5.697,4.201,12.67,262.684,11.095,vittima non trovata entro 15 minuti
3850,200,3,31.6,55.2,56.8,4.08,1e-07,0.05,50,0.60,0.58,False,900.0,2,2,0.339021913679519,0.5822558833361146,1.7425005003494638,11.845713483269378,16.067,11.985,1.76,116.734,4.407,vittima non trovata entro 15 minuti
3853,200,3,158.1,125.0,194.5,4.03,1e-07,0.05,80,0.45,0.55,False,900.0,2,3,43.12791436750588,6.567184660682679,7.049010676116364,23.787650973348445,-22.007,26.041,9.433,259.464,3.704,vittima non trovata entro 15 minuti
3858,200,3,199.6,125.9,229.1,2.16,1e-07,0.05,120,0.45,0.55,False,900.0,2,2,2.7152532947164385,1.6478025654538953,1.5033210772700174,1.5608438576820354,1.736,0.42,2.138,195.678,2.983,vittima non trovata entro 15 minuti
3878,200,3,192.8,87.6,205.1,1.78,1e-07,0.1,120,0.45,0.55,False,900.0,0,2,1.5445360111000495,1.2427936317426356,4.553323108317069,4.8786932073905085,34.413,32.63,4.629,442.742,2.223,vittima non trovata entro 15 minuti
3855,200,3,161.5,10.5,156.6,2.76,1e-07,0.05,80,0.60,0.58,False,900.0,2,3,16.501769189846677,4.062236968696764,2.1997057084010843,20.570855446208945,22.93,20.168,4.568,189.009,3.547,vittima non trovata entro 15 minuti
3900,200,3,4.3,12.7,7.7,1.02,1e-06,0.05,120,0.60,0.58,True,1.1,3,1,0.02161279408172265,0.1470129044734599,1.3770779236944821,3.372784101334026,4.198,3.181,1.377,1.393,2.116,
3863,200,3,76.4,163.7,174.1,2.52,1e-07,0.1,25,0.45,0.55,False,900.0,1,3,35.66628520302645,5.972125685467985,3.758164871258621,10.958209074524364,13.019,10.5,6.328,300.317,3.355,vittima non trovata entro 15 minuti
3861,200,3,156.4,63.2,162.2,3.28,1e-07,0.1,25,center,center,False,900.0,1,3,18.145616259798796,4.259767160279866,3.600593301059073,5.413924282312133,5.951,2.671,5.53,381.478,4.564,vittima non trovata entro 15 minuti
3891,200,3,144.1,156.7,205.8,1.81,1e-06,0.05,80,center,center,True,298.8,3,3,0.0024659579400861165,0.04965841258121444,1.5506128414117692,2.47000493454501,4.762,2.954,1.551,46.033,1.81,
3895,200,3,50.5,97.9,103.5,2.47,1e-06,0.05,80,0.60,0.58,True,136.20000000000002,3,3,0.008127253577653877,0.09015128161958584,1.5694456900341256,3.250670365148913,5.265,2.794,1.57,3.781,1.896,
3904,200,3,23.7,16.0,21.7,3.75,1e-06,0.1,25,0.60,0.45,True,44.6,3,3,0.09692544764039551,0.31132852044166387,0.9767851817746831,1.1253865884175869,4.136,0.388,0.997,1.173,1.899,
3897,200,3,88.6,101.0,127.3,4.06,1e-06,0.05,120,0.35,0.40,True,165.3,3,2,0.0898191373910505,0.2996984107249328,1.6123685988288436,8.286557495709678,-4.625,8.69,1.619,14.259,2.025,
3864,200,3,64.8,104.6,116.2,3.68,1e-07,0.1,25,0.60,0.45,False,900.0,2,2,13.410752129754242,3.662069378064026,4.503531585792727,7.2998012874456775,11.379,7.699,4.633,157.929,2.744,vittima non trovata entro 15 minuti
3867,200,3,68.5,127.8,138.2,1.11,1e-07,0.1,50,0.35,0.40,False,900.0,2,3,3.324944135740199,1.8234429345993253,1.1187659167251325,3.9322351703854648,-3.218,4.332,1.529,165.055,3.438,vittima non trovata entro 15 minuti
3865,200,3,123.3,133.8,174.8,4.37,1e-07,0.1,25,0.60,0.58,False,900.0,1,3,19.557613625958666,4.422399080358835,5.423868628520557,20.545670612699396,24.473,20.106,6.888,482.352,4.275,vittima non trovata entro 15 minuti
3866,200,3,121.5,11.3,116.7,2.11,1e-07,0.1,50,center,center,False,900.0,1,1,85.67534583033869,9.256097764735348,14.670491161480758,30.704381002230598,23.4,21.292,15.092,604.41,4.188,vittima non trovata entro 15 minuti
3871,200,3,179.4,100.8,199.0,3.23,1e-07,0.1,80,center,center,False,900.0,2,3,39.505067324589646,6.28530566675875,9.59759632752184,9.932532507209563,-5.004,8.229,9.603,439.429,2.739,vittima non trovata entro 15 minuti
3882,200,3,142.6,134.8,189.1,4.46,1e-06,0.05,25,0.35,0.40,False,900.0,1,3,6.816421878596861,2.6108278148121644,0.9680601908718329,1.9149069251167892,6.393,1.933,2.437,144.207,4.078,vittima non trovata entro 15 minuti
3899,200,3,83.1,13.8,78.5,2.65,1e-06,0.05,120,0.60,0.45,True,194.9,3,2,0.10842085651452538,0.3292732247154715,2.3164003386171053,7.524762576760812,-6.215,8.865,2.317,15.185,2.126,
3877,200,3,145.1,124.4,184.1,2.89,1e-07,0.1,120,0.35,0.40,False,900.0,2,2,0.8718093308053422,0.9337073046760115,16.50315564009158,19.19817446152753,18.676,15.786,16.508,765.018,5.562,vittima non trovata entro 15 minuti
3909,200,3,82.2,181.7,192.8,4.35,1e-06,0.1,50,0.60,0.45,True,155.8,3,3,0.03365536078280926,0.1834539745625841,3.7796436779875218,4.725685345072946,6.101,1.753,3.78,3.608,2.419,
3875,200,3,31.4,148.4,145.8,3.78,1e-07,0.1,80,0.60,0.58,False,900.0,2,2,0.04308037825341905,0.2075581322266585,1.8740709778543234,3.865949224623763,6.727,2.949,1.875,306.924,3.589,vittima non trovata entro 15 minuti
3908,200,3,53.9,192.6,193.8,3.27,1e-06,0.1,50,0.45,0.55,True,153.8,3,3,1.9402099346148038,1.3929141878144553,6.3117218493589,7.360534934091286,7.052,3.787,6.371,10.566,1.911,
3881,200,3,154.7,131.3,195.8,2.49,1e-06,0.05,25,center,center,False,900.0,1,3,42.31808790261062,6.5052354225355,8.227804383412716,11.492051170214785,4.881,2.393,8.753,253.712,2.34,vittima non trovata entro 15 minuti
3872,200,3,63.9,100.9,112.6,2.11,1e-07,0.1,80,0.35,0.40,False,900.0,2,2,17.6958070746594,4.206638453047683,25.72161617667163,26.173660042655055,5.338,3.231,25.958,525.22,3.368,vittima non trovata entro 15 minuti
3879,200,3,22.8,95.8,92.5,2.53,1e-07,0.1,120,0.60,0.45,False,900.0,2,3,5.745467112762758,2.3969704029801364,10.342014036591742,17.482346118526547,17.211,14.683,10.374,226.682,2.969,vittima non trovata entro 15 minuti
3914,200,3,48.3,49.6,62.1,3.69,1e-06,0.1,80,0.60,0.45,True,91.60000000000001,3,3,0.007470496464363075,0.08643203378587754,0.4375747998005062,0.6961143982893895,3.469,0.224,0.44,3.697,1.646,
3913,200,3,67.5,138.2,147.1,1.28,1e-06,0.1,80,0.45,0.55,True,139.9,3,3,0.02065889876964045,0.14373203807655568,1.0062713324459107,1.844011430882451,3.047,1.768,1.008,14.693,1.697,
3901,200,3,32.7,61.8,63.2,2.92,1e-06,0.1,25,center,center,True,316.5,3,3,6.2254362062857895,2.4950824047084676,1.8082800052843746,2.3749387563586204,5.74,2.818,2.924,100.232,3.79,
3876,200,3,85.5,13.7,81.0,1.87,1e-07,0.1,120,center,center,False,900.0,2,2,2.7425394063928894,1.6560614138349126,16.00515481240156,19.08765127065586,1.839,0.026,16.045,327.827,3.566,vittima non trovata entro 15 minuti
3869,200,3,28.5,177.6,174.2,4.99,1e-07,0.1,50,0.60,0.45,False,900.0,2,2,0.692265073776373,0.8320246833936917,1.040063525712031,1.207576352476434,4.863,0.123,1.221,233.883,3.125,vittima non trovata entro 15 minuti
3888,200,3,199.9,101.3,217.4,2.37,1e-06,0.05,50,0.45,0.55,False,900.0,0,1,nan,nan,2.942918148524864,6.069603232311211,-2.943,5.308,2.943,357.162,4.885,vittima non trovata entro 15 minuti
3911,200,3,141.5,104.6,169.0,3.78,1e-06,0.1,80,center,center,True,305.8,3,3,0.02437752578756274,0.1561330387444078,1.0939051657794858,1.378743898554392,5.088,1.312,1.104,93.57,1.922,
3880,200,3,24.1,152.5,148.7,4.1,1e-07,0.1,120,0.60,0.58,False,900.0,2,2,5.123536850226923,2.263523105741782,16.022192280056316,21.094421456903046,9.638,5.534,16.164,325.481,3.15,vittima non trovata entro 15 minuti
3887,200,3,187.9,37.9,185.9,4.56,1e-06,0.05,50,0.35,0.40,False,900.0,1,2,49.57771745141328,7.04114461230653,3.378008779218182,6.994147726141331,11.534,6.969,7.47,200.999,3.691,vittima non trovata entro 15 minuti
3884,200,3,188.9,23.4,184.9,1.88,1e-06,0.05,25,0.60,0.45,False,900.0,1,2,81.00430637096036,9.000239239651375,9.879575815735073,10.059821889945743,-3.225,5.104,10.035,121.489,3.455,vittima non trovata entro 15 minuti
3920,200,3,89.7,173.5,188.6,3.1,1e-06,0.1,120,0.60,0.58,True,165.10000000000002,3,3,0.024182634043147248,0.15550766554465167,1.04963022794912,1.3719116844159678,1.283,1.822,1.051,11.836,1.852,
3886,200,3,187.8,116.6,214.2,1.19,1e-06,0.05,50,center,center,False,900.0,2,3,171.20290469842448,13.084452785593461,3.559051306747146,17.51695411026675,17.964,16.77,12.151,185.984,2.949,vittima non trovata entro 15 minuti
3885,200,3,9.8,130.7,125.8,2.79,1e-06,0.05,25,0.60,0.58,False,900.0,2,2,31.187461867576314,5.584573561837673,32.24858668245834,39.61988665819483,20.685,17.892,32.625,217.532,2.859,vittima non trovata entro 15 minuti
3917,200,3,133.5,76.9,147.3,1.55,1e-06,0.1,120,0.35,0.40,True,314.70000000000005,3,3,0.01638248750096666,0.12799409166428996,1.736065629157074,4.305289592668929,5.96,4.413,1.737,59.603,1.314,
3919,200,3,175.6,77.9,185.5,2.81,1e-06,0.1,120,0.60,0.45,True,255.5,3,3,0.1217390652753333,0.3489112570200814,0.4420625814237991,1.0774127206769784,3.856,1.048,0.528,20.036,2.061,
3930,200,3,117.5,10.4,112.6,3.96,1e-05,0.05,50,0.60,0.58,True,180.8,3,1,5.750255809258531,2.397969100980772,0.3421088708904126,2.6664028729327964,1.411,2.554,2.326,12.877,1.462,
3931,200,3,165.4,19.5,161.0,3.46,1e-05,0.05,80,center,center,True,212.10000000000002,3,3,10.717912897229965,3.2738223680019605,2.6265608116981314,3.1918951195351624,0.198,3.262,2.759,25.683,1.587,
3921,200,3,127.0,127.3,172.7,3.22,1e-05,0.05,25,center,center,True,288.8,3,3,3.0389302331848813,1.7432527737493726,1.1869630684592807,2.674768065481138,0.292,2.929,1.686,84.168,1.684,
3929,200,3,151.9,44.7,152.2,4.77,1e-05,0.05,50,0.60,0.45,True,236.60000000000002,3,2,0.005446804158619826,0.07380246715808236,0.79798109494929,1.3065503531651173,6.129,1.361,0.801,33.996,1.54,
3934,200,3,65.3,186.1,190.8,1.61,1e-05,0.05,80,0.60,0.45,True,141.4,3,2,0.040690278140370725,0.20171831384475414,2.6295487875732215,8.20119358541496,-6.806,8.414,2.631,3.888,2.025,
3933,200,3,152.0,111.9,181.8,2.75,1e-05,0.05,80,0.45,0.55,True,193.70000000000002,3,3,2.8413387824942182,1.685627118461915,1.0853041521313513,2.347191518634809,0.157,2.592,1.296,5.452,1.633,
3935,200,3,88.8,143.8,162.2,2.8,1e-05,0.05,80,0.60,0.58,True,131.1,3,3,0.009567096841639958,0.09781153736466858,0.08458556346752179,0.4068298503444124,3.235,0.431,0.109,4.448,1.725,
3936,200,3,57.7,170.2,173.4,2.95,1e-05,0.05,120,center,center,True,137.8,3,3,0.006260870691168774,0.0791256639224517,4.46890942042555,5.29320277970911,7.65,4.701,4.469,20.904,2.538,
3896,200,3,197.5,54.2,198.7,2.4,1e-06,0.05,120,center,center,False,900.0,2,1,53.999382911173306,7.348427240653153,13.59788838889868,13.597995553081546,67.801,65.397,13.681,250.599,3.523,vittima non trovata entro 15 minuti
3940,200,3,64.3,127.7,136.3,1.91,1e-05,0.05,120,0.60,0.58,True,128.4,3,2,0.006580806826576663,0.08112217222545673,0.24449350331021594,2.104394101277108,4.048,2.142,0.256,10.967,1.658,
3889,200,3,15.0,48.4,44.5,1.47,1e-06,0.05,50,0.60,0.45,False,900.0,2,2,3.3888615373933035,1.8408860739853794,20.746961285826316,22.138061414438038,12.533,11.068,20.751,233.623,5.024,vittima non trovata entro 15 minuti
3947,200,3,29.6,5.0,24.6,3.93,1e-05,0.1,50,0.35,0.40,True,32.0,3,3,0.030412592280457805,0.1743920648437245,5.104250515228155,6.866995719309219,9.708,5.777,5.105,5.754,3.358,
3939,200,3,70.4,89.9,107.2,3.68,1e-05,0.05,120,0.60,0.45,True,153.9,3,2,0.10310588716951716,0.3211010544509581,2.01511530106962,2.015590643852356,5.197,1.517,2.016,14.513,2.323,
3893,200,3,28.4,80.1,78.6,2.39,1e-06,0.05,80,0.45,0.55,False,900.0,2,2,0.6501394584527356,0.8063122586521524,17.300687208561328,21.806362726023114,16.94,14.554,17.317,168.176,4.19,vittima non trovata entro 15 minuti
3902,200,3,160.2,107.6,186.0,3.42,1e-06,0.1,25,0.35,0.40,False,900.0,1,2,1078.6649555693712,32.84303511506467,36.61564050784913,36.731585068004456,19.847,16.424,37.044,272.332,2.989,vittima non trovata entro 15 minuti
3894,200,3,27.1,40.1,41.5,2.72,1e-06,0.05,80,0.60,0.45,False,900.0,2,2,26.852806611137773,5.181969375742949,36.88184045174741,39.549749666850666,19.287,16.563,37.087,318.325,3.108,vittima non trovata entro 15 minuti
3892,200,3,10.8,123.3,118.4,1.96,1e-06,0.05,80,0.35,0.40,False,900.0,2,2,2.934820912636157,1.7131319017040565,4.910581722672879,17.76061601031533,-16.116,18.071,4.911,63.988,3.241,vittima non trovata entro 15 minuti
3943,200,3,144.4,142.5,195.8,3.13,1e-05,0.1,25,0.45,0.55,True,153.5,3,3,0.029728420196083523,0.17241931503194044,6.289078889657125,6.308617442235772,-0.574,3.709,6.291,37.383,2.59,
3951,200,3,16.7,1.2,12.3,1.09,1e-05,0.1,80,center,center,True,14.4,3,3,0.3181556895735439,0.5640529138064477,4.426692596132596,14.559410993642857,12.645,11.558,4.462,4.924,3.026,
3905,200,3,140.7,180.8,222.1,2.33,1e-06,0.1,25,0.60,0.58,False,900.0,0,3,293.24070621594416,17.12427242880538,9.125233903233074,9.227522750871003,9.545,7.214,15.066,319.278,3.272,vittima non trovata entro 15 minuti
3948,200,3,89.7,131.3,152.1,4.61,1e-05,0.1,50,0.45,0.55,True,148.8,3,2,0.27304854815543367,0.5225404751360737,4.430714062796233,4.657418475648307,6.685,2.077,4.431,11.93,2.819,
3898,200,3,176.9,115.9,204.6,2.04,1e-06,0.05,120,0.45,0.55,False,900.0,2,2,1175.7224291215364,34.28880909453603,53.095650834536755,58.92685817988408,8.985,6.949,53.191,279.256,2.908,vittima non trovata entro 15 minuti
3954,200,3,80.5,190.8,200.6,2.7,1e-05,0.1,80,0.60,0.45,True,116.30000000000001,3,3,0.1898690120039657,0.435739614912353,7.469936287744586,9.686900886364056,8.863,6.167,7.47,15.839,2.84,
3953,200,3,43.6,148.3,148.4,4.83,1e-05,0.1,80,0.45,0.55,True,110.60000000000001,3,3,0.22099355772818155,0.47009951896186997,3.954067558675871,4.2209148033193635,6.647,1.82,3.954,4.152,2.344,
3903,200,3,9.4,189.1,184.1,3.79,1e-06,0.1,25,0.45,0.55,False,900.0,1,2,1218.5394641700352,34.907584622400265,46.97120976473224,47.15634974459551,31.155,27.369,51.445,555.062,4.043,vittima non trovata entro 15 minuti
3915,200,3,171.9,182.2,243.5,3.63,1e-06,0.1,80,0.60,0.58,False,900.0,0,0,nan,nan,nan,nan,nan,nan,nan,nan,nan,vittima non trovata entro 15 minuti
3952,200,3,14.8,187.4,182.7,1.16,1e-05,0.1,80,0.35,0.40,True,147.4,3,2,39.78827096605794,6.307794461304041,3.9837818529304285,13.104119683431414,11.222,10.062,5.896,9.114,2.211,
3906,200,3,100.8,69.0,115.2,2.96,1e-06,0.1,50,center,center,False,900.0,1,1,83.25475662657311,9.124404453254641,64.28785711011862,64.82252485198737,-21.009,23.969,64.334,483.351,3.314,vittima non trovata entro 15 minuti
3907,200,3,121.7,44.6,123.2,2.5,1e-06,0.1,50,0.35,0.40,False,900.0,2,1,1.629154337954148,1.2763833036960912,13.647719120787002,16.27162383185974,-7.582,10.087,13.658,118.624,2.732,vittima non trovata entro 15 minuti
3957,200,3,72.4,58.0,85.8,4.74,1e-05,0.1,120,0.35,0.40,True,167.9,3,2,0.13088319754655287,0.36177782898700805,0.358648418179576,1.0378318648566784,5.644,0.904,0.483,33.657,2.183,
3928,200,3,186.5,79.8,196.3,2.21,1e-05,0.05,50,0.45,0.55,False,900.0,0,1,nan,nan,3.9609540565438692,11.011565801980655,11.46,9.25,3.961,176.179,2.388,vittima non trovata entro 15 minuti
3962,200,3,76.3,97.7,116.9,2.27,1e-07,0.05,25,0.35,0.40,True,155.4,3,2,0.1614264018927747,0.4017790461096431,4.571901782205586,6.136186892518669,6.098,3.823,4.574,1.551,2.87,
3963,200,3,123.0,196.1,224.6,1.3,1e-07,0.05,25,0.45,0.55,True,182.8,3,3,0.006537095517956112,0.08085230681901483,0.3911884564589311,1.4825577611664178,-0.134,1.43,0.392,27.939,1.728,
3938,200,3,14.0,160.7,156.0,2.26,1e-05,0.05,120,0.45,0.55,True,511.1,3,3,0.23895352456767124,0.48882872723242365,8.451949017127754,9.62492506715134,-2.14,4.402,8.454,77.834,2.598,
3918,200,3,185.8,85.1,197.8,4.44,1e-06,0.1,120,0.45,0.55,False,900.0,2,2,0.11747658346927095,0.34274857179756557,1.9930003694643397,5.4584723323291335,-0.116,4.555,2.003,163.184,2.933,vittima non trovata entro 15 minuti
3910,200,3,15.7,107.9,103.5,3.34,1e-06,0.1,50,0.60,0.58,False,900.0,2,2,4.4237119480391485,2.103262215711381,57.50504966073142,58.03965288567849,13.887,10.548,57.539,359.565,2.89,vittima non trovata entro 15 minuti
3924,200,3,100.5,58.5,109.5,2.06,1e-05,0.05,25,0.60,0.45,False,900.0,2,1,2024.377385685401,44.99308153133547,12.757805869220883,25.159208646823956,14.899,12.837,45.349,157.737,3.329,vittima non trovata entro 15 minuti
3926,200,3,166.8,51.3,168.3,3.16,1e-05,0.05,50,center,center,False,900.0,1,3,270.26102018510613,16.43961739777134,12.898117639520668,17.585473145424704,12.671,9.508,14.98,258.914,3.468,vittima non trovata entro 15 minuti
3912,200,3,9.2,128.2,123.3,3.76,1e-06,0.1,80,0.35,0.40,False,900.0,2,2,12.366583220909774,3.5166153074952304,55.606307137034314,56.368960708635726,-24.513,28.268,55.707,392.425,2.804,vittima non trovata entro 15 minuti
3922,200,3,29.0,105.6,103.4,4.52,1e-05,0.05,25,0.35,0.40,False,900.0,2,2,37.242801735120096,6.102688074538965,101.34480157680964,101.62289297863475,45.171,40.653,101.517,313.039,3.273,vittima non trovata entro 15 minuti
3969,200,3,52.8,83.1,91.6,4.4,1e-07,0.05,50,0.60,0.45,True,107.10000000000001,3,3,1.4500504518092612,1.2041804066705541,0.9056361399291586,3.906734536435358,0.277,4.123,1.244,2.402,1.926,
3971,200,3,59.9,16.4,56.0,4.84,1e-07,0.05,80,center,center,True,89.4,3,3,0.2879374903834485,0.5365980715427968,5.885846194742168,8.55791212252395,11.006,6.166,5.889,11.37,2.843,
3923,200,3,68.0,173.7,180.1,2.04,1e-05,0.05,25,0.45,0.55,False,900.0,2,3,359.76796103625003,18.967550211776164,30.891030144876627,30.919453144326656,22.243,20.199,30.992,199.64,3.261,vittima non trovata entro 15 minuti
3927,200,3,182.6,92.4,197.9,1.71,1e-05,0.05,50,0.35,0.40,False,900.0,1,2,885.3377849997543,29.754626278946173,37.58758834825324,37.88043876119985,2.986,1.272,37.599,186.627,2.959,vittima non trovata entro 15 minuti
3916,200,3,32.0,152.1,149.5,3.3,1e-06,0.1,120,center,center,False,900.0,2,2,0.6675897590528312,0.8170616617201123,14.332781262152928,14.429712446585409,11.961,8.665,14.35,142.114,5.418,vittima non trovata entro 15 minuti
3972,200,3,65.7,153.0,159.9,3.54,1e-07,0.05,80,0.35,0.40,True,144.0,3,3,0.057684872370155904,0.24017675235158772,3.0710972403886077,3.793089512528038,6.607,3.063,3.072,8.34,2.445,
3925,200,3,66.0,28.4,65.4,4.23,1e-05,0.05,25,0.60,0.58,False,900.0,2,3,3673.9662724009218,60.613251623724345,53.83190728206231,55.72988096621088,24.331,20.1,75.453,389.868,3.604,vittima non trovata entro 15 minuti
3974,200,3,123.0,133.6,174.5,1.65,1e-07,0.05,80,0.60,0.45,True,164.8,3,2,0.012597637055629144,0.11223919571891605,1.6237143303382195,1.7477794290038229,3.061,1.408,1.624,18.729,1.976,
3973,200,3,75.5,193.9,201.6,1.8,1e-07,0.05,80,0.45,0.55,True,151.70000000000002,3,3,0.26068622375322026,0.5105744056973678,3.818589548252446,3.917638659867368,2.674,0.875,3.834,10.742,1.631,
3932,200,3,17.9,110.7,106.5,4.21,1e-05,0.05,80,0.35,0.40,False,900.0,2,2,1.95239083590517,1.3972797987179124,79.40704750764831,83.13795987314069,2.012,2.198,79.417,241.055,2.995,vittima non trovata entro 15 minuti
3941,200,3,119.0,127.5,167.3,1.77,1e-05,0.1,25,center,center,False,900.0,1,2,772.3517096044062,27.791216411024656,47.34401932021411,47.89612396356975,15.997,14.23,48.79,515.33,2.689,vittima non trovata entro 15 minuti
3978,200,3,101.5,179.5,199.4,4.68,1e-07,0.05,120,0.45,0.55,True,181.9,3,3,0.00895445745243267,0.09462799507773939,0.9597585414549482,0.9772392199976206,4.67,0.014,0.964,3.746,1.699,
3983,200,3,163.0,14.1,158.2,1.21,1e-07,0.1,25,0.45,0.55,True,207.8,3,3,0.007748845885554311,0.08802752913466509,2.1017151343335683,3.7350144539289425,4.075,2.867,2.102,49.248,1.875,
3944,200,3,115.4,133.4,169.3,3.18,1e-05,0.1,25,0.60,0.45,False,900.0,1,1,750.7357231505549,27.39955698821707,51.39412973783601,55.74313589088239,48.802,45.619,54.536,204.032,3.038,vittima non trovata entro 15 minuti
3937,200,3,31.2,166.7,163.8,1.32,1e-05,0.05,120,0.35,0.40,False,900.0,2,2,1.1714510766152817,1.082335935195391,67.74377757165787,68.61795695050073,-56.555,57.878,67.752,202.584,2.89,vittima non trovata entro 15 minuti
3950,200,3,107.9,51.2,112.8,1.45,1e-05,0.1,50,0.60,0.58,False,900.0,1,1,107.4904969508257,10.36776238881012,61.15730316864916,63.259879859148,38.575,37.121,61.211,397.563,3.968,vittima non trovata entro 15 minuti
3945,200,3,169.8,84.7,183.1,1.5,1e-05,0.1,25,0.60,0.58,False,900.0,1,1,6222.742373785459,78.88436076806009,12.55982044859729,55.79191830581379,56.445,54.944,78.893,475.3,3.826,vittima non trovata entro 15 minuti
3986,200,3,157.9,198.6,246.7,3.91,1e-07,0.1,50,center,center,True,254.9,3,3,0.002930164511882604,0.054130994004198775,1.0605202998363439,2.5952045270859045,6.283,2.369,1.061,37.634,1.505,
3949,200,3,85.6,141.5,158.6,3.58,1e-05,0.1,50,0.60,0.45,False,900.0,2,2,841.2488446312911,29.004290107349483,42.31676757877331,43.45210636256736,26.032,22.448,51.28,315.795,10.311,vittima non trovata entro 15 minuti
3988,200,3,50.9,184.3,185.1,4.68,1e-07,0.1,50,0.45,0.55,True,162.3,3,3,0.017271835599929834,0.13142235578443204,0.5878391932380378,0.8274416007291492,4.154,0.527,0.589,4.031,1.789,
3946,200,3,111.6,61.5,120.7,1.51,1e-05,0.1,50,center,center,False,900.0,1,1,259.8269015213306,16.119147046954147,197.18376168786426,200.02521304955982,-14.384,15.898,197.249,707.485,2.854,vittima non trovata entro 15 minuti
3960,200,3,197.9,26.9,194.1,3.74,1e-05,0.1,120,0.60,0.58,False,900.0,1,1,nan,nan,43.595827596581046,49.46831925216474,27.122,23.378,43.596,425.226,3.398,vittima non trovata entro 15 minuti
3942,200,3,19.3,41.1,38.8,2.42,1e-05,0.1,25,0.35,0.40,False,900.0,2,1,32.82202852372967,5.729051276060432,54.96957503603308,55.01598031880027,-3.002,5.426,55.019,561.371,2.728,vittima non trovata entro 15 minuti
3994,200,3,127.8,131.4,176.2,2.07,1e-07,0.1,80,0.60,0.45,True,155.9,3,1,0.03116316215873375,0.17653090992439185,3.188272950259296,4.639537777374645,7.256,5.19,3.189,36.95,1.807,
3956,200,3,106.4,130.8,161.6,3.32,1e-05,0.1,120,center,center,False,900.0,1,2,5613.614682639314,74.92405943780219,130.40521790781506,130.4472723003478,11.615,8.291,131.179,428.485,2.962,vittima non trovata entro 15 minuti
3964,200,3,165.8,67.2,172.4,4.21,1e-07,0.05,25,0.60,0.45,False,900.0,1,1,14.141177340474364,3.760475680080163,3.2697300963231557,9.792224648494503,14.565,10.359,3.854,112.977,3.324,vittima non trovata entro 15 minuti
3995,200,3,37.7,81.4,83.1,3.16,1e-07,0.1,80,0.60,0.58,True,114.2,3,3,0.02135954405253988,0.14614904738841059,7.32794103239168,9.32945210309988,8.164,5.007,7.328,8.988,2.662,
3999,200,3,64.7,100.6,112.7,3.92,1e-07,0.1,120,0.60,0.45,True,109.9,3,3,0.004380220626586279,0.06618323523813473,0.4784998986091711,0.48169934777517787,4.079,0.161,0.483,5.205,1.596,
3968,200,3,197.6,78.0,206.0,1.72,1e-07,0.05,50,0.45,0.55,False,900.0,0,1,nan,nan,6.720024958032363,6.859964358506222,0.339,1.379,6.72,142.01,2.985,vittima non trovata entro 15 minuti
3961,200,3,69.7,163.2,170.9,1.02,1e-07,0.05,25,center,center,False,900.0,2,3,1.4335334477824502,1.1973025715258654,3.643150633948307,5.360613793852847,2.452,1.43,3.753,200.593,3.779,vittima non trovata entro 15 minuti
3955,200,3,66.8,43.6,72.8,1.81,1e-05,0.1,80,0.60,0.58,False,900.0,2,3,5474.343817681907,73.98880873268543,71.41569887910217,73.21799251433266,24.116,22.31,93.677,627.988,3.309,vittima non trovata entro 15 minuti
3996,200,3,154.2,63.0,160.0,1.24,1e-07,0.1,120,center,center,True,259.1,3,3,0.020042754817962576,0.14157243664627156,1.4629684906414004,2.210535135647872,3.837,2.592,1.464,40.52,1.229,
3958,200,3,33.7,46.1,50.1,4.21,1e-05,0.1,120,0.45,0.55,False,900.0,2,2,30.10684857520731,5.486970801380968,77.43057405554259,77.59902338054476,-6.462,10.676,77.62,459.002,3.405,vittima non trovata entro 15 minuti
3967,200,3,56.4,193.0,194.9,3.16,1e-07,0.05,50,0.35,0.40,False,900.0,2,3,111.65070663993674,10.566489797465227,8.717753771632951,14.190721673190595,14.356,11.197,12.84,59.571,3.563,vittima non trovata entro 15 minuti
4006,200,3,87.3,150.8,167.4,3.29,1e-06,0.05,50,center,center,True,174.20000000000002,3,3,0.012228685405514925,0.11058338666144624,1.0017548492430948,1.2255483002789043,4.368,1.079,1.005,6.354,2.014,
3959,200,3,157.9,146.6,208.4,1.71,1e-05,0.1,120,0.60,0.45,False,900.0,2,2,263.43392971396844,16.230647852564864,150.29430811305582,150.89187221858188,3.383,1.674,150.321,659.066,3.238,vittima non trovata entro 15 minuti
3965,200,3,69.0,7.4,64.0,2.39,1e-07,0.05,25,0.60,0.58,False,900.0,2,2,23.015513127386672,4.797448606018273,4.1624369247766655,21.07199054069088,23.415,21.022,5.916,269.784,4.556,vittima non trovata entro 15 minuti
4007,200,3,92.4,113.6,139.4,2.23,1e-06,0.05,50,0.35,0.40,True,158.4,3,2,0.01137044072129341,0.10663226866804161,0.6429866780220129,1.6583254691863825,3.953,1.725,0.644,17.585,1.728,
4009,200,3,32.5,80.7,80.6,4.16,1e-06,0.05,50,0.60,0.45,True,112.4,3,3,1.9368232686132778,1.3916979803870084,3.895942553024786,6.088764679292222,-3.054,7.217,3.964,4.023,2.268,
3975,200,3,180.5,18.3,176.0,4.61,1e-07,0.05,80,0.60,0.58,False,900.0,0,2,76.45889352595135,8.744077625796294,3.909797090338893,14.789923946355383,18.006,13.391,9.026,281.669,2.248,vittima non trovata entro 15 minuti
4008,200,3,67.8,157.2,164.6,1.64,1e-06,0.05,50,0.45,0.55,True,162.60000000000002,3,3,0.29230817542157084,0.5406553203488992,3.7304824862949686,10.574553777338165,-8.628,10.265,3.737,11.51,2.639,
3970,200,3,116.7,56.7,123.1,2.85,1e-07,0.05,50,0.60,0.58,False,900.0,2,2,10.458447731461455,3.233952339083162,16.475511504542517,17.805517954383237,-11.215,14.064,16.653,319.05,3.51,vittima non trovata entro 15 minuti
3966,200,3,120.5,197.0,224.0,1.72,1e-07,0.05,50,center,center,False,900.0,2,3,53.37039074016954,7.305504140041914,5.905334542886979,24.167257736818943,-21.712,23.435,9.237,47.75,6.183,vittima non trovata entro 15 minuti
3977,200,3,180.2,126.8,213.4,1.63,1e-07,0.05,120,0.35,0.40,False,900.0,1,1,nan,nan,5.109091451771197,16.53785348038556,17.671,16.037,5.109,204.025,5.37,vittima non trovata entro 15 minuti
4013,200,3,65.4,47.9,74.1,2.67,1e-06,0.05,80,0.45,0.55,True,118.2,3,3,0.0414408811415074,0.20357033463033705,0.7936341160272266,3.5930028536858503,-1.047,3.715,0.806,3.226,1.722,
4012,200,3,46.7,132.3,133.9,3.05,1e-06,0.05,80,0.35,0.40,True,125.9,3,3,1.4785181922477482,1.2159433343078732,6.211097537589763,8.255692977853807,7.855,4.809,6.244,1.709,3.635,
3980,200,3,117.1,198.8,223.9,1.24,1e-07,0.05,120,0.60,0.58,False,900.0,2,3,66.71609947640576,8.167992377347431,5.872785159769082,24.27614883598547,24.8,23.555,9.621,114.784,5.45,vittima non trovata entro 15 minuti
3985,200,3,81.0,178.8,189.7,1.23,1e-07,0.1,25,0.60,0.58,False,900.0,0,3,30.028816862322643,5.479855551227846,4.960052592062517,8.293180418585662,10.597,9.37,7.229,719.27,3.062,vittima non trovata entro 15 minuti
3979,200,3,77.2,122.0,137.4,2.75,1e-07,0.05,120,0.60,0.45,False,900.0,2,2,8.191812307061621,2.862134222404956,14.32489098269043,25.274599644092703,-25.918,28.664,14.341,32.323,3.734,vittima non trovata entro 15 minuti
4019,200,3,61.6,41.8,67.5,4.53,1e-06,0.05,120,0.60,0.45,True,98.60000000000001,3,3,3.5898875842616755,1.8946998665386756,2.4190000710131008,7.815121530828904,-4.732,9.266,2.584,5.035,2.027,
3984,200,3,12.4,175.3,170.5,1.14,1e-07,0.1,25,0.60,0.45,False,900.0,1,2,192.6321659602181,13.879199038857324,15.56356995524602,16.817975038807223,6.238,5.1,18.613,572.451,4.03,vittima non trovata entro 15 minuti
4020,200,3,67.1,90.6,105.8,1.42,1e-06,0.05,120,0.60,0.58,True,124.9,3,3,0.00944746050012496,0.09719804782054504,1.9849722857629148,7.012385316645657,-5.989,7.407,1.986,10.38,2.138,
4016,200,3,57.5,119.4,125.8,2.36,1e-06,0.05,120,center,center,True,151.0,3,3,0.004154990772571072,0.06445921790226028,1.747445579193042,2.595464044304363,5.377,3.016,1.748,23.162,1.36,
3976,200,3,30.7,60.6,61.3,1.36,1e-07,0.05,120,center,center,False,900.0,2,3,7.5146250291204915,2.7412816398758615,2.9584077098293027,14.786642309812965,15.049,13.688,3.707,285.73,3.883,vittima non trovata entro 15 minuti
3990,200,3,135.9,194.6,230.4,4.27,1e-07,0.1,50,0.60,0.58,False,900.0,2,3,132.2705031044375,11.500891404775436,6.07590016610886,15.933611007740812,18.998,14.73,8.848,174.694,3.708,vittima non trovata entro 15 minuti
3982,200,3,0.9,54.4,49.6,4.54,1e-07,0.1,25,0.35,0.40,False,900.0,0,3,2.45200267822244,1.5658871856626326,9.235380297316963,21.03708777967047,24.012,19.472,9.272,249.266,3.25,vittima non trovata entro 15 minuti
4031,200,3,40.2,106.8,107.7,2.56,1e-06,0.1,80,center,center,True,124.7,3,3,0.18541914983375166,0.4306032394603548,3.1799283573769537,3.958060340590214,6.373,3.813,3.18,10.374,2.502,
3981,200,3,4.2,67.0,62.0,4.55,1e-07,0.1,25,center,center,False,900.0,2,2,0.061834010083245676,0.24866445279381144,0.8212398196367696,2.2735107351815116,6.195,1.646,0.858,218.896,2.539,vittima non trovata entro 15 minuti
3987,200,3,19.6,169.8,165.4,3.13,1e-07,0.1,50,0.35,0.40,False,900.0,2,2,1.4239737737803155,1.193303722352493,18.389586798607226,18.405156730256632,13.833,10.703,18.391,363.183,3.901,vittima non trovata entro 15 minuti
3991,200,3,23.1,167.6,163.6,2.54,1e-07,0.1,80,center,center,False,900.0,2,2,23.356997789992885,4.832907798623194,20.9502112327026,21.939945605565576,-3.357,5.892,21.486,638.963,3.162,vittima non trovata entro 15 minuti
4029,200,3,145.2,13.1,140.4,1.04,1e-06,0.1,50,0.60,0.45,True,255.60000000000002,3,3,0.24635290767099,0.4963395084727691,3.6013494228368006,4.724192106395747,6.002,4.959,3.601,16.969,2.508,
4000,200,3,173.2,171.9,236.9,2.66,1e-07,0.1,120,0.60,0.58,False,900.0,1,2,68.31936263217669,8.265552772330274,2.9695885707938543,7.278318748894063,-4.283,6.942,8.487,641.543,2.943,vittima non trovata entro 15 minuti
4032,200,3,115.4,164.4,193.9,4.76,1e-06,0.1,80,0.35,0.40,True,196.3,3,3,0.04011098818085199,0.2002772782440684,3.257579734277087,10.835481417222105,-7.387,12.146,3.262,16.63,2.015,
3997,200,3,86.9,29.9,85.6,2.28,1e-07,0.1,120,0.35,0.40,False,900.0,2,2,2.5948415269104785,1.6108511808700636,13.665043828302569,22.4685530390134,21.571,19.291,13.755,338.14,3.049,vittima non trovata entro 15 minuti
3998,200,3,196.4,199.1,272.6,1.89,1e-07,0.1,120,0.45,0.55,False,900.0,0,2,6.5504592646504065,2.5593865016152613,39.26287217987602,39.70654612032463,7.807,5.919,39.305,374.647,3.443,vittima non trovata entro 15 minuti
3992,200,3,22.0,165.2,161.1,3.31,1e-07,0.1,80,0.35,0.40,False,900.0,2,2,0.6154113377820174,0.7844815726210638,0.9361676022395925,7.439759454376989,10.392,7.083,1.181,214.198,2.842,vittima non trovata entro 15 minuti
4004,200,3,89.6,154.9,172.1,1.87,1e-06,0.05,25,0.60,0.45,False,900.0,2,2,3.0200132997478093,1.7378185462664995,33.96379376638153,34.32850219022382,16.218,14.346,34.007,203.842,3.701,vittima non trovata entro 15 minuti
4037,200,3,53.7,19.9,50.9,4.22,1e-06,0.1,120,0.35,0.40,True,89.9,3,3,0.12544473191450758,0.35418177806672607,2.9326570473874582,6.062409413223172,9.383,5.162,2.941,13.229,3.351,
4002,200,3,157.3,87.7,173.3,3.99,1e-06,0.05,25,0.35,0.40,False,900.0,1,3,2260.1643187308,47.54118549984634,6.029103297742088,6.617615714756119,8.593,4.602,40.079,289.3,3.321,vittima non trovata entro 15 minuti
4001,200,3,182.4,188.6,255.3,3.27,1e-06,0.05,25,center,center,False,900.0,2,3,238.75146243016437,15.451584463418772,29.649947501930114,36.20557099384668,0.089,3.178,30.247,293.182,3.365,vittima non trovata entro 15 minuti
4034,200,3,110.5,189.3,212.3,1.06,1e-06,0.1,80,0.60,0.45,True,153.8,3,3,0.013572451098885408,0.11650086308214806,1.133751767790511,1.2520421815769185,-54.683,55.742,1.138,27.249,1.653,
3989,200,3,45.5,196.5,195.7,1.04,1e-07,0.1,50,0.60,0.45,False,900.0,0,2,0.482595378366838,0.6946908509307129,5.135821771910007,5.179190241630324,0.367,0.669,5.181,270.005,4.609,vittima non trovata entro 15 minuti
3993,200,3,9.5,45.5,40.8,3.78,1e-07,0.1,80,0.45,0.55,False,900.0,2,2,4.489167728651132,2.1187656143734097,20.274610810032414,26.054016946712654,18.718,14.934,20.378,618.161,2.771,vittima non trovata entro 15 minuti
4036,200,3,91.1,189.0,203.2,1.25,1e-06,0.1,120,center,center,True,171.0,3,3,0.010583887089576912,0.10287802043962992,1.311147859144651,1.386033060562804,2.615,1.37,1.313,10.937,2.155,
4003,200,3,161.2,190.8,242.7,4.1,1e-06,0.05,25,0.45,0.55,False,900.0,2,3,430.9151287859521,20.758495340124053,25.981124325885478,32.261840086690626,23.225,19.126,27.533,188.687,3.232,vittima non trovata entro 15 minuti
4044,200,3,50.1,101.1,106.2,2.0,1e-05,0.05,25,0.60,0.45,True,129.0,3,3,0.242032433108465,0.4919679187797361,5.511016028172272,9.453844560780645,-9.828,11.824,5.511,19.408,2.803,
4043,200,3,66.6,69.0,88.9,4.58,1e-05,0.05,25,0.45,0.55,True,154.8,3,2,0.03557212945107624,0.18860575137327132,0.45895611640537926,1.0096442993599106,5.505,0.928,0.463,19.542,1.778,
4014,200,3,175.7,145.0,220.8,2.9,1e-06,0.05,80,0.60,0.45,False,900.0,0,2,130.19635692943035,11.410361822897219,9.3318951308311,17.513362951885163,20.57,17.668,11.806,244.513,2.77,vittima non trovata entro 15 minuti
4047,200,3,116.7,108.9,152.5,4.2,1e-05,0.05,50,0.35,0.40,True,163.10000000000002,3,1,0.007011210661709351,0.0837329723687709,1.5847904266943014,2.3748694127155807,6.522,2.32,1.586,11.263,1.671,
4011,200,3,127.6,157.5,195.7,3.8,1e-06,0.05,80,center,center,False,900.0,2,3,1017.7620475324575,31.90238310114869,48.17331316525162,54.58328011349401,-4.018,7.816,48.222,287.329,2.737,vittima non trovata entro 15 minuti
4010,200,3,178.7,40.7,177.4,3.78,1e-06,0.05,50,0.60,0.58,False,900.0,2,2,878.9383649074616,29.646894692487805,31.862738541703852,32.39014619847591,0.733,3.048,38.416,326.851,3.29,vittima non trovata entro 15 minuti
4042,200,3,54.0,56.6,71.1,2.66,1e-05,0.05,25,0.35,0.40,True,174.3,3,2,0.0039854109417283845,0.06313011121270408,1.3671861403940302,1.8848268724165969,4.391,1.731,1.367,16.668,1.732,
4050,200,3,86.8,112.9,135.4,4.32,1e-05,0.05,50,0.60,0.58,True,135.5,3,2,0.013578192503400647,0.11652550151533632,0.037385421231751106,1.5573012252778422,5.889,1.564,0.119,14.929,1.649,
4017,200,3,3.2,75.1,70.1,3.96,1e-06,0.05,120,0.35,0.40,False,900.0,2,2,266.02512060259073,16.310276533602696,20.448901312211454,23.810496577971183,24.454,20.498,22.52,258.526,3.27,vittima non trovata entro 15 minuti
4053,200,3,151.8,10.3,146.9,4.25,1e-05,0.05,80,0.45,0.55,True,212.5,3,3,0.18498047574787568,0.43009356627119605,3.7575563144519193,5.4510742744726555,8.316,4.063,3.758,12.987,2.256,
4018,200,3,172.2,181.0,242.7,4.83,1e-06,0.05,120,0.45,0.55,False,900.0,2,2,4.993508390065335,2.234615937933258,64.21683049259536,72.74864505524239,23.95,19.115,64.241,392.194,3.154,vittima non trovata entro 15 minuti
4055,200,3,79.4,172.1,182.9,1.28,1e-05,0.05,80,0.60,0.58,True,145.6,3,3,0.0037202025063626364,0.060993462816621886,0.020319376118937197,0.4410727260554985,1.71,0.425,0.062,3.952,1.945,
4005,200,3,10.0,163.4,158.5,2.0,1e-06,0.05,25,0.60,0.58,False,900.0,2,2,0.5363147444199222,0.7323351312206197,1.7493917795277765,9.662847687494644,10.656,8.66,1.755,94.373,3.287,vittima non trovata entro 15 minuti
4060,200,3,41.6,18.7,39.0,1.5,1e-05,0.05,120,0.60,0.58,True,67.10000000000001,3,3,0.7086879551428182,0.8418360619163439,3.954241204090126,8.089721052236007,9.345,7.842,3.957,5.959,3.108,
4021,200,3,2.9,63.0,58.0,4.26,1e-06,0.1,25,center,center,False,900.0,0,1,nan,nan,31.858056070082892,32.68174531818461,28.321,24.063,31.858,277.009,3.015,vittima non trovata entro 15 minuti
4058,200,3,148.7,168.7,217.8,2.08,1e-05,0.05,120,0.45,0.55,True,181.4,3,3,0.1349075716924356,0.3672976608861478,0.5463356201027966,3.3649404644054117,5.147,3.066,0.608,3.787,2.143,
4015,200,3,187.8,74.6,195.6,4.73,1e-06,0.05,80,0.60,0.58,False,900.0,2,2,773.3203320377994,27.80863772351676,46.25050733522956,46.262545882432825,-9.387,14.115,46.563,243.4,3.098,vittima non trovata entro 15 minuti
4052,200,3,133.4,72.4,145.1,1.83,1e-05,0.05,80,0.35,0.40,True,244.20000000000002,3,2,0.01211112329646711,0.11005054882401591,1.136078053479327,2.4709862469444857,4.353,2.518,1.136,22.668,1.856,
4057,200,3,118.4,40.4,118.8,1.98,1e-05,0.05,120,0.35,0.40,True,186.10000000000002,3,1,0.01650557012089489,0.12847400562329678,1.61832710210698,3.826280030641492,5.897,3.919,1.62,8.401,1.512,
4056,200,3,64.3,28.1,63.7,2.97,1e-05,0.05,120,center,center,True,185.10000000000002,3,2,0.23690221524945013,0.48672601661453246,3.0589302254354136,4.188057566038273,7.842,4.875,3.065,19.392,2.234,
4026,200,3,151.7,30.9,148.9,4.04,1e-06,0.1,50,center,center,False,900.0,0,3,43.673300843997744,6.608577823102165,8.553224783031563,15.025279452285726,11.416,7.374,10.766,211.91,3.957,vittima non trovata entro 15 minuti
4023,200,3,94.6,57.4,103.8,4.62,1e-06,0.1,25,0.45,0.55,False,900.0,2,2,314.4278910892948,17.73211468182221,14.582648804831049,16.496424917637672,17.537,12.916,22.413,416.744,3.081,vittima non trovata entro 15 minuti
4028,200,3,184.2,17.7,179.7,4.24,1e-06,0.1,50,0.45,0.55,False,900.0,0,2,94.51155317135559,9.721705260465141,11.772030228933875,21.044878196999207,19.287,15.044,13.779,974.305,2.6,vittima non trovata entro 15 minuti
4024,200,3,55.9,199.5,201.1,1.31,1e-06,0.1,25,0.60,0.45,False,900.0,2,3,1239.8639414668776,35.211701768969895,52.31041316404173,53.12350866769151,10.567,9.259,62.22,339.353,2.861,vittima non trovata entro 15 minuti
4025,200,3,88.3,128.2,148.7,1.62,1e-06,0.1,25,0.60,0.58,False,900.0,2,3,5.22779901543684,2.28643806289102,2.5666777649985884,19.762840869623027,21.807,20.189,3.429,66.015,3.104,vittima non trovata entro 15 minuti
4027,200,3,93.4,150.4,170.2,1.65,1e-06,0.1,50,0.35,0.40,False,900.0,2,3,981.9751701601792,31.336483053466278,44.18075846512657,44.18095088431067,26.477,24.83,44.468,490.414,3.247,vittima non trovata entro 15 minuti
4022,200,3,129.5,157.4,196.8,4.53,1e-06,0.1,25,0.35,0.40,False,900.0,2,3,489.8096700109804,22.13164408739171,25.40241457900348,25.409522568156778,12.606,8.078,29.204,247.684,2.909,vittima non trovata entro 15 minuti
4061,200,3,105.8,11.9,101.0,1.09,1e-05,0.1,25,center,center,True,228.0,3,3,0.013368930092993102,0.1156240895877373,2.6130193017996493,3.5718696925097295,5.396,4.301,2.615,45.436,2.243,
4077,200,3,18.4,15.6,17.1,1.04,1e-05,0.1,120,0.35,0.40,True,35.0,3,3,0.4857988681243104,0.6969927317585962,0.5634755402742598,2.7414968258734285,-1.91,2.948,0.736,3.272,2.154,
4068,200,3,58.8,53.9,72.7,4.05,1e-05,0.1,50,0.45,0.55,True,156.10000000000002,3,2,0.002177907949469952,0.046668061342527954,0.7114139202105061,1.548731251154005,5.564,1.517,0.713,35.388,1.132,
4073,200,3,110.5,174.4,199.6,3.66,1e-05,0.1,80,0.45,0.55,True,132.20000000000002,3,3,0.021147938682682756,0.14542330859488364,1.0941529661812126,1.8151667139211427,5.326,1.671,1.1,20.307,1.734,
4067,200,3,80.8,163.1,175.4,2.4,1e-05,0.1,50,0.35,0.40,True,200.20000000000002,3,3,0.038715124615587106,0.19676159334480675,2.4173463656867713,3.3943074801326674,6.157,3.755,2.42,34.036,1.919,
4038,200,3,193.6,81.5,203.5,2.68,1e-06,0.1,120,0.45,0.55,False,900.0,0,2,10.172029008731961,3.1893618497643006,3.7423024341640416,3.74608426959298,2.85,0.168,3.819,420.449,2.486,vittima non trovata entro 15 minuti
4078,200,3,85.2,165.3,179.2,1.35,1e-05,0.1,120,0.45,0.55,True,142.6,3,3,0.004039051175389382,0.06355352999943734,1.092946941514028,2.6730514283717484,3.948,2.596,1.093,30.471,1.876,
4079,200,3,88.8,177.1,191.4,4.48,1e-05,0.1,120,0.60,0.45,True,136.3,3,3,0.030422077359333242,0.1744192574211152,1.4632709487153943,2.6704384900691283,6.27,1.794,1.464,9.738,1.767,
4030,200,3,34.6,185.0,182.5,1.8,1e-06,0.1,50,0.60,0.58,False,900.0,2,2,0.1395533194692757,0.37356835983428216,7.836256971999471,8.147458345105077,3.1,1.297,7.837,92.053,3.632,vittima non trovata entro 15 minuti
4080,200,3,54.5,143.1,146.7,4.23,1e-05,0.1,120,0.60,0.58,True,132.6,3,3,0.03715299999855306,0.19275113488265913,1.3721751158500803,1.6177267818015977,5.599,1.367,1.374,3.275,1.868,
4082,200,3,52.5,36.9,57.2,4.38,1e-07,0.05,25,0.35,0.40,True,107.30000000000001,3,3,0.8386724445174317,0.9157906117216051,4.635972283882459,6.683877652130581,8.925,4.544,4.645,8.835,2.58,
4033,200,3,133.5,7.0,128.5,3.5,1e-06,0.1,80,0.45,0.55,False,900.0,1,1,34.25508880000633,5.852784704737252,112.80307795533619,113.25907783488542,-21.106,24.604,112.886,431.465,3.305,vittima non trovata entro 15 minuti
4083,200,3,50.0,121.9,125.3,3.23,1e-07,0.05,25,0.45,0.55,True,140.4,3,3,0.08616559151381628,0.2935397613847505,2.5030002035901506,4.035404171225412,6.774,3.541,2.504,19.946,2.263,
4090,200,3,29.0,21.7,29.3,3.16,1e-07,0.05,50,0.60,0.58,True,59.400000000000006,3,3,0.348968920019868,0.590735913941135,3.4815718873090504,3.5227843582788294,0.426,2.734,3.486,3.611,3.154,
4086,200,3,93.4,48.9,98.7,4.71,1e-07,0.05,50,center,center,True,174.5,3,2,0.013285161701299302,0.11526127580978489,0.6992629795344002,0.9385464111168795,5.46,0.755,0.699,9.372,1.744,
4041,200,3,123.2,191.4,220.7,4.35,1e-05,0.05,25,center,center,False,900.0,1,3,277.06182381602514,16.645174190017514,13.990178800641148,14.306233859518835,-10.415,14.766,14.049,206.508,2.699,vittima non trovata entro 15 minuti
4046,200,3,6.6,78.8,73.8,1.3,1e-05,0.05,50,center,center,True,729.3000000000001,3,3,20.885688371051394,4.5700862542244645,3.3679210669415194,4.963261617874865,3.083,1.78,4.82,62.357,6.879,
4035,200,3,26.1,157.1,153.6,3.68,1e-06,0.1,80,0.60,0.58,False,900.0,2,2,26.35905008314282,5.13410655159618,28.891837911240863,29.127730433399243,-7.529,11.204,28.989,272.412,3.587,vittima non trovata entro 15 minuti
4087,200,3,36.6,144.9,143.4,1.46,1e-07,0.05,50,0.35,0.40,True,142.1,3,3,2.852525368832919,1.688942085695338,1.456031399774652,2.4320108232914492,-1.103,2.563,2.151,5.294,2.493,
4088,200,3,69.9,105.0,119.2,2.77,1e-07,0.05,50,0.45,0.55,True,157.4,3,2,0.03210704392571158,0.17918438527313585,0.9870279495084164,1.673863637951261,4.288,1.515,0.992,11.046,2.137,
4089,200,3,144.2,131.0,187.8,4.02,1e-07,0.05,50,0.60,0.45,True,253.60000000000002,3,3,0.048834302884875946,0.2209848476363842,0.5449443150829141,0.9275585144308643,4.858,0.841,0.571,30.834,1.846,
4093,200,3,85.3,126.5,145.6,3.3,1e-07,0.05,80,0.45,0.55,True,156.8,3,3,0.013641730253835837,0.11679781784706356,0.2948625353284897,0.35289355301193137,3.422,0.125,0.302,8.602,1.753,
4040,200,3,28.6,153.2,150.1,4.46,1e-06,0.1,120,0.60,0.58,False,900.0,2,2,33.51989819863377,5.789637138770768,33.76518397397506,35.4396728762089,-3.18,7.636,33.939,231.958,3.097,vittima non trovata entro 15 minuti
4098,200,3,63.9,109.3,119.8,3.83,1e-07,0.05,120,0.45,0.55,True,125.2,3,3,0.09022087248974203,0.30036789523805973,2.7189721789582117,4.237365304893767,7.288,3.454,2.719,4.301,1.916,
4051,200,3,194.8,102.1,213.2,1.14,1e-05,0.05,80,center,center,False,900.0,0,2,718.1595559225943,26.798499135634337,23.213717458675063,23.262014831432435,2.641,1.498,29.04,302.148,3.117,vittima non trovata entro 15 minuti
4045,200,3,70.0,27.3,68.7,3.72,1e-05,0.05,25,0.60,0.58,False,900.0,2,3,3340.111204196489,57.79369519416879,53.53266875472692,55.0108034801788,21.59,17.865,74.044,387.908,3.822,vittima non trovata entro 15 minuti
4048,200,3,4.2,176.1,171.1,3.77,1e-05,0.05,50,0.45,0.55,False,900.0,1,2,347.00333168925295,18.628025437207587,29.10463963311365,36.75859388042992,24.894,21.127,33.875,402.704,3.326,vittima non trovata entro 15 minuti
4049,200,3,151.8,166.5,218.2,4.13,1e-05,0.05,50,0.60,0.45,False,900.0,2,3,169.7321582929288,13.028129500927168,20.055849306017887,20.062178349127887,1.138,2.994,20.126,77.349,3.093,vittima non trovata entro 15 minuti
4092,200,3,122.0,6.8,117.0,1.33,1e-07,0.05,80,0.35,0.40,True,196.3,3,1,0.006829464401405665,0.08264057357863427,1.059639302535637,5.209034022597083,6.416,5.085,1.062,27.945,1.312,
4097,200,3,78.9,46.1,84.6,2.93,1e-07,0.05,120,0.35,0.40,True,188.0,3,2,0.0060240304838618825,0.07761462802759465,1.6311911912238979,4.1143815565203985,7.112,4.186,1.632,20.577,1.282,
4075,200,3,191.6,98.9,208.9,3.53,1e-05,0.1,80,0.60,0.58,False,900.0,0,0,nan,nan,nan,nan,nan,nan,nan,nan,nan,vittima non trovata entro 15 minuti
4099,200,3,61.1,86.8,99.2,3.75,1e-07,0.05,120,0.60,0.45,True,121.7,3,3,3.298096999845443,1.8160663533707802,2.8413079163092823,6.864773012772632,-3.876,7.629,3.007,1.852,1.836,
4039,200,3,159.0,1.8,154.1,2.9,1e-06,0.1,120,0.60,0.45,False,900.0,0,3,24.330558199168237,4.932601565012954,68.51523329948388,69.98526971324085,3.193,0.293,68.617,518.732,3.05,vittima non trovata entro 15 minuti
4072,200,3,187.1,134.8,223.6,2.11,1e-05,0.1,80,0.35,0.40,False,691.6,3,3,83.25760287159198,9.124560420732168,17.18106488899304,17.20237473408901,20.813,18.707,17.408,135.827,2.612,vittima non trovata entro 15 minuti
4054,200,3,36.7,195.4,193.0,3.83,1e-05,0.05,80,0.60,0.45,False,900.0,2,2,332.91325074238665,18.24591052105613,26.106195913871886,26.27261524855464,6.784,2.952,28.429,197.139,3.794,vittima non trovata entro 15 minuti
4059,200,3,146.2,29.1,143.2,4.73,1e-05,0.05,120,0.60,0.45,False,900.0,0,1,nan,nan,31.02212951986878,40.52795143289625,17.769,13.042,31.022,109.684,2.991,vittima non trovata entro 15 minuti
4110,200,3,28.8,29.2,33.9,1.73,1e-07,0.1,50,0.60,0.58,True,75.60000000000001,3,3,0.13621977378685818,0.3690796306853823,2.8245592685668317,5.79409982536927,-5.645,7.371,2.828,5.54,2.096,
4111,200,3,49.0,25.4,48.4,1.85,1e-07,0.1,80,center,center,True,88.9,3,3,0.02665575143261461,0.16326589182255616,2.9287700673932187,4.194417395596834,6.614,4.762,2.93,10.475,2.049,
4065,200,3,45.5,38.5,52.6,4.17,1e-05,0.1,25,0.60,0.58,False,900.0,2,2,36.882497991138656,6.073096244185387,78.04455535856201,78.51528153906386,-7.304,11.473,78.174,297.613,2.904,vittima non trovata entro 15 minuti
4071,200,3,94.3,7.0,89.4,1.55,1e-05,0.1,80,center,center,False,900.0,1,1,9.153543384132837,3.0254823390879078,146.6940526354601,149.95527297149445,-23.318,24.864,146.719,381.841,3.364,vittima non trovata entro 15 minuti
4063,200,3,30.3,180.7,177.5,3.98,1e-05,0.1,25,0.45,0.55,False,900.0,0,2,3642.5692969171328,60.35370160078943,18.85870224085957,26.643635716702278,22.074,18.091,63.192,507.53,3.461,vittima non trovata entro 15 minuti
4069,200,3,131.9,86.2,150.7,4.96,1e-05,0.1,50,0.60,0.45,False,900.0,2,2,3.738260271651991,1.9334581122051728,117.95302506557034,121.79999203211895,-30.476,35.435,117.968,651.847,3.825,vittima non trovata entro 15 minuti
4113,200,3,104.9,186.0,206.8,4.19,1e-07,0.1,80,0.45,0.55,True,149.4,3,3,0.023740092305561726,0.15407820191565622,1.163244234612242,1.2308322692047626,4.647,0.462,1.168,30.59,2.001,
4066,200,3,8.7,53.7,48.8,3.09,1e-05,0.1,50,center,center,False,900.0,1,1,nan,nan,31.092616700368435,33.11150611237552,24.513,21.427,31.093,693.181,2.807,vittima non trovata entro 15 minuti
4064,200,3,184.5,140.8,225.0,2.68,1e-05,0.1,25,0.60,0.45,False,900.0,0,1,nan,nan,28.621451972918184,48.01504486219827,15.731,13.055,28.621,843.635,2.75,vittima non trovata entro 15 minuti
4070,200,3,115.5,10.5,110.7,3.48,1e-05,0.1,50,0.60,0.58,False,900.0,1,1,428.1865566792742,20.69266915309077,11.902942871740619,20.75782064092477,27.792,24.312,23.559,424.405,3.224,vittima non trovata entro 15 minuti
4118,200,3,58.8,22.1,56.5,1.38,1e-07,0.1,120,0.45,0.55,True,89.2,3,3,0.7009352608312884,0.8372187652168867,4.819680363445487,9.88327309222899,9.453,8.072,4.824,7.141,3.012,
4117,200,3,92.4,141.5,162.1,4.05,1e-07,0.1,120,0.35,0.40,True,166.10000000000002,3,3,0.00878439169270263,0.09372508571723277,0.7913235655428761,0.8073662659862144,4.353,0.299,0.795,8.824,1.655,
4062,200,3,68.4,10.5,63.6,2.21,1e-05,0.1,25,0.35,0.40,False,900.0,2,3,1447.9384675110152,38.0517866533362,37.77473858745948,45.65547182915081,21.539,19.333,49.351,479.129,3.056,vittima non trovata entro 15 minuti
4076,200,3,88.5,36.9,89.4,2.55,1e-05,0.1,120,center,center,False,900.0,1,1,58.13304040961198,7.624502633589419,110.0415787750691,110.55054129814025,-44.65,47.203,110.114,608.863,3.868,vittima non trovata entro 15 minuti
4112,200,3,182.2,66.0,187.4,4.16,1e-07,0.1,80,0.35,0.40,True,247.10000000000002,3,3,0.007106935272533957,0.0843026409582402,0.2783032197776328,0.35773697798144394,4.453,0.293,0.29,36.945,1.721,
4116,200,3,146.3,83.8,161.8,2.98,1e-07,0.1,120,center,center,True,281.0,3,3,0.03083708355977252,0.175604907561755,1.7875389699472854,2.3860373382189537,5.754,2.778,1.789,48.947,1.921,
4081,200,3,190.8,196.9,267.2,3.07,1e-07,0.05,25,center,center,False,900.0,1,2,34.25665182041066,5.852918231139972,2.98795319258576,6.841994207549943,9.226,6.155,6.513,201.501,2.963,vittima non trovata entro 15 minuti
4091,200,3,195.3,52.1,196.0,3.93,1e-07,0.05,80,center,center,False,900.0,0,1,nan,nan,7.354173651132999,10.545314600906808,11.485,7.558,7.354,330.092,5.138,vittima non trovata entro 15 minuti
4074,200,3,172.7,45.0,172.4,4.96,1e-05,0.1,80,0.60,0.45,False,900.0,0,3,1.397486528300033,1.1821533438179808,71.9266313116646,72.9773913605795,33.588,28.625,71.935,265.031,2.658,vittima non trovata entro 15 minuti
4130,200,3,41.7,81.0,84.4,4.68,1e-06,0.05,50,0.60,0.58,True,123.9,3,3,0.026096071338316172,0.1615427848537847,2.930319068353619,4.4643147940589945,7.698,3.013,2.931,10.619,2.039,
4084,200,3,107.7,100.7,140.4,1.56,1e-07,0.05,25,0.60,0.45,False,900.0,2,1,0.00912724546060394,0.09553661842772089,0.19306686689912197,2.999106491432753,4.463,2.899,0.214,140.629,2.729,vittima non trovata entro 15 minuti
4096,200,3,165.9,163.7,226.0,4.01,1e-07,0.05,120,center,center,False,900.0,0,3,12.895633322113625,3.5910490559324897,6.19677297470094,6.276263264648591,0.951,3.054,7.1,187.541,2.193,vittima non trovata entro 15 minuti
4128,200,3,158.0,97.5,178.8,4.66,1e-06,0.05,50,0.45,0.55,True,232.9,3,3,1.4407757192909934,1.2003231728542916,4.367652742921726,6.026150673971509,8.806,4.151,4.395,11.632,3.327,
4131,200,3,134.9,86.7,153.4,2.19,1e-06,0.05,80,center,center,True,158.60000000000002,3,2,0.008791516268813766,0.09376308585372906,2.976924016305797,6.363989800353291,-5.509,7.695,2.978,11.427,1.876,
4085,200,3,106.8,116.2,150.7,4.43,1e-07,0.05,25,0.60,0.58,False,900.0,2,2,41.09279581415271,6.410366277690589,6.8761067161866745,9.470254676955287,10.67,6.239,8.245,126.306,4.566,vittima non trovata entro 15 minuti
4133,200,3,107.6,185.6,207.7,2.03,1e-06,0.05,80,0.45,0.55,True,172.4,3,3,0.005280193700290669,0.0726649413423741,1.0626095213330369,1.064467143812938,1.929,0.097,1.065,10.084,1.67,
4132,200,3,148.1,75.8,159.6,4.28,1e-06,0.05,80,0.35,0.40,True,269.5,3,3,0.0007116864798916703,0.026677452649975227,0.7703563804285118,1.320445785154707,5.521,1.244,0.771,19.977,1.804,
4095,200,3,111.3,199.4,221.6,1.15,1e-07,0.05,80,0.60,0.58,False,900.0,2,3,74.62551030465725,8.638605807921627,18.388036167032215,23.184377143486767,15.271,14.121,18.572,320.569,2.726,vittima non trovata entro 15 minuti
4107,200,3,193.8,123.6,223.0,1.45,1e-07,0.1,50,0.35,0.40,True,586.9,3,3,9.650202393924172,3.106477489685733,1.7944117451950548,1.9392003725320246,0.719,0.735,3.558,216.392,3.933,
4136,200,3,174.0,19.4,169.6,3.51,1e-06,0.05,120,center,center,True,218.5,3,3,0.006045025564320215,0.0777497624711498,0.6490365982251493,0.7461279736645946,3.624,0.112,0.652,38.316,1.718,
4142,200,3,31.2,0.5,26.6,2.67,1e-06,0.1,25,0.35,0.40,True,43.1,3,3,0.10339268826860379,0.3215473344137746,4.733759225570028,6.405821507112316,8.77,6.104,4.736,4.405,3.016,
4140,200,3,114.9,137.1,171.8,4.39,1e-06,0.05,120,0.60,0.58,True,134.6,3,2,1.5127670453166566,1.2299459521932892,3.5736780301030757,4.1941110598138165,7.349,2.958,3.722,17.325,2.461,
4145,200,3,31.5,13.6,27.9,3.37,1e-06,0.1,25,0.60,0.58,True,57.7,3,3,6.180183236980825,2.4859974330197576,4.129764620377843,6.311026189446611,-3.845,7.219,4.45,4.894,2.576,
4104,200,3,58.9,191.8,194.4,3.57,1e-07,0.1,25,0.60,0.45,False,900.0,0,3,17.700642266344524,4.207213123475506,2.846166480980982,3.791050027648978,62.724,59.157,4.617,312.135,3.153,vittima non trovata entro 15 minuti
4094,200,3,6.6,135.4,130.4,3.48,1e-07,0.05,80,0.60,0.45,False,900.0,2,2,0.5680382833021892,0.7536831451626003,14.133118153019383,18.77073903752923,23.631,20.152,14.134,64.52,5.036,vittima non trovata entro 15 minuti
4102,200,3,185.1,64.9,189.8,2.05,1e-07,0.1,25,0.35,0.40,False,900.0,0,2,14.172463668864964,3.7646332714973663,3.125812086263582,4.750524673767882,-2.206,4.252,3.821,256.98,3.123,vittima non trovata entro 15 minuti
4100,200,3,13.2,168.8,164.0,1.75,1e-07,0.05,120,0.60,0.58,False,900.0,2,2,0.014836733832968527,0.12180613216488129,1.0478947169425852,12.25389914298624,14.589,12.835,1.052,120.919,3.21,vittima non trovata entro 15 minuti
4105,200,3,67.4,173.0,179.2,4.73,1e-07,0.1,25,0.60,0.58,False,900.0,0,3,149.77110826456075,12.238100680438968,15.199937110889927,15.289725546817714,17.384,12.651,16.369,565.588,3.186,vittima non trovata entro 15 minuti
4106,200,3,98.8,117.2,146.3,2.11,1e-07,0.1,50,center,center,False,900.0,2,1,25.968583616762576,5.095937952601324,10.663818154176543,11.577759317851134,-7.132,9.241,11.388,211.464,3.359,vittima non trovata entro 15 minuti
4103,200,3,192.5,140.1,231.0,2.8,1e-07,0.1,25,0.45,0.55,False,900.0,2,3,32.15404092133678,5.670453325911146,5.310943626303646,7.351616640912651,32.864,30.061,6.218,269.304,3.732,vittima non trovata entro 15 minuti
4108,200,3,159.6,95.3,179.0,2.97,1e-07,0.1,50,0.45,0.55,False,900.0,2,3,54.21664250026881,7.363195128493391,11.881084379344562,11.883173837339374,-2.159,5.131,12.835,356.196,3.084,vittima non trovata entro 15 minuti
4101,200,3,98.9,12.0,94.1,1.65,1e-07,0.1,25,center,center,False,900.0,1,1,0.803739020447743,0.8965149304098304,4.140583998808339,6.113578549501331,-5.715,7.365,4.178,238.984,3.056,vittima non trovata entro 15 minuti
4120,200,3,183.5,172.4,244.7,2.9,1e-07,0.1,120,0.60,0.58,False,900.0,1,2,6.793343632657632,2.6064043494165734,2.7044302575001757,2.8238553554338437,4.226,1.325,3.007,480.699,3.166,vittima non trovata entro 15 minuti
4114,200,3,126.6,162.4,198.9,1.84,1e-07,0.1,80,0.60,0.45,False,900.0,2,3,3.0053322710090846,1.7335894182329,1.8605487340915425,17.93862454939097,20.33,18.488,2.484,313.735,2.772,vittima non trovata entro 15 minuti
4146,200,3,47.1,167.1,167.5,4.87,1e-06,0.1,50,center,center,True,172.8,3,3,0.00641105242322647,0.08006904784763255,0.8585289495774276,1.1595228736322076,6.07,1.204,0.86,15.215,1.747,
4154,200,3,116.1,172.2,200.8,1.19,1e-06,0.1,80,0.60,0.45,True,153.9,3,3,0.012700898015147797,0.11269826092335142,0.9284342141000238,0.9373375996002078,1.684,0.497,0.93,31.912,1.578,
4122,200,3,157.6,46.0,158.0,2.33,1e-06,0.05,25,0.35,0.40,False,900.0,1,3,487.2610966766529,22.073991407913816,14.11427155723602,19.294937764784528,12.238,9.905,18.685,308.916,3.735,vittima non trovata entro 15 minuti
4125,200,3,77.7,166.9,177.5,3.92,1e-06,0.05,25,0.60,0.58,False,900.0,2,3,24.0040452188814,4.89939233159393,5.173606800481352,6.5938008013658305,12.384,8.467,6.444,96.655,3.739,vittima non trovata entro 15 minuti
4109,200,3,178.1,164.4,235.3,2.16,1e-07,0.1,50,0.60,0.45,False,900.0,2,3,32.77224109275935,5.72470445462116,17.009810768424323,23.403971947217187,19.597,17.44,17.586,516.253,3.405,vittima non trovata entro 15 minuti
4119,200,3,171.1,19.5,166.7,3.06,1e-07,0.1,120,0.60,0.45,False,900.0,2,3,36.36078443087122,6.0299904171458865,8.87173600878398,14.30033565676835,16.44,13.382,9.346,225.364,4.379,vittima non trovata entro 15 minuti
4156,200,3,95.1,46.8,99.4,3.83,1e-06,0.1,120,center,center,True,172.5,3,2,0.004920358282732977,0.07014526557603853,0.7994659922972893,1.6542546659163666,5.608,1.779,0.802,30.238,1.913,
4157,200,3,127.2,73.0,139.8,4.44,1e-06,0.1,120,0.35,0.40,True,182.3,3,2,0.05191915177566833,0.2278577446032246,1.8719990611090802,2.6290237769950275,6.861,2.42,1.874,13.122,1.856,
4123,200,3,165.9,16.4,161.3,2.14,1e-06,0.05,25,0.45,0.55,False,900.0,0,3,448.9725715881378,21.188972877139133,24.936900334587254,27.143785623770203,7.986,5.843,27.264,229.632,3.044,vittima non trovata entro 15 minuti
4161,200,3,53.5,64.3,76.7,1.67,1e-05,0.05,25,center,center,True,88.80000000000001,3,3,0.11048056541206608,0.33238616910465163,1.4792948070012892,1.8630163795496866,3.388,1.716,1.506,5.698,2.284,
4163,200,3,34.2,46.2,50.5,2.61,1e-05,0.05,25,0.45,0.55,True,71.5,3,2,29.25825558027413,5.40909008801611,5.458450405743647,5.652952077899799,5.828,3.219,5.521,11.273,1.736,
4127,200,3,111.7,5.0,106.7,2.89,1e-06,0.05,50,0.35,0.40,False,900.0,1,1,41.36939034823351,6.431904099738546,85.40528868345964,85.4691577595747,20.354,17.466,85.605,391.829,3.06,vittima non trovata entro 15 minuti
4126,200,3,81.1,161.3,173.9,4.62,1e-06,0.05,50,center,center,False,900.0,2,3,1137.5402465363468,33.727440557153855,47.1473531096486,47.30683503288367,-30.439,35.056,48.085,237.881,2.792,vittima non trovata entro 15 minuti
4124,200,3,96.2,97.3,129.8,2.63,1e-06,0.05,25,0.60,0.45,False,900.0,2,2,32.75137994312821,5.722882136050699,24.436428893848362,39.5907088185711,19.457,16.825,25.08,173.67,2.935,vittima non trovata entro 15 minuti
4121,200,3,6.4,94.1,89.1,1.96,1e-06,0.05,25,center,center,False,900.0,2,3,399.3401335854859,19.98349653052453,19.052640545826673,20.478208038383677,14.269,12.313,27.299,170.399,8.663,vittima non trovata entro 15 minuti
4129,200,3,187.3,188.8,258.9,1.62,1e-06,0.05,50,0.60,0.45,False,900.0,2,3,214.73735478362767,14.653919434186461,8.340522467956664,59.49008273624847,25.893,24.276,16.778,89.228,4.563,vittima non trovata entro 15 minuti
4173,200,3,25.2,1.0,20.6,4.21,1e-05,0.05,80,0.45,0.55,True,29.3,3,3,0.04140762244807277,0.2034886297758987,4.909891858357558,10.126094549471695,11.433,7.226,4.912,5.221,2.953,
4139,200,3,188.2,168.9,245.8,3.15,1e-06,0.05,120,0.60,0.45,False,900.0,0,1,nan,nan,25.501050305391566,27.24388443788168,10.571,7.419,25.501,101.42,3.378,vittima non trovata entro 15 minuti
4115,200,3,28.4,69.1,68.2,2.22,1e-07,0.1,80,0.60,0.58,False,900.0,2,2,21.104967251568965,4.594014285085427,17.914389320455133,20.83472653456078,9.711,7.494,18.483,313.163,3.079,vittima non trovata entro 15 minuti
4164,200,3,49.9,186.1,186.6,4.74,1e-05,0.05,25,0.60,0.45,True,155.8,3,3,8.212838120780155,2.865804969075906,4.057681889841032,6.832613456316323,8.795,4.051,4.432,18.447,4.084,
4169,200,3,44.7,134.3,135.2,2.23,1e-05,0.05,50,0.60,0.45,True,113.5,3,3,1.96758194364093,1.4027052233598227,3.5194072081696475,8.521760834666235,8.121,5.887,3.548,3.126,3.5,
4138,200,3,147.4,156.5,207.9,2.82,1e-06,0.05,120,0.45,0.55,False,900.0,1,3,288.87037484993465,16.996187067984827,12.727880094515584,13.354799694365463,4.409,1.588,15.662,279.864,2.4,vittima non trovata entro 15 minuti
4174,200,3,69.1,200.0,205.2,3.0,1e-05,0.05,80,0.60,0.45,True,119.4,3,3,0.012703760720843137,0.112710960961404,2.026517648965332,2.1975885715781507,3.85,0.85,2.027,7.713,2.387,
4166,200,3,103.0,116.4,148.4,2.28,1e-05,0.05,50,center,center,True,159.10000000000002,3,1,0.0666239761749681,0.2581162067266759,1.6052049898435277,2.3571999530009813,5.116,2.837,1.606,13.88,1.834,
4137,200,3,109.1,110.1,147.9,2.31,1e-06,0.05,120,0.35,0.40,False,900.0,2,1,0.19987135238550593,0.44706973995732024,6.362791251710776,19.418761997314657,23.159,20.853,6.37,141.543,4.358,vittima non trovata entro 15 minuti
4134,200,3,146.8,182.0,226.7,2.65,1e-06,0.05,80,0.60,0.45,False,900.0,0,3,526.3854822334946,22.943092255262684,9.18822972489881,60.856982982361735,60.914,58.269,24.644,342.608,2.488,vittima non trovata entro 15 minuti
4135,200,3,170.1,175.0,237.0,3.75,1e-06,0.05,80,0.60,0.58,False,900.0,2,3,1758.171831153722,41.93055963320454,56.925889563103546,57.53625542286204,-0.939,4.686,58.937,296.482,3.051,vittima non trovata entro 15 minuti
4178,200,3,111.3,85.3,133.2,2.88,1e-05,0.05,120,0.45,0.55,True,154.60000000000002,3,1,0.00822104748786711,0.0906699922127884,1.029254273884082,1.4989754484067466,4.259,1.38,1.03,17.257,1.834,
4165,200,3,161.8,124.8,197.3,2.37,1e-05,0.05,25,0.60,0.58,True,350.0,3,3,5.695260296585483,2.3864744491792664,1.0763167692196072,12.2649065408683,14.483,12.117,2.613,54.246,3.157,
4141,200,3,196.9,1.9,191.9,1.44,1e-06,0.1,25,center,center,False,900.0,0,3,132.0723974216045,11.492275554545518,10.335194603537255,10.756713081716125,4.421,2.982,12.524,273.725,3.369,vittima non trovata entro 15 minuti
4180,200,3,194.5,181.8,259.2,4.66,1e-05,0.05,120,0.60,0.58,True,386.40000000000003,3,3,0.0155481333929441,0.12469215449635995,1.0179128171593141,3.3938390079406666,7.901,3.238,1.023,42.149,2.404,
4147,200,3,190.6,138.6,228.7,1.18,1e-06,0.1,50,0.35,0.40,False,900.0,1,2,1037.3179724893546,32.207421077903064,23.000407558482436,23.792819106640998,7.274,6.089,32.591,312.026,3.097,vittima non trovata entro 15 minuti
4143,200,3,109.9,98.8,140.8,3.63,1e-06,0.1,25,0.45,0.55,False,900.0,2,2,684.3030858853049,26.159187408734716,26.00164361690669,26.034224447788233,9.081,5.449,32.814,368.319,3.7,vittima non trovata entro 15 minuti
4152,200,3,199.6,129.8,231.2,3.26,1e-06,0.1,80,0.35,0.40,False,900.0,2,2,8.505594355969677,2.9164352137446286,13.23841088212592,40.80369611399747,41.86,38.596,13.252,118.14,4.203,vittima non trovata entro 15 minuti
4158,200,3,146.4,47.0,147.5,4.08,1e-06,0.1,120,0.45,0.55,False,900.0,0,2,4.002446618076371,2.000611561017373,6.533392390961842,7.30033596321129,5.861,1.782,6.663,251.842,3.958,vittima non trovata entro 15 minuti
4148,200,3,175.2,24.7,171.3,3.07,1e-06,0.1,50,0.45,0.55,False,900.0,2,3,24.875520131313472,4.987536479196264,6.884430506985613,7.338786156292655,-1.139,4.209,6.955,296.654,3.444,vittima non trovata entro 15 minuti
4144,200,3,3.9,36.8,31.8,3.46,1e-06,0.1,25,0.60,0.45,False,900.0,2,2,66.59665599770564,8.16067742272084,55.218469504871486,55.70702569364579,-18.385,21.849,55.325,331.609,3.444,vittima non trovata entro 15 minuti
4190,200,3,49.4,55.9,67.5,2.98,1e-05,0.1,50,0.60,0.58,True,82.10000000000001,3,3,0.006253377856889769,0.07907830206124666,1.0145750247268537,1.2161715508101283,2.525,0.451,1.016,3.791,1.544,
4155,200,3,60.5,198.9,201.7,3.69,1e-06,0.1,80,0.60,0.58,False,900.0,2,3,1218.087284212386,34.90110720611004,50.287486446753626,52.56353574724563,18.989,15.3,52.471,594.235,2.652,vittima non trovata entro 15 minuti
4159,200,3,191.9,23.4,187.9,1.19,1e-06,0.1,120,0.60,0.45,False,900.0,2,2,152.12074437089473,12.333723864709098,8.814922964713334,8.9460633522138,-0.332,1.526,14.729,302.872,6.689,vittima non trovata entro 15 minuti
4151,200,3,93.0,29.5,91.4,4.3,1e-06,0.1,80,center,center,False,900.0,2,2,36.27129427057771,6.022565422689712,60.62874802775617,60.64330252845703,-14.312,18.615,60.804,380.943,3.321,vittima non trovata entro 15 minuti
4150,200,3,194.1,184.7,260.9,3.83,1e-06,0.1,50,0.60,0.58,False,900.0,2,3,1395.2126701850216,37.352545698854605,10.116830594821776,24.060139463999548,25.659,21.83,32.405,276.196,3.153,vittima non trovata entro 15 minuti
4194,200,3,43.8,18.5,41.0,1.06,1e-05,0.1,80,0.60,0.45,True,65.0,3,3,0.343655548900611,0.5862214162759759,5.956259401020904,9.178464486040363,-9.749,10.814,5.959,4.485,2.764,
4189,200,3,143.5,117.0,178.1,1.73,1e-05,0.1,50,0.60,0.45,True,194.10000000000002,3,3,0.00762529611108446,0.08732294149354143,1.8643028003502287,2.786286776378951,4.714,2.986,1.865,16.536,1.792,
4153,200,3,20.5,187.0,182.7,4.79,1e-06,0.1,80,0.45,0.55,False,900.0,2,2,3.676667575977882,1.917463839548971,97.29713937246575,97.29814824313361,28.096,23.31,97.316,367.303,3.107,vittima non trovata entro 15 minuti
4149,200,3,185.6,178.2,250.2,2.24,1e-06,0.1,50,0.60,0.45,False,900.0,2,2,21.477047871061824,4.634333595142006,56.18917097001591,57.50898384978998,32.422,30.181,56.195,693.88,3.215,vittima non trovata entro 15 minuti
4162,200,3,174.3,76.9,183.9,2.78,1e-05,0.05,25,0.35,0.40,False,900.0,1,2,409.69252663229634,20.24086279367301,24.069279032894627,24.070798297930384,3.513,0.734,27.196,284.958,3.388,vittima non trovata entro 15 minuti
4198,200,3,105.3,90.0,131.5,2.59,1e-05,0.1,120,0.45,0.55,True,152.70000000000002,3,1,0.01512364642393053,0.12297823557008179,1.48554685948409,2.1092618429771965,4.615,2.02,1.487,20.037,1.837,
4197,200,3,108.3,142.3,171.8,1.28,1e-05,0.1,120,0.35,0.40,True,210.70000000000002,3,3,0.004780744153529069,0.06914292554939419,2.0373857764731227,3.7061613393569126,5.374,4.096,2.038,52.483,1.766,
4160,200,3,20.2,144.9,140.8,2.18,1e-06,0.1,120,0.60,0.58,False,900.0,2,2,29.56272224930248,5.437161230762104,64.35043165525684,71.1720905361195,24.226,22.05,64.48,329.095,4.647,vittima non trovata entro 15 minuti
4170,200,3,193.4,32.8,190.4,1.72,1e-05,0.05,50,0.60,0.58,False,900.0,0,1,nan,nan,4.640452272326291,5.600154871845033,-1.416,3.135,4.64,226.879,3.608,vittima non trovata entro 15 minuti
4176,200,3,176.6,53.6,178.4,4.71,1e-05,0.05,120,center,center,False,900.0,0,2,3.8064671843326874,1.951016961569706,5.303474509921517,6.024825007324327,4.686,0.021,5.606,293.676,2.367,vittima non trovata entro 15 minuti
4208,200,3,43.1,20.7,41.2,1.44,1e-07,0.05,50,0.45,0.55,True,84.80000000000001,3,3,1.7240452874564567,1.3130290504998192,2.904489752004291,2.995260601684016,0.508,0.927,3.171,3.463,2.88,
4181,200,3,90.1,185.2,199.3,2.55,1e-05,0.1,25,center,center,False,900.0,1,3,768.6837974730779,27.725147384154297,25.507755504006084,25.521041392181225,21.372,18.817,26.228,215.675,3.147,vittima non trovata entro 15 minuti
4179,200,3,182.6,37.0,180.4,4.98,1e-05,0.05,120,0.60,0.45,False,900.0,0,1,nan,nan,2.554628366425287,2.7806274280321555,3.851,1.133,2.555,76.489,3.599,vittima non trovata entro 15 minuti
4177,200,3,199.8,26.7,196.0,2.49,1e-05,0.05,120,0.35,0.40,False,900.0,1,1,nan,nan,38.49108602782536,40.283147940699465,-21.082,23.577,38.491,204.636,3.391,vittima non trovata entro 15 minuti
4175,200,3,169.4,98.3,189.0,3.43,1e-05,0.05,80,0.60,0.58,False,900.0,2,3,144.84331474215523,12.035086819053497,15.3869207822208,24.88878038839171,22.645,19.215,17.53,198.345,2.625,vittima non trovata entro 15 minuti
4200,200,3,144.2,141.4,194.9,1.78,1e-05,0.1,120,0.60,0.58,True,266.90000000000003,3,2,0.03192408685770333,0.17867312852721678,3.2640950546343968,5.723822335687192,7.463,5.683,3.265,33.861,1.788,
4203,200,3,101.0,87.1,126.3,2.96,1e-07,0.05,25,0.45,0.55,True,170.3,3,2,0.5897185627459,0.7679313528863762,1.1106623892964604,1.9096568361478319,1.016,1.947,1.134,15.307,1.68,
4167,200,3,179.6,115.9,206.8,1.44,1e-05,0.05,50,0.35,0.40,False,900.0,2,2,179.5693776603714,13.400349908131929,73.37076185686904,74.08430960327931,36.275,34.83,73.55,249.044,4.41,vittima non trovata entro 15 minuti
4207,200,3,62.0,83.6,97.1,4.16,1e-07,0.05,50,0.35,0.40,True,127.60000000000001,3,3,5.181352897359629,2.2762585304309413,0.8433704158308537,3.909344686791607,0.107,4.05,2.008,4.527,1.938,
4168,200,3,172.7,10.0,167.8,4.1,1e-05,0.05,50,0.45,0.55,False,900.0,2,2,19.379002906460848,4.402158891550923,112.62004859636092,113.00162285486144,-18.643,22.743,112.645,416.382,4.969,vittima non trovata entro 15 minuti
4171,200,3,48.3,128.7,131.1,2.3,1e-05,0.05,80,center,center,True,675.1,3,3,3.377281528019357,1.8377381554561458,3.060784238936701,4.022845737058088,6.574,4.279,3.391,31.426,2.886,
4209,200,3,93.7,35.5,93.8,3.06,1e-07,0.05,50,0.60,0.45,True,193.5,3,2,0.04022025588323312,0.20054988377766048,2.687918429088779,9.075314321660672,-7.062,10.123,2.688,14.317,1.949,
4172,200,3,97.3,43.0,99.8,4.03,1e-05,0.05,80,0.35,0.40,False,900.0,2,1,3.0881333478682054,1.757308552266279,73.63527666795451,75.09135242745931,-7.001,11.034,73.651,211.125,3.146,vittima non trovata entro 15 minuti
4220,200,3,32.8,2.6,27.9,1.66,1e-07,0.05,120,0.60,0.58,True,43.5,3,3,0.21131157875771456,0.45968639174736786,3.6555447938783248,12.40551355671628,11.678,10.023,3.676,4.106,3.16,
4217,200,3,48.8,125.4,128.1,4.05,1e-07,0.05,120,0.35,0.40,True,120.80000000000001,3,3,1.568352353306735,1.2523387534156782,1.0332789464282062,1.0696378623418645,4.013,0.034,1.514,4.598,2.257,
4186,200,3,141.8,38.2,140.7,4.93,1e-05,0.1,50,center,center,False,900.0,2,2,55.39973794935357,7.443100022796521,68.64677103943166,74.11754532588056,-15.699,20.633,68.647,234.69,3.015,vittima non trovata entro 15 minuti
4216,200,3,61.6,172.4,176.7,3.1,1e-07,0.05,120,center,center,True,148.0,3,3,0.028111465830035456,0.1676647423581817,2.3112900186744727,2.794506784436312,6.164,3.068,2.311,23.069,2.391,
4210,200,3,94.2,24.2,91.2,3.2,1e-07,0.05,50,0.60,0.58,True,183.60000000000002,3,2,0.01849468026513185,0.13599514794701997,2.091872504325773,2.667706971291977,6.526,3.325,2.092,21.029,2.509,
4218,200,3,101.7,104.0,138.4,2.02,1e-07,0.05,120,0.45,0.55,True,161.10000000000002,3,2,0.04468488333047497,0.21138799239898884,1.2824403306504701,1.743138404728421,3.675,1.653,1.294,15.584,1.827,
4184,200,3,3.3,184.1,179.2,4.69,1e-05,0.1,25,0.60,0.45,False,900.0,1,1,nan,nan,63.84087695595249,64.02755587802008,-27.216,31.903,63.841,316.6,2.857,vittima non trovata entro 15 minuti
4223,200,3,57.2,5.0,52.2,2.56,1e-07,0.1,25,0.45,0.55,True,85.10000000000001,3,3,0.5800572840726903,0.7616149184940447,4.342808849387814,7.236127035034311,8.21,5.655,4.344,12.252,2.408,
4205,200,3,186.3,181.1,252.7,4.96,1e-07,0.05,25,0.60,0.58,True,363.6,3,3,18.001160325136976,4.242777430544404,8.587763840059397,15.620774325583758,15.409,10.444,8.969,60.655,6.332,
4185,200,3,63.8,27.7,63.0,3.51,1e-05,0.1,25,0.60,0.58,False,900.0,2,2,4660.427720413596,68.26732542302793,57.37631984134479,57.90087326499279,39.183,35.676,81.395,372.804,3.929,vittima non trovata entro 15 minuti
4182,200,3,13.1,182.2,177.4,2.04,1e-05,0.1,25,0.35,0.40,False,900.0,1,1,nan,nan,62.52719245978371,63.515131770309736,-49.404,51.448,62.527,132.226,3.472,vittima non trovata entro 15 minuti
4187,200,3,194.8,186.1,262.4,2.84,1e-05,0.1,50,0.35,0.40,False,900.0,2,2,953.5304892341451,30.87928900143501,13.862711702794831,17.026648288306383,12.722,9.886,32.366,423.818,3.011,vittima non trovata entro 15 minuti
4229,200,3,33.2,123.1,121.4,2.37,1e-07,0.1,50,0.60,0.45,True,124.0,3,3,3.015294487127576,1.7364603327250456,3.7654837657181455,5.494727256303774,4.435,2.064,3.791,11.736,2.5,
4183,200,3,109.9,197.8,219.5,4.93,1e-05,0.1,25,0.45,0.55,False,900.0,0,3,6924.05271143218,83.21089298542698,234.52813089424922,235.6618413122184,29.191,24.26,235.308,642.781,3.009,vittima non trovata entro 15 minuti
4232,200,3,55.6,64.6,78.2,2.39,1e-07,0.1,80,0.35,0.40,True,117.80000000000001,3,3,0.02953605624785872,0.17186057211547598,5.201514967594998,7.044160622627376,6.012,3.625,5.202,16.601,2.487,
4195,200,3,53.7,15.5,49.8,2.79,1e-05,0.1,80,0.60,0.58,False,557.2,3,3,193.58112592169275,13.91334344870753,18.28999119869441,27.47191143008843,17.673,14.887,19.38,109.869,2.741,vittima non trovata entro 15 minuti
4233,200,3,50.5,80.8,88.4,3.43,1e-07,0.1,80,0.45,0.55,True,131.6,3,3,0.003691033820882825,0.06075387906037626,0.7800193880325477,1.038734028910437,3.989,0.556,0.781,12.997,1.705,
4237,200,3,41.6,66.1,71.2,2.45,1e-07,0.1,120,0.35,0.40,True,127.10000000000001,3,3,0.21839630783677108,0.4673289075552368,1.3149806934789023,1.8580942320162979,1.472,0.98,1.316,9.571,2.617,
4238,200,3,84.6,110.8,132.4,4.47,1e-07,0.1,120,0.45,0.55,True,135.20000000000002,3,2,0.07267421649221564,0.26958155814561136,3.7926526099451348,4.159173039629908,7.225,2.751,3.793,10.681,1.988,
4193,200,3,114.6,4.0,109.6,4.6,1e-05,0.1,80,0.45,0.55,False,900.0,1,1,294.5148241970007,17.161434211539568,292.3179851191481,293.01220241892287,-18.948,23.545,292.35,750.302,3.095,vittima non trovata entro 15 minuti
