run_id,area_size_m,n_drones,victim_x_m,victim_y_m,victim_depth_m,artva_noise_std,comm_radius_m,workspace_frac_r,workspace_frac_c,found,time_found_s,n_drones_stopped,pos_variance_m2,pos_std_m,est_error_2d_m,note
17,100,3,22.5,22.5,1.0,1e-08,120,0.35,0.45,True,0.2,3,6.0055270853217635e-06,0.0024506176946479767,31.519867743775357,
1,100,3,22.5,22.5,1.0,1e-08,25,center,center,True,0.2,3,6.00358106662145e-06,0.0024502206159081777,31.519916854799497,
18,100,3,22.5,22.5,1.0,1e-08,120,0.45,0.55,True,0.2,3,6.005524684446782e-06,0.002450617204796943,31.519867800556014,
12,100,3,22.5,22.5,1.0,1e-08,80,0.35,0.45,True,0.2,3,6.0055270853217635e-06,0.0024506176946479767,31.519867743775357,
5,100,3,22.5,22.5,1.0,1e-08,25,0.60,0.58,True,0.2,3,5.995633793217613e-06,0.00244859833235621,31.520115308868224,
20,100,3,22.5,22.5,1.0,1e-08,120,0.60,0.58,True,0.2,3,5.995633793217613e-06,0.00244859833235621,31.520115308868224,
7,100,3,22.5,22.5,1.0,1e-08,50,0.35,0.45,True,0.2,3,6.0055270853217635e-06,0.0024506176946479767,31.519867743775357,
8,100,3,22.5,22.5,1.0,1e-08,50,0.45,0.55,True,0.2,3,6.005524684446782e-06,0.002450617204796943,31.519867800556014,
16,100,3,22.5,22.5,1.0,1e-08,120,center,center,True,0.2,3,6.00358106662145e-06,0.0024502206159081777,31.519916854799497,
9,100,3,22.5,22.5,1.0,1e-08,50,0.60,0.45,True,0.2,3,5.839421427182257e-06,0.0024164894841861525,31.52686749605061,
11,100,3,22.5,22.5,1.0,1e-08,80,center,center,True,0.2,3,6.00358106662145e-06,0.0024502206159081777,31.519916854799497,
13,100,3,22.5,22.5,1.0,1e-08,80,0.45,0.55,True,0.2,3,6.005524684446782e-06,0.002450617204796943,31.519867800556014,
19,100,3,22.5,22.5,1.0,1e-08,120,0.60,0.45,True,0.2,3,5.839421427182257e-06,0.0024164894841861525,31.52686749605061,
15,100,3,22.5,22.5,1.0,1e-08,80,0.60,0.58,True,0.2,3,5.995633793217613e-06,0.00244859833235621,31.520115308868224,
4,100,3,22.5,22.5,1.0,1e-08,25,0.60,0.45,True,0.2,3,5.839421427182257e-06,0.0024164894841861525,31.52686749605061,
2,100,3,22.5,22.5,1.0,1e-08,25,0.35,0.45,True,0.2,3,6.0055270853217635e-06,0.0024506176946479767,31.519867743775357,
14,100,3,22.5,22.5,1.0,1e-08,80,0.60,0.45,True,0.2,3,5.839421427182257e-06,0.0024164894841861525,31.52686749605061,
6,100,3,22.5,22.5,1.0,1e-08,50,center,center,True,0.2,3,6.00358106662145e-06,0.0024502206159081777,31.519916854799497,
10,100,3,22.5,22.5,1.0,1e-08,50,0.60,0.58,True,0.2,3,5.995633793217613e-06,0.00244859833235621,31.520115308868224,
3,100,3,22.5,22.5,1.0,1e-08,25,0.45,0.55,True,0.2,3,6.005524684446782e-06,0.002450617204796943,31.519867800556014,
42,100,3,22.5,22.5,1.0,1e-06,25,0.35,0.45,True,39.5,3,0.0016134683851417458,0.04016800200584721,1.1315585628829468,
47,100,3,22.5,22.5,1.0,1e-06,50,0.35,0.45,True,38.900000000000006,3,0.0016120576870511578,0.040150438192517374,0.8423507183094641,
52,100,3,22.5,22.5,1.0,1e-06,80,0.35,0.45,True,39.300000000000004,3,0.0016646971090181842,0.04080069985941644,1.124923148167171,
45,100,3,22.5,22.5,1.0,1e-06,25,0.60,0.58,True,42.6,3,0.0016333234051348065,0.040414396013485177,3.336123941524064,
50,100,3,22.5,22.5,1.0,1e-06,50,0.60,0.58,True,43.6,3,0.000572922759455989,0.02393580496778809,0.9717121347162728,
43,100,3,22.5,22.5,1.0,1e-06,25,0.45,0.55,True,45.0,3,0.0008963168642354383,0.029938551471897206,0.439784716043862,
51,100,3,22.5,22.5,1.0,1e-06,80,center,center,True,45.1,3,0.00261004011819307,0.05108855173317277,2.3262520068508596,
41,100,3,22.5,22.5,1.0,1e-06,25,center,center,True,47.1,3,0.000893048366246478,0.029883914841373746,1.6706556275732036,
48,100,3,22.5,22.5,1.0,1e-06,50,0.45,0.55,True,45.2,3,0.0024360012905575777,0.04935586379101857,2.348056529184024,
44,100,3,22.5,22.5,1.0,1e-06,25,0.60,0.45,True,45.400000000000006,3,0.0016700910406664297,0.04086674737077114,3.0811112063668205,
46,100,3,22.5,22.5,1.0,1e-06,50,center,center,True,45.900000000000006,3,0.00144487555809566,0.038011518755446484,2.106416269237321,
61,100,3,22.5,22.5,3.0,1e-08,25,center,center,True,0.2,3,6.00358106662145e-06,0.0024502206159081777,31.519916854799497,
62,100,3,22.5,22.5,3.0,1e-08,25,0.35,0.45,True,0.2,3,6.0055270853217635e-06,0.0024506176946479767,31.519867743775357,
63,100,3,22.5,22.5,3.0,1e-08,25,0.45,0.55,True,0.2,3,6.005524684446782e-06,0.002450617204796943,31.519867800556014,
49,100,3,22.5,22.5,1.0,1e-06,50,0.60,0.45,True,46.400000000000006,3,0.001900267178941061,0.04359205408031446,3.2160214073102167,
64,100,3,22.5,22.5,3.0,1e-08,25,0.60,0.45,True,0.2,3,5.839421427182257e-06,0.0024164894841861525,31.52686749605061,
65,100,3,22.5,22.5,3.0,1e-08,25,0.60,0.58,True,0.2,3,5.995633793217613e-06,0.00244859833235621,31.520115308868224,
66,100,3,22.5,22.5,3.0,1e-08,50,center,center,True,0.2,3,6.00358106662145e-06,0.0024502206159081777,31.519916854799497,
67,100,3,22.5,22.5,3.0,1e-08,50,0.35,0.45,True,0.2,3,6.0055270853217635e-06,0.0024506176946479767,31.519867743775357,
68,100,3,22.5,22.5,3.0,1e-08,50,0.45,0.55,True,0.2,3,6.005524684446782e-06,0.002450617204796943,31.519867800556014,
69,100,3,22.5,22.5,3.0,1e-08,50,0.60,0.45,True,0.2,3,5.839421427182257e-06,0.0024164894841861525,31.52686749605061,
70,100,3,22.5,22.5,3.0,1e-08,50,0.60,0.58,True,0.2,3,5.995633793217613e-06,0.00244859833235621,31.520115308868224,
71,100,3,22.5,22.5,3.0,1e-08,80,center,center,True,0.2,3,6.00358106662145e-06,0.0024502206159081777,31.519916854799497,
72,100,3,22.5,22.5,3.0,1e-08,80,0.35,0.45,True,0.2,3,6.0055270853217635e-06,0.0024506176946479767,31.519867743775357,
74,100,3,22.5,22.5,3.0,1e-08,80,0.60,0.45,True,0.2,3,5.839421427182257e-06,0.0024164894841861525,31.52686749605061,
75,100,3,22.5,22.5,3.0,1e-08,80,0.60,0.58,True,0.2,3,5.995633793217613e-06,0.00244859833235621,31.520115308868224,
73,100,3,22.5,22.5,3.0,1e-08,80,0.45,0.55,True,0.2,3,6.005524684446782e-06,0.002450617204796943,31.519867800556014,
76,100,3,22.5,22.5,3.0,1e-08,120,center,center,True,0.2,3,6.00358106662145e-06,0.0024502206159081777,31.519916854799497,
77,100,3,22.5,22.5,3.0,1e-08,120,0.35,0.45,True,0.2,3,6.0055270853217635e-06,0.0024506176946479767,31.519867743775357,
78,100,3,22.5,22.5,3.0,1e-08,120,0.45,0.55,True,0.2,3,6.005524684446782e-06,0.002450617204796943,31.519867800556014,
79,100,3,22.5,22.5,3.0,1e-08,120,0.60,0.45,True,0.2,3,5.839421427182257e-06,0.0024164894841861525,31.52686749605061,
80,100,3,22.5,22.5,3.0,1e-08,120,0.60,0.58,True,0.2,3,5.995633793217613e-06,0.00244859833235621,31.520115308868224,
53,100,3,22.5,22.5,1.0,1e-06,80,0.45,0.55,True,45.6,3,0.00199216509328605,0.04463367667228468,2.5417178675024212,
57,100,3,22.5,22.5,1.0,1e-06,120,0.35,0.45,True,39.300000000000004,3,0.0016646971090181842,0.04080069985941644,1.124923148167171,
56,100,3,22.5,22.5,1.0,1e-06,120,center,center,True,45.1,3,0.00261004011819307,0.05108855173317277,2.3262520068508596,
54,100,3,22.5,22.5,1.0,1e-06,80,0.60,0.45,True,45.7,3,0.0016150682458735352,0.040187911688386285,2.989175328912939,
55,100,3,22.5,22.5,1.0,1e-06,80,0.60,0.58,True,42.6,3,0.0007284339606160898,0.026989515753642,0.9925240978235615,
60,100,3,22.5,22.5,1.0,1e-06,120,0.60,0.58,True,42.6,3,0.0007284339606160898,0.026989515753642,0.9925240978235615,
58,100,3,22.5,22.5,1.0,1e-06,120,0.45,0.55,True,45.6,3,0.00199216509328605,0.04463367667228468,2.5417178675024212,
59,100,3,22.5,22.5,1.0,1e-06,120,0.60,0.45,True,45.7,3,0.0016150682458735352,0.040187911688386285,2.989175328912939,
24,100,3,22.5,22.5,1.0,1e-07,25,0.60,0.45,True,157.60000000000002,3,1.9608837527566416e-05,0.004428186708751836,29.771484899365472,
22,100,3,22.5,22.5,1.0,1e-07,25,0.35,0.45,True,190.60000000000002,3,1.8154472911467923e-05,0.004260806603387195,30.320137063779526,
26,100,3,22.5,22.5,1.0,1e-07,50,center,center,True,221.9,3,1.8149297940201443e-05,0.004260199284094753,30.320391764404967,
84,100,3,22.5,22.5,3.0,1e-07,25,0.60,0.45,True,221.5,3,1.8694901676348604e-05,0.0043237601316849904,30.063687625952348,
37,100,3,22.5,22.5,1.0,1e-07,120,0.35,0.45,True,283.5,3,1.8154472911467923e-05,0.004260806603387195,30.320137063779526,
32,100,3,22.5,22.5,1.0,1e-07,80,0.35,0.45,True,283.5,3,1.8154472911467923e-05,0.004260806603387195,30.320137063779526,
28,100,3,22.5,22.5,1.0,1e-07,50,0.45,0.55,True,299.6,3,1.8154586829481048e-05,0.004260819971493873,30.32013734622858,
86,100,3,22.5,22.5,3.0,1e-07,50,center,center,True,221.9,3,1.8149282150188103e-05,0.004260197430893092,30.32039176433876,
25,100,3,22.5,22.5,1.0,1e-07,25,0.60,0.58,True,302.2,3,1.8120821409447804e-05,0.0042568558126213065,30.3214401207646,
21,100,3,22.5,22.5,1.0,1e-07,25,center,center,True,326.0,3,1.8149297940201443e-05,0.004260199284094753,30.320391764404967,
35,100,3,22.5,22.5,1.0,1e-07,80,0.60,0.58,True,363.3,3,1.8120821409447804e-05,0.0042568558126213065,30.3214401207646,
23,100,3,22.5,22.5,1.0,1e-07,25,0.45,0.55,True,318.1,3,1.8154586829481048e-05,0.004260819971493873,30.32013734622858,
40,100,3,22.5,22.5,1.0,1e-07,120,0.60,0.58,True,363.3,3,1.8120821409447804e-05,0.0042568558126213065,30.3214401207646,
82,100,3,22.5,22.5,3.0,1e-07,25,0.35,0.45,True,304.6,3,1.9251811796467185e-05,0.004387688662207835,30.02021228759572,
102,100,3,22.5,22.5,3.0,1e-06,25,0.35,0.45,True,39.6,3,0.0015881481143325863,0.03985157605832656,1.1453611610011551,
101,100,3,22.5,22.5,3.0,1e-06,25,center,center,True,46.0,3,0.00289057487076913,0.05376406672461757,2.5488626750930723,
88,100,3,22.5,22.5,3.0,1e-07,50,0.45,0.55,True,299.6,3,1.8154451116781323e-05,0.00426080404580888,30.320137345061163,
103,100,3,22.5,22.5,3.0,1e-06,25,0.45,0.55,True,46.800000000000004,3,0.000589977459831554,0.024289451616525928,0.7587573594948075,
33,100,3,22.5,22.5,1.0,1e-07,80,0.45,0.55,True,415.1,3,1.8154586829481048e-05,0.004260819971493873,30.32013734622858,
38,100,3,22.5,22.5,1.0,1e-07,120,0.45,0.55,True,415.1,3,1.8154586829481048e-05,0.004260819971493873,30.32013734622858,
104,100,3,22.5,22.5,3.0,1e-06,25,0.60,0.45,True,46.7,3,0.001596144583401226,0.03995177822577146,2.7308600371563343,
87,100,3,22.5,22.5,3.0,1e-07,50,0.35,0.45,True,317.5,3,1.9251811796467185e-05,0.004387688662207835,30.02021228759572,
85,100,3,22.5,22.5,3.0,1e-07,25,0.60,0.58,True,302.3,3,1.8120887668202373e-05,0.004256863595207436,30.32144012194245,
105,100,3,22.5,22.5,3.0,1e-06,25,0.60,0.58,True,43.2,3,0.0021743741083295152,0.046630184519573965,3.3468647142636576,
89,100,3,22.5,22.5,3.0,1e-07,50,0.60,0.45,True,324.20000000000005,3,1.8694901676348604e-05,0.0043237601316849904,30.063687625952348,
30,100,3,22.5,22.5,1.0,1e-07,50,0.60,0.58,True,399.20000000000005,3,1.8120821409447804e-05,0.0042568558126213065,30.3214401207646,
106,100,3,22.5,22.5,3.0,1e-06,50,center,center,True,43.5,3,0.0011030411946350589,0.03321206399239678,3.1161112045352604,
107,100,3,22.5,22.5,3.0,1e-06,50,0.35,0.45,True,38.5,3,0.001500457181297965,0.038735735197591964,0.7232673447454379,
109,100,3,22.5,22.5,3.0,1e-06,50,0.60,0.45,True,36.6,3,0.0026414055615856494,0.05139460634721944,1.9739258899376948,
121,100,3,22.5,22.5,5.0,1e-08,25,center,center,True,0.2,3,6.00358106662145e-06,0.0024502206159081777,31.519916854799497,
122,100,3,22.5,22.5,5.0,1e-08,25,0.35,0.45,True,0.2,3,6.0055270853217635e-06,0.0024506176946479767,31.519867743775357,
123,100,3,22.5,22.5,5.0,1e-08,25,0.45,0.55,True,0.2,3,6.005524684446782e-06,0.002450617204796943,31.519867800556014,
124,100,3,22.5,22.5,5.0,1e-08,25,0.60,0.45,True,0.2,3,5.839421427182257e-06,0.0024164894841861525,31.52686749605061,
125,100,3,22.5,22.5,5.0,1e-08,25,0.60,0.58,True,0.2,3,5.995633793217613e-06,0.00244859833235621,31.520115308868224,
108,100,3,22.5,22.5,3.0,1e-06,50,0.45,0.55,True,46.5,3,0.002028508192512151,0.045038963048810866,2.7900805030968865,
126,100,3,22.5,22.5,5.0,1e-08,50,center,center,True,0.2,3,6.00358106662145e-06,0.0024502206159081777,31.519916854799497,
31,100,3,22.5,22.5,1.0,1e-07,80,center,center,True,429.0,3,1.8149297940201443e-05,0.004260199284094753,30.320391764404967,
127,100,3,22.5,22.5,5.0,1e-08,50,0.35,0.45,True,0.2,3,6.0055270853217635e-06,0.0024506176946479767,31.519867743775357,
128,100,3,22.5,22.5,5.0,1e-08,50,0.45,0.55,True,0.2,3,6.005524684446782e-06,0.002450617204796943,31.519867800556014,
129,100,3,22.5,22.5,5.0,1e-08,50,0.60,0.45,True,0.2,3,5.839421427182257e-06,0.0024164894841861525,31.52686749605061,
130,100,3,22.5,22.5,5.0,1e-08,50,0.60,0.58,True,0.2,3,5.995633793217613e-06,0.00244859833235621,31.520115308868224,
131,100,3,22.5,22.5,5.0,1e-08,80,center,center,True,0.2,3,6.00358106662145e-06,0.0024502206159081777,31.519916854799497,
132,100,3,22.5,22.5,5.0,1e-08,80,0.35,0.45,True,0.2,3,6.0055270853217635e-06,0.0024506176946479767,31.519867743775357,
133,100,3,22.5,22.5,5.0,1e-08,80,0.45,0.55,True,0.2,3,6.005524684446782e-06,0.002450617204796943,31.519867800556014,
134,100,3,22.5,22.5,5.0,1e-08,80,0.60,0.45,True,0.2,3,5.839421427182257e-06,0.0024164894841861525,31.52686749605061,
135,100,3,22.5,22.5,5.0,1e-08,80,0.60,0.58,True,0.2,3,5.995633793217613e-06,0.00244859833235621,31.520115308868224,
136,100,3,22.5,22.5,5.0,1e-08,120,center,center,True,0.2,3,6.00358106662145e-06,0.0024502206159081777,31.519916854799497,
138,100,3,22.5,22.5,5.0,1e-08,120,0.45,0.55,True,0.2,3,6.005524684446782e-06,0.002450617204796943,31.519867800556014,
137,100,3,22.5,22.5,5.0,1e-08,120,0.35,0.45,True,0.2,3,6.0055270853217635e-06,0.0024506176946479767,31.519867743775357,
139,100,3,22.5,22.5,5.0,1e-08,120,0.60,0.45,True,0.2,3,5.839421427182257e-06,0.0024164894841861525,31.52686749605061,
140,100,3,22.5,22.5,5.0,1e-08,120,0.60,0.58,True,0.2,3,5.995633793217613e-06,0.00244859833235621,31.520115308868224,
36,100,3,22.5,22.5,1.0,1e-07,120,center,center,True,429.0,3,1.8149297940201443e-05,0.004260199284094753,30.320391764404967,
111,100,3,22.5,22.5,3.0,1e-06,80,center,center,True,44.2,3,0.002023342232652583,0.04498157659145111,3.2409091870496987,
112,100,3,22.5,22.5,3.0,1e-06,80,0.35,0.45,True,38.7,3,0.0015647208537441545,0.03955655260186553,0.9721600899499727,
110,100,3,22.5,22.5,3.0,1e-06,50,0.60,0.58,True,43.6,3,0.0025391695140752125,0.05039017279267072,0.8812443164766675,
114,100,3,22.5,22.5,3.0,1e-06,80,0.60,0.45,True,37.6,3,0.00265542808703644,0.05153084597633189,2.049145232844402,
115,100,3,22.5,22.5,3.0,1e-06,80,0.60,0.58,True,42.6,3,0.0015967045884822347,0.03995878612373297,0.7815487448712614,
113,100,3,22.5,22.5,3.0,1e-06,80,0.45,0.55,True,45.800000000000004,3,0.002033903659705247,0.04509882104562432,3.067351917648575,
117,100,3,22.5,22.5,3.0,1e-06,120,0.35,0.45,True,38.7,3,0.0015647208537441545,0.03955655260186553,0.9721600899499727,
116,100,3,22.5,22.5,3.0,1e-06,120,center,center,True,44.2,3,0.002023342232652583,0.04498157659145111,3.2409091870496987,
119,100,3,22.5,22.5,3.0,1e-06,120,0.60,0.45,True,37.6,3,0.00265542808703644,0.05153084597633189,2.049145232844402,
39,100,3,22.5,22.5,1.0,1e-07,120,0.60,0.45,True,421.3,3,1.9608837527566416e-05,0.004428186708751836,29.771484899365472,
118,100,3,22.5,22.5,3.0,1e-06,120,0.45,0.55,True,45.800000000000004,3,0.002033903659705247,0.04509882104562432,3.067351917648575,
120,100,3,22.5,22.5,3.0,1e-06,120,0.60,0.58,True,42.6,3,0.0015967045884822347,0.03995878612373297,0.7815487448712614,
34,100,3,22.5,22.5,1.0,1e-07,80,0.60,0.45,True,421.3,3,1.9608837527566416e-05,0.004428186708751836,29.771484899365472,
90,100,3,22.5,22.5,3.0,1e-07,50,0.60,0.58,True,399.20000000000005,3,1.8120887668202373e-05,0.004256863595207436,30.32144012194245,
81,100,3,22.5,22.5,3.0,1e-07,25,center,center,True,428.3,3,1.8149282150188103e-05,0.004260197430893092,30.32039176433876,
94,100,3,22.5,22.5,3.0,1e-07,80,0.60,0.45,True,317.0,3,1.8694901676348604e-05,0.0043237601316849904,30.063687625952348,
91,100,3,22.5,22.5,3.0,1e-07,80,center,center,True,427.5,3,1.8149282150188103e-05,0.004260197430893092,30.32039176433876,
161,100,3,22.5,22.5,5.0,1e-06,25,center,center,True,47.0,3,0.0015196418295429545,0.03898258366941517,3.6845083115393242,
93,100,3,22.5,22.5,3.0,1e-07,80,0.45,0.55,True,415.1,3,1.8154451116781323e-05,0.00426080404580888,30.320137345061163,
95,100,3,22.5,22.5,3.0,1e-07,80,0.60,0.58,True,363.40000000000003,3,1.8120887668202373e-05,0.004256863595207436,30.32144012194245,
162,100,3,22.5,22.5,5.0,1e-06,25,0.35,0.45,True,38.900000000000006,3,0.0016661883216962433,0.040818970120475154,1.0961698215016538,
99,100,3,22.5,22.5,3.0,1e-07,120,0.60,0.45,True,317.0,3,1.8694901676348604e-05,0.0043237601316849904,30.063687625952348,
163,100,3,22.5,22.5,5.0,1e-06,25,0.45,0.55,True,47.300000000000004,3,0.0024313115028860343,0.04930833096836714,1.691578787258246,
164,100,3,22.5,22.5,5.0,1e-06,25,0.60,0.45,True,45.1,3,0.0007171847992877683,0.026780306183607543,2.2003996241224475,
165,100,3,22.5,22.5,5.0,1e-06,25,0.60,0.58,True,42.5,3,0.0016290996605309112,0.040362106740492516,2.9535263829988323,
166,100,3,22.5,22.5,5.0,1e-06,50,center,center,True,45.0,3,0.0008755517852501247,0.029589724318589465,4.38243138035477,
83,100,3,22.5,22.5,3.0,1e-07,25,0.45,0.55,True,570.2,3,1.8154451116781323e-05,0.00426080404580888,30.320137345061163,
100,100,3,22.5,22.5,3.0,1e-07,120,0.60,0.58,True,363.40000000000003,3,1.8120887668202373e-05,0.004256863595207436,30.32144012194245,
167,100,3,22.5,22.5,5.0,1e-06,50,0.35,0.45,True,38.6,3,0.0025244722567453574,0.050244126589536385,0.642040404552631,
146,100,3,22.5,22.5,5.0,1e-07,50,center,center,True,221.9,3,1.8149216632992644e-05,0.004260189741430849,30.320391763886345,
144,100,3,22.5,22.5,5.0,1e-07,25,0.60,0.45,True,221.4,3,1.8696697463759556e-05,0.004323967791711631,30.063688015476455,
168,100,3,22.5,22.5,5.0,1e-06,50,0.45,0.55,True,47.6,3,0.0019135781159529495,0.043744463832043355,3.9238426229257133,
92,100,3,22.5,22.5,3.0,1e-07,80,0.35,0.45,True,586.1,3,1.9251811796467185e-05,0.004387688662207835,30.02021228759572,
169,100,3,22.5,22.5,5.0,1e-06,50,0.60,0.45,True,45.300000000000004,3,0.0018404585938560107,0.042900566358219684,3.041866362089205,
172,100,3,22.5,22.5,5.0,1e-06,80,0.35,0.45,True,38.5,3,0.0015053306398057336,0.038798590693551405,1.0490532216098514,
170,100,3,22.5,22.5,5.0,1e-06,50,0.60,0.58,True,44.2,3,0.0005491447281503282,0.023433837247670904,0.6530305686103794,
98,100,3,22.5,22.5,3.0,1e-07,120,0.45,0.55,True,415.1,3,1.8154451116781323e-05,0.00426080404580888,30.320137345061163,
171,100,3,22.5,22.5,5.0,1e-06,80,center,center,True,44.800000000000004,3,0.0007555230210137376,0.027486779022172416,4.553264456945855,
174,100,3,22.5,22.5,5.0,1e-06,80,0.60,0.45,True,44.7,3,0.0018519001521904264,0.04303370948675499,2.2015102604784365,
175,100,3,22.5,22.5,5.0,1e-06,80,0.60,0.58,True,42.7,3,0.0016206764991736893,0.040257626596381574,0.7278206827982163,
96,100,3,22.5,22.5,3.0,1e-07,120,center,center,True,427.5,3,1.8149282150188103e-05,0.004260197430893092,30.32039176433876,
173,100,3,22.5,22.5,5.0,1e-06,80,0.45,0.55,True,46.800000000000004,3,0.0020879966550065468,0.045694602033572264,4.058536627784318,
177,100,3,22.5,22.5,5.0,1e-06,120,0.35,0.45,True,38.5,3,0.0015053306398057336,0.038798590693551405,1.0490532216098514,
176,100,3,22.5,22.5,5.0,1e-06,120,center,center,True,44.800000000000004,3,0.0007555230210137376,0.027486779022172416,4.553264456945855,
178,100,3,22.5,22.5,5.0,1e-06,120,0.45,0.55,True,46.800000000000004,3,0.0020879966550065468,0.045694602033572264,4.058536627784318,
180,100,3,22.5,22.5,5.0,1e-06,120,0.60,0.58,True,42.7,3,0.0016206764991736893,0.040257626596381574,0.7278206827982163,
179,100,3,22.5,22.5,5.0,1e-06,120,0.60,0.45,True,44.7,3,0.0018519001521904264,0.04303370948675499,2.2015102604784365,
147,100,3,22.5,22.5,5.0,1e-07,50,0.35,0.45,True,317.5,3,1.9251513555466134e-05,0.004387654675959143,30.020212284628865,
145,100,3,22.5,22.5,5.0,1e-07,25,0.60,0.58,True,302.40000000000003,3,1.812089034097263e-05,0.004256863909143987,30.32144012205878,
181,100,3,45.0,45.0,1.0,1e-08,25,center,center,True,55.800000000000004,3,0.0,0.0,0.0,
154,100,3,22.5,22.5,5.0,1e-07,80,0.60,0.45,True,316.90000000000003,3,1.8696697463759556e-05,0.004323967791711631,30.063688015476455,
182,100,3,45.0,45.0,1.0,1e-08,25,0.35,0.45,True,52.2,3,0.0,0.0,0.0,
183,100,3,45.0,45.0,1.0,1e-08,25,0.45,0.55,True,52.800000000000004,3,0.0,0.0,0.0,
148,100,3,22.5,22.5,5.0,1e-07,50,0.45,0.55,True,317.0,3,1.9251611912941388e-05,0.004387665884378776,30.02021261574095,
143,100,3,22.5,22.5,5.0,1e-07,25,0.45,0.55,True,314.0,3,1.9251611912941388e-05,0.004387665884378776,30.02021261574095,
142,100,3,22.5,22.5,5.0,1e-07,25,0.35,0.45,True,307.0,3,1.9251513555466134e-05,0.004387654675959143,30.020212284628865,
184,100,3,45.0,45.0,1.0,1e-08,25,0.60,0.45,True,51.400000000000006,3,0.0,0.0,0.0,
186,100,3,45.0,45.0,1.0,1e-08,50,center,center,True,56.0,3,0.0,0.0,0.0,
185,100,3,45.0,45.0,1.0,1e-08,25,0.60,0.58,True,51.6,3,0.0,0.0,0.0,
187,100,3,45.0,45.0,1.0,1e-08,50,0.35,0.45,True,52.300000000000004,3,0.0,0.0,0.0,
149,100,3,22.5,22.5,5.0,1e-07,50,0.60,0.45,True,324.1,3,1.8696697463759556e-05,0.004323967791711631,30.063688015476455,
188,100,3,45.0,45.0,1.0,1e-08,50,0.45,0.55,True,52.300000000000004,3,0.0,0.0,0.0,
189,100,3,45.0,45.0,1.0,1e-08,50,0.60,0.45,True,51.6,3,0.0,0.0,0.0,
190,100,3,45.0,45.0,1.0,1e-08,50,0.60,0.58,True,52.5,3,0.0,0.0,0.0,
191,100,3,45.0,45.0,1.0,1e-08,80,center,center,True,54.900000000000006,3,0.0,0.0,0.0,
155,100,3,22.5,22.5,5.0,1e-07,80,0.60,0.58,True,363.70000000000005,3,1.812089034097263e-05,0.004256863909143987,30.32144012205878,
194,100,3,45.0,45.0,1.0,1e-08,80,0.60,0.45,True,52.0,3,0.0,0.0,0.0,
192,100,3,45.0,45.0,1.0,1e-08,80,0.35,0.45,True,52.6,3,0.0,0.0,0.0,
193,100,3,45.0,45.0,1.0,1e-08,80,0.45,0.55,True,52.2,3,0.0,0.0,0.0,
195,100,3,45.0,45.0,1.0,1e-08,80,0.60,0.58,True,52.300000000000004,3,0.0,0.0,0.0,
197,100,3,45.0,45.0,1.0,1e-08,120,0.35,0.45,True,52.6,3,0.0,0.0,0.0,
198,100,3,45.0,45.0,1.0,1e-08,120,0.45,0.55,True,52.2,3,0.0,0.0,0.0,
159,100,3,22.5,22.5,5.0,1e-07,120,0.60,0.45,True,316.90000000000003,3,1.8696697463759556e-05,0.004323967791711631,30.063688015476455,
196,100,3,45.0,45.0,1.0,1e-08,120,center,center,True,54.900000000000006,3,0.0,0.0,0.0,
199,100,3,45.0,45.0,1.0,1e-08,120,0.60,0.45,True,52.0,3,0.0,0.0,0.0,
200,100,3,45.0,45.0,1.0,1e-08,120,0.60,0.58,True,52.300000000000004,3,0.0,0.0,0.0,
202,100,3,45.0,45.0,1.0,1e-07,25,0.35,0.45,True,75.7,3,0.0,0.0,0.0,
204,100,3,45.0,45.0,1.0,1e-07,25,0.60,0.45,True,75.10000000000001,3,0.0006134190258830314,0.024767297508671217,0.11836248087349718,
203,100,3,45.0,45.0,1.0,1e-07,25,0.45,0.55,True,79.4,3,0.0003186602005764213,0.017851056007318483,0.1963405042062014,
201,100,3,45.0,45.0,1.0,1e-07,25,center,center,True,83.60000000000001,3,0.0003017239042900889,0.017370201619154823,0.1115723650001924,
205,100,3,45.0,45.0,1.0,1e-07,25,0.60,0.58,True,73.8,3,0.0003179376351937999,0.01783080579204989,0.10099625862866017,
160,100,3,22.5,22.5,5.0,1e-07,120,0.60,0.58,True,363.70000000000005,3,1.812089034097263e-05,0.004256863909143987,30.32144012205878,
150,100,3,22.5,22.5,5.0,1e-07,50,0.60,0.58,True,399.3,3,1.812089034097263e-05,0.004256863909143987,30.32144012205878,
97,100,3,22.5,22.5,3.0,1e-07,120,0.35,0.45,True,586.1,3,1.9251811796467185e-05,0.004387688662207835,30.02021228759572,
207,100,3,45.0,45.0,1.0,1e-07,50,0.35,0.45,True,79.4,3,0.0,0.0,0.0,
206,100,3,45.0,45.0,1.0,1e-07,50,center,center,True,85.7,3,0.00035251624673033515,0.018775416020166774,0.10106405392548475,
208,100,3,45.0,45.0,1.0,1e-07,50,0.45,0.55,True,75.10000000000001,3,0.0003020617149427231,0.017379922754221986,0.19623532972497626,
209,100,3,45.0,45.0,1.0,1e-07,50,0.60,0.45,True,80.30000000000001,3,0.0011362404098273194,0.033708165328705145,0.4130216345662706,
210,100,3,45.0,45.0,1.0,1e-07,50,0.60,0.58,True,80.10000000000001,3,0.0009306036462841721,0.03050579692917679,0.1931993072667199,
213,100,3,45.0,45.0,1.0,1e-07,80,0.45,0.55,True,75.10000000000001,3,0.0003020617149427231,0.017379922754221986,0.19623532972497626,
212,100,3,45.0,45.0,1.0,1e-07,80,0.35,0.45,True,79.4,3,0.0,0.0,0.0,
214,100,3,45.0,45.0,1.0,1e-07,80,0.60,0.45,True,80.30000000000001,3,0.0011362404098273194,0.033708165328705145,0.4130216345662706,
215,100,3,45.0,45.0,1.0,1e-07,80,0.60,0.58,True,80.10000000000001,3,0.0009306036462841721,0.03050579692917679,0.1931993072667199,
218,100,3,45.0,45.0,1.0,1e-07,120,0.45,0.55,True,75.10000000000001,3,0.0003020617149427231,0.017379922754221986,0.19623532972497626,
217,100,3,45.0,45.0,1.0,1e-07,120,0.35,0.45,True,79.4,3,0.0,0.0,0.0,
211,100,3,45.0,45.0,1.0,1e-07,80,center,center,True,86.0,3,0.00035251624673033515,0.018775416020166774,0.10106405392548475,
222,100,3,45.0,45.0,1.0,1e-06,25,0.35,0.45,True,47.800000000000004,3,nan,nan,0.3154416709193296,
221,100,3,45.0,45.0,1.0,1e-06,25,center,center,True,51.300000000000004,3,nan,nan,0.32141510749392305,
219,100,3,45.0,45.0,1.0,1e-07,120,0.60,0.45,True,80.30000000000001,3,0.0011362404098273194,0.033708165328705145,0.4130216345662706,
223,100,3,45.0,45.0,1.0,1e-06,25,0.45,0.55,True,49.6,3,nan,nan,0.0864839415099447,
224,100,3,45.0,45.0,1.0,1e-06,25,0.60,0.45,True,51.0,3,0.0008579208782160555,0.029290286414032477,0.2974431400090264,
220,100,3,45.0,45.0,1.0,1e-07,120,0.60,0.58,True,80.10000000000001,3,0.0009306036462841721,0.03050579692917679,0.1931993072667199,
216,100,3,45.0,45.0,1.0,1e-07,120,center,center,True,86.0,3,0.00035251624673033515,0.018775416020166774,0.10106405392548475,
227,100,3,45.0,45.0,1.0,1e-06,50,0.35,0.45,True,48.400000000000006,3,nan,nan,0.02445378970454128,
225,100,3,45.0,45.0,1.0,1e-06,25,0.60,0.58,True,50.2,3,nan,nan,0.014060426374500043,
226,100,3,45.0,45.0,1.0,1e-06,50,center,center,True,50.6,3,nan,nan,0.2948173764577892,
29,100,3,22.5,22.5,1.0,1e-07,50,0.60,0.45,False,900.0,2,1.9608837527566416e-05,0.004428186708751836,29.771484899365472,vittima non trovata entro 15 minuti
229,100,3,45.0,45.0,1.0,1e-06,50,0.60,0.45,True,51.300000000000004,3,0.000568986416691471,0.023853436161095764,0.2987235012627579,
228,100,3,45.0,45.0,1.0,1e-06,50,0.45,0.55,True,49.7,3,nan,nan,0.32498749742736405,
230,100,3,45.0,45.0,1.0,1e-06,50,0.60,0.58,True,49.0,3,nan,nan,0.2984734288617581,
232,100,3,45.0,45.0,1.0,1e-06,80,0.35,0.45,True,47.900000000000006,3,nan,nan,0.02120035760315816,
27,100,3,22.5,22.5,1.0,1e-07,50,0.35,0.45,False,900.0,2,1.8154472911467923e-05,0.004260806603387195,30.320137063779526,vittima non trovata entro 15 minuti
233,100,3,45.0,45.0,1.0,1e-06,80,0.45,0.55,True,50.1,3,nan,nan,0.05479935937015422,
235,100,3,45.0,45.0,1.0,1e-06,80,0.60,0.58,True,49.0,3,nan,nan,0.00893273992393763,
234,100,3,45.0,45.0,1.0,1e-06,80,0.60,0.45,True,50.800000000000004,3,0.0006200354462717673,0.02490051096406994,0.16136029242020133,
231,100,3,45.0,45.0,1.0,1e-06,80,center,center,True,67.9,3,nan,nan,0.29669391981134885,
237,100,3,45.0,45.0,1.0,1e-06,120,0.35,0.45,True,48.1,3,nan,nan,0.10272263708544897,
240,100,3,45.0,45.0,1.0,1e-06,120,0.60,0.58,True,49.1,3,nan,nan,0.013399011620936313,
236,100,3,45.0,45.0,1.0,1e-06,120,center,center,True,52.2,3,nan,nan,0.301531561580575,
238,100,3,45.0,45.0,1.0,1e-06,120,0.45,0.55,True,50.300000000000004,3,nan,nan,0.0533161184504385,
239,100,3,45.0,45.0,1.0,1e-06,120,0.60,0.45,True,51.5,3,0.0005999840078770304,0.02449457098781341,0.2773911180383886,
243,100,3,45.0,45.0,3.0,1e-08,25,0.45,0.55,True,52.800000000000004,3,0.0,0.0,0.0,
244,100,3,45.0,45.0,3.0,1e-08,25,0.60,0.45,True,51.7,3,0.0,0.0,0.0,
247,100,3,45.0,45.0,3.0,1e-08,50,0.35,0.45,True,52.300000000000004,3,0.0,0.0,0.0,
242,100,3,45.0,45.0,3.0,1e-08,25,0.35,0.45,True,52.2,3,0.0,0.0,0.0,
241,100,3,45.0,45.0,3.0,1e-08,25,center,center,True,55.6,3,0.0,0.0,0.0,
246,100,3,45.0,45.0,3.0,1e-08,50,center,center,True,55.800000000000004,3,0.0,0.0,0.0,
249,100,3,45.0,45.0,3.0,1e-08,50,0.60,0.45,True,52.900000000000006,3,0.0,0.0,0.0,
248,100,3,45.0,45.0,3.0,1e-08,50,0.45,0.55,True,52.300000000000004,3,0.0,0.0,0.0,
245,100,3,45.0,45.0,3.0,1e-08,25,0.60,0.58,True,51.6,3,0.0,0.0,0.0,
250,100,3,45.0,45.0,3.0,1e-08,50,0.60,0.58,True,52.5,3,0.0,0.0,0.0,
253,100,3,45.0,45.0,3.0,1e-08,80,0.45,0.55,True,52.1,3,0.0,0.0,0.0,
254,100,3,45.0,45.0,3.0,1e-08,80,0.60,0.45,True,52.7,3,0.0,0.0,0.0,
252,100,3,45.0,45.0,3.0,1e-08,80,0.35,0.45,True,52.6,3,0.0,0.0,0.0,
251,100,3,45.0,45.0,3.0,1e-08,80,center,center,True,54.7,3,0.0,0.0,0.0,
255,100,3,45.0,45.0,3.0,1e-08,80,0.60,0.58,True,52.300000000000004,3,0.0,0.0,0.0,
256,100,3,45.0,45.0,3.0,1e-08,120,center,center,True,54.7,3,0.0,0.0,0.0,
257,100,3,45.0,45.0,3.0,1e-08,120,0.35,0.45,True,52.6,3,0.0,0.0,0.0,
258,100,3,45.0,45.0,3.0,1e-08,120,0.45,0.55,True,52.1,3,0.0,0.0,0.0,
259,100,3,45.0,45.0,3.0,1e-08,120,0.60,0.45,True,52.7,3,0.0,0.0,0.0,
260,100,3,45.0,45.0,3.0,1e-08,120,0.60,0.58,True,52.300000000000004,3,0.0,0.0,0.0,
262,100,3,45.0,45.0,3.0,1e-07,25,0.35,0.45,True,75.7,3,0.0005581498936858695,0.023625196161849524,0.1959925846856012,
264,100,3,45.0,45.0,3.0,1e-07,25,0.60,0.45,True,75.5,3,0.0004950882919208197,0.02225057958617752,0.7602821644166986,
263,100,3,45.0,45.0,3.0,1e-07,25,0.45,0.55,True,78.10000000000001,3,0.0003200072450722782,0.017888746324778552,0.11251077246991047,
281,100,3,45.0,45.0,3.0,1e-06,25,center,center,True,50.400000000000006,3,nan,nan,0.4323992289761886,
261,100,3,45.0,45.0,3.0,1e-07,25,center,center,True,85.7,3,0.00030518182025031083,0.017469453919636724,0.4200574386832648,
265,100,3,45.0,45.0,3.0,1e-07,25,0.60,0.58,True,83.10000000000001,3,0.0007305973592431313,0.027029564540390422,0.29594008392782584,
282,100,3,45.0,45.0,3.0,1e-06,25,0.35,0.45,True,47.800000000000004,3,nan,nan,0.3030452185765872,
283,100,3,45.0,45.0,3.0,1e-06,25,0.45,0.55,True,49.6,3,nan,nan,0.16134495812646718,
152,100,3,22.5,22.5,5.0,1e-07,80,0.35,0.45,True,586.2,3,1.9251513555466134e-05,0.004387654675959143,30.020212284628865,
284,100,3,45.0,45.0,3.0,1e-06,25,0.60,0.45,True,51.7,3,0.0008777871630580824,0.029627473112941685,0.30245555152265857,
270,100,3,45.0,45.0,3.0,1e-07,50,0.60,0.58,True,78.80000000000001,3,0.0008558535139540179,0.029254974174557358,0.021991734238151033,
267,100,3,45.0,45.0,3.0,1e-07,50,0.35,0.45,True,79.30000000000001,3,0.0008174572281678754,0.028591208931555787,0.09802346424261972,
268,100,3,45.0,45.0,3.0,1e-07,50,0.45,0.55,True,75.3,3,0.00030173496982741034,0.01737052013692769,0.13956215819285256,
273,100,3,45.0,45.0,3.0,1e-07,80,0.45,0.55,True,75.3,3,0.00030173496982741034,0.01737052013692769,0.13956215819285256,
266,100,3,45.0,45.0,3.0,1e-07,50,center,center,True,80.2,3,0.00010753929527498937,0.010370115489954264,0.2251791031495947,
271,100,3,45.0,45.0,3.0,1e-07,80,center,center,True,80.2,3,0.00010753929527498937,0.010370115489954264,0.2251791031495947,
269,100,3,45.0,45.0,3.0,1e-07,50,0.60,0.45,True,80.60000000000001,3,0.0005875221893769749,0.024238857014656754,0.5609374475010697,
272,100,3,45.0,45.0,3.0,1e-07,80,0.35,0.45,True,79.30000000000001,3,0.0008174572281678754,0.028591208931555787,0.09802346424261972,
285,100,3,45.0,45.0,3.0,1e-06,25,0.60,0.58,True,50.5,3,nan,nan,0.01318106223400414,
275,100,3,45.0,45.0,3.0,1e-07,80,0.60,0.58,True,78.80000000000001,3,0.0008558535139540179,0.029254974174557358,0.021991734238151033,
278,100,3,45.0,45.0,3.0,1e-07,120,0.45,0.55,True,75.3,3,0.00030173496982741034,0.01737052013692769,0.13956215819285256,
276,100,3,45.0,45.0,3.0,1e-07,120,center,center,True,80.2,3,0.00010753929527498937,0.010370115489954264,0.2251791031495947,
153,100,3,22.5,22.5,5.0,1e-07,80,0.45,0.55,True,612.6,3,1.9251611912941388e-05,0.004387665884378776,30.02021261574095,
274,100,3,45.0,45.0,3.0,1e-07,80,0.60,0.45,True,80.60000000000001,3,0.0005875221893769749,0.024238857014656754,0.5609374475010697,
277,100,3,45.0,45.0,3.0,1e-07,120,0.35,0.45,True,79.30000000000001,3,0.0008174572281678754,0.028591208931555787,0.09802346424261972,
280,100,3,45.0,45.0,3.0,1e-07,120,0.60,0.58,True,78.80000000000001,3,0.0008558535139540179,0.029254974174557358,0.021991734238151033,
279,100,3,45.0,45.0,3.0,1e-07,120,0.60,0.45,True,80.60000000000001,3,0.0005875221893769749,0.024238857014656754,0.5609374475010697,
157,100,3,22.5,22.5,5.0,1e-07,120,0.35,0.45,True,586.2,3,1.9251513555466134e-05,0.004387654675959143,30.020212284628865,
286,100,3,45.0,45.0,3.0,1e-06,50,center,center,True,50.400000000000006,3,nan,nan,0.29080212269073197,
287,100,3,45.0,45.0,3.0,1e-06,50,0.35,0.45,True,48.5,3,nan,nan,0.03824853172766659,
288,100,3,45.0,45.0,3.0,1e-06,50,0.45,0.55,True,49.7,3,nan,nan,0.33745246154424313,
292,100,3,45.0,45.0,3.0,1e-06,80,0.35,0.45,True,48.0,3,nan,nan,0.0038072835358455613,
290,100,3,45.0,45.0,3.0,1e-06,50,0.60,0.58,True,49.400000000000006,3,nan,nan,0.29976439655276377,
289,100,3,45.0,45.0,3.0,1e-06,50,0.60,0.45,True,51.6,3,0.0006543084106027837,0.025579452898816732,0.4814760784100444,
295,100,3,45.0,45.0,3.0,1e-06,80,0.60,0.58,True,49.2,3,nan,nan,0.008885594868373413,
296,100,3,45.0,45.0,3.0,1e-06,120,center,center,True,51.800000000000004,3,nan,nan,0.4282297249058981,
294,100,3,45.0,45.0,3.0,1e-06,80,0.60,0.45,True,51.800000000000004,3,0.0006562522997053419,0.02561742180051189,0.29377987970072883,
293,100,3,45.0,45.0,3.0,1e-06,80,0.45,0.55,True,50.1,3,nan,nan,0.33015011598708427,
297,100,3,45.0,45.0,3.0,1e-06,120,0.35,0.45,True,48.1,3,nan,nan,0.008428660136974835,
298,100,3,45.0,45.0,3.0,1e-06,120,0.45,0.55,True,50.300000000000004,3,nan,nan,0.17591127286941932,
299,100,3,45.0,45.0,3.0,1e-06,120,0.60,0.45,True,51.5,3,0.0017962057088684682,0.042381667131773715,0.43503098324623934,
300,100,3,45.0,45.0,3.0,1e-06,120,0.60,0.58,True,49.400000000000006,3,nan,nan,0.014153950120629323,
291,100,3,45.0,45.0,3.0,1e-06,80,center,center,True,67.5,3,nan,nan,0.45582866928066973,
302,100,3,45.0,45.0,5.0,1e-08,25,0.35,0.45,True,52.2,3,0.0,0.0,0.0,
158,100,3,22.5,22.5,5.0,1e-07,120,0.45,0.55,True,612.6,3,1.9251611912941388e-05,0.004387665884378776,30.02021261574095,
303,100,3,45.0,45.0,5.0,1e-08,25,0.45,0.55,True,52.800000000000004,3,0.0,0.0,0.0,
301,100,3,45.0,45.0,5.0,1e-08,25,center,center,True,55.400000000000006,3,0.0,0.0,0.0,
308,100,3,45.0,45.0,5.0,1e-08,50,0.45,0.55,True,52.300000000000004,3,0.0,0.0,0.0,
304,100,3,45.0,45.0,5.0,1e-08,25,0.60,0.45,True,52.900000000000006,3,0.0,0.0,0.0,
306,100,3,45.0,45.0,5.0,1e-08,50,center,center,True,55.6,3,0.0,0.0,0.0,
307,100,3,45.0,45.0,5.0,1e-08,50,0.35,0.45,True,52.300000000000004,3,0.0,0.0,0.0,
309,100,3,45.0,45.0,5.0,1e-08,50,0.60,0.45,True,52.800000000000004,3,0.0,0.0,0.0,
312,100,3,45.0,45.0,5.0,1e-08,80,0.35,0.45,True,52.6,3,0.0,0.0,0.0,
311,100,3,45.0,45.0,5.0,1e-08,80,center,center,True,54.6,3,0.0,0.0,0.0,
313,100,3,45.0,45.0,5.0,1e-08,80,0.45,0.55,True,52.1,3,0.0,0.0,0.0,
305,100,3,45.0,45.0,5.0,1e-08,25,0.60,0.58,True,70.60000000000001,3,0.0,0.0,0.0,
310,100,3,45.0,45.0,5.0,1e-08,50,0.60,0.58,True,70.2,3,0.0,0.0,0.0,
141,100,3,22.5,22.5,5.0,1e-07,25,center,center,True,656.1,3,1.8149216632992644e-05,0.004260189741430849,30.320391763886345,
314,100,3,45.0,45.0,5.0,1e-08,80,0.60,0.45,True,52.800000000000004,3,0.0,0.0,0.0,
318,100,3,45.0,45.0,5.0,1e-08,120,0.45,0.55,True,52.1,3,0.0,0.0,0.0,
317,100,3,45.0,45.0,5.0,1e-08,120,0.35,0.45,True,52.6,3,0.0,0.0,0.0,
316,100,3,45.0,45.0,5.0,1e-08,120,center,center,True,54.6,3,0.0,0.0,0.0,
319,100,3,45.0,45.0,5.0,1e-08,120,0.60,0.45,True,52.800000000000004,3,0.0,0.0,0.0,
315,100,3,45.0,45.0,5.0,1e-08,80,0.60,0.58,True,70.60000000000001,3,0.0,0.0,0.0,
320,100,3,45.0,45.0,5.0,1e-08,120,0.60,0.58,True,70.60000000000001,3,0.0,0.0,0.0,
324,100,3,45.0,45.0,5.0,1e-07,25,0.60,0.45,True,75.4,3,0.009093463359515767,0.09535965268139229,1.0295510898887699,
322,100,3,45.0,45.0,5.0,1e-07,25,0.35,0.45,True,75.9,3,0.0005522021958677768,0.023498982868791932,0.10179912881933702,
321,100,3,45.0,45.0,5.0,1e-07,25,center,center,True,84.60000000000001,3,0.0004185450853826311,0.020458374456017545,1.303590927062721,
335,100,3,45.0,45.0,5.0,1e-07,80,0.60,0.58,True,66.9,3,0.00033443132845765034,0.018287463696687146,0.01359873805760413,
323,100,3,45.0,45.0,5.0,1e-07,25,0.45,0.55,True,85.2,3,0.0003447669995359182,0.018567902399999798,0.3544157125498558,
328,100,3,45.0,45.0,5.0,1e-07,50,0.45,0.55,True,79.0,3,0.0038962812847152125,0.0624201993325495,0.37030938529822066,
330,100,3,45.0,45.0,5.0,1e-07,50,0.60,0.58,True,66.9,3,0.00033443132845765034,0.018287463696687146,0.01359873805760413,
327,100,3,45.0,45.0,5.0,1e-07,50,0.35,0.45,True,79.60000000000001,3,0.0008365274104070303,0.02892278358676824,0.18417758103123913,
342,100,3,45.0,45.0,5.0,1e-06,25,0.35,0.45,True,48.0,3,nan,nan,0.8469035057478749,
343,100,3,45.0,45.0,5.0,1e-06,25,0.45,0.55,True,49.6,3,nan,nan,1.1581829988380221,
325,100,3,45.0,45.0,5.0,1e-07,25,0.60,0.58,True,82.0,3,0.0009307121354741074,0.030507575050700234,0.03574613849805166,
333,100,3,45.0,45.0,5.0,1e-07,80,0.45,0.55,True,79.0,3,0.0038962812847152125,0.0624201993325495,0.37030938529822066,
345,100,3,45.0,45.0,5.0,1e-06,25,0.60,0.58,True,50.900000000000006,3,nan,nan,0.28891125382581856,
346,100,3,45.0,45.0,5.0,1e-06,50,center,center,True,50.300000000000004,3,nan,nan,1.119937441827068,
347,100,3,45.0,45.0,5.0,1e-06,50,0.35,0.45,True,48.6,3,nan,nan,0.9284857916879053,
332,100,3,45.0,45.0,5.0,1e-07,80,0.35,0.45,True,79.60000000000001,3,0.0008365274104070303,0.02892278358676824,0.18417758103123913,
334,100,3,45.0,45.0,5.0,1e-07,80,0.60,0.45,True,82.0,3,0.0006569966445717008,0.02563194578200611,0.9098924235016987,
348,100,3,45.0,45.0,5.0,1e-06,50,0.45,0.55,True,49.6,3,nan,nan,0.9937376354915514,
344,100,3,45.0,45.0,5.0,1e-06,25,0.60,0.45,True,52.5,3,0.0015698821921943838,0.03962173888403163,0.4650143653085388,
337,100,3,45.0,45.0,5.0,1e-07,120,0.35,0.45,True,79.60000000000001,3,0.0008365274104070303,0.02892278358676824,0.18417758103123913,
326,100,3,45.0,45.0,5.0,1e-07,50,center,center,True,85.9,3,0.00039506452140819677,0.01987623006025531,0.8260648440371621,
338,100,3,45.0,45.0,5.0,1e-07,120,0.45,0.55,True,79.0,3,0.0038962812847152125,0.0624201993325495,0.37030938529822066,
349,100,3,45.0,45.0,5.0,1e-06,50,0.60,0.45,True,52.1,3,0.0007156940896791243,0.026752459507101853,0.38734958029026684,
329,100,3,45.0,45.0,5.0,1e-07,50,0.60,0.45,True,82.0,3,0.0006569966445717008,0.02563194578200611,0.9098924235016987,
340,100,3,45.0,45.0,5.0,1e-07,120,0.60,0.58,True,66.9,3,0.00033443132845765034,0.018287463696687146,0.01359873805760413,
331,100,3,45.0,45.0,5.0,1e-07,80,center,center,True,85.9,3,0.00039506452140819677,0.01987623006025531,0.8260648440371621,
339,100,3,45.0,45.0,5.0,1e-07,120,0.60,0.45,True,82.0,3,0.0006569966445717008,0.02563194578200611,0.9098924235016987,
341,100,3,45.0,45.0,5.0,1e-06,25,center,center,True,64.2,3,nan,nan,0.9968773527666474,
336,100,3,45.0,45.0,5.0,1e-07,120,center,center,True,85.9,3,0.00039506452140819677,0.01987623006025531,0.8260648440371621,
350,100,3,45.0,45.0,5.0,1e-06,50,0.60,0.58,True,50.0,3,nan,nan,0.313400634069463,
352,100,3,45.0,45.0,5.0,1e-06,80,0.35,0.45,True,48.2,3,nan,nan,0.6426850440305162,
353,100,3,45.0,45.0,5.0,1e-06,80,0.45,0.55,True,50.1,3,nan,nan,1.1293304242184097,
357,100,3,45.0,45.0,5.0,1e-06,120,0.35,0.45,True,48.300000000000004,3,nan,nan,0.9061112641011888,
355,100,3,45.0,45.0,5.0,1e-06,80,0.60,0.58,True,49.6,3,nan,nan,0.034487033350593846,
354,100,3,45.0,45.0,5.0,1e-06,80,0.60,0.45,True,52.2,3,0.0005512897797267248,0.023479560892970822,0.6691209472448516,
360,100,3,45.0,45.0,5.0,1e-06,120,0.60,0.58,True,49.7,3,nan,nan,0.027373611547551593,
358,100,3,45.0,45.0,5.0,1e-06,120,0.45,0.55,True,50.400000000000006,3,nan,nan,1.0198904075553652,
356,100,3,45.0,45.0,5.0,1e-06,120,center,center,True,51.800000000000004,3,nan,nan,1.2267043157928068,
359,100,3,45.0,45.0,5.0,1e-06,120,0.60,0.45,True,52.2,3,0.000605999336232144,0.024617053768315654,0.3995421380005738,
351,100,3,45.0,45.0,5.0,1e-06,80,center,center,True,68.60000000000001,3,nan,nan,0.8696455321782203,
363,100,3,67.5,45.0,1.0,1e-08,25,0.45,0.55,True,66.5,3,0.004794162044945049,0.0692398876728223,15.549505531501518,
368,100,3,67.5,45.0,1.0,1e-08,50,0.45,0.55,True,66.60000000000001,3,0.004794162044945049,0.0692398876728223,15.549505531501518,
373,100,3,67.5,45.0,1.0,1e-08,80,0.45,0.55,True,66.60000000000001,3,0.004794162044945049,0.0692398876728223,15.549505531501518,
378,100,3,67.5,45.0,1.0,1e-08,120,0.45,0.55,True,66.60000000000001,3,0.004794162044945049,0.0692398876728223,15.549505531501518,
367,100,3,67.5,45.0,1.0,1e-08,50,0.35,0.45,True,85.5,3,6.731613057885967e-29,8.204640795236539e-15,15.147094800855555,
362,100,3,67.5,45.0,1.0,1e-08,25,0.35,0.45,True,86.9,3,6.731613057885967e-29,8.204640795236539e-15,15.147094800855555,
372,100,3,67.5,45.0,1.0,1e-08,80,0.35,0.45,True,85.4,3,6.731613057885967e-29,8.204640795236539e-15,15.147094800855555,
377,100,3,67.5,45.0,1.0,1e-08,120,0.35,0.45,True,85.4,3,6.731613057885967e-29,8.204640795236539e-15,15.147094800855555,
387,100,3,67.5,45.0,1.0,1e-07,50,0.35,0.45,True,66.5,3,0.0018701616003765527,0.043245365073919226,0.1822325315506913,
366,100,3,67.5,45.0,1.0,1e-08,50,center,center,True,103.0,3,0.008750925810788287,0.0935463832052757,15.266429937097108,
364,100,3,67.5,45.0,1.0,1e-08,25,0.60,0.45,True,107.5,3,0.004474645418262895,0.0668927904804613,14.968652227055792,
371,100,3,67.5,45.0,1.0,1e-08,80,center,center,True,102.7,3,0.008750925810788287,0.0935463832052757,15.266429937097108,
369,100,3,67.5,45.0,1.0,1e-08,50,0.60,0.45,True,106.4,3,0.004474645418262895,0.0668927904804613,14.968652227055792,
370,100,3,67.5,45.0,1.0,1e-08,50,0.60,0.58,True,104.60000000000001,3,0.0005116435124901105,0.022619538290825268,15.344135911043683,
365,100,3,67.5,45.0,1.0,1e-08,25,0.60,0.58,True,103.9,3,0.0005116435124901105,0.022619538290825268,15.344135911043683,
361,100,3,67.5,45.0,1.0,1e-08,25,center,center,True,104.80000000000001,3,0.008750925810788287,0.0935463832052757,15.266429937097108,
390,100,3,67.5,45.0,1.0,1e-07,50,0.60,0.58,True,69.60000000000001,3,0.001892180455075089,0.04349920062570218,0.1446682117481152,
376,100,3,67.5,45.0,1.0,1e-08,120,center,center,True,102.7,3,0.008750925810788287,0.0935463832052757,15.266429937097108,
375,100,3,67.5,45.0,1.0,1e-08,80,0.60,0.58,True,103.5,3,0.0005116435124901105,0.022619538290825268,15.344135911043683,
374,100,3,67.5,45.0,1.0,1e-08,80,0.60,0.45,True,107.0,3,0.004474645418262895,0.0668927904804613,14.968652227055792,
381,100,3,67.5,45.0,1.0,1e-07,25,center,center,True,91.9,3,0.00010110378820852018,0.010055037951620082,0.6737286177722889,
388,100,3,67.5,45.0,1.0,1e-07,50,0.45,0.55,True,90.30000000000001,3,0.014607460379255779,0.1208613270622815,0.2594850947986399,
384,100,3,67.5,45.0,1.0,1e-07,25,0.60,0.45,True,89.80000000000001,3,0.0018131262615431148,0.04258082034840469,0.2579962877627638,
379,100,3,67.5,45.0,1.0,1e-08,120,0.60,0.45,True,107.0,3,0.004474645418262895,0.0668927904804613,14.968652227055792,
382,100,3,67.5,45.0,1.0,1e-07,25,0.35,0.45,True,96.9,3,0.002455985622962775,0.04955790172074253,0.09892036430987561,
386,100,3,67.5,45.0,1.0,1e-07,50,center,center,True,95.0,3,0.0016655128782801247,0.04081069563582719,1.233300691722941,
383,100,3,67.5,45.0,1.0,1e-07,25,0.45,0.55,True,96.2,3,0.0017906791607445358,0.04231641715391954,0.35238484431179534,
380,100,3,67.5,45.0,1.0,1e-08,120,0.60,0.58,True,103.5,3,0.0005116435124901105,0.022619538290825268,15.344135911043683,
389,100,3,67.5,45.0,1.0,1e-07,50,0.60,0.45,True,91.60000000000001,3,0.0019230965689464577,0.04385312496215586,0.4072215581863997,
385,100,3,67.5,45.0,1.0,1e-07,25,0.60,0.58,True,94.60000000000001,3,0.02147479235685086,0.14654280042653361,3.635028888751318,
392,100,3,67.5,45.0,1.0,1e-07,80,0.35,0.45,True,67.4,3,0.0018851054448223432,0.0434178010132059,0.2023177617448494,
394,100,3,67.5,45.0,1.0,1e-07,80,0.60,0.45,True,64.9,3,0.0019668786308068907,0.044349505417838546,0.4142380438132729,
391,100,3,67.5,45.0,1.0,1e-07,80,center,center,True,91.60000000000001,3,3.0232011760396125e-07,0.0005498364462310235,4.129529075010391,
397,100,3,67.5,45.0,1.0,1e-07,120,0.35,0.45,True,66.60000000000001,3,0.0019331562145679028,0.04396767238060144,0.15187629914245937,
399,100,3,67.5,45.0,1.0,1e-07,120,0.60,0.45,True,66.0,3,0.0018834943575245493,0.04339924374369385,0.4002247418667694,
151,100,3,22.5,22.5,5.0,1e-07,80,center,center,False,900.0,2,1.8149216632992644e-05,0.004260189741430849,30.320391763886345,vittima non trovata entro 15 minuti
402,100,3,67.5,45.0,1.0,1e-06,25,0.35,0.45,True,60.0,3,nan,nan,10.723816704662124,
393,100,3,67.5,45.0,1.0,1e-07,80,0.45,0.55,True,96.2,3,0.0017594613166574116,0.041945933255292,0.3423634485403707,
403,100,3,67.5,45.0,1.0,1e-06,25,0.45,0.55,True,60.7,3,nan,nan,11.05761007303994,
401,100,3,67.5,45.0,1.0,1e-06,25,center,center,True,62.0,3,nan,nan,10.673888541769799,
404,100,3,67.5,45.0,1.0,1e-06,25,0.60,0.45,True,58.900000000000006,3,nan,nan,11.869263845367152,
409,100,3,67.5,45.0,1.0,1e-06,50,0.60,0.45,True,60.900000000000006,3,nan,nan,11.783567259925489,
156,100,3,22.5,22.5,5.0,1e-07,120,center,center,False,900.0,2,1.8149216632992644e-05,0.004260189741430849,30.320391763886345,vittima non trovata entro 15 minuti
396,100,3,67.5,45.0,1.0,1e-07,120,center,center,True,87.7,3,0.005398156886296343,0.07347215041290368,3.868615082515739,
408,100,3,67.5,45.0,1.0,1e-06,50,0.45,0.55,True,60.300000000000004,3,nan,nan,11.199960586185282,
406,100,3,67.5,45.0,1.0,1e-06,50,center,center,True,62.6,3,nan,nan,10.988556791352249,
395,100,3,67.5,45.0,1.0,1e-07,80,0.60,0.58,True,93.30000000000001,3,0.0025272728403095846,0.05027198862497469,0.3306845519925308,
405,100,3,67.5,45.0,1.0,1e-06,25,0.60,0.58,True,61.1,3,nan,nan,12.430185710797092,
410,100,3,67.5,45.0,1.0,1e-06,50,0.60,0.58,True,62.300000000000004,3,nan,nan,10.002325229716664,
411,100,3,67.5,45.0,1.0,1e-06,80,center,center,True,63.5,3,nan,nan,11.383910096752954,
413,100,3,67.5,45.0,1.0,1e-06,80,0.45,0.55,True,62.6,3,nan,nan,10.82221139022178,
414,100,3,67.5,45.0,1.0,1e-06,80,0.60,0.45,True,61.800000000000004,3,nan,nan,11.272301760952676,
415,100,3,67.5,45.0,1.0,1e-06,80,0.60,0.58,True,61.800000000000004,3,nan,nan,10.416759213298892,
418,100,3,67.5,45.0,1.0,1e-06,120,0.45,0.55,True,61.5,3,nan,nan,12.046851958833878,
419,100,3,67.5,45.0,1.0,1e-06,120,0.60,0.45,True,60.900000000000006,3,nan,nan,11.802073700997623,
398,100,3,67.5,45.0,1.0,1e-07,120,0.45,0.55,True,95.7,3,0.0017380432755293588,0.04168984619220079,0.24148509889437011,
407,100,3,67.5,45.0,1.0,1e-06,50,0.35,0.45,True,79.10000000000001,3,0.004137394991892546,0.06432258539496485,10.720163396922027,
420,100,3,67.5,45.0,1.0,1e-06,120,0.60,0.58,True,62.0,3,nan,nan,10.903540833623106,
412,100,3,67.5,45.0,1.0,1e-06,80,0.35,0.45,True,76.4,3,0.004747583004321652,0.06890270679967263,8.772500360548962,
400,100,3,67.5,45.0,1.0,1e-07,120,0.60,0.58,True,97.10000000000001,3,0.0019550409462358153,0.04421584496801814,0.3092710456894265,
417,100,3,67.5,45.0,1.0,1e-06,120,0.35,0.45,True,78.30000000000001,3,0.004292011946539367,0.06551344859293676,9.161942492646267,
416,100,3,67.5,45.0,1.0,1e-06,120,center,center,True,79.10000000000001,3,nan,nan,11.810858825434924,
421,100,3,67.5,45.0,3.0,1e-08,25,center,center,True,68.4,3,0.0071394846758181234,0.08449547133319113,15.243384123062597,
422,100,3,67.5,45.0,3.0,1e-08,25,0.35,0.45,True,86.9,3,1.6829032644714918e-29,4.1023203976182695e-15,15.147094859726703,
426,100,3,67.5,45.0,3.0,1e-08,50,center,center,True,68.8,3,0.0071394846758181234,0.08449547133319113,15.243384123062597,
436,100,3,67.5,45.0,3.0,1e-08,120,center,center,True,68.8,3,0.0071394846758181234,0.08449547133319113,15.243384123062597,
431,100,3,67.5,45.0,3.0,1e-08,80,center,center,True,68.8,3,0.0071394846758181234,0.08449547133319113,15.243384123062597,
423,100,3,67.5,45.0,3.0,1e-08,25,0.45,0.55,True,91.7,3,0.008751071647343536,0.09354716268996904,15.305902749239861,
427,100,3,67.5,45.0,3.0,1e-08,50,0.35,0.45,True,85.5,3,1.6829032644714918e-29,4.1023203976182695e-15,15.147094859726703,
447,100,3,67.5,45.0,3.0,1e-07,50,0.35,0.45,True,66.5,3,0.0018704733889852256,0.04324896980258866,0.1950858650322843,
432,100,3,67.5,45.0,3.0,1e-08,80,0.35,0.45,True,85.4,3,1.6829032644714918e-29,4.1023203976182695e-15,15.147094859726703,
444,100,3,67.5,45.0,3.0,1e-07,25,0.60,0.45,True,69.4,3,0.0016370262152894124,0.04046018061365288,0.2555418449660163,
437,100,3,67.5,45.0,3.0,1e-08,120,0.35,0.45,True,85.4,3,1.6829032644714918e-29,4.1023203976182695e-15,15.147094859726703,
449,100,3,67.5,45.0,3.0,1e-07,50,0.60,0.45,True,65.3,3,0.0019328438039705191,0.043964119506371545,0.1297366207482555,
428,100,3,67.5,45.0,3.0,1e-08,50,0.45,0.55,True,93.60000000000001,3,0.008751071647343536,0.09354716268996904,15.305902749239861,
442,100,3,67.5,45.0,3.0,1e-07,25,0.35,0.45,True,80.5,3,0.0017095492517527682,0.04134669577793089,0.10976173559424265,
450,100,3,67.5,45.0,3.0,1e-07,50,0.60,0.58,True,68.0,3,0.0019603659303504043,0.04427601981152331,0.10030971789269845,
438,100,3,67.5,45.0,3.0,1e-08,120,0.45,0.55,True,93.2,3,0.008751071647343536,0.09354716268996904,15.305902749239861,
424,100,3,67.5,45.0,3.0,1e-08,25,0.60,0.45,True,107.5,3,0.006823013085582308,0.08260153198084348,14.955229987640767,
425,100,3,67.5,45.0,3.0,1e-08,25,0.60,0.58,True,103.7,3,0.0031977506049784034,0.05654865696882998,15.33638445310102,
433,100,3,67.5,45.0,3.0,1e-08,80,0.45,0.55,True,93.2,3,0.008751071647343536,0.09354716268996904,15.305902749239861,
441,100,3,67.5,45.0,3.0,1e-07,25,center,center,True,92.30000000000001,3,0.00010527798413454156,0.010260506036962385,0.5122408967951175,
435,100,3,67.5,45.0,3.0,1e-08,80,0.60,0.58,True,103.60000000000001,3,0.0031977506049784034,0.05654865696882998,15.33638445310102,
452,100,3,67.5,45.0,3.0,1e-07,80,0.35,0.45,True,67.5,3,0.0018873846367426584,0.04344404029027064,0.13545627292721787,
445,100,3,67.5,45.0,3.0,1e-07,25,0.60,0.58,True,94.5,3,0.0198275739632775,0.14081041851822435,3.7546832904648353,
443,100,3,67.5,45.0,3.0,1e-07,25,0.45,0.55,True,95.60000000000001,3,0.001792553171286247,0.04233855419456653,0.2732512773325416,
430,100,3,67.5,45.0,3.0,1e-08,50,0.60,0.58,True,103.5,3,0.0031977506049784034,0.05654865696882998,15.33638445310102,
434,100,3,67.5,45.0,3.0,1e-08,80,0.60,0.45,True,106.9,3,0.006823013085582308,0.08260153198084348,14.955229987640767,
429,100,3,67.5,45.0,3.0,1e-08,50,0.60,0.45,True,106.9,3,0.006823013085582308,0.08260153198084348,14.955229987640767,
448,100,3,67.5,45.0,3.0,1e-07,50,0.45,0.55,True,90.9,3,0.017655714682331614,0.1328748083059073,0.22386100386411634,
440,100,3,67.5,45.0,3.0,1e-08,120,0.60,0.58,True,103.60000000000001,3,0.0031977506049784034,0.05654865696882998,15.33638445310102,
439,100,3,67.5,45.0,3.0,1e-08,120,0.60,0.45,True,106.9,3,0.006823013085582308,0.08260153198084348,14.955229987640767,
446,100,3,67.5,45.0,3.0,1e-07,50,center,center,True,95.60000000000001,3,0.0004157584051697019,0.02039015461367819,0.649169293014357,
451,100,3,67.5,45.0,3.0,1e-07,80,center,center,True,91.4,3,4.642247385623746e-07,0.0006813403984517391,4.129722047202217,
454,100,3,67.5,45.0,3.0,1e-07,80,0.60,0.45,True,64.10000000000001,3,0.0018991270716936558,0.04357897511063857,0.09686680775834938,
453,100,3,67.5,45.0,3.0,1e-07,80,0.45,0.55,True,95.9,3,0.0017601340246940506,0.041953951240545274,0.1963158377486307,
457,100,3,67.5,45.0,3.0,1e-07,120,0.35,0.45,True,66.60000000000001,3,0.0019335054706464388,0.04397164393841148,0.17196886729729907,
464,100,3,67.5,45.0,3.0,1e-06,25,0.60,0.45,True,59.6,3,nan,nan,12.299232747746458,
463,100,3,67.5,45.0,3.0,1e-06,25,0.45,0.55,True,60.7,3,nan,nan,11.003131922927857,
455,100,3,67.5,45.0,3.0,1e-07,80,0.60,0.58,True,92.60000000000001,3,0.003116064583116588,0.055821721427385125,0.13529645518851896,
468,100,3,67.5,45.0,3.0,1e-06,50,0.45,0.55,True,60.5,3,nan,nan,10.52886167905608,
465,100,3,67.5,45.0,3.0,1e-06,25,0.60,0.58,True,60.900000000000006,3,nan,nan,12.35095338143853,
456,100,3,67.5,45.0,3.0,1e-07,120,center,center,True,87.9,3,0.005398009077194703,0.07347114452078927,3.877419215435792,
469,100,3,67.5,45.0,3.0,1e-06,50,0.60,0.45,True,61.5,3,nan,nan,11.743693686921128,
474,100,3,67.5,45.0,3.0,1e-06,80,0.60,0.45,True,62.400000000000006,3,nan,nan,10.137671192027605,
475,100,3,67.5,45.0,3.0,1e-06,80,0.60,0.58,True,61.900000000000006,3,nan,nan,10.068209240451829,
470,100,3,67.5,45.0,3.0,1e-06,50,0.60,0.58,True,62.1,3,nan,nan,10.749417669042545,
473,100,3,67.5,45.0,3.0,1e-06,80,0.45,0.55,True,62.5,3,nan,nan,10.060277651258476,
466,100,3,67.5,45.0,3.0,1e-06,50,center,center,True,75.60000000000001,3,nan,nan,12.258095989097013,
471,100,3,67.5,45.0,3.0,1e-06,80,center,center,True,63.900000000000006,3,nan,nan,11.346018856202512,
478,100,3,67.5,45.0,3.0,1e-06,120,0.45,0.55,True,61.6,3,nan,nan,11.596786392799553,
459,100,3,67.5,45.0,3.0,1e-07,120,0.60,0.45,True,92.30000000000001,3,0.0018049340925123157,0.04248451591476965,0.15490349758910146,
461,100,3,67.5,45.0,3.0,1e-06,25,center,center,True,81.60000000000001,3,0.0031597064005439495,0.056211265779592165,12.146543323242078,
458,100,3,67.5,45.0,3.0,1e-07,120,0.45,0.55,True,96.0,3,0.001736310668941591,0.04166906129182167,0.2984432040872476,
479,100,3,67.5,45.0,3.0,1e-06,120,0.60,0.45,True,61.900000000000006,3,nan,nan,11.439124686430688,
480,100,3,67.5,45.0,3.0,1e-06,120,0.60,0.58,True,61.900000000000006,3,nan,nan,10.77300972669954,
477,100,3,67.5,45.0,3.0,1e-06,120,0.35,0.45,True,77.80000000000001,3,0.004340385487136864,0.06588160203832982,8.965302865062958,
462,100,3,67.5,45.0,3.0,1e-06,25,0.35,0.45,True,77.60000000000001,3,nan,nan,11.222001261341628,
472,100,3,67.5,45.0,3.0,1e-06,80,0.35,0.45,True,76.10000000000001,3,0.004764395835234524,0.06902460311537129,8.80078990881648,
467,100,3,67.5,45.0,3.0,1e-06,50,0.35,0.45,True,78.80000000000001,3,0.004127441833207011,0.06424516972665736,10.596485065778422,
460,100,3,67.5,45.0,3.0,1e-07,120,0.60,0.58,True,96.9,3,0.0019578820529033074,0.04424796100277738,0.19014603057422316,
481,100,3,67.5,45.0,5.0,1e-08,25,center,center,True,68.3,3,0.007139483276029777,0.0844954630499755,15.23462495045609,
476,100,3,67.5,45.0,3.0,1e-06,120,center,center,True,79.5,3,nan,nan,11.264267411861239,
482,100,3,67.5,45.0,5.0,1e-08,25,0.35,0.45,True,86.9,3,8.414516322357459e-29,9.173067274558417e-15,15.147095231507603,
486,100,3,67.5,45.0,5.0,1e-08,50,center,center,True,68.7,3,0.007139483276029777,0.0844954630499755,15.23462495045609,
483,100,3,67.5,45.0,5.0,1e-08,25,0.45,0.55,True,91.7,3,0.008751071647140743,0.09354716268888513,15.305902988885276,
487,100,3,67.5,45.0,5.0,1e-08,50,0.35,0.45,True,85.5,3,8.414516322357459e-29,9.173067274558417e-15,15.147095231507603,
491,100,3,67.5,45.0,5.0,1e-08,80,center,center,True,68.7,3,0.007139483276029777,0.0844954630499755,15.23462495045609,
496,100,3,67.5,45.0,5.0,1e-08,120,center,center,True,68.7,3,0.007139483276029777,0.0844954630499755,15.23462495045609,
484,100,3,67.5,45.0,5.0,1e-08,25,0.60,0.45,True,108.2,3,0.006822775490233303,0.0826000937664922,14.946111192556048,
485,100,3,67.5,45.0,5.0,1e-08,25,0.60,0.58,True,103.7,3,0.0031977299775910084,0.05654847458235287,15.32240316760741,
492,100,3,67.5,45.0,5.0,1e-08,80,0.35,0.45,True,85.4,3,8.414516322357459e-29,9.173067274558417e-15,15.147095231507603,
507,100,3,67.5,45.0,5.0,1e-07,50,0.35,0.45,True,66.60000000000001,3,0.0018696042247599003,0.043238920254325276,0.1905223961867403,
504,100,3,67.5,45.0,5.0,1e-07,25,0.60,0.45,True,71.9,3,0.001617005708595759,0.04021200950705845,0.3385021643572015,
488,100,3,67.5,45.0,5.0,1e-08,50,0.45,0.55,True,93.5,3,0.008751071647140743,0.09354716268888513,15.305902988885276,
502,100,3,67.5,45.0,5.0,1e-07,25,0.35,0.45,True,80.7,3,0.0016381841666089124,0.04047448784863018,0.2195640030716701,
497,100,3,67.5,45.0,5.0,1e-08,120,0.35,0.45,True,85.4,3,8.414516322357459e-29,9.173067274558417e-15,15.147095231507603,
493,100,3,67.5,45.0,5.0,1e-08,80,0.45,0.55,True,93.2,3,0.008751071647140743,0.09354716268888513,15.305902988885276,
512,100,3,67.5,45.0,5.0,1e-07,80,0.35,0.45,True,67.4,3,0.0018827112720943137,0.043390220927005126,0.12485605203281834,
498,100,3,67.5,45.0,5.0,1e-08,120,0.45,0.55,True,93.2,3,0.008751071647140743,0.09354716268888513,15.305902988885276,
508,100,3,67.5,45.0,5.0,1e-07,50,0.45,0.55,True,91.10000000000001,3,0.00208498668899891,0.045661654470670575,0.37119879443029413,
489,100,3,67.5,45.0,5.0,1e-08,50,0.60,0.45,True,106.9,3,0.006822775490233303,0.0826000937664922,14.946111192556048,
503,100,3,67.5,45.0,5.0,1e-07,25,0.45,0.55,True,96.5,3,0.0024694297291389215,0.049693356992045946,0.06914054609938036,
505,100,3,67.5,45.0,5.0,1e-07,25,0.60,0.58,True,95.4,3,0.009832561096269383,0.09915927135810036,4.166881173756626,
501,100,3,67.5,45.0,5.0,1e-07,25,center,center,True,94.7,3,1.9288817351657e-05,0.004391903613657408,0.20498461490674963,
490,100,3,67.5,45.0,5.0,1e-08,50,0.60,0.58,True,103.10000000000001,3,0.0031977299775910084,0.05654847458235287,15.32240316760741,
495,100,3,67.5,45.0,5.0,1e-08,80,0.60,0.58,True,103.30000000000001,3,0.0031977299775910084,0.05654847458235287,15.32240316760741,
506,100,3,67.5,45.0,5.0,1e-07,50,center,center,True,96.5,3,0.013754611083528316,0.11728005407369284,0.3586703583127968,
494,100,3,67.5,45.0,5.0,1e-08,80,0.60,0.45,True,106.9,3,0.006822775490233303,0.0826000937664922,14.946111192556048,
509,100,3,67.5,45.0,5.0,1e-07,50,0.60,0.45,True,93.30000000000001,3,0.0018418495778272483,0.04291677501662081,0.1910362162772897,
499,100,3,67.5,45.0,5.0,1e-08,120,0.60,0.45,True,106.9,3,0.006822775490233303,0.0826000937664922,14.946111192556048,
514,100,3,67.5,45.0,5.0,1e-07,80,0.60,0.45,True,69.60000000000001,3,0.00164761910527899,0.040590874655259526,0.12998457030633878,
510,100,3,67.5,45.0,5.0,1e-07,50,0.60,0.58,True,96.5,3,0.001836112723589741,0.0428498859227156,0.1246219218820523,
500,100,3,67.5,45.0,5.0,1e-08,120,0.60,0.58,True,103.30000000000001,3,0.0031977299775910084,0.05654847458235287,15.32240316760741,
511,100,3,67.5,45.0,5.0,1e-07,80,center,center,True,98.80000000000001,3,0.0017467334647663039,0.04179394052690299,0.5113696661223125,
517,100,3,67.5,45.0,5.0,1e-07,120,0.35,0.45,True,66.60000000000001,3,0.0019332763676616687,0.04396903873934099,0.1562221320747169,
513,100,3,67.5,45.0,5.0,1e-07,80,0.45,0.55,True,96.80000000000001,3,0.0017470091658968465,0.04179723873531416,0.19085937016174556,
522,100,3,67.5,45.0,5.0,1e-06,25,0.35,0.45,True,60.1,3,nan,nan,10.570102298806061,
523,100,3,67.5,45.0,5.0,1e-06,25,0.45,0.55,True,61.1,3,nan,nan,10.007480826523917,
516,100,3,67.5,45.0,5.0,1e-07,120,center,center,True,87.80000000000001,3,0.0054070410090708764,0.07353258467557683,2.6525019194815953,
528,100,3,67.5,45.0,5.0,1e-06,50,0.45,0.55,True,61.1,3,nan,nan,9.868816059440425,
524,100,3,67.5,45.0,5.0,1e-06,25,0.60,0.45,True,60.400000000000006,3,nan,nan,11.960351713414637,
515,100,3,67.5,45.0,5.0,1e-07,80,0.60,0.58,True,95.5,3,0.0018341141232770808,0.042826558620522856,0.09431671614847287,
525,100,3,67.5,45.0,5.0,1e-06,25,0.60,0.58,True,60.900000000000006,3,nan,nan,12.450433940449896,
529,100,3,67.5,45.0,5.0,1e-06,50,0.60,0.45,True,61.900000000000006,3,nan,nan,11.723109722490168,
518,100,3,67.5,45.0,5.0,1e-07,120,0.45,0.55,True,96.0,3,0.0017384286012458528,0.04169446727379848,0.052118928643566716,
519,100,3,67.5,45.0,5.0,1e-07,120,0.60,0.45,True,89.30000000000001,3,0.0016519639712846727,0.040644359649091195,0.20270684215156023,
530,100,3,67.5,45.0,5.0,1e-06,50,0.60,0.58,True,62.300000000000004,3,nan,nan,10.681294414921119,
531,100,3,67.5,45.0,5.0,1e-06,80,center,center,True,63.7,3,nan,nan,10.772693145926805,
521,100,3,67.5,45.0,5.0,1e-06,25,center,center,True,82.10000000000001,3,0.0031494969213556345,0.05612037884187556,11.14158667370302,
534,100,3,67.5,45.0,5.0,1e-06,80,0.60,0.45,True,62.400000000000006,3,nan,nan,11.869644272497391,
533,100,3,67.5,45.0,5.0,1e-06,80,0.45,0.55,True,63.400000000000006,3,nan,nan,11.03546196385466,
527,100,3,67.5,45.0,5.0,1e-06,50,0.35,0.45,True,78.5,3,0.004075349043409846,0.06383846053446031,10.62391399272716,
538,100,3,67.5,45.0,5.0,1e-06,120,0.45,0.55,True,61.5,3,nan,nan,11.096639220274572,
539,100,3,67.5,45.0,5.0,1e-06,120,0.60,0.45,True,61.900000000000006,3,nan,nan,11.941604965125016,
526,100,3,67.5,45.0,5.0,1e-06,50,center,center,True,79.2,3,nan,nan,11.96513853201369,
520,100,3,67.5,45.0,5.0,1e-07,120,0.60,0.58,True,97.2,3,0.0016879515405390517,0.04108468742170313,0.22764461405070974,
532,100,3,67.5,45.0,5.0,1e-06,80,0.35,0.45,True,76.60000000000001,3,0.00028794350628620304,0.016968898204839437,8.43890490060141,
542,100,3,31.5,63.0,1.0,1e-08,25,0.35,0.45,True,60.5,3,0.0047941586571344195,0.06923986320851898,22.49938183552986,
537,100,3,67.5,45.0,5.0,1e-06,120,0.35,0.45,True,77.2,3,0.004287558096999921,0.06547944789779402,9.112018686011554,
536,100,3,67.5,45.0,5.0,1e-06,120,center,center,True,80.9,3,nan,nan,11.478419776469915,
543,100,3,31.5,63.0,1.0,1e-08,25,0.45,0.55,True,64.3,3,0.007100490512379697,0.08426440833697046,22.51215942584471,
541,100,3,31.5,63.0,1.0,1e-08,25,center,center,True,66.7,3,0.00430210520528111,0.06559043531858216,22.49509046306075,
547,100,3,31.5,63.0,1.0,1e-08,50,0.35,0.45,True,61.5,3,0.0047941586571344195,0.06923986320851898,22.49938183552986,
540,100,3,67.5,45.0,5.0,1e-06,120,0.60,0.58,True,81.10000000000001,3,0.0041982913698551325,0.06479422327534402,9.97171826142371,
544,100,3,31.5,63.0,1.0,1e-08,25,0.60,0.45,True,73.60000000000001,3,3.7973321933073176e-18,1.9486744708409655e-09,22.88882441958192,
535,100,3,67.5,45.0,5.0,1e-06,80,0.60,0.58,True,94.80000000000001,3,0.0017364232963361387,0.041670412720971925,12.678258902768265,
546,100,3,31.5,63.0,1.0,1e-08,50,center,center,True,66.60000000000001,3,0.00430210520528111,0.06559043531858216,22.49509046306075,
545,100,3,31.5,63.0,1.0,1e-08,25,0.60,0.58,True,66.10000000000001,3,0.008534398579179337,0.0923818087026842,22.554250016380546,
548,100,3,31.5,63.0,1.0,1e-08,50,0.45,0.55,True,65.0,3,0.007100490512379697,0.08426440833697046,22.51215942584471,
552,100,3,31.5,63.0,1.0,1e-08,80,0.35,0.45,True,61.5,3,0.0047941586571344195,0.06923986320851898,22.49938183552986,
550,100,3,31.5,63.0,1.0,1e-08,50,0.60,0.58,True,66.60000000000001,3,0.008534398579179337,0.0923818087026842,22.554250016380546,
551,100,3,31.5,63.0,1.0,1e-08,80,center,center,True,66.5,3,0.00430210520528111,0.06559043531858216,22.49509046306075,
549,100,3,31.5,63.0,1.0,1e-08,50,0.60,0.45,True,73.8,3,3.7973321933073176e-18,1.9486744708409655e-09,22.88882441958192,
553,100,3,31.5,63.0,1.0,1e-08,80,0.45,0.55,True,65.0,3,0.007100490512379697,0.08426440833697046,22.51215942584471,
555,100,3,31.5,63.0,1.0,1e-08,80,0.60,0.58,True,66.60000000000001,3,0.008534398579179337,0.0923818087026842,22.554250016380546,
557,100,3,31.5,63.0,1.0,1e-08,120,0.35,0.45,True,61.5,3,0.0047941586571344195,0.06923986320851898,22.49938183552986,
558,100,3,31.5,63.0,1.0,1e-08,120,0.45,0.55,True,65.0,3,0.007100490512379697,0.08426440833697046,22.51215942584471,
556,100,3,31.5,63.0,1.0,1e-08,120,center,center,True,66.5,3,0.00430210520528111,0.06559043531858216,22.49509046306075,
554,100,3,31.5,63.0,1.0,1e-08,80,0.60,0.45,True,73.2,3,3.7973321933073176e-18,1.9486744708409655e-09,22.88882441958192,
560,100,3,31.5,63.0,1.0,1e-08,120,0.60,0.58,True,66.60000000000001,3,0.008534398579179337,0.0923818087026842,22.554250016380546,
564,100,3,31.5,63.0,1.0,1e-07,25,0.60,0.45,True,64.10000000000001,3,0.0036060328506868663,0.06005025271126564,0.38288132744923026,
559,100,3,31.5,63.0,1.0,1e-08,120,0.60,0.45,True,73.2,3,3.7973321933073176e-18,1.9486744708409655e-09,22.88882441958192,
561,100,3,31.5,63.0,1.0,1e-07,25,center,center,True,75.9,3,0.00494551264545416,0.07032433892653496,3.4620885564489106,
562,100,3,31.5,63.0,1.0,1e-07,25,0.35,0.45,True,84.2,3,0.002279786062527256,0.04774710527903504,0.12070084911646793,
565,100,3,31.5,63.0,1.0,1e-07,25,0.60,0.58,True,83.80000000000001,3,0.002496130028825448,0.0499612852999745,0.11284945143588761,
573,100,3,31.5,63.0,1.0,1e-07,80,0.45,0.55,True,62.2,3,0.0026127122158424226,0.051114696671724684,0.5321653724295811,
574,100,3,31.5,63.0,1.0,1e-07,80,0.60,0.45,True,63.0,3,0.00292519661901809,0.05408508684487887,0.40839766933607824,
567,100,3,31.5,63.0,1.0,1e-07,50,0.35,0.45,True,78.10000000000001,3,0.0016326570559536443,0.04040615121430949,0.01197736346782386,
563,100,3,31.5,63.0,1.0,1e-07,25,0.45,0.55,True,87.0,3,0.009903786253236195,0.09951776853022878,0.6612937129576474,
578,100,3,31.5,63.0,1.0,1e-07,120,0.45,0.55,True,62.2,3,0.0026127122158424226,0.051114696671724684,0.5321653724295811,
579,100,3,31.5,63.0,1.0,1e-07,120,0.60,0.45,True,63.0,3,0.00292519661901809,0.05408508684487887,0.40839766933607824,
581,100,3,31.5,63.0,1.0,1e-06,25,center,center,True,58.5,3,0.0008362535547958832,0.028918048945180987,15.024472612904622,
568,100,3,31.5,63.0,1.0,1e-07,50,0.45,0.55,True,85.0,3,0.002702584235786087,0.051986385100197985,0.5011730041115533,
584,100,3,31.5,63.0,1.0,1e-06,25,0.60,0.45,True,54.300000000000004,3,6.269562320370402e-05,0.00791805678204596,20.636703093184554,
572,100,3,31.5,63.0,1.0,1e-07,80,0.35,0.45,True,77.5,3,0.0016326536665249888,0.04040610927229927,0.07991812800593105,
570,100,3,31.5,63.0,1.0,1e-07,50,0.60,0.58,True,85.30000000000001,3,0.004070479834486319,0.06380031218173089,0.14667386924134768,
569,100,3,31.5,63.0,1.0,1e-07,50,0.60,0.45,True,85.80000000000001,3,0.0027844721565338138,0.052768097905209865,0.5642867005787928,
566,100,3,31.5,63.0,1.0,1e-07,50,center,center,True,95.2,3,0.018201034805353178,0.13491121082161103,2.9838545605952733,
588,100,3,31.5,63.0,1.0,1e-06,50,0.45,0.55,True,55.0,3,0.000571693091598915,0.023910104382852765,19.604743160721508,
589,100,3,31.5,63.0,1.0,1e-06,50,0.60,0.45,True,55.2,3,4.301266302876979e-05,0.006558404000118458,20.74270118487754,
587,100,3,31.5,63.0,1.0,1e-06,50,0.35,0.45,True,61.400000000000006,3,0.0012916322548190873,0.03593928567485847,7.501807808941104,
577,100,3,31.5,63.0,1.0,1e-07,120,0.35,0.45,True,77.5,3,0.0016326536665249888,0.04040610927229927,0.07991812800593105,
571,100,3,31.5,63.0,1.0,1e-07,80,center,center,True,92.60000000000001,3,0.03804791595947789,0.19505875002028975,3.3086977354227627,
585,100,3,31.5,63.0,1.0,1e-06,25,0.60,0.58,True,64.9,3,0.0037524732397078483,0.061257434158703127,5.56145173551454,
590,100,3,31.5,63.0,1.0,1e-06,50,0.60,0.58,True,56.900000000000006,3,0.0012548510433235277,0.03542387674046317,16.141416350297217,
583,100,3,31.5,63.0,1.0,1e-06,25,0.45,0.55,True,61.0,3,0.001292921046311542,0.03595721132556781,6.731704336605433,
582,100,3,31.5,63.0,1.0,1e-06,25,0.35,0.45,True,68.10000000000001,3,0.004372133009561743,0.06612210681430034,4.823355133794071,
575,100,3,31.5,63.0,1.0,1e-07,80,0.60,0.58,True,84.7,3,0.002677276232370544,0.051742402653631614,0.10245078997638159,
591,100,3,31.5,63.0,1.0,1e-06,80,center,center,True,55.5,3,0.00028955850197713627,0.01701641860019717,18.34936178070148,
593,100,3,31.5,63.0,1.0,1e-06,80,0.45,0.55,True,56.6,3,0.0005303586046080742,0.023029515943850713,20.083285967400794,
586,100,3,31.5,63.0,1.0,1e-06,50,center,center,True,70.9,3,0.0030787841603306183,0.0554867926657382,4.262560239867817,
594,100,3,31.5,63.0,1.0,1e-06,80,0.60,0.45,True,55.0,3,9.900428356214099e-05,0.009950089625834583,20.65039080438748,
580,100,3,31.5,63.0,1.0,1e-07,120,0.60,0.58,True,84.7,3,0.002677276232370544,0.051742402653631614,0.10245078997638159,
576,100,3,31.5,63.0,1.0,1e-07,120,center,center,True,94.9,3,0.03414754765140707,0.18479055076330897,3.4248909663836584,
596,100,3,31.5,63.0,1.0,1e-06,120,center,center,True,55.0,3,0.0002433050259581553,0.015598237911961571,18.472490423356582,
598,100,3,31.5,63.0,1.0,1e-06,120,0.45,0.55,True,54.5,3,0.0003897390407986647,0.019741809461107273,19.404961872943005,
599,100,3,31.5,63.0,1.0,1e-06,120,0.60,0.45,True,56.2,3,0.00101202571716929,0.03181235164475098,18.656537817085706,
595,100,3,31.5,63.0,1.0,1e-06,80,0.60,0.58,True,66.7,3,0.0037853841001261185,0.061525475212517604,4.420047974571044,
597,100,3,31.5,63.0,1.0,1e-06,120,0.35,0.45,True,67.8,3,0.003518142662741062,0.05931393312486588,3.7799913149601316,
600,100,3,31.5,63.0,1.0,1e-06,120,0.60,0.58,True,68.10000000000001,3,0.0036733636340519986,0.06060828024331328,6.621704088728823,
602,100,3,31.5,63.0,3.0,1e-08,25,0.35,0.45,True,60.5,3,0.004794158657052651,0.0692398632079285,22.499381928552346,
607,100,3,31.5,63.0,3.0,1e-08,50,0.35,0.45,True,61.5,3,0.004794158657052651,0.0692398632079285,22.499381928552346,
601,100,3,31.5,63.0,3.0,1e-08,25,center,center,True,66.0,3,0.0047900280511476,0.0692100285446235,22.511651901247454,
603,100,3,31.5,63.0,3.0,1e-08,25,0.45,0.55,True,64.4,3,0.004996787131059529,0.07068795605376865,22.51193510562039,
606,100,3,31.5,63.0,3.0,1e-08,50,center,center,True,66.9,3,0.0047900280511476,0.0692100285446235,22.511651901247454,
612,100,3,31.5,63.0,3.0,1e-08,80,0.35,0.45,True,61.5,3,0.004794158657052651,0.0692398632079285,22.499381928552346,
605,100,3,31.5,63.0,3.0,1e-08,25,0.60,0.58,True,65.7,3,0.00803377986563215,0.08963135537094231,22.52440410505706,
604,100,3,31.5,63.0,3.0,1e-08,25,0.60,0.45,True,72.8,3,2.372638647149691e-17,4.870973873004957e-09,22.84023706824197,
613,100,3,31.5,63.0,3.0,1e-08,80,0.45,0.55,True,65.2,3,0.004996787131059529,0.07068795605376865,22.51193510562039,
608,100,3,31.5,63.0,3.0,1e-08,50,0.45,0.55,True,65.2,3,0.004996787131059529,0.07068795605376865,22.51193510562039,
611,100,3,31.5,63.0,3.0,1e-08,80,center,center,True,67.0,3,0.0047900280511476,0.0692100285446235,22.511651901247454,
610,100,3,31.5,63.0,3.0,1e-08,50,0.60,0.58,True,66.3,3,0.00803377986563215,0.08963135537094231,22.52440410505706,
609,100,3,31.5,63.0,3.0,1e-08,50,0.60,0.45,True,73.60000000000001,3,2.372638647149691e-17,4.870973873004957e-09,22.84023706824197,
615,100,3,31.5,63.0,3.0,1e-08,80,0.60,0.58,True,66.3,3,0.00803377986563215,0.08963135537094231,22.52440410505706,
617,100,3,31.5,63.0,3.0,1e-08,120,0.35,0.45,True,61.5,3,0.004794158657052651,0.0692398632079285,22.499381928552346,
618,100,3,31.5,63.0,3.0,1e-08,120,0.45,0.55,True,65.2,3,0.004996787131059529,0.07068795605376865,22.51193510562039,
616,100,3,31.5,63.0,3.0,1e-08,120,center,center,True,67.0,3,0.0047900280511476,0.0692100285446235,22.511651901247454,
620,100,3,31.5,63.0,3.0,1e-08,120,0.60,0.58,True,66.3,3,0.00803377986563215,0.08963135537094231,22.52440410505706,
614,100,3,31.5,63.0,3.0,1e-08,80,0.60,0.45,True,73.4,3,2.372638647149691e-17,4.870973873004957e-09,22.84023706824197,
592,100,3,31.5,63.0,1.0,1e-06,80,0.35,0.45,True,119.9,3,0.0005630961981622643,0.023729648083405372,0.203229854065764,
619,100,3,31.5,63.0,3.0,1e-08,120,0.60,0.45,True,73.4,3,2.372638647149691e-17,4.870973873004957e-09,22.84023706824197,
624,100,3,31.5,63.0,3.0,1e-07,25,0.60,0.45,True,64.4,3,0.0029662271420928914,0.05446308054171093,0.07852777678180706,
623,100,3,31.5,63.0,3.0,1e-07,25,0.45,0.55,True,81.2,3,0.0016268387255619395,0.04033408887730005,0.9999425094154915,
626,100,3,31.5,63.0,3.0,1e-07,50,center,center,True,69.8,3,0.02416089276109934,0.1554377456125099,4.104904008249161,
621,100,3,31.5,63.0,3.0,1e-07,25,center,center,True,89.2,3,0.033080085185949154,0.18187931489300577,3.7652784301442606,
622,100,3,31.5,63.0,3.0,1e-07,25,0.35,0.45,True,84.2,3,0.002275894474238871,0.047706335787176854,0.12253871618421198,
625,100,3,31.5,63.0,3.0,1e-07,25,0.60,0.58,True,83.80000000000001,3,0.002495950549615979,0.0499594890848173,0.08281965255654378,
627,100,3,31.5,63.0,3.0,1e-07,50,0.35,0.45,True,78.10000000000001,3,0.0016326567287370695,0.04040614716521571,0.01745578124319073,
634,100,3,31.5,63.0,3.0,1e-07,80,0.60,0.45,True,63.2,3,0.00291949870844569,0.05403238573712704,0.26769367178530545,
649,100,3,31.5,63.0,3.0,1e-06,50,0.60,0.45,True,54.7,3,5.9827715211965066e-05,0.007734837762485071,21.199942723799627,
628,100,3,31.5,63.0,3.0,1e-07,50,0.45,0.55,True,83.0,3,0.0031268261776549763,0.055918030881415844,0.8491559286203443,
648,100,3,31.5,63.0,3.0,1e-06,50,0.45,0.55,True,55.1,3,0.0005097120612085747,0.022576803609204176,18.680739394093422,
641,100,3,31.5,63.0,3.0,1e-06,25,center,center,True,59.2,3,0.0007078330033771453,0.026605131147527637,15.324064025364711,
639,100,3,31.5,63.0,3.0,1e-07,120,0.60,0.45,True,63.2,3,0.00291949870844569,0.05403238573712704,0.26769367178530545,
650,100,3,31.5,63.0,3.0,1e-06,50,0.60,0.58,True,57.2,3,0.0012513305301264576,0.035374150592296316,16.145873074997766,
630,100,3,31.5,63.0,3.0,1e-07,50,0.60,0.58,True,85.4,3,0.002716661409900326,0.05212160214249295,0.05996500149978023,
629,100,3,31.5,63.0,3.0,1e-07,50,0.60,0.45,True,85.30000000000001,3,0.002434754909847861,0.0493432357050879,0.19602104965761244,
651,100,3,31.5,63.0,3.0,1e-06,80,center,center,True,56.2,3,8.068235269187568e-05,0.008982335592254148,17.9835084087813,
644,100,3,31.5,63.0,3.0,1e-06,25,0.60,0.45,True,62.400000000000006,3,0.0032000161693450106,0.056568685412912066,10.059009985677374,
647,100,3,31.5,63.0,3.0,1e-06,50,0.35,0.45,True,61.5,3,0.0012314412948721768,0.03509189785224186,7.108819149110281,
632,100,3,31.5,63.0,3.0,1e-07,80,0.35,0.45,True,77.5,3,0.0016326536354043684,0.04040610888720131,0.07697896688690294,
645,100,3,31.5,63.0,3.0,1e-06,25,0.60,0.58,True,65.7,3,0.0037583736980293745,0.06130557640239079,5.543767037554081,
643,100,3,31.5,63.0,3.0,1e-06,25,0.45,0.55,True,61.5,3,0.0014524398075852639,0.038110888307480634,6.712952903866156,
642,100,3,31.5,63.0,3.0,1e-06,25,0.35,0.45,True,68.4,3,0.00431473074346021,0.06568661007739865,4.698584307579347,
637,100,3,31.5,63.0,3.0,1e-07,120,0.35,0.45,True,77.5,3,0.0016326536354043684,0.04040610888720131,0.07697896688690294,
635,100,3,31.5,63.0,3.0,1e-07,80,0.60,0.58,True,84.9,3,0.00286908133438321,0.053563806197685485,0.11618760402045929,
631,100,3,31.5,63.0,3.0,1e-07,80,center,center,True,91.9,3,0.007559239715670655,0.08694388831695218,4.04207926558386,
653,100,3,31.5,63.0,3.0,1e-06,80,0.45,0.55,True,56.400000000000006,3,0.0004279531564328511,0.020687028699957158,19.238594883621644,
646,100,3,31.5,63.0,3.0,1e-06,50,center,center,True,69.4,3,0.0007841064818641784,0.02800190139730119,6.283698075490723,
633,100,3,31.5,63.0,3.0,1e-07,80,0.45,0.55,True,87.4,3,0.007125671765080211,0.08441369417979651,0.844095462128507,
654,100,3,31.5,63.0,3.0,1e-06,80,0.60,0.45,True,55.0,3,0.00010495244563469414,0.010244630087743244,20.424572039667172,
656,100,3,31.5,63.0,3.0,1e-06,120,center,center,True,56.2,3,0.00028116465807347715,0.01676796523354808,17.43629735344236,
638,100,3,31.5,63.0,3.0,1e-07,120,0.45,0.55,True,87.4,3,0.007125671765080211,0.08441369417979651,0.844095462128507,
640,100,3,31.5,63.0,3.0,1e-07,120,0.60,0.58,True,84.9,3,0.00286908133438321,0.053563806197685485,0.11618760402045929,
659,100,3,31.5,63.0,3.0,1e-06,120,0.60,0.45,True,54.2,3,0.0001615321994032704,0.012709531832576304,20.54403112107646,
658,100,3,31.5,63.0,3.0,1e-06,120,0.45,0.55,True,54.800000000000004,3,0.00024177491655312684,0.015549113047152459,18.744680535029175,
636,100,3,31.5,63.0,3.0,1e-07,120,center,center,True,94.9,3,0.002268144744737741,0.04762504325182016,3.998327047255216,
655,100,3,31.5,63.0,3.0,1e-06,80,0.60,0.58,True,66.8,3,0.0037753558633003346,0.06144392454344314,4.4520419855047075,
657,100,3,31.5,63.0,3.0,1e-06,120,0.35,0.45,True,67.9,3,0.0035069215471516943,0.059219266688736484,3.4503472208870574,
660,100,3,31.5,63.0,3.0,1e-06,120,0.60,0.58,True,68.2,3,0.0036720236921725167,0.060597225119410514,6.626254471528106,
662,100,3,31.5,63.0,5.0,1e-08,25,0.35,0.45,True,60.5,3,0.001246002608995513,0.03529876214537152,22.499269628966513,
667,100,3,31.5,63.0,5.0,1e-08,50,0.35,0.45,True,61.5,3,0.001246002608995513,0.03529876214537152,22.499269628966513,
661,100,3,31.5,63.0,5.0,1e-08,25,center,center,True,66.2,3,0.0012449123325880473,0.03528331521538257,22.510577475282666,
665,100,3,31.5,63.0,5.0,1e-08,25,0.60,0.58,True,65.7,3,0.008427629360174911,0.09180212067362557,22.525020922838074,
663,100,3,31.5,63.0,5.0,1e-08,25,0.45,0.55,True,64.60000000000001,3,0.00804519018939676,0.08969498419307938,22.513949657810812,
672,100,3,31.5,63.0,5.0,1e-08,80,0.35,0.45,True,61.5,3,0.001246002608995513,0.03529876214537152,22.499269628966513,
668,100,3,31.5,63.0,5.0,1e-08,50,0.45,0.55,True,65.5,3,0.00804519018939676,0.08969498419307938,22.513949657810812,
666,100,3,31.5,63.0,5.0,1e-08,50,center,center,True,67.3,3,0.0012449123325880473,0.03528331521538257,22.510577475282666,
670,100,3,31.5,63.0,5.0,1e-08,50,0.60,0.58,True,66.3,3,0.008427629360174911,0.09180212067362557,22.525020922838074,
671,100,3,31.5,63.0,5.0,1e-08,80,center,center,True,67.3,3,0.0012449123325880473,0.03528331521538257,22.510577475282666,
664,100,3,31.5,63.0,5.0,1e-08,25,0.60,0.45,True,74.60000000000001,3,3.621322617086919e-14,1.9029773033556965e-07,22.79048092702054,
652,100,3,31.5,63.0,3.0,1e-06,80,0.35,0.45,True,118.60000000000001,3,0.0005583545111979172,0.023629526258431784,0.36556898700200285,
677,100,3,31.5,63.0,5.0,1e-08,120,0.35,0.45,True,61.5,3,0.001246002608995513,0.03529876214537152,22.499269628966513,
669,100,3,31.5,63.0,5.0,1e-08,50,0.60,0.45,True,75.10000000000001,3,3.621322617086919e-14,1.9029773033556965e-07,22.79048092702054,
676,100,3,31.5,63.0,5.0,1e-08,120,center,center,True,67.3,3,0.0012449123325880473,0.03528331521538257,22.510577475282666,
675,100,3,31.5,63.0,5.0,1e-08,80,0.60,0.58,True,66.3,3,0.008427629360174911,0.09180212067362557,22.525020922838074,
678,100,3,31.5,63.0,5.0,1e-08,120,0.45,0.55,True,65.5,3,0.00804519018939676,0.08969498419307938,22.513949657810812,
673,100,3,31.5,63.0,5.0,1e-08,80,0.45,0.55,True,65.5,3,0.00804519018939676,0.08969498419307938,22.513949657810812,
680,100,3,31.5,63.0,5.0,1e-08,120,0.60,0.58,True,66.3,3,0.008427629360174911,0.09180212067362557,22.525020922838074,
674,100,3,31.5,63.0,5.0,1e-08,80,0.60,0.45,True,75.2,3,3.621322617086919e-14,1.9029773033556965e-07,22.79048092702054,
679,100,3,31.5,63.0,5.0,1e-08,120,0.60,0.45,True,75.2,3,3.621322617086919e-14,1.9029773033556965e-07,22.79048092702054,
686,100,3,31.5,63.0,5.0,1e-07,50,center,center,True,69.5,3,0.008424184350912335,0.09178335552218787,4.918705418746142,
682,100,3,31.5,63.0,5.0,1e-07,25,0.35,0.45,True,84.30000000000001,3,0.0019490129003998467,0.04414762621477905,0.12231982653278653,
689,100,3,31.5,63.0,5.0,1e-07,50,0.60,0.45,True,63.5,3,0.002922667887709963,0.054061704446955454,0.11690454626260288,
681,100,3,31.5,63.0,5.0,1e-07,25,center,center,True,88.60000000000001,3,0.023992321414164956,0.15489454933652427,4.540764433527609,
683,100,3,31.5,63.0,5.0,1e-07,25,0.45,0.55,True,82.60000000000001,3,0.0016420858084539493,0.04052265796383487,1.3619574249311313,
684,100,3,31.5,63.0,5.0,1e-07,25,0.60,0.45,True,83.80000000000001,3,0.0023694562771737595,0.04867706109836295,0.1916263050740003,
687,100,3,31.5,63.0,5.0,1e-07,50,0.35,0.45,True,78.4,3,0.0016326673490817453,0.04040627858491481,0.10966582499420731,
685,100,3,31.5,63.0,5.0,1e-07,25,0.60,0.58,True,84.10000000000001,3,0.002493759306351738,0.049937554068573864,0.1218149427542233,
693,100,3,31.5,63.0,5.0,1e-07,80,0.45,0.55,True,64.9,3,0.004320367474915648,0.06572950231757158,1.360838519270093,
688,100,3,31.5,63.0,5.0,1e-07,50,0.45,0.55,True,82.80000000000001,3,0.004925617173454009,0.07018274127913507,1.2289138505598098,
694,100,3,31.5,63.0,5.0,1e-07,80,0.60,0.45,True,63.2,3,0.0028338830228312136,0.053234227925566965,0.16392843875178095,
690,100,3,31.5,63.0,5.0,1e-07,50,0.60,0.58,True,85.30000000000001,3,0.0027167831653448467,0.05212277012347719,0.05106949446123371,
699,100,3,31.5,63.0,5.0,1e-07,120,0.60,0.45,True,63.2,3,0.0028338830228312136,0.053234227925566965,0.16392843875178095,
701,100,3,31.5,63.0,5.0,1e-06,25,center,center,True,59.5,3,0.0005688028056892628,0.023849587117794363,15.24510351692747,
708,100,3,31.5,63.0,5.0,1e-06,50,0.45,0.55,True,58.300000000000004,3,0.0007367549179196694,0.027143229688444768,16.360064481004642,
709,100,3,31.5,63.0,5.0,1e-06,50,0.60,0.45,True,55.5,3,8.255266676896925e-05,0.009085849809950045,21.139991861621724,
704,100,3,31.5,63.0,5.0,1e-06,25,0.60,0.45,True,54.800000000000004,3,0.0001680686039524712,0.012964127581618102,20.482621267504125,
698,100,3,31.5,63.0,5.0,1e-07,120,0.45,0.55,True,64.9,3,0.004320367474915648,0.06572950231757158,1.360838519270093,
722,100,3,57.7,24.4,1.0,1e-08,25,0.35,0.45,True,8.6,3,0.0,0.0,24.152527737368608,
707,100,3,31.5,63.0,5.0,1e-06,50,0.35,0.45,True,61.800000000000004,3,0.0006174796088864507,0.024849136984741556,7.914212376591899,
703,100,3,31.5,63.0,5.0,1e-06,25,0.45,0.55,True,63.0,3,0.0021615894659260944,0.046492896940566034,7.638513514516818,
725,100,3,57.7,24.4,1.0,1e-08,25,0.60,0.58,True,9.0,3,0.0,0.0,24.152527737368608,
692,100,3,31.5,63.0,5.0,1e-07,80,0.35,0.45,True,77.60000000000001,3,0.0016326535121864482,0.040406107362457575,0.0589183448894518,
710,100,3,31.5,63.0,5.0,1e-06,50,0.60,0.58,True,57.5,3,0.0011749956632997331,0.0342782097446721,16.465226515256173,
727,100,3,57.7,24.4,1.0,1e-08,50,0.35,0.45,True,8.6,3,0.0,0.0,24.152527737368608,
730,100,3,57.7,24.4,1.0,1e-08,50,0.60,0.58,True,9.0,3,0.0,0.0,24.152527737368608,
705,100,3,31.5,63.0,5.0,1e-06,25,0.60,0.58,True,65.8,3,0.0037797887426785867,0.061479986521457426,5.470378648602692,
732,100,3,57.7,24.4,1.0,1e-08,80,0.35,0.45,True,8.6,3,0.0,0.0,24.152527737368608,
691,100,3,31.5,63.0,5.0,1e-07,80,center,center,True,92.10000000000001,3,0.0019410750074142034,0.04405763279403699,5.060373467958457,
706,100,3,31.5,63.0,5.0,1e-06,50,center,center,True,63.2,3,0.00081062769072192,0.02847152420791553,13.51226375048205,
711,100,3,31.5,63.0,5.0,1e-06,80,center,center,True,58.400000000000006,3,0.0007635759991136316,0.02763287895087357,12.74932549266382,
735,100,3,57.7,24.4,1.0,1e-08,80,0.60,0.58,True,9.0,3,0.0,0.0,24.152527737368608,
697,100,3,31.5,63.0,5.0,1e-07,120,0.35,0.45,True,77.60000000000001,3,0.0016326535121864482,0.040406107362457575,0.0589183448894518,
737,100,3,57.7,24.4,1.0,1e-08,120,0.35,0.45,True,8.6,3,0.0,0.0,24.152527737368608,
695,100,3,31.5,63.0,5.0,1e-07,80,0.60,0.58,True,84.60000000000001,3,0.002681354471317462,0.051781796717741094,0.07995004546899036,
702,100,3,31.5,63.0,5.0,1e-06,25,0.35,0.45,True,69.10000000000001,3,0.004002880998356113,0.06326832539554143,5.1787723235446705,
713,100,3,31.5,63.0,5.0,1e-06,80,0.45,0.55,True,55.900000000000006,3,0.0007268808967953605,0.02696072878828316,16.307596091078118,
740,100,3,57.7,24.4,1.0,1e-08,120,0.60,0.58,True,9.0,3,0.0,0.0,24.152527737368608,
700,100,3,31.5,63.0,5.0,1e-07,120,0.60,0.58,True,84.60000000000001,3,0.002681354471317462,0.051781796717741094,0.07995004546899036,
714,100,3,31.5,63.0,5.0,1e-06,80,0.60,0.45,True,55.800000000000004,3,5.863913737891962e-05,0.007657619563475299,20.591857290245418,
716,100,3,31.5,63.0,5.0,1e-06,120,center,center,True,58.5,3,0.0006778345285076805,0.026035255491499994,11.281530691770994,
719,100,3,31.5,63.0,5.0,1e-06,120,0.60,0.45,True,55.0,3,0.0001441162376664794,0.012004842259125249,20.527076193002504,
718,100,3,31.5,63.0,5.0,1e-06,120,0.45,0.55,True,57.7,3,0.0007783870489630428,0.027899588688062103,16.526771038775625,
717,100,3,31.5,63.0,5.0,1e-06,120,0.35,0.45,True,63.2,3,0.0027734714790588564,0.052663758687154644,8.146944689901124,
696,100,3,31.5,63.0,5.0,1e-07,120,center,center,True,93.7,3,0.016979749441512766,0.13030636761690798,4.955657241695244,
715,100,3,31.5,63.0,5.0,1e-06,80,0.60,0.58,True,67.0,3,0.0037778832453950867,0.06146448767699188,4.443664099429078,
720,100,3,31.5,63.0,5.0,1e-06,120,0.60,0.58,True,68.5,3,0.003672968962572354,0.06060502423539119,6.621117084668405,
724,100,3,57.7,24.4,1.0,1e-08,25,0.60,0.45,True,61.900000000000006,3,0.008280989839162747,0.09099994417120676,24.001665843692464,
729,100,3,57.7,24.4,1.0,1e-08,50,0.60,0.45,True,62.2,3,0.008280989839162747,0.09099994417120676,24.001665843692464,
721,100,3,57.7,24.4,1.0,1e-08,25,center,center,True,70.2,3,5.048709793414476e-29,7.105427357601002e-15,24.171540861759112,
734,100,3,57.7,24.4,1.0,1e-08,80,0.60,0.45,True,62.800000000000004,3,0.008280989839162747,0.09099994417120676,24.001665843692464,
723,100,3,57.7,24.4,1.0,1e-08,25,0.45,0.55,True,69.60000000000001,3,0.0,0.0,24.152527737368608,
728,100,3,57.7,24.4,1.0,1e-08,50,0.45,0.55,True,68.8,3,0.0,0.0,24.152527737368608,
733,100,3,57.7,24.4,1.0,1e-08,80,0.45,0.55,True,68.60000000000001,3,0.0,0.0,24.152527737368608,
726,100,3,57.7,24.4,1.0,1e-08,50,center,center,True,68.8,3,5.048709793414476e-29,7.105427357601002e-15,24.171540861759112,
731,100,3,57.7,24.4,1.0,1e-08,80,center,center,True,69.0,3,5.048709793414476e-29,7.105427357601002e-15,24.171540861759112,
739,100,3,57.7,24.4,1.0,1e-08,120,0.60,0.45,True,62.800000000000004,3,0.008280989839162747,0.09099994417120676,24.001665843692464,
736,100,3,57.7,24.4,1.0,1e-08,120,center,center,True,69.0,3,5.048709793414476e-29,7.105427357601002e-15,24.171540861759112,
741,100,3,57.7,24.4,1.0,1e-07,25,center,center,True,68.9,3,0.008921069531836696,0.09445141360422668,11.878847990226118,
738,100,3,57.7,24.4,1.0,1e-08,120,0.45,0.55,True,68.60000000000001,3,0.0,0.0,24.152527737368608,
712,100,3,31.5,63.0,5.0,1e-06,80,0.35,0.45,True,119.4,3,0.002940423681974909,0.05422567364242614,1.044093469471271,
742,100,3,57.7,24.4,1.0,1e-07,25,0.35,0.45,True,83.4,3,0.03432668764652441,0.18527462763833696,13.13053718354977,
747,100,3,57.7,24.4,1.0,1e-07,50,0.35,0.45,True,87.9,3,0.009576192855320593,0.09785802397003832,16.198909048725486,
749,100,3,57.7,24.4,1.0,1e-07,50,0.60,0.45,True,84.80000000000001,3,0.012122086642049749,0.11010034805598821,10.763329222826261,
743,100,3,57.7,24.4,1.0,1e-07,25,0.45,0.55,True,90.2,3,0.010194665334091916,0.10096863539779032,13.469812531493728,
752,100,3,57.7,24.4,1.0,1e-07,80,0.35,0.45,True,80.0,3,0.034199465315201474,0.18493097446128778,14.441781603207263,
745,100,3,57.7,24.4,1.0,1e-07,25,0.60,0.58,True,92.30000000000001,3,0.03137927242762733,0.17714195558259857,12.618109122309805,
746,100,3,57.7,24.4,1.0,1e-07,50,center,center,True,91.5,3,0.030106009878324777,0.17351083504589787,11.739122197847198,
748,100,3,57.7,24.4,1.0,1e-07,50,0.45,0.55,True,91.9,3,0.010498857643261703,0.10246393337785595,14.028594939706378,
754,100,3,57.7,24.4,1.0,1e-07,80,0.60,0.45,True,85.4,3,0.01709253427108439,0.130738419261839,10.27200641206598,
744,100,3,57.7,24.4,1.0,1e-07,25,0.60,0.45,True,89.4,3,0.017957139125975106,0.1340042504026462,10.828401593208309,
751,100,3,57.7,24.4,1.0,1e-07,80,center,center,True,93.9,3,0.008319996473155827,0.09121401467513546,0.4600096488367733,
757,100,3,57.7,24.4,1.0,1e-07,120,0.35,0.45,True,83.30000000000001,3,0.03454182303984688,0.18585430594916783,13.515859454687067,
753,100,3,57.7,24.4,1.0,1e-07,80,0.45,0.55,True,92.30000000000001,3,0.010200941509260049,0.10099971044146636,13.865412456870143,
755,100,3,57.7,24.4,1.0,1e-07,80,0.60,0.58,True,85.60000000000001,3,0.03854940267426506,0.1963400180153426,13.445953684005492,
750,100,3,57.7,24.4,1.0,1e-07,50,0.60,0.58,True,92.5,3,0.02830907108743081,0.16825299726135878,6.08723663238976,
782,100,3,57.7,24.4,3.0,1e-08,25,0.35,0.45,True,8.6,3,0.0,0.0,24.152527737368608,
759,100,3,57.7,24.4,1.0,1e-07,120,0.60,0.45,True,85.30000000000001,3,0.016616878045158753,0.12890647014467022,10.142686918569478,
756,100,3,57.7,24.4,1.0,1e-07,120,center,center,True,91.2,3,0.028118605633958287,0.16768603291257828,0.24624937660166868,
785,100,3,57.7,24.4,3.0,1e-08,25,0.60,0.58,True,8.9,3,0.0,0.0,24.152527737368608,
758,100,3,57.7,24.4,1.0,1e-07,120,0.45,0.55,True,90.4,3,0.02443648185842568,0.1563217254844178,13.431148288641758,
787,100,3,57.7,24.4,3.0,1e-08,50,0.35,0.45,True,8.6,3,0.0,0.0,24.152527737368608,
762,100,3,57.7,24.4,1.0,1e-06,25,0.35,0.45,True,62.400000000000006,3,0.0013174679531735352,0.036296941374908374,4.526483962965621,
790,100,3,57.7,24.4,3.0,1e-08,50,0.60,0.58,True,8.9,3,0.0,0.0,24.152527737368608,
772,100,3,57.7,24.4,1.0,1e-06,80,0.35,0.45,True,55.300000000000004,3,0.0010265613947607502,0.03203999679714013,3.8536032892096146,
792,100,3,57.7,24.4,3.0,1e-08,80,0.35,0.45,True,8.6,3,0.0,0.0,24.152527737368608,
795,100,3,57.7,24.4,3.0,1e-08,80,0.60,0.58,True,8.9,3,0.0,0.0,24.152527737368608,
797,100,3,57.7,24.4,3.0,1e-08,120,0.35,0.45,True,8.6,3,0.0,0.0,24.152527737368608,
768,100,3,57.7,24.4,1.0,1e-06,50,0.45,0.55,True,69.3,3,0.003314415830214565,0.057570963429619315,2.4338005003545806,
770,100,3,57.7,24.4,1.0,1e-06,50,0.60,0.58,True,68.0,3,0.003532350422121034,0.059433579920117836,3.6214383981912643,
767,100,3,57.7,24.4,1.0,1e-06,50,0.35,0.45,True,70.2,3,0.0028439969941119166,0.05332913832148347,3.7667954454973853,
771,100,3,57.7,24.4,1.0,1e-06,80,center,center,True,68.5,3,0.002174289463443414,0.04662927689170629,3.4244845797016668,
773,100,3,57.7,24.4,1.0,1e-06,80,0.45,0.55,True,69.8,3,0.0034858042817998065,0.059040700214342025,3.7263637251536017,
760,100,3,57.7,24.4,1.0,1e-07,120,0.60,0.58,True,92.9,3,0.015371955690001519,0.1239836912259089,7.030134504741777,
766,100,3,57.7,24.4,1.0,1e-06,50,center,center,True,70.5,3,0.002301496872469645,0.047973918669102326,1.9465915755131,
800,100,3,57.7,24.4,3.0,1e-08,120,0.60,0.58,True,8.9,3,0.0,0.0,24.152527737368608,
769,100,3,57.7,24.4,1.0,1e-06,50,0.60,0.45,True,71.9,3,0.001874335479236955,0.04329359628440394,1.6268568789241211,
777,100,3,57.7,24.4,1.0,1e-06,120,0.35,0.45,True,52.7,3,0.0028880109761834256,0.05374021749289284,4.033491268920473,
775,100,3,57.7,24.4,1.0,1e-06,80,0.60,0.58,True,69.3,3,0.0012098165216443996,0.03478241684593524,3.088714420253779,
774,100,3,57.7,24.4,1.0,1e-06,80,0.60,0.45,True,71.0,3,0.001925867002195465,0.04388470123169879,2.136643934155912,
776,100,3,57.7,24.4,1.0,1e-06,120,center,center,True,68.60000000000001,3,0.0020098398284230557,0.044831237194874016,3.707326125860803,
778,100,3,57.7,24.4,1.0,1e-06,120,0.45,0.55,True,67.3,3,0.0031391106857937457,0.056027767096268846,3.6670837653469874,
779,100,3,57.7,24.4,1.0,1e-06,120,0.60,0.45,True,68.3,3,0.0018159874871355912,0.042614404690615955,1.7118177754206196,
780,100,3,57.7,24.4,1.0,1e-06,120,0.60,0.58,True,68.10000000000001,3,0.0012004868047988673,0.034648041860960446,3.164462015390046,
784,100,3,57.7,24.4,3.0,1e-08,25,0.60,0.45,True,63.0,3,0.008032537371300379,0.08962442396635183,24.031991935089476,
781,100,3,57.7,24.4,3.0,1e-08,25,center,center,True,67.2,3,0.0,0.0,24.152527737368608,
789,100,3,57.7,24.4,3.0,1e-08,50,0.60,0.45,True,62.7,3,0.008032537371300379,0.08962442396635183,24.031991935089476,
786,100,3,57.7,24.4,3.0,1e-08,50,center,center,True,67.0,3,0.0,0.0,24.152527737368608,
783,100,3,57.7,24.4,3.0,1e-08,25,0.45,0.55,True,62.300000000000004,3,0.0,0.0,24.152527737368608,
788,100,3,57.7,24.4,3.0,1e-08,50,0.45,0.55,True,63.6,3,0.0,0.0,24.152527737368608,
794,100,3,57.7,24.4,3.0,1e-08,80,0.60,0.45,True,62.7,3,0.008032537371300379,0.08962442396635183,24.031991935089476,
793,100,3,57.7,24.4,3.0,1e-08,80,0.45,0.55,True,63.5,3,0.0,0.0,24.152527737368608,
798,100,3,57.7,24.4,3.0,1e-08,120,0.45,0.55,True,63.5,3,0.0,0.0,24.152527737368608,
799,100,3,57.7,24.4,3.0,1e-08,120,0.60,0.45,True,62.7,3,0.008032537371300379,0.08962442396635183,24.031991935089476,
796,100,3,57.7,24.4,3.0,1e-08,120,center,center,True,67.5,3,0.0,0.0,24.152527737368608,
791,100,3,57.7,24.4,3.0,1e-08,80,center,center,True,67.5,3,0.0,0.0,24.152527737368608,
801,100,3,57.7,24.4,3.0,1e-07,25,center,center,True,68.9,3,0.01904941049191694,0.1380196018394378,11.771315468706874,
802,100,3,57.7,24.4,3.0,1e-07,25,0.35,0.45,True,83.4,3,0.034326442699564426,0.18527396659963974,13.139320377394343,
807,100,3,57.7,24.4,3.0,1e-07,50,0.35,0.45,True,87.9,3,0.009615856003241146,0.09806047115551274,16.239146862333076,
806,100,3,57.7,24.4,3.0,1e-07,50,center,center,True,91.5,3,0.030063833390659198,0.17338925396534585,11.362094889501376,
803,100,3,57.7,24.4,3.0,1e-07,25,0.45,0.55,True,90.4,3,0.010191274048496473,0.10095184024323911,13.475661404098068,
804,100,3,57.7,24.4,3.0,1e-07,25,0.60,0.45,True,91.2,3,0.03067692554511784,0.17514829586701047,12.9363685287431,
809,100,3,57.7,24.4,3.0,1e-07,50,0.60,0.45,True,90.30000000000001,3,0.018184542678170396,0.13485007481707378,9.936684397157697,
808,100,3,57.7,24.4,3.0,1e-07,50,0.45,0.55,True,91.9,3,0.014014193007182187,0.11838155687091713,13.341430561419823,
812,100,3,57.7,24.4,3.0,1e-07,80,0.35,0.45,True,80.0,3,0.03337951852327809,0.18270062540472623,14.424320345189507,
805,100,3,57.7,24.4,3.0,1e-07,25,0.60,0.58,True,92.60000000000001,3,0.031358978770407595,0.17708466554280639,12.592155223155965,
810,100,3,57.7,24.4,3.0,1e-07,50,0.60,0.58,True,92.80000000000001,3,0.0283149089031453,0.16827034469313154,6.231163882154209,
822,100,3,57.7,24.4,3.0,1e-06,25,0.35,0.45,True,64.3,3,0.003844212932704039,0.06200171717544635,4.550587650423275,
814,100,3,57.7,24.4,3.0,1e-07,80,0.60,0.45,True,91.9,3,0.004799909485630523,0.06928137906848075,12.867012255897366,
811,100,3,57.7,24.4,3.0,1e-07,80,center,center,True,95.60000000000001,3,0.013787775714451441,0.11742135970278764,0.7846039033337281,
813,100,3,57.7,24.4,3.0,1e-07,80,0.45,0.55,True,92.4,3,0.010201489806648012,0.10100242475628005,13.864550994021043,
817,100,3,57.7,24.4,3.0,1e-07,120,0.35,0.45,True,83.30000000000001,3,0.03454192177749615,0.18585457158083615,13.524056065217984,
824,100,3,57.7,24.4,3.0,1e-06,25,0.60,0.45,True,72.4,3,0.00134851906381202,0.036722187622907486,1.9627676836679668,
828,100,3,57.7,24.4,3.0,1e-06,50,0.45,0.55,True,69.3,3,0.002484561720490812,0.0498453781256679,2.5253985263293472,
819,100,3,57.7,24.4,3.0,1e-07,120,0.60,0.45,True,86.60000000000001,3,0.030747647372016254,0.17535007092104712,10.755359541003191,
842,100,3,57.7,24.4,5.0,1e-08,25,0.35,0.45,True,8.6,3,0.0,0.0,24.152527737368608,
827,100,3,57.7,24.4,3.0,1e-06,50,0.35,0.45,True,70.0,3,0.0011177659309404367,0.03343300660934396,3.8329418607533126,
816,100,3,57.7,24.4,3.0,1e-07,120,center,center,True,91.9,3,0.01890541919989515,0.13749697887551984,0.23398979906531656,
815,100,3,57.7,24.4,3.0,1e-07,80,0.60,0.58,True,90.0,3,0.03208189728064413,0.1791142017837897,13.295086969414237,
845,100,3,57.7,24.4,5.0,1e-08,25,0.60,0.58,True,8.9,3,0.0,0.0,24.152527737368608,
826,100,3,57.7,24.4,3.0,1e-06,50,center,center,True,71.0,3,0.0008548438299462218,0.029237712460899224,1.7806425033933633,
818,100,3,57.7,24.4,3.0,1e-07,120,0.45,0.55,True,90.4,3,0.029139357932087665,0.1707025422543193,13.339307672090186,
847,100,3,57.7,24.4,5.0,1e-08,50,0.35,0.45,True,8.6,3,0.0,0.0,24.152527737368608,
820,100,3,57.7,24.4,3.0,1e-07,120,0.60,0.58,True,90.7,3,0.028876546039479745,0.16993100376176135,7.18873256751092,
832,100,3,57.7,24.4,3.0,1e-06,80,0.35,0.45,True,55.0,3,0.00020831970281765943,0.014433284547103594,3.6202539857062956,
850,100,3,57.7,24.4,5.0,1e-08,50,0.60,0.58,True,8.9,3,0.0,0.0,24.152527737368608,
852,100,3,57.7,24.4,5.0,1e-08,80,0.35,0.45,True,8.6,3,0.0,0.0,24.152527737368608,
855,100,3,57.7,24.4,5.0,1e-08,80,0.60,0.58,True,8.9,3,0.0,0.0,24.152527737368608,
763,100,3,57.7,24.4,1.0,1e-06,25,0.45,0.55,True,205.9,3,26.049955034471388,5.103915657068736,7.2340977460354114,
830,100,3,57.7,24.4,3.0,1e-06,50,0.60,0.58,True,66.3,3,0.0012285915077593296,0.0350512697025276,3.7691429586886076,
857,100,3,57.7,24.4,5.0,1e-08,120,0.35,0.45,True,8.6,3,0.0,0.0,24.152527737368608,
829,100,3,57.7,24.4,3.0,1e-06,50,0.60,0.45,True,71.0,3,0.00210458504230305,0.045875756585619924,1.626875955292671,
837,100,3,57.7,24.4,3.0,1e-06,120,0.35,0.45,True,52.7,3,0.0028925065595036305,0.053782028220434666,4.007225022005129,
860,100,3,57.7,24.4,5.0,1e-08,120,0.60,0.58,True,8.9,3,0.0,0.0,24.152527737368608,
831,100,3,57.7,24.4,3.0,1e-06,80,center,center,True,69.2,3,0.002923784915501367,0.054072034504921,3.6067349669900866,
835,100,3,57.7,24.4,3.0,1e-06,80,0.60,0.58,True,66.8,3,0.0011837987649310007,0.034406376806211385,3.383941471599397,
833,100,3,57.7,24.4,3.0,1e-06,80,0.45,0.55,True,69.60000000000001,3,0.003399023849836689,0.058301147928978975,3.6748044560874282,
836,100,3,57.7,24.4,3.0,1e-06,120,center,center,True,70.0,3,0.001089999185627026,0.03301513570511298,4.074845140610821,
834,100,3,57.7,24.4,3.0,1e-06,80,0.60,0.45,True,71.10000000000001,3,0.0018888040653310607,0.043460373506575625,1.945733172315917,
839,100,3,57.7,24.4,3.0,1e-06,120,0.60,0.45,True,66.8,3,0.0018319615109619325,0.042801419497043934,1.7642070446382532,
838,100,3,57.7,24.4,3.0,1e-06,120,0.45,0.55,True,67.2,3,0.0013679517012751617,0.03698583108806887,3.6608651715496014,
840,100,3,57.7,24.4,3.0,1e-06,120,0.60,0.58,True,68.7,3,0.0011545859110324546,0.03397919821055898,3.412420560876731,
841,100,3,57.7,24.4,5.0,1e-08,25,center,center,True,68.9,3,0.0,0.0,24.152527737368608,
843,100,3,57.7,24.4,5.0,1e-08,25,0.45,0.55,True,62.300000000000004,3,0.0,0.0,24.152527737368608,
844,100,3,57.7,24.4,5.0,1e-08,25,0.60,0.45,True,62.800000000000004,3,0.008286283351508515,0.09102902477511508,24.00390723284928,
846,100,3,57.7,24.4,5.0,1e-08,50,center,center,True,64.5,3,0.0,0.0,24.152527737368608,
849,100,3,57.7,24.4,5.0,1e-08,50,0.60,0.45,True,62.0,3,0.008286283351508515,0.09102902477511508,24.00390723284928,
851,100,3,57.7,24.4,5.0,1e-08,80,center,center,True,64.10000000000001,3,0.0,0.0,24.152527737368608,
764,100,3,57.7,24.4,1.0,1e-06,25,0.60,0.45,True,246.60000000000002,3,14.846685653520849,3.8531397137296812,4.12304749183083,
848,100,3,57.7,24.4,5.0,1e-08,50,0.45,0.55,True,63.6,3,0.0,0.0,24.152527737368608,
854,100,3,57.7,24.4,5.0,1e-08,80,0.60,0.45,True,62.800000000000004,3,0.008286283351508515,0.09102902477511508,24.00390723284928,
856,100,3,57.7,24.4,5.0,1e-08,120,center,center,True,64.10000000000001,3,0.0,0.0,24.152527737368608,
859,100,3,57.7,24.4,5.0,1e-08,120,0.60,0.45,True,62.800000000000004,3,0.008286283351508515,0.09102902477511508,24.00390723284928,
853,100,3,57.7,24.4,5.0,1e-08,80,0.45,0.55,True,63.5,3,0.0,0.0,24.152527737368608,
858,100,3,57.7,24.4,5.0,1e-08,120,0.45,0.55,True,63.5,3,0.0,0.0,24.152527737368608,
861,100,3,57.7,24.4,5.0,1e-07,25,center,center,True,69.4,3,0.03224355008530755,0.1795648910152192,0.9948852923475487,
864,100,3,57.7,24.4,5.0,1e-07,25,0.60,0.45,True,65.0,3,0.006536141241188377,0.08084640524592529,13.20884835225861,
863,100,3,57.7,24.4,5.0,1e-07,25,0.45,0.55,True,90.80000000000001,3,0.010149994503851515,0.10074718112111879,13.30283913828991,
862,100,3,57.7,24.4,5.0,1e-07,25,0.35,0.45,True,86.0,3,0.03432268490869087,0.18526382514859957,13.152183095958367,
867,100,3,57.7,24.4,5.0,1e-07,50,0.35,0.45,True,87.5,3,0.009362171056241587,0.09675831259505091,16.008174511431775,
868,100,3,57.7,24.4,5.0,1e-07,50,0.45,0.55,True,91.0,3,0.029809017591202042,0.1726528817923467,13.098181222147188,
865,100,3,57.7,24.4,5.0,1e-07,25,0.60,0.58,True,90.60000000000001,3,0.030245313745315312,0.1739117987524576,13.441534209050833,
866,100,3,57.7,24.4,5.0,1e-07,50,center,center,True,94.60000000000001,3,0.015961804036473355,0.12634003338796992,2.783321169135884,
872,100,3,57.7,24.4,5.0,1e-07,80,0.35,0.45,True,80.10000000000001,3,0.03435266541844484,0.1853447205032958,14.509774638521506,
870,100,3,57.7,24.4,5.0,1e-07,50,0.60,0.58,True,92.30000000000001,3,0.009859527716709157,0.09929515454798969,1.0927190372890518,
869,100,3,57.7,24.4,5.0,1e-07,50,0.60,0.45,True,93.30000000000001,3,0.0289009947932125,0.1700029258372117,13.021804504490458,
871,100,3,57.7,24.4,5.0,1e-07,80,center,center,True,94.30000000000001,3,0.03104690509890891,0.17620131979899842,0.5180119457081559,
882,100,3,57.7,24.4,5.0,1e-06,25,0.35,0.45,True,64.4,3,0.0038499143994057457,0.06204767843687422,4.449267218022408,
873,100,3,57.7,24.4,5.0,1e-07,80,0.45,0.55,True,92.60000000000001,3,0.01013464600323541,0.1006709789524042,13.710561178701917,
874,100,3,57.7,24.4,5.0,1e-07,80,0.60,0.45,True,88.4,3,0.030801315163982074,0.1755030346289832,11.781939005235905,
901,100,4,22.5,22.5,1.0,1e-08,25,center,center,True,0.2,4,1.533669951515742e-05,0.003916209840541926,31.519975332858188,
902,100,4,22.5,22.5,1.0,1e-08,25,0.35,0.45,True,0.2,4,1.534219683160508e-05,0.003916911644600256,31.51992268350505,
904,100,4,22.5,22.5,1.0,1e-08,25,0.60,0.45,True,0.2,4,1.491673473913037e-05,0.003862218888039668,31.52692563828082,
903,100,4,22.5,22.5,1.0,1e-08,25,0.45,0.55,True,0.2,4,1.534218943603317e-05,0.0039169107005436275,31.519922748603932,
906,100,4,22.5,22.5,1.0,1e-08,50,center,center,True,0.2,4,1.533669951515742e-05,0.003916209840541926,31.519975332858188,
905,100,4,22.5,22.5,1.0,1e-08,25,0.60,0.58,True,0.2,4,1.5316976661962784e-05,0.003913690925707188,31.520169925602243,
907,100,4,22.5,22.5,1.0,1e-08,50,0.35,0.45,True,0.2,4,1.534219683160508e-05,0.003916911644600256,31.51992268350505,
908,100,4,22.5,22.5,1.0,1e-08,50,0.45,0.55,True,0.2,4,1.534218943603317e-05,0.0039169107005436275,31.519922748603932,
909,100,4,22.5,22.5,1.0,1e-08,50,0.60,0.45,True,0.2,4,1.491673473913037e-05,0.003862218888039668,31.52692563828082,
910,100,4,22.5,22.5,1.0,1e-08,50,0.60,0.58,True,0.2,4,1.5316976661962784e-05,0.003913690925707188,31.520169925602243,
912,100,4,22.5,22.5,1.0,1e-08,80,0.35,0.45,True,0.2,4,1.534219683160508e-05,0.003916911644600256,31.51992268350505,
911,100,4,22.5,22.5,1.0,1e-08,80,center,center,True,0.2,4,1.533669951515742e-05,0.003916209840541926,31.519975332858188,
913,100,4,22.5,22.5,1.0,1e-08,80,0.45,0.55,True,0.2,4,1.534218943603317e-05,0.0039169107005436275,31.519922748603932,
914,100,4,22.5,22.5,1.0,1e-08,80,0.60,0.45,True,0.2,4,1.491673473913037e-05,0.003862218888039668,31.52692563828082,
915,100,4,22.5,22.5,1.0,1e-08,80,0.60,0.58,True,0.2,4,1.5316976661962784e-05,0.003913690925707188,31.520169925602243,
877,100,3,57.7,24.4,5.0,1e-07,120,0.35,0.45,True,89.7,3,0.013484995022099757,0.11612491128995431,8.025589905195133,
916,100,4,22.5,22.5,1.0,1e-08,120,center,center,True,0.2,4,1.533669951515742e-05,0.003916209840541926,31.519975332858188,
918,100,4,22.5,22.5,1.0,1e-08,120,0.45,0.55,True,0.2,4,1.534218943603317e-05,0.0039169107005436275,31.519922748603932,
917,100,4,22.5,22.5,1.0,1e-08,120,0.35,0.45,True,0.2,4,1.534219683160508e-05,0.003916911644600256,31.51992268350505,
884,100,3,57.7,24.4,5.0,1e-06,25,0.60,0.45,True,74.8,3,0.0020600464105278928,0.04538773414181295,2.120853748586312,
875,100,3,57.7,24.4,5.0,1e-07,80,0.60,0.58,True,91.9,3,0.03194437615435853,0.1787298972034576,13.60640778262893,
887,100,3,57.7,24.4,5.0,1e-06,50,0.35,0.45,True,70.10000000000001,3,0.0009970946741015094,0.03157680595154471,3.8580385305618474,
919,100,4,22.5,22.5,1.0,1e-08,120,0.60,0.45,True,0.2,4,1.491673473913037e-05,0.003862218888039668,31.52692563828082,
920,100,4,22.5,22.5,1.0,1e-08,120,0.60,0.58,True,0.2,4,1.5316976661962784e-05,0.003913690925707188,31.520169925602243,
879,100,3,57.7,24.4,5.0,1e-07,120,0.60,0.45,True,85.7,3,0.030603749496202523,0.17493927373863916,11.564130548439053,
886,100,3,57.7,24.4,5.0,1e-06,50,center,center,True,71.4,3,0.002057283758138897,0.04535729002198982,2.2174985917612435,
878,100,3,57.7,24.4,5.0,1e-07,120,0.45,0.55,True,90.5,3,0.02913954828480317,0.17070309981017676,13.339908476391628,
880,100,3,57.7,24.4,5.0,1e-07,120,0.60,0.58,True,92.7,3,0.029366636608858535,0.1713669647535911,7.033443900781029,
922,100,4,22.5,22.5,1.0,1e-07,25,0.35,0.45,True,7.5,3,80.17735352958775,8.954180784951115,25.150690378985257,
923,100,4,22.5,22.5,1.0,1e-07,25,0.45,0.55,True,7.7,3,84.88404525974877,9.213253782445634,25.00112011999047,
888,100,3,57.7,24.4,5.0,1e-06,50,0.45,0.55,True,71.10000000000001,3,0.00248752833485933,0.049875127416973385,2.7525841869985705,
925,100,4,22.5,22.5,1.0,1e-07,25,0.60,0.58,True,7.6000000000000005,3,82.10846163432191,9.061371950997371,25.090104655834978,
927,100,4,22.5,22.5,1.0,1e-07,50,0.35,0.45,True,7.5,3,80.17735352958775,8.954180784951115,25.150690378985257,
921,100,4,22.5,22.5,1.0,1e-07,25,center,center,True,8.4,3,102.24077894027582,10.111418245739607,24.482976656571058,
928,100,4,22.5,22.5,1.0,1e-07,50,0.45,0.55,True,7.7,3,84.88404525974877,9.213253782445634,25.00112011999047,
876,100,3,57.7,24.4,5.0,1e-07,120,center,center,True,95.9,3,0.004026302436676505,0.06345315151098883,0.7857917485475763,
926,100,4,22.5,22.5,1.0,1e-07,50,center,center,True,8.4,3,102.24077894027582,10.111418245739607,24.482976656571058,
924,100,4,22.5,22.5,1.0,1e-07,25,0.60,0.45,True,8.700000000000001,3,98.92168648949502,9.945938190512498,24.321146334069443,
892,100,3,57.7,24.4,5.0,1e-06,80,0.35,0.45,True,53.5,3,0.0008830009120623833,0.029715331262874782,3.763778258069869,
929,100,4,22.5,22.5,1.0,1e-07,50,0.60,0.45,True,8.700000000000001,3,98.92168648949502,9.945938190512498,24.321146334069443,
930,100,4,22.5,22.5,1.0,1e-07,50,0.60,0.58,True,7.6000000000000005,3,82.10846163432191,9.061371950997371,25.090104655834978,
890,100,3,57.7,24.4,5.0,1e-06,50,0.60,0.58,True,65.7,3,0.003534051830874583,0.05944789172775249,3.549712620794195,
932,100,4,22.5,22.5,1.0,1e-07,80,0.35,0.45,True,7.5,3,80.17735352958775,8.954180784951115,25.150690378985257,
933,100,4,22.5,22.5,1.0,1e-07,80,0.45,0.55,True,7.7,3,84.88404525974877,9.213253782445634,25.00112011999047,
889,100,3,57.7,24.4,5.0,1e-06,50,0.60,0.45,True,71.0,3,0.0018372849021666181,0.042863561473197934,1.716817686892738,
931,100,4,22.5,22.5,1.0,1e-07,80,center,center,True,8.4,3,102.24077894027582,10.111418245739607,24.482976656571058,
935,100,4,22.5,22.5,1.0,1e-07,80,0.60,0.58,True,7.6000000000000005,3,82.10846163432191,9.061371950997371,25.090104655834978,
937,100,4,22.5,22.5,1.0,1e-07,120,0.35,0.45,True,7.5,3,80.17735352958775,8.954180784951115,25.150690378985257,
934,100,4,22.5,22.5,1.0,1e-07,80,0.60,0.45,True,8.700000000000001,3,98.92168648949502,9.945938190512498,24.321146334069443,
940,100,4,22.5,22.5,1.0,1e-07,120,0.60,0.58,True,7.6000000000000005,3,82.10846163432191,9.061371950997371,25.090104655834978,
938,100,4,22.5,22.5,1.0,1e-07,120,0.45,0.55,True,7.7,3,84.88404525974877,9.213253782445634,25.00112011999047,
897,100,3,57.7,24.4,5.0,1e-06,120,0.35,0.45,True,53.1,3,0.0033374306639901035,0.057770499945820994,4.169697330633429,
936,100,4,22.5,22.5,1.0,1e-07,120,center,center,True,8.4,3,102.24077894027582,10.111418245739607,24.482976656571058,
939,100,4,22.5,22.5,1.0,1e-07,120,0.60,0.45,True,8.700000000000001,3,98.92168648949502,9.945938190512498,24.321146334069443,
891,100,3,57.7,24.4,5.0,1e-06,80,center,center,True,68.8,3,0.002960926560880747,0.0544143966325158,4.128364572696631,
895,100,3,57.7,24.4,5.0,1e-06,80,0.60,0.58,True,67.3,3,0.001250093829527359,0.035356665984328316,3.098827661463021,
896,100,3,57.7,24.4,5.0,1e-06,120,center,center,True,69.5,3,0.0010369890189203832,0.03220231387525411,3.918491221286084,
894,100,3,57.7,24.4,5.0,1e-06,80,0.60,0.45,True,71.0,3,0.0018926797155767682,0.043504938979117856,1.9424544208801922,
893,100,3,57.7,24.4,5.0,1e-06,80,0.45,0.55,True,70.0,3,0.002558095164824045,0.050577615254419075,3.822644869530969,
899,100,3,57.7,24.4,5.0,1e-06,120,0.60,0.45,True,68.2,3,0.001267752802205578,0.03560551645750386,2.0604092023206166,
898,100,3,57.7,24.4,5.0,1e-06,120,0.45,0.55,True,67.0,3,0.0024092200656016865,0.049083806551669225,3.514423941958968,
961,100,4,22.5,22.5,3.0,1e-08,25,center,center,True,0.2,4,1.533669951515742e-05,0.003916209840541926,31.519975332858188,
962,100,4,22.5,22.5,3.0,1e-08,25,0.35,0.45,True,0.2,4,1.534219683160508e-05,0.003916911644600256,31.51992268350505,
964,100,4,22.5,22.5,3.0,1e-08,25,0.60,0.45,True,0.2,4,1.491673473913037e-05,0.003862218888039668,31.52692563828082,
900,100,3,57.7,24.4,5.0,1e-06,120,0.60,0.58,True,69.0,3,0.0036274348982421743,0.06022819022884694,3.5279470685051733,
963,100,4,22.5,22.5,3.0,1e-08,25,0.45,0.55,True,0.2,4,1.534218943603317e-05,0.0039169107005436275,31.519922748603932,
965,100,4,22.5,22.5,3.0,1e-08,25,0.60,0.58,True,0.2,4,1.5316976661962784e-05,0.003913690925707188,31.520169925602243,
966,100,4,22.5,22.5,3.0,1e-08,50,center,center,True,0.2,4,1.533669951515742e-05,0.003916209840541926,31.519975332858188,
967,100,4,22.5,22.5,3.0,1e-08,50,0.35,0.45,True,0.2,4,1.534219683160508e-05,0.003916911644600256,31.51992268350505,
968,100,4,22.5,22.5,3.0,1e-08,50,0.45,0.55,True,0.2,4,1.534218943603317e-05,0.0039169107005436275,31.519922748603932,
969,100,4,22.5,22.5,3.0,1e-08,50,0.60,0.45,True,0.2,4,1.491673473913037e-05,0.003862218888039668,31.52692563828082,
970,100,4,22.5,22.5,3.0,1e-08,50,0.60,0.58,True,0.2,4,1.5316976661962784e-05,0.003913690925707188,31.520169925602243,
971,100,4,22.5,22.5,3.0,1e-08,80,center,center,True,0.2,4,1.533669951515742e-05,0.003916209840541926,31.519975332858188,
972,100,4,22.5,22.5,3.0,1e-08,80,0.35,0.45,True,0.2,4,1.534219683160508e-05,0.003916911644600256,31.51992268350505,
973,100,4,22.5,22.5,3.0,1e-08,80,0.45,0.55,True,0.2,4,1.534218943603317e-05,0.0039169107005436275,31.519922748603932,
974,100,4,22.5,22.5,3.0,1e-08,80,0.60,0.45,True,0.2,4,1.491673473913037e-05,0.003862218888039668,31.52692563828082,
975,100,4,22.5,22.5,3.0,1e-08,80,0.60,0.58,True,0.2,4,1.5316976661962784e-05,0.003913690925707188,31.520169925602243,
976,100,4,22.5,22.5,3.0,1e-08,120,center,center,True,0.2,4,1.533669951515742e-05,0.003916209840541926,31.519975332858188,
977,100,4,22.5,22.5,3.0,1e-08,120,0.35,0.45,True,0.2,4,1.534219683160508e-05,0.003916911644600256,31.51992268350505,
979,100,4,22.5,22.5,3.0,1e-08,120,0.60,0.45,True,0.2,4,1.491673473913037e-05,0.003862218888039668,31.52692563828082,
978,100,4,22.5,22.5,3.0,1e-08,120,0.45,0.55,True,0.2,4,1.534218943603317e-05,0.0039169107005436275,31.519922748603932,
980,100,4,22.5,22.5,3.0,1e-08,120,0.60,0.58,True,0.2,4,1.5316976661962784e-05,0.003913690925707188,31.520169925602243,
823,100,3,57.7,24.4,3.0,1e-06,25,0.45,0.55,True,253.10000000000002,3,35.51799033030057,5.95969716766721,7.475792333645871,
982,100,4,22.5,22.5,3.0,1e-07,25,0.35,0.45,True,7.5,3,80.17735588490709,8.954180916471762,25.15069030222893,
983,100,4,22.5,22.5,3.0,1e-07,25,0.45,0.55,True,7.7,3,84.88405247492761,9.21325417401081,25.00111988840754,
981,100,4,22.5,22.5,3.0,1e-07,25,center,center,True,8.4,3,102.2407749781107,10.111418049814313,24.482976746673046,
942,100,4,22.5,22.5,1.0,1e-06,25,0.35,0.45,True,35.9,3,0.004194973906231751,0.06476861822080004,2.642749512694184,
985,100,4,22.5,22.5,3.0,1e-07,25,0.60,0.58,True,7.6000000000000005,3,82.10846122190972,9.061371928240764,25.09010467035642,
984,100,4,22.5,22.5,3.0,1e-07,25,0.60,0.45,True,8.4,3,94.22389750646082,9.7068994795692,24.75152486992001,
943,100,4,22.5,22.5,1.0,1e-06,25,0.45,0.55,True,38.0,3,0.00438440232300749,0.0662148195120057,2.3562048169612715,
952,100,4,22.5,22.5,1.0,1e-06,80,0.35,0.45,True,36.300000000000004,3,0.0042592148792873425,0.06526266068195,2.7015720805973777,
947,100,4,22.5,22.5,1.0,1e-06,50,0.35,0.45,True,36.300000000000004,3,0.0042592148792873425,0.06526266068195,2.7015720805973777,
944,100,4,22.5,22.5,1.0,1e-06,25,0.60,0.45,True,38.5,3,0.0024191880611736404,0.04918524231081555,2.2330770347460245,
948,100,4,22.5,22.5,1.0,1e-06,50,0.45,0.55,True,37.5,3,0.004281905124075561,0.0654362676508644,2.3408734873973343,
957,100,4,22.5,22.5,1.0,1e-06,120,0.35,0.45,True,36.300000000000004,3,0.0042592148792873425,0.06526266068195,2.7015720805973777,
987,100,4,22.5,22.5,3.0,1e-07,50,0.35,0.45,True,7.5,3,80.17735588490709,8.954180916471762,25.15069030222893,
950,100,4,22.5,22.5,1.0,1e-06,50,0.60,0.58,True,35.0,3,0.0009217409108400328,0.030360186278085198,1.9526263924339624,
953,100,4,22.5,22.5,1.0,1e-06,80,0.45,0.55,True,36.9,3,0.004281905124075561,0.0654362676508644,2.3408734873973343,
988,100,4,22.5,22.5,3.0,1e-07,50,0.45,0.55,True,7.7,3,84.88405247492761,9.21325417401081,25.00111988840754,
955,100,4,22.5,22.5,1.0,1e-06,80,0.60,0.58,True,34.800000000000004,3,0.0009217409108400328,0.030360186278085198,1.9526263924339624,
945,100,4,22.5,22.5,1.0,1e-06,25,0.60,0.58,True,37.2,3,0.0037550124388588007,0.061278156294545943,2.3551713665168723,
986,100,4,22.5,22.5,3.0,1e-07,50,center,center,True,8.4,3,102.2407749781107,10.111418049814313,24.482976746673046,
989,100,4,22.5,22.5,3.0,1e-07,50,0.60,0.45,True,8.4,3,94.22389750646082,9.7068994795692,24.75152486992001,
949,100,4,22.5,22.5,1.0,1e-06,50,0.60,0.45,True,38.0,3,0.0025315881386298,0.050314889830246075,2.4134563505894358,
941,100,4,22.5,22.5,1.0,1e-06,25,center,center,True,42.6,3,0.0046135341470680755,0.06792300160525944,2.9593364881435664,
990,100,4,22.5,22.5,3.0,1e-07,50,0.60,0.58,True,7.6000000000000005,3,82.10846122190972,9.061371928240764,25.09010467035642,
991,100,4,22.5,22.5,3.0,1e-07,80,center,center,True,8.4,3,102.2407749781107,10.111418049814313,24.482976746673046,
954,100,4,22.5,22.5,1.0,1e-06,80,0.60,0.45,True,38.0,3,0.0025315881386298,0.050314889830246075,2.4134563505894358,
956,100,4,22.5,22.5,1.0,1e-06,120,center,center,True,42.5,3,0.00440746463170046,0.0663887387416003,2.5511242346508247,
946,100,4,22.5,22.5,1.0,1e-06,50,center,center,True,44.900000000000006,3,0.00440746463170046,0.0663887387416003,2.5511242346508247,
992,100,4,22.5,22.5,3.0,1e-07,80,0.35,0.45,True,7.5,3,80.17735588490709,8.954180916471762,25.15069030222893,
951,100,4,22.5,22.5,1.0,1e-06,80,center,center,True,42.5,3,0.00440746463170046,0.0663887387416003,2.5511242346508247,
993,100,4,22.5,22.5,3.0,1e-07,80,0.45,0.55,True,7.7,3,84.88405247492761,9.21325417401081,25.00111988840754,
995,100,4,22.5,22.5,3.0,1e-07,80,0.60,0.58,True,7.6000000000000005,3,82.10846122190972,9.061371928240764,25.09010467035642,
998,100,4,22.5,22.5,3.0,1e-07,120,0.45,0.55,True,7.7,3,84.88405247492761,9.21325417401081,25.00111988840754,
997,100,4,22.5,22.5,3.0,1e-07,120,0.35,0.45,True,7.5,3,80.17735588490709,8.954180916471762,25.15069030222893,
959,100,4,22.5,22.5,1.0,1e-06,120,0.60,0.45,True,38.0,3,0.0025315881386298,0.050314889830246075,2.4134563505894358,
1000,100,4,22.5,22.5,3.0,1e-07,120,0.60,0.58,True,7.6000000000000005,3,82.10846122190972,9.061371928240764,25.09010467035642,
994,100,4,22.5,22.5,3.0,1e-07,80,0.60,0.45,True,8.4,3,94.22389750646082,9.7068994795692,24.75152486992001,
958,100,4,22.5,22.5,1.0,1e-06,120,0.45,0.55,True,36.9,3,0.004281905124075561,0.0654362676508644,2.3408734873973343,
999,100,4,22.5,22.5,3.0,1e-07,120,0.60,0.45,True,8.4,3,94.22389750646082,9.7068994795692,24.75152486992001,
996,100,4,22.5,22.5,3.0,1e-07,120,center,center,True,8.4,3,102.2407749781107,10.111418049814313,24.482976746673046,
1021,100,4,22.5,22.5,5.0,1e-08,25,center,center,True,0.2,4,1.533669951515742e-05,0.003916209840541926,31.519975332858188,
960,100,4,22.5,22.5,1.0,1e-06,120,0.60,0.58,True,34.800000000000004,3,0.0009217409108400328,0.030360186278085198,1.9526263924339624,
1022,100,4,22.5,22.5,5.0,1e-08,25,0.35,0.45,True,0.2,4,1.534219683160508e-05,0.003916911644600256,31.51992268350505,
1023,100,4,22.5,22.5,5.0,1e-08,25,0.45,0.55,True,0.2,4,1.534218943603317e-05,0.0039169107005436275,31.519922748603932,
1026,100,4,22.5,22.5,5.0,1e-08,50,center,center,True,0.2,4,1.533669951515742e-05,0.003916209840541926,31.519975332858188,
1025,100,4,22.5,22.5,5.0,1e-08,25,0.60,0.58,True,0.2,4,1.5316976661962784e-05,0.003913690925707188,31.520169925602243,
1024,100,4,22.5,22.5,5.0,1e-08,25,0.60,0.45,True,0.2,4,1.491673473913037e-05,0.003862218888039668,31.52692563828082,
1027,100,4,22.5,22.5,5.0,1e-08,50,0.35,0.45,True,0.2,4,1.534219683160508e-05,0.003916911644600256,31.51992268350505,
1028,100,4,22.5,22.5,5.0,1e-08,50,0.45,0.55,True,0.2,4,1.534218943603317e-05,0.0039169107005436275,31.519922748603932,
1029,100,4,22.5,22.5,5.0,1e-08,50,0.60,0.45,True,0.2,4,1.491673473913037e-05,0.003862218888039668,31.52692563828082,
1032,100,4,22.5,22.5,5.0,1e-08,80,0.35,0.45,True,0.2,4,1.534219683160508e-05,0.003916911644600256,31.51992268350505,
1033,100,4,22.5,22.5,5.0,1e-08,80,0.45,0.55,True,0.2,4,1.534218943603317e-05,0.0039169107005436275,31.519922748603932,
1030,100,4,22.5,22.5,5.0,1e-08,50,0.60,0.58,True,0.2,4,1.5316976661962784e-05,0.003913690925707188,31.520169925602243,
1031,100,4,22.5,22.5,5.0,1e-08,80,center,center,True,0.2,4,1.533669951515742e-05,0.003916209840541926,31.519975332858188,
1034,100,4,22.5,22.5,5.0,1e-08,80,0.60,0.45,True,0.2,4,1.491673473913037e-05,0.003862218888039668,31.52692563828082,
1035,100,4,22.5,22.5,5.0,1e-08,80,0.60,0.58,True,0.2,4,1.5316976661962784e-05,0.003913690925707188,31.520169925602243,
1036,100,4,22.5,22.5,5.0,1e-08,120,center,center,True,0.2,4,1.533669951515742e-05,0.003916209840541926,31.519975332858188,
1037,100,4,22.5,22.5,5.0,1e-08,120,0.35,0.45,True,0.2,4,1.534219683160508e-05,0.003916911644600256,31.51992268350505,
1038,100,4,22.5,22.5,5.0,1e-08,120,0.45,0.55,True,0.2,4,1.534218943603317e-05,0.0039169107005436275,31.519922748603932,
1039,100,4,22.5,22.5,5.0,1e-08,120,0.60,0.45,True,0.2,4,1.491673473913037e-05,0.003862218888039668,31.52692563828082,
1040,100,4,22.5,22.5,5.0,1e-08,120,0.60,0.58,True,0.2,4,1.5316976661962784e-05,0.003913690925707188,31.520169925602243,
1042,100,4,22.5,22.5,5.0,1e-07,25,0.35,0.45,True,7.5,3,80.17519837231855,8.954060440510693,25.15075999124339,
1043,100,4,22.5,22.5,5.0,1e-07,25,0.45,0.55,True,7.800000000000001,3,87.27902389146459,9.342324330243764,24.926622832400465,
1041,100,4,22.5,22.5,5.0,1e-07,25,center,center,True,8.4,3,102.24078260530884,10.111418426971996,24.48297649524121,
1045,100,4,22.5,22.5,5.0,1e-07,25,0.60,0.58,True,7.6000000000000005,3,82.10846130112512,9.061371932611811,25.09010466799913,
1044,100,4,22.5,22.5,5.0,1e-07,25,0.60,0.45,True,8.3,3,91.89829045803278,9.586359604043277,24.82108820960856,
1048,100,4,22.5,22.5,5.0,1e-07,50,0.45,0.55,True,7.800000000000001,3,87.27902389146459,9.342324330243764,24.926622832400465,
1047,100,4,22.5,22.5,5.0,1e-07,50,0.35,0.45,True,7.5,3,80.17519837231855,8.954060440510693,25.15075999124339,
1050,100,4,22.5,22.5,5.0,1e-07,50,0.60,0.58,True,7.6000000000000005,3,82.10846130112512,9.061371932611811,25.09010466799913,
1049,100,4,22.5,22.5,5.0,1e-07,50,0.60,0.45,True,8.3,3,91.89829045803278,9.586359604043277,24.82108820960856,
1046,100,4,22.5,22.5,5.0,1e-07,50,center,center,True,8.4,3,102.24078260530884,10.111418426971996,24.48297649524121,
1007,100,4,22.5,22.5,3.0,1e-06,50,0.35,0.45,True,35.6,3,0.004214029227144546,0.06491555458551167,2.6056073826837727,
1004,100,4,22.5,22.5,3.0,1e-06,25,0.60,0.45,True,36.6,3,0.0008087225289177466,0.02843804720647581,2.2711712564160553,
1002,100,4,22.5,22.5,3.0,1e-06,25,0.35,0.45,True,36.1,3,0.0029334803556962073,0.05416161330403856,2.65171567305383,
1010,100,4,22.5,22.5,3.0,1e-06,50,0.60,0.58,True,35.0,3,0.0009217487008526522,0.030360314571042445,1.9521954765255778,
1001,100,4,22.5,22.5,3.0,1e-06,25,center,center,True,39.6,3,0.0004957608814031969,0.022265688433174415,3.3703555308464344,
1005,100,4,22.5,22.5,3.0,1e-06,25,0.60,0.58,True,37.300000000000004,3,0.003754445829255099,0.06127353286089434,2.3572866109831954,
1009,100,4,22.5,22.5,3.0,1e-06,50,0.60,0.45,True,38.7,3,0.0024171727877766265,0.049164751476811375,2.3394946510496832,
1015,100,4,22.5,22.5,3.0,1e-06,80,0.60,0.58,True,34.800000000000004,3,0.0009217487008526522,0.030360314571042445,1.9521954765255778,
1008,100,4,22.5,22.5,3.0,1e-06,50,0.45,0.55,True,38.900000000000006,3,0.004385558632303681,0.06622355043565455,2.7984128632883407,
1003,100,4,22.5,22.5,3.0,1e-06,25,0.45,0.55,True,38.300000000000004,3,0.004435144844459792,0.06659688314373123,2.385540685376194,
1006,100,4,22.5,22.5,3.0,1e-06,50,center,center,True,39.900000000000006,3,0.003553338728040174,0.05960988783784259,2.5766591773964143,
1052,100,4,22.5,22.5,5.0,1e-07,80,0.35,0.45,True,7.5,3,80.17519837231855,8.954060440510693,25.15075999124339,
1053,100,4,22.5,22.5,5.0,1e-07,80,0.45,0.55,True,7.800000000000001,3,87.27902389146459,9.342324330243764,24.926622832400465,
1054,100,4,22.5,22.5,5.0,1e-07,80,0.60,0.45,True,8.3,3,91.89829045803278,9.586359604043277,24.82108820960856,
1051,100,4,22.5,22.5,5.0,1e-07,80,center,center,True,8.4,3,102.24078260530884,10.111418426971996,24.48297649524121,
1020,100,4,22.5,22.5,3.0,1e-06,120,0.60,0.58,True,34.800000000000004,3,0.0009217487008526522,0.030360314571042445,1.9521954765255778,
1017,100,4,22.5,22.5,3.0,1e-06,120,0.35,0.45,True,35.6,3,0.004214029227144546,0.06491555458551167,2.6056073826837727,
1012,100,4,22.5,22.5,3.0,1e-06,80,0.35,0.45,True,35.6,3,0.004214029227144546,0.06491555458551167,2.6056073826837727,
1011,100,4,22.5,22.5,3.0,1e-06,80,center,center,True,39.0,3,0.0035522138946316303,0.059600452134456416,2.5762941043205734,
1013,100,4,22.5,22.5,3.0,1e-06,80,0.45,0.55,True,38.900000000000006,3,0.004385558632303681,0.06622355043565455,2.7984128632883407,
1014,100,4,22.5,22.5,3.0,1e-06,80,0.60,0.45,True,38.800000000000004,3,0.0024171727877766265,0.049164751476811375,2.3394946510496832,
1055,100,4,22.5,22.5,5.0,1e-07,80,0.60,0.58,True,7.6000000000000005,3,82.10846130112512,9.061371932611811,25.09010466799913,
1056,100,4,22.5,22.5,5.0,1e-07,120,center,center,True,8.4,3,102.24078260530884,10.111418426971996,24.48297649524121,
1057,100,4,22.5,22.5,5.0,1e-07,120,0.35,0.45,True,7.5,3,80.17519837231855,8.954060440510693,25.15075999124339,
1060,100,4,22.5,22.5,5.0,1e-07,120,0.60,0.58,True,7.6000000000000005,3,82.10846130112512,9.061371932611811,25.09010466799913,
1058,100,4,22.5,22.5,5.0,1e-07,120,0.45,0.55,True,7.800000000000001,3,87.27902389146459,9.342324330243764,24.926622832400465,
1059,100,4,22.5,22.5,5.0,1e-07,120,0.60,0.45,True,8.3,3,91.89829045803278,9.586359604043277,24.82108820960856,
1016,100,4,22.5,22.5,3.0,1e-06,120,center,center,True,39.0,3,0.0035522138946316303,0.059600452134456416,2.5762941043205734,
1019,100,4,22.5,22.5,3.0,1e-06,120,0.60,0.45,True,38.800000000000004,3,0.0024171727877766265,0.049164751476811375,2.3394946510496832,
1018,100,4,22.5,22.5,3.0,1e-06,120,0.45,0.55,True,38.900000000000006,3,0.004385558632303681,0.06622355043565455,2.7984128632883407,
1062,100,4,22.5,22.5,5.0,1e-06,25,0.35,0.45,True,36.0,3,0.004346479489346578,0.06592783546686921,2.735522923038483,
1077,100,4,22.5,22.5,5.0,1e-06,120,0.35,0.45,True,35.1,3,0.004315543413784826,0.06569279575253915,2.4721582038913397,
1065,100,4,22.5,22.5,5.0,1e-06,25,0.60,0.58,True,36.300000000000004,3,0.003526447378285688,0.05938389830825935,2.359251917536314,
1061,100,4,22.5,22.5,5.0,1e-06,25,center,center,True,37.7,3,0.005038127918362511,0.07097977119125216,2.951981829701929,
1070,100,4,22.5,22.5,5.0,1e-06,50,0.60,0.58,True,35.300000000000004,3,0.0039024273357505727,0.062469411200607394,1.7790185665633393,
1072,100,4,22.5,22.5,5.0,1e-06,80,0.35,0.45,True,35.1,3,0.004315543413784826,0.06569279575253915,2.4721582038913397,
1067,100,4,22.5,22.5,5.0,1e-06,50,0.35,0.45,True,35.1,3,0.004315543413784826,0.06569279575253915,2.4721582038913397,
1064,100,4,22.5,22.5,5.0,1e-06,25,0.60,0.45,True,38.0,3,0.0026608975893779767,0.05158388885473813,1.9252958563230822,
1063,100,4,22.5,22.5,5.0,1e-06,25,0.45,0.55,True,39.2,3,0.004474939240632599,0.06689498666292265,2.7550659821867174,
1074,100,4,22.5,22.5,5.0,1e-06,80,0.60,0.45,True,37.6,3,0.0017049291862078493,0.04129078815193347,2.2707624745920643,
1075,100,4,22.5,22.5,5.0,1e-06,80,0.60,0.58,True,34.9,3,0.0039024273357505727,0.062469411200607394,1.7790185665633393,
1080,100,4,22.5,22.5,5.0,1e-06,120,0.60,0.58,True,34.9,3,0.0039024273357505727,0.062469411200607394,1.7790185665633393,
1079,100,4,22.5,22.5,5.0,1e-06,120,0.60,0.45,True,37.6,3,0.0017049291862078493,0.04129078815193347,2.2707624745920643,
1082,100,4,45.0,45.0,1.0,1e-08,25,0.35,0.45,True,30.400000000000002,3,0.0,0.0,0.0,
1071,100,4,22.5,22.5,5.0,1e-06,80,center,center,True,39.0,3,0.0002624870463008011,0.01620145198125159,3.238270210529176,
1066,100,4,22.5,22.5,5.0,1e-06,50,center,center,True,40.300000000000004,3,0.00036084150475176196,0.018995828614508027,3.2537319813386993,
1069,100,4,22.5,22.5,5.0,1e-06,50,0.60,0.45,True,37.5,3,0.0017049291862078493,0.04129078815193347,2.2707624745920643,
1068,100,4,22.5,22.5,5.0,1e-06,50,0.45,0.55,True,40.400000000000006,3,0.0042166131172199795,0.06493545346896393,2.650643778277808,
1076,100,4,22.5,22.5,5.0,1e-06,120,center,center,True,39.0,3,0.0002624870463008011,0.01620145198125159,3.238270210529176,
1073,100,4,22.5,22.5,5.0,1e-06,80,0.45,0.55,True,39.900000000000006,3,0.0042166131172199795,0.06493545346896393,2.650643778277808,
1078,100,4,22.5,22.5,5.0,1e-06,120,0.45,0.55,True,39.900000000000006,3,0.0042166131172199795,0.06493545346896393,2.650643778277808,
1083,100,4,45.0,45.0,1.0,1e-08,25,0.45,0.55,True,48.6,3,0.0,0.0,0.0,
1085,100,4,45.0,45.0,1.0,1e-08,25,0.60,0.58,True,48.7,3,0.0,0.0,0.0,
1084,100,4,45.0,45.0,1.0,1e-08,25,0.60,0.45,True,51.2,3,0.0,0.0,0.0,
1081,100,4,45.0,45.0,1.0,1e-08,25,center,center,True,51.0,3,0.0,0.0,0.0,
1087,100,4,45.0,45.0,1.0,1e-08,50,0.35,0.45,True,30.3,3,0.0,0.0,0.0,
1092,100,4,45.0,45.0,1.0,1e-08,80,0.35,0.45,True,30.200000000000003,3,0.0,0.0,0.0,
1097,100,4,45.0,45.0,1.0,1e-08,120,0.35,0.45,True,30.200000000000003,3,0.0,0.0,0.0,
1086,100,4,45.0,45.0,1.0,1e-08,50,center,center,True,49.400000000000006,3,0.0,0.0,0.0,
1090,100,4,45.0,45.0,1.0,1e-08,50,0.60,0.58,True,49.2,3,0.0,0.0,0.0,
1088,100,4,45.0,45.0,1.0,1e-08,50,0.45,0.55,True,48.5,3,0.0,0.0,0.0,
1091,100,4,45.0,45.0,1.0,1e-08,80,center,center,True,49.5,3,0.0,0.0,0.0,
1093,100,4,45.0,45.0,1.0,1e-08,80,0.45,0.55,True,48.300000000000004,3,0.0,0.0,0.0,
1089,100,4,45.0,45.0,1.0,1e-08,50,0.60,0.45,True,50.7,3,0.0,0.0,0.0,
1095,100,4,45.0,45.0,1.0,1e-08,80,0.60,0.58,True,48.6,3,0.0,0.0,0.0,
1098,100,4,45.0,45.0,1.0,1e-08,120,0.45,0.55,True,48.300000000000004,3,0.0,0.0,0.0,
1094,100,4,45.0,45.0,1.0,1e-08,80,0.60,0.45,True,50.2,3,0.0,0.0,0.0,
1096,100,4,45.0,45.0,1.0,1e-08,120,center,center,True,49.5,3,0.0,0.0,0.0,
1099,100,4,45.0,45.0,1.0,1e-08,120,0.60,0.45,True,50.2,3,0.0,0.0,0.0,
1100,100,4,45.0,45.0,1.0,1e-08,120,0.60,0.58,True,48.6,3,0.0,0.0,0.0,
883,100,3,57.7,24.4,5.0,1e-06,25,0.45,0.55,True,312.0,3,14.536062458600442,3.8126188451772154,5.9137172854126785,
1105,100,4,45.0,45.0,1.0,1e-07,25,0.60,0.58,True,61.2,3,0.0004908522298455067,0.022155185168386805,0.22137213522509572,
1106,100,4,45.0,45.0,1.0,1e-07,50,center,center,True,62.2,3,0.016086184947771073,0.12683132478915085,0.1430438740172969,
1103,100,4,45.0,45.0,1.0,1e-07,25,0.45,0.55,True,67.3,3,0.000737134619397157,0.02715022319240041,0.15014391817741585,
1107,100,4,45.0,45.0,1.0,1e-07,50,0.35,0.45,True,57.300000000000004,3,0.01687485628225044,0.12990325739661204,0.07499968062654126,
1104,100,4,45.0,45.0,1.0,1e-07,25,0.60,0.45,True,70.60000000000001,3,0.020482266125746704,0.14311626785850273,0.26742317557780926,
1101,100,4,45.0,45.0,1.0,1e-07,25,center,center,True,77.0,3,0.01627957078716921,0.12759142129143797,0.09780328930764198,
1102,100,4,45.0,45.0,1.0,1e-07,25,0.35,0.45,True,72.2,3,0.016874997095568885,0.12990379938850474,0.07499999354570804,
1112,100,4,45.0,45.0,1.0,1e-07,80,0.35,0.45,True,57.300000000000004,3,0.01687485628225044,0.12990325739661204,0.07499968062654126,
1108,100,4,45.0,45.0,1.0,1e-07,50,0.45,0.55,True,67.4,3,0.016083480153983046,0.12682066138442524,0.083605415629936,
1111,100,4,45.0,45.0,1.0,1e-07,80,center,center,True,62.2,3,0.016086184947771073,0.12683132478915085,0.1430438740172969,
1109,100,4,45.0,45.0,1.0,1e-07,50,0.60,0.45,True,70.5,3,0.0021936681411026896,0.04683661111889597,0.16364251804570915,
1121,100,4,45.0,45.0,1.0,1e-06,25,center,center,True,48.900000000000006,3,0.00044922739069835443,0.021194985036521126,0.3125743722537862,
1113,100,4,45.0,45.0,1.0,1e-07,80,0.45,0.55,True,67.4,3,0.016083480153983046,0.12682066138442524,0.083605415629936,
1122,100,4,45.0,45.0,1.0,1e-06,25,0.35,0.45,True,49.400000000000006,3,0.0007092801249833635,0.026632313549208666,0.11456404796903465,
1125,100,4,45.0,45.0,1.0,1e-06,25,0.60,0.58,True,49.6,3,0.0006293758322750266,0.02508736399614409,0.1035636127656551,
1123,100,4,45.0,45.0,1.0,1e-06,25,0.45,0.55,True,48.7,3,0.0004965982027608354,0.022284483452860993,0.22835784355625469,
1110,100,4,45.0,45.0,1.0,1e-07,50,0.60,0.58,True,74.3,3,0.0005854834698252411,0.024196765689348674,0.071739998682914,
1117,100,4,45.0,45.0,1.0,1e-07,120,0.35,0.45,True,57.300000000000004,3,0.01687485628225044,0.12990325739661204,0.07499968062654126,
1124,100,4,45.0,45.0,1.0,1e-06,25,0.60,0.45,True,57.2,3,0.0012450537279688346,0.03528531887299355,0.07789610646442335,
1116,100,4,45.0,45.0,1.0,1e-07,120,center,center,True,62.2,3,0.016086184947771073,0.12683132478915085,0.1430438740172969,
1114,100,4,45.0,45.0,1.0,1e-07,80,0.60,0.45,True,70.5,3,0.0021936681411026896,0.04683661111889597,0.16364251804570915,
1126,100,4,45.0,45.0,1.0,1e-06,50,center,center,True,53.6,3,0.0005484391623145709,0.023418777985082205,0.24088663781408973,
1118,100,4,45.0,45.0,1.0,1e-07,120,0.45,0.55,True,67.4,3,0.016083480153983046,0.12682066138442524,0.083605415629936,
1127,100,4,45.0,45.0,1.0,1e-06,50,0.35,0.45,True,47.5,3,0.0005439481778786031,0.02332269662536052,0.06974953824013082,
1128,100,4,45.0,45.0,1.0,1e-06,50,0.45,0.55,True,49.900000000000006,3,0.0019140449712916007,0.043749799671445364,0.18571000352213357,
1115,100,4,45.0,45.0,1.0,1e-07,80,0.60,0.58,True,74.3,3,0.0005854834698252411,0.024196765689348674,0.071739998682914,
1119,100,4,45.0,45.0,1.0,1e-07,120,0.60,0.45,True,70.5,3,0.0021936681411026896,0.04683661111889597,0.16364251804570915,
1129,100,4,45.0,45.0,1.0,1e-06,50,0.60,0.45,True,50.2,3,0.0006007969900682421,0.02451116052063309,0.30394085804608095,
1130,100,4,45.0,45.0,1.0,1e-06,50,0.60,0.58,True,50.300000000000004,3,0.000599861968422034,0.02449207970797976,0.17325466824471986,
1120,100,4,45.0,45.0,1.0,1e-07,120,0.60,0.58,True,74.3,3,0.0005854834698252411,0.024196765689348674,0.071739998682914,
1131,100,4,45.0,45.0,1.0,1e-06,80,center,center,True,52.7,3,0.00027610231287503834,0.016616326696205705,0.301992047467541,
1132,100,4,45.0,45.0,1.0,1e-06,80,0.35,0.45,True,47.5,3,0.00051902556416703,0.02278213256407376,0.06883283727857493,
1133,100,4,45.0,45.0,1.0,1e-06,80,0.45,0.55,True,50.800000000000004,3,0.0018814128043749092,0.04337525566927426,0.3184910296210344,
1142,100,4,45.0,45.0,3.0,1e-08,25,0.35,0.45,True,30.400000000000002,3,0.0,0.0,0.0,
1134,100,4,45.0,45.0,1.0,1e-06,80,0.60,0.45,True,50.2,3,0.000503093104420938,0.022429737056437776,0.3056964815816496,
1135,100,4,45.0,45.0,1.0,1e-06,80,0.60,0.58,True,50.2,3,0.0005727392552212564,0.023931971402733548,0.12312426548220101,
1137,100,4,45.0,45.0,1.0,1e-06,120,0.35,0.45,True,47.5,3,0.00051902556416703,0.02278213256407376,0.06883283727857493,
1136,100,4,45.0,45.0,1.0,1e-06,120,center,center,True,52.7,3,0.00027610231287503834,0.016616326696205705,0.301992047467541,
1147,100,4,45.0,45.0,3.0,1e-08,50,0.35,0.45,True,30.3,3,0.0,0.0,0.0,
1138,100,4,45.0,45.0,1.0,1e-06,120,0.45,0.55,True,50.800000000000004,3,0.0018814128043749092,0.04337525566927426,0.3184910296210344,
1140,100,4,45.0,45.0,1.0,1e-06,120,0.60,0.58,True,50.2,3,0.0005727392552212564,0.023931971402733548,0.12312426548220101,
1139,100,4,45.0,45.0,1.0,1e-06,120,0.60,0.45,True,50.2,3,0.000503093104420938,0.022429737056437776,0.3056964815816496,
1152,100,4,45.0,45.0,3.0,1e-08,80,0.35,0.45,True,30.200000000000003,3,0.0,0.0,0.0,
1143,100,4,45.0,45.0,3.0,1e-08,25,0.45,0.55,True,48.7,3,0.0,0.0,0.0,
1141,100,4,45.0,45.0,3.0,1e-08,25,center,center,True,51.300000000000004,3,0.0,0.0,0.0,
1157,100,4,45.0,45.0,3.0,1e-08,120,0.35,0.45,True,30.200000000000003,3,0.0,0.0,0.0,
1144,100,4,45.0,45.0,3.0,1e-08,25,0.60,0.45,True,50.0,3,0.0,0.0,0.0,
1145,100,4,45.0,45.0,3.0,1e-08,25,0.60,0.58,True,48.7,3,0.0,0.0,0.0,
1148,100,4,45.0,45.0,3.0,1e-08,50,0.45,0.55,True,48.6,3,0.0,0.0,0.0,
1146,100,4,45.0,45.0,3.0,1e-08,50,center,center,True,49.6,3,0.0,0.0,0.0,
1149,100,4,45.0,45.0,3.0,1e-08,50,0.60,0.45,True,49.5,3,0.0,0.0,0.0,
1150,100,4,45.0,45.0,3.0,1e-08,50,0.60,0.58,True,49.2,3,0.0,0.0,0.0,
1151,100,4,45.0,45.0,3.0,1e-08,80,center,center,True,49.7,3,0.0,0.0,0.0,
1153,100,4,45.0,45.0,3.0,1e-08,80,0.45,0.55,True,48.400000000000006,3,0.0,0.0,0.0,
1154,100,4,45.0,45.0,3.0,1e-08,80,0.60,0.45,True,49.800000000000004,3,0.0,0.0,0.0,
1156,100,4,45.0,45.0,3.0,1e-08,120,center,center,True,49.7,3,0.0,0.0,0.0,
1158,100,4,45.0,45.0,3.0,1e-08,120,0.45,0.55,True,48.400000000000006,3,0.0,0.0,0.0,
1155,100,4,45.0,45.0,3.0,1e-08,80,0.60,0.58,True,48.6,3,0.0,0.0,0.0,
1159,100,4,45.0,45.0,3.0,1e-08,120,0.60,0.45,True,49.800000000000004,3,0.0,0.0,0.0,
1160,100,4,45.0,45.0,3.0,1e-08,120,0.60,0.58,True,48.6,3,0.0,0.0,0.0,
1164,100,4,45.0,45.0,3.0,1e-07,25,0.60,0.45,True,57.7,3,0.002487523841290226,0.049875082368756304,0.5369735179359176,
1167,100,4,45.0,45.0,3.0,1e-07,50,0.35,0.45,True,57.400000000000006,3,0.01613611720724938,0.1270280174105279,0.09146861150666971,
1161,100,4,45.0,45.0,3.0,1e-07,25,center,center,True,73.8,3,0.013692285472606692,0.11701403963886851,0.6523836000622827,
1169,100,4,45.0,45.0,3.0,1e-07,50,0.60,0.45,True,58.1,3,0.02034515390851384,0.1426364396236594,0.5050510264905992,
1165,100,4,45.0,45.0,3.0,1e-07,25,0.60,0.58,True,64.7,3,0.016015808551718042,0.12655357976650855,0.07255521891349796,
1166,100,4,45.0,45.0,3.0,1e-07,50,center,center,True,65.10000000000001,3,0.0015245739194233929,0.039045792595661225,0.5463819323510133,
1163,100,4,45.0,45.0,3.0,1e-07,25,0.45,0.55,True,68.2,3,0.02216385731093133,0.14887530792892195,0.307058534573309,
1162,100,4,45.0,45.0,3.0,1e-07,25,0.35,0.45,True,72.60000000000001,3,0.01672569785878724,0.12932786961358037,0.15105844967507565,
1168,100,4,45.0,45.0,3.0,1e-07,50,0.45,0.55,True,61.400000000000006,3,0.01575760096383734,0.12552928329213603,0.1486428025104783,
1174,100,4,45.0,45.0,3.0,1e-07,80,0.60,0.45,True,58.1,3,0.02034515390851384,0.1426364396236594,0.5050510264905992,
1172,100,4,45.0,45.0,3.0,1e-07,80,0.35,0.45,True,57.400000000000006,3,0.01613611720724938,0.1270280174105279,0.09146861150666971,
1171,100,4,45.0,45.0,3.0,1e-07,80,center,center,True,65.10000000000001,3,0.0015245739194233929,0.039045792595661225,0.5463819323510133,
1173,100,4,45.0,45.0,3.0,1e-07,80,0.45,0.55,True,61.400000000000006,3,0.01575760096383734,0.12552928329213603,0.1486428025104783,
1183,100,4,45.0,45.0,3.0,1e-06,25,0.45,0.55,True,48.0,3,0.0004345257606702412,0.020845281496545957,0.66866431476341,
1182,100,4,45.0,45.0,3.0,1e-06,25,0.35,0.45,True,49.400000000000006,3,0.0006970500813672151,0.026401706031376364,0.209320050712881,
1179,100,4,45.0,45.0,3.0,1e-07,120,0.60,0.45,True,58.1,3,0.02034515390851384,0.1426364396236594,0.5050510264905992,
1181,100,4,45.0,45.0,3.0,1e-06,25,center,center,True,50.7,3,0.00041942954974320785,0.020479979241767015,1.262805038960354,
1177,100,4,45.0,45.0,3.0,1e-07,120,0.35,0.45,True,57.400000000000006,3,0.01613611720724938,0.1270280174105279,0.09146861150666971,
1176,100,4,45.0,45.0,3.0,1e-07,120,center,center,True,65.10000000000001,3,0.0015245739194233929,0.039045792595661225,0.5463819323510133,
1185,100,4,45.0,45.0,3.0,1e-06,25,0.60,0.58,True,49.800000000000004,3,0.0006226509363134764,0.02495297449831335,0.12419757797390696,
1178,100,4,45.0,45.0,3.0,1e-07,120,0.45,0.55,True,61.400000000000006,3,0.01575760096383734,0.12552928329213603,0.1486428025104783,
1186,100,4,45.0,45.0,3.0,1e-06,50,center,center,True,50.7,3,0.0002830796501496922,0.016824971029683593,1.2954216439498438,
1170,100,4,45.0,45.0,3.0,1e-07,50,0.60,0.58,True,74.4,3,0.016381434538926667,0.1279899782753582,0.09982255963195674,
1175,100,4,45.0,45.0,3.0,1e-07,80,0.60,0.58,True,74.4,3,0.016381434538926667,0.1279899782753582,0.09982255963195674,
1184,100,4,45.0,45.0,3.0,1e-06,25,0.60,0.45,True,56.2,3,0.0010561744903908534,0.03249883829294292,0.3036929614569534,
1180,100,4,45.0,45.0,3.0,1e-07,120,0.60,0.58,True,74.4,3,0.016381434538926667,0.1279899782753582,0.09982255963195674,
1187,100,4,45.0,45.0,3.0,1e-06,50,0.35,0.45,True,47.6,3,0.0019283036250996451,0.04391245410017123,0.12067604086623632,
1188,100,4,45.0,45.0,3.0,1e-06,50,0.45,0.55,True,49.5,3,0.0019378653045376889,0.04402119153927673,0.7886598495601312,
1189,100,4,45.0,45.0,3.0,1e-06,50,0.60,0.45,True,49.400000000000006,3,0.0005527827427691856,0.023511332220212143,0.18334924582844558,
1202,100,4,45.0,45.0,5.0,1e-08,25,0.35,0.45,True,30.400000000000002,3,0.0,0.0,0.0,
1192,100,4,45.0,45.0,3.0,1e-06,80,0.35,0.45,True,47.7,3,0.0005326358124912464,0.0230789040574124,0.25685415082079244,
1190,100,4,45.0,45.0,3.0,1e-06,50,0.60,0.58,True,50.400000000000006,3,0.0005997360636353906,0.024489509256728496,0.17377787778433582,
1207,100,4,45.0,45.0,5.0,1e-08,50,0.35,0.45,True,30.3,3,0.0,0.0,0.0,
1194,100,4,45.0,45.0,3.0,1e-06,80,0.60,0.45,True,48.900000000000006,3,0.00044698809199300376,0.02114209289528839,0.4501546409999693,
1193,100,4,45.0,45.0,3.0,1e-06,80,0.45,0.55,True,51.1,3,0.002622447379277646,0.05120983674332155,0.8594456107890431,
1191,100,4,45.0,45.0,3.0,1e-06,80,center,center,True,52.5,3,0.0018730807616839232,0.04327910306006726,1.2979607570424652,
1195,100,4,45.0,45.0,3.0,1e-06,80,0.60,0.58,True,50.2,3,0.000572708125776436,0.023931321020295476,0.1232136745110713,
1197,100,4,45.0,45.0,3.0,1e-06,120,0.35,0.45,True,47.7,3,0.0005326358124912464,0.0230789040574124,0.25685415082079244,
1199,100,4,45.0,45.0,3.0,1e-06,120,0.60,0.45,True,48.900000000000006,3,0.00044698809199300376,0.02114209289528839,0.4501546409999693,
1196,100,4,45.0,45.0,3.0,1e-06,120,center,center,True,52.5,3,0.0018730807616839232,0.04327910306006726,1.2979607570424652,
1198,100,4,45.0,45.0,3.0,1e-06,120,0.45,0.55,True,51.1,3,0.002622447379277646,0.05120983674332155,0.8594456107890431,
1200,100,4,45.0,45.0,3.0,1e-06,120,0.60,0.58,True,50.2,3,0.000572708125776436,0.023931321020295476,0.1232136745110713,
1212,100,4,45.0,45.0,5.0,1e-08,80,0.35,0.45,True,30.200000000000003,3,0.0,0.0,0.0,
1203,100,4,45.0,45.0,5.0,1e-08,25,0.45,0.55,True,48.7,3,0.0,0.0,0.0,
1204,100,4,45.0,45.0,5.0,1e-08,25,0.60,0.45,True,49.900000000000006,3,0.0,0.0,0.0,
1201,100,4,45.0,45.0,5.0,1e-08,25,center,center,True,51.6,3,0.0,0.0,0.0,
1206,100,4,45.0,45.0,5.0,1e-08,50,center,center,True,49.800000000000004,3,0.0,0.0,0.0,
1208,100,4,45.0,45.0,5.0,1e-08,50,0.45,0.55,True,48.7,3,0.0,0.0,0.0,
1205,100,4,45.0,45.0,5.0,1e-08,25,0.60,0.58,True,48.7,3,0.0,0.0,0.0,
1209,100,4,45.0,45.0,5.0,1e-08,50,0.60,0.45,True,49.400000000000006,3,0.0,0.0,0.0,
1217,100,4,45.0,45.0,5.0,1e-08,120,0.35,0.45,True,30.200000000000003,3,0.0,0.0,0.0,
1211,100,4,45.0,45.0,5.0,1e-08,80,center,center,True,49.900000000000006,3,0.0,0.0,0.0,
1210,100,4,45.0,45.0,5.0,1e-08,50,0.60,0.58,True,49.2,3,0.0,0.0,0.0,
1214,100,4,45.0,45.0,5.0,1e-08,80,0.60,0.45,True,49.6,3,0.0,0.0,0.0,
1213,100,4,45.0,45.0,5.0,1e-08,80,0.45,0.55,True,48.400000000000006,3,0.0,0.0,0.0,
1216,100,4,45.0,45.0,5.0,1e-08,120,center,center,True,49.900000000000006,3,0.0,0.0,0.0,
1215,100,4,45.0,45.0,5.0,1e-08,80,0.60,0.58,True,48.6,3,0.0,0.0,0.0,
1220,100,4,45.0,45.0,5.0,1e-08,120,0.60,0.58,True,48.6,3,0.0,0.0,0.0,
1218,100,4,45.0,45.0,5.0,1e-08,120,0.45,0.55,True,48.400000000000006,3,0.0,0.0,0.0,
1219,100,4,45.0,45.0,5.0,1e-08,120,0.60,0.45,True,49.6,3,0.0,0.0,0.0,
1222,100,4,45.0,45.0,5.0,1e-07,25,0.35,0.45,True,57.900000000000006,3,0.0005335835137842958,0.023099426698173612,0.07790137885841755,
1224,100,4,45.0,45.0,5.0,1e-07,25,0.60,0.45,True,58.2,3,0.017511778854766243,0.13233207795076082,1.0731149031136031,
1223,100,4,45.0,45.0,5.0,1e-07,25,0.45,0.55,True,61.400000000000006,3,0.001233218275425617,0.03511720768263925,0.41698761439985677,
1227,100,4,45.0,45.0,5.0,1e-07,50,0.35,0.45,True,55.400000000000006,3,0.016142543352403536,0.12705330909662896,0.028786623706292227,
1221,100,4,45.0,45.0,5.0,1e-07,25,center,center,True,70.0,3,0.0811754086866808,0.28491298441222507,1.4261213364587635,
1225,100,4,45.0,45.0,5.0,1e-07,25,0.60,0.58,True,65.7,3,0.00047847663265536595,0.02187410872825144,0.2947233448927405,
1229,100,4,45.0,45.0,5.0,1e-07,50,0.60,0.45,True,59.2,3,0.016452978951475072,0.1282691660200341,0.9700997772190191,
1228,100,4,45.0,45.0,5.0,1e-07,50,0.45,0.55,True,61.5,3,0.019699600301304018,0.14035526460131098,0.5445568512173335,
1226,100,4,45.0,45.0,5.0,1e-07,50,center,center,True,65.4,3,0.001156277392922767,0.03400407906300018,1.2321158132376648,
1232,100,4,45.0,45.0,5.0,1e-07,80,0.35,0.45,True,55.400000000000006,3,0.016142543352403536,0.12705330909662896,0.028786623706292227,
1237,100,4,45.0,45.0,5.0,1e-07,120,0.35,0.45,True,55.400000000000006,3,0.016142543352403536,0.12705330909662896,0.028786623706292227,
1233,100,4,45.0,45.0,5.0,1e-07,80,0.45,0.55,True,61.5,3,0.019699600301304018,0.14035526460131098,0.5445568512173335,
1234,100,4,45.0,45.0,5.0,1e-07,80,0.60,0.45,True,59.2,3,0.016452978951475072,0.1282691660200341,0.9700997772190191,
761,100,3,57.7,24.4,1.0,1e-06,25,center,center,False,900.0,2,0.0033405274795658925,0.05779729647280998,5.017212838484621,vittima non trovata entro 15 minuti
1231,100,4,45.0,45.0,5.0,1e-07,80,center,center,True,65.4,3,0.001156277392922767,0.03400407906300018,1.2321158132376648,
1238,100,4,45.0,45.0,5.0,1e-07,120,0.45,0.55,True,61.5,3,0.019699600301304018,0.14035526460131098,0.5445568512173335,
1239,100,4,45.0,45.0,5.0,1e-07,120,0.60,0.45,True,59.2,3,0.016452978951475072,0.1282691660200341,0.9700997772190191,
1230,100,4,45.0,45.0,5.0,1e-07,50,0.60,0.58,True,74.4,3,0.01637801561860051,0.12797662137515786,0.0853955542048818,
1241,100,4,45.0,45.0,5.0,1e-06,25,center,center,True,49.2,3,0.00506875906289634,0.07119521797772896,2.1518979530231195,
1236,100,4,45.0,45.0,5.0,1e-07,120,center,center,True,65.4,3,0.001156277392922767,0.03400407906300018,1.2321158132376648,
1243,100,4,45.0,45.0,5.0,1e-06,25,0.45,0.55,True,49.900000000000006,3,0.002870137034320788,0.05357365989290622,1.917400601719033,
1242,100,4,45.0,45.0,5.0,1e-06,25,0.35,0.45,True,49.900000000000006,3,0.0019808260492246315,0.044506471992561164,0.6564013822218188,
1245,100,4,45.0,45.0,5.0,1e-06,25,0.60,0.58,True,49.900000000000006,3,0.001896635545074841,0.04355037939071072,0.045629781642891325,
1235,100,4,45.0,45.0,5.0,1e-07,80,0.60,0.58,True,74.4,3,0.01637801561860051,0.12797662137515786,0.0853955542048818,
1244,100,4,45.0,45.0,5.0,1e-06,25,0.60,0.45,True,56.300000000000004,3,0.0011429167537603078,0.03380705183479192,0.06770576773284107,
1247,100,4,45.0,45.0,5.0,1e-06,50,0.35,0.45,True,48.0,3,0.002816611027746125,0.053071753577078315,0.6220465285328752,
1246,100,4,45.0,45.0,5.0,1e-06,50,center,center,True,51.400000000000006,3,0.0002208589198296664,0.014861322950184025,2.444603933408144,
1248,100,4,45.0,45.0,5.0,1e-06,50,0.45,0.55,True,49.400000000000006,3,0.0004252766491480754,0.020622236763941863,1.4273608688784043,
765,100,3,57.7,24.4,1.0,1e-06,25,0.60,0.58,False,900.0,2,0.0026072926841161047,0.05106165571263925,3.516342108626937,vittima non trovata entro 15 minuti
1249,100,4,45.0,45.0,5.0,1e-06,50,0.60,0.45,True,49.6,3,0.000566393717541967,0.02379902765959078,0.28069478480848664,
1250,100,4,45.0,45.0,5.0,1e-06,50,0.60,0.58,True,50.5,3,0.0005996743884906848,0.02448825000874266,0.17627889406045918,
1240,100,4,45.0,45.0,5.0,1e-07,120,0.60,0.58,True,74.4,3,0.01637801561860051,0.12797662137515786,0.0853955542048818,
1252,100,4,45.0,45.0,5.0,1e-06,80,0.35,0.45,True,47.800000000000004,3,0.0005260649721230263,0.022936106298215186,0.44858330868445384,
1255,100,4,45.0,45.0,5.0,1e-06,80,0.60,0.58,True,50.300000000000004,3,0.0005720220695316338,0.023916982868489783,0.12251604863011553,
1253,100,4,45.0,45.0,5.0,1e-06,80,0.45,0.55,True,50.800000000000004,3,0.0029275243632306148,0.054106601845159474,1.5319247016675357,
1251,100,4,45.0,45.0,5.0,1e-06,80,center,center,True,54.400000000000006,3,0.00037143043122146166,0.019272530483085547,2.1116608330347555,
1257,100,4,45.0,45.0,5.0,1e-06,120,0.35,0.45,True,47.800000000000004,3,0.0005260649721230263,0.022936106298215186,0.44858330868445384,
1254,100,4,45.0,45.0,5.0,1e-06,80,0.60,0.45,True,49.6,3,0.00045852822199580535,0.021413272099233348,0.5531654051613979,
1256,100,4,45.0,45.0,5.0,1e-06,120,center,center,True,54.400000000000006,3,0.00037143043122146166,0.019272530483085547,2.1116608330347555,
1258,100,4,45.0,45.0,5.0,1e-06,120,0.45,0.55,True,50.800000000000004,3,0.0029275243632306148,0.054106601845159474,1.5319247016675357,
1260,100,4,45.0,45.0,5.0,1e-06,120,0.60,0.58,True,50.300000000000004,3,0.0005720220695316338,0.023916982868489783,0.12251604863011553,
1259,100,4,45.0,45.0,5.0,1e-06,120,0.60,0.45,True,49.6,3,0.00045852822199580535,0.021413272099233348,0.5531654051613979,
1264,100,4,67.5,45.0,1.0,1e-08,25,0.60,0.45,True,58.0,3,0.46351231696714745,0.6808173888548584,14.868976862630467,
1263,100,4,67.5,45.0,1.0,1e-08,25,0.45,0.55,True,58.6,3,2.145252993573621,1.4646682196230043,14.82825574584282,
1262,100,4,67.5,45.0,1.0,1e-08,25,0.35,0.45,True,63.2,3,0.1891972071049075,0.4349680529704538,15.063619613429474,
1268,100,4,67.5,45.0,1.0,1e-08,50,0.45,0.55,True,58.6,3,2.145252993573621,1.4646682196230043,14.82825574584282,
1265,100,4,67.5,45.0,1.0,1e-08,25,0.60,0.58,True,58.800000000000004,3,0.3154940426482372,0.5616885637506226,15.044220017360782,
1270,100,4,67.5,45.0,1.0,1e-08,50,0.60,0.58,True,58.800000000000004,3,0.3154940426482372,0.5616885637506226,15.044220017360782,
1269,100,4,67.5,45.0,1.0,1e-08,50,0.60,0.45,True,58.1,3,0.46320317977104153,0.6805903171299468,14.868581289113274,
1261,100,4,67.5,45.0,1.0,1e-08,25,center,center,True,68.8,3,0.6744691780314378,0.8212607247588538,15.087856299398897,
1266,100,4,67.5,45.0,1.0,1e-08,50,center,center,True,68.60000000000001,3,0.6744691780314378,0.8212607247588538,15.087856299398897,
1267,100,4,67.5,45.0,1.0,1e-08,50,0.35,0.45,True,63.400000000000006,3,0.1891972071049075,0.4349680529704538,15.063619613429474,
1272,100,4,67.5,45.0,1.0,1e-08,80,0.35,0.45,True,63.400000000000006,3,0.1891972071049075,0.4349680529704538,15.063619613429474,
1273,100,4,67.5,45.0,1.0,1e-08,80,0.45,0.55,True,58.6,3,2.145252993573621,1.4646682196230043,14.82825574584282,
1274,100,4,67.5,45.0,1.0,1e-08,80,0.60,0.45,True,58.1,3,0.46320317977104153,0.6805903171299468,14.868581289113274,
1275,100,4,67.5,45.0,1.0,1e-08,80,0.60,0.58,True,58.800000000000004,3,0.3154940426482372,0.5616885637506226,15.044220017360782,
1271,100,4,67.5,45.0,1.0,1e-08,80,center,center,True,68.60000000000001,3,0.6744691780314378,0.8212607247588538,15.087856299398897,
1279,100,4,67.5,45.0,1.0,1e-08,120,0.60,0.45,True,58.1,3,0.46320317977104153,0.6805903171299468,14.868581289113274,
1278,100,4,67.5,45.0,1.0,1e-08,120,0.45,0.55,True,58.6,3,2.145252993573621,1.4646682196230043,14.82825574584282,
1277,100,4,67.5,45.0,1.0,1e-08,120,0.35,0.45,True,63.400000000000006,3,0.1891972071049075,0.4349680529704538,15.063619613429474,
825,100,3,57.7,24.4,3.0,1e-06,25,0.60,0.58,False,900.0,2,0.002615524011864208,0.05114219404624921,3.578905580760588,vittima non trovata entro 15 minuti
1280,100,4,67.5,45.0,1.0,1e-08,120,0.60,0.58,True,58.800000000000004,3,0.3154940426482372,0.5616885637506226,15.044220017360782,
1276,100,4,67.5,45.0,1.0,1e-08,120,center,center,True,68.60000000000001,3,0.6744691780314378,0.8212607247588538,15.087856299398897,
821,100,3,57.7,24.4,3.0,1e-06,25,center,center,False,900.0,2,0.0032607927568182385,0.0571033515375257,5.393437644835654,vittima non trovata entro 15 minuti
1282,100,4,67.5,45.0,1.0,1e-07,25,0.35,0.45,True,80.80000000000001,3,0.026609627703824166,0.1631245772525531,2.6680097270363134,
1281,100,4,67.5,45.0,1.0,1e-07,25,center,center,True,82.0,3,0.00015436952625238394,0.012424553362289686,1.1673851860262914,
1283,100,4,67.5,45.0,1.0,1e-07,25,0.45,0.55,True,78.4,3,0.027245574359981994,0.16506233477078286,2.524021144544295,
1287,100,4,67.5,45.0,1.0,1e-07,50,0.35,0.45,True,75.10000000000001,3,0.004965515127459567,0.07046641134228114,2.0450772756072984,
1284,100,4,67.5,45.0,1.0,1e-07,25,0.60,0.45,True,80.4,3,0.0015772398982087327,0.03971447970462074,0.1952250412103829,
1285,100,4,67.5,45.0,1.0,1e-07,25,0.60,0.58,True,78.10000000000001,3,0.006623997893719133,0.08138794685774506,0.9275375086024241,
1286,100,4,67.5,45.0,1.0,1e-07,50,center,center,True,77.5,3,0.0007645289624134304,0.027650116860755407,0.9873691633502666,
1288,100,4,67.5,45.0,1.0,1e-07,50,0.45,0.55,True,83.2,3,0.00019904487575881855,0.014108326469103928,0.8068664235326374,
1302,100,4,67.5,45.0,1.0,1e-06,25,0.35,0.45,True,56.800000000000004,3,5.763484849602854e-05,0.007591761883517458,12.159749683206073,
1301,100,4,67.5,45.0,1.0,1e-06,25,center,center,True,58.2,3,7.73115590265488e-05,0.008792699188903758,11.328604699073894,
1291,100,4,67.5,45.0,1.0,1e-07,80,center,center,True,80.0,3,8.683789623445965e-05,0.009318685327580262,1.2301629396573348,
1289,100,4,67.5,45.0,1.0,1e-07,50,0.60,0.45,True,80.4,3,0.0016798420588307033,0.04098587633357012,0.29041385364819716,
1290,100,4,67.5,45.0,1.0,1e-07,50,0.60,0.58,True,78.9,3,0.0027736334976792942,0.05266529690108368,0.21915364369177098,
1306,100,4,67.5,45.0,1.0,1e-06,50,center,center,True,56.900000000000006,3,0.002110430342705895,0.04593942035665986,9.11942014007532,
1292,100,4,67.5,45.0,1.0,1e-07,80,0.35,0.45,True,81.30000000000001,3,0.027917800377647732,0.16708620642544894,2.42903307885196,
1293,100,4,67.5,45.0,1.0,1e-07,80,0.45,0.55,True,77.9,3,0.027707663103508428,0.1664561897422515,0.8676741744817547,
1303,100,4,67.5,45.0,1.0,1e-06,25,0.45,0.55,True,61.5,3,0.0028794285547129516,0.053660307068753826,9.01623400576236,
1304,100,4,67.5,45.0,1.0,1e-06,25,0.60,0.45,True,59.5,3,0.005195583200535375,0.07208039400929614,10.11052882486997,
1294,100,4,67.5,45.0,1.0,1e-07,80,0.60,0.45,True,78.10000000000001,3,0.0016132807183495805,0.04016566591442971,0.28072440391788095,
1308,100,4,67.5,45.0,1.0,1e-06,50,0.45,0.55,True,56.900000000000006,3,4.825997517424528e-05,0.006946939986371358,12.031321633128028,
1309,100,4,67.5,45.0,1.0,1e-06,50,0.60,0.45,True,59.6,3,9.445118431470077e-05,0.009718599915353074,12.467468239097528,
1298,100,4,67.5,45.0,1.0,1e-07,120,0.45,0.55,True,80.4,3,0.02785189067753604,0.1668888572599622,0.8902678353505968,
1297,100,4,67.5,45.0,1.0,1e-07,120,0.35,0.45,True,80.0,3,0.027918060352761044,0.16708698439064917,2.4290559029473555,
1295,100,4,67.5,45.0,1.0,1e-07,80,0.60,0.58,True,86.9,3,0.006339308104666076,0.07961977207117636,0.26663966148032947,
1299,100,4,67.5,45.0,1.0,1e-07,120,0.60,0.45,True,80.80000000000001,3,0.0015855507750671433,0.039818975062991556,0.1930441489043697,
1305,100,4,67.5,45.0,1.0,1e-06,25,0.60,0.58,True,76.0,3,3.752850022026925e-06,0.001937227405863061,13.397898076503214,
1300,100,4,67.5,45.0,1.0,1e-07,120,0.60,0.58,True,86.7,3,0.006339308104666076,0.07961977207117636,0.26663966148032947,
1307,100,4,67.5,45.0,1.0,1e-06,50,0.35,0.45,True,72.2,3,3.4707320294262695e-05,0.005891291903671273,13.133465882969789,
1296,100,4,67.5,45.0,1.0,1e-07,120,center,center,True,89.7,3,0.01462026522599089,0.12091428875857017,1.089426327191221,
1312,100,4,67.5,45.0,1.0,1e-06,80,0.35,0.45,True,55.800000000000004,3,1.5368023464480253e-05,0.00392020706908197,12.905492669339898,
1311,100,4,67.5,45.0,1.0,1e-06,80,center,center,True,58.400000000000006,3,2.3496110989875205e-05,0.004847278720052645,10.954180292902695,
1317,100,4,67.5,45.0,1.0,1e-06,120,0.35,0.45,True,55.800000000000004,3,1.5368023464480253e-05,0.00392020706908197,12.905492669339898,
1310,100,4,67.5,45.0,1.0,1e-06,50,0.60,0.58,True,75.4,3,2.6411128176793162e-05,0.005139175826608111,13.452086370439716,
1314,100,4,67.5,45.0,1.0,1e-06,80,0.60,0.45,True,58.1,3,8.370435096369957e-05,0.009149008195629709,11.898564269801575,
1313,100,4,67.5,45.0,1.0,1e-06,80,0.45,0.55,True,59.800000000000004,3,0.00024083878259518316,0.015518981364612277,11.254652083903963,
1316,100,4,67.5,45.0,1.0,1e-06,120,center,center,True,58.6,3,2.201935485870764e-05,0.00469247854110252,10.851811879366922,
1315,100,4,67.5,45.0,1.0,1e-06,80,0.60,0.58,True,62.800000000000004,3,0.00023360740760516735,0.015284220870072748,12.707626611926296,
1318,100,4,67.5,45.0,1.0,1e-06,120,0.45,0.55,True,58.400000000000006,3,0.00011368578083425726,0.010662353437879335,11.023182385850323,
1325,100,4,67.5,45.0,3.0,1e-08,25,0.60,0.58,True,44.2,3,0.09239404235306235,0.30396388330369506,15.087389011145543,
1330,100,4,67.5,45.0,3.0,1e-08,50,0.60,0.58,True,44.2,3,0.09239404235306235,0.30396388330369506,15.087389011145543,
1319,100,4,67.5,45.0,1.0,1e-06,120,0.60,0.45,True,57.6,3,9.77676239850905e-05,0.00988775120970843,12.016659552190102,
1323,100,4,67.5,45.0,3.0,1e-08,25,0.45,0.55,True,58.6,3,2.1452527599349285,1.464668139864771,14.827108676972358,
1324,100,4,67.5,45.0,3.0,1e-08,25,0.60,0.45,True,51.400000000000006,3,2.078009088727489,1.441530120645243,14.655431149477243,
1320,100,4,67.5,45.0,1.0,1e-06,120,0.60,0.58,True,61.900000000000006,3,1.851093298544738e-05,0.004302433379547832,12.354618499421095,
1322,100,4,67.5,45.0,3.0,1e-08,25,0.35,0.45,True,63.2,3,0.18919720735715642,0.4349680532604164,15.063619781909654,
881,100,3,57.7,24.4,5.0,1e-06,25,center,center,False,900.0,2,0.0010628151922199274,0.0326008464954505,4.640747966291592,vittima non trovata entro 15 minuti
1335,100,4,67.5,45.0,3.0,1e-08,80,0.60,0.58,True,44.2,3,0.09239404235306235,0.30396388330369506,15.087389011145543,
1329,100,4,67.5,45.0,3.0,1e-08,50,0.60,0.45,True,59.800000000000004,3,2.077525427546985,1.4413623512312874,14.655270474319193,
1328,100,4,67.5,45.0,3.0,1e-08,50,0.45,0.55,True,58.6,3,2.1452527599349285,1.464668139864771,14.827108676972358,
1333,100,4,67.5,45.0,3.0,1e-08,80,0.45,0.55,True,58.6,3,2.1452527599349285,1.464668139864771,14.827108676972358,
1340,100,4,67.5,45.0,3.0,1e-08,120,0.60,0.58,True,44.2,3,0.09239404235306235,0.30396388330369506,15.087389011145543,
1327,100,4,67.5,45.0,3.0,1e-08,50,0.35,0.45,True,63.400000000000006,3,0.18919720735715642,0.4349680532604164,15.063619781909654,
885,100,3,57.7,24.4,5.0,1e-06,25,0.60,0.58,False,900.0,2,0.0026160376607978417,0.05114721557228547,3.577116633964441,vittima non trovata entro 15 minuti
1321,100,4,67.5,45.0,3.0,1e-08,25,center,center,True,68.5,3,0.47963884138881474,0.6925596302043707,15.098815024701809,
1334,100,4,67.5,45.0,3.0,1e-08,80,0.60,0.45,True,59.800000000000004,3,2.077525427546985,1.4413623512312874,14.655270474319193,
1326,100,4,67.5,45.0,3.0,1e-08,50,center,center,True,68.60000000000001,3,0.47963884138881474,0.6925596302043707,15.098815024701809,
1337,100,4,67.5,45.0,3.0,1e-08,120,0.35,0.45,True,63.400000000000006,3,0.18919720735715642,0.4349680532604164,15.063619781909654,
1332,100,4,67.5,45.0,3.0,1e-08,80,0.35,0.45,True,63.400000000000006,3,0.18919720735715642,0.4349680532604164,15.063619781909654,
1338,100,4,67.5,45.0,3.0,1e-08,120,0.45,0.55,True,58.6,3,2.1452527599349285,1.464668139864771,14.827108676972358,
1331,100,4,67.5,45.0,3.0,1e-08,80,center,center,True,68.60000000000001,3,0.47963884138881474,0.6925596302043707,15.098815024701809,
1339,100,4,67.5,45.0,3.0,1e-08,120,0.60,0.45,True,59.800000000000004,3,2.077525427546985,1.4413623512312874,14.655270474319193,
1336,100,4,67.5,45.0,3.0,1e-08,120,center,center,True,68.60000000000001,3,0.47963884138881474,0.6925596302043707,15.098815024701809,
1341,100,4,67.5,45.0,3.0,1e-07,25,center,center,True,81.5,3,0.003253711990734944,0.05704131827662246,0.9339068632460269,
1345,100,4,67.5,45.0,3.0,1e-07,25,0.60,0.58,True,73.2,3,0.012834258441485879,0.11328838617213098,1.145356770072216,
1344,100,4,67.5,45.0,3.0,1e-07,25,0.60,0.45,True,80.0,3,0.00047433260636891797,0.02177917827579631,0.16681153112498268,
1342,100,4,67.5,45.0,3.0,1e-07,25,0.35,0.45,True,80.80000000000001,3,0.030227996047218014,0.17386200288509854,2.6861202309699705,
1347,100,4,67.5,45.0,3.0,1e-07,50,0.35,0.45,True,75.10000000000001,3,0.0035094541036766354,0.059240645706108194,2.0706436594649316,
1343,100,4,67.5,45.0,3.0,1e-07,25,0.45,0.55,True,78.30000000000001,3,0.027251142234937947,0.16507919988580616,2.562000495965244,
1346,100,4,67.5,45.0,3.0,1e-07,50,center,center,True,76.80000000000001,3,0.00013927335376203738,0.011801413210376008,0.8179045812797503,
1350,100,4,67.5,45.0,3.0,1e-07,50,0.60,0.58,True,78.80000000000001,3,0.00045118744142999095,0.021241173259262093,0.4337146637558184,
1349,100,4,67.5,45.0,3.0,1e-07,50,0.60,0.45,True,78.10000000000001,3,0.0008764416849618447,0.02960475780954549,0.15185320152953313,
1362,100,4,67.5,45.0,3.0,1e-06,25,0.35,0.45,True,56.300000000000004,3,6.166400086383741e-05,0.007852642922216534,11.629988309211349,
1361,100,4,67.5,45.0,3.0,1e-06,25,center,center,True,58.2,3,5.830297370817098e-05,0.007635638395587561,11.253233747434601,
1366,100,4,67.5,45.0,3.0,1e-06,50,center,center,True,57.2,3,0.0029274673288073793,0.05410607478654665,10.00378403445937,
1365,100,4,67.5,45.0,3.0,1e-06,25,0.60,0.58,True,59.7,3,6.687527515417333e-07,0.0008177730440297805,12.886334011067738,
1348,100,4,67.5,45.0,3.0,1e-07,50,0.45,0.55,True,82.5,3,0.0064870506616193846,0.08054222905792578,0.8441354427431806,
1364,100,4,67.5,45.0,3.0,1e-06,25,0.60,0.45,True,59.0,3,0.0052804987038890805,0.07266704001051014,10.639738771748315,
1351,100,4,67.5,45.0,3.0,1e-07,80,center,center,True,79.5,3,8.651745818222682e-05,0.009301476129208031,0.9477446546250647,
1368,100,4,67.5,45.0,3.0,1e-06,50,0.45,0.55,True,56.400000000000006,3,1.5012397498636167e-05,0.0038745835258303784,11.771009099226317,
1353,100,4,67.5,45.0,3.0,1e-07,80,0.45,0.55,True,77.9,3,0.0008807300017698931,0.02967709557503721,0.9542220569791388,
1369,100,4,67.5,45.0,3.0,1e-06,50,0.60,0.45,True,58.5,3,0.0001307497451677618,0.011434585482988082,11.369791751369302,
1363,100,4,67.5,45.0,3.0,1e-06,25,0.45,0.55,True,61.6,3,0.0030742203798139987,0.055445652487945335,9.252641479686075,
1352,100,4,67.5,45.0,3.0,1e-07,80,0.35,0.45,True,81.4,3,0.029997785534128334,0.17319868802657928,2.4562075669242445,
1354,100,4,67.5,45.0,3.0,1e-07,80,0.60,0.45,True,79.60000000000001,3,0.0007834922649323304,0.02799093183394098,0.19003805137600843,
1358,100,4,67.5,45.0,3.0,1e-07,120,0.45,0.55,True,80.2,3,0.012107650178815385,0.11003476804544728,0.9514716971960236,
1371,100,4,67.5,45.0,3.0,1e-06,80,center,center,True,59.0,3,2.264942360102245e-05,0.00475914105706297,10.99758414310719,
1372,100,4,67.5,45.0,3.0,1e-06,80,0.35,0.45,True,56.0,3,1.5528065926934086e-05,0.003940566701241597,12.953218754383494,
1355,100,4,67.5,45.0,3.0,1e-07,80,0.60,0.58,True,87.10000000000001,3,0.013460746176010441,0.1160204558515887,0.3620772582834429,
1357,100,4,67.5,45.0,3.0,1e-07,120,0.35,0.45,True,80.30000000000001,3,0.029997997166315578,0.17319929897755237,2.456230741345283,
1359,100,4,67.5,45.0,3.0,1e-07,120,0.60,0.45,True,82.2,3,0.000765398674470276,0.027665839486093243,0.16275291508746464,
1367,100,4,67.5,45.0,3.0,1e-06,50,0.35,0.45,True,72.60000000000001,3,5.8432353953070066e-05,0.007644105830839213,13.322777575632252,
1356,100,4,67.5,45.0,3.0,1e-07,120,center,center,True,89.4,3,0.0030945170213797168,0.055628383235356724,0.8877831884683023,
1360,100,4,67.5,45.0,3.0,1e-07,120,0.60,0.58,True,86.7,3,0.013460746176010441,0.1160204558515887,0.3620772582834429,
1370,100,4,67.5,45.0,3.0,1e-06,50,0.60,0.58,True,75.4,3,5.600532397717917e-05,0.007483670488281747,13.066611988127312,
1374,100,4,67.5,45.0,3.0,1e-06,80,0.60,0.45,True,57.5,3,8.507307834745343e-05,0.009223506835659279,11.682106519850517,
1373,100,4,67.5,45.0,3.0,1e-06,80,0.45,0.55,True,60.300000000000004,3,0.00019073808583722858,0.013810795988545649,10.959152656404182,
1375,100,4,67.5,45.0,3.0,1e-06,80,0.60,0.58,True,61.800000000000004,3,3.7405883593531125e-05,0.006116034956859806,11.770825704787024,
1376,100,4,67.5,45.0,3.0,1e-06,120,center,center,True,58.300000000000004,3,7.927020606887697e-06,0.002815496511609932,10.449492771091144,
1377,100,4,67.5,45.0,3.0,1e-06,120,0.35,0.45,True,56.0,3,1.5528065926934086e-05,0.003940566701241597,12.953218754383494,
1379,100,4,67.5,45.0,3.0,1e-06,120,0.60,0.45,True,57.400000000000006,3,8.351974690163086e-05,0.00913891387975786,11.654594165682457,
1378,100,4,67.5,45.0,3.0,1e-06,120,0.45,0.55,True,59.800000000000004,3,0.00018094376756889406,0.01345153402288728,11.02209037502147,
1385,100,4,67.5,45.0,5.0,1e-08,25,0.60,0.58,True,44.0,3,0.03380303829161477,0.18385602598668005,15.091816488392533,
1390,100,4,67.5,45.0,5.0,1e-08,50,0.60,0.58,True,44.0,3,0.03380303829161477,0.18385602598668005,15.091816488392533,
1384,100,4,67.5,45.0,5.0,1e-08,25,0.60,0.45,True,51.1,3,2.016290553778579,1.4199614620751435,14.652205202868695,
1380,100,4,67.5,45.0,3.0,1e-06,120,0.60,0.58,True,61.400000000000006,3,0.00015193677762928164,0.012326263733560208,11.998036407241369,
1389,100,4,67.5,45.0,5.0,1e-08,50,0.60,0.45,True,51.0,3,1.6697984679050129,1.2922068208707973,14.681347214721225,
1383,100,4,67.5,45.0,5.0,1e-08,25,0.45,0.55,True,58.6,3,1.7827807840337848,1.3352081425881828,14.85725268225305,
1382,100,4,67.5,45.0,5.0,1e-08,25,0.35,0.45,True,63.2,3,0.18919724860241066,0.43496810067223396,15.066090127633263,
1395,100,4,67.5,45.0,5.0,1e-08,80,0.60,0.58,True,44.0,3,0.03380303829161477,0.18385602598668005,15.091816488392533,
1400,100,4,67.5,45.0,5.0,1e-08,120,0.60,0.58,True,44.0,3,0.03380303829161477,0.18385602598668005,15.091816488392533,
1394,100,4,67.5,45.0,5.0,1e-08,80,0.60,0.45,True,51.0,3,1.6697984679050129,1.2922068208707973,14.681347214721225,
1393,100,4,67.5,45.0,5.0,1e-08,80,0.45,0.55,True,58.5,3,1.7827807840337848,1.3352081425881828,14.85725268225305,
1388,100,4,67.5,45.0,5.0,1e-08,50,0.45,0.55,True,58.5,3,1.7827807840337848,1.3352081425881828,14.85725268225305,
1387,100,4,67.5,45.0,5.0,1e-08,50,0.35,0.45,True,63.5,3,0.18919724860241066,0.43496810067223396,15.066090127633263,
1381,100,4,67.5,45.0,5.0,1e-08,25,center,center,True,68.60000000000001,3,0.47696016888399295,0.6906230295059621,15.102058692259078,
1399,100,4,67.5,45.0,5.0,1e-08,120,0.60,0.45,True,51.0,3,1.6697984679050129,1.2922068208707973,14.681347214721225,
1386,100,4,67.5,45.0,5.0,1e-08,50,center,center,True,68.2,3,0.47696016888399295,0.6906230295059621,15.102058692259078,
1392,100,4,67.5,45.0,5.0,1e-08,80,0.35,0.45,True,63.5,3,0.18919724860241066,0.43496810067223396,15.066090127633263,
1391,100,4,67.5,45.0,5.0,1e-08,80,center,center,True,68.2,3,0.47696016888399295,0.6906230295059621,15.102058692259078,
1398,100,4,67.5,45.0,5.0,1e-08,120,0.45,0.55,True,58.5,3,1.7827807840337848,1.3352081425881828,14.85725268225305,
1397,100,4,67.5,45.0,5.0,1e-08,120,0.35,0.45,True,63.5,3,0.18919724860241066,0.43496810067223396,15.066090127633263,
1396,100,4,67.5,45.0,5.0,1e-08,120,center,center,True,68.2,3,0.47696016888399295,0.6906230295059621,15.102058692259078,
1401,100,4,67.5,45.0,5.0,1e-07,25,center,center,True,80.7,3,0.00014703208312818273,0.012125678666704918,0.4467999302402795,
1402,100,4,67.5,45.0,5.0,1e-07,25,0.35,0.45,True,79.2,3,0.027970700326190825,0.16724443287054677,2.694088347952748,
1405,100,4,67.5,45.0,5.0,1e-07,25,0.60,0.58,True,78.0,3,0.014254797163654825,0.11939345527982187,0.9743325244890181,
1404,100,4,67.5,45.0,5.0,1e-07,25,0.60,0.45,True,80.2,3,0.0005425291128004195,0.023292254352046293,0.4233419029975587,
1403,100,4,67.5,45.0,5.0,1e-07,25,0.45,0.55,True,80.4,3,6.496029236944422e-05,0.008059794809388402,0.4661105614751243,
1407,100,4,67.5,45.0,5.0,1e-07,50,0.35,0.45,True,75.0,3,0.030180197705136323,0.173724487925958,2.0648349778257735,
1406,100,4,67.5,45.0,5.0,1e-07,50,center,center,True,77.10000000000001,3,0.00015757717304880817,0.012552974669328707,0.4113393535693791,
1410,100,4,67.5,45.0,5.0,1e-07,50,0.60,0.58,True,72.60000000000001,3,0.026415579531690003,0.16252870371626668,3.973521671566182,
1421,100,4,67.5,45.0,5.0,1e-06,25,center,center,True,56.900000000000006,3,1.0048442214561166e-05,0.0031699277932724533,10.769593276676959,
1422,100,4,67.5,45.0,5.0,1e-06,25,0.35,0.45,True,56.5,3,5.2020184906773954e-05,0.007212501986604507,11.357543081053455,
1411,100,4,67.5,45.0,5.0,1e-07,80,center,center,True,79.80000000000001,3,8.64849847654636e-05,0.009299730359825687,0.5123522140489399,
1408,100,4,67.5,45.0,5.0,1e-07,50,0.45,0.55,True,82.10000000000001,3,0.0011533748082286693,0.03396137229601698,0.6689378629491644,
1415,100,4,67.5,45.0,5.0,1e-07,80,0.60,0.58,True,71.4,3,0.02709023026281023,0.16459110019320677,4.130974913608271,
1428,100,4,67.5,45.0,5.0,1e-06,50,0.45,0.55,True,56.900000000000006,3,2.2142569760096158e-05,0.004705589204350095,11.583719930356976,
1409,100,4,67.5,45.0,5.0,1e-07,50,0.60,0.45,True,87.0,3,0.00046268120806773486,0.021510025757021652,0.055658537521172745,
1412,100,4,67.5,45.0,5.0,1e-07,80,0.35,0.45,True,81.80000000000001,3,0.027907638045808647,0.1670557932123536,2.464248414975939,
1414,100,4,67.5,45.0,5.0,1e-07,80,0.60,0.45,True,74.8,3,0.00048715170776936163,0.022071513490682093,0.3325000847340596,
1424,100,4,67.5,45.0,5.0,1e-06,25,0.60,0.45,True,60.400000000000006,3,0.005247747127316724,0.07244133576430464,10.195723774009826,
1423,100,4,67.5,45.0,5.0,1e-06,25,0.45,0.55,True,65.7,3,0.0025433914075240083,0.050432047425461604,5.1490822093484585,
1413,100,4,67.5,45.0,5.0,1e-07,80,0.45,0.55,True,78.7,3,0.0017640364861926348,0.0420004343571901,0.5303234857265957,
1429,100,4,67.5,45.0,5.0,1e-06,50,0.60,0.45,True,58.6,3,0.0001016540908667478,0.01008236534086857,11.339650197844755,
1426,100,4,67.5,45.0,5.0,1e-06,50,center,center,True,66.9,3,0.0006185497073268871,0.024870659567588615,6.201867888646469,
1418,100,4,67.5,45.0,5.0,1e-07,120,0.45,0.55,True,80.30000000000001,3,0.020108088074678412,0.1418029903587312,0.4956413226587959,
1417,100,4,67.5,45.0,5.0,1e-07,120,0.35,0.45,True,80.10000000000001,3,0.027728709477224944,0.16651939669967863,2.437475646104463,
1431,100,4,67.5,45.0,5.0,1e-06,80,center,center,True,58.5,3,8.580672428801696e-06,0.0029292784826304404,10.33259074960587,
1432,100,4,67.5,45.0,5.0,1e-06,80,0.35,0.45,True,56.2,3,3.291250089135611e-05,0.00573694177165466,12.896359239691431,
1416,100,4,67.5,45.0,5.0,1e-07,120,center,center,True,80.10000000000001,3,0.00021222627277146534,0.014567987945199068,0.5233552049648029,
1419,100,4,67.5,45.0,5.0,1e-07,120,0.60,0.45,True,82.0,3,0.0005300630057536433,0.023023097223302588,0.3631036858828177,
1427,100,4,67.5,45.0,5.0,1e-06,50,0.35,0.45,True,72.3,3,4.0731525724757246e-05,0.00638212548644707,13.04471107847217,
1425,100,4,67.5,45.0,5.0,1e-06,25,0.60,0.58,True,75.8,3,2.243862680265881e-05,0.004736942769620381,12.824312115495296,
1420,100,4,67.5,45.0,5.0,1e-07,120,0.60,0.58,True,87.7,3,0.000679414347449224,0.026065577826881646,1.0647338432281632,
1430,100,4,67.5,45.0,5.0,1e-06,50,0.60,0.58,True,76.2,3,5.6133491197350636e-05,0.007492228720304168,13.101577778518777,
1433,100,4,67.5,45.0,5.0,1e-06,80,0.45,0.55,True,59.5,3,0.00013259458010965122,0.011514971997779726,10.958911649553356,
1437,100,4,67.5,45.0,5.0,1e-06,120,0.35,0.45,True,56.2,3,3.291250089135611e-05,0.00573694177165466,12.896359239691431,
1434,100,4,67.5,45.0,5.0,1e-06,80,0.60,0.45,True,57.0,3,0.00020136411494463009,0.014190282412433872,9.785597868109459,
1436,100,4,67.5,45.0,5.0,1e-06,120,center,center,True,58.300000000000004,3,1.2543483328798594e-05,0.003541678038557231,10.37993008570353,
1439,100,4,67.5,45.0,5.0,1e-06,120,0.60,0.45,True,57.6,3,7.806900756185635e-05,0.008835666786488519,10.092173870375584,
1442,100,4,31.5,63.0,1.0,1e-08,25,0.35,0.45,True,50.800000000000004,3,0.0991107727384174,0.3148186346746606,22.533891855775714,
1438,100,4,67.5,45.0,5.0,1e-06,120,0.45,0.55,True,60.2,3,0.00020485638136618094,0.014312804804306559,11.092316736845468,
1443,100,4,31.5,63.0,1.0,1e-08,25,0.45,0.55,True,49.7,3,0.19349326879445058,0.4398786978184447,22.52174847730804,
1447,100,4,31.5,63.0,1.0,1e-08,50,0.35,0.45,True,50.900000000000006,3,0.09911417025845984,0.3148240306241883,22.534046957859765,
1435,100,4,67.5,45.0,5.0,1e-06,80,0.60,0.58,True,62.1,3,0.0001297228407748899,0.011389593529836343,12.162113427035397,
1441,100,4,31.5,63.0,1.0,1e-08,25,center,center,True,53.400000000000006,3,0.19292896374741186,0.4392367968959475,22.50661170088175,
1445,100,4,31.5,63.0,1.0,1e-08,25,0.60,0.58,True,47.2,3,0.03920906356775917,0.19801278637441364,22.600492667200644,
1450,100,4,31.5,63.0,1.0,1e-08,50,0.60,0.58,True,47.7,3,0.039204488398140114,0.19800123332479552,22.600363815786423,
1440,100,4,67.5,45.0,5.0,1e-06,120,0.60,0.58,True,61.5,3,7.836467951284725e-05,0.008852382702574898,12.170696835610663,
1444,100,4,31.5,63.0,1.0,1e-08,25,0.60,0.45,True,57.300000000000004,3,0.41836006721014707,0.6468075967473998,22.80626813539872,
1446,100,4,31.5,63.0,1.0,1e-08,50,center,center,True,53.6,3,0.19283097446750105,0.43912523779384516,22.507099162300072,
1448,100,4,31.5,63.0,1.0,1e-08,50,0.45,0.55,True,48.5,3,0.09949669862242445,0.3154309728330819,22.546733454526024,
1453,100,4,31.5,63.0,1.0,1e-08,80,0.45,0.55,True,48.5,3,0.09949669862242445,0.3154309728330819,22.546733454526024,
1455,100,4,31.5,63.0,1.0,1e-08,80,0.60,0.58,True,47.7,3,0.039204488398140114,0.19800123332479552,22.600363815786423,
1452,100,4,31.5,63.0,1.0,1e-08,80,0.35,0.45,True,50.900000000000006,3,0.09911417025845984,0.3148240306241883,22.534046957859765,
1460,100,4,31.5,63.0,1.0,1e-08,120,0.60,0.58,True,47.7,3,0.039204488398140114,0.19800123332479552,22.600363815786423,
1451,100,4,31.5,63.0,1.0,1e-08,80,center,center,True,53.7,3,0.19283097446750105,0.43912523779384516,22.507099162300072,
1456,100,4,31.5,63.0,1.0,1e-08,120,center,center,True,53.7,3,0.19283097446750105,0.43912523779384516,22.507099162300072,
1458,100,4,31.5,63.0,1.0,1e-08,120,0.45,0.55,True,48.5,3,0.09949669862242445,0.3154309728330819,22.546733454526024,
1449,100,4,31.5,63.0,1.0,1e-08,50,0.60,0.45,True,57.0,3,0.6022800390788616,0.7760670325937455,22.777331825380074,
1457,100,4,31.5,63.0,1.0,1e-08,120,0.35,0.45,True,50.900000000000006,3,0.09911417025845984,0.3148240306241883,22.534046957859765,
1454,100,4,31.5,63.0,1.0,1e-08,80,0.60,0.45,True,56.800000000000004,3,0.6022800390788616,0.7760670325937455,22.777331825380074,
1459,100,4,31.5,63.0,1.0,1e-08,120,0.60,0.45,True,56.800000000000004,3,0.6022800390788616,0.7760670325937455,22.777331825380074,
1462,100,4,31.5,63.0,1.0,1e-07,25,0.35,0.45,True,81.10000000000001,3,0.02043784337072685,0.14296098548459593,0.028419243763143462,
1463,100,4,31.5,63.0,1.0,1e-07,25,0.45,0.55,True,85.30000000000001,3,0.016711516911222607,0.12927303242061977,0.5130441787991389,
1481,100,4,31.5,63.0,1.0,1e-06,25,center,center,True,50.300000000000004,3,nan,nan,17.526737982500055,
1465,100,4,31.5,63.0,1.0,1e-07,25,0.60,0.58,True,83.0,3,0.038495191917621074,0.1962019161925313,0.2802404014446278,
1486,100,4,31.5,63.0,1.0,1e-06,50,center,center,True,51.6,3,nan,nan,17.48156644900701,
1461,100,4,31.5,63.0,1.0,1e-07,25,center,center,True,90.2,3,0.028779321600787756,0.16964469222698292,2.340004030972906,
1464,100,4,31.5,63.0,1.0,1e-07,25,0.60,0.45,True,84.5,3,0.004197730026127375,0.06478989138845176,0.6145651304983706,
1488,100,4,31.5,63.0,1.0,1e-06,50,0.45,0.55,True,49.6,3,nan,nan,17.737987532381084,
1468,100,4,31.5,63.0,1.0,1e-07,50,0.45,0.55,True,77.4,3,0.027611491372111732,0.16616705862508288,0.6644650444794219,
1467,100,4,31.5,63.0,1.0,1e-07,50,0.35,0.45,True,74.5,3,0.019539270072227232,0.13978293913145207,0.12217652974635346,
1491,100,4,31.5,63.0,1.0,1e-06,80,center,center,True,50.300000000000004,3,nan,nan,17.23987081450842,
1492,100,4,31.5,63.0,1.0,1e-06,80,0.35,0.45,True,47.6,3,nan,nan,18.38562556832954,
1472,100,4,31.5,63.0,1.0,1e-07,80,0.35,0.45,True,75.10000000000001,3,0.0021315766456944337,0.04616900091722187,0.14323828365965918,
1473,100,4,31.5,63.0,1.0,1e-07,80,0.45,0.55,True,77.60000000000001,3,0.004201128730302621,0.06481611474242051,0.5736942220123649,
1477,100,4,31.5,63.0,1.0,1e-07,120,0.35,0.45,True,75.10000000000001,3,0.0021315766456944337,0.04616900091722187,0.14323828365965918,
1469,100,4,31.5,63.0,1.0,1e-07,50,0.60,0.45,True,83.7,3,0.018330089800575797,0.13538866200895774,0.5868154690290515,
1466,100,4,31.5,63.0,1.0,1e-07,50,center,center,True,86.5,3,0.000847337648238873,0.029109064709105188,2.3787921195389856,
1470,100,4,31.5,63.0,1.0,1e-07,50,0.60,0.58,True,83.60000000000001,3,0.019720727854277146,0.14043050898674814,0.29627741296845694,
1475,100,4,31.5,63.0,1.0,1e-07,80,0.60,0.58,True,76.4,3,0.00758078314543484,0.08706769289142122,0.2228395066772864,
1482,100,4,31.5,63.0,1.0,1e-06,25,0.35,0.45,True,69.0,3,0.0031972671824873947,0.05654438241317518,23.229738309605736,
1478,100,4,31.5,63.0,1.0,1e-07,120,0.45,0.55,True,77.60000000000001,3,0.004201128730302621,0.06481611474242051,0.5736942220123649,
1480,100,4,31.5,63.0,1.0,1e-07,120,0.60,0.58,True,76.4,3,0.00758078314543484,0.08706769289142122,0.2228395066772864,
1483,100,4,31.5,63.0,1.0,1e-06,25,0.45,0.55,True,69.60000000000001,3,nan,nan,19.594702178751405,
1485,100,4,31.5,63.0,1.0,1e-06,25,0.60,0.58,True,74.60000000000001,3,0.0030583000291963705,0.05530189896555425,24.136692545486508,
1487,100,4,31.5,63.0,1.0,1e-06,50,0.35,0.45,True,70.8,3,0.003186124224291046,0.05644576356371704,23.073978471960192,
1474,100,4,31.5,63.0,1.0,1e-07,80,0.60,0.45,True,84.0,3,0.007747203761731386,0.08801820130933934,0.45830323241269205,
1490,100,4,31.5,63.0,1.0,1e-06,50,0.60,0.58,True,73.2,3,0.002936988509026827,0.05419398960241649,22.804131594990068,
1476,100,4,31.5,63.0,1.0,1e-07,120,center,center,True,85.7,3,0.0252255214907802,0.15882544346161984,2.4558889652108853,
1471,100,4,31.5,63.0,1.0,1e-07,80,center,center,True,86.9,3,0.0252255214907802,0.15882544346161984,2.4558889652108853,
1484,100,4,31.5,63.0,1.0,1e-06,25,0.60,0.45,True,75.7,3,nan,nan,20.671842784630606,
1489,100,4,31.5,63.0,1.0,1e-06,50,0.60,0.45,True,74.2,3,0.0025105776694110643,0.05010566504309732,22.08367860780977,
1479,100,4,31.5,63.0,1.0,1e-07,120,0.60,0.45,True,84.0,3,0.007747203761731386,0.08801820130933934,0.45830323241269205,
1497,100,4,31.5,63.0,1.0,1e-06,120,0.35,0.45,True,47.6,3,nan,nan,18.38562556832954,
1496,100,4,31.5,63.0,1.0,1e-06,120,center,center,True,50.300000000000004,3,nan,nan,17.23987081450842,
1494,100,4,31.5,63.0,1.0,1e-06,80,0.60,0.45,True,57.400000000000006,3,nan,nan,18.601218958817267,
1493,100,4,31.5,63.0,1.0,1e-06,80,0.45,0.55,True,70.4,3,0.0030350188242648157,0.055091004930612905,21.25693634875226,
1503,100,4,31.5,63.0,3.0,1e-08,25,0.45,0.55,True,48.1,3,0.09969211004272305,0.3157405739570432,22.559689012661657,
1499,100,4,31.5,63.0,1.0,1e-06,120,0.60,0.45,True,57.400000000000006,3,nan,nan,18.601218958817267,
1502,100,4,31.5,63.0,3.0,1e-08,25,0.35,0.45,True,50.800000000000004,3,0.09911077260765974,0.31481863446698916,22.53389197756001,
1501,100,4,31.5,63.0,3.0,1e-08,25,center,center,True,53.300000000000004,3,0.1922846817758423,0.4385027728257169,22.499367172804817,
1505,100,4,31.5,63.0,3.0,1e-08,25,0.60,0.58,True,47.800000000000004,3,0.03889097586015501,0.19720795080359974,22.569937628713127,
1508,100,4,31.5,63.0,3.0,1e-08,50,0.45,0.55,True,48.7,3,0.09969623346374668,0.3157471036506062,22.559883277648208,
1507,100,4,31.5,63.0,3.0,1e-08,50,0.35,0.45,True,50.900000000000006,3,0.09911417021355648,0.3148240305528733,22.534047083542895,
1510,100,4,31.5,63.0,3.0,1e-08,50,0.60,0.58,True,47.800000000000004,3,0.03888983645440921,0.19720506193911252,22.569973582967524,
1506,100,4,31.5,63.0,3.0,1e-08,50,center,center,True,53.6,3,0.19218671351455704,0.4383910509061026,22.499854713465467,
1495,100,4,31.5,63.0,1.0,1e-06,80,0.60,0.58,True,70.8,3,0.00297752432765929,0.054566696140221735,22.65489787646112,
1513,100,4,31.5,63.0,3.0,1e-08,80,0.45,0.55,True,48.7,3,0.09969623346374668,0.3157471036506062,22.559883277648208,
1498,100,4,31.5,63.0,1.0,1e-06,120,0.45,0.55,True,70.4,3,0.0030350188242648157,0.055091004930612905,21.25693634875226,
1511,100,4,31.5,63.0,3.0,1e-08,80,center,center,True,53.6,3,0.19218671351455704,0.4383910509061026,22.499854713465467,
1515,100,4,31.5,63.0,3.0,1e-08,80,0.60,0.58,True,47.800000000000004,3,0.03888983645440921,0.19720506193911252,22.569973582967524,
1512,100,4,31.5,63.0,3.0,1e-08,80,0.35,0.45,True,50.900000000000006,3,0.09911417021355648,0.3148240305528733,22.534047083542895,
1500,100,4,31.5,63.0,1.0,1e-06,120,0.60,0.58,True,70.8,3,0.00297752432765929,0.054566696140221735,22.65489787646112,
1517,100,4,31.5,63.0,3.0,1e-08,120,0.35,0.45,True,50.900000000000006,3,0.09911417021355648,0.3148240305528733,22.534047083542895,
1520,100,4,31.5,63.0,3.0,1e-08,120,0.60,0.58,True,47.800000000000004,3,0.03888983645440921,0.19720506193911252,22.569973582967524,
1518,100,4,31.5,63.0,3.0,1e-08,120,0.45,0.55,True,48.7,3,0.09969623346374668,0.3157471036506062,22.559883277648208,
1504,100,4,31.5,63.0,3.0,1e-08,25,0.60,0.45,True,60.6,3,0.6022748332682363,0.7760636786167977,22.711876483119383,
1509,100,4,31.5,63.0,3.0,1e-08,50,0.60,0.45,True,60.300000000000004,3,0.6022629922377277,0.7760560496753619,22.71294734813305,
1516,100,4,31.5,63.0,3.0,1e-08,120,center,center,True,53.6,3,0.19218671351455704,0.4383910509061026,22.499854713465467,
1514,100,4,31.5,63.0,3.0,1e-08,80,0.60,0.45,True,60.2,3,0.6022629922377277,0.7760560496753619,22.71294734813305,
1519,100,4,31.5,63.0,3.0,1e-08,120,0.60,0.45,True,60.2,3,0.6022629922377277,0.7760560496753619,22.71294734813305,
1526,100,4,31.5,63.0,3.0,1e-07,50,center,center,True,66.2,3,0.02312959561454081,0.15208417279434705,3.3934793900470175,
1521,100,4,31.5,63.0,3.0,1e-07,25,center,center,True,90.30000000000001,3,0.010182734337363492,0.10090953541347562,3.0393083314453686,
1522,100,4,31.5,63.0,3.0,1e-07,25,0.35,0.45,True,81.10000000000001,3,0.020327191274674278,0.14257345922251546,0.030666590803373393,
1523,100,4,31.5,63.0,3.0,1e-07,25,0.45,0.55,True,86.60000000000001,3,0.12220167202158483,0.34957355738325635,0.8156882935531815,
1546,100,4,31.5,63.0,3.0,1e-06,50,center,center,True,51.2,3,nan,nan,16.956531810577562,
1524,100,4,31.5,63.0,3.0,1e-07,25,0.60,0.45,True,87.2,3,0.0015288371821875616,0.039100347596761356,0.40188374221406525,
1548,100,4,31.5,63.0,3.0,1e-06,50,0.45,0.55,True,49.900000000000006,3,nan,nan,18.427500011682085,
1541,100,4,31.5,63.0,3.0,1e-06,25,center,center,True,52.0,3,nan,nan,17.717537752030466,
1525,100,4,31.5,63.0,3.0,1e-07,25,0.60,0.58,True,80.80000000000001,3,0.002860888676365934,0.053487275836089594,0.1431910644350333,
1527,100,4,31.5,63.0,3.0,1e-07,50,0.35,0.45,True,74.60000000000001,3,0.007458778739444512,0.08636422140819953,0.1761698717674286,
1551,100,4,31.5,63.0,3.0,1e-06,80,center,center,True,50.5,3,nan,nan,17.997766684755,
1528,100,4,31.5,63.0,3.0,1e-07,50,0.45,0.55,True,78.5,3,0.006326087415086111,0.0795367048291926,0.8711755939532928,
1532,100,4,31.5,63.0,3.0,1e-07,80,0.35,0.45,True,75.3,3,0.005898797944016102,0.0768036323621227,0.14149259495827915,
1542,100,4,31.5,63.0,3.0,1e-06,25,0.35,0.45,True,68.60000000000001,3,0.003225070874279954,0.056789707467814574,23.113385000310945,
1533,100,4,31.5,63.0,3.0,1e-07,80,0.45,0.55,True,77.80000000000001,3,0.0214162070721035,0.1463427725311486,0.9709783721199636,
1538,100,4,31.5,63.0,3.0,1e-07,120,0.45,0.55,True,77.80000000000001,3,0.0214162070721035,0.1463427725311486,0.9709783721199636,
1537,100,4,31.5,63.0,3.0,1e-07,120,0.35,0.45,True,75.3,3,0.005898797944016102,0.0768036323621227,0.14149259495827915,
1535,100,4,31.5,63.0,3.0,1e-07,80,0.60,0.58,True,76.80000000000001,3,0.02036353392292247,0.14270085466780663,0.1898492074386543,
1534,100,4,31.5,63.0,3.0,1e-07,80,0.60,0.45,True,79.80000000000001,3,0.01892648150674583,0.13757354944445474,0.29665746933598997,
1547,100,4,31.5,63.0,3.0,1e-06,50,0.35,0.45,True,71.2,3,0.0032194035144793277,0.0567397877549725,23.065789172459077,
1543,100,4,31.5,63.0,3.0,1e-06,25,0.45,0.55,True,69.60000000000001,3,nan,nan,19.64570709269408,
1529,100,4,31.5,63.0,3.0,1e-07,50,0.60,0.45,True,84.60000000000001,3,0.013328494463672414,0.11544909901628689,0.3059104927333533,
1540,100,4,31.5,63.0,3.0,1e-07,120,0.60,0.58,True,76.80000000000001,3,0.02036353392292247,0.14270085466780663,0.1898492074386543,
1530,100,4,31.5,63.0,3.0,1e-07,50,0.60,0.58,True,84.7,3,0.004508071892309088,0.06714217670219731,0.11134421320128422,
1552,100,4,31.5,63.0,3.0,1e-06,80,0.35,0.45,True,65.3,3,nan,nan,18.36567106867346,
1531,100,4,31.5,63.0,3.0,1e-07,80,center,center,True,86.60000000000001,3,0.027175052985344055,0.1648485759275586,3.2794068448301417,
1544,100,4,31.5,63.0,3.0,1e-06,25,0.60,0.45,True,76.10000000000001,3,nan,nan,20.57146446103097,
1545,100,4,31.5,63.0,3.0,1e-06,25,0.60,0.58,True,74.8,3,0.0029779834451209345,0.05457090291648961,23.614960385845517,
1539,100,4,31.5,63.0,3.0,1e-07,120,0.60,0.45,True,79.80000000000001,3,0.01892648150674583,0.13757354944445474,0.29665746933598997,
1550,100,4,31.5,63.0,3.0,1e-06,50,0.60,0.58,True,73.4,3,0.002940701209837944,0.05422823259002587,22.554556435590076,
1549,100,4,31.5,63.0,3.0,1e-06,50,0.60,0.45,True,76.0,3,0.002565210066935109,0.0506479028878305,22.27763177755147,
1536,100,4,31.5,63.0,3.0,1e-07,120,center,center,True,86.2,3,0.027175052985344055,0.1648485759275586,3.2794068448301417,
1553,100,4,31.5,63.0,3.0,1e-06,80,0.45,0.55,True,49.400000000000006,3,nan,nan,17.818573381178435,
1556,100,4,31.5,63.0,3.0,1e-06,120,center,center,True,50.5,3,nan,nan,17.997766684755,
1558,100,4,31.5,63.0,3.0,1e-06,120,0.45,0.55,True,49.400000000000006,3,nan,nan,17.818573381178435,
1563,100,4,31.5,63.0,5.0,1e-08,25,0.45,0.55,True,48.1,3,0.09969210661802404,0.31574056853376326,22.559690713246148,
1561,100,4,31.5,63.0,5.0,1e-08,25,center,center,True,53.5,3,0.48111268731150514,0.6936228710989172,22.48254228285689,
1554,100,4,31.5,63.0,3.0,1e-06,80,0.60,0.45,True,72.8,3,nan,nan,19.12539703977822,
1562,100,4,31.5,63.0,5.0,1e-08,25,0.35,0.45,True,50.800000000000004,3,0.09911080853008986,0.31481869151956315,22.539621414128018,
1555,100,4,31.5,63.0,3.0,1e-06,80,0.60,0.58,True,70.7,3,0.002983725022477122,0.05462348416640156,21.97853443795154,
1565,100,4,31.5,63.0,5.0,1e-08,25,0.60,0.58,True,47.6,3,0.03889452215690213,0.19721694186073907,22.561411308197854,
1557,100,4,31.5,63.0,3.0,1e-06,120,0.35,0.45,True,65.3,3,nan,nan,18.36567106867346,
1560,100,4,31.5,63.0,3.0,1e-06,120,0.60,0.58,True,70.7,3,0.002983725022477122,0.05462348416640156,21.97853443795154,
1570,100,4,31.5,63.0,5.0,1e-08,50,0.60,0.58,True,47.5,3,0.03888921454354441,0.19720348512017835,22.56123667200179,
1564,100,4,31.5,63.0,5.0,1e-08,25,0.60,0.45,True,61.2,3,0.6020913978379184,0.7759454863828505,22.67395203144051,
1568,100,4,31.5,63.0,5.0,1e-08,50,0.45,0.55,True,48.7,3,0.09969102867159116,0.31573886151627134,22.559613210491126,
1567,100,4,31.5,63.0,5.0,1e-08,50,0.35,0.45,True,50.900000000000006,3,0.09911420618580927,0.31482408768359715,22.5397765285591,
1573,100,4,31.5,63.0,5.0,1e-08,80,0.45,0.55,True,48.7,3,0.09969102867159116,0.31573886151627134,22.559613210491126,
1575,100,4,31.5,63.0,5.0,1e-08,80,0.60,0.58,True,47.5,3,0.03888921454354441,0.19720348512017835,22.56123667200179,
1572,100,4,31.5,63.0,5.0,1e-08,80,0.35,0.45,True,50.900000000000006,3,0.09911420618580927,0.31482408768359715,22.5397765285591,
1571,100,4,31.5,63.0,5.0,1e-08,80,center,center,True,53.1,3,0.3201704990782222,0.5658361061988022,22.508016919935496,
1566,100,4,31.5,63.0,5.0,1e-08,50,center,center,True,53.6,3,0.3201704990782222,0.5658361061988022,22.508016919935496,
1580,100,4,31.5,63.0,5.0,1e-08,120,0.60,0.58,True,47.5,3,0.03888921454354441,0.19720348512017835,22.56123667200179,
1559,100,4,31.5,63.0,3.0,1e-06,120,0.60,0.45,True,72.8,3,nan,nan,19.12539703977822,
1576,100,4,31.5,63.0,5.0,1e-08,120,center,center,True,53.1,3,0.3201704990782222,0.5658361061988022,22.508016919935496,
1578,100,4,31.5,63.0,5.0,1e-08,120,0.45,0.55,True,48.7,3,0.09969102867159116,0.31573886151627134,22.559613210491126,
1577,100,4,31.5,63.0,5.0,1e-08,120,0.35,0.45,True,50.900000000000006,3,0.09911420618580927,0.31482408768359715,22.5397765285591,
1569,100,4,31.5,63.0,5.0,1e-08,50,0.60,0.45,True,60.900000000000006,3,0.6020957843039898,0.7759483129074963,22.673724087040977,
1574,100,4,31.5,63.0,5.0,1e-08,80,0.60,0.45,True,61.0,3,0.6020957843039898,0.7759483129074963,22.673724087040977,
1579,100,4,31.5,63.0,5.0,1e-08,120,0.60,0.45,True,61.0,3,0.6020957843039898,0.7759483129074963,22.673724087040977,
1585,100,4,31.5,63.0,5.0,1e-07,25,0.60,0.58,True,61.2,3,0.0029112946422386165,0.05395641428262831,0.1265850285775482,
1586,100,4,31.5,63.0,5.0,1e-07,50,center,center,True,59.2,3,0.0009809032751624122,0.031319375395470646,4.691857025580155,
1584,100,4,31.5,63.0,5.0,1e-07,25,0.60,0.45,True,74.7,3,0.01789037285527344,0.13375489843468702,0.28386883351788306,
1582,100,4,31.5,63.0,5.0,1e-07,25,0.35,0.45,True,80.10000000000001,3,0.0017713886332507579,0.04208786800552812,0.05902563007930455,
1583,100,4,31.5,63.0,5.0,1e-07,25,0.45,0.55,True,83.60000000000001,3,0.04383466400461107,0.20936729449608663,1.3927453649191783,
1581,100,4,31.5,63.0,5.0,1e-07,25,center,center,True,87.4,3,0.018596819182620832,0.13637015502895358,4.136275003710658,
1608,100,4,31.5,63.0,5.0,1e-06,50,0.45,0.55,True,51.2,3,nan,nan,17.488168784126763,
1587,100,4,31.5,63.0,5.0,1e-07,50,0.35,0.45,True,74.10000000000001,3,0.005391106023492638,0.07342415149998424,0.15692277407522381,
1601,100,4,31.5,63.0,5.0,1e-06,25,center,center,True,51.900000000000006,3,nan,nan,17.250755369308436,
1588,100,4,31.5,63.0,5.0,1e-07,50,0.45,0.55,True,78.0,3,0.023519694666902003,0.15336132063496977,1.3705003876064226,
1589,100,4,31.5,63.0,5.0,1e-07,50,0.60,0.45,True,81.5,3,0.001489318955599312,0.03859169542271124,0.09747017845809429,
1597,100,4,31.5,63.0,5.0,1e-07,120,0.35,0.45,True,75.3,3,0.005906582189586695,0.07685429193992158,0.192980351305343,
1613,100,4,31.5,63.0,5.0,1e-06,80,0.45,0.55,True,49.400000000000006,3,nan,nan,17.51150616802289,
1603,100,4,31.5,63.0,5.0,1e-06,25,0.45,0.55,True,69.9,3,nan,nan,18.99631858556831,
1591,100,4,31.5,63.0,5.0,1e-07,80,center,center,True,86.9,3,0.012171130105202703,0.11032284489262731,4.007549099271294,
1595,100,4,31.5,63.0,5.0,1e-07,80,0.60,0.58,True,77.2,3,0.01696697991617938,0.130257360314799,0.1014418514458279,
1592,100,4,31.5,63.0,5.0,1e-07,80,0.35,0.45,True,75.3,3,0.005906582189586695,0.07685429193992158,0.192980351305343,
1607,100,4,31.5,63.0,5.0,1e-06,50,0.35,0.45,True,71.7,3,0.0032826456019691896,0.05729437670460505,23.141013464234714,
1622,100,4,57.7,24.4,1.0,1e-08,25,0.35,0.45,True,8.8,3,0.007905293651572085,0.08891171830288787,24.103495139076028,
1600,100,4,31.5,63.0,5.0,1e-07,120,0.60,0.58,True,77.2,3,0.01696697991617938,0.130257360314799,0.1014418514458279,
1602,100,4,31.5,63.0,5.0,1e-06,25,0.35,0.45,True,75.4,3,0.0032261255100043094,0.05679899215658945,22.599271241981953,
1623,100,4,57.7,24.4,1.0,1e-08,25,0.45,0.55,True,9.3,3,0.007905295155753504,0.08891172676173545,24.10341739454687,
1594,100,4,31.5,63.0,5.0,1e-07,80,0.60,0.45,True,80.30000000000001,3,0.002816535716470592,0.05307104404918554,0.07251592744502938,
1590,100,4,31.5,63.0,5.0,1e-07,50,0.60,0.58,True,85.60000000000001,3,0.0020640431757683363,0.045431741940721755,0.14368719053511608,
1609,100,4,31.5,63.0,5.0,1e-06,50,0.60,0.45,True,74.4,3,0.0024940378925494434,0.04994034333631922,22.055591488990697,
1625,100,4,57.7,24.4,1.0,1e-08,25,0.60,0.58,True,9.0,3,0.01703177385293119,0.13050583838637714,24.07991373242666,
1598,100,4,31.5,63.0,5.0,1e-07,120,0.45,0.55,True,78.2,3,0.020071409907577584,0.14167360342554142,1.4024759850168569,
1624,100,4,57.7,24.4,1.0,1e-08,25,0.60,0.45,True,9.600000000000001,3,0.01622509185143086,0.12737775257646392,23.822411542517393,
1593,100,4,31.5,63.0,5.0,1e-07,80,0.45,0.55,True,78.2,3,0.020071409907577584,0.14167360342554142,1.4024759850168569,
1599,100,4,31.5,63.0,5.0,1e-07,120,0.60,0.45,True,80.30000000000001,3,0.002816535716470592,0.05307104404918554,0.07251592744502938,
1627,100,4,57.7,24.4,1.0,1e-08,50,0.35,0.45,True,8.8,3,0.007905293651572085,0.08891171830288787,24.103495139076028,
1628,100,4,57.7,24.4,1.0,1e-08,50,0.45,0.55,True,9.3,3,0.007905295155753504,0.08891172676173545,24.10341739454687,
1629,100,4,57.7,24.4,1.0,1e-08,50,0.60,0.45,True,9.600000000000001,3,0.01622509185143086,0.12737775257646392,23.822411542517393,
1630,100,4,57.7,24.4,1.0,1e-08,50,0.60,0.58,True,9.0,3,0.01703177385293119,0.13050583838637714,24.07991373242666,
1606,100,4,31.5,63.0,5.0,1e-06,50,center,center,True,76.3,3,nan,nan,17.960641393175845,
1596,100,4,31.5,63.0,5.0,1e-07,120,center,center,True,87.30000000000001,3,0.012171130105202703,0.11032284489262731,4.007549099271294,
1632,100,4,57.7,24.4,1.0,1e-08,80,0.35,0.45,True,8.8,3,0.007905293651572085,0.08891171830288787,24.103495139076028,
1633,100,4,57.7,24.4,1.0,1e-08,80,0.45,0.55,True,9.3,3,0.007905295155753504,0.08891172676173545,24.10341739454687,
1634,100,4,57.7,24.4,1.0,1e-08,80,0.60,0.45,True,9.600000000000001,3,0.01622509185143086,0.12737775257646392,23.822411542517393,
1610,100,4,31.5,63.0,5.0,1e-06,50,0.60,0.58,True,72.9,3,0.002876988804222066,0.05363756896264097,21.030644520613816,
1604,100,4,31.5,63.0,5.0,1e-06,25,0.60,0.45,True,75.2,3,nan,nan,20.298002423902595,
1637,100,4,57.7,24.4,1.0,1e-08,120,0.35,0.45,True,8.8,3,0.007905293651572085,0.08891171830288787,24.103495139076028,
1635,100,4,57.7,24.4,1.0,1e-08,80,0.60,0.58,True,9.0,3,0.01703177385293119,0.13050583838637714,24.07991373242666,
1612,100,4,31.5,63.0,5.0,1e-06,80,0.35,0.45,True,65.5,3,nan,nan,18.484675969078864,
1605,100,4,31.5,63.0,5.0,1e-06,25,0.60,0.58,True,75.10000000000001,3,0.002942291141743648,0.0542428902414284,22.869655549454762,
1638,100,4,57.7,24.4,1.0,1e-08,120,0.45,0.55,True,9.3,3,0.007905295155753504,0.08891172676173545,24.10341739454687,
1640,100,4,57.7,24.4,1.0,1e-08,120,0.60,0.58,True,9.0,3,0.01703177385293119,0.13050583838637714,24.07991373242666,
1639,100,4,57.7,24.4,1.0,1e-08,120,0.60,0.45,True,9.600000000000001,3,0.01622509185143086,0.12737775257646392,23.822411542517393,
1611,100,4,31.5,63.0,5.0,1e-06,80,center,center,True,74.2,3,nan,nan,17.592989643127407,
1618,100,4,31.5,63.0,5.0,1e-06,120,0.45,0.55,True,49.400000000000006,3,nan,nan,17.51150616802289,
1615,100,4,31.5,63.0,5.0,1e-06,80,0.60,0.58,True,71.7,3,nan,nan,18.41697342278085,
1617,100,4,31.5,63.0,5.0,1e-06,120,0.35,0.45,True,65.5,3,nan,nan,18.484675969078864,
1614,100,4,31.5,63.0,5.0,1e-06,80,0.60,0.45,True,72.2,3,nan,nan,19.073455725592392,
1621,100,4,57.7,24.4,1.0,1e-08,25,center,center,True,56.900000000000006,3,0.017080075230372187,0.13069076184020118,24.184086108227262,
1616,100,4,31.5,63.0,5.0,1e-06,120,center,center,True,74.2,3,nan,nan,17.592989643127407,
1620,100,4,31.5,63.0,5.0,1e-06,120,0.60,0.58,True,71.7,3,nan,nan,18.41697342278085,
1619,100,4,31.5,63.0,5.0,1e-06,120,0.60,0.45,True,72.2,3,nan,nan,19.073455725592392,
1626,100,4,57.7,24.4,1.0,1e-08,50,center,center,True,55.5,3,0.017080075230372187,0.13069076184020118,24.184086108227262,
1631,100,4,57.7,24.4,1.0,1e-08,80,center,center,True,56.900000000000006,3,0.017080075230372187,0.13069076184020118,24.184086108227262,
1636,100,4,57.7,24.4,1.0,1e-08,120,center,center,True,56.900000000000006,3,0.017080075230372187,0.13069076184020118,24.184086108227262,
1646,100,4,57.7,24.4,1.0,1e-07,50,center,center,True,60.0,3,0.03463501762911368,0.18610485654359932,16.076895491881295,
1641,100,4,57.7,24.4,1.0,1e-07,25,center,center,True,63.5,3,0.026727622814268878,0.16348584897252996,14.58609872082893,
1642,100,4,57.7,24.4,1.0,1e-07,25,0.35,0.45,True,64.8,3,0.03511562422671673,0.1873916332889938,12.000662902681036,
1662,100,4,57.7,24.4,1.0,1e-06,25,0.35,0.45,True,54.0,3,0.0011631559025875847,0.03410507150831947,0.15228707596870866,
1661,100,4,57.7,24.4,1.0,1e-06,25,center,center,True,55.6,3,0.0009060236626945268,0.030100226954202967,1.4268762329191202,
1643,100,4,57.7,24.4,1.0,1e-07,25,0.45,0.55,True,73.3,3,0.004477881148343261,0.06691697205002077,12.483272496359929,
1648,100,4,57.7,24.4,1.0,1e-07,50,0.45,0.55,True,68.8,3,0.02451713888243133,0.15657949700529547,11.302961794465466,
1645,100,4,57.7,24.4,1.0,1e-07,25,0.60,0.58,True,70.60000000000001,3,0.03351127343000696,0.18306084625065777,15.172719654046912,
1660,100,4,57.7,24.4,1.0,1e-07,120,0.60,0.58,True,69.60000000000001,3,0.02758699927772624,0.16609334507356469,12.009096100281706,
1652,100,4,57.7,24.4,1.0,1e-07,80,0.35,0.45,True,70.3,3,0.03282836421293675,0.1811859934237102,12.874460054110857,
1654,100,4,57.7,24.4,1.0,1e-07,80,0.60,0.45,True,65.7,3,0.029482308681801045,0.17170413123102496,14.084119873670494,
1647,100,4,57.7,24.4,1.0,1e-07,50,0.35,0.45,True,76.5,3,0.03461187935066354,0.18604268152943704,12.746825081553563,
1650,100,4,57.7,24.4,1.0,1e-07,50,0.60,0.58,True,76.9,3,0.027000243633928264,0.16431750860431235,12.601885181209125,
1649,100,4,57.7,24.4,1.0,1e-07,50,0.60,0.45,True,77.5,3,0.02907095775474883,0.17050207551448995,14.977324291663997,
1644,100,4,57.7,24.4,1.0,1e-07,25,0.60,0.45,True,79.10000000000001,3,0.027946204439667346,0.1671711830420164,11.065415747826748,
1653,100,4,57.7,24.4,1.0,1e-07,80,0.45,0.55,True,77.2,3,0.03485948728199992,0.18670695563368794,11.452788962365325,
1651,100,4,57.7,24.4,1.0,1e-07,80,center,center,True,80.5,3,0.033963969611043934,0.18429316213859898,13.429954621657203,
1655,100,4,57.7,24.4,1.0,1e-07,80,0.60,0.58,True,75.4,3,0.030242902470529208,0.1739048661496544,11.513429819921965,
1663,100,4,57.7,24.4,1.0,1e-06,25,0.45,0.55,True,56.7,3,0.0012551680715593403,0.035428351239640554,0.7891657737189923,
1682,100,4,57.7,24.4,3.0,1e-08,25,0.35,0.45,True,8.8,3,0.007905293652174905,0.08891171830627785,24.103495124798396,
1683,100,4,57.7,24.4,3.0,1e-08,25,0.45,0.55,True,9.3,3,0.007905295174130647,0.08891172686508032,24.103418769225645,
1658,100,4,57.7,24.4,1.0,1e-07,120,0.45,0.55,True,78.80000000000001,3,0.03462925822835179,0.1860893823632928,11.319179401269803,
1657,100,4,57.7,24.4,1.0,1e-07,120,0.35,0.45,True,78.2,3,0.03479621040688438,0.18653742360953843,12.94813610627018,
1656,100,4,57.7,24.4,1.0,1e-07,120,center,center,True,79.0,3,0.0342458049623898,0.1850562210853496,13.525860207504232,
1659,100,4,57.7,24.4,1.0,1e-07,120,0.60,0.45,True,80.10000000000001,3,0.031795488174766906,0.1783128940227456,11.841851440737097,
1667,100,4,57.7,24.4,1.0,1e-06,50,0.35,0.45,True,56.900000000000006,3,0.00129936787215086,0.03604674565270574,0.07133050774509819,
1684,100,4,57.7,24.4,3.0,1e-08,25,0.60,0.45,True,9.5,3,0.013585023529292757,0.11655480912125744,23.845946238092534,
1685,100,4,57.7,24.4,3.0,1e-08,25,0.60,0.58,True,8.9,3,0.007884030475873535,0.088792063135584,24.103905140776313,
1687,100,4,57.7,24.4,3.0,1e-08,50,0.35,0.45,True,8.8,3,0.007905293652174905,0.08891171830627785,24.103495124798396,
1688,100,4,57.7,24.4,3.0,1e-08,50,0.45,0.55,True,9.3,3,0.007905295174130647,0.08891172686508032,24.103418769225645,
1690,100,4,57.7,24.4,3.0,1e-08,50,0.60,0.58,True,8.9,3,0.007884030475873535,0.088792063135584,24.103905140776313,
1689,100,4,57.7,24.4,3.0,1e-08,50,0.60,0.45,True,9.5,3,0.013585023529292757,0.11655480912125744,23.845946238092534,
1668,100,4,57.7,24.4,1.0,1e-06,50,0.45,0.55,True,58.0,3,0.001238152028507132,0.035187384507904707,0.8795226519374651,
1692,100,4,57.7,24.4,3.0,1e-08,80,0.35,0.45,True,8.8,3,0.007905293652174905,0.08891171830627785,24.103495124798396,
1693,100,4,57.7,24.4,3.0,1e-08,80,0.45,0.55,True,9.3,3,0.007905295174130647,0.08891172686508032,24.103418769225645,
1695,100,4,57.7,24.4,3.0,1e-08,80,0.60,0.58,True,8.9,3,0.007884030475873535,0.088792063135584,24.103905140776313,
1697,100,4,57.7,24.4,3.0,1e-08,120,0.35,0.45,True,8.8,3,0.007905293652174905,0.08891171830627785,24.103495124798396,
1694,100,4,57.7,24.4,3.0,1e-08,80,0.60,0.45,True,9.5,3,0.013585023529292757,0.11655480912125744,23.845946238092534,
1700,100,4,57.7,24.4,3.0,1e-08,120,0.60,0.58,True,8.9,3,0.007884030475873535,0.088792063135584,24.103905140776313,
1699,100,4,57.7,24.4,3.0,1e-08,120,0.60,0.45,True,9.5,3,0.013585023529292757,0.11655480912125744,23.845946238092534,
1698,100,4,57.7,24.4,3.0,1e-08,120,0.45,0.55,True,9.3,3,0.007905295174130647,0.08891172686508032,24.103418769225645,
1665,100,4,57.7,24.4,1.0,1e-06,25,0.60,0.58,True,76.3,3,0.0010428772666590228,0.03229361030697904,0.42164283069727054,
1672,100,4,57.7,24.4,1.0,1e-06,80,0.35,0.45,True,56.400000000000006,3,0.0010996826486926587,0.03316146330746969,0.16199197832118406,
1673,100,4,57.7,24.4,1.0,1e-06,80,0.45,0.55,True,58.7,3,0.001002425087291459,0.031661097379772844,0.6127013412333255,
1675,100,4,57.7,24.4,1.0,1e-06,80,0.60,0.58,True,57.1,3,0.0012879335984136465,0.03588779177399533,0.4839275374510227,
1670,100,4,57.7,24.4,1.0,1e-06,50,0.60,0.58,True,75.8,3,0.0012122716451590811,0.03481769155413784,0.44166484104196635,
1678,100,4,57.7,24.4,1.0,1e-06,120,0.45,0.55,True,57.400000000000006,3,0.001003395749115358,0.031676422606022894,0.6150382676434077,
1679,100,4,57.7,24.4,1.0,1e-06,120,0.60,0.45,True,58.0,3,0.0010920690339793699,0.03304646779883396,1.6824720501361472,
1676,100,4,57.7,24.4,1.0,1e-06,120,center,center,True,59.2,3,0.0029606984708699475,0.054412300731267994,0.6575602161398898,
1677,100,4,57.7,24.4,1.0,1e-06,120,0.35,0.45,True,58.0,3,0.0010993911522589616,0.03315706790804883,0.16181417626140682,
1681,100,4,57.7,24.4,3.0,1e-08,25,center,center,True,55.0,3,0.017080020489637762,0.13069055241155636,24.15337768815705,
1680,100,4,57.7,24.4,1.0,1e-06,120,0.60,0.58,True,56.6,3,0.0012953419858926455,0.03599085975484117,0.482416274097198,
1686,100,4,57.7,24.4,3.0,1e-08,50,center,center,True,54.7,3,0.017080020489637762,0.13069055241155636,24.15337768815705,
1691,100,4,57.7,24.4,3.0,1e-08,80,center,center,True,55.2,3,0.017080020489637762,0.13069055241155636,24.15337768815705,
1696,100,4,57.7,24.4,3.0,1e-08,120,center,center,True,55.2,3,0.017080020489637762,0.13069055241155636,24.15337768815705,
1702,100,4,57.7,24.4,3.0,1e-07,25,0.35,0.45,True,65.10000000000001,3,0.034748450057001355,0.18640936150580356,12.064917014767593,
1701,100,4,57.7,24.4,3.0,1e-07,25,center,center,True,64.8,3,0.030008983934585606,0.17323101320082845,14.713733340183774,
1705,100,4,57.7,24.4,3.0,1e-07,25,0.60,0.58,True,70.0,3,0.03350033177516062,0.18303095851565826,15.140023888668484,
1709,100,4,57.7,24.4,3.0,1e-07,50,0.60,0.45,True,70.8,3,0.026000915058342604,0.16124799241647197,14.40563741752286,
1708,100,4,57.7,24.4,3.0,1e-07,50,0.45,0.55,True,68.9,3,0.024517100735514902,0.15657937519199297,11.301266908110803,
1703,100,4,57.7,24.4,3.0,1e-07,25,0.45,0.55,True,73.5,3,0.03227839677802903,0.17966189573203614,12.56060461166791,
1712,100,4,57.7,24.4,3.0,1e-07,80,0.35,0.45,True,70.4,3,0.031176851137166943,0.17656967785315503,12.856189560306964,
1707,100,4,57.7,24.4,3.0,1e-07,50,0.35,0.45,True,76.5,3,0.03422120309285902,0.18498973780417935,12.694724666717105,
1704,100,4,57.7,24.4,3.0,1e-07,25,0.60,0.45,True,78.5,3,0.030981147204754214,0.17601462213337338,10.595605799167256,
1710,100,4,57.7,24.4,3.0,1e-07,50,0.60,0.58,True,76.3,3,0.032776801564083725,0.1810436454672843,12.537220560910182,
1711,100,4,57.7,24.4,3.0,1e-07,80,center,center,True,77.60000000000001,3,0.03286795386746032,0.18129521192646075,13.431162146523164,
1706,100,4,57.7,24.4,3.0,1e-07,50,center,center,True,79.4,3,0.026361627300933742,0.16236264133394032,11.134816137108281,
1722,100,4,57.7,24.4,3.0,1e-06,25,0.35,0.45,True,53.5,3,0.0011596696049114218,0.03405392201951813,0.24486336749973067,
1713,100,4,57.7,24.4,3.0,1e-07,80,0.45,0.55,True,77.30000000000001,3,0.034824162441985336,0.18661233196652716,11.488749900430982,
1715,100,4,57.7,24.4,3.0,1e-07,80,0.60,0.58,True,76.2,3,0.03022568937405899,0.17385536912634877,11.455704472308783,
1723,100,4,57.7,24.4,3.0,1e-06,25,0.45,0.55,True,59.800000000000004,3,0.001020008135538455,0.03193756621188369,0.17496729116106804,
1714,100,4,57.7,24.4,3.0,1e-07,80,0.60,0.45,True,78.7,3,0.030042019372943596,0.17332633779360712,11.07289628070538,
1716,100,4,57.7,24.4,3.0,1e-07,120,center,center,True,77.9,3,0.03469768368548895,0.18627314268430903,11.779785090886788,
1720,100,4,57.7,24.4,3.0,1e-07,120,0.60,0.58,True,69.3,3,0.028059740194804707,0.16751041816795964,11.920116752174554,
1742,100,4,57.7,24.4,5.0,1e-08,25,0.35,0.45,True,8.8,3,0.007905293653955946,0.08891171831629364,24.10349503541379,
1718,100,4,57.7,24.4,3.0,1e-07,120,0.45,0.55,True,78.80000000000001,3,0.03463042466615617,0.18609251641631422,11.35860804274097,
1717,100,4,57.7,24.4,3.0,1e-07,120,0.35,0.45,True,78.30000000000001,3,0.0347736761530085,0.18647701239833422,13.000352449067275,
1744,100,4,57.7,24.4,5.0,1e-08,25,0.60,0.45,True,9.5,3,0.016234619425429954,0.12741514598127632,23.82725103224239,
1725,100,4,57.7,24.4,3.0,1e-06,25,0.60,0.58,True,60.0,3,0.0010756314141218773,0.03279682018308905,0.9498657529723766,
1743,100,4,57.7,24.4,5.0,1e-08,25,0.45,0.55,True,9.9,3,0.0036749999467505217,0.06062177782571641,24.128036469076303,
1719,100,4,57.7,24.4,3.0,1e-07,120,0.60,0.45,True,74.10000000000001,3,0.030720585876304204,0.17527288973570387,15.322642699685028,
1745,100,4,57.7,24.4,5.0,1e-08,25,0.60,0.58,True,8.9,3,0.017032454391637468,0.13050844567167855,24.080233925538064,
1747,100,4,57.7,24.4,5.0,1e-08,50,0.35,0.45,True,8.8,3,0.007905293653955946,0.08891171831629364,24.10349503541379,
1748,100,4,57.7,24.4,5.0,1e-08,50,0.45,0.55,True,9.9,3,0.0036749999467505217,0.06062177782571641,24.128036469076303,
1750,100,4,57.7,24.4,5.0,1e-08,50,0.60,0.58,True,8.9,3,0.017032454391637468,0.13050844567167855,24.080233925538064,
1749,100,4,57.7,24.4,5.0,1e-08,50,0.60,0.45,True,9.5,3,0.016234619425429954,0.12741514598127632,23.82725103224239,
1728,100,4,57.7,24.4,3.0,1e-06,50,0.45,0.55,True,57.900000000000006,3,0.0011858262977988547,0.03443582869336608,0.06428432754274645,
1752,100,4,57.7,24.4,5.0,1e-08,80,0.35,0.45,True,8.8,3,0.007905293653955946,0.08891171831629364,24.10349503541379,
1753,100,4,57.7,24.4,5.0,1e-08,80,0.45,0.55,True,9.9,3,0.0036749999467505217,0.06062177782571641,24.128036469076303,
1754,100,4,57.7,24.4,5.0,1e-08,80,0.60,0.45,True,9.5,3,0.016234619425429954,0.12741514598127632,23.82725103224239,
1755,100,4,57.7,24.4,5.0,1e-08,80,0.60,0.58,True,8.9,3,0.017032454391637468,0.13050844567167855,24.080233925538064,
1727,100,4,57.7,24.4,3.0,1e-06,50,0.35,0.45,True,71.5,3,0.0011965213317972477,0.0345907694594562,0.24440052269968218,
1757,100,4,57.7,24.4,5.0,1e-08,120,0.35,0.45,True,8.8,3,0.007905293653955946,0.08891171831629364,24.10349503541379,
1759,100,4,57.7,24.4,5.0,1e-08,120,0.60,0.45,True,9.5,3,0.016234619425429954,0.12741514598127632,23.82725103224239,
1760,100,4,57.7,24.4,5.0,1e-08,120,0.60,0.58,True,8.9,3,0.017032454391637468,0.13050844567167855,24.080233925538064,
1758,100,4,57.7,24.4,5.0,1e-08,120,0.45,0.55,True,9.9,3,0.0036749999467505217,0.06062177782571641,24.128036469076303,
1732,100,4,57.7,24.4,3.0,1e-06,80,0.35,0.45,True,56.5,3,0.0013946855811261603,0.03734548943481877,0.0599597879622103,
1737,100,4,57.7,24.4,3.0,1e-06,120,0.35,0.45,True,58.1,3,0.0013945434302548693,0.03734358619970596,0.060162779083965987,
1733,100,4,57.7,24.4,3.0,1e-06,80,0.45,0.55,True,58.5,3,0.0012747368117951119,0.03570345658049248,0.26531036026939553,
1738,100,4,57.7,24.4,3.0,1e-06,120,0.45,0.55,True,58.1,3,0.001012216850755232,0.03181535558115345,0.2602762900971873,
1735,100,4,57.7,24.4,3.0,1e-06,80,0.60,0.58,True,58.2,3,0.0012941693286286373,0.03597456502348065,0.723905590632579,
1736,100,4,57.7,24.4,3.0,1e-06,120,center,center,True,59.0,3,0.00221818151684163,0.04709757442630809,1.2723586455446918,
1740,100,4,57.7,24.4,3.0,1e-06,120,0.60,0.58,True,56.6,3,0.0012863048485432227,0.03586509233981174,0.723851280541105,
1739,100,4,57.7,24.4,3.0,1e-06,120,0.60,0.45,True,58.400000000000006,3,0.0009092820795813613,0.030154304495069378,1.974486336303384,
1741,100,4,57.7,24.4,5.0,1e-08,25,center,center,True,54.1,3,0.015299689061228656,0.12369191186665625,24.140199133179305,
1730,100,4,57.7,24.4,3.0,1e-06,50,0.60,0.58,True,75.4,3,0.0012586405198555923,0.03547732402331935,0.8124082819885705,
1746,100,4,57.7,24.4,5.0,1e-08,50,center,center,True,53.5,3,0.015299689061228656,0.12369191186665625,24.140199133179305,
1751,100,4,57.7,24.4,5.0,1e-08,80,center,center,True,53.5,3,0.015299689061228656,0.12369191186665625,24.140199133179305,
1756,100,4,57.7,24.4,5.0,1e-08,120,center,center,True,53.5,3,0.015299689061228656,0.12369191186665625,24.140199133179305,
1761,100,4,57.7,24.4,5.0,1e-07,25,center,center,True,62.7,3,0.0345387389847101,0.18584600879413607,16.35705518245629,
1762,100,4,57.7,24.4,5.0,1e-07,25,0.35,0.45,True,65.0,3,0.035170691562557824,0.18753850687940818,12.022643187520657,
1766,100,4,57.7,24.4,5.0,1e-07,50,center,center,True,66.4,3,0.0350635330815733,0.18725259165515787,14.653777023896621,
1765,100,4,57.7,24.4,5.0,1e-07,25,0.60,0.58,True,70.10000000000001,3,0.0337920412647789,0.1838261169278699,15.11011590087812,
1763,100,4,57.7,24.4,5.0,1e-07,25,0.45,0.55,True,80.5,3,0.03519172165130555,0.18759456722225606,12.23505575438962,
1767,100,4,57.7,24.4,5.0,1e-07,50,0.35,0.45,True,76.60000000000001,3,0.03476815534815823,0.1864622089007803,12.69713242943321,
1768,100,4,57.7,24.4,5.0,1e-07,50,0.45,0.55,True,76.0,3,0.034716288975000044,0.18632307687186803,11.651503632061223,
1769,100,4,57.7,24.4,5.0,1e-07,50,0.60,0.45,True,70.8,3,0.029754274591468136,0.17249427408313628,14.098605666179363,
1764,100,4,57.7,24.4,5.0,1e-07,25,0.60,0.45,True,78.2,3,0.03084769162740614,0.17563510932443474,10.654893845299943,
1772,100,4,57.7,24.4,5.0,1e-07,80,0.35,0.45,True,70.5,3,0.02844870758947833,0.1686674467390739,12.871937401982443,
1770,100,4,57.7,24.4,5.0,1e-07,50,0.60,0.58,True,76.4,3,0.03415795073904012,0.18481869694119185,12.530220008060413,
1773,100,4,57.7,24.4,5.0,1e-07,80,0.45,0.55,True,76.4,3,0.0271320616330449,0.16471812782157555,11.438007082837263,
1777,100,4,57.7,24.4,5.0,1e-07,120,0.35,0.45,True,78.60000000000001,3,0.03473185515927281,0.18636484421497743,12.964080464629228,
1774,100,4,57.7,24.4,5.0,1e-07,80,0.60,0.45,True,80.60000000000001,3,0.02434953885145553,0.15604338772102946,10.516024373840022,
1771,100,4,57.7,24.4,5.0,1e-07,80,center,center,True,83.80000000000001,3,0.03365901140921594,0.1834639239992864,13.207765993060173,
1775,100,4,57.7,24.4,5.0,1e-07,80,0.60,0.58,True,75.3,3,0.02581529864262121,0.1606713995788336,11.360294127968267,
1776,100,4,57.7,24.4,5.0,1e-07,120,center,center,True,82.10000000000001,3,0.0332843830784967,0.18244008078954774,13.417220980292646,
1779,100,4,57.7,24.4,5.0,1e-07,120,0.60,0.45,True,74.4,3,0.028149716681779166,0.16777877303693445,13.897088955796898,
1781,100,4,57.7,24.4,5.0,1e-06,25,center,center,True,56.300000000000004,3,0.0011547004412297088,0.03398088346746901,1.9106581186058753,
1778,100,4,57.7,24.4,5.0,1e-07,120,0.45,0.55,True,76.9,3,0.03215817591132629,0.1793270083153296,11.304860510765131,
1801,100,5,22.5,22.5,1.0,1e-08,25,center,center,True,0.2,5,2.820488991464028e-05,0.005310827611082879,31.52005085932797,
1802,100,5,22.5,22.5,1.0,1e-08,25,0.35,0.45,True,0.2,5,2.821628122365497e-05,0.005311899963634008,31.519993557220257,
1782,100,4,57.7,24.4,5.0,1e-06,25,0.35,0.45,True,53.7,3,0.0014010687668646223,0.03743085314102021,0.6711420389949487,
1803,100,5,22.5,22.5,1.0,1e-08,25,0.45,0.55,True,0.2,5,2.8216264413011494e-05,0.005311898381276838,31.519993633665205,
1804,100,5,22.5,22.5,1.0,1e-08,25,0.60,0.45,True,0.2,5,2.74311141987999e-05,0.005237472119142965,31.52700082007402,
1806,100,5,22.5,22.5,1.0,1e-08,50,center,center,True,0.2,5,2.820488991464028e-05,0.005310827611082879,31.52005085932797,
1805,100,5,22.5,22.5,1.0,1e-08,25,0.60,0.58,True,0.2,5,2.817002532601125e-05,0.005307544189737025,31.52024038597249,
1807,100,5,22.5,22.5,1.0,1e-08,50,0.35,0.45,True,0.2,5,2.821628122365497e-05,0.005311899963634008,31.519993557220257,
1808,100,5,22.5,22.5,1.0,1e-08,50,0.45,0.55,True,0.2,5,2.8216264413011494e-05,0.005311898381276838,31.519993633665205,
1809,100,5,22.5,22.5,1.0,1e-08,50,0.60,0.45,True,0.2,5,2.74311141987999e-05,0.005237472119142965,31.52700082007402,
1810,100,5,22.5,22.5,1.0,1e-08,50,0.60,0.58,True,0.2,5,2.817002532601125e-05,0.005307544189737025,31.52024038597249,
1811,100,5,22.5,22.5,1.0,1e-08,80,center,center,True,0.2,5,2.820488991464028e-05,0.005310827611082879,31.52005085932797,
1812,100,5,22.5,22.5,1.0,1e-08,80,0.35,0.45,True,0.2,5,2.821628122365497e-05,0.005311899963634008,31.519993557220257,
1780,100,4,57.7,24.4,5.0,1e-07,120,0.60,0.58,True,69.3,3,0.03310584857155549,0.18195012660494495,11.914273291692718,
1813,100,5,22.5,22.5,1.0,1e-08,80,0.45,0.55,True,0.2,5,2.8216264413011494e-05,0.005311898381276838,31.519993633665205,
1815,100,5,22.5,22.5,1.0,1e-08,80,0.60,0.58,True,0.2,5,2.817002532601125e-05,0.005307544189737025,31.52024038597249,
1814,100,5,22.5,22.5,1.0,1e-08,80,0.60,0.45,True,0.2,5,2.74311141987999e-05,0.005237472119142965,31.52700082007402,
1816,100,5,22.5,22.5,1.0,1e-08,120,center,center,True,0.2,5,2.820488991464028e-05,0.005310827611082879,31.52005085932797,
1819,100,5,22.5,22.5,1.0,1e-08,120,0.60,0.45,True,0.2,5,2.74311141987999e-05,0.005237472119142965,31.52700082007402,
1817,100,5,22.5,22.5,1.0,1e-08,120,0.35,0.45,True,0.2,5,2.821628122365497e-05,0.005311899963634008,31.519993557220257,
1818,100,5,22.5,22.5,1.0,1e-08,120,0.45,0.55,True,0.2,5,2.8216264413011494e-05,0.005311898381276838,31.519993633665205,
1820,100,5,22.5,22.5,1.0,1e-08,120,0.60,0.58,True,0.2,5,2.817002532601125e-05,0.005307544189737025,31.52024038597249,
1783,100,4,57.7,24.4,5.0,1e-06,25,0.45,0.55,True,59.7,3,0.001289870195102467,0.03591476291307611,0.5664489031091279,
1788,100,4,57.7,24.4,5.0,1e-06,50,0.45,0.55,True,55.5,3,0.0010913332832964576,0.03303533386082934,0.5450709902441127,
1785,100,4,57.7,24.4,5.0,1e-06,25,0.60,0.58,True,59.1,3,0.0016811595365167937,0.0410019455211188,1.5281460527412047,
1822,100,5,22.5,22.5,1.0,1e-07,25,0.35,0.45,True,7.9,3,171.32569198871812,13.089144051033976,20.14627185524751,
1821,100,5,22.5,22.5,1.0,1e-07,25,center,center,True,8.6,3,184.1688485380825,13.570882378757931,19.664307875153543,
1823,100,5,22.5,22.5,1.0,1e-07,25,0.45,0.55,True,8.200000000000001,3,178.20373423167894,13.349297143733034,19.89926278093415,
1824,100,5,22.5,22.5,1.0,1e-07,25,0.60,0.45,True,8.9,3,192.05203917879317,13.858284135447402,19.23515675516351,
1825,100,5,22.5,22.5,1.0,1e-07,25,0.60,0.58,True,8.0,3,178.32941667273496,13.354003769384482,19.95278381152463,
1826,100,5,22.5,22.5,1.0,1e-07,50,center,center,True,8.6,3,184.1688485380825,13.570882378757931,19.664307875153543,
1827,100,5,22.5,22.5,1.0,1e-07,50,0.35,0.45,True,7.9,3,171.32569198871812,13.089144051033976,20.14627185524751,
1828,100,5,22.5,22.5,1.0,1e-07,50,0.45,0.55,True,8.200000000000001,3,178.20373423167894,13.349297143733034,19.89926278093415,
1792,100,4,57.7,24.4,5.0,1e-06,80,0.35,0.45,True,57.6,3,0.0020803812779705473,0.045611196848696564,0.7542464997723881,
1793,100,4,57.7,24.4,5.0,1e-06,80,0.45,0.55,True,58.300000000000004,3,0.0013619755142295538,0.03690495243499921,0.6598824609134577,
1829,100,5,22.5,22.5,1.0,1e-07,50,0.60,0.45,True,8.9,3,192.05203917879317,13.858284135447402,19.23515675516351,
1830,100,5,22.5,22.5,1.0,1e-07,50,0.60,0.58,True,8.0,3,178.32941667273496,13.354003769384482,19.95278381152463,
1787,100,4,57.7,24.4,5.0,1e-06,50,0.35,0.45,True,73.10000000000001,3,0.0005768394009852206,0.024017481154051536,0.47363911791532753,
1831,100,5,22.5,22.5,1.0,1e-07,80,center,center,True,8.6,3,184.1688485380825,13.570882378757931,19.664307875153543,
1795,100,4,57.7,24.4,5.0,1e-06,80,0.60,0.58,True,58.7,3,0.0018991213532215804,0.043578909500142156,1.327316255589415,
1832,100,5,22.5,22.5,1.0,1e-07,80,0.35,0.45,True,7.9,3,171.32569198871812,13.089144051033976,20.14627185524751,
1790,100,4,57.7,24.4,5.0,1e-06,50,0.60,0.58,True,76.60000000000001,3,0.0012621061259134956,0.0355261329997158,1.3381665851286233,
1833,100,5,22.5,22.5,1.0,1e-07,80,0.45,0.55,True,8.200000000000001,3,178.20373423167894,13.349297143733034,19.89926278093415,
1797,100,4,57.7,24.4,5.0,1e-06,120,0.35,0.45,True,58.400000000000006,3,0.0011005732467059366,0.03317488879719021,0.6623915990772549,
1796,100,4,57.7,24.4,5.0,1e-06,120,center,center,True,59.5,3,0.0031402847882337063,0.05603824397885525,4.36641811545695,
1798,100,4,57.7,24.4,5.0,1e-06,120,0.45,0.55,True,57.1,3,0.0009611654371345895,0.031002668226050956,0.6455464301041812,
1834,100,5,22.5,22.5,1.0,1e-07,80,0.60,0.45,True,8.9,3,192.05203917879317,13.858284135447402,19.23515675516351,
1800,100,4,57.7,24.4,5.0,1e-06,120,0.60,0.58,True,56.800000000000004,3,0.0018881367686187267,0.04345269575778615,1.3261777990484456,
1836,100,5,22.5,22.5,1.0,1e-07,120,center,center,True,8.6,3,184.1688485380825,13.570882378757931,19.664307875153543,
1835,100,5,22.5,22.5,1.0,1e-07,80,0.60,0.58,True,8.0,3,178.32941667273496,13.354003769384482,19.95278381152463,
1837,100,5,22.5,22.5,1.0,1e-07,120,0.35,0.45,True,7.9,3,171.32569198871812,13.089144051033976,20.14627185524751,
1838,100,5,22.5,22.5,1.0,1e-07,120,0.45,0.55,True,8.200000000000001,3,178.20373423167894,13.349297143733034,19.89926278093415,
1839,100,5,22.5,22.5,1.0,1e-07,120,0.60,0.45,True,8.9,3,192.05203917879317,13.858284135447402,19.23515675516351,
1799,100,4,57.7,24.4,5.0,1e-06,120,0.60,0.45,True,58.800000000000004,3,0.001066011982009008,0.03264983892776514,2.0758575241957464,
1840,100,5,22.5,22.5,1.0,1e-07,120,0.60,0.58,True,8.0,3,178.32941667273496,13.354003769384482,19.95278381152463,
1843,100,5,22.5,22.5,1.0,1e-06,25,0.45,0.55,True,35.6,3,0.0048574997140199035,0.06969576539517952,0.44946949813333065,
1846,100,5,22.5,22.5,1.0,1e-06,50,center,center,True,35.800000000000004,3,0.00526084704492466,0.07253169682921157,0.3883031429885606,
1841,100,5,22.5,22.5,1.0,1e-06,25,center,center,True,38.7,3,0.004855969981066126,0.0696847901702095,0.8536279064019414,
1851,100,5,22.5,22.5,1.0,1e-06,80,center,center,True,35.6,3,0.00526084704492466,0.07253169682921157,0.3883031429885606,
1856,100,5,22.5,22.5,1.0,1e-06,120,center,center,True,35.6,3,0.00526084704492466,0.07253169682921157,0.3883031429885606,
1844,100,5,22.5,22.5,1.0,1e-06,25,0.60,0.45,True,44.900000000000006,3,0.013994895879101866,0.1183000248482724,7.3609519260619924,
1842,100,5,22.5,22.5,1.0,1e-06,25,0.35,0.45,True,44.900000000000006,3,0.021652581208134878,0.14714816073650014,10.02068393873595,
1861,100,5,22.5,22.5,3.0,1e-08,25,center,center,True,0.2,5,2.820488991464028e-05,0.005310827611082879,31.52005085932797,
1863,100,5,22.5,22.5,3.0,1e-08,25,0.45,0.55,True,0.2,5,2.8216264413011494e-05,0.005311898381276838,31.519993633665205,
1862,100,5,22.5,22.5,3.0,1e-08,25,0.35,0.45,True,0.2,5,2.821628122365497e-05,0.005311899963634008,31.519993557220257,
1864,100,5,22.5,22.5,3.0,1e-08,25,0.60,0.45,True,0.2,5,2.74311141987999e-05,0.005237472119142965,31.52700082007402,
1849,100,5,22.5,22.5,1.0,1e-06,50,0.60,0.45,True,45.5,3,0.013858104804327535,0.11772045193732283,7.3536029608974305,
1845,100,5,22.5,22.5,1.0,1e-06,25,0.60,0.58,True,47.2,3,0.02069754230199203,0.14386640435484593,9.353060749691378,
1847,100,5,22.5,22.5,1.0,1e-06,50,0.35,0.45,True,45.5,3,0.021642943604618027,0.14711540913384302,10.020560773172775,
1865,100,5,22.5,22.5,3.0,1e-08,25,0.60,0.58,True,0.2,5,2.817002532601125e-05,0.005307544189737025,31.52024038597249,
1867,100,5,22.5,22.5,3.0,1e-08,50,0.35,0.45,True,0.2,5,2.821628122365497e-05,0.005311899963634008,31.519993557220257,
1866,100,5,22.5,22.5,3.0,1e-08,50,center,center,True,0.2,5,2.820488991464028e-05,0.005310827611082879,31.52005085932797,
1848,100,5,22.5,22.5,1.0,1e-06,50,0.45,0.55,True,47.0,3,0.22310828528754012,0.47234339763305694,10.721701713452287,
1868,100,5,22.5,22.5,3.0,1e-08,50,0.45,0.55,True,0.2,5,2.8216264413011494e-05,0.005311898381276838,31.519993633665205,
1869,100,5,22.5,22.5,3.0,1e-08,50,0.60,0.45,True,0.2,5,2.74311141987999e-05,0.005237472119142965,31.52700082007402,
1870,100,5,22.5,22.5,3.0,1e-08,50,0.60,0.58,True,0.2,5,2.817002532601125e-05,0.005307544189737025,31.52024038597249,
1872,100,5,22.5,22.5,3.0,1e-08,80,0.35,0.45,True,0.2,5,2.821628122365497e-05,0.005311899963634008,31.519993557220257,
1871,100,5,22.5,22.5,3.0,1e-08,80,center,center,True,0.2,5,2.820488991464028e-05,0.005310827611082879,31.52005085932797,
1873,100,5,22.5,22.5,3.0,1e-08,80,0.45,0.55,True,0.2,5,2.8216264413011494e-05,0.005311898381276838,31.519993633665205,
1875,100,5,22.5,22.5,3.0,1e-08,80,0.60,0.58,True,0.2,5,2.817002532601125e-05,0.005307544189737025,31.52024038597249,
1876,100,5,22.5,22.5,3.0,1e-08,120,center,center,True,0.2,5,2.820488991464028e-05,0.005310827611082879,31.52005085932797,
1877,100,5,22.5,22.5,3.0,1e-08,120,0.35,0.45,True,0.2,5,2.821628122365497e-05,0.005311899963634008,31.519993557220257,
1874,100,5,22.5,22.5,3.0,1e-08,80,0.60,0.45,True,0.2,5,2.74311141987999e-05,0.005237472119142965,31.52700082007402,
1852,100,5,22.5,22.5,1.0,1e-06,80,0.35,0.45,True,45.5,3,0.021642943604618027,0.14711540913384302,10.020560773172775,
1878,100,5,22.5,22.5,3.0,1e-08,120,0.45,0.55,True,0.2,5,2.8216264413011494e-05,0.005311898381276838,31.519993633665205,
1879,100,5,22.5,22.5,3.0,1e-08,120,0.60,0.45,True,0.2,5,2.74311141987999e-05,0.005237472119142965,31.52700082007402,
1880,100,5,22.5,22.5,3.0,1e-08,120,0.60,0.58,True,0.2,5,2.817002532601125e-05,0.005307544189737025,31.52024038597249,
1853,100,5,22.5,22.5,1.0,1e-06,80,0.45,0.55,True,47.300000000000004,3,0.22310828528754012,0.47234339763305694,10.721701713452287,
1855,100,5,22.5,22.5,1.0,1e-06,80,0.60,0.58,True,47.400000000000006,3,0.022253402035575864,0.14917574211504986,9.561245784790959,
1850,100,5,22.5,22.5,1.0,1e-06,50,0.60,0.58,True,47.1,3,0.022253402035575864,0.14917574211504986,9.561245784790959,
1854,100,5,22.5,22.5,1.0,1e-06,80,0.60,0.45,True,46.2,3,0.013858104804327535,0.11772045193732283,7.3536029608974305,
1883,100,5,22.5,22.5,3.0,1e-07,25,0.45,0.55,True,8.200000000000001,3,178.1573999992023,13.347561575029438,19.900967666978296,
1887,100,5,22.5,22.5,3.0,1e-07,50,0.35,0.45,True,7.9,3,171.31939105324125,13.088903355638365,20.1465576888919,
1881,100,5,22.5,22.5,3.0,1e-07,25,center,center,True,8.6,3,184.18958011015548,13.571646182764841,19.663581009463382,
1885,100,5,22.5,22.5,3.0,1e-07,25,0.60,0.58,True,8.0,3,178.32939245630297,13.354002862673909,19.95277814955293,
1882,100,5,22.5,22.5,3.0,1e-07,25,0.35,0.45,True,7.9,3,171.31939105324125,13.088903355638365,20.1465576888919,
1888,100,5,22.5,22.5,3.0,1e-07,50,0.45,0.55,True,8.200000000000001,3,178.1573999992023,13.347561575029438,19.900967666978296,
1889,100,5,22.5,22.5,3.0,1e-07,50,0.60,0.45,True,8.6,3,194.60835476263384,13.950209846544741,19.246700851455234,
1884,100,5,22.5,22.5,3.0,1e-07,25,0.60,0.45,True,8.6,3,194.60835476263384,13.950209846544741,19.246700851455234,
1886,100,5,22.5,22.5,3.0,1e-07,50,center,center,True,8.6,3,184.18958011015548,13.571646182764841,19.663581009463382,
1890,100,5,22.5,22.5,3.0,1e-07,50,0.60,0.58,True,8.0,3,178.32939245630297,13.354002862673909,19.95277814955293,
1891,100,5,22.5,22.5,3.0,1e-07,80,center,center,True,8.6,3,184.18958011015548,13.571646182764841,19.663581009463382,
1892,100,5,22.5,22.5,3.0,1e-07,80,0.35,0.45,True,7.9,3,171.31939105324125,13.088903355638365,20.1465576888919,
1893,100,5,22.5,22.5,3.0,1e-07,80,0.45,0.55,True,8.200000000000001,3,178.1573999992023,13.347561575029438,19.900967666978296,
1897,100,5,22.5,22.5,3.0,1e-07,120,0.35,0.45,True,7.9,3,171.31939105324125,13.088903355638365,20.1465576888919,
1895,100,5,22.5,22.5,3.0,1e-07,80,0.60,0.58,True,8.0,3,178.32939245630297,13.354002862673909,19.95277814955293,
1894,100,5,22.5,22.5,3.0,1e-07,80,0.60,0.45,True,8.6,3,194.60835476263384,13.950209846544741,19.246700851455234,
1896,100,5,22.5,22.5,3.0,1e-07,120,center,center,True,8.6,3,184.18958011015548,13.571646182764841,19.663581009463382,
1899,100,5,22.5,22.5,3.0,1e-07,120,0.60,0.45,True,8.6,3,194.60835476263384,13.950209846544741,19.246700851455234,
1900,100,5,22.5,22.5,3.0,1e-07,120,0.60,0.58,True,8.0,3,178.32939245630297,13.354002862673909,19.95277814955293,
1898,100,5,22.5,22.5,3.0,1e-07,120,0.45,0.55,True,8.200000000000001,3,178.1573999992023,13.347561575029438,19.900967666978296,
1857,100,5,22.5,22.5,1.0,1e-06,120,0.35,0.45,True,45.5,3,0.021642943604618027,0.14711540913384302,10.020560773172775,
1859,100,5,22.5,22.5,1.0,1e-06,120,0.60,0.45,True,46.2,3,0.013858104804327535,0.11772045193732283,7.3536029608974305,
1858,100,5,22.5,22.5,1.0,1e-06,120,0.45,0.55,True,47.300000000000004,3,0.22310828528754012,0.47234339763305694,10.721701713452287,
1860,100,5,22.5,22.5,1.0,1e-06,120,0.60,0.58,True,47.400000000000006,3,0.022253402035575864,0.14917574211504986,9.561245784790959,
1903,100,5,22.5,22.5,3.0,1e-06,25,0.45,0.55,True,35.6,3,0.004857471995299403,0.06969556653976924,0.7709292721424826,
1908,100,5,22.5,22.5,3.0,1e-06,50,0.45,0.55,True,32.300000000000004,3,0.00023656178829565812,0.015380565278807478,1.0569761005185179,
1901,100,5,22.5,22.5,3.0,1e-06,25,center,center,True,39.5,3,0.004986575405042717,0.0706156880943797,1.264709751083023,
1904,100,5,22.5,22.5,3.0,1e-06,25,0.60,0.45,True,46.7,3,0.01496592608370734,0.12233530187034052,8.010598329784735,
1911,100,5,22.5,22.5,3.0,1e-06,80,center,center,True,38.300000000000004,3,0.0002747612410675252,0.01657592353588557,1.0083294589723104,
1902,100,5,22.5,22.5,3.0,1e-06,25,0.35,0.45,True,44.7,3,0.020553438425373355,0.14336470425238337,9.744302298587556,
1921,100,5,22.5,22.5,5.0,1e-08,25,center,center,True,0.2,5,2.820488991464028e-05,0.005310827611082879,31.52005085932797,
1922,100,5,22.5,22.5,5.0,1e-08,25,0.35,0.45,True,0.2,5,2.821628122365497e-05,0.005311899963634008,31.519993557220257,
1907,100,5,22.5,22.5,3.0,1e-06,50,0.35,0.45,True,45.2,3,0.020529797069645007,0.14328222872933338,9.7439728897635,
1913,100,5,22.5,22.5,3.0,1e-06,80,0.45,0.55,True,33.2,3,0.00023656178829565812,0.015380565278807478,1.0569761005185179,
1906,100,5,22.5,22.5,3.0,1e-06,50,center,center,True,37.4,3,0.0002747612410675252,0.01657592353588557,1.0083294589723104,
1923,100,5,22.5,22.5,5.0,1e-08,25,0.45,0.55,True,0.2,5,2.8216264413011494e-05,0.005311898381276838,31.519993633665205,
1925,100,5,22.5,22.5,5.0,1e-08,25,0.60,0.58,True,0.2,5,2.817002532601125e-05,0.005307544189737025,31.52024038597249,
1926,100,5,22.5,22.5,5.0,1e-08,50,center,center,True,0.2,5,2.820488991464028e-05,0.005310827611082879,31.52005085932797,
1924,100,5,22.5,22.5,5.0,1e-08,25,0.60,0.45,True,0.2,5,2.74311141987999e-05,0.005237472119142965,31.52700082007402,
1912,100,5,22.5,22.5,3.0,1e-06,80,0.35,0.45,True,45.0,3,0.020529797069645007,0.14328222872933338,9.7439728897635,
1928,100,5,22.5,22.5,5.0,1e-08,50,0.45,0.55,True,0.2,5,2.8216264413011494e-05,0.005311898381276838,31.519993633665205,
1927,100,5,22.5,22.5,5.0,1e-08,50,0.35,0.45,True,0.2,5,2.821628122365497e-05,0.005311899963634008,31.519993557220257,
1929,100,5,22.5,22.5,5.0,1e-08,50,0.60,0.45,True,0.2,5,2.74311141987999e-05,0.005237472119142965,31.52700082007402,
1930,100,5,22.5,22.5,5.0,1e-08,50,0.60,0.58,True,0.2,5,2.817002532601125e-05,0.005307544189737025,31.52024038597249,
1931,100,5,22.5,22.5,5.0,1e-08,80,center,center,True,0.2,5,2.820488991464028e-05,0.005310827611082879,31.52005085932797,
1932,100,5,22.5,22.5,5.0,1e-08,80,0.35,0.45,True,0.2,5,2.821628122365497e-05,0.005311899963634008,31.519993557220257,
1933,100,5,22.5,22.5,5.0,1e-08,80,0.45,0.55,True,0.2,5,2.8216264413011494e-05,0.005311898381276838,31.519993633665205,
1934,100,5,22.5,22.5,5.0,1e-08,80,0.60,0.45,True,0.2,5,2.74311141987999e-05,0.005237472119142965,31.52700082007402,
1935,100,5,22.5,22.5,5.0,1e-08,80,0.60,0.58,True,0.2,5,2.817002532601125e-05,0.005307544189737025,31.52024038597249,
1936,100,5,22.5,22.5,5.0,1e-08,120,center,center,True,0.2,5,2.820488991464028e-05,0.005310827611082879,31.52005085932797,
1938,100,5,22.5,22.5,5.0,1e-08,120,0.45,0.55,True,0.2,5,2.8216264413011494e-05,0.005311898381276838,31.519993633665205,
1937,100,5,22.5,22.5,5.0,1e-08,120,0.35,0.45,True,0.2,5,2.821628122365497e-05,0.005311899963634008,31.519993557220257,
1939,100,5,22.5,22.5,5.0,1e-08,120,0.60,0.45,True,0.2,5,2.74311141987999e-05,0.005237472119142965,31.52700082007402,
1940,100,5,22.5,22.5,5.0,1e-08,120,0.60,0.58,True,0.2,5,2.817002532601125e-05,0.005307544189737025,31.52024038597249,
1905,100,5,22.5,22.5,3.0,1e-06,25,0.60,0.58,True,47.1,3,0.024780018972479452,0.15741670487111414,9.552552474863516,
1909,100,5,22.5,22.5,3.0,1e-06,50,0.60,0.45,True,46.400000000000006,3,0.01489907641558784,0.12206177294955141,8.00643002701059,
1910,100,5,22.5,22.5,3.0,1e-06,50,0.60,0.58,True,47.300000000000004,3,0.03468532820245863,0.18623997477034468,9.759020644728153,
1942,100,5,22.5,22.5,5.0,1e-07,25,0.35,0.45,True,7.9,3,167.56991612659124,12.94487991935774,19.96647544366647,
1944,100,5,22.5,22.5,5.0,1e-07,25,0.60,0.45,True,8.5,3,196.69597232071305,14.024834128099807,19.49502141872351,
1945,100,5,22.5,22.5,5.0,1e-07,25,0.60,0.58,True,8.0,3,178.3293959328717,13.354002992843446,19.952780429601916,
1941,100,5,22.5,22.5,5.0,1e-07,25,center,center,True,8.700000000000001,3,188.25363058522697,13.720555039255043,19.54026001857859,
1943,100,5,22.5,22.5,5.0,1e-07,25,0.45,0.55,True,8.3,3,177.34608510171836,13.31713501852851,19.898526024177727,
1946,100,5,22.5,22.5,5.0,1e-07,50,center,center,True,8.700000000000001,3,188.25363058522697,13.720555039255043,19.54026001857859,
1948,100,5,22.5,22.5,5.0,1e-07,50,0.45,0.55,True,8.3,3,177.34608510171836,13.31713501852851,19.898526024177727,
1947,100,5,22.5,22.5,5.0,1e-07,50,0.35,0.45,True,7.9,3,167.56991612659124,12.94487991935774,19.96647544366647,
1949,100,5,22.5,22.5,5.0,1e-07,50,0.60,0.45,True,8.5,3,196.69597232071305,14.024834128099807,19.49502141872351,
1914,100,5,22.5,22.5,3.0,1e-06,80,0.60,0.45,True,47.1,3,0.01489907641558784,0.12206177294955141,8.00643002701059,
1916,100,5,22.5,22.5,3.0,1e-06,120,center,center,True,38.300000000000004,3,0.0002747612410675252,0.01657592353588557,1.0083294589723104,
1915,100,5,22.5,22.5,3.0,1e-06,80,0.60,0.58,True,48.1,3,0.03468532820245863,0.18623997477034468,9.759020644728153,
1950,100,5,22.5,22.5,5.0,1e-07,50,0.60,0.58,True,8.0,3,178.3293959328717,13.354002992843446,19.952780429601916,
1952,100,5,22.5,22.5,5.0,1e-07,80,0.35,0.45,True,7.9,3,167.56991612659124,12.94487991935774,19.96647544366647,
1953,100,5,22.5,22.5,5.0,1e-07,80,0.45,0.55,True,8.3,3,177.34608510171836,13.31713501852851,19.898526024177727,
1951,100,5,22.5,22.5,5.0,1e-07,80,center,center,True,8.700000000000001,3,188.25363058522697,13.720555039255043,19.54026001857859,
1955,100,5,22.5,22.5,5.0,1e-07,80,0.60,0.58,True,8.0,3,178.3293959328717,13.354002992843446,19.952780429601916,
1954,100,5,22.5,22.5,5.0,1e-07,80,0.60,0.45,True,8.5,3,196.69597232071305,14.024834128099807,19.49502141872351,
1958,100,5,22.5,22.5,5.0,1e-07,120,0.45,0.55,True,8.3,3,177.34608510171836,13.31713501852851,19.898526024177727,
1918,100,5,22.5,22.5,3.0,1e-06,120,0.45,0.55,True,33.2,3,0.00023656178829565812,0.015380565278807478,1.0569761005185179,
1956,100,5,22.5,22.5,5.0,1e-07,120,center,center,True,8.700000000000001,3,188.25363058522697,13.720555039255043,19.54026001857859,
1957,100,5,22.5,22.5,5.0,1e-07,120,0.35,0.45,True,7.9,3,167.56991612659124,12.94487991935774,19.96647544366647,
1959,100,5,22.5,22.5,5.0,1e-07,120,0.60,0.45,True,8.5,3,196.69597232071305,14.024834128099807,19.49502141872351,
1960,100,5,22.5,22.5,5.0,1e-07,120,0.60,0.58,True,8.0,3,178.3293959328717,13.354002992843446,19.952780429601916,
1917,100,5,22.5,22.5,3.0,1e-06,120,0.35,0.45,True,45.0,3,0.020529797069645007,0.14328222872933338,9.7439728897635,
1919,100,5,22.5,22.5,3.0,1e-06,120,0.60,0.45,True,47.1,3,0.01489907641558784,0.12206177294955141,8.00643002701059,
1920,100,5,22.5,22.5,3.0,1e-06,120,0.60,0.58,True,48.1,3,0.03468532820245863,0.18623997477034468,9.759020644728153,
1963,100,5,22.5,22.5,5.0,1e-06,25,0.45,0.55,True,34.4,3,0.003719656754187294,0.06098898879459549,1.4900284497260368,
1968,100,5,22.5,22.5,5.0,1e-06,50,0.45,0.55,True,32.800000000000004,3,0.003950323931441568,0.06285160245722911,1.1351213172211534,
1966,100,5,22.5,22.5,5.0,1e-06,50,center,center,True,36.2,3,0.0044399683709592285,0.06663308765890433,1.7059180409191124,
1973,100,5,22.5,22.5,5.0,1e-06,80,0.45,0.55,True,32.6,3,0.003950323931441568,0.06285160245722911,1.1351213172211534,
1971,100,5,22.5,22.5,5.0,1e-06,80,center,center,True,36.5,3,0.004104956072625381,0.06406993111144557,1.6824613109737567,
1961,100,5,22.5,22.5,5.0,1e-06,25,center,center,True,39.7,3,0.0037072748712328797,0.06088739501106021,2.157031017651821,
1962,100,5,22.5,22.5,5.0,1e-06,25,0.35,0.45,True,44.1,3,0.019744564889014233,0.14051535463789797,9.58090645826967,
1964,100,5,22.5,22.5,5.0,1e-06,25,0.60,0.45,True,44.6,3,0.013710437925604536,0.11709157922585439,7.408354243969743,
1970,100,5,22.5,22.5,5.0,1e-06,50,0.60,0.58,True,42.2,3,36.16128765058309,6.013425616949385,10.38881080755951,
1965,100,5,22.5,22.5,5.0,1e-06,25,0.60,0.58,True,48.7,3,0.2325717721978041,0.48225695660903023,10.062683370389589,
1967,100,5,22.5,22.5,5.0,1e-06,50,0.35,0.45,True,43.800000000000004,3,0.019706926300163314,0.14038136023049255,9.580144845253411,
1972,100,5,22.5,22.5,5.0,1e-06,80,0.35,0.45,True,44.0,3,0.019706926300163314,0.14038136023049255,9.580144845253411,
1969,100,5,22.5,22.5,5.0,1e-06,50,0.60,0.45,True,44.900000000000006,3,0.013668039655128418,0.11691039156177871,7.403233219051379,
1976,100,5,22.5,22.5,5.0,1e-06,120,center,center,True,36.5,3,0.004104956072625381,0.06406993111144557,1.6824613109737567,
1974,100,5,22.5,22.5,5.0,1e-06,80,0.60,0.45,True,45.800000000000004,3,0.013668039655128418,0.11691039156177871,7.403233219051379,
1981,100,5,45.0,45.0,1.0,1e-08,25,center,center,True,19.700000000000003,3,0.0,0.0,0.0,
1983,100,5,45.0,45.0,1.0,1e-08,25,0.45,0.55,True,19.1,3,0.0,0.0,0.0,
1982,100,5,45.0,45.0,1.0,1e-08,25,0.35,0.45,True,17.8,3,0.0,0.0,0.0,
1975,100,5,22.5,22.5,5.0,1e-06,80,0.60,0.58,True,41.800000000000004,3,36.16128765058309,6.013425616949385,10.38881080755951,
1985,100,5,45.0,45.0,1.0,1e-08,25,0.60,0.58,True,19.700000000000003,3,0.0,0.0,0.0,
1978,100,5,22.5,22.5,5.0,1e-06,120,0.45,0.55,True,32.6,3,0.003950323931441568,0.06285160245722911,1.1351213172211534,
1987,100,5,45.0,45.0,1.0,1e-08,50,0.35,0.45,True,17.8,3,0.0,0.0,0.0,
1986,100,5,45.0,45.0,1.0,1e-08,50,center,center,True,19.200000000000003,3,0.0,0.0,0.0,
1988,100,5,45.0,45.0,1.0,1e-08,50,0.45,0.55,True,19.0,3,0.0,0.0,0.0,
1984,100,5,45.0,45.0,1.0,1e-08,25,0.60,0.45,True,29.0,3,0.0,0.0,0.0,
1977,100,5,22.5,22.5,5.0,1e-06,120,0.35,0.45,True,44.0,3,0.019706926300163314,0.14038136023049255,9.580144845253411,
1992,100,5,45.0,45.0,1.0,1e-08,80,0.35,0.45,True,17.8,3,0.0,0.0,0.0,
1990,100,5,45.0,45.0,1.0,1e-08,50,0.60,0.58,True,19.6,3,0.0,0.0,0.0,
1993,100,5,45.0,45.0,1.0,1e-08,80,0.45,0.55,True,19.0,3,0.0,0.0,0.0,
1991,100,5,45.0,45.0,1.0,1e-08,80,center,center,True,19.200000000000003,3,0.0,0.0,0.0,
1980,100,5,22.5,22.5,5.0,1e-06,120,0.60,0.58,True,41.800000000000004,3,36.16128765058309,6.013425616949385,10.38881080755951,
1989,100,5,45.0,45.0,1.0,1e-08,50,0.60,0.45,True,29.5,3,0.0,0.0,0.0,
1995,100,5,45.0,45.0,1.0,1e-08,80,0.60,0.58,True,19.6,3,0.0,0.0,0.0,
1979,100,5,22.5,22.5,5.0,1e-06,120,0.60,0.45,True,45.800000000000004,3,0.013668039655128418,0.11691039156177871,7.403233219051379,
1997,100,5,45.0,45.0,1.0,1e-08,120,0.35,0.45,True,17.8,3,0.0,0.0,0.0,
1996,100,5,45.0,45.0,1.0,1e-08,120,center,center,True,19.200000000000003,3,0.0,0.0,0.0,
2000,100,5,45.0,45.0,1.0,1e-08,120,0.60,0.58,True,19.6,3,0.0,0.0,0.0,
1998,100,5,45.0,45.0,1.0,1e-08,120,0.45,0.55,True,19.0,3,0.0,0.0,0.0,
1994,100,5,45.0,45.0,1.0,1e-08,80,0.60,0.45,True,29.5,3,0.0,0.0,0.0,
1999,100,5,45.0,45.0,1.0,1e-08,120,0.60,0.45,True,29.5,3,0.0,0.0,0.0,
2001,100,5,45.0,45.0,1.0,1e-07,25,center,center,True,59.5,3,0.014103793477437277,0.11875939321770417,0.20763048356805047,
2005,100,5,45.0,45.0,1.0,1e-07,25,0.60,0.58,True,53.300000000000004,3,0.01642407380079966,0.12815644268159,0.057967943579902904,
2002,100,5,45.0,45.0,1.0,1e-07,25,0.35,0.45,True,60.7,3,0.005372092795397511,0.07329456184054524,0.05966275988519443,
2007,100,5,45.0,45.0,1.0,1e-07,50,0.35,0.45,True,54.300000000000004,3,0.014684172425788114,0.12117826713478004,0.06785261023472096,
2003,100,5,45.0,45.0,1.0,1e-07,25,0.45,0.55,True,56.0,3,0.0139442053958061,0.11808558504663513,0.11449050055494144,
2010,100,5,45.0,45.0,1.0,1e-07,50,0.60,0.58,True,56.800000000000004,3,0.020315522774566712,0.142532532337592,0.0292148166762727,
2006,100,5,45.0,45.0,1.0,1e-07,50,center,center,True,59.1,3,0.009521203951718854,0.09757665679720152,0.23605892889820093,
2008,100,5,45.0,45.0,1.0,1e-07,50,0.45,0.55,True,55.1,3,0.0008067589648371228,0.02840350268606185,0.11989077927880815,
2012,100,5,45.0,45.0,1.0,1e-07,80,0.35,0.45,True,54.300000000000004,3,0.014684172425788114,0.12117826713478004,0.06785261023472096,
2011,100,5,45.0,45.0,1.0,1e-07,80,center,center,True,59.1,3,0.009521203951718854,0.09757665679720152,0.23605892889820093,
2013,100,5,45.0,45.0,1.0,1e-07,80,0.45,0.55,True,55.1,3,0.0008067589648371228,0.02840350268606185,0.11989077927880815,
2015,100,5,45.0,45.0,1.0,1e-07,80,0.60,0.58,True,56.800000000000004,3,0.020315522774566712,0.142532532337592,0.0292148166762727,
2009,100,5,45.0,45.0,1.0,1e-07,50,0.60,0.45,True,69.2,3,0.01492015523253954,0.12214808730610374,0.2685941477847616,
2004,100,5,45.0,45.0,1.0,1e-07,25,0.60,0.45,True,70.9,3,0.013393870420329442,0.11573189024780267,0.11513724217799981,
2014,100,5,45.0,45.0,1.0,1e-07,80,0.60,0.45,True,69.2,3,0.01492015523253954,0.12214808730610374,0.2685941477847616,
2016,100,5,45.0,45.0,1.0,1e-07,120,center,center,True,59.1,3,0.009521203951718854,0.09757665679720152,0.23605892889820093,
2022,100,5,45.0,45.0,1.0,1e-06,25,0.35,0.45,True,40.400000000000006,3,0.0032690252064480636,0.05717538986704038,0.10118782294289312,
2025,100,5,45.0,45.0,1.0,1e-06,25,0.60,0.58,True,41.400000000000006,3,0.004792858336378646,0.06923047259970602,0.15052168931209367,
2021,100,5,45.0,45.0,1.0,1e-06,25,center,center,True,42.900000000000006,3,0.00478016424334942,0.06913873186101564,0.252666506161899,
2027,100,5,45.0,45.0,1.0,1e-06,50,0.35,0.45,True,41.5,3,0.0046286778720364494,0.06803438742309986,0.13087817186565373,
2017,100,5,45.0,45.0,1.0,1e-07,120,0.35,0.45,True,54.300000000000004,3,0.014684172425788114,0.12117826713478004,0.06785261023472096,
2020,100,5,45.0,45.0,1.0,1e-07,120,0.60,0.58,True,56.800000000000004,3,0.020315522774566712,0.142532532337592,0.0292148166762727,
2018,100,5,45.0,45.0,1.0,1e-07,120,0.45,0.55,True,55.1,3,0.0008067589648371228,0.02840350268606185,0.11989077927880815,
2023,100,5,45.0,45.0,1.0,1e-06,25,0.45,0.55,True,51.6,3,0.00431224300363278,0.0656676709167668,0.24339677171845026,
2029,100,5,45.0,45.0,1.0,1e-06,50,0.60,0.45,True,42.0,3,0.004802972077000001,0.06930347810175187,0.0833390136194319,
2024,100,5,45.0,45.0,1.0,1e-06,25,0.60,0.45,True,51.6,3,0.00308613627110381,0.05555300415912545,0.1117581967384788,
2026,100,5,45.0,45.0,1.0,1e-06,50,center,center,True,54.300000000000004,3,0.0029332970377846093,0.054159920954379256,0.27869414110113605,
2031,100,5,45.0,45.0,1.0,1e-06,80,center,center,True,42.800000000000004,3,0.0034725958668410965,0.058928735493315114,0.25615195344334396,
2028,100,5,45.0,45.0,1.0,1e-06,50,0.45,0.55,True,53.2,3,0.003617831346448387,0.06014841100518273,0.10268021748116626,
2030,100,5,45.0,45.0,1.0,1e-06,50,0.60,0.58,True,51.1,3,0.0037544004287501007,0.061273162385746836,0.13261402923267887,
2019,100,5,45.0,45.0,1.0,1e-07,120,0.60,0.45,True,69.2,3,0.01492015523253954,0.12214808730610374,0.2685941477847616,
2032,100,5,45.0,45.0,1.0,1e-06,80,0.35,0.45,True,50.2,3,0.004841391345099628,0.06958010739499924,0.049704438070828416,
2042,100,5,45.0,45.0,3.0,1e-08,25,0.35,0.45,True,17.8,3,0.0,0.0,0.0,
2043,100,5,45.0,45.0,3.0,1e-08,25,0.45,0.55,True,19.1,3,0.0,0.0,0.0,
2041,100,5,45.0,45.0,3.0,1e-08,25,center,center,True,19.700000000000003,3,0.0,0.0,0.0,
2034,100,5,45.0,45.0,1.0,1e-06,80,0.60,0.45,True,41.900000000000006,3,0.004776963309383396,0.06911557935359723,0.25503157992171277,
2045,100,5,45.0,45.0,3.0,1e-08,25,0.60,0.58,True,19.6,3,0.0,0.0,0.0,
2046,100,5,45.0,45.0,3.0,1e-08,50,center,center,True,19.200000000000003,3,0.0,0.0,0.0,
2036,100,5,45.0,45.0,1.0,1e-06,120,center,center,True,42.800000000000004,3,0.0034725958668410965,0.058928735493315114,0.25615195344334396,
2047,100,5,45.0,45.0,3.0,1e-08,50,0.35,0.45,True,17.8,3,0.0,0.0,0.0,
2033,100,5,45.0,45.0,1.0,1e-06,80,0.45,0.55,True,53.2,3,0.003588851245745615,0.05990702167313624,0.3072492918982047,
2035,100,5,45.0,45.0,1.0,1e-06,80,0.60,0.58,True,52.900000000000006,3,0.00361407556570142,0.06011718195076529,0.08148093108171339,
2044,100,5,45.0,45.0,3.0,1e-08,25,0.60,0.45,True,28.900000000000002,3,0.0,0.0,0.0,
2048,100,5,45.0,45.0,3.0,1e-08,50,0.45,0.55,True,19.0,3,0.0,0.0,0.0,
2039,100,5,45.0,45.0,1.0,1e-06,120,0.60,0.45,True,41.900000000000006,3,0.004776963309383396,0.06911557935359723,0.25503157992171277,
2037,100,5,45.0,45.0,1.0,1e-06,120,0.35,0.45,True,50.2,3,0.004841391345099628,0.06958010739499924,0.049704438070828416,
2050,100,5,45.0,45.0,3.0,1e-08,50,0.60,0.58,True,19.6,3,0.0,0.0,0.0,
2051,100,5,45.0,45.0,3.0,1e-08,80,center,center,True,19.200000000000003,3,0.0,0.0,0.0,
2052,100,5,45.0,45.0,3.0,1e-08,80,0.35,0.45,True,17.8,3,0.0,0.0,0.0,
2053,100,5,45.0,45.0,3.0,1e-08,80,0.45,0.55,True,19.0,3,0.0,0.0,0.0,
2049,100,5,45.0,45.0,3.0,1e-08,50,0.60,0.45,True,26.900000000000002,3,0.0,0.0,0.0,
2038,100,5,45.0,45.0,1.0,1e-06,120,0.45,0.55,True,53.2,3,0.003588851245745615,0.05990702167313624,0.3072492918982047,
2040,100,5,45.0,45.0,1.0,1e-06,120,0.60,0.58,True,52.900000000000006,3,0.00361407556570142,0.06011718195076529,0.08148093108171339,
2055,100,5,45.0,45.0,3.0,1e-08,80,0.60,0.58,True,19.6,3,0.0,0.0,0.0,
2056,100,5,45.0,45.0,3.0,1e-08,120,center,center,True,19.200000000000003,3,0.0,0.0,0.0,
2057,100,5,45.0,45.0,3.0,1e-08,120,0.35,0.45,True,17.8,3,0.0,0.0,0.0,
2058,100,5,45.0,45.0,3.0,1e-08,120,0.45,0.55,True,19.0,3,0.0,0.0,0.0,
2054,100,5,45.0,45.0,3.0,1e-08,80,0.60,0.45,True,26.900000000000002,3,0.0,0.0,0.0,
2060,100,5,45.0,45.0,3.0,1e-08,120,0.60,0.58,True,19.6,3,0.0,0.0,0.0,
2059,100,5,45.0,45.0,3.0,1e-08,120,0.60,0.45,True,26.900000000000002,3,0.0,0.0,0.0,
2063,100,5,45.0,45.0,3.0,1e-07,25,0.45,0.55,True,56.900000000000006,3,0.013678412107076241,0.11695474384169392,0.19706504223658367,
2061,100,5,45.0,45.0,3.0,1e-07,25,center,center,True,59.0,3,0.027633970220589107,0.1662346841684644,0.7377299750337489,
2062,100,5,45.0,45.0,3.0,1e-07,25,0.35,0.45,True,60.7,3,0.0202546689985333,0.142318898950678,0.04122377091281708,
2065,100,5,45.0,45.0,3.0,1e-07,25,0.60,0.58,True,53.6,3,0.014756536343801564,0.12147648473594205,0.1771081160354231,
2066,100,5,45.0,45.0,3.0,1e-07,50,center,center,True,59.6,3,0.03224795760660822,0.1795771633772185,0.8475423583810179,
2067,100,5,45.0,45.0,3.0,1e-07,50,0.35,0.45,True,54.400000000000006,3,0.019849527884340613,0.1408883525503106,0.05402650078377709,
2068,100,5,45.0,45.0,3.0,1e-07,50,0.45,0.55,True,55.2,3,0.01555686689292903,0.12472716982650184,0.2847374602068882,
2070,100,5,45.0,45.0,3.0,1e-07,50,0.60,0.58,True,56.7,3,0.014869949647853258,0.12194240299359882,0.07229427173781519,
2072,100,5,45.0,45.0,3.0,1e-07,80,0.35,0.45,True,54.400000000000006,3,0.019849527884340613,0.1408883525503106,0.05402650078377709,
2073,100,5,45.0,45.0,3.0,1e-07,80,0.45,0.55,True,55.2,3,0.01555686689292903,0.12472716982650184,0.2847374602068882,
2064,100,5,45.0,45.0,3.0,1e-07,25,0.60,0.45,True,68.5,3,0.029366333251899714,0.1713660796420917,0.43360727192372195,
2075,100,5,45.0,45.0,3.0,1e-07,80,0.60,0.58,True,56.7,3,0.014869949647853258,0.12194240299359882,0.07229427173781519,
2071,100,5,45.0,45.0,3.0,1e-07,80,center,center,True,59.6,3,0.03224795760660822,0.1795771633772185,0.8475423583810179,
2069,100,5,45.0,45.0,3.0,1e-07,50,0.60,0.45,True,69.3,3,0.02750446636650465,0.16584470557272743,0.4849630375865674,
2076,100,5,45.0,45.0,3.0,1e-07,120,center,center,True,59.6,3,0.03224795760660822,0.1795771633772185,0.8475423583810179,
2074,100,5,45.0,45.0,3.0,1e-07,80,0.60,0.45,True,69.3,3,0.02750446636650465,0.16584470557272743,0.4849630375865674,
2082,100,5,45.0,45.0,3.0,1e-06,25,0.35,0.45,True,40.5,3,0.005580942322256956,0.07470570475042021,0.24566320373017114,
2081,100,5,45.0,45.0,3.0,1e-06,25,center,center,True,42.6,3,0.029302422426026382,0.17117950352196487,0.7172597516191899,
2085,100,5,45.0,45.0,3.0,1e-06,25,0.60,0.58,True,41.5,3,0.0036332439877617712,0.060276396605651296,0.13356668597798807,
2077,100,5,45.0,45.0,3.0,1e-07,120,0.35,0.45,True,54.400000000000006,3,0.019849527884340613,0.1408883525503106,0.05402650078377709,
2089,100,5,45.0,45.0,3.0,1e-06,50,0.60,0.45,True,41.400000000000006,3,0.008598368561321077,0.09272738840990334,0.22049932823726834,
2087,100,5,45.0,45.0,3.0,1e-06,50,0.35,0.45,True,41.6,3,0.00392013646484007,0.06261099316286295,0.26349790034952764,
2078,100,5,45.0,45.0,3.0,1e-07,120,0.45,0.55,True,55.2,3,0.01555686689292903,0.12472716982650184,0.2847374602068882,
2088,100,5,45.0,45.0,3.0,1e-06,50,0.45,0.55,True,43.300000000000004,3,0.0030068452398386934,0.054834708350083285,0.5196933714943978,
2084,100,5,45.0,45.0,3.0,1e-06,25,0.60,0.45,True,49.900000000000006,3,0.013538227374258532,0.11635388852229449,0.2105482561560151,
2083,100,5,45.0,45.0,3.0,1e-06,25,0.45,0.55,True,52.2,3,0.007903836034877659,0.0889035209363367,0.3961114674216961,
2080,100,5,45.0,45.0,3.0,1e-07,120,0.60,0.58,True,56.7,3,0.014869949647853258,0.12194240299359882,0.07229427173781519,
2086,100,5,45.0,45.0,3.0,1e-06,50,center,center,True,54.5,3,0.03481298258671514,0.18658237480189585,0.8310428922010704,
2091,100,5,45.0,45.0,3.0,1e-06,80,center,center,True,41.900000000000006,3,0.017188152779730462,0.1311035956018387,0.675450343482666,
2090,100,5,45.0,45.0,3.0,1e-06,50,0.60,0.58,True,51.5,3,0.007334623729771476,0.08564241781834207,0.09419549452291791,
2079,100,5,45.0,45.0,3.0,1e-07,120,0.60,0.45,True,69.3,3,0.02750446636650465,0.16584470557272743,0.4849630375865674,
1664,100,4,57.7,24.4,1.0,1e-06,25,0.60,0.45,False,900.0,2,0.0009053850426656539,0.030089616858073383,1.6926981010573583,vittima non trovata entro 15 minuti
2092,100,5,45.0,45.0,3.0,1e-06,80,0.35,0.45,True,50.6,3,0.0038731525240907412,0.06223465693719811,0.2615073985870753,
2102,100,5,45.0,45.0,5.0,1e-08,25,0.35,0.45,True,17.8,3,0.0,0.0,0.0,
2101,100,5,45.0,45.0,5.0,1e-08,25,center,center,True,19.700000000000003,3,0.0,0.0,0.0,
2103,100,5,45.0,45.0,5.0,1e-08,25,0.45,0.55,True,19.1,3,0.0,0.0,0.0,
1666,100,4,57.7,24.4,1.0,1e-06,50,center,center,False,900.0,2,0.0012814911107593809,0.0357979204809355,0.3042861309964931,vittima non trovata entro 15 minuti
2107,100,5,45.0,45.0,5.0,1e-08,50,0.35,0.45,True,17.8,3,0.0,0.0,0.0,
2106,100,5,45.0,45.0,5.0,1e-08,50,center,center,True,19.200000000000003,3,0.0,0.0,0.0,
2105,100,5,45.0,45.0,5.0,1e-08,25,0.60,0.58,True,19.6,3,0.0,0.0,0.0,
1669,100,4,57.7,24.4,1.0,1e-06,50,0.60,0.45,False,900.0,2,0.0014196931903774873,0.03767881620191228,1.8711645507500292,vittima non trovata entro 15 minuti
2108,100,5,45.0,45.0,5.0,1e-08,50,0.45,0.55,True,19.0,3,0.0,0.0,0.0,
2096,100,5,45.0,45.0,3.0,1e-06,120,center,center,True,41.900000000000006,3,0.017188152779730462,0.1311035956018387,0.675450343482666,
2104,100,5,45.0,45.0,5.0,1e-08,25,0.60,0.45,True,26.6,3,0.0,0.0,0.0,
1671,100,4,57.7,24.4,1.0,1e-06,80,center,center,False,900.0,2,0.002254820149810153,0.04748494656004314,0.4434444206013938,vittima non trovata entro 15 minuti
2110,100,5,45.0,45.0,5.0,1e-08,50,0.60,0.58,True,19.6,3,0.0,0.0,0.0,
2112,100,5,45.0,45.0,5.0,1e-08,80,0.35,0.45,True,17.8,3,0.0,0.0,0.0,
2111,100,5,45.0,45.0,5.0,1e-08,80,center,center,True,19.200000000000003,3,0.0,0.0,0.0,
2097,100,5,45.0,45.0,3.0,1e-06,120,0.35,0.45,True,50.6,3,0.0038731525240907412,0.06223465693719811,0.2615073985870753,
2113,100,5,45.0,45.0,5.0,1e-08,80,0.45,0.55,True,19.0,3,0.0,0.0,0.0,
2094,100,5,45.0,45.0,3.0,1e-06,80,0.60,0.45,True,53.5,3,0.006812217402751819,0.08253615815357424,0.3563383573413352,
2093,100,5,45.0,45.0,3.0,1e-06,80,0.45,0.55,True,53.5,3,0.017204943404511664,0.13116761568509075,0.37201000576414833,
1674,100,4,57.7,24.4,1.0,1e-06,80,0.60,0.45,False,900.0,2,0.0010874270491686502,0.03297615879948194,1.7178650889138278,vittima non trovata entro 15 minuti
2095,100,5,45.0,45.0,3.0,1e-06,80,0.60,0.58,True,52.900000000000006,3,0.00412671191643387,0.0642394887622393,0.19163930611830465,
2109,100,5,45.0,45.0,5.0,1e-08,50,0.60,0.45,True,26.700000000000003,3,0.0,0.0,0.0,
2117,100,5,45.0,45.0,5.0,1e-08,120,0.35,0.45,True,17.8,3,0.0,0.0,0.0,
2116,100,5,45.0,45.0,5.0,1e-08,120,center,center,True,19.200000000000003,3,0.0,0.0,0.0,
2115,100,5,45.0,45.0,5.0,1e-08,80,0.60,0.58,True,19.6,3,0.0,0.0,0.0,
2098,100,5,45.0,45.0,3.0,1e-06,120,0.45,0.55,True,53.5,3,0.017204943404511664,0.13116761568509075,0.37201000576414833,
2118,100,5,45.0,45.0,5.0,1e-08,120,0.45,0.55,True,19.0,3,0.0,0.0,0.0,
2100,100,5,45.0,45.0,3.0,1e-06,120,0.60,0.58,True,52.900000000000006,3,0.00412671191643387,0.0642394887622393,0.19163930611830465,
2099,100,5,45.0,45.0,3.0,1e-06,120,0.60,0.45,True,53.5,3,0.006812217402751819,0.08253615815357424,0.3563383573413352,
2120,100,5,45.0,45.0,5.0,1e-08,120,0.60,0.58,True,19.6,3,0.0,0.0,0.0,
2114,100,5,45.0,45.0,5.0,1e-08,80,0.60,0.45,True,26.700000000000003,3,0.0,0.0,0.0,
2119,100,5,45.0,45.0,5.0,1e-08,120,0.60,0.45,True,26.700000000000003,3,0.0,0.0,0.0,
2125,100,5,45.0,45.0,5.0,1e-07,25,0.60,0.58,True,51.5,3,0.015056343006412318,0.12270429090464734,0.020299051448918703,
1721,100,4,57.7,24.4,3.0,1e-06,25,center,center,False,900.0,2,0.0006109827340256305,0.02471806493287107,0.36846120886653055,vittima non trovata entro 15 minuti
2123,100,5,45.0,45.0,5.0,1e-07,25,0.45,0.55,True,57.0,3,0.019997641268127194,0.14141301661490427,0.6710632221437068,
2127,100,5,45.0,45.0,5.0,1e-07,50,0.35,0.45,True,55.5,3,0.014774823618956191,0.12155173227460064,0.1043822990662984,
2128,100,5,45.0,45.0,5.0,1e-07,50,0.45,0.55,True,55.300000000000004,3,0.029271904958956468,0.17109034151277058,0.6409000288993532,
2122,100,5,45.0,45.0,5.0,1e-07,25,0.35,0.45,True,60.800000000000004,3,0.013902040920330535,0.11790691633797627,0.07299630554286562,
2130,100,5,45.0,45.0,5.0,1e-07,50,0.60,0.58,True,55.7,3,0.013460441157752256,0.11601914134207449,0.20513740263950184,
2141,100,5,45.0,45.0,5.0,1e-06,25,center,center,True,41.800000000000004,3,0.03527076736687041,0.18780513136458868,1.9002618017611104,
2132,100,5,45.0,45.0,5.0,1e-07,80,0.35,0.45,True,55.5,3,0.014774823618956191,0.12155173227460064,0.1043822990662984,
2133,100,5,45.0,45.0,5.0,1e-07,80,0.45,0.55,True,55.300000000000004,3,0.029271904958956468,0.17109034151277058,0.6409000288993532,
1724,100,4,57.7,24.4,3.0,1e-06,25,0.60,0.45,False,900.0,2,0.0008739987842417581,0.02956347043636383,1.863082147359024,vittima non trovata entro 15 minuti
2135,100,5,45.0,45.0,5.0,1e-07,80,0.60,0.58,True,55.7,3,0.013460441157752256,0.11601914134207449,0.20513740263950184,
2137,100,5,45.0,45.0,5.0,1e-07,120,0.35,0.45,True,55.5,3,0.014774823618956191,0.12155173227460064,0.1043822990662984,
2124,100,5,45.0,45.0,5.0,1e-07,25,0.60,0.45,True,68.8,3,0.021211392261307062,0.1456413137173208,0.7680629033044518,
2138,100,5,45.0,45.0,5.0,1e-07,120,0.45,0.55,True,55.300000000000004,3,0.029271904958956468,0.17109034151277058,0.6409000288993532,
2140,100,5,45.0,45.0,5.0,1e-07,120,0.60,0.58,True,55.7,3,0.013460441157752256,0.11601914134207449,0.20513740263950184,
2129,100,5,45.0,45.0,5.0,1e-07,50,0.60,0.45,True,69.60000000000001,3,0.035472134950113525,0.18834047613328772,0.7841080605753062,
2121,100,5,45.0,45.0,5.0,1e-07,25,center,center,True,75.10000000000001,3,0.07199476277432312,0.268318398128647,1.5701636672767159,
1729,100,4,57.7,24.4,3.0,1e-06,50,0.60,0.45,False,900.0,2,0.0014022094018161096,0.03744608660215523,1.9601761409052605,vittima non trovata entro 15 minuti
2131,100,5,45.0,45.0,5.0,1e-07,80,center,center,True,68.10000000000001,3,0.04950858334891114,0.22250524341891617,1.704916772461755,
2134,100,5,45.0,45.0,5.0,1e-07,80,0.60,0.45,True,69.60000000000001,3,0.035472134950113525,0.18834047613328772,0.7841080605753062,
2126,100,5,45.0,45.0,5.0,1e-07,50,center,center,True,70.10000000000001,3,0.032230393375218234,0.1795282523036924,1.6383458298464808,
2136,100,5,45.0,45.0,5.0,1e-07,120,center,center,True,68.10000000000001,3,0.04950858334891114,0.22250524341891617,1.704916772461755,
1726,100,4,57.7,24.4,3.0,1e-06,50,center,center,False,900.0,2,0.0010831954008120692,0.03291193401810458,0.8974562082677865,vittima non trovata entro 15 minuti
2139,100,5,45.0,45.0,5.0,1e-07,120,0.60,0.45,True,69.60000000000001,3,0.035472134950113525,0.18834047613328772,0.7841080605753062,
2142,100,5,45.0,45.0,5.0,1e-06,25,0.35,0.45,True,41.5,3,0.01503889815882343,0.12263318538969552,0.5180813161552792,
2145,100,5,45.0,45.0,5.0,1e-06,25,0.60,0.58,True,42.2,3,0.01380400642722147,0.11749045249390042,0.06139137805109013,
2149,100,5,45.0,45.0,5.0,1e-06,50,0.60,0.45,True,41.5,3,0.009700985136299994,0.09849357916280632,0.34147710262189346,
2151,100,5,45.0,45.0,5.0,1e-06,80,center,center,True,42.800000000000004,3,0.0181856506281066,0.13485418283504075,2.084798143684267,
1731,100,4,57.7,24.4,3.0,1e-06,80,center,center,False,900.0,2,0.0011276315032696842,0.03358022488414401,1.4033763512442847,vittima non trovata entro 15 minuti
2144,100,5,45.0,45.0,5.0,1e-06,25,0.60,0.45,True,51.0,3,0.0034674124273165667,0.05888473849238499,0.26593289884990584,
1734,100,4,57.7,24.4,3.0,1e-06,80,0.60,0.45,False,900.0,2,0.0015028938506244675,0.038767174911572645,2.060465494933005,vittima non trovata entro 15 minuti
2143,100,5,45.0,45.0,5.0,1e-06,25,0.45,0.55,True,52.1,3,0.02436206993950435,0.1560835351326473,1.0431811825499082,
2156,100,5,45.0,45.0,5.0,1e-06,120,center,center,True,42.800000000000004,3,0.0181856506281066,0.13485418283504075,2.084798143684267,
2147,100,5,45.0,45.0,5.0,1e-06,50,0.35,0.45,True,52.2,3,0.007931038649665134,0.08905637905094241,0.5654484002020066,
2148,100,5,45.0,45.0,5.0,1e-06,50,0.45,0.55,True,53.400000000000006,3,0.02911502085340919,0.17063124231338525,1.2655072625863972,
2146,100,5,45.0,45.0,5.0,1e-06,50,center,center,True,53.6,3,0.030429725097397383,0.17444117947720195,2.0296700908280383,
2150,100,5,45.0,45.0,5.0,1e-06,50,0.60,0.58,True,51.2,3,0.005902258808884089,0.0768261596650782,0.191944926656555,
2152,100,5,45.0,45.0,5.0,1e-06,80,0.35,0.45,True,50.1,3,0.02177948612352281,0.1475787455005727,0.5333008268142563,
2154,100,5,45.0,45.0,5.0,1e-06,80,0.60,0.45,True,53.800000000000004,3,0.0021230925202069045,0.046077028118216394,0.3512135064521168,
2155,100,5,45.0,45.0,5.0,1e-06,80,0.60,0.58,True,53.300000000000004,3,0.013602807315926373,0.11663107354357317,0.09480800025206187,
2157,100,5,45.0,45.0,5.0,1e-06,120,0.35,0.45,True,50.1,3,0.02177948612352281,0.1475787455005727,0.5333008268142563,
2153,100,5,45.0,45.0,5.0,1e-06,80,0.45,0.55,True,53.300000000000004,3,0.032862055131199885,0.18127894287864735,1.271431562980529,
2160,100,5,45.0,45.0,5.0,1e-06,120,0.60,0.58,True,53.300000000000004,3,0.013602807315926373,0.11663107354357317,0.09480800025206187,
2158,100,5,45.0,45.0,5.0,1e-06,120,0.45,0.55,True,53.300000000000004,3,0.032862055131199885,0.18127894287864735,1.271431562980529,
2162,100,5,67.5,45.0,1.0,1e-08,25,0.35,0.45,True,51.800000000000004,3,1.0208301568192872,1.0103613991138454,14.825278581693052,
2159,100,5,45.0,45.0,5.0,1e-06,120,0.60,0.45,True,53.800000000000004,3,0.0021230925202069045,0.046077028118216394,0.3512135064521168,
2163,100,5,67.5,45.0,1.0,1e-08,25,0.45,0.55,True,53.900000000000006,3,2.248332621732746,1.4994441042375493,14.601116195982392,
2161,100,5,67.5,45.0,1.0,1e-08,25,center,center,True,56.400000000000006,3,1.3177081857764874,1.1479147118913005,13.434563584362682,
2164,100,5,67.5,45.0,1.0,1e-08,25,0.60,0.45,True,58.5,3,0.9209774281127898,0.9596756890287416,14.61363857700067,
2165,100,5,67.5,45.0,1.0,1e-08,25,0.60,0.58,True,55.6,3,0.6205989650858256,0.7877810387955688,14.843278621350601,
2167,100,5,67.5,45.0,1.0,1e-08,50,0.35,0.45,True,51.800000000000004,3,1.020833379110208,1.0103629937355227,14.82552313458902,
2166,100,5,67.5,45.0,1.0,1e-08,50,center,center,True,56.400000000000006,3,1.3177081857764874,1.1479147118913005,13.434563584362682,
2168,100,5,67.5,45.0,1.0,1e-08,50,0.45,0.55,True,53.900000000000006,3,2.236432255233354,1.49547057986219,14.600791216322813,
2172,100,5,67.5,45.0,1.0,1e-08,80,0.35,0.45,True,51.800000000000004,3,1.020833379110208,1.0103629937355227,14.82552313458902,
2169,100,5,67.5,45.0,1.0,1e-08,50,0.60,0.45,True,58.400000000000006,3,0.920979197278183,0.9596766107799976,14.613489286109244,
2170,100,5,67.5,45.0,1.0,1e-08,50,0.60,0.58,True,55.6,3,0.6205989650858256,0.7877810387955688,14.843278621350601,
2173,100,5,67.5,45.0,1.0,1e-08,80,0.45,0.55,True,53.900000000000006,3,2.236432255233354,1.49547057986219,14.600791216322813,
2171,100,5,67.5,45.0,1.0,1e-08,80,center,center,True,56.400000000000006,3,1.3177081857764874,1.1479147118913005,13.434563584362682,
2177,100,5,67.5,45.0,1.0,1e-08,120,0.35,0.45,True,51.800000000000004,3,1.020833379110208,1.0103629937355227,14.82552313458902,
2175,100,5,67.5,45.0,1.0,1e-08,80,0.60,0.58,True,55.6,3,0.6205989650858256,0.7877810387955688,14.843278621350601,
2174,100,5,67.5,45.0,1.0,1e-08,80,0.60,0.45,True,58.400000000000006,3,0.920979197278183,0.9596766107799976,14.613489286109244,
2176,100,5,67.5,45.0,1.0,1e-08,120,center,center,True,56.400000000000006,3,1.3177081857764874,1.1479147118913005,13.434563584362682,
2178,100,5,67.5,45.0,1.0,1e-08,120,0.45,0.55,True,53.900000000000006,3,2.236432255233354,1.49547057986219,14.600791216322813,
2180,100,5,67.5,45.0,1.0,1e-08,120,0.60,0.58,True,55.6,3,0.6205989650858256,0.7877810387955688,14.843278621350601,
2179,100,5,67.5,45.0,1.0,1e-08,120,0.60,0.45,True,58.400000000000006,3,0.920979197278183,0.9596766107799976,14.613489286109244,
1784,100,4,57.7,24.4,5.0,1e-06,25,0.60,0.45,False,900.0,2,0.0011944515702160992,0.03456083867929277,2.113735377826067,vittima non trovata entro 15 minuti
1789,100,4,57.7,24.4,5.0,1e-06,50,0.60,0.45,False,900.0,2,0.0010364278782316752,0.03219359995762629,1.9908458231474593,vittima non trovata entro 15 minuti
1786,100,4,57.7,24.4,5.0,1e-06,50,center,center,False,900.0,2,0.003094448458666032,0.055627766975369704,3.0656160446887575,vittima non trovata entro 15 minuti
2182,100,5,67.5,45.0,1.0,1e-07,25,0.35,0.45,True,64.60000000000001,3,0.01564596867276488,0.12508384657007027,0.11588144866038394,
2183,100,5,67.5,45.0,1.0,1e-07,25,0.45,0.55,True,63.300000000000004,3,0.030917418666639086,0.17583349699826561,0.5252068011310902,
2181,100,5,67.5,45.0,1.0,1e-07,25,center,center,True,69.5,3,0.12204619049916707,0.3493510991812779,1.4191116932811443,
2188,100,5,67.5,45.0,1.0,1e-07,50,0.45,0.55,True,63.900000000000006,3,0.04719652940602901,0.21724762232537553,0.5218476757145484,
2187,100,5,67.5,45.0,1.0,1e-07,50,0.35,0.45,True,63.900000000000006,3,0.015967564970098796,0.12636283065086346,0.09401163044043158,
2185,100,5,67.5,45.0,1.0,1e-07,25,0.60,0.58,True,66.4,3,0.013872839756648239,0.11778301981460756,0.29711427818265074,
2184,100,5,67.5,45.0,1.0,1e-07,25,0.60,0.45,True,74.8,3,0.0030655514823167474,0.05536742257245453,0.3637096044020386,
2189,100,5,67.5,45.0,1.0,1e-07,50,0.60,0.45,True,64.5,3,0.0025497783992391226,0.050495330469649595,0.2324386861951216,
1794,100,4,57.7,24.4,5.0,1e-06,80,0.60,0.45,False,900.0,2,0.0008799518557402083,0.029663982465950325,2.0295174106807257,vittima non trovata entro 15 minuti
2190,100,5,67.5,45.0,1.0,1e-07,50,0.60,0.58,True,70.0,3,0.0020324293663649944,0.04508247293976889,0.38080913726511667,
1791,100,4,57.7,24.4,5.0,1e-06,80,center,center,False,900.0,2,0.002954506128611219,0.054355368903275955,4.8468729071262295,vittima non trovata entro 15 minuti
2186,100,5,67.5,45.0,1.0,1e-07,50,center,center,True,75.5,3,0.036281777614958995,0.19047776147088402,1.076750125182518,
2192,100,5,67.5,45.0,1.0,1e-07,80,0.35,0.45,True,63.5,3,0.013963280607388294,0.1181663260298309,0.16787585870947935,
2194,100,5,67.5,45.0,1.0,1e-07,80,0.60,0.45,True,63.7,3,0.013723922131219802,0.11714914481642537,0.2372936097096399,
2193,100,5,67.5,45.0,1.0,1e-07,80,0.45,0.55,True,64.9,3,0.022810291812550156,0.15103076445727923,0.6848688551610334,
2191,100,5,67.5,45.0,1.0,1e-07,80,center,center,True,76.2,3,0.023021286378001885,0.15172767176096089,0.8816141954690783,
2195,100,5,67.5,45.0,1.0,1e-07,80,0.60,0.58,True,66.5,3,0.013887064312900045,0.11784338892318078,0.239811309052497,
2197,100,5,67.5,45.0,1.0,1e-07,120,0.35,0.45,True,63.5,3,0.013963280607388294,0.1181663260298309,0.16787585870947935,
2198,100,5,67.5,45.0,1.0,1e-07,120,0.45,0.55,True,64.9,3,0.022810291812550156,0.15103076445727923,0.6848688551610334,
2202,100,5,67.5,45.0,1.0,1e-06,25,0.35,0.45,True,59.800000000000004,3,0.005382360802504853,0.07336457457455098,7.8816311201243625,
2203,100,5,67.5,45.0,1.0,1e-06,25,0.45,0.55,True,61.5,3,0.0030154280745411256,0.054912913549921255,7.446545303799781,
2199,100,5,67.5,45.0,1.0,1e-07,120,0.60,0.45,True,63.7,3,0.013723922131219802,0.11714914481642537,0.2372936097096399,
2201,100,5,67.5,45.0,1.0,1e-06,25,center,center,True,63.900000000000006,3,0.000746916857187721,0.027329779676896794,3.086875961315889,
2206,100,5,67.5,45.0,1.0,1e-06,50,center,center,True,59.800000000000004,3,0.002423730933449288,0.04923140190416365,6.771712086824073,
2207,100,5,67.5,45.0,1.0,1e-06,50,0.35,0.45,True,60.6,3,0.005390237197112518,0.07341823477251763,8.831314922239422,
2200,100,5,67.5,45.0,1.0,1e-07,120,0.60,0.58,True,66.5,3,0.013887064312900045,0.11784338892318078,0.239811309052497,
2196,100,5,67.5,45.0,1.0,1e-07,120,center,center,True,76.2,3,0.023021286378001885,0.15172767176096089,0.8816141954690783,
2208,100,5,67.5,45.0,1.0,1e-06,50,0.45,0.55,True,61.5,3,0.003475742722979752,0.0589554299702729,7.269224365327996,
2210,100,5,67.5,45.0,1.0,1e-06,50,0.60,0.58,True,61.5,3,0.00529034409930892,0.07273475166183577,7.960610774445402,
2205,100,5,67.5,45.0,1.0,1e-06,25,0.60,0.58,True,71.2,3,0.005179519206787863,0.07196887665364705,7.711794981401059,
2209,100,5,67.5,45.0,1.0,1e-06,50,0.60,0.45,True,61.6,3,0.004659988316834413,0.06826410709028877,6.831018219176438,
2212,100,5,67.5,45.0,1.0,1e-06,80,0.35,0.45,True,60.5,3,0.005321926161863832,0.07295153296445409,8.509446814176448,
2211,100,5,67.5,45.0,1.0,1e-06,80,center,center,True,61.300000000000004,3,0.002334711785960213,0.048318855387521474,5.963268418995056,
2204,100,5,67.5,45.0,1.0,1e-06,25,0.60,0.45,True,74.9,3,0.005141255182037999,0.071702546551974,7.5610982772433,
2213,100,5,67.5,45.0,1.0,1e-06,80,0.45,0.55,True,61.300000000000004,3,0.003439559908812537,0.05864776132822579,7.066855702782761,
2215,100,5,67.5,45.0,1.0,1e-06,80,0.60,0.58,True,61.6,3,0.005167734690396382,0.07188695772110809,7.308444168101141,
2214,100,5,67.5,45.0,1.0,1e-06,80,0.60,0.45,True,61.900000000000006,3,0.005283733196892059,0.07268929217492806,8.180927838833306,
2217,100,5,67.5,45.0,1.0,1e-06,120,0.35,0.45,True,60.5,3,0.005321926161863832,0.07295153296445409,8.509446814176448,
2216,100,5,67.5,45.0,1.0,1e-06,120,center,center,True,61.5,3,0.0023897716333356692,0.04888529056204605,6.232243109729046,
2222,100,5,67.5,45.0,3.0,1e-08,25,0.35,0.45,True,51.800000000000004,3,1.0208110351533946,1.0103519362842803,14.825244748436445,
2220,100,5,67.5,45.0,1.0,1e-06,120,0.60,0.58,True,61.6,3,0.005167734690396382,0.07188695772110809,7.308444168101141,
2218,100,5,67.5,45.0,1.0,1e-06,120,0.45,0.55,True,61.300000000000004,3,0.003439559908812537,0.05864776132822579,7.066855702782761,
2219,100,5,67.5,45.0,1.0,1e-06,120,0.60,0.45,True,61.900000000000006,3,0.005283733196892059,0.07268929217492806,8.180927838833306,
2221,100,5,67.5,45.0,3.0,1e-08,25,center,center,True,56.400000000000006,3,1.08095830595767,1.039691447477409,13.5299253578341,
2223,100,5,67.5,45.0,3.0,1e-08,25,0.45,0.55,True,53.900000000000006,3,1.975850116754818,1.4056493576830666,14.623306194298443,
2225,100,5,67.5,45.0,3.0,1e-08,25,0.60,0.58,True,55.5,3,0.7386637172320345,0.8594554771668131,14.816482371217292,
2227,100,5,67.5,45.0,3.0,1e-08,50,0.35,0.45,True,51.800000000000004,3,1.020811287173704,1.0103520610033436,14.825268083492483,
2226,100,5,67.5,45.0,3.0,1e-08,50,center,center,True,56.400000000000006,3,1.08095830595767,1.039691447477409,13.5299253578341,
2224,100,5,67.5,45.0,3.0,1e-08,25,0.60,0.45,True,61.5,3,0.8476387410510708,0.9206729826877027,14.589276289359619,
2228,100,5,67.5,45.0,3.0,1e-08,50,0.45,0.55,True,53.900000000000006,3,2.030084647357826,1.4248103899669688,14.622967177955912,
2232,100,5,67.5,45.0,3.0,1e-08,80,0.35,0.45,True,51.800000000000004,3,1.020811287173704,1.0103520610033436,14.825268083492483,
2230,100,5,67.5,45.0,3.0,1e-08,50,0.60,0.58,True,55.5,3,0.7386637172320345,0.8594554771668131,14.816482371217292,
2229,100,5,67.5,45.0,3.0,1e-08,50,0.60,0.45,True,60.5,3,0.8476387410510708,0.9206729826877027,14.589276289359619,
2233,100,5,67.5,45.0,3.0,1e-08,80,0.45,0.55,True,53.900000000000006,3,2.030084647357826,1.4248103899669688,14.622967177955912,
2235,100,5,67.5,45.0,3.0,1e-08,80,0.60,0.58,True,55.5,3,0.7386637172320345,0.8594554771668131,14.816482371217292,
2238,100,5,67.5,45.0,3.0,1e-08,120,0.45,0.55,True,53.900000000000006,3,2.030084647357826,1.4248103899669688,14.622967177955912,
2237,100,5,67.5,45.0,3.0,1e-08,120,0.35,0.45,True,51.800000000000004,3,1.020811287173704,1.0103520610033436,14.825268083492483,
2231,100,5,67.5,45.0,3.0,1e-08,80,center,center,True,56.400000000000006,3,1.08095830595767,1.039691447477409,13.5299253578341,
2236,100,5,67.5,45.0,3.0,1e-08,120,center,center,True,56.400000000000006,3,1.08095830595767,1.039691447477409,13.5299253578341,
2234,100,5,67.5,45.0,3.0,1e-08,80,0.60,0.45,True,60.5,3,0.8476387410510708,0.9206729826877027,14.589276289359619,
2240,100,5,67.5,45.0,3.0,1e-08,120,0.60,0.58,True,55.5,3,0.7386637172320345,0.8594554771668131,14.816482371217292,
2239,100,5,67.5,45.0,3.0,1e-08,120,0.60,0.45,True,60.5,3,0.8476387410510708,0.9206729826877027,14.589276289359619,
2242,100,5,67.5,45.0,3.0,1e-07,25,0.35,0.45,True,64.60000000000001,3,0.015631780564022906,0.1250271193142628,0.05830362817811599,
2244,100,5,67.5,45.0,3.0,1e-07,25,0.60,0.45,True,64.0,3,0.002825616430692869,0.05315652763953707,0.19072168012826823,
2243,100,5,67.5,45.0,3.0,1e-07,25,0.45,0.55,True,68.0,3,0.02348257379198424,0.1532402486032447,0.5959994405512203,
2247,100,5,67.5,45.0,3.0,1e-07,50,0.35,0.45,True,63.900000000000006,3,0.015966104241792636,0.12635705062161207,0.08197190115861734,
2241,100,5,67.5,45.0,3.0,1e-07,25,center,center,True,77.0,3,0.06335386053233463,0.25170192794719437,0.7097015184533748,
2245,100,5,67.5,45.0,3.0,1e-07,25,0.60,0.58,True,71.8,3,0.013982226100433131,0.11824646337389179,0.06898211208481997,
2252,100,5,67.5,45.0,3.0,1e-07,80,0.35,0.45,True,63.7,3,0.0018698617530376609,0.04324189812019889,0.12424856453641761,
2246,100,5,67.5,45.0,3.0,1e-07,50,center,center,True,74.10000000000001,3,0.018814573550266327,0.13716622598244194,0.673897683312238,
2248,100,5,67.5,45.0,3.0,1e-07,50,0.45,0.55,True,69.2,3,0.0030212200824146908,0.05496562637153051,0.5932883943339804,
2254,100,5,67.5,45.0,3.0,1e-07,80,0.60,0.45,True,65.5,3,0.013793710177286107,0.11744662693021928,0.07949465233489189,
2250,100,5,67.5,45.0,3.0,1e-07,50,0.60,0.58,True,68.0,3,0.0019276369218901319,0.043904862166850404,0.06418657324536417,
2257,100,5,67.5,45.0,3.0,1e-07,120,0.35,0.45,True,63.7,3,0.0018698617530376609,0.04324189812019889,0.12424856453641761,
2253,100,5,67.5,45.0,3.0,1e-07,80,0.45,0.55,True,71.2,3,0.0014228870523491904,0.03772117511887972,0.5144977094480365,
2255,100,5,67.5,45.0,3.0,1e-07,80,0.60,0.58,True,74.0,3,0.01405007758572631,0.11853302318647875,0.11394479838948043,
2251,100,5,67.5,45.0,3.0,1e-07,80,center,center,True,77.30000000000001,3,0.05717570591880543,0.23911442013982642,0.6923463563718941,
2259,100,5,67.5,45.0,3.0,1e-07,120,0.60,0.45,True,65.5,3,0.013793710177286107,0.11744662693021928,0.07949465233489189,
2256,100,5,67.5,45.0,3.0,1e-07,120,center,center,True,77.30000000000001,3,0.05717570591880543,0.23911442013982642,0.6923463563718941,
2249,100,5,67.5,45.0,3.0,1e-07,50,0.60,0.45,True,82.80000000000001,3,0.0026523301936386802,0.05150077857313111,0.10575867446377228,
2258,100,5,67.5,45.0,3.0,1e-07,120,0.45,0.55,True,71.2,3,0.0014228870523491904,0.03772117511887972,0.5144977094480365,
2262,100,5,67.5,45.0,3.0,1e-06,25,0.35,0.45,True,59.800000000000004,3,0.0054046439763347515,0.07351628374948473,7.841890041371471,
2263,100,5,67.5,45.0,3.0,1e-06,25,0.45,0.55,True,62.300000000000004,3,6.853623000195093e-05,0.008278661123753703,8.07059490554542,
2261,100,5,67.5,45.0,3.0,1e-06,25,center,center,True,64.7,3,0.0014537560185983547,0.03812815257258545,2.1247960094724436,
2264,100,5,67.5,45.0,3.0,1e-06,25,0.60,0.45,True,63.300000000000004,3,0.005276093209404183,0.07263672080569292,7.871942920534838,
2266,100,5,67.5,45.0,3.0,1e-06,50,center,center,True,59.800000000000004,3,0.0024673628628745876,0.049672556435868966,6.396784330693612,
2267,100,5,67.5,45.0,3.0,1e-06,50,0.35,0.45,True,60.900000000000006,3,0.0054460471498411775,0.07379733836556152,9.188045263996111,
2265,100,5,67.5,45.0,3.0,1e-06,25,0.60,0.58,True,61.7,3,0.005182556314021183,0.07198997370482353,7.9467179408003155,
2268,100,5,67.5,45.0,3.0,1e-06,50,0.45,0.55,True,61.800000000000004,3,0.0034439285233420036,0.058684994021828134,7.199202351500567,
2260,100,5,67.5,45.0,3.0,1e-07,120,0.60,0.58,True,74.0,3,0.01405007758572631,0.11853302318647875,0.11394479838948043,
2269,100,5,67.5,45.0,3.0,1e-06,50,0.60,0.45,True,61.900000000000006,3,0.005322570689365508,0.07295595033556555,7.9525099120603855,
2270,100,5,67.5,45.0,3.0,1e-06,50,0.60,0.58,True,61.5,3,0.005248772123634309,0.07244841008355055,7.852867825819409,
2271,100,5,67.5,45.0,3.0,1e-06,80,center,center,True,61.800000000000004,3,0.0024163222934546927,0.04915610128412029,5.993767978284718,
2272,100,5,67.5,45.0,3.0,1e-06,80,0.35,0.45,True,60.800000000000004,3,0.005389527552906778,0.07341340172548047,8.943484539060284,
2273,100,5,67.5,45.0,3.0,1e-06,80,0.45,0.55,True,61.2,3,0.003484906527985704,0.05903309688628663,6.997598369307751,
2275,100,5,67.5,45.0,3.0,1e-06,80,0.60,0.58,True,61.900000000000006,3,0.005199736459369682,0.0721091981606347,7.62282747027202,
2274,100,5,67.5,45.0,3.0,1e-06,80,0.60,0.45,True,62.5,3,0.005267221790576582,0.07257562807566037,7.66063265289673,
2277,100,5,67.5,45.0,3.0,1e-06,120,0.35,0.45,True,60.800000000000004,3,0.005389527552906778,0.07341340172548047,8.943484539060284,
2282,100,5,67.5,45.0,5.0,1e-08,25,0.35,0.45,True,51.800000000000004,3,1.020811038292925,1.010351937837962,14.825245517938836,
2276,100,5,67.5,45.0,3.0,1e-06,120,center,center,True,61.800000000000004,3,0.0024163222934546927,0.04915610128412029,5.993767978284718,
2278,100,5,67.5,45.0,3.0,1e-06,120,0.45,0.55,True,61.2,3,0.003484906527985704,0.05903309688628663,6.997598369307751,
2283,100,5,67.5,45.0,5.0,1e-08,25,0.45,0.55,True,53.800000000000004,3,2.2503011388613876,1.5001003762619978,14.598752093425302,
2279,100,5,67.5,45.0,3.0,1e-06,120,0.60,0.45,True,62.5,3,0.005267221790576582,0.07257562807566037,7.66063265289673,
2281,100,5,67.5,45.0,5.0,1e-08,25,center,center,True,58.300000000000004,3,2.5366735630813775,1.5926938070707055,14.585878757942881,
2287,100,5,67.5,45.0,5.0,1e-08,50,0.35,0.45,True,51.800000000000004,3,1.0208112873077586,1.0103520610696841,14.82526881829039,
2280,100,5,67.5,45.0,3.0,1e-06,120,0.60,0.58,True,61.900000000000006,3,0.005199736459369682,0.0721091981606347,7.62282747027202,
2284,100,5,67.5,45.0,5.0,1e-08,25,0.60,0.45,True,60.800000000000004,3,1.134396411645549,1.0650804719107139,14.54384130559476,
2285,100,5,67.5,45.0,5.0,1e-08,25,0.60,0.58,True,55.400000000000006,3,0.8703813362216221,0.9329423005854232,14.79314902945232,
2288,100,5,67.5,45.0,5.0,1e-08,50,0.45,0.55,True,54.5,3,1.8149271479724423,1.3471923203360545,14.587537006447487,
2286,100,5,67.5,45.0,5.0,1e-08,50,center,center,True,58.400000000000006,3,2.775195459324404,1.6658917910009654,14.561240071158785,
2292,100,5,67.5,45.0,5.0,1e-08,80,0.35,0.45,True,51.800000000000004,3,1.0208112873077586,1.0103520610696841,14.82526881829039,
2290,100,5,67.5,45.0,5.0,1e-08,50,0.60,0.58,True,55.400000000000006,3,0.8703813362216221,0.9329423005854232,14.79314902945232,
2293,100,5,67.5,45.0,5.0,1e-08,80,0.45,0.55,True,54.5,3,1.8149271479724423,1.3471923203360545,14.587537006447487,
2297,100,5,67.5,45.0,5.0,1e-08,120,0.35,0.45,True,51.800000000000004,3,1.0208112873077586,1.0103520610696841,14.82526881829039,
2291,100,5,67.5,45.0,5.0,1e-08,80,center,center,True,58.400000000000006,3,2.775195459324404,1.6658917910009654,14.561240071158785,
2289,100,5,67.5,45.0,5.0,1e-08,50,0.60,0.45,True,60.5,3,1.134396411645549,1.0650804719107139,14.54384130559476,
2295,100,5,67.5,45.0,5.0,1e-08,80,0.60,0.58,True,55.400000000000006,3,0.8703813362216221,0.9329423005854232,14.79314902945232,
2298,100,5,67.5,45.0,5.0,1e-08,120,0.45,0.55,True,54.5,3,1.8149271479724423,1.3471923203360545,14.587537006447487,
2294,100,5,67.5,45.0,5.0,1e-08,80,0.60,0.45,True,60.5,3,1.134396411645549,1.0650804719107139,14.54384130559476,
2296,100,5,67.5,45.0,5.0,1e-08,120,center,center,True,58.400000000000006,3,2.775195459324404,1.6658917910009654,14.561240071158785,
2300,100,5,67.5,45.0,5.0,1e-08,120,0.60,0.58,True,55.400000000000006,3,0.8703813362216221,0.9329423005854232,14.79314902945232,
2299,100,5,67.5,45.0,5.0,1e-08,120,0.60,0.45,True,60.5,3,1.134396411645549,1.0650804719107139,14.54384130559476,
2302,100,5,67.5,45.0,5.0,1e-07,25,0.35,0.45,True,64.7,3,0.015606863249347206,0.12492743193289137,0.1180005074876994,
2301,100,5,67.5,45.0,5.0,1e-07,25,center,center,True,76.10000000000001,3,0.03244905939910531,0.18013622456103964,0.4192772347007834,
2304,100,5,67.5,45.0,5.0,1e-07,25,0.60,0.45,True,63.800000000000004,3,0.013476532586022228,0.11608846879006643,0.34899750338168156,
2305,100,5,67.5,45.0,5.0,1e-07,25,0.60,0.58,True,61.300000000000004,3,0.015523509523580878,0.12459337672437037,0.06998644766550613,
2307,100,5,67.5,45.0,5.0,1e-07,50,0.35,0.45,True,64.0,3,0.0016090962893848676,0.04011354246865848,0.18026346082657535,
2308,100,5,67.5,45.0,5.0,1e-07,50,0.45,0.55,True,65.0,3,0.0015283394299595923,0.039093982017179986,0.22212828257643277,
2303,100,5,67.5,45.0,5.0,1e-07,25,0.45,0.55,True,77.2,3,0.0007320943621170305,0.027057242322842703,0.20766602159575648,
2306,100,5,67.5,45.0,5.0,1e-07,50,center,center,True,76.0,3,0.02452369785205795,0.1566004401400518,0.43885629362890627,
2310,100,5,67.5,45.0,5.0,1e-07,50,0.60,0.58,True,69.5,3,0.013797087688891287,0.11746100497140013,0.04305251557259348,
2312,100,5,67.5,45.0,5.0,1e-07,80,0.35,0.45,True,63.6,3,0.013854104271248991,0.11770345904538657,0.03898677857927126,
2315,100,5,67.5,45.0,5.0,1e-07,80,0.60,0.58,True,61.6,3,0.0018637703407347317,0.043171406517911036,0.1713183938239904,
2314,100,5,67.5,45.0,5.0,1e-07,80,0.60,0.45,True,65.3,3,0.014464531591699761,0.12026858106629412,0.30909930171975636,
2317,100,5,67.5,45.0,5.0,1e-07,120,0.35,0.45,True,63.6,3,0.013854104271248991,0.11770345904538657,0.03898677857927126,
2311,100,5,67.5,45.0,5.0,1e-07,80,center,center,True,75.2,3,0.003447474176637299,0.0587151954491961,0.5060522877316075,
2320,100,5,67.5,45.0,5.0,1e-07,120,0.60,0.58,True,61.6,3,0.0018637703407347317,0.043171406517911036,0.1713183938239904,
2322,100,5,67.5,45.0,5.0,1e-06,25,0.35,0.45,True,60.1,3,0.005442661194305135,0.07377439389317364,7.694459619439832,
2313,100,5,67.5,45.0,5.0,1e-07,80,0.45,0.55,True,70.4,3,0.01383343957860827,0.11761564342640936,0.40379309113104545,
2309,100,5,67.5,45.0,5.0,1e-07,50,0.60,0.45,True,82.80000000000001,3,0.005731142461858142,0.0757043094008402,0.24870153482432533,
2319,100,5,67.5,45.0,5.0,1e-07,120,0.60,0.45,True,65.3,3,0.014464531591699761,0.12026858106629412,0.30909930171975636,
2326,100,5,67.5,45.0,5.0,1e-06,50,center,center,True,60.6,3,0.0025840016085071408,0.05083307593001963,6.189068889854243,
2316,100,5,67.5,45.0,5.0,1e-07,120,center,center,True,74.8,3,0.0034560625876284543,0.05878828614297626,0.5059588346109111,
2318,100,5,67.5,45.0,5.0,1e-07,120,0.45,0.55,True,70.4,3,0.01383343957860827,0.11761564342640936,0.40379309113104545,
2328,100,5,67.5,45.0,5.0,1e-06,50,0.45,0.55,True,62.0,3,0.003481121424514414,0.05900102901233515,7.175098561865763,
2324,100,5,67.5,45.0,5.0,1e-06,25,0.60,0.45,True,65.3,3,0.0053388186953084605,0.07306722038854674,7.650913949069165,
2321,100,5,67.5,45.0,5.0,1e-06,25,center,center,True,67.10000000000001,3,0.0005766508149165317,0.024013554816322627,0.4437891145074232,
2325,100,5,67.5,45.0,5.0,1e-06,25,0.60,0.58,True,72.2,3,0.00507805572074164,0.07126047797160527,7.021082794876044,
2323,100,5,67.5,45.0,5.0,1e-06,25,0.45,0.55,True,70.7,3,0.0031467373318638395,0.05609578711332821,5.802416031505055,
2331,100,5,67.5,45.0,5.0,1e-06,80,center,center,True,61.800000000000004,3,0.0025487397220919712,0.05048504453887281,6.271541412708173,
2330,100,5,67.5,45.0,5.0,1e-06,50,0.60,0.58,True,61.900000000000006,3,0.005254028103198818,0.07248467495408129,7.894955883584289,
2327,100,5,67.5,45.0,5.0,1e-06,50,0.35,0.45,True,68.9,3,0.0054714665402034405,0.0739693621724795,9.218687569605786,
2329,100,5,67.5,45.0,5.0,1e-06,50,0.60,0.45,True,63.0,3,0.005333109861010262,0.0730281443075905,7.866740038548031,
2332,100,5,67.5,45.0,5.0,1e-06,80,0.35,0.45,True,61.400000000000006,3,0.005484354020157832,0.0740564245704438,9.228354853997105,
2333,100,5,67.5,45.0,5.0,1e-06,80,0.45,0.55,True,61.400000000000006,3,0.0034508866766200857,0.05874424803008449,7.123056046354928,
2343,100,5,31.5,63.0,1.0,1e-08,25,0.45,0.55,True,38.800000000000004,3,0.8573583451166842,0.925936469265945,22.500856956012914,
2345,100,5,31.5,63.0,1.0,1e-08,25,0.60,0.58,True,38.300000000000004,3,1.2167201981376727,1.10305040598228,22.569273882165984,
2342,100,5,31.5,63.0,1.0,1e-08,25,0.35,0.45,True,38.0,3,0.8182831238729149,0.9045900308277308,22.509473796646425,
2341,100,5,31.5,63.0,1.0,1e-08,25,center,center,True,40.900000000000006,3,2.429369773972865,1.5586435686111384,22.41118422769211,
2347,100,5,31.5,63.0,1.0,1e-08,50,0.35,0.45,True,37.800000000000004,3,0.5432141157003849,0.7370306070309326,22.55123665000647,
2336,100,5,67.5,45.0,5.0,1e-06,120,center,center,True,61.800000000000004,3,0.0025487397220919712,0.05048504453887281,6.271541412708173,
2334,100,5,67.5,45.0,5.0,1e-06,80,0.60,0.45,True,63.300000000000004,3,0.005274079364580207,0.0726228570395038,7.59811368565754,
2348,100,5,31.5,63.0,1.0,1e-08,50,0.45,0.55,True,38.5,3,0.6524481147873136,0.8077426042913136,22.523400150901406,
2335,100,5,67.5,45.0,5.0,1e-06,80,0.60,0.58,True,61.900000000000006,3,0.005225733877497435,0.07228923763256488,8.148649490327548,
2350,100,5,31.5,63.0,1.0,1e-08,50,0.60,0.58,True,38.2,3,0.9759809975881244,0.9879175054568698,22.592196333445607,
2352,100,5,31.5,63.0,1.0,1e-08,80,0.35,0.45,True,37.800000000000004,3,0.5432141157003849,0.7370306070309326,22.55123665000647,
2346,100,5,31.5,63.0,1.0,1e-08,50,center,center,True,47.1,3,2.4293632822403284,1.558641486115498,22.410659877122985,
2337,100,5,67.5,45.0,5.0,1e-06,120,0.35,0.45,True,61.400000000000006,3,0.005484354020157832,0.0740564245704438,9.228354853997105,
2344,100,5,31.5,63.0,1.0,1e-08,25,0.60,0.45,True,48.400000000000006,3,1.4603536563229973,1.2084509325260158,22.704562903439008,
2353,100,5,31.5,63.0,1.0,1e-08,80,0.45,0.55,True,38.5,3,0.6524481147873136,0.8077426042913136,22.523400150901406,
2349,100,5,31.5,63.0,1.0,1e-08,50,0.60,0.45,True,48.800000000000004,3,1.587296236979367,1.2598794533523305,22.680867102091334,
2338,100,5,67.5,45.0,5.0,1e-06,120,0.45,0.55,True,61.400000000000006,3,0.0034508866766200857,0.05874424803008449,7.123056046354928,
2355,100,5,31.5,63.0,1.0,1e-08,80,0.60,0.58,True,38.2,3,0.9759809975881244,0.9879175054568698,22.592196333445607,
2357,100,5,31.5,63.0,1.0,1e-08,120,0.35,0.45,True,37.800000000000004,3,0.5432141157003849,0.7370306070309326,22.55123665000647,
2340,100,5,67.5,45.0,5.0,1e-06,120,0.60,0.58,True,61.900000000000006,3,0.005225733877497435,0.07228923763256488,8.148649490327548,
2351,100,5,31.5,63.0,1.0,1e-08,80,center,center,True,47.1,3,2.4293632822403284,1.558641486115498,22.410659877122985,
2358,100,5,31.5,63.0,1.0,1e-08,120,0.45,0.55,True,38.5,3,0.6524481147873136,0.8077426042913136,22.523400150901406,
2360,100,5,31.5,63.0,1.0,1e-08,120,0.60,0.58,True,38.2,3,0.9759809975881244,0.9879175054568698,22.592196333445607,
2339,100,5,67.5,45.0,5.0,1e-06,120,0.60,0.45,True,63.300000000000004,3,0.005274079364580207,0.0726228570395038,7.59811368565754,
2354,100,5,31.5,63.0,1.0,1e-08,80,0.60,0.45,True,48.800000000000004,3,1.587296236979367,1.2598794533523305,22.680867102091334,
2356,100,5,31.5,63.0,1.0,1e-08,120,center,center,True,47.1,3,2.4293632822403284,1.558641486115498,22.410659877122985,
2359,100,5,31.5,63.0,1.0,1e-08,120,0.60,0.45,True,48.800000000000004,3,1.587296236979367,1.2598794533523305,22.680867102091334,
2363,100,5,31.5,63.0,1.0,1e-07,25,0.45,0.55,True,70.5,3,0.005326856925855352,0.07298531993391104,0.59706092574321,
2362,100,5,31.5,63.0,1.0,1e-07,25,0.35,0.45,True,73.5,3,0.0020898976425237953,0.0457153983087077,0.06311759766872216,
2361,100,5,31.5,63.0,1.0,1e-07,25,center,center,True,77.5,3,0.03977924004812237,0.19944733652802277,2.721523952830002,
2364,100,5,31.5,63.0,1.0,1e-07,25,0.60,0.45,True,77.10000000000001,3,0.026027953058701026,0.161331810436445,0.6392042898544376,
2369,100,5,31.5,63.0,1.0,1e-07,50,0.60,0.45,True,65.2,3,0.02777957147081914,0.16667204765892552,0.65720110623843,
2367,100,5,31.5,63.0,1.0,1e-07,50,0.35,0.45,True,70.8,3,0.0022338822663600616,0.0472639637182501,0.19483667161431265,
2368,100,5,31.5,63.0,1.0,1e-07,50,0.45,0.55,True,72.60000000000001,3,0.03183085095730048,0.17841202582029184,0.6438852042774592,
2383,100,5,31.5,63.0,1.0,1e-06,25,0.45,0.55,True,58.6,3,0.0006392691249851394,0.02528377196909392,22.479899884503457,
2374,100,5,31.5,63.0,1.0,1e-07,80,0.60,0.45,True,65.4,3,0.0234037480872016,0.15298283592351658,0.6092257758177271,
2371,100,5,31.5,63.0,1.0,1e-07,80,center,center,True,71.4,3,0.008359577368361733,0.0914307244221642,2.675467389936923,
2372,100,5,31.5,63.0,1.0,1e-07,80,0.35,0.45,True,71.0,3,0.002252609954042316,0.047461668260210955,0.19460308392216732,
2366,100,5,31.5,63.0,1.0,1e-07,50,center,center,True,72.60000000000001,3,0.02432500487945631,0.1559647552476402,2.59685289281576,
2365,100,5,31.5,63.0,1.0,1e-07,25,0.60,0.58,True,84.60000000000001,3,0.02784208630135028,0.16685948070562331,0.13989352263798802,
2373,100,5,31.5,63.0,1.0,1e-07,80,0.45,0.55,True,72.8,3,0.03288805314032236,0.1813506358972098,0.6784586998330857,
2370,100,5,31.5,63.0,1.0,1e-07,50,0.60,0.58,True,74.60000000000001,3,0.015488513545767208,0.12445285671999341,0.25702160333262947,
2379,100,5,31.5,63.0,1.0,1e-07,120,0.60,0.45,True,65.4,3,0.0234037480872016,0.15298283592351658,0.6092257758177271,
2377,100,5,31.5,63.0,1.0,1e-07,120,0.35,0.45,True,71.0,3,0.002252609954042316,0.047461668260210955,0.19460308392216732,
2375,100,5,31.5,63.0,1.0,1e-07,80,0.60,0.58,True,76.10000000000001,3,0.015645375330271976,0.12508147476853626,0.12660302343980806,
2376,100,5,31.5,63.0,1.0,1e-07,120,center,center,True,71.4,3,0.008359577368361733,0.0914307244221642,2.675467389936923,
2378,100,5,31.5,63.0,1.0,1e-07,120,0.45,0.55,True,72.8,3,0.03288805314032236,0.1813506358972098,0.6784586998330857,
2387,100,5,31.5,63.0,1.0,1e-06,50,0.35,0.45,True,69.0,3,0.004964844457033932,0.07046165238648561,22.405554671180706,
2382,100,5,31.5,63.0,1.0,1e-06,25,0.35,0.45,True,71.3,3,0.00538795256584034,0.0734026741055143,24.381638906976985,
2384,100,5,31.5,63.0,1.0,1e-06,25,0.60,0.45,True,71.3,3,0.004141938823692769,0.06435789635851043,24.339342398774804,
2381,100,5,31.5,63.0,1.0,1e-06,25,center,center,True,76.3,3,0.0030500393670741025,0.05522716149752857,20.45501919213082,
2380,100,5,31.5,63.0,1.0,1e-07,120,0.60,0.58,True,76.10000000000001,3,0.015645375330271976,0.12508147476853626,0.12660302343980806,
2386,100,5,31.5,63.0,1.0,1e-06,50,center,center,True,75.5,3,0.0005023807158045193,0.02241385098113484,22.583115266869434,
2385,100,5,31.5,63.0,1.0,1e-06,25,0.60,0.58,True,76.60000000000001,3,0.005342120330529655,0.07308981003210814,24.433108836755647,
2389,100,5,31.5,63.0,1.0,1e-06,50,0.60,0.45,True,73.9,3,0.0049932272774377085,0.0706627715097399,24.257888366877246,
2392,100,5,31.5,63.0,1.0,1e-06,80,0.35,0.45,True,69.60000000000001,3,0.0052176584179469965,0.07223336083796043,22.98010774730315,
2391,100,5,31.5,63.0,1.0,1e-06,80,center,center,True,76.4,3,0.0005659007166375303,0.023788667819731525,22.864195630639408,
2388,100,5,31.5,63.0,1.0,1e-06,50,0.45,0.55,True,85.60000000000001,3,0.005280286800073871,0.07266558194959888,25.130921379777227,
2402,100,5,31.5,63.0,3.0,1e-08,25,0.35,0.45,True,38.0,3,0.8182831201918448,0.9045900287930687,22.50947386616094,
2403,100,5,31.5,63.0,3.0,1e-08,25,0.45,0.55,True,38.800000000000004,3,0.8573713922707884,0.9259435146221331,22.500387742062408,
2407,100,5,31.5,63.0,3.0,1e-08,50,0.35,0.45,True,37.800000000000004,3,0.5432141129266301,0.7370306051492231,22.55123676623791,
2401,100,5,31.5,63.0,3.0,1e-08,25,center,center,True,40.900000000000006,3,2.429497514936891,1.5586845463200343,22.414164104117763,
2408,100,5,31.5,63.0,3.0,1e-08,50,0.45,0.55,True,38.5,3,0.6524481117846032,0.8077426024326085,22.523181479663783,
2405,100,5,31.5,63.0,3.0,1e-08,25,0.60,0.58,True,44.0,3,0.7338245024428809,0.8566355715488827,22.532030099041478,
2404,100,5,31.5,63.0,3.0,1e-08,25,0.60,0.45,True,46.800000000000004,3,1.4397810265202553,1.199908757581282,22.635345017050323,
2406,100,5,31.5,63.0,3.0,1e-08,50,center,center,True,47.1,3,2.429493372607007,1.5586832175291447,22.41363973198307,
2415,100,5,31.5,63.0,3.0,1e-08,80,0.60,0.58,True,38.300000000000004,3,0.5428308638330213,0.7367705639023734,22.55931148231544,
2413,100,5,31.5,63.0,3.0,1e-08,80,0.45,0.55,True,38.5,3,0.6524481117846032,0.8077426024326085,22.523181479663783,
2410,100,5,31.5,63.0,3.0,1e-08,50,0.60,0.58,True,38.300000000000004,3,0.5428308638330213,0.7367705639023734,22.55931148231544,
2412,100,5,31.5,63.0,3.0,1e-08,80,0.35,0.45,True,37.800000000000004,3,0.5432141129266301,0.7370306051492231,22.55123676623791,
2394,100,5,31.5,63.0,1.0,1e-06,80,0.60,0.45,True,72.4,3,0.004954409015555667,0.07038756293235096,23.86390939018055,
2409,100,5,31.5,63.0,3.0,1e-08,50,0.60,0.45,True,46.7,3,1.4394555445613555,1.1997731221199095,22.63521727544172,
2418,100,5,31.5,63.0,3.0,1e-08,120,0.45,0.55,True,38.5,3,0.6524481117846032,0.8077426024326085,22.523181479663783,
2397,100,5,31.5,63.0,1.0,1e-06,120,0.35,0.45,True,69.60000000000001,3,0.0052176584179469965,0.07223336083796043,22.98010774730315,
2411,100,5,31.5,63.0,3.0,1e-08,80,center,center,True,47.1,3,2.429493372607007,1.5586832175291447,22.41363973198307,
2393,100,5,31.5,63.0,1.0,1e-06,80,0.45,0.55,True,74.3,3,0.0053018913355109614,0.07281408747976563,24.957674528122777,
2417,100,5,31.5,63.0,3.0,1e-08,120,0.35,0.45,True,37.800000000000004,3,0.5432141129266301,0.7370306051492231,22.55123676623791,
2398,100,5,31.5,63.0,1.0,1e-06,120,0.45,0.55,True,74.3,3,0.0053018913355109614,0.07281408747976563,24.957674528122777,
2414,100,5,31.5,63.0,3.0,1e-08,80,0.60,0.45,True,46.7,3,1.4394555445613555,1.1997731221199095,22.63521727544172,
2395,100,5,31.5,63.0,1.0,1e-06,80,0.60,0.58,True,77.5,3,0.005271205804203993,0.07260307021196825,24.773089446688203,
2416,100,5,31.5,63.0,3.0,1e-08,120,center,center,True,47.1,3,2.429493372607007,1.5586832175291447,22.41363973198307,
2396,100,5,31.5,63.0,1.0,1e-06,120,center,center,True,76.4,3,0.0005659007166375303,0.023788667819731525,22.864195630639408,
2420,100,5,31.5,63.0,3.0,1e-08,120,0.60,0.58,True,38.300000000000004,3,0.5428308638330213,0.7367705639023734,22.55931148231544,
2419,100,5,31.5,63.0,3.0,1e-08,120,0.60,0.45,True,46.7,3,1.4394555445613555,1.1997731221199095,22.63521727544172,
2400,100,5,31.5,63.0,1.0,1e-06,120,0.60,0.58,True,77.5,3,0.005271205804203993,0.07260307021196825,24.773089446688203,
2399,100,5,31.5,63.0,1.0,1e-06,120,0.60,0.45,True,72.4,3,0.004954409015555667,0.07038756293235096,23.86390939018055,
2390,100,5,31.5,63.0,1.0,1e-06,50,0.60,0.58,True,126.0,3,0.005169551654680013,0.07189959425949505,24.384911048018864,
2421,100,5,31.5,63.0,3.0,1e-07,25,center,center,True,72.60000000000001,3,0.04972829376718872,0.22299841651273833,3.6057588974446166,
2425,100,5,31.5,63.0,3.0,1e-07,25,0.60,0.58,True,62.7,3,0.006474457544919524,0.08046401397469259,0.15991240339042287,
2423,100,5,31.5,63.0,3.0,1e-07,25,0.45,0.55,True,71.5,3,0.014080033731431487,0.11865931792923591,0.8265648900728474,
2422,100,5,31.5,63.0,3.0,1e-07,25,0.35,0.45,True,73.7,3,0.0018241163427103182,0.04270967504805344,0.09066525867536825,
2429,100,5,31.5,63.0,3.0,1e-07,50,0.60,0.45,True,58.400000000000006,3,0.002224847348770059,0.047168287532727525,0.21421156763769458,
2434,100,5,31.5,63.0,3.0,1e-07,80,0.60,0.45,True,58.6,3,0.001781724812595674,0.042210482259690825,0.22039993355606577,
2427,100,5,31.5,63.0,3.0,1e-07,50,0.35,0.45,True,70.8,3,0.002029089429720742,0.04504541519090197,0.08705917437567319,
2424,100,5,31.5,63.0,3.0,1e-07,25,0.60,0.45,True,75.3,3,0.02684943180109165,0.16385796227553806,0.31544146502017656,
2426,100,5,31.5,63.0,3.0,1e-07,50,center,center,True,71.10000000000001,3,0.007209849160041226,0.08491083064039137,3.631351152535352,
2428,100,5,31.5,63.0,3.0,1e-07,50,0.45,0.55,True,72.3,3,0.009058315172443585,0.09517518149414575,0.9375307021718455,
2439,100,5,31.5,63.0,3.0,1e-07,120,0.60,0.45,True,58.6,3,0.001781724812595674,0.042210482259690825,0.22039993355606577,
2432,100,5,31.5,63.0,3.0,1e-07,80,0.35,0.45,True,71.0,3,0.0158449300465293,0.12587664615221245,0.1462712775657258,
2431,100,5,31.5,63.0,3.0,1e-07,80,center,center,True,71.2,3,0.009475144601406266,0.09734035443435711,3.486479359661073,
2430,100,5,31.5,63.0,3.0,1e-07,50,0.60,0.58,True,74.60000000000001,3,0.015530548384987544,0.12462162085684628,0.1610965858349367,
2433,100,5,31.5,63.0,3.0,1e-07,80,0.45,0.55,True,71.8,3,0.010261595742339175,0.10129953475874988,0.9491304801975681,
2436,100,5,31.5,63.0,3.0,1e-07,120,center,center,True,71.2,3,0.009475144601406266,0.09734035443435711,3.486479359661073,
2438,100,5,31.5,63.0,3.0,1e-07,120,0.45,0.55,True,71.8,3,0.010261595742339175,0.10129953475874988,0.9491304801975681,
2437,100,5,31.5,63.0,3.0,1e-07,120,0.35,0.45,True,71.0,3,0.0158449300465293,0.12587664615221245,0.1462712775657258,
2435,100,5,31.5,63.0,3.0,1e-07,80,0.60,0.58,True,76.10000000000001,3,0.015684441781694716,0.12523754142306817,0.06866293658134205,
2442,100,5,31.5,63.0,3.0,1e-06,25,0.35,0.45,True,73.4,3,0.005490854179730626,0.07410029810824398,24.846699782548743,
2441,100,5,31.5,63.0,3.0,1e-06,25,center,center,True,77.0,3,0.0006155065391767879,0.0248094042487277,21.532875057180604,
2440,100,5,31.5,63.0,3.0,1e-07,120,0.60,0.58,True,76.10000000000001,3,0.015684441781694716,0.12523754142306817,0.06866293658134205,
2447,100,5,31.5,63.0,3.0,1e-06,50,0.35,0.45,True,71.4,3,0.005307343851957351,0.0728515192151636,23.969763736175846,
2445,100,5,31.5,63.0,3.0,1e-06,25,0.60,0.58,True,79.0,3,0.005481762437847175,0.07403892515324068,24.845035659584894,
2443,100,5,31.5,63.0,3.0,1e-06,25,0.45,0.55,True,83.10000000000001,3,0.00035584782328122993,0.01886392915808448,24.27589388853628,
2446,100,5,31.5,63.0,3.0,1e-06,50,center,center,True,78.7,3,0.0006522479107545786,0.025539144675469822,21.84474346423219,
2449,100,5,31.5,63.0,3.0,1e-06,50,0.60,0.45,True,74.2,3,0.0049968654868715896,0.07068851028895425,24.2416665654424,
2452,100,5,31.5,63.0,3.0,1e-06,80,0.35,0.45,True,72.0,3,0.005385763469568005,0.07338776103389451,24.349454666737813,
2462,100,5,31.5,63.0,5.0,1e-08,25,0.35,0.45,True,38.0,3,0.8182831020901766,0.9045900187876145,22.50947415956736,
2451,100,5,31.5,63.0,3.0,1e-06,80,center,center,True,81.0,3,0.0007372822770104869,0.027152942326946577,23.940235113705015,
2461,100,5,31.5,63.0,5.0,1e-08,25,center,center,True,40.900000000000006,3,2.4549263352188633,1.5668204540466222,22.427657237017097,
2463,100,5,31.5,63.0,5.0,1e-08,25,0.45,0.55,True,38.800000000000004,3,0.8574382216242352,0.9259796010842978,22.510903032548985,
2465,100,5,31.5,63.0,5.0,1e-08,25,0.60,0.58,True,38.1,3,0.5748811494852067,0.758209172646445,22.551335523238535,
2450,100,5,31.5,63.0,3.0,1e-06,50,0.60,0.58,True,85.60000000000001,3,0.005150705520538406,0.07176841589820974,24.66079780142503,
2468,100,5,31.5,63.0,5.0,1e-08,50,0.45,0.55,True,38.5,3,0.6525093465030823,0.8077805063896271,22.533307096818447,
2467,100,5,31.5,63.0,5.0,1e-08,50,0.35,0.45,True,37.800000000000004,3,0.5432141000615288,0.7370305964215657,22.55123726803154,
2470,100,5,31.5,63.0,5.0,1e-08,50,0.60,0.58,True,38.300000000000004,3,0.5748712691623212,0.7582026570530608,22.55035344751568,
2464,100,5,31.5,63.0,5.0,1e-08,25,0.60,0.45,True,46.6,3,1.58310794788742,1.2582161769296323,22.564157335985417,
2466,100,5,31.5,63.0,5.0,1e-08,50,center,center,True,47.1,3,2.4541078248573474,1.5665592311998124,22.422169860344255,
2472,100,5,31.5,63.0,5.0,1e-08,80,0.35,0.45,True,37.800000000000004,3,0.5432141000615288,0.7370305964215657,22.55123726803154,
2469,100,5,31.5,63.0,5.0,1e-08,50,0.60,0.45,True,47.0,3,1.4398428170460158,1.1999345053151926,22.58556244748251,
2475,100,5,31.5,63.0,5.0,1e-08,80,0.60,0.58,True,38.300000000000004,3,0.5748712691623212,0.7582026570530608,22.55035344751568,
2457,100,5,31.5,63.0,3.0,1e-06,120,0.35,0.45,True,72.0,3,0.005385763469568005,0.07338776103389451,24.349454666737813,
2473,100,5,31.5,63.0,5.0,1e-08,80,0.45,0.55,True,38.5,3,0.6525093465030823,0.8077805063896271,22.533307096818447,
2471,100,5,31.5,63.0,5.0,1e-08,80,center,center,True,47.1,3,2.4541078248573474,1.5665592311998124,22.422169860344255,
2477,100,5,31.5,63.0,5.0,1e-08,120,0.35,0.45,True,37.800000000000004,3,0.5432141000615288,0.7370305964215657,22.55123726803154,
2474,100,5,31.5,63.0,5.0,1e-08,80,0.60,0.45,True,47.0,3,1.4398428170460158,1.1999345053151926,22.58556244748251,
2478,100,5,31.5,63.0,5.0,1e-08,120,0.45,0.55,True,38.5,3,0.6525093465030823,0.8077805063896271,22.533307096818447,
2476,100,5,31.5,63.0,5.0,1e-08,120,center,center,True,47.1,3,2.4541078248573474,1.5665592311998124,22.422169860344255,
2480,100,5,31.5,63.0,5.0,1e-08,120,0.60,0.58,True,38.300000000000004,3,0.5748712691623212,0.7582026570530608,22.55035344751568,
2456,100,5,31.5,63.0,3.0,1e-06,120,center,center,True,81.0,3,0.0007372822770104869,0.027152942326946577,23.940235113705015,
2479,100,5,31.5,63.0,5.0,1e-08,120,0.60,0.45,True,47.0,3,1.4398428170460158,1.1999345053151926,22.58556244748251,
2444,100,5,31.5,63.0,3.0,1e-06,25,0.60,0.45,True,134.0,3,0.0038916133036084044,0.06238279653565079,23.874631483544864,
2448,100,5,31.5,63.0,3.0,1e-06,50,0.45,0.55,True,130.4,3,0.005338377919643617,0.07306420409231608,25.696662459942008,
2484,100,5,31.5,63.0,5.0,1e-07,25,0.60,0.45,True,60.5,3,0.0022762217260223778,0.04770976552051349,0.0677959257260874,
2485,100,5,31.5,63.0,5.0,1e-07,25,0.60,0.58,True,58.6,3,0.002175813985847685,0.04664562129340422,0.07455744748840332,
2481,100,5,31.5,63.0,5.0,1e-07,25,center,center,True,71.9,3,0.010577582966952562,0.1028473770543156,4.6406235908732,
2482,100,5,31.5,63.0,5.0,1e-07,25,0.35,0.45,True,73.60000000000001,3,0.0020536633335286386,0.045317362384947324,0.0540116254631717,
2483,100,5,31.5,63.0,5.0,1e-07,25,0.45,0.55,True,73.10000000000001,3,0.029971165005032465,0.1731218212849913,1.1936275486852885,
2489,100,5,31.5,63.0,5.0,1e-07,50,0.60,0.45,True,65.4,3,0.005237187321491959,0.0723684138384417,0.12209022101806971,
2487,100,5,31.5,63.0,5.0,1e-07,50,0.35,0.45,True,70.8,3,0.015934700379219433,0.12623272309199163,0.15393895037915412,
2486,100,5,31.5,63.0,5.0,1e-07,50,center,center,True,72.7,3,0.04199771497487871,0.20493344035290753,4.6665759136208065,
2494,100,5,31.5,63.0,5.0,1e-07,80,0.60,0.45,True,58.900000000000006,3,0.002003131902617446,0.0447563615882418,0.11022720554275817,
2488,100,5,31.5,63.0,5.0,1e-07,50,0.45,0.55,True,74.4,3,0.017634268839095323,0.1327940843527878,1.3558695058923746,
2490,100,5,31.5,63.0,5.0,1e-07,50,0.60,0.58,True,74.60000000000001,3,0.0023789849289342357,0.048774839096958955,0.1479658848299971,
2491,100,5,31.5,63.0,5.0,1e-07,80,center,center,True,71.7,3,0.09421096113115135,0.3069380411926019,4.369330492864768,
2499,100,5,31.5,63.0,5.0,1e-07,120,0.60,0.45,True,58.900000000000006,3,0.002003131902617446,0.0447563615882418,0.11022720554275817,
2492,100,5,31.5,63.0,5.0,1e-07,80,0.35,0.45,True,71.0,3,0.00209200838825177,0.04573847820218519,0.08556786923863577,
2496,100,5,31.5,63.0,5.0,1e-07,120,center,center,True,71.7,3,0.09421096113115135,0.3069380411926019,4.369330492864768,
2493,100,5,31.5,63.0,5.0,1e-07,80,0.45,0.55,True,74.8,3,0.00810782274918927,0.0900434492297428,1.369454369362741,
2495,100,5,31.5,63.0,5.0,1e-07,80,0.60,0.58,True,76.10000000000001,3,0.0157027112116164,0.12531045930654153,0.07359548683804287,
2497,100,5,31.5,63.0,5.0,1e-07,120,0.35,0.45,True,71.0,3,0.00209200838825177,0.04573847820218519,0.08556786923863577,
2498,100,5,31.5,63.0,5.0,1e-07,120,0.45,0.55,True,74.8,3,0.00810782274918927,0.0900434492297428,1.369454369362741,
2500,100,5,31.5,63.0,5.0,1e-07,120,0.60,0.58,True,76.10000000000001,3,0.0157027112116164,0.12531045930654153,0.07359548683804287,
2501,100,5,31.5,63.0,5.0,1e-06,25,center,center,True,75.0,3,0.0006673480080702016,0.025833079724845075,19.65264477705131,
2521,100,5,57.7,24.4,1.0,1e-08,25,center,center,True,18.5,3,0.0008657927929167376,0.029424357136847316,23.661315958213457,
2522,100,5,57.7,24.4,1.0,1e-08,25,0.35,0.45,True,16.5,3,0.06106128075445119,0.24710580882377328,23.023754670878724,
2504,100,5,31.5,63.0,5.0,1e-06,25,0.60,0.45,True,71.4,3,0.003986077651028671,0.06313539143007407,24.80372041194305,
2503,100,5,31.5,63.0,5.0,1e-06,25,0.45,0.55,True,80.9,3,0.0004999785071160286,0.02236019917433717,21.05108859432855,
2525,100,5,57.7,24.4,1.0,1e-08,25,0.60,0.58,True,16.8,3,0.15662290079174665,0.3957561127661159,23.09353519085657,
2505,100,5,31.5,63.0,5.0,1e-06,25,0.60,0.58,True,78.2,3,0.005478734484260345,0.074018473939013,24.966139597239913,
2523,100,5,57.7,24.4,1.0,1e-08,25,0.45,0.55,True,17.8,3,0.12979105537212543,0.3602652569595428,23.534451213544386,
2524,100,5,57.7,24.4,1.0,1e-08,25,0.60,0.45,True,18.400000000000002,3,0.4154117416929756,0.6445244306408995,22.769583882442454,
2526,100,5,57.7,24.4,1.0,1e-08,50,center,center,True,18.5,3,0.0008657927929167376,0.029424357136847316,23.661315958213457,
2527,100,5,57.7,24.4,1.0,1e-08,50,0.35,0.45,True,16.5,3,0.06106128075445119,0.24710580882377328,23.023754670878724,
2506,100,5,31.5,63.0,5.0,1e-06,50,center,center,True,76.5,3,0.0006573874136130762,0.025639567344498546,20.000620233934196,
2528,100,5,57.7,24.4,1.0,1e-08,50,0.45,0.55,True,17.8,3,0.12979105537212543,0.3602652569595428,23.534451213544386,
2530,100,5,57.7,24.4,1.0,1e-08,50,0.60,0.58,True,16.8,3,0.15662290079174665,0.3957561127661159,23.09353519085657,
2529,100,5,57.7,24.4,1.0,1e-08,50,0.60,0.45,True,18.400000000000002,3,0.4154117416929756,0.6445244306408995,22.769583882442454,
2531,100,5,57.7,24.4,1.0,1e-08,80,center,center,True,18.5,3,0.0008657927929167376,0.029424357136847316,23.661315958213457,
2532,100,5,57.7,24.4,1.0,1e-08,80,0.35,0.45,True,16.5,3,0.06106128075445119,0.24710580882377328,23.023754670878724,
2535,100,5,57.7,24.4,1.0,1e-08,80,0.60,0.58,True,16.8,3,0.15662290079174665,0.3957561127661159,23.09353519085657,
2533,100,5,57.7,24.4,1.0,1e-08,80,0.45,0.55,True,17.8,3,0.12979105537212543,0.3602652569595428,23.534451213544386,
2534,100,5,57.7,24.4,1.0,1e-08,80,0.60,0.45,True,18.400000000000002,3,0.4154117416929756,0.6445244306408995,22.769583882442454,
2537,100,5,57.7,24.4,1.0,1e-08,120,0.35,0.45,True,16.5,3,0.06106128075445119,0.24710580882377328,23.023754670878724,
2536,100,5,57.7,24.4,1.0,1e-08,120,center,center,True,18.5,3,0.0008657927929167376,0.029424357136847316,23.661315958213457,
2538,100,5,57.7,24.4,1.0,1e-08,120,0.45,0.55,True,17.8,3,0.12979105537212543,0.3602652569595428,23.534451213544386,
2539,100,5,57.7,24.4,1.0,1e-08,120,0.60,0.45,True,18.400000000000002,3,0.4154117416929756,0.6445244306408995,22.769583882442454,
2540,100,5,57.7,24.4,1.0,1e-08,120,0.60,0.58,True,16.8,3,0.15662290079174665,0.3957561127661159,23.09353519085657,
2512,100,5,31.5,63.0,5.0,1e-06,80,0.35,0.45,True,74.10000000000001,3,0.005415986179334453,0.07359338407312475,24.415328107603646,
2517,100,5,31.5,63.0,5.0,1e-06,120,0.35,0.45,True,74.10000000000001,3,0.005415986179334453,0.07359338407312475,24.415328107603646,
2453,100,5,31.5,63.0,3.0,1e-06,80,0.45,0.55,True,203.4,3,0.005334307114275378,0.07303634105207749,25.08811766605419,
2458,100,5,31.5,63.0,3.0,1e-06,120,0.45,0.55,True,203.4,3,0.005334307114275378,0.07303634105207749,25.08811766605419,
2544,100,5,57.7,24.4,1.0,1e-07,25,0.60,0.45,True,56.900000000000006,3,2.230183020200209,1.493379730745067,11.702029336674583,
2508,100,5,31.5,63.0,5.0,1e-06,50,0.45,0.55,True,132.0,3,0.005300606888178635,0.07280526689861548,25.155918975691904,
2543,100,5,57.7,24.4,1.0,1e-07,25,0.45,0.55,True,65.10000000000001,3,2.2279652198571047,1.4926370020393789,9.337977391730291,
2545,100,5,57.7,24.4,1.0,1e-07,25,0.60,0.58,True,56.2,3,0.45250012006648316,0.6726812915983937,7.3290036410287485,
2454,100,5,31.5,63.0,3.0,1e-06,80,0.60,0.45,True,234.10000000000002,3,0.005041980691585963,0.0710069059429149,24.310368136659424,
2547,100,5,57.7,24.4,1.0,1e-07,50,0.35,0.45,True,58.800000000000004,3,0.9937295726068891,0.9968598560514357,8.841505349614573,
2552,100,5,57.7,24.4,1.0,1e-07,80,0.35,0.45,True,52.5,3,3.9260796228534813,1.981433729109677,10.692806842184252,
2550,100,5,57.7,24.4,1.0,1e-07,50,0.60,0.58,True,55.0,3,3.5164244838268934,1.8752131835679093,8.372566192935931,
2549,100,5,57.7,24.4,1.0,1e-07,50,0.60,0.45,True,61.7,3,0.9280497394109143,0.9633533824152559,8.51014409073809,
2542,100,5,57.7,24.4,1.0,1e-07,25,0.35,0.45,True,73.9,3,1.0248490145416536,1.0123482674167292,9.382146327042614,
2546,100,5,57.7,24.4,1.0,1e-07,50,center,center,True,68.0,3,2.2004501493500377,1.4833914349725894,9.720669038977983,
2541,100,5,57.7,24.4,1.0,1e-07,25,center,center,True,73.3,3,0.1038320263120417,0.3222297725413369,10.127205938729459,
2548,100,5,57.7,24.4,1.0,1e-07,50,0.45,0.55,True,64.8,3,0.10417961791585462,0.32276867554930827,8.452453365608996,
2459,100,5,31.5,63.0,3.0,1e-06,120,0.60,0.45,True,234.10000000000002,3,0.005041980691585963,0.0710069059429149,24.310368136659424,
2455,100,5,31.5,63.0,3.0,1e-06,80,0.60,0.58,True,251.20000000000002,3,0.005269340924282587,0.07259022609334254,25.009010229537573,
2554,100,5,57.7,24.4,1.0,1e-07,80,0.60,0.45,True,55.900000000000006,3,2.9360387404398844,1.7134873038455478,9.473631244697598,
2551,100,5,57.7,24.4,1.0,1e-07,80,center,center,True,65.9,3,1.0203201635094872,1.0101089859562122,10.409685745337672,
2460,100,5,31.5,63.0,3.0,1e-06,120,0.60,0.58,True,251.20000000000002,3,0.005269340924282587,0.07259022609334254,25.009010229537573,
2553,100,5,57.7,24.4,1.0,1e-07,80,0.45,0.55,True,59.1,3,0.27345115795408065,0.5229255759226935,11.414985567670845,
2555,100,5,57.7,24.4,1.0,1e-07,80,0.60,0.58,True,60.1,3,0.08469063807130058,0.2910165597887869,9.545164111661194,
2562,100,5,57.7,24.4,1.0,1e-06,25,0.35,0.45,True,41.300000000000004,3,1.0113003103775777e-05,0.0031800948262238624,2.7115797010886555,
2564,100,5,57.7,24.4,1.0,1e-06,25,0.60,0.45,True,42.2,3,0.0001306957363415484,0.011432223595676756,2.537198428283181,
2563,100,5,57.7,24.4,1.0,1e-06,25,0.45,0.55,True,44.2,3,0.004209174861295626,0.06487815396029412,2.858565831454156,
2567,100,5,57.7,24.4,1.0,1e-06,50,0.35,0.45,True,44.400000000000006,3,0.0049512575377213715,0.07036517276125577,3.460042905710945,
2565,100,5,57.7,24.4,1.0,1e-06,25,0.60,0.58,True,46.6,3,0.005269938735637355,0.07259434368900483,2.905157576091849,
2509,100,5,31.5,63.0,5.0,1e-06,50,0.60,0.45,True,165.20000000000002,3,0.004979558221026188,0.07056598487250205,24.39301322686782,
2510,100,5,31.5,63.0,5.0,1e-06,50,0.60,0.58,True,169.3,3,0.005188131923635823,0.07202868819877134,24.86620218570534,
2561,100,5,57.7,24.4,1.0,1e-06,25,center,center,True,43.1,3,1.0715369133726236e-05,0.0032734338444096035,2.7454384068920237,
2569,100,5,57.7,24.4,1.0,1e-06,50,0.60,0.45,True,43.400000000000006,3,0.0005351211253925031,0.023132685217944395,2.8220736252049052,
2502,100,5,31.5,63.0,5.0,1e-06,25,0.35,0.45,True,208.4,3,0.005475044523007129,0.07399354379273322,24.971071133535798,
2566,100,5,57.7,24.4,1.0,1e-06,50,center,center,True,45.7,3,0.0029853080407176106,0.05463797251653479,2.464346011633271,
2557,100,5,57.7,24.4,1.0,1e-07,120,0.35,0.45,True,54.5,3,4.356156013788307,2.0871406310520397,11.829930427017539,
2568,100,5,57.7,24.4,1.0,1e-06,50,0.45,0.55,True,44.800000000000004,3,0.003427515623163588,0.05854498802770044,3.2103644946646273,
2558,100,5,57.7,24.4,1.0,1e-07,120,0.45,0.55,True,60.1,3,0.8430748554689678,0.9181910778639529,11.143788668440376,
2560,100,5,57.7,24.4,1.0,1e-07,120,0.60,0.58,True,59.5,3,0.11387862265704402,0.33745906812092635,9.262016025764856,
2573,100,5,57.7,24.4,1.0,1e-06,80,0.45,0.55,True,45.400000000000006,3,0.0003446875503142571,0.018565762853011376,3.1460504992645046,
2570,100,5,57.7,24.4,1.0,1e-06,50,0.60,0.58,True,47.900000000000006,3,0.00030607002346843333,0.017494857057673646,1.8685606568149167,
2582,100,5,57.7,24.4,3.0,1e-08,25,0.35,0.45,True,16.5,3,0.061061280779804133,0.24710580887507305,23.023754907790277,
2574,100,5,57.7,24.4,1.0,1e-06,80,0.60,0.45,True,44.300000000000004,3,0.0005398557963708658,0.023234797101994796,2.7874545852107335,
2556,100,5,57.7,24.4,1.0,1e-07,120,center,center,True,68.5,3,4.953197216689965,2.2255779511600946,10.218401561879524,
2572,100,5,57.7,24.4,1.0,1e-06,80,0.35,0.45,True,43.800000000000004,3,0.00032780745529748114,0.01810545374458981,3.468652976573625,
2581,100,5,57.7,24.4,3.0,1e-08,25,center,center,True,18.3,3,0.004233830243767473,0.06506788949833453,23.60714832689285,
2587,100,5,57.7,24.4,3.0,1e-08,50,0.35,0.45,True,16.5,3,0.061061280779804133,0.24710580887507305,23.023754907790277,
2571,100,5,57.7,24.4,1.0,1e-06,80,center,center,True,48.7,3,0.004073408752842309,0.06382326184740411,1.805036451015186,
2584,100,5,57.7,24.4,3.0,1e-08,25,0.60,0.45,True,18.400000000000002,3,0.35618891092610566,0.5968156423269296,22.669918513113313,
2585,100,5,57.7,24.4,3.0,1e-08,25,0.60,0.58,True,16.8,3,0.14287547968779196,0.3779887295777375,23.066539032862007,
2583,100,5,57.7,24.4,3.0,1e-08,25,0.45,0.55,True,17.8,3,0.12975374247188426,0.36021346792129283,23.547595621785522,
2559,100,5,57.7,24.4,1.0,1e-07,120,0.60,0.45,True,73.7,3,2.7042974366048975,1.6444748209093678,10.985584818732114,
2586,100,5,57.7,24.4,3.0,1e-08,50,center,center,True,18.3,3,0.004233830243767473,0.06506788949833453,23.60714832689285,
2588,100,5,57.7,24.4,3.0,1e-08,50,0.45,0.55,True,17.8,3,0.12975374247188426,0.36021346792129283,23.547595621785522,
2589,100,5,57.7,24.4,3.0,1e-08,50,0.60,0.45,True,18.400000000000002,3,0.35618891092610566,0.5968156423269296,22.669918513113313,
2590,100,5,57.7,24.4,3.0,1e-08,50,0.60,0.58,True,16.8,3,0.14287547968779196,0.3779887295777375,23.066539032862007,
2592,100,5,57.7,24.4,3.0,1e-08,80,0.35,0.45,True,16.5,3,0.061061280779804133,0.24710580887507305,23.023754907790277,
2593,100,5,57.7,24.4,3.0,1e-08,80,0.45,0.55,True,17.8,3,0.12975374247188426,0.36021346792129283,23.547595621785522,
2591,100,5,57.7,24.4,3.0,1e-08,80,center,center,True,18.3,3,0.004233830243767473,0.06506788949833453,23.60714832689285,
2577,100,5,57.7,24.4,1.0,1e-06,120,0.35,0.45,True,43.800000000000004,3,0.00032780745529748114,0.01810545374458981,3.468652976573625,
2594,100,5,57.7,24.4,3.0,1e-08,80,0.60,0.45,True,18.400000000000002,3,0.35618891092610566,0.5968156423269296,22.669918513113313,
2595,100,5,57.7,24.4,3.0,1e-08,80,0.60,0.58,True,16.8,3,0.14287547968779196,0.3779887295777375,23.066539032862007,
2597,100,5,57.7,24.4,3.0,1e-08,120,0.35,0.45,True,16.5,3,0.061061280779804133,0.24710580887507305,23.023754907790277,
2596,100,5,57.7,24.4,3.0,1e-08,120,center,center,True,18.3,3,0.004233830243767473,0.06506788949833453,23.60714832689285,
2600,100,5,57.7,24.4,3.0,1e-08,120,0.60,0.58,True,16.8,3,0.14287547968779196,0.3779887295777375,23.066539032862007,
2598,100,5,57.7,24.4,3.0,1e-08,120,0.45,0.55,True,17.8,3,0.12975374247188426,0.36021346792129283,23.547595621785522,
2518,100,5,31.5,63.0,5.0,1e-06,120,0.45,0.55,True,196.4,3,0.003634650737061126,0.06028806463190808,24.082009090378396,
2599,100,5,57.7,24.4,3.0,1e-08,120,0.60,0.45,True,18.400000000000002,3,0.35618891092610566,0.5968156423269296,22.669918513113313,
2575,100,5,57.7,24.4,1.0,1e-06,80,0.60,0.58,True,49.1,3,0.004967758628081827,0.07048232848084565,2.1328447515694773,
2513,100,5,31.5,63.0,5.0,1e-06,80,0.45,0.55,True,196.4,3,0.003634650737061126,0.06028806463190808,24.082009090378396,
2578,100,5,57.7,24.4,1.0,1e-06,120,0.45,0.55,True,45.1,3,0.0003446875503142571,0.018565762853011376,3.1460504992645046,
2580,100,5,57.7,24.4,1.0,1e-06,120,0.60,0.58,True,49.1,3,0.004967758628081827,0.07048232848084565,2.1328447515694773,
2579,100,5,57.7,24.4,1.0,1e-06,120,0.60,0.45,True,44.5,3,0.0005398557963708658,0.023234797101994796,2.7874545852107335,
2576,100,5,57.7,24.4,1.0,1e-06,120,center,center,True,49.2,3,0.00024401464962792892,0.015620968267938096,1.8233129575538194,
2507,100,5,31.5,63.0,5.0,1e-06,50,0.35,0.45,True,242.4,3,0.005384959149334506,0.07338228089487615,24.399310915505534,
2621,100,5,57.7,24.4,3.0,1e-06,25,center,center,True,43.7,3,4.87905527533781e-05,0.006985023461190241,2.2271421194932968,
2511,100,5,31.5,63.0,5.0,1e-06,80,center,center,True,241.3,3,0.0007334623622451291,0.027082510264839356,23.68211953904331,
2606,100,5,57.7,24.4,3.0,1e-07,50,center,center,True,60.7,3,1.1925416344706172,1.0920355463402358,8.246522840652407,
2622,100,5,57.7,24.4,3.0,1e-06,25,0.35,0.45,True,41.5,3,0.00525802137994611,0.07251221538434824,2.7463052171397004,
2607,100,5,57.7,24.4,3.0,1e-07,50,0.35,0.45,True,58.800000000000004,3,0.9692198053296353,0.9844896166692848,8.871746538265377,
2603,100,5,57.7,24.4,3.0,1e-07,25,0.45,0.55,True,65.2,3,2.2277695410962997,1.4925714525932416,9.340389381015695,
2624,100,5,57.7,24.4,3.0,1e-06,25,0.60,0.45,True,42.0,3,8.657234394175462e-05,0.009304426040425848,2.8638318185866787,
2604,100,5,57.7,24.4,3.0,1e-07,25,0.60,0.45,True,66.2,3,3.0619593888108465,1.7498455328430698,8.79119753503207,
2614,100,5,57.7,24.4,3.0,1e-07,80,0.60,0.45,True,52.800000000000004,3,4.116135801265506,2.02882621268198,10.914526051076473,
2612,100,5,57.7,24.4,3.0,1e-07,80,0.35,0.45,True,52.5,3,3.937274282514183,1.9842566070229382,10.599251881107554,
2623,100,5,57.7,24.4,3.0,1e-06,25,0.45,0.55,True,43.400000000000006,3,0.00020732634526912132,0.01439883138553686,2.7180219793063993,
2610,100,5,57.7,24.4,3.0,1e-07,50,0.60,0.58,True,56.1,3,0.9365554073494455,0.9677579280736714,9.41839551037193,
2516,100,5,31.5,63.0,5.0,1e-06,120,center,center,True,241.3,3,0.0007334623622451291,0.027082510264839356,23.68211953904331,
2601,100,5,57.7,24.4,3.0,1e-07,25,center,center,True,68.4,3,0.06183158811704482,0.2486595827975363,10.53795609157566,
2617,100,5,57.7,24.4,3.0,1e-07,120,0.35,0.45,True,54.5,3,3.739218265381542,1.9337058373448486,11.848684805732882,
2625,100,5,57.7,24.4,3.0,1e-06,25,0.60,0.58,True,46.6,3,0.00527081108988555,0.07260035185786326,2.9151551156536843,
2608,100,5,57.7,24.4,3.0,1e-07,50,0.45,0.55,True,64.7,3,1.2487488942427452,1.117474337174123,7.366912959601411,
2602,100,5,57.7,24.4,3.0,1e-07,25,0.35,0.45,True,73.9,3,1.2351284191002005,1.1113633155274654,9.383307175547776,
2613,100,5,57.7,24.4,3.0,1e-07,80,0.45,0.55,True,59.2,3,0.2734700133048027,0.5229436043253638,11.412214524014985,
2515,100,5,31.5,63.0,5.0,1e-06,80,0.60,0.58,True,251.60000000000002,3,0.005253486576118447,0.07248093939870294,24.921269409221587,
2615,100,5,57.7,24.4,3.0,1e-07,80,0.60,0.58,True,60.1,3,0.09803024572698146,0.3130978213386057,9.515144782134094,
2618,100,5,57.7,24.4,3.0,1e-07,120,0.45,0.55,True,60.6,3,0.8430702701664267,0.9181885809388105,11.141516271528117,
2605,100,5,57.7,24.4,3.0,1e-07,25,0.60,0.58,True,72.7,3,0.5071028239217589,0.7121115249185053,8.366039665915912,
2609,100,5,57.7,24.4,3.0,1e-07,50,0.60,0.45,True,69.10000000000001,3,0.3458109317818323,0.588056912026236,8.101635902503192,
2620,100,5,57.7,24.4,3.0,1e-07,120,0.60,0.58,True,59.5,3,0.09770746635952418,0.3125819354337742,9.16689488369986,
2611,100,5,57.7,24.4,3.0,1e-07,80,center,center,True,68.7,3,0.9567072793293219,0.9781141443253553,10.795299840570994,
2616,100,5,57.7,24.4,3.0,1e-07,120,center,center,True,64.3,3,0.7646403802439266,0.8744371791294825,10.518259020806273,
2520,100,5,31.5,63.0,5.0,1e-06,120,0.60,0.58,True,251.60000000000002,3,0.005253486576118447,0.07248093939870294,24.921269409221587,
2642,100,5,57.7,24.4,5.0,1e-08,25,0.35,0.45,True,16.5,3,0.057966827095477916,0.2407630102309695,23.02300706580963,
2641,100,5,57.7,24.4,5.0,1e-08,25,center,center,True,18.2,3,0.0048526634670086,0.06966106133995233,23.585542194496888,
2626,100,5,57.7,24.4,3.0,1e-06,50,center,center,True,47.7,3,0.0035494787617063373,0.0595775021438994,1.8589298995362555,
2619,100,5,57.7,24.4,3.0,1e-07,120,0.60,0.45,True,71.4,3,3.1306602533292054,1.7693671900793249,10.908084313890484,
2643,100,5,57.7,24.4,5.0,1e-08,25,0.45,0.55,True,17.8,3,0.1298302041706923,0.3603195861602479,23.526874038931183,
2645,100,5,57.7,24.4,5.0,1e-08,25,0.60,0.58,True,16.8,3,0.1512171077349154,0.38886643945565086,23.056107616082066,
2647,100,5,57.7,24.4,5.0,1e-08,50,0.35,0.45,True,16.5,3,0.057966827095477916,0.2407630102309695,23.02300706580963,
2644,100,5,57.7,24.4,5.0,1e-08,25,0.60,0.45,True,18.400000000000002,3,0.40099932768691543,0.6332450771122626,22.6043798787531,
2646,100,5,57.7,24.4,5.0,1e-08,50,center,center,True,18.2,3,0.0048526634670086,0.06966106133995233,23.585542194496888,
2514,100,5,31.5,63.0,5.0,1e-06,80,0.60,0.45,True,270.1,3,0.004850136942464784,0.069642924568579,23.745695244844928,
2648,100,5,57.7,24.4,5.0,1e-08,50,0.45,0.55,True,17.8,3,0.1298302041706923,0.3603195861602479,23.526874038931183,
2650,100,5,57.7,24.4,5.0,1e-08,50,0.60,0.58,True,16.8,3,0.1512171077349154,0.38886643945565086,23.056107616082066,
2649,100,5,57.7,24.4,5.0,1e-08,50,0.60,0.45,True,18.400000000000002,3,0.40099932768691543,0.6332450771122626,22.6043798787531,
2652,100,5,57.7,24.4,5.0,1e-08,80,0.35,0.45,True,16.5,3,0.057966827095477916,0.2407630102309695,23.02300706580963,
2651,100,5,57.7,24.4,5.0,1e-08,80,center,center,True,18.2,3,0.0048526634670086,0.06966106133995233,23.585542194496888,
2653,100,5,57.7,24.4,5.0,1e-08,80,0.45,0.55,True,17.8,3,0.1298302041706923,0.3603195861602479,23.526874038931183,
2627,100,5,57.7,24.4,3.0,1e-06,50,0.35,0.45,True,42.400000000000006,3,0.00025751771473698,0.016047358497178907,3.2355154029668647,
2629,100,5,57.7,24.4,3.0,1e-06,50,0.60,0.45,True,41.900000000000006,3,0.000512955976793759,0.022648531448942976,3.164794353124991,
2654,100,5,57.7,24.4,5.0,1e-08,80,0.60,0.45,True,18.400000000000002,3,0.40099932768691543,0.6332450771122626,22.6043798787531,
2628,100,5,57.7,24.4,3.0,1e-06,50,0.45,0.55,True,45.0,3,0.0033835921187657754,0.058168652371924305,3.15318094431187,
2655,100,5,57.7,24.4,5.0,1e-08,80,0.60,0.58,True,16.8,3,0.1512171077349154,0.38886643945565086,23.056107616082066,
2657,100,5,57.7,24.4,5.0,1e-08,120,0.35,0.45,True,16.5,3,0.057966827095477916,0.2407630102309695,23.02300706580963,
2632,100,5,57.7,24.4,3.0,1e-06,80,0.35,0.45,True,43.7,3,0.00019346559978058816,0.013909191197930531,3.3246683425537733,
2634,100,5,57.7,24.4,3.0,1e-06,80,0.60,0.45,True,43.300000000000004,3,0.0026217778313376307,0.05120329902787154,2.765334492180531,
2519,100,5,31.5,63.0,5.0,1e-06,120,0.60,0.45,True,270.1,3,0.004850136942464784,0.069642924568579,23.745695244844928,
2656,100,5,57.7,24.4,5.0,1e-08,120,center,center,True,18.2,3,0.0048526634670086,0.06966106133995233,23.585542194496888,
2658,100,5,57.7,24.4,5.0,1e-08,120,0.45,0.55,True,17.8,3,0.1298302041706923,0.3603195861602479,23.526874038931183,
2637,100,5,57.7,24.4,3.0,1e-06,120,0.35,0.45,True,43.7,3,0.00019346559978058816,0.013909191197930531,3.3246683425537733,
2630,100,5,57.7,24.4,3.0,1e-06,50,0.60,0.58,True,48.2,3,0.004989514519013548,0.07063649565920968,1.9812095425194693,
2660,100,5,57.7,24.4,5.0,1e-08,120,0.60,0.58,True,16.8,3,0.1512171077349154,0.38886643945565086,23.056107616082066,
2631,100,5,57.7,24.4,3.0,1e-06,80,center,center,True,47.400000000000006,3,0.004106142642818214,0.06407919040389176,1.8876118023304493,
2633,100,5,57.7,24.4,3.0,1e-06,80,0.45,0.55,True,46.800000000000004,3,0.0030480524884485736,0.055209170329290166,3.0146484126167,
2659,100,5,57.7,24.4,5.0,1e-08,120,0.60,0.45,True,18.400000000000002,3,0.40099932768691543,0.6332450771122626,22.6043798787531,
2636,100,5,57.7,24.4,3.0,1e-06,120,center,center,True,47.0,3,0.003142984499454164,0.05606232691794164,1.8038579631945038,
2639,100,5,57.7,24.4,3.0,1e-06,120,0.60,0.45,True,42.800000000000004,3,0.0026217778313376307,0.05120329902787154,2.765334492180531,
2635,100,5,57.7,24.4,3.0,1e-06,80,0.60,0.58,True,49.300000000000004,3,0.004977131695429916,0.0705487894682107,2.113938819176805,
2638,100,5,57.7,24.4,3.0,1e-06,120,0.45,0.55,True,46.800000000000004,3,0.0030480524884485736,0.055209170329290166,3.0146484126167,
2640,100,5,57.7,24.4,3.0,1e-06,120,0.60,0.58,True,49.0,3,0.004977131695429916,0.0705487894682107,2.113938819176805,
2684,100,5,57.7,24.4,5.0,1e-06,25,0.60,0.45,True,42.7,3,5.411277631166127e-05,0.007356138682193347,2.8800486570411317,
2687,100,5,57.7,24.4,5.0,1e-06,50,0.35,0.45,True,41.7,3,0.00021470233723664594,0.014652724567009575,2.9137795062879093,
2689,100,5,57.7,24.4,5.0,1e-06,50,0.60,0.45,True,41.0,3,6.272022178899618e-05,0.007919609951821881,3.0224444178173067,
2688,100,5,57.7,24.4,5.0,1e-06,50,0.45,0.55,True,41.900000000000006,3,2.4277240710959344e-06,0.0015581155512656736,2.4543353432056207,
2682,100,5,57.7,24.4,5.0,1e-06,25,0.35,0.45,True,44.900000000000006,3,0.005548717517472754,0.0744897141723121,2.8080886144420902,
2672,100,5,57.7,24.4,5.0,1e-07,80,0.35,0.45,True,52.5,3,3.3989139228041387,1.84361436390698,10.749200308907565,
2685,100,5,57.7,24.4,5.0,1e-06,25,0.60,0.58,True,48.900000000000006,3,0.004676519338554231,0.06838508125720281,3.28004587375255,
2686,100,5,57.7,24.4,5.0,1e-06,50,center,center,True,47.7,3,0.0034669135314959864,0.058880502133524526,1.367779349184702,
2667,100,5,57.7,24.4,5.0,1e-07,50,0.35,0.45,True,58.900000000000006,3,4.4867733695953005,2.118200502689795,8.775211216676622,
2683,100,5,57.7,24.4,5.0,1e-06,25,0.45,0.55,True,47.0,3,0.0035050956742201044,0.059203848474741104,2.5581189144906222,
2674,100,5,57.7,24.4,5.0,1e-07,80,0.60,0.45,True,52.900000000000006,3,4.133216031740162,2.0330312421948076,10.919598863744426,
2664,100,5,57.7,24.4,5.0,1e-07,25,0.60,0.45,True,62.6,3,0.5301343945022936,0.7281032856005346,6.677326190040726,
2680,100,5,57.7,24.4,5.0,1e-07,120,0.60,0.58,True,50.2,3,0.06679663548727716,0.25845045073916423,9.220211092582934,
2692,100,5,57.7,24.4,5.0,1e-06,80,0.35,0.45,True,42.0,3,0.005246702534850124,0.07243412548550665,3.2190322827650104,
2663,100,5,57.7,24.4,5.0,1e-07,25,0.45,0.55,True,65.4,3,2.676542234272834,1.6360141302179618,9.352187507749841,
2690,100,5,57.7,24.4,5.0,1e-06,50,0.60,0.58,True,48.1,3,0.003807315230745198,0.06170344585795187,2.0422149267902165,
2665,100,5,57.7,24.4,5.0,1e-07,25,0.60,0.58,True,63.900000000000006,3,0.22598823207895524,0.4753821957950836,7.582336305968095,
2681,100,5,57.7,24.4,5.0,1e-06,25,center,center,True,51.800000000000004,3,0.0005021543169556823,0.02240879998919358,0.40936714389922485,
2670,100,5,57.7,24.4,5.0,1e-07,50,0.60,0.58,True,61.400000000000006,3,1.3688934573534737,1.1699972039938702,6.456460908166947,
2677,100,5,57.7,24.4,5.0,1e-07,120,0.35,0.45,True,54.5,3,3.8785572596704596,1.9694053060938115,11.82599961616758,
2691,100,5,57.7,24.4,5.0,1e-06,80,center,center,True,49.400000000000006,3,0.0035913102077683645,0.059927541312558154,1.5317328175691514,
2668,100,5,57.7,24.4,5.0,1e-07,50,0.45,0.55,True,64.60000000000001,3,1.5163304889406566,1.2313937180855912,7.366872033290201,
2673,100,5,57.7,24.4,5.0,1e-07,80,0.45,0.55,True,59.2,3,0.4172045737323262,0.6459137510011118,11.378850208548542,
2671,100,5,57.7,24.4,5.0,1e-07,80,center,center,True,63.1,3,0.6202264007791958,0.7875445389177654,10.799960100507938,
2675,100,5,57.7,24.4,5.0,1e-07,80,0.60,0.58,True,56.900000000000006,3,0.10111499072290325,0.3179858341544529,7.7949829843459195,
2666,100,5,57.7,24.4,5.0,1e-07,50,center,center,True,67.9,3,0.9531873321177284,0.9763131322059171,9.631992373888062,
2669,100,5,57.7,24.4,5.0,1e-07,50,0.60,0.45,True,68.2,3,0.21990004923826056,0.46893501600782656,7.885771917845378,
2662,100,5,57.7,24.4,5.0,1e-07,25,0.35,0.45,True,73.9,4,1.2243689978246453,1.106512086614803,9.366174117730834,
2703,200,3,47.5,47.5,1.0,1e-08,25,0.45,0.55,True,18.1,3,0.0,0.0,67.17514421272202,
2708,200,3,47.5,47.5,1.0,1e-08,50,0.45,0.55,True,18.1,3,0.0,0.0,67.17514421272202,
2661,100,5,57.7,24.4,5.0,1e-07,25,center,center,True,75.0,3,2.2492016151343854,1.4997338480991838,10.24673107281999,
2678,100,5,57.7,24.4,5.0,1e-07,120,0.45,0.55,True,60.900000000000006,3,0.6286168488971535,0.7928536112657579,11.16730830278008,
2676,100,5,57.7,24.4,5.0,1e-07,120,center,center,True,63.300000000000004,3,0.766622582590837,0.8755698616277499,10.873742036255654,
2713,200,3,47.5,47.5,1.0,1e-08,80,0.45,0.55,True,18.1,3,0.0,0.0,67.17514421272202,
2718,200,3,47.5,47.5,1.0,1e-08,120,0.45,0.55,True,18.1,3,0.0,0.0,67.17514421272202,
2679,100,5,57.7,24.4,5.0,1e-07,120,0.60,0.45,True,64.3,3,3.574579276375137,1.8906557794519703,11.353889557445523,
2694,100,5,57.7,24.4,5.0,1e-06,80,0.60,0.45,True,42.300000000000004,3,0.0003080027791821309,0.017550007953905062,2.84169232652136,
2697,100,5,57.7,24.4,5.0,1e-06,120,0.35,0.45,True,42.0,3,0.005246702534850124,0.07243412548550665,3.2190322827650104,
2693,100,5,57.7,24.4,5.0,1e-06,80,0.45,0.55,True,46.7,3,0.0031192983992180392,0.05585067948752315,2.3780593055504817,
2698,100,5,57.7,24.4,5.0,1e-06,120,0.45,0.55,True,46.6,3,0.0031192983992180392,0.05585067948752315,2.3780593055504817,
2699,100,5,57.7,24.4,5.0,1e-06,120,0.60,0.45,True,42.1,3,0.0003080027791821309,0.017550007953905062,2.84169232652136,
2696,100,5,57.7,24.4,5.0,1e-06,120,center,center,True,48.0,3,0.0035711072831652573,0.059758742315792236,1.1941093346170848,
2700,100,5,57.7,24.4,5.0,1e-06,120,0.60,0.58,True,46.6,3,0.005393191972213638,0.07343835491222307,1.9449022103321114,
2695,100,5,57.7,24.4,5.0,1e-06,80,0.60,0.58,True,46.5,3,0.005393191972213638,0.07343835491222307,1.9449022103321114,
2722,200,3,47.5,47.5,1.0,1e-07,25,0.35,0.45,True,87.10000000000001,3,0.025386212259862442,0.1593305126454517,11.895569900591747,
2725,200,3,47.5,47.5,1.0,1e-07,25,0.60,0.58,True,93.30000000000001,3,0.029370340854124655,0.17137777234555435,8.786231216901589,
2723,200,3,47.5,47.5,1.0,1e-07,25,0.45,0.55,True,88.7,3,0.02335977519677188,0.15283904997340136,9.797429435283652,
2705,200,3,47.5,47.5,1.0,1e-08,25,0.60,0.58,True,112.10000000000001,3,0.0,0.0,67.17514421272202,
2728,200,3,47.5,47.5,1.0,1e-07,50,0.45,0.55,True,92.80000000000001,3,0.03519725668392946,0.1876093192885936,10.45894555313947,
2727,200,3,47.5,47.5,1.0,1e-07,50,0.35,0.45,True,89.0,3,0.03476701786665315,0.18645915870949636,12.167650414728467,
2710,200,3,47.5,47.5,1.0,1e-08,50,0.60,0.58,True,110.60000000000001,3,0.0,0.0,67.17514421272202,
2715,200,3,47.5,47.5,1.0,1e-08,80,0.60,0.58,True,112.5,3,0.0,0.0,67.17514421272202,
2720,200,3,47.5,47.5,1.0,1e-08,120,0.60,0.58,True,114.60000000000001,3,0.0,0.0,67.17514421272202,
2732,200,3,47.5,47.5,1.0,1e-07,80,0.35,0.45,True,89.2,3,0.03476701786665315,0.18645915870949636,12.167650414728467,
2735,200,3,47.5,47.5,1.0,1e-07,80,0.60,0.58,True,93.80000000000001,3,0.020957807481699203,0.1447681162469803,7.60383244323621,
2730,200,3,47.5,47.5,1.0,1e-07,50,0.60,0.58,True,94.0,3,0.020957807481699203,0.1447681162469803,7.60383244323621,
2733,200,3,47.5,47.5,1.0,1e-07,80,0.45,0.55,True,93.5,3,0.03519725668392946,0.1876093192885936,10.45894555313947,
2734,200,3,47.5,47.5,1.0,1e-07,80,0.60,0.45,True,102.5,3,0.0015043784290823914,0.03878631754990916,13.177361728953445,
2737,200,3,47.5,47.5,1.0,1e-07,120,0.35,0.45,True,89.2,3,0.03476701786665315,0.18645915870949636,12.167650414728467,
2738,200,3,47.5,47.5,1.0,1e-07,120,0.45,0.55,True,93.5,3,0.03519725668392946,0.1876093192885936,10.45894555313947,
2740,200,3,47.5,47.5,1.0,1e-07,120,0.60,0.58,True,93.80000000000001,3,0.020957807481699203,0.1447681162469803,7.60383244323621,
2739,200,3,47.5,47.5,1.0,1e-07,120,0.60,0.45,True,99.4,3,0.00102840594814242,0.03206876904626088,13.053263458576119,
2741,200,3,47.5,47.5,1.0,1e-06,25,center,center,True,203.5,3,nan,nan,19.85056148779395,
2743,200,3,47.5,47.5,1.0,1e-06,25,0.45,0.55,True,242.3,3,nan,nan,18.176217886084036,
2706,200,3,47.5,47.5,1.0,1e-08,50,center,center,True,372.40000000000003,3,0.0,0.0,67.17514421272202,
2711,200,3,47.5,47.5,1.0,1e-08,80,center,center,True,421.8,3,0.0,0.0,67.17514421272202,
2709,200,3,47.5,47.5,1.0,1e-08,50,0.60,0.45,True,444.8,3,0.0,0.0,67.17514421272202,
2701,200,3,47.5,47.5,1.0,1e-08,25,center,center,True,423.40000000000003,3,0.0,0.0,67.17514421272202,
2717,200,3,47.5,47.5,1.0,1e-08,120,0.35,0.45,True,483.6,3,0.0,0.0,67.17514421272202,
2704,200,3,47.5,47.5,1.0,1e-08,25,0.60,0.45,True,464.3,3,0.0,0.0,67.17514421272202,
2757,200,3,47.5,47.5,1.0,1e-06,120,0.35,0.45,True,192.70000000000002,3,nan,nan,18.079952508430587,
2763,200,3,47.5,47.5,3.0,1e-08,25,0.45,0.55,True,18.1,3,0.0,0.0,67.17514421272202,
2716,200,3,47.5,47.5,1.0,1e-08,120,center,center,True,600.5,3,0.0,0.0,67.17514421272202,
2714,200,3,47.5,47.5,1.0,1e-08,80,0.60,0.45,True,700.4000000000001,3,0.0,0.0,67.17514421272202,
2765,200,3,47.5,47.5,3.0,1e-08,25,0.60,0.58,True,108.7,3,0.0,0.0,67.17514421272202,
2719,200,3,47.5,47.5,1.0,1e-08,120,0.60,0.45,False,900.0,2,0.0,0.0,67.17514421272202,vittima non trovata entro 15 minuti
2702,200,3,47.5,47.5,1.0,1e-08,25,0.35,0.45,True,838.7,3,0.0,0.0,67.17514421272202,
2768,200,3,47.5,47.5,3.0,1e-08,50,0.45,0.55,True,18.1,3,0.0,0.0,67.17514421272202,
2761,200,3,47.5,47.5,3.0,1e-08,25,center,center,True,423.5,3,0.0,0.0,67.17514421272202,
2707,200,3,47.5,47.5,1.0,1e-08,50,0.35,0.45,False,900.0,1,0.0,0.0,67.17514421272202,vittima non trovata entro 15 minuti
2712,200,3,47.5,47.5,1.0,1e-08,80,0.35,0.45,False,900.0,2,0.0,0.0,67.17514421272202,vittima non trovata entro 15 minuti
2773,200,3,47.5,47.5,3.0,1e-08,80,0.45,0.55,True,18.1,3,0.0,0.0,67.17514421272202,
2744,200,3,47.5,47.5,1.0,1e-06,25,0.60,0.45,False,900.0,2,nan,nan,15.518389976807235,vittima non trovata entro 15 minuti
2724,200,3,47.5,47.5,1.0,1e-07,25,0.60,0.45,False,900.0,2,0.0010392691691770463,0.03223769795095559,11.579273273384416,vittima non trovata entro 15 minuti
2721,200,3,47.5,47.5,1.0,1e-07,25,center,center,False,900.0,2,0.004027043365043189,0.06345898963143984,12.516965964572043,vittima non trovata entro 15 minuti
2726,200,3,47.5,47.5,1.0,1e-07,50,center,center,False,900.0,2,0.00418949250814439,0.06472628915784057,10.586384994327709,vittima non trovata entro 15 minuti
2778,200,3,47.5,47.5,3.0,1e-08,120,0.45,0.55,True,18.1,3,0.0,0.0,67.17514421272202,
2729,200,3,47.5,47.5,1.0,1e-07,50,0.60,0.45,False,900.0,2,0.0010786877702782705,0.03284338244271242,12.011166040254013,vittima non trovata entro 15 minuti
2736,200,3,47.5,47.5,1.0,1e-07,120,center,center,False,900.0,2,0.004134242803744012,0.06429807776087876,10.032942521071917,vittima non trovata entro 15 minuti
2731,200,3,47.5,47.5,1.0,1e-07,80,center,center,False,900.0,2,0.004232771559831193,0.0650597537639914,11.728436586115356,vittima non trovata entro 15 minuti
2770,200,3,47.5,47.5,3.0,1e-08,50,0.60,0.58,True,152.0,3,0.0,0.0,67.17514421272202,
2766,200,3,47.5,47.5,3.0,1e-08,50,center,center,True,372.5,3,0.0,0.0,67.17514421272202,
2742,200,3,47.5,47.5,1.0,1e-06,25,0.35,0.45,False,900.0,1,nan,nan,18.33423461039203,vittima non trovata entro 15 minuti
2764,200,3,47.5,47.5,3.0,1e-08,25,0.60,0.45,True,471.3,3,0.0,0.0,67.17514421272202,
2754,200,3,47.5,47.5,1.0,1e-06,80,0.60,0.45,False,900.0,2,nan,nan,38.935280012218755,vittima non trovata entro 15 minuti
2746,200,3,47.5,47.5,1.0,1e-06,50,center,center,False,900.0,2,nan,nan,12.83084487075577,vittima non trovata entro 15 minuti
2749,200,3,47.5,47.5,1.0,1e-06,50,0.60,0.45,False,900.0,2,nan,nan,34.11842011035266,vittima non trovata entro 15 minuti
2745,200,3,47.5,47.5,1.0,1e-06,25,0.60,0.58,False,900.0,2,nan,nan,14.435008769284178,vittima non trovata entro 15 minuti
2748,200,3,47.5,47.5,1.0,1e-06,50,0.45,0.55,False,900.0,2,nan,nan,14.355406922439444,vittima non trovata entro 15 minuti
2750,200,3,47.5,47.5,1.0,1e-06,50,0.60,0.58,False,900.0,2,nan,nan,20.516659196256786,vittima non trovata entro 15 minuti
2747,200,3,47.5,47.5,1.0,1e-06,50,0.35,0.45,False,900.0,2,nan,nan,20.143818704189737,vittima non trovata entro 15 minuti
2782,200,3,47.5,47.5,3.0,1e-07,25,0.35,0.45,True,87.10000000000001,3,0.02538648183254364,0.15933135859755806,11.896036907313103,
2751,200,3,47.5,47.5,1.0,1e-06,80,center,center,False,900.0,2,nan,nan,15.554943843681187,vittima non trovata entro 15 minuti
2780,200,3,47.5,47.5,3.0,1e-08,120,0.60,0.58,True,110.5,3,0.0,0.0,67.17514421272202,
2783,200,3,47.5,47.5,3.0,1e-07,25,0.45,0.55,True,88.5,3,0.024338621394333827,0.15600840167867186,9.815489319763351,
2752,200,3,47.5,47.5,1.0,1e-06,80,0.35,0.45,False,900.0,2,nan,nan,15.73036315716325,vittima non trovata entro 15 minuti
2753,200,3,47.5,47.5,1.0,1e-06,80,0.45,0.55,False,900.0,2,nan,nan,29.568908297805596,vittima non trovata entro 15 minuti
2785,200,3,47.5,47.5,3.0,1e-07,25,0.60,0.58,True,97.80000000000001,3,0.02071682049326431,0.1439333890842021,6.640206908606039,
2787,200,3,47.5,47.5,3.0,1e-07,50,0.35,0.45,True,89.0,3,0.034767107588547445,0.18645939930329994,12.168850342899013,
2788,200,3,47.5,47.5,3.0,1e-07,50,0.45,0.55,True,93.60000000000001,3,0.03522793048026737,0.18769105061314822,10.469685718952572,
2789,200,3,47.5,47.5,3.0,1e-07,50,0.60,0.45,True,102.10000000000001,3,0.0010819172098309204,0.03289250993510408,13.772895260359027,
2792,200,3,47.5,47.5,3.0,1e-07,80,0.35,0.45,True,89.2,3,0.034767107588547445,0.18645939930329994,12.168850342899013,
2793,200,3,47.5,47.5,3.0,1e-07,80,0.45,0.55,True,93.4,3,0.03522793048026737,0.18769105061314822,10.469685718952572,
2790,200,3,47.5,47.5,3.0,1e-07,50,0.60,0.58,True,105.30000000000001,3,0.0034726018000595053,0.058928785835612674,15.71459774473415,
2797,200,3,47.5,47.5,3.0,1e-07,120,0.35,0.45,True,89.2,3,0.034767107588547445,0.18645939930329994,12.168850342899013,
2795,200,3,47.5,47.5,3.0,1e-07,80,0.60,0.58,True,104.60000000000001,3,0.0034726018000595053,0.058928785835612674,15.71459774473415,
2798,200,3,47.5,47.5,3.0,1e-07,120,0.45,0.55,True,93.4,3,0.03522793048026737,0.18769105061314822,10.469685718952572,
2799,200,3,47.5,47.5,3.0,1e-07,120,0.60,0.45,True,99.5,3,0.0011363259386912741,0.03370943397168327,12.73751408423883,
2755,200,3,47.5,47.5,1.0,1e-06,80,0.60,0.58,False,900.0,2,nan,nan,32.094336003869394,vittima non trovata entro 15 minuti
2759,200,3,47.5,47.5,1.0,1e-06,120,0.60,0.45,True,877.3000000000001,3,nan,nan,37.0970839679148,
2800,200,3,47.5,47.5,3.0,1e-07,120,0.60,0.58,True,104.60000000000001,3,0.0034726018000595053,0.058928785835612674,15.71459774473415,
2756,200,3,47.5,47.5,1.0,1e-06,120,center,center,False,900.0,2,nan,nan,17.297878963823543,vittima non trovata entro 15 minuti
2771,200,3,47.5,47.5,3.0,1e-08,80,center,center,True,422.3,3,0.0,0.0,67.17514421272202,
2775,200,3,47.5,47.5,3.0,1e-08,80,0.60,0.58,True,378.0,3,0.0,0.0,67.17514421272202,
2762,200,3,47.5,47.5,3.0,1e-08,25,0.35,0.45,True,838.7,3,0.0,0.0,67.17514421272202,
2758,200,3,47.5,47.5,1.0,1e-06,120,0.45,0.55,False,900.0,2,nan,nan,19.206563778461913,vittima non trovata entro 15 minuti
2760,200,3,47.5,47.5,1.0,1e-06,120,0.60,0.58,False,900.0,2,nan,nan,17.53057834080521,vittima non trovata entro 15 minuti
2777,200,3,47.5,47.5,3.0,1e-08,120,0.35,0.45,True,483.6,3,0.0,0.0,67.17514421272202,
2803,200,3,47.5,47.5,3.0,1e-06,25,0.45,0.55,True,242.4,3,nan,nan,18.176181162267795,
2774,200,3,47.5,47.5,3.0,1e-08,80,0.60,0.45,True,562.6,3,0.0,0.0,67.17514421272202,
2817,200,3,47.5,47.5,3.0,1e-06,120,0.35,0.45,True,192.9,3,nan,nan,17.502526863072312,
2823,200,3,47.5,47.5,5.0,1e-08,25,0.45,0.55,True,18.1,3,0.0,0.0,67.17514421272202,
2776,200,3,47.5,47.5,3.0,1e-08,120,center,center,True,600.5,3,0.0,0.0,67.17514421272202,
2779,200,3,47.5,47.5,3.0,1e-08,120,0.60,0.45,True,682.3000000000001,3,0.0,0.0,67.17514421272202,
2767,200,3,47.5,47.5,3.0,1e-08,50,0.35,0.45,False,900.0,1,0.0,0.0,67.17514421272202,vittima non trovata entro 15 minuti
2769,200,3,47.5,47.5,3.0,1e-08,50,0.60,0.45,False,900.0,2,0.0,0.0,67.17514421272202,vittima non trovata entro 15 minuti
2828,200,3,47.5,47.5,5.0,1e-08,50,0.45,0.55,True,18.1,3,0.0,0.0,67.17514421272202,
2772,200,3,47.5,47.5,3.0,1e-08,80,0.35,0.45,False,900.0,2,0.0,0.0,67.17514421272202,vittima non trovata entro 15 minuti
2821,200,3,47.5,47.5,5.0,1e-08,25,center,center,True,423.5,3,0.0,0.0,67.17514421272202,
2825,200,3,47.5,47.5,5.0,1e-08,25,0.60,0.58,True,319.1,3,0.0,0.0,67.17514421272202,
2819,200,3,47.5,47.5,3.0,1e-06,120,0.60,0.45,True,599.7,3,nan,nan,36.8496343237007,
2833,200,3,47.5,47.5,5.0,1e-08,80,0.45,0.55,True,18.1,3,0.0,0.0,67.17514421272202,
2781,200,3,47.5,47.5,3.0,1e-07,25,center,center,False,900.0,2,0.004072605487679024,0.06381696865003088,12.92176383176342,vittima non trovata entro 15 minuti
2784,200,3,47.5,47.5,3.0,1e-07,25,0.60,0.45,False,900.0,2,0.0011002388364617986,0.033169848303267815,13.350235148399904,vittima non trovata entro 15 minuti
2826,200,3,47.5,47.5,5.0,1e-08,50,center,center,True,372.5,3,0.0,0.0,67.17514421272202,
2786,200,3,47.5,47.5,3.0,1e-07,50,center,center,False,900.0,2,0.004402267089902888,0.06634958243955186,11.565104540079748,vittima non trovata entro 15 minuti
2804,200,3,47.5,47.5,3.0,1e-06,25,0.60,0.45,False,900.0,2,nan,nan,15.56350286052057,vittima non trovata entro 15 minuti
2838,200,3,47.5,47.5,5.0,1e-08,120,0.45,0.55,True,18.1,3,0.0,0.0,67.17514421272202,
2791,200,3,47.5,47.5,3.0,1e-07,80,center,center,False,900.0,2,0.00416822172413888,0.06456176673650497,11.489060829236509,vittima non trovata entro 15 minuti
2796,200,3,47.5,47.5,3.0,1e-07,120,center,center,False,900.0,2,0.004134924589810566,0.06430337930319499,10.623902482919991,vittima non trovata entro 15 minuti
2794,200,3,47.5,47.5,3.0,1e-07,80,0.60,0.45,False,900.0,2,0.0012648507440366982,0.03556474017951907,11.71151953223535,vittima non trovata entro 15 minuti
2801,200,3,47.5,47.5,3.0,1e-06,25,center,center,False,900.0,2,nan,nan,20.376451974424043,vittima non trovata entro 15 minuti
2802,200,3,47.5,47.5,3.0,1e-06,25,0.35,0.45,False,900.0,1,nan,nan,18.334244162148977,vittima non trovata entro 15 minuti
2830,200,3,47.5,47.5,5.0,1e-08,50,0.60,0.58,True,307.1,3,0.0,0.0,67.17514421272202,
2805,200,3,47.5,47.5,3.0,1e-06,25,0.60,0.58,False,900.0,2,nan,nan,14.435111032214467,vittima non trovata entro 15 minuti
2806,200,3,47.5,47.5,3.0,1e-06,50,center,center,False,900.0,2,nan,nan,13.50998743968318,vittima non trovata entro 15 minuti
2843,200,3,47.5,47.5,5.0,1e-07,25,0.45,0.55,True,88.4,3,0.012090898049459736,0.10995861971423494,9.829736223048965,
2807,200,3,47.5,47.5,3.0,1e-06,50,0.35,0.45,False,900.0,2,nan,nan,20.143918629646727,vittima non trovata entro 15 minuti
2842,200,3,47.5,47.5,5.0,1e-07,25,0.35,0.45,True,97.10000000000001,3,0.02920992884873911,0.17090912453330018,15.258661152674208,
2814,200,3,47.5,47.5,3.0,1e-06,80,0.60,0.45,False,900.0,2,nan,nan,38.42242511737917,vittima non trovata entro 15 minuti
2809,200,3,47.5,47.5,3.0,1e-06,50,0.60,0.45,False,900.0,2,nan,nan,34.1184212518135,vittima non trovata entro 15 minuti
2808,200,3,47.5,47.5,3.0,1e-06,50,0.45,0.55,False,900.0,2,nan,nan,15.449112979564608,vittima non trovata entro 15 minuti
2810,200,3,47.5,47.5,3.0,1e-06,50,0.60,0.58,False,900.0,2,nan,nan,20.12691361710519,vittima non trovata entro 15 minuti
2811,200,3,47.5,47.5,3.0,1e-06,80,center,center,False,900.0,2,nan,nan,17.083475980931446,vittima non trovata entro 15 minuti
2813,200,3,47.5,47.5,3.0,1e-06,80,0.45,0.55,False,900.0,2,nan,nan,29.568912761496584,vittima non trovata entro 15 minuti
2845,200,3,47.5,47.5,5.0,1e-07,25,0.60,0.58,True,96.60000000000001,3,0.02088590234315594,0.14451955695737495,7.23922263072137,
2812,200,3,47.5,47.5,3.0,1e-06,80,0.35,0.45,False,900.0,2,nan,nan,16.548795317579167,vittima non trovata entro 15 minuti
2847,200,3,47.5,47.5,5.0,1e-07,50,0.35,0.45,True,89.0,3,0.034766708543351094,0.18645832924101594,12.164611101802548,
2848,200,3,47.5,47.5,5.0,1e-07,50,0.45,0.55,True,91.5,3,0.031746000405367195,0.1781740733254061,10.557982263214793,
2852,200,3,47.5,47.5,5.0,1e-07,80,0.35,0.45,True,89.30000000000001,3,0.034766708543351094,0.18645832924101594,12.164611101802548,
2853,200,3,47.5,47.5,5.0,1e-07,80,0.45,0.55,True,91.9,3,0.031746000405367195,0.1781740733254061,10.557982263214793,
2850,200,3,47.5,47.5,5.0,1e-07,50,0.60,0.58,True,100.9,3,0.003926351491408974,0.06266060557805816,14.736231274347121,
2857,200,3,47.5,47.5,5.0,1e-07,120,0.35,0.45,True,89.30000000000001,3,0.034766708543351094,0.18645832924101594,12.164611101802548,
2858,200,3,47.5,47.5,5.0,1e-07,120,0.45,0.55,True,91.9,3,0.031746000405367195,0.1781740733254061,10.557982263214793,
2815,200,3,47.5,47.5,3.0,1e-06,80,0.60,0.58,False,900.0,2,nan,nan,32.09437579544099,vittima non trovata entro 15 minuti
2816,200,3,47.5,47.5,3.0,1e-06,120,center,center,False,900.0,2,nan,nan,16.633467542321927,vittima non trovata entro 15 minuti
2855,200,3,47.5,47.5,5.0,1e-07,80,0.60,0.58,True,100.5,3,0.003926351491408974,0.06266060557805816,14.736231274347121,
2824,200,3,47.5,47.5,5.0,1e-08,25,0.60,0.45,True,699.5,3,0.0,0.0,67.17514421272202,
2859,200,3,47.5,47.5,5.0,1e-07,120,0.60,0.45,True,102.4,3,0.0010026333007597313,0.03166438536841875,15.189930085462324,
2818,200,3,47.5,47.5,3.0,1e-06,120,0.45,0.55,False,900.0,2,nan,nan,19.2065742222512,vittima non trovata entro 15 minuti
2860,200,3,47.5,47.5,5.0,1e-07,120,0.60,0.58,True,100.5,3,0.003926351491408974,0.06266060557805816,14.736231274347121,
2831,200,3,47.5,47.5,5.0,1e-08,80,center,center,True,422.90000000000003,3,0.0,0.0,67.17514421272202,
2840,200,3,47.5,47.5,5.0,1e-08,120,0.60,0.58,True,316.1,3,0.0,0.0,67.17514421272202,
2820,200,3,47.5,47.5,3.0,1e-06,120,0.60,0.58,False,900.0,2,nan,nan,17.1103297828996,vittima non trovata entro 15 minuti
2822,200,3,47.5,47.5,5.0,1e-08,25,0.35,0.45,True,838.7,3,0.0,0.0,67.17514421272202,
2829,200,3,47.5,47.5,5.0,1e-08,50,0.60,0.45,True,595.7,3,0.0,0.0,67.17514421272202,
2835,200,3,47.5,47.5,5.0,1e-08,80,0.60,0.58,True,411.70000000000005,3,0.0,0.0,67.17514421272202,
2849,200,3,47.5,47.5,5.0,1e-07,50,0.60,0.45,True,307.5,3,0.000818419425934666,0.0286080307944232,25.443981767803614,
2837,200,3,47.5,47.5,5.0,1e-08,120,0.35,0.45,True,483.6,3,0.0,0.0,67.17514421272202,
2863,200,3,47.5,47.5,5.0,1e-06,25,0.45,0.55,True,239.10000000000002,3,nan,nan,17.865453741626155,
2827,200,3,47.5,47.5,5.0,1e-08,50,0.35,0.45,False,900.0,1,0.0,0.0,67.17514421272202,vittima non trovata entro 15 minuti
2877,200,3,47.5,47.5,5.0,1e-06,120,0.35,0.45,True,191.8,3,nan,nan,17.73549520997285,
2881,200,3,95.0,95.0,1.0,1e-08,25,center,center,True,139.70000000000002,3,0.0,0.0,0.0,
2836,200,3,47.5,47.5,5.0,1e-08,120,center,center,True,600.5,3,0.0,0.0,67.17514421272202,
2882,200,3,95.0,95.0,1.0,1e-08,25,0.35,0.45,True,166.8,3,0.0,0.0,0.0,
2834,200,3,47.5,47.5,5.0,1e-08,80,0.60,0.45,True,715.3000000000001,3,0.0,0.0,67.17514421272202,
2883,200,3,95.0,95.0,1.0,1e-08,25,0.45,0.55,True,171.8,3,0.0,0.0,0.0,
2884,200,3,95.0,95.0,1.0,1e-08,25,0.60,0.45,True,172.3,3,0.0,0.0,0.0,
2885,200,3,95.0,95.0,1.0,1e-08,25,0.60,0.58,True,153.1,3,0.0,0.0,0.0,
2886,200,3,95.0,95.0,1.0,1e-08,50,center,center,True,164.60000000000002,3,0.0,0.0,0.0,
2832,200,3,47.5,47.5,5.0,1e-08,80,0.35,0.45,False,900.0,2,0.0,0.0,67.17514421272202,vittima non trovata entro 15 minuti
2887,200,3,95.0,95.0,1.0,1e-08,50,0.35,0.45,True,163.20000000000002,3,0.0,0.0,0.0,
2888,200,3,95.0,95.0,1.0,1e-08,50,0.45,0.55,True,170.4,3,0.0,0.0,0.0,
2839,200,3,47.5,47.5,5.0,1e-08,120,0.60,0.45,False,900.0,1,0.0,0.0,67.17514421272202,vittima non trovata entro 15 minuti
2890,200,3,95.0,95.0,1.0,1e-08,50,0.60,0.58,True,159.3,3,0.0,0.0,0.0,
2889,200,3,95.0,95.0,1.0,1e-08,50,0.60,0.45,True,162.60000000000002,3,0.0,0.0,0.0,
2891,200,3,95.0,95.0,1.0,1e-08,80,center,center,True,167.70000000000002,3,0.0,0.0,0.0,
2892,200,3,95.0,95.0,1.0,1e-08,80,0.35,0.45,True,167.9,3,0.0,0.0,0.0,
2894,200,3,95.0,95.0,1.0,1e-08,80,0.60,0.45,True,160.60000000000002,3,0.0,0.0,0.0,
2893,200,3,95.0,95.0,1.0,1e-08,80,0.45,0.55,True,171.20000000000002,3,0.0,0.0,0.0,
2895,200,3,95.0,95.0,1.0,1e-08,80,0.60,0.58,True,163.0,3,0.0,0.0,0.0,
2841,200,3,47.5,47.5,5.0,1e-07,25,center,center,False,900.0,2,0.004230166555781285,0.06503973059431661,13.492116527827289,vittima non trovata entro 15 minuti
2896,200,3,95.0,95.0,1.0,1e-08,120,center,center,True,168.70000000000002,3,0.0,0.0,0.0,
2844,200,3,47.5,47.5,5.0,1e-07,25,0.60,0.45,False,900.0,2,0.0008972480816607333,0.029954099580203262,4.965750859112464,vittima non trovata entro 15 minuti
2897,200,3,95.0,95.0,1.0,1e-08,120,0.35,0.45,True,167.70000000000002,3,0.0,0.0,0.0,
2898,200,3,95.0,95.0,1.0,1e-08,120,0.45,0.55,True,171.20000000000002,3,0.0,0.0,0.0,
2864,200,3,47.5,47.5,5.0,1e-06,25,0.60,0.45,False,900.0,2,nan,nan,15.169156981694755,vittima non trovata entro 15 minuti
2899,200,3,95.0,95.0,1.0,1e-08,120,0.60,0.45,True,172.20000000000002,3,0.0,0.0,0.0,
2846,200,3,47.5,47.5,5.0,1e-07,50,center,center,False,900.0,2,0.004328494417303751,0.06579129438842005,12.013910512602804,vittima non trovata entro 15 minuti
2851,200,3,47.5,47.5,5.0,1e-07,80,center,center,False,900.0,2,0.0045508170747666065,0.06745974410540412,12.810853567929609,vittima non trovata entro 15 minuti
2900,200,3,95.0,95.0,1.0,1e-08,120,0.60,0.58,True,163.20000000000002,3,0.0,0.0,0.0,
2879,200,3,47.5,47.5,5.0,1e-06,120,0.60,0.45,False,900.0,2,nan,nan,36.5977262692908,vittima non trovata entro 15 minuti
2856,200,3,47.5,47.5,5.0,1e-07,120,center,center,False,900.0,2,0.003819986334920906,0.06180603801345712,11.412303652168852,vittima non trovata entro 15 minuti
2854,200,3,47.5,47.5,5.0,1e-07,80,0.60,0.45,False,900.0,2,0.0012928035589698022,0.03595557757803095,12.988276622764712,vittima non trovata entro 15 minuti
2861,200,3,47.5,47.5,5.0,1e-06,25,center,center,False,900.0,2,nan,nan,20.815466338636647,vittima non trovata entro 15 minuti
2904,200,3,95.0,95.0,1.0,1e-07,25,0.60,0.45,True,170.70000000000002,3,0.0006513024229007703,0.025520627400218245,0.2570502708512098,
2905,200,3,95.0,95.0,1.0,1e-07,25,0.60,0.58,True,144.4,3,0.0005315964673174595,0.023056375849587887,0.016023596412146464,
2907,200,3,95.0,95.0,1.0,1e-07,50,0.35,0.45,True,130.3,3,0.000625000415109364,0.025000008302185902,0.14946303150464132,
2901,200,3,95.0,95.0,1.0,1e-07,25,center,center,True,203.5,3,0.036718933882897334,0.1916218512667523,0.09474112115066398,
2862,200,3,47.5,47.5,5.0,1e-06,25,0.35,0.45,False,900.0,1,nan,nan,17.74319649325683,vittima non trovata entro 15 minuti
2866,200,3,47.5,47.5,5.0,1e-06,50,center,center,False,900.0,2,nan,nan,14.143999722426948,vittima non trovata entro 15 minuti
2911,200,3,95.0,95.0,1.0,1e-07,80,center,center,True,137.0,3,0.0006249767628089783,0.024999535251859748,0.14559025486352714,
2867,200,3,47.5,47.5,5.0,1e-06,50,0.35,0.45,False,900.0,2,nan,nan,19.635227732449803,vittima non trovata entro 15 minuti
2870,200,3,47.5,47.5,5.0,1e-06,50,0.60,0.58,False,900.0,2,nan,nan,19.622454435882,vittima non trovata entro 15 minuti
2865,200,3,47.5,47.5,5.0,1e-06,25,0.60,0.58,False,900.0,2,nan,nan,13.885255266310493,vittima non trovata entro 15 minuti
2912,200,3,95.0,95.0,1.0,1e-07,80,0.35,0.45,True,135.5,3,0.0,0.0,0.0,
2869,200,3,47.5,47.5,5.0,1e-06,50,0.60,0.45,False,900.0,2,nan,nan,33.852235929567534,vittima non trovata entro 15 minuti
2913,200,3,95.0,95.0,1.0,1e-07,80,0.45,0.55,True,138.5,3,0.0006250008124005459,0.02500001624800564,0.16894738980219187,
2868,200,3,47.5,47.5,5.0,1e-06,50,0.45,0.55,False,900.0,2,nan,nan,15.20268884447538,vittima non trovata entro 15 minuti
2871,200,3,47.5,47.5,5.0,1e-06,80,center,center,False,900.0,2,nan,nan,17.512060035378866,vittima non trovata entro 15 minuti
2873,200,3,47.5,47.5,5.0,1e-06,80,0.45,0.55,False,900.0,2,nan,nan,29.568919819723053,vittima non trovata entro 15 minuti
2872,200,3,47.5,47.5,5.0,1e-06,80,0.35,0.45,False,900.0,2,nan,nan,15.931443499893122,vittima non trovata entro 15 minuti
2910,200,3,95.0,95.0,1.0,1e-07,50,0.60,0.58,True,185.10000000000002,3,0.011353993985522658,0.106555121817408,0.1834839380861057,
2909,200,3,95.0,95.0,1.0,1e-07,50,0.60,0.45,True,192.0,3,0.016479958835934512,0.12837429195884398,0.20774173491199924,
2874,200,3,47.5,47.5,5.0,1e-06,80,0.60,0.45,False,900.0,2,nan,nan,38.70463294163166,vittima non trovata entro 15 minuti
2914,200,3,95.0,95.0,1.0,1e-07,80,0.60,0.45,True,134.9,3,0.0006018832071067768,0.024533308115840733,0.29501469191254714,
2906,200,3,95.0,95.0,1.0,1e-07,50,center,center,True,229.5,3,1.9645261490208666e-05,0.004432297540803039,0.004432297540803039,
2917,200,3,95.0,95.0,1.0,1e-07,120,0.35,0.45,True,130.8,3,0.0005760025333094818,0.024000052777222843,0.0005696338998977197,
2919,200,3,95.0,95.0,1.0,1e-07,120,0.60,0.45,True,125.10000000000001,3,0.0006047207143612663,0.024591069809206476,0.15134594382016286,
2918,200,3,95.0,95.0,1.0,1e-07,120,0.45,0.55,True,129.0,3,0.0,0.0,0.0,
2915,200,3,95.0,95.0,1.0,1e-07,80,0.60,0.58,True,142.6,3,0.0006236180913503653,0.024972346532722255,0.01555674535737417,
2916,200,3,95.0,95.0,1.0,1e-07,120,center,center,True,140.4,3,nan,nan,0.00653874013969752,
2876,200,3,47.5,47.5,5.0,1e-06,120,center,center,False,900.0,2,nan,nan,17.74418063524252,vittima non trovata entro 15 minuti
2920,200,3,95.0,95.0,1.0,1e-07,120,0.60,0.58,True,131.0,3,0.0006230125852073187,0.024960220055266314,0.15053415200093295,
2875,200,3,47.5,47.5,5.0,1e-06,80,0.60,0.58,False,900.0,2,nan,nan,31.782034799057154,vittima non trovata entro 15 minuti
2903,200,3,95.0,95.0,1.0,1e-07,25,0.45,0.55,True,329.40000000000003,3,0.007312179169786723,0.08551128095044959,0.0913010439620103,
2878,200,3,47.5,47.5,5.0,1e-06,120,0.45,0.55,False,900.0,2,nan,nan,19.20663723181891,vittima non trovata entro 15 minuti
2932,200,3,95.0,95.0,1.0,1e-06,80,0.35,0.45,True,116.9,3,nan,nan,0.11001021785139994,
2933,200,3,95.0,95.0,1.0,1e-06,80,0.45,0.55,True,120.30000000000001,3,nan,nan,0.29201566846674337,
2937,200,3,95.0,95.0,1.0,1e-06,120,0.35,0.45,True,113.0,3,nan,nan,0.10409995167695008,
2938,200,3,95.0,95.0,1.0,1e-06,120,0.45,0.55,True,111.7,3,nan,nan,0.2788810805937414,
2936,200,3,95.0,95.0,1.0,1e-06,120,center,center,True,122.0,3,nan,nan,0.07874842701380957,
2940,200,3,95.0,95.0,1.0,1e-06,120,0.60,0.58,True,113.9,3,nan,nan,0.2929701034549379,
2939,200,3,95.0,95.0,1.0,1e-06,120,0.60,0.45,True,113.60000000000001,3,nan,nan,0.016282647764628625,
2934,200,3,95.0,95.0,1.0,1e-06,80,0.60,0.45,True,119.5,3,nan,nan,0.30503743518305937,
2935,200,3,95.0,95.0,1.0,1e-06,80,0.60,0.58,True,119.60000000000001,3,nan,nan,0.13262368864870608,
2931,200,3,95.0,95.0,1.0,1e-06,80,center,center,True,139.9,3,nan,nan,0.3441649436234473,
2880,200,3,47.5,47.5,5.0,1e-06,120,0.60,0.58,False,900.0,2,nan,nan,16.266107704496775,vittima non trovata entro 15 minuti
2945,200,3,95.0,95.0,3.0,1e-08,25,0.60,0.58,True,154.5,3,0.0,0.0,0.0,
2908,200,3,95.0,95.0,1.0,1e-07,50,0.45,0.55,True,377.5,3,0.020906996906410534,0.14459252022981872,0.1022423515633617,
2942,200,3,95.0,95.0,3.0,1e-08,25,0.35,0.45,True,166.8,3,0.0,0.0,0.0,
2947,200,3,95.0,95.0,3.0,1e-08,50,0.35,0.45,True,163.20000000000002,3,0.0,0.0,0.0,
2943,200,3,95.0,95.0,3.0,1e-08,25,0.45,0.55,True,171.9,3,0.0,0.0,0.0,
2941,200,3,95.0,95.0,3.0,1e-08,25,center,center,True,178.5,3,0.0,0.0,0.0,
2944,200,3,95.0,95.0,3.0,1e-08,25,0.60,0.45,True,174.3,3,0.0,0.0,0.0,
2946,200,3,95.0,95.0,3.0,1e-08,50,center,center,True,175.10000000000002,3,0.0,0.0,0.0,
2949,200,3,95.0,95.0,3.0,1e-08,50,0.60,0.45,True,161.60000000000002,3,0.0,0.0,0.0,
2948,200,3,95.0,95.0,3.0,1e-08,50,0.45,0.55,True,170.4,3,0.0,0.0,0.0,
2927,200,3,95.0,95.0,1.0,1e-06,50,0.35,0.45,True,256.2,3,0.01559089426016648,0.12486350251441163,0.16985723649854337,
2926,200,3,95.0,95.0,1.0,1e-06,50,center,center,True,268.3,3,0.03083546642888549,0.1756003030432621,0.25069691710921665,
2923,200,3,95.0,95.0,1.0,1e-06,25,0.45,0.55,True,282.5,3,0.029304258532589677,0.17118486654079465,0.13205959747372728,
2929,200,3,95.0,95.0,1.0,1e-06,50,0.60,0.45,True,268.7,3,0.014575392490796308,0.12072859019634209,0.27395808054262205,
2950,200,3,95.0,95.0,3.0,1e-08,50,0.60,0.58,True,158.8,3,0.0,0.0,0.0,
2928,200,3,95.0,95.0,1.0,1e-06,50,0.45,0.55,True,289.3,3,0.015647582938675433,0.12509029913896375,0.17655163838132626,
2952,200,3,95.0,95.0,3.0,1e-08,80,0.35,0.45,True,167.9,3,0.0,0.0,0.0,
2951,200,3,95.0,95.0,3.0,1e-08,80,center,center,True,167.70000000000002,3,0.0,0.0,0.0,
2955,200,3,95.0,95.0,3.0,1e-08,80,0.60,0.58,True,162.8,3,0.0,0.0,0.0,
2953,200,3,95.0,95.0,3.0,1e-08,80,0.45,0.55,True,171.4,3,0.0,0.0,0.0,
2957,200,3,95.0,95.0,3.0,1e-08,120,0.35,0.45,True,167.70000000000002,3,0.0,0.0,0.0,
2956,200,3,95.0,95.0,3.0,1e-08,120,center,center,True,168.5,3,0.0,0.0,0.0,
2960,200,3,95.0,95.0,3.0,1e-08,120,0.60,0.58,True,163.4,3,0.0,0.0,0.0,
2954,200,3,95.0,95.0,3.0,1e-08,80,0.60,0.45,True,172.9,3,0.0,0.0,0.0,
2958,200,3,95.0,95.0,3.0,1e-08,120,0.45,0.55,True,171.4,3,0.0,0.0,0.0,
2959,200,3,95.0,95.0,3.0,1e-08,120,0.60,0.45,True,173.8,3,0.0,0.0,0.0,
2921,200,3,95.0,95.0,1.0,1e-06,25,center,center,True,375.70000000000005,3,0.0005872782494828501,0.02423382449145925,0.055126150852090834,
2967,200,3,95.0,95.0,3.0,1e-07,50,0.35,0.45,True,130.3,3,0.0006250007575961766,0.02500001515191894,0.1500533256801446,
2965,200,3,95.0,95.0,3.0,1e-07,25,0.60,0.58,True,144.4,3,0.000547609961771945,0.02340106753487851,0.41405887970658484,
2964,200,3,95.0,95.0,3.0,1e-07,25,0.60,0.45,True,168.8,3,0.0006250015978546384,0.025000031957072344,0.4063179470351521,
2972,200,3,95.0,95.0,3.0,1e-07,80,0.35,0.45,True,135.5,3,0.0006250008677590735,0.025000017355175444,0.019181745459196233,
2961,200,3,95.0,95.0,3.0,1e-07,25,center,center,True,188.10000000000002,3,0.04425595470398021,0.21037099301942797,0.5552087040107565,
2973,200,3,95.0,95.0,3.0,1e-07,80,0.45,0.55,True,138.3,3,0.0006250009255410649,0.025000018510814445,0.6571424467803271,
2974,200,3,95.0,95.0,3.0,1e-07,80,0.60,0.45,True,133.9,3,0.0006043825042942725,0.024584192162734827,0.44956127189215483,
2975,200,3,95.0,95.0,3.0,1e-07,80,0.60,0.58,True,135.4,3,0.0006233312104652651,0.02496660190064449,0.006793008754175194,
2978,200,3,95.0,95.0,3.0,1e-07,120,0.45,0.55,True,129.0,3,0.0006250018393818106,0.025000036787609144,0.447329911764229,
2977,200,3,95.0,95.0,3.0,1e-07,120,0.35,0.45,True,130.8,3,0.000625001148172417,0.02500002296343779,0.15000926090547134,
2979,200,3,95.0,95.0,3.0,1e-07,120,0.60,0.45,True,127.5,3,0.0008717411279146017,0.029525262537606702,0.32225406125280737,
2976,200,3,95.0,95.0,3.0,1e-07,120,center,center,True,140.9,3,nan,nan,0.29844694571299357,
2980,200,3,95.0,95.0,3.0,1e-07,120,0.60,0.58,True,131.0,3,0.0006230087299947289,0.0249601428280114,0.15007948660149345,
2970,200,3,95.0,95.0,3.0,1e-07,50,0.60,0.58,True,185.10000000000002,3,0.0034199156051060737,0.05848004450328397,0.11398824430949106,
2963,200,3,95.0,95.0,3.0,1e-07,25,0.45,0.55,True,266.40000000000003,3,0.015694383556538533,0.1252772268073433,0.2964525136586656,
2992,200,3,95.0,95.0,3.0,1e-06,80,0.35,0.45,True,117.30000000000001,3,nan,nan,0.2923064587002967,
2993,200,3,95.0,95.0,3.0,1e-06,80,0.45,0.55,True,119.4,3,nan,nan,0.29387164212045813,
2997,200,3,95.0,95.0,3.0,1e-06,120,0.35,0.45,True,112.7,3,nan,nan,0.06027979672978497,
2998,200,3,95.0,95.0,3.0,1e-06,120,0.45,0.55,True,111.80000000000001,3,nan,nan,0.29850070982927157,
2969,200,3,95.0,95.0,3.0,1e-07,50,0.60,0.45,True,272.40000000000003,3,0.04161645253339515,0.2040011091474631,0.3799193654963888,
2968,200,3,95.0,95.0,3.0,1e-07,50,0.45,0.55,True,282.3,3,0.038399214945603374,0.1959571763054453,0.29143057265125594,
2996,200,3,95.0,95.0,3.0,1e-06,120,center,center,True,122.2,3,nan,nan,0.29693319556643955,
2994,200,3,95.0,95.0,3.0,1e-06,80,0.60,0.45,True,120.9,3,nan,nan,0.05199350188414014,
2999,200,3,95.0,95.0,3.0,1e-06,120,0.60,0.45,True,114.9,3,nan,nan,0.07695606059175357,
2995,200,3,95.0,95.0,3.0,1e-06,80,0.60,0.58,True,119.4,3,nan,nan,0.29680231371263965,
2991,200,3,95.0,95.0,3.0,1e-06,80,center,center,True,139.4,3,nan,nan,0.42693676005945963,
3000,200,3,95.0,95.0,3.0,1e-06,120,0.60,0.58,True,113.9,3,nan,nan,0.29232278635866604,
2987,200,3,95.0,95.0,3.0,1e-06,50,0.35,0.45,True,257.0,3,0.016855798612062246,0.12982988335534407,0.16472737912860513,
3001,200,3,95.0,95.0,5.0,1e-08,25,center,center,True,178.70000000000002,3,0.0,0.0,0.0,
2983,200,3,95.0,95.0,3.0,1e-06,25,0.45,0.55,True,282.6,3,0.025787016649363455,0.1605833635510337,0.1667635656686988,
2989,200,3,95.0,95.0,3.0,1e-06,50,0.60,0.45,True,258.40000000000003,3,0.07701798638533043,0.27752114583456594,0.35565095944475833,
3002,200,3,95.0,95.0,5.0,1e-08,25,0.35,0.45,True,166.4,3,0.0,0.0,0.0,
2988,200,3,95.0,95.0,3.0,1e-06,50,0.45,0.55,True,289.3,3,0.015005384610450815,0.12249646774683266,0.17850424664067316,
3005,200,3,95.0,95.0,5.0,1e-08,25,0.60,0.58,True,154.5,3,0.0,0.0,0.0,
3007,200,3,95.0,95.0,5.0,1e-08,50,0.35,0.45,True,163.20000000000002,3,0.0,0.0,0.0,
3004,200,3,95.0,95.0,5.0,1e-08,25,0.60,0.45,True,173.8,3,0.0,0.0,0.0,
3003,200,3,95.0,95.0,5.0,1e-08,25,0.45,0.55,True,172.10000000000002,3,0.0,0.0,0.0,
3010,200,3,95.0,95.0,5.0,1e-08,50,0.60,0.58,True,158.8,3,0.0,0.0,0.0,
3009,200,3,95.0,95.0,5.0,1e-08,50,0.60,0.45,True,163.70000000000002,3,0.0,0.0,0.0,
3011,200,3,95.0,95.0,5.0,1e-08,80,center,center,True,166.5,3,0.0,0.0,0.0,
2986,200,3,95.0,95.0,3.0,1e-06,50,center,center,True,352.40000000000003,3,0.13473512699589527,0.3670628379390854,0.4307377606465277,
3008,200,3,95.0,95.0,5.0,1e-08,50,0.45,0.55,True,170.4,3,0.0,0.0,0.0,
3006,200,3,95.0,95.0,5.0,1e-08,50,center,center,True,174.9,3,0.0,0.0,0.0,
3012,200,3,95.0,95.0,5.0,1e-08,80,0.35,0.45,True,167.9,3,0.0,0.0,0.0,
3013,200,3,95.0,95.0,5.0,1e-08,80,0.45,0.55,True,171.5,3,0.0,0.0,0.0,
2981,200,3,95.0,95.0,3.0,1e-06,25,center,center,True,375.70000000000005,3,0.002219943724380058,0.047116278762016614,0.3213053430584601,
2902,200,3,95.0,95.0,1.0,1e-07,25,0.35,0.45,False,900.0,2,0.0,0.0,0.0,vittima non trovata entro 15 minuti
3014,200,3,95.0,95.0,5.0,1e-08,80,0.60,0.45,True,173.0,3,0.0,0.0,0.0,
3015,200,3,95.0,95.0,5.0,1e-08,80,0.60,0.58,True,162.8,3,0.0,0.0,0.0,
3017,200,3,95.0,95.0,5.0,1e-08,120,0.35,0.45,True,167.70000000000002,3,0.0,0.0,0.0,
3016,200,3,95.0,95.0,5.0,1e-08,120,center,center,True,168.70000000000002,3,0.0,0.0,0.0,
3018,200,3,95.0,95.0,5.0,1e-08,120,0.45,0.55,True,171.5,3,0.0,0.0,0.0,
3027,200,3,95.0,95.0,5.0,1e-07,50,0.35,0.45,True,130.20000000000002,3,0.0006250275053616122,0.025000550101180016,0.15116832495821486,
3019,200,3,95.0,95.0,5.0,1e-08,120,0.60,0.45,True,175.10000000000002,3,0.0,0.0,0.0,
3034,200,3,95.0,95.0,5.0,1e-07,80,0.60,0.45,True,124.9,3,0.0010655138573848811,0.032642209750335244,0.5898081228764758,
3032,200,3,95.0,95.0,5.0,1e-07,80,0.35,0.45,True,135.5,3,0.0006250006356766121,0.02500001271352901,0.013493117951599786,
3020,200,3,95.0,95.0,5.0,1e-08,120,0.60,0.58,True,163.4,3,0.0,0.0,0.0,
3025,200,3,95.0,95.0,5.0,1e-07,25,0.60,0.58,True,144.0,3,0.0005778962178480153,0.024039472079228682,1.0892239947121731,
3033,200,3,95.0,95.0,5.0,1e-07,80,0.45,0.55,True,137.9,3,0.0006250020593190259,0.02500004118634659,1.3493885285078462,
3035,200,3,95.0,95.0,5.0,1e-07,80,0.60,0.58,True,136.9,3,0.000623337358072769,0.024966725016965462,0.15174900943834493,
3024,200,3,95.0,95.0,5.0,1e-07,25,0.60,0.45,True,169.5,3,0.0006946580443668794,0.02635636629672003,0.5069652415301185,
3021,200,3,95.0,95.0,5.0,1e-07,25,center,center,True,188.8,3,0.2657150001449158,0.5154755087731286,1.1280994372210693,
3036,200,3,95.0,95.0,5.0,1e-07,120,center,center,True,139.5,3,nan,nan,0.0830479031004219,
3030,200,3,95.0,95.0,5.0,1e-07,50,0.60,0.58,True,188.70000000000002,3,0.011860491221339912,0.10890588240007934,0.14997047195494295,
3038,200,3,95.0,95.0,5.0,1e-07,120,0.45,0.55,True,129.1,3,0.0006249974158871939,0.02499994831769046,1.017525990254606,
3037,200,3,95.0,95.0,5.0,1e-07,120,0.35,0.45,True,130.9,3,0.0006250013455952246,0.025000026911890006,0.15007035735716534,
3039,200,3,95.0,95.0,5.0,1e-07,120,0.60,0.45,True,126.5,3,0.0006053067406181797,0.024602982352108855,0.443582674848127,
3040,200,3,95.0,95.0,5.0,1e-07,120,0.60,0.58,True,131.3,3,0.0006243214787395271,0.024986425889661112,0.15210483046170617,
2922,200,3,95.0,95.0,1.0,1e-06,25,0.35,0.45,False,900.0,2,nan,nan,0.29311041495662143,vittima non trovata entro 15 minuti
3028,200,3,95.0,95.0,5.0,1e-07,50,0.45,0.55,True,240.20000000000002,3,0.14468186913700562,0.38037069962998676,0.7198889690128172,
2924,200,3,95.0,95.0,1.0,1e-06,25,0.60,0.45,False,900.0,2,nan,nan,0.049171737476442164,vittima non trovata entro 15 minuti
2925,200,3,95.0,95.0,1.0,1e-06,25,0.60,0.58,False,900.0,2,nan,nan,0.27951726228061646,vittima non trovata entro 15 minuti
3023,200,3,95.0,95.0,5.0,1e-07,25,0.45,0.55,True,297.6,3,0.005390950460049701,0.07342309214443166,0.38396063903504196,
3029,200,3,95.0,95.0,5.0,1e-07,50,0.60,0.45,True,285.2,3,0.29549850086915347,0.5435977381015795,0.7426235180455791,
3052,200,3,95.0,95.0,5.0,1e-06,80,0.35,0.45,True,117.2,3,nan,nan,0.3091334387022584,
2930,200,3,95.0,95.0,1.0,1e-06,50,0.60,0.58,False,900.0,2,nan,nan,0.054105171792504056,vittima non trovata entro 15 minuti
3053,200,3,95.0,95.0,5.0,1e-06,80,0.45,0.55,True,120.0,3,nan,nan,0.1293338016583656,
3051,200,3,95.0,95.0,5.0,1e-06,80,center,center,True,139.20000000000002,3,nan,nan,0.8466820588278562,
3054,200,3,95.0,95.0,5.0,1e-06,80,0.60,0.45,True,120.9,3,nan,nan,0.1001308533757007,
3057,200,3,95.0,95.0,5.0,1e-06,120,0.35,0.45,True,112.0,3,nan,nan,0.3019166345684091,
3055,200,3,95.0,95.0,5.0,1e-06,80,0.60,0.58,True,119.4,3,nan,nan,0.2804362277590995,
3056,200,3,95.0,95.0,5.0,1e-06,120,center,center,True,130.5,3,nan,nan,0.41534048519452316,
3058,200,3,95.0,95.0,5.0,1e-06,120,0.45,0.55,True,112.0,3,nan,nan,0.10810884999893094,
3059,200,3,95.0,95.0,5.0,1e-06,120,0.60,0.45,True,115.0,3,nan,nan,0.3240825270015377,
3060,200,3,95.0,95.0,5.0,1e-06,120,0.60,0.58,True,114.2,3,nan,nan,0.3066863697170513,
3043,200,3,95.0,95.0,5.0,1e-06,25,0.45,0.55,True,277.7,3,0.76256941339292,0.8732522049172965,0.5783868047438199,
3047,200,3,95.0,95.0,5.0,1e-06,50,0.35,0.45,True,279.0,3,0.33316317264846373,0.5772028869023991,0.1776554535545038,
3049,200,3,95.0,95.0,5.0,1e-06,50,0.60,0.45,True,259.6,3,0.8136728888817216,0.9020381859332351,0.9840591729833279,
3048,200,3,95.0,95.0,5.0,1e-06,50,0.45,0.55,True,288.5,3,0.0007799128571446183,0.027926919936588395,0.025593551888675816,
2966,200,3,95.0,95.0,3.0,1e-07,50,center,center,False,900.0,2,0.02298507542313368,0.1516082960234488,0.15160829602345122,vittima non trovata entro 15 minuti
2962,200,3,95.0,95.0,3.0,1e-07,25,0.35,0.45,False,900.0,2,0.0006250028149019619,0.02500005629797585,0.0022191874612065765,vittima non trovata entro 15 minuti
3046,200,3,95.0,95.0,5.0,1e-06,50,center,center,True,351.40000000000003,3,0.2558049033582434,0.5057715920830701,0.6279384214312529,
3064,200,3,142.5,95.0,1.0,1e-08,25,0.60,0.45,True,208.20000000000002,3,0.0013761744471231469,0.03709682529709445,36.875110115986374,
3041,200,3,95.0,95.0,5.0,1e-06,25,center,center,True,376.0,3,0.006988027548338591,0.08359442294997071,0.389901995653267,
2971,200,3,95.0,95.0,3.0,1e-07,80,center,center,False,900.0,2,nan,nan,0.042337334669005064,vittima non trovata entro 15 minuti
3061,200,3,142.5,95.0,1.0,1e-08,25,center,center,True,230.70000000000002,3,422.32362227669694,20.55051391758116,33.304608123898156,
3067,200,3,142.5,95.0,1.0,1e-08,50,0.35,0.45,True,195.70000000000002,3,0.02023933931387207,0.1422650319434543,22.270442823638835,
3066,200,3,142.5,95.0,1.0,1e-08,50,center,center,True,210.8,3,0.024523712188680945,0.15660048591457482,18.90278480175763,
3072,200,3,142.5,95.0,1.0,1e-08,80,0.35,0.45,True,177.9,3,0.005597546952552229,0.07481675582750316,45.62855502164885,
2984,200,3,95.0,95.0,3.0,1e-06,25,0.60,0.45,False,900.0,2,nan,nan,0.5950971061405036,vittima non trovata entro 15 minuti
3063,200,3,142.5,95.0,1.0,1e-08,25,0.45,0.55,True,272.0,3,14.009852595965839,3.742973763729294,45.36889150961133,
2985,200,3,95.0,95.0,3.0,1e-06,25,0.60,0.58,False,900.0,2,nan,nan,0.2930467813361826,vittima non trovata entro 15 minuti
2982,200,3,95.0,95.0,3.0,1e-06,25,0.35,0.45,False,900.0,2,nan,nan,0.29978936919217863,vittima non trovata entro 15 minuti
3062,200,3,142.5,95.0,1.0,1e-08,25,0.35,0.45,True,294.8,3,357.3026003129722,18.90244958498692,41.470541224908885,
3075,200,3,142.5,95.0,1.0,1e-08,80,0.60,0.58,True,202.60000000000002,3,2.0194839173657902e-28,1.4210854715202004e-14,47.59461411141562,
3076,200,3,142.5,95.0,1.0,1e-08,120,center,center,True,206.8,3,0.0,0.0,48.59356480531791,
3078,200,3,142.5,95.0,1.0,1e-08,120,0.45,0.55,True,178.8,3,0.00187198468096545,0.043266438274550054,46.12820897840939,
2990,200,3,95.0,95.0,3.0,1e-06,50,0.60,0.58,False,900.0,2,nan,nan,0.04379351176398566,vittima non trovata entro 15 minuti
3077,200,3,142.5,95.0,1.0,1e-08,120,0.35,0.45,True,190.9,3,0.0014062422533034566,0.0374998967105705,46.79638383698738,
3079,200,3,142.5,95.0,1.0,1e-08,120,0.60,0.45,True,199.10000000000002,3,0.005366917860554788,0.07325925102370887,45.30514474298591,
3080,200,3,142.5,95.0,1.0,1e-08,120,0.60,0.58,True,196.4,3,0.0014062282415286565,0.03749970988592654,49.149322703551654,
3073,200,3,142.5,95.0,1.0,1e-08,80,0.45,0.55,True,352.8,3,311.91639987242206,17.661155111498854,39.599294774239056,
3096,200,3,142.5,95.0,1.0,1e-07,120,center,center,True,164.70000000000002,3,nan,nan,28.784995097434,
3097,200,3,142.5,95.0,1.0,1e-07,120,0.35,0.45,True,140.1,3,nan,nan,28.059059951098046,
3081,200,3,142.5,95.0,1.0,1e-07,25,center,center,True,299.0,3,291.48101283787497,17.072815023828817,22.745471394249588,
3098,200,3,142.5,95.0,1.0,1e-07,120,0.45,0.55,True,190.5,3,nan,nan,28.56361184647472,
3099,200,3,142.5,95.0,1.0,1e-07,120,0.60,0.45,True,157.8,3,nan,nan,30.702881433565416,
3065,200,3,142.5,95.0,1.0,1e-08,25,0.60,0.58,True,591.1,3,4.418765451719451,2.102085976291039,46.78524642346745,
3022,200,3,95.0,95.0,5.0,1e-07,25,0.35,0.45,False,900.0,2,0.0006250015447125013,0.025000030894230935,0.0027728782647251995,vittima non trovata entro 15 minuti
3026,200,3,95.0,95.0,5.0,1e-07,50,center,center,False,900.0,2,0.02213751853099734,0.14878682243732924,0.1556549781015862,vittima non trovata entro 15 minuti
3100,200,3,142.5,95.0,1.0,1e-07,120,0.60,0.58,True,154.10000000000002,3,nan,nan,31.986549926644834,
3031,200,3,95.0,95.0,5.0,1e-07,80,center,center,False,900.0,2,nan,nan,0.3023035357249041,vittima non trovata entro 15 minuti
3090,200,3,142.5,95.0,1.0,1e-07,50,0.60,0.58,True,380.3,3,45.34632046770588,6.733967661617175,32.52510970133661,
3074,200,3,142.5,95.0,1.0,1e-08,80,0.60,0.45,True,628.6,3,15.444948737822974,3.930006200735945,44.1682430462639,
3042,200,3,95.0,95.0,5.0,1e-06,25,0.35,0.45,False,900.0,2,nan,nan,0.6033945578898324,vittima non trovata entro 15 minuti
3044,200,3,95.0,95.0,5.0,1e-06,25,0.60,0.45,False,900.0,2,nan,nan,0.5968967267033574,vittima non trovata entro 15 minuti
3045,200,3,95.0,95.0,5.0,1e-06,25,0.60,0.58,False,900.0,2,nan,nan,0.2925125127240011,vittima non trovata entro 15 minuti
3050,200,3,95.0,95.0,5.0,1e-06,50,0.60,0.58,False,900.0,2,nan,nan,0.12661592307980843,vittima non trovata entro 15 minuti
3069,200,3,142.5,95.0,1.0,1e-08,50,0.60,0.45,False,900.0,2,0.03287773874075723,0.18132219594069898,32.92959903709579,vittima non trovata entro 15 minuti
3070,200,3,142.5,95.0,1.0,1e-08,50,0.60,0.58,False,900.0,2,35.94419926913048,5.995348135774142,42.45860638696045,vittima non trovata entro 15 minuti
3071,200,3,142.5,95.0,1.0,1e-08,80,center,center,False,900.0,2,96.51838174552522,9.82437691385694,40.12189803753904,vittima non trovata entro 15 minuti
3068,200,3,142.5,95.0,1.0,1e-08,50,0.45,0.55,False,900.0,2,0.001396229445809373,0.03736615374653074,46.8374266708701,vittima non trovata entro 15 minuti
3118,200,3,142.5,95.0,1.0,1e-06,120,0.45,0.55,True,135.1,3,nan,nan,21.23639343340511,
3117,200,3,142.5,95.0,1.0,1e-06,120,0.35,0.45,True,148.6,3,nan,nan,20.709256443781058,
3119,200,3,142.5,95.0,1.0,1e-06,120,0.60,0.45,True,128.5,3,nan,nan,23.79712211462771,
3082,200,3,142.5,95.0,1.0,1e-07,25,0.35,0.45,False,900.0,2,189.65769691947162,13.771626516845119,35.41219407988394,vittima non trovata entro 15 minuti
3120,200,3,142.5,95.0,1.0,1e-06,120,0.60,0.58,True,145.8,3,nan,nan,22.043326158325247,
3086,200,3,142.5,95.0,1.0,1e-07,50,center,center,False,900.0,2,299.48211270026,17.305551499454157,28.44749318884073,vittima non trovata entro 15 minuti
3083,200,3,142.5,95.0,1.0,1e-07,25,0.45,0.55,False,900.0,2,nan,nan,27.503349792177787,vittima non trovata entro 15 minuti
3084,200,3,142.5,95.0,1.0,1e-07,25,0.60,0.45,False,900.0,2,87.59877092981242,9.359421506151564,32.34333499317703,vittima non trovata entro 15 minuti
3085,200,3,142.5,95.0,1.0,1e-07,25,0.60,0.58,False,900.0,2,126.22062467737703,11.234795266375665,30.896002708168627,vittima non trovata entro 15 minuti
3087,200,3,142.5,95.0,1.0,1e-07,50,0.35,0.45,False,900.0,2,nan,nan,26.337146851404185,vittima non trovata entro 15 minuti
3091,200,3,142.5,95.0,1.0,1e-07,80,center,center,False,900.0,2,nan,nan,28.282532669309624,vittima non trovata entro 15 minuti
3088,200,3,142.5,95.0,1.0,1e-07,50,0.45,0.55,False,900.0,2,54.593332264702596,7.388730084710267,28.169268925612535,vittima non trovata entro 15 minuti
3089,200,3,142.5,95.0,1.0,1e-07,50,0.60,0.45,False,900.0,2,122.4548873923194,11.065933643046998,31.968187701296394,vittima non trovata entro 15 minuti
3092,200,3,142.5,95.0,1.0,1e-07,80,0.35,0.45,False,900.0,2,nan,nan,29.245197099823926,vittima non trovata entro 15 minuti
3121,200,3,142.5,95.0,3.0,1e-08,25,center,center,True,230.4,3,394.18792734898267,19.854166498470356,33.801420558333746,
3093,200,3,142.5,95.0,1.0,1e-07,80,0.45,0.55,False,900.0,2,nan,nan,27.46290340439056,vittima non trovata entro 15 minuti
3094,200,3,142.5,95.0,1.0,1e-07,80,0.60,0.45,False,900.0,2,nan,nan,32.004798905796676,vittima non trovata entro 15 minuti
3095,200,3,142.5,95.0,1.0,1e-07,80,0.60,0.58,False,900.0,2,nan,nan,33.29888560551588,vittima non trovata entro 15 minuti
3125,200,3,142.5,95.0,3.0,1e-08,25,0.60,0.58,True,181.9,3,0.0014062441294665317,0.03749992172613873,46.510542796319996,
3127,200,3,142.5,95.0,3.0,1e-08,50,0.35,0.45,True,195.70000000000002,3,0.0202393394414951,0.14226503239199398,22.27044288601257,
3124,200,3,142.5,95.0,3.0,1e-08,25,0.60,0.45,True,207.3,3,0.0013741523433272458,0.03706956087313749,37.91576047452003,
3126,200,3,142.5,95.0,3.0,1e-08,50,center,center,True,212.60000000000002,3,0.023651667020025066,0.15379098484639817,23.58118246262706,
3122,200,3,142.5,95.0,3.0,1e-08,25,0.35,0.45,True,294.8,3,357.3026003114096,18.902449584945586,41.47054132379189,
3132,200,3,142.5,95.0,3.0,1e-08,80,0.35,0.45,True,177.9,3,0.005597546956506303,0.07481675585392822,45.62855504745789,
3123,200,3,142.5,95.0,3.0,1e-08,25,0.45,0.55,True,272.0,3,14.016033001720707,3.7437992736952,45.368391627211444,
3130,200,3,142.5,95.0,3.0,1e-08,50,0.60,0.58,True,232.10000000000002,3,423.57383902188224,20.580909577127105,33.63728946387748,
3129,200,3,142.5,95.0,3.0,1e-08,50,0.60,0.45,True,243.0,3,507.1536541917401,22.520072251032857,33.03065163557789,
3134,200,3,142.5,95.0,3.0,1e-08,80,0.60,0.45,True,197.70000000000002,3,2.0194839173657902e-28,1.4210854715202004e-14,47.95719327547957,
3102,200,3,142.5,95.0,1.0,1e-06,25,0.35,0.45,False,900.0,2,1.5318296377363845,1.2376710539300757,18.220080532702223,vittima non trovata entro 15 minuti
3101,200,3,142.5,95.0,1.0,1e-06,25,center,center,False,900.0,2,29.214934592137283,5.405084142928516,20.385149822785554,vittima non trovata entro 15 minuti
3135,200,3,142.5,95.0,3.0,1e-08,80,0.60,0.58,True,202.70000000000002,3,1.0097419586828951e-28,1.0048591735576161e-14,47.59867535773253,
3137,200,3,142.5,95.0,3.0,1e-08,120,0.35,0.45,True,190.9,3,0.0014062422533143856,0.03749989671071623,46.79638515113591,
3136,200,3,142.5,95.0,3.0,1e-08,120,center,center,True,206.60000000000002,3,0.0,0.0,48.593564992829435,
3138,200,3,142.5,95.0,3.0,1e-08,120,0.45,0.55,True,178.8,3,0.0018719846866585834,0.04326643834034162,46.12820913241911,
3103,200,3,142.5,95.0,1.0,1e-06,25,0.45,0.55,False,900.0,2,219.69668289353194,14.822168629911479,12.628347578477468,vittima non trovata entro 15 minuti
3104,200,3,142.5,95.0,1.0,1e-06,25,0.60,0.45,False,900.0,2,110.77664525313,10.525048467970587,21.433887396637733,vittima non trovata entro 15 minuti
3140,200,3,142.5,95.0,3.0,1e-08,120,0.60,0.58,True,184.70000000000002,3,0.0,0.0,47.91108479505089,
3139,200,3,142.5,95.0,3.0,1e-08,120,0.60,0.45,True,198.0,3,0.0013628214447177804,0.03691641159048074,47.643722139640225,
3105,200,3,142.5,95.0,1.0,1e-06,25,0.60,0.58,False,900.0,2,174.70576732741688,13.217630927190276,17.4823506141378,vittima non trovata entro 15 minuti
3106,200,3,142.5,95.0,1.0,1e-06,50,center,center,False,900.0,2,37.564680961489856,6.129003260032569,17.058731045933158,vittima non trovata entro 15 minuti
3107,200,3,142.5,95.0,1.0,1e-06,50,0.35,0.45,False,900.0,2,120.85795835523714,10.993541665688866,20.31980185717467,vittima non trovata entro 15 minuti
3133,200,3,142.5,95.0,3.0,1e-08,80,0.45,0.55,True,326.3,3,444.4444406360658,21.081850977465564,37.85942238933359,
3109,200,3,142.5,95.0,1.0,1e-06,50,0.60,0.45,False,900.0,2,122.18385002290835,11.05368038360565,15.041579712774144,vittima non trovata entro 15 minuti
3108,200,3,142.5,95.0,1.0,1e-06,50,0.45,0.55,False,900.0,2,103.60308604894178,10.178560116683586,20.252432782457984,vittima non trovata entro 15 minuti
3110,200,3,142.5,95.0,1.0,1e-06,50,0.60,0.58,False,900.0,2,22.306281806438598,4.722952657653748,21.10724048817433,vittima non trovata entro 15 minuti
3157,200,3,142.5,95.0,3.0,1e-07,120,0.35,0.45,True,140.1,3,nan,nan,28.0607071842286,
3141,200,3,142.5,95.0,3.0,1e-07,25,center,center,True,299.1,3,293.96842738952944,17.145507498745246,22.301065152639637,
3156,200,3,142.5,95.0,3.0,1e-07,120,center,center,True,177.4,3,nan,nan,30.787215086762952,
3160,200,3,142.5,95.0,3.0,1e-07,120,0.60,0.58,True,154.4,3,nan,nan,32.049344313797285,
3159,200,3,142.5,95.0,3.0,1e-07,120,0.60,0.45,True,159.0,3,nan,nan,31.174659025132623,
3111,200,3,142.5,95.0,1.0,1e-06,80,center,center,False,900.0,2,nan,nan,14.594735272922708,vittima non trovata entro 15 minuti
3112,200,3,142.5,95.0,1.0,1e-06,80,0.35,0.45,False,900.0,2,nan,nan,21.948630150001488,vittima non trovata entro 15 minuti
3158,200,3,142.5,95.0,3.0,1e-07,120,0.45,0.55,True,194.9,3,nan,nan,28.512727963442362,
3114,200,3,142.5,95.0,1.0,1e-06,80,0.60,0.45,False,900.0,2,nan,nan,23.121225120438215,vittima non trovata entro 15 minuti
3113,200,3,142.5,95.0,1.0,1e-06,80,0.45,0.55,False,900.0,2,nan,nan,20.056088464816813,vittima non trovata entro 15 minuti
3115,200,3,142.5,95.0,1.0,1e-06,80,0.60,0.58,False,900.0,2,nan,nan,22.82082864999873,vittima non trovata entro 15 minuti
3116,200,3,142.5,95.0,1.0,1e-06,120,center,center,False,900.0,2,nan,nan,18.667284258836514,vittima non trovata entro 15 minuti
3150,200,3,142.5,95.0,3.0,1e-07,50,0.60,0.58,True,380.20000000000005,3,43.81563839524502,6.619338214296428,32.39317928228172,
3154,200,3,142.5,95.0,3.0,1e-07,80,0.60,0.45,True,391.3,3,160.70182841422647,12.676822488866303,34.87861090398494,
3148,200,3,142.5,95.0,3.0,1e-07,50,0.45,0.55,True,472.5,3,162.39389766178198,12.743386428331442,30.342124236166303,
3149,200,3,142.5,95.0,3.0,1e-07,50,0.60,0.45,True,475.70000000000005,3,211.81215726628403,14.553767803090855,36.57055304226739,
3177,200,3,142.5,95.0,3.0,1e-06,120,0.35,0.45,True,148.9,3,nan,nan,20.63679324349484,
3178,200,3,142.5,95.0,3.0,1e-06,120,0.45,0.55,True,135.1,3,nan,nan,21.20795634691905,
3179,200,3,142.5,95.0,3.0,1e-06,120,0.60,0.45,True,127.60000000000001,3,nan,nan,23.612192401635614,
3180,200,3,142.5,95.0,3.0,1e-06,120,0.60,0.58,True,131.20000000000002,3,nan,nan,22.111332223248596,
3131,200,3,142.5,95.0,3.0,1e-08,80,center,center,False,900.0,2,99.05741085430179,9.952758956907466,40.0218425511689,vittima non trovata entro 15 minuti
3128,200,3,142.5,95.0,3.0,1e-08,50,0.45,0.55,False,900.0,2,0.00139622944678209,0.03736615375954675,46.83742473454001,vittima non trovata entro 15 minuti
3181,200,3,142.5,95.0,5.0,1e-08,25,center,center,True,230.20000000000002,3,383.14599840161634,19.574115520288938,34.13692049760897,
3185,200,3,142.5,95.0,5.0,1e-08,25,0.60,0.58,True,191.70000000000002,3,0.02056834669879478,0.1434166890525464,36.345304600956084,
3184,200,3,142.5,95.0,5.0,1e-08,25,0.60,0.45,True,204.10000000000002,3,0.0013713230591674308,0.037031379385157,38.43250884737308,
3142,200,3,142.5,95.0,3.0,1e-07,25,0.35,0.45,False,900.0,2,189.58906938476812,13.769134663615144,35.41353222551703,vittima non trovata entro 15 minuti
3182,200,3,142.5,95.0,5.0,1e-08,25,0.35,0.45,True,294.8,3,357.3026005958467,18.902449592469402,41.470541802007475,
3183,200,3,142.5,95.0,5.0,1e-08,25,0.45,0.55,True,272.0,3,14.015017712197766,3.7436636750912555,45.36849185042282,
3143,200,3,142.5,95.0,3.0,1e-07,25,0.45,0.55,False,900.0,2,nan,nan,27.225404974003034,vittima non trovata entro 15 minuti
3186,200,3,142.5,95.0,5.0,1e-08,50,center,center,True,213.4,3,0.01874962049834785,0.13692925362517627,23.088851524234556,
3144,200,3,142.5,95.0,3.0,1e-07,25,0.60,0.45,False,900.0,2,95.33978179528702,9.764209225292493,32.52656709541089,vittima non trovata entro 15 minuti
3146,200,3,142.5,95.0,3.0,1e-07,50,center,center,False,900.0,2,300.6238496432579,17.33850771096688,27.93924821187598,vittima non trovata entro 15 minuti
3145,200,3,142.5,95.0,3.0,1e-07,25,0.60,0.58,False,900.0,2,122.76674414765544,11.080015530117972,30.833642521153138,vittima non trovata entro 15 minuti
3187,200,3,142.5,95.0,5.0,1e-08,50,0.35,0.45,True,195.70000000000002,3,0.020239339525130417,0.14226503268593593,22.270443154510783,
3147,200,3,142.5,95.0,3.0,1e-07,50,0.35,0.45,False,900.0,2,nan,nan,26.18565205913307,vittima non trovata entro 15 minuti
3153,200,3,142.5,95.0,3.0,1e-07,80,0.45,0.55,False,900.0,2,nan,nan,27.273049782429865,vittima non trovata entro 15 minuti
3152,200,3,142.5,95.0,3.0,1e-07,80,0.35,0.45,False,900.0,2,nan,nan,29.66794964211533,vittima non trovata entro 15 minuti
3151,200,3,142.5,95.0,3.0,1e-07,80,center,center,False,900.0,2,nan,nan,26.467014675261108,vittima non trovata entro 15 minuti
3155,200,3,142.5,95.0,3.0,1e-07,80,0.60,0.58,False,900.0,2,nan,nan,33.56599699169564,vittima non trovata entro 15 minuti
3192,200,3,142.5,95.0,5.0,1e-08,80,0.35,0.45,True,177.9,3,0.005597546978474207,0.07481675600073961,45.62855518024222,
3189,200,3,142.5,95.0,5.0,1e-08,50,0.60,0.45,True,221.8,3,362.5704450551046,19.041282652571088,36.19163843910382,
3161,200,3,142.5,95.0,3.0,1e-06,25,center,center,False,900.0,2,29.33717575186309,5.416380318244196,20.38464794664005,vittima non trovata entro 15 minuti
3162,200,3,142.5,95.0,3.0,1e-06,25,0.35,0.45,False,900.0,2,2.8068767331562783,1.6753736100214418,18.579909978925556,vittima non trovata entro 15 minuti
3163,200,3,142.5,95.0,3.0,1e-06,25,0.45,0.55,False,900.0,2,218.19153339068694,14.77130777523395,12.391267328831232,vittima non trovata entro 15 minuti
3191,200,3,142.5,95.0,5.0,1e-08,80,center,center,True,236.9,3,470.644095840507,21.694333265636605,31.521654394128827,
3197,200,3,142.5,95.0,5.0,1e-08,120,0.35,0.45,True,190.0,3,0.001406242342201438,0.03749989789588017,46.854755555164225,
3164,200,3,142.5,95.0,3.0,1e-06,25,0.60,0.45,False,900.0,2,106.78625781597127,10.333743649615625,21.67822198463157,vittima non trovata entro 15 minuti
3196,200,3,142.5,95.0,5.0,1e-08,120,center,center,True,206.4,3,2.0194839173657902e-28,1.4210854715202004e-14,48.59356529012225,
3195,200,3,142.5,95.0,5.0,1e-08,80,0.60,0.58,True,206.60000000000002,3,0.0014062082992171462,0.03749944398543992,46.50552789008222,
3198,200,3,142.5,95.0,5.0,1e-08,120,0.45,0.55,True,201.0,3,0.0013993440963083162,0.03740780795914559,47.851593629312234,
3194,200,3,142.5,95.0,5.0,1e-08,80,0.60,0.45,True,242.3,3,3.4039236864230973,1.8449725435417994,45.41803748260754,
3199,200,3,142.5,95.0,5.0,1e-08,120,0.60,0.45,True,196.9,3,0.005295281591011816,0.07276868551108928,43.24453173816457,
3200,200,3,142.5,95.0,5.0,1e-08,120,0.60,0.58,True,189.20000000000002,3,0.00138381881282145,0.03719971522500475,45.5720192835145,
3165,200,3,142.5,95.0,3.0,1e-06,25,0.60,0.58,False,900.0,2,170.0266404753865,13.03942638597981,17.41054295984906,vittima non trovata entro 15 minuti
3167,200,3,142.5,95.0,3.0,1e-06,50,0.35,0.45,False,900.0,2,114.92092435999544,10.720117740024847,20.20457043347383,vittima non trovata entro 15 minuti
3168,200,3,142.5,95.0,3.0,1e-06,50,0.45,0.55,False,900.0,2,148.50532081393692,12.18627592063863,22.20820747669749,vittima non trovata entro 15 minuti
3169,200,3,142.5,95.0,3.0,1e-06,50,0.60,0.45,False,900.0,2,116.05894651771266,10.773065790094881,15.85318800482946,vittima non trovata entro 15 minuti
3166,200,3,142.5,95.0,3.0,1e-06,50,center,center,False,900.0,2,nan,nan,16.861589690297723,vittima non trovata entro 15 minuti
3170,200,3,142.5,95.0,3.0,1e-06,50,0.60,0.58,False,900.0,2,22.5726460081138,4.751067880815197,21.098199378035314,vittima non trovata entro 15 minuti
3172,200,3,142.5,95.0,3.0,1e-06,80,0.35,0.45,False,900.0,2,nan,nan,21.608081584443646,vittima non trovata entro 15 minuti
3171,200,3,142.5,95.0,3.0,1e-06,80,center,center,False,900.0,2,nan,nan,13.324420357786268,vittima non trovata entro 15 minuti
3173,200,3,142.5,95.0,3.0,1e-06,80,0.45,0.55,False,900.0,2,nan,nan,18.701732370711593,vittima non trovata entro 15 minuti
3174,200,3,142.5,95.0,3.0,1e-06,80,0.60,0.45,False,900.0,2,nan,nan,23.224789930471353,vittima non trovata entro 15 minuti
3175,200,3,142.5,95.0,3.0,1e-06,80,0.60,0.58,False,900.0,2,nan,nan,20.885603928356886,vittima non trovata entro 15 minuti
3193,200,3,142.5,95.0,5.0,1e-08,80,0.45,0.55,True,351.3,3,612.3298060759173,24.745298666128832,35.97801261674215,
3217,200,3,142.5,95.0,5.0,1e-07,120,0.35,0.45,True,140.20000000000002,3,nan,nan,28.391204807755223,
3201,200,3,142.5,95.0,5.0,1e-07,25,center,center,True,298.7,3,292.7799670379562,17.110814330064954,20.244382956576615,
3216,200,3,142.5,95.0,5.0,1e-07,120,center,center,True,168.4,3,nan,nan,26.676569949995518,
3218,200,3,142.5,95.0,5.0,1e-07,120,0.45,0.55,True,169.9,3,nan,nan,28.610688287943542,
3220,200,3,142.5,95.0,5.0,1e-07,120,0.60,0.58,True,155.8,3,nan,nan,32.08126568537318,
3176,200,3,142.5,95.0,3.0,1e-06,120,center,center,False,900.0,2,nan,nan,18.257895335766538,vittima non trovata entro 15 minuti
3219,200,3,142.5,95.0,5.0,1e-07,120,0.60,0.45,True,157.9,3,nan,nan,31.162362047569008,
3190,200,3,142.5,95.0,5.0,1e-08,50,0.60,0.58,True,519.8000000000001,3,51.42770202825871,7.1713110397094555,44.273581737874885,
3210,200,3,142.5,95.0,5.0,1e-07,50,0.60,0.58,True,380.1,3,43.80780653253054,6.618746598301716,32.497717883931756,
3214,200,3,142.5,95.0,5.0,1e-07,80,0.60,0.45,True,370.6,3,235.64786407230207,15.350826169047126,36.32711655732226,
3237,200,3,142.5,95.0,5.0,1e-06,120,0.35,0.45,True,150.6,3,nan,nan,20.67675560857843,
3208,200,3,142.5,95.0,5.0,1e-07,50,0.45,0.55,True,472.5,3,161.84090938071165,12.721670856483893,30.361832128897476,
3238,200,3,142.5,95.0,5.0,1e-06,120,0.45,0.55,True,136.5,3,nan,nan,20.855272087384662,
3239,200,3,142.5,95.0,5.0,1e-06,120,0.60,0.45,True,127.30000000000001,3,nan,nan,23.30496622855041,
3240,200,3,142.5,95.0,5.0,1e-06,120,0.60,0.58,True,147.0,3,nan,nan,22.067919982225334,
3188,200,3,142.5,95.0,5.0,1e-08,50,0.45,0.55,False,900.0,2,0.001396229450019299,0.03736615380286415,46.837425407801526,vittima non trovata entro 15 minuti
3241,200,3,66.5,133.0,1.0,1e-08,25,center,center,True,212.8,3,0.09428122428974565,0.30705247807133174,25.26987498776156,
3244,200,3,66.5,133.0,1.0,1e-08,25,0.60,0.45,True,204.4,3,0.004874666020229025,0.06981880849906438,8.408944934084053,
3243,200,3,66.5,133.0,1.0,1e-08,25,0.45,0.55,True,232.0,3,0.03310511262082132,0.18194810419683222,30.81416544500359,
3242,200,3,66.5,133.0,1.0,1e-08,25,0.35,0.45,True,253.10000000000002,3,0.03638669295342885,0.1907529631576633,21.172518172786308,
3202,200,3,142.5,95.0,5.0,1e-07,25,0.35,0.45,False,900.0,2,184.89331229668707,13.597548025165679,35.53009830865277,vittima non trovata entro 15 minuti
3245,200,3,66.5,133.0,1.0,1e-08,25,0.60,0.58,True,190.70000000000002,3,0.03378176622257287,0.18379816708164656,11.526318241698252,
3203,200,3,142.5,95.0,5.0,1e-07,25,0.45,0.55,False,900.0,2,nan,nan,27.022442541172403,vittima non trovata entro 15 minuti
3204,200,3,142.5,95.0,5.0,1e-07,25,0.60,0.45,False,900.0,2,93.30173950769789,9.659282556572093,32.42719999042542,vittima non trovata entro 15 minuti
3205,200,3,142.5,95.0,5.0,1e-07,25,0.60,0.58,False,900.0,2,116.44670749296014,10.791047562352793,30.727594563245066,vittima non trovata entro 15 minuti
3206,200,3,142.5,95.0,5.0,1e-07,50,center,center,False,900.0,2,297.1707409676234,17.23864092576974,27.70849114501584,vittima non trovata entro 15 minuti
3247,200,3,66.5,133.0,1.0,1e-08,50,0.35,0.45,True,197.20000000000002,3,0.00888880224309281,0.09428044464836179,16.657544311254732,
3207,200,3,142.5,95.0,5.0,1e-07,50,0.35,0.45,False,900.0,2,nan,nan,26.243084167756127,vittima non trovata entro 15 minuti
3209,200,3,142.5,95.0,5.0,1e-07,50,0.60,0.45,False,900.0,2,154.76637782440253,12.440513567550278,33.11149256933437,vittima non trovata entro 15 minuti
3248,200,3,66.5,133.0,1.0,1e-08,50,0.45,0.55,True,211.9,3,0.0027769662231112062,0.05269692802347407,20.87290152556558,
3211,200,3,142.5,95.0,5.0,1e-07,80,center,center,False,900.0,2,nan,nan,26.391592329629468,vittima non trovata entro 15 minuti
3212,200,3,142.5,95.0,5.0,1e-07,80,0.35,0.45,False,900.0,2,nan,nan,29.662256882476385,vittima non trovata entro 15 minuti
3213,200,3,142.5,95.0,5.0,1e-07,80,0.45,0.55,False,900.0,2,nan,nan,27.569840995283887,vittima non trovata entro 15 minuti
3249,200,3,66.5,133.0,1.0,1e-08,50,0.60,0.45,True,210.5,3,0.008879882475383027,0.09423312833278447,23.27235068029219,
3215,200,3,142.5,95.0,5.0,1e-07,80,0.60,0.58,False,900.0,2,nan,nan,33.27533648348742,vittima non trovata entro 15 minuti
3246,200,3,66.5,133.0,1.0,1e-08,50,center,center,True,323.70000000000005,3,0.03380046035402674,0.18384901510213958,11.063350519505967,
3221,200,3,142.5,95.0,5.0,1e-06,25,center,center,False,900.0,2,24.16767979725711,4.916063445202585,20.337392348628132,vittima non trovata entro 15 minuti
3251,200,3,66.5,133.0,1.0,1e-08,80,center,center,True,186.70000000000002,3,0.03379816507650357,0.1838427727067441,19.649544019748518,
3252,200,3,66.5,133.0,1.0,1e-08,80,0.35,0.45,True,197.0,3,0.010899493346748671,0.10440063863190048,22.45700271360291,
3222,200,3,142.5,95.0,5.0,1e-06,25,0.35,0.45,False,900.0,2,7.162799511839984,2.676340694276419,18.050479387977145,vittima non trovata entro 15 minuti
3250,200,3,66.5,133.0,1.0,1e-08,50,0.60,0.58,True,220.10000000000002,3,0.07467327517972124,0.2732641124987349,21.75173095383898,
3223,200,3,142.5,95.0,5.0,1e-06,25,0.45,0.55,False,900.0,2,221.71472019188082,14.890087984692395,12.566925796324513,vittima non trovata entro 15 minuti
3224,200,3,142.5,95.0,5.0,1e-06,25,0.60,0.45,False,900.0,2,96.74132626578987,9.835716865881707,21.740493567596243,vittima non trovata entro 15 minuti
3253,200,3,66.5,133.0,1.0,1e-08,80,0.45,0.55,True,201.60000000000002,3,0.07594201501683193,0.2755757881542425,22.112503635882742,
3225,200,3,142.5,95.0,5.0,1e-06,25,0.60,0.58,False,900.0,2,169.7924079577123,13.030441587210785,17.37588843586239,vittima non trovata entro 15 minuti
3228,200,3,142.5,95.0,5.0,1e-06,50,0.45,0.55,False,900.0,2,176.13431337269782,13.27156032170663,20.600292972742594,vittima non trovata entro 15 minuti
3229,200,3,142.5,95.0,5.0,1e-06,50,0.60,0.45,False,900.0,2,115.50612769451826,10.747377712470994,16.39432662638459,vittima non trovata entro 15 minuti
3254,200,3,66.5,133.0,1.0,1e-08,80,0.60,0.45,True,197.9,3,0.02193045660806171,0.14808935345953034,25.2512787864694,
3255,200,3,66.5,133.0,1.0,1e-08,80,0.60,0.58,True,199.9,3,0.00888634964246073,0.09426743680858587,22.259633705926582,
3227,200,3,142.5,95.0,5.0,1e-06,50,0.35,0.45,False,900.0,2,125.62629754920101,11.20831376921618,20.234258965409637,vittima non trovata entro 15 minuti
3226,200,3,142.5,95.0,5.0,1e-06,50,center,center,False,900.0,2,nan,nan,15.554280454403653,vittima non trovata entro 15 minuti
3230,200,3,142.5,95.0,5.0,1e-06,50,0.60,0.58,False,900.0,2,19.36397672299708,4.400451877136834,21.05679238497854,vittima non trovata entro 15 minuti
3256,200,3,66.5,133.0,1.0,1e-08,120,center,center,True,200.8,3,0.03331081883399435,0.182512516924167,14.023437090414436,
3257,200,3,66.5,133.0,1.0,1e-08,120,0.35,0.45,True,192.3,3,0.016452906160404034,0.12826888227627165,24.693951586683916,
3258,200,3,66.5,133.0,1.0,1e-08,120,0.45,0.55,True,195.70000000000002,3,0.008886142201243948,0.09426633652181433,15.104620650743453,
3236,200,3,142.5,95.0,5.0,1e-06,120,center,center,False,900.0,2,nan,nan,18.24338536222388,vittima non trovata entro 15 minuti
3260,200,3,66.5,133.0,1.0,1e-08,120,0.60,0.58,True,192.70000000000002,3,0.03391705082330051,0.18416582425439446,27.140676171520298,
3231,200,3,142.5,95.0,5.0,1e-06,80,center,center,False,900.0,2,nan,nan,15.287072066467772,vittima non trovata entro 15 minuti
3259,200,3,66.5,133.0,1.0,1e-08,120,0.60,0.45,True,210.0,3,0.03390783010847089,0.18414078882331011,20.7511806491821,
3232,200,3,142.5,95.0,5.0,1e-06,80,0.35,0.45,False,900.0,2,nan,nan,21.523662914965218,vittima non trovata entro 15 minuti
3268,200,3,66.5,133.0,1.0,1e-07,50,0.45,0.55,True,114.5,3,0.005519461937273398,0.074293081355355,39.564937569807235,
3233,200,3,142.5,95.0,5.0,1e-06,80,0.45,0.55,False,900.0,2,nan,nan,18.58655351770181,vittima non trovata entro 15 minuti
3234,200,3,142.5,95.0,5.0,1e-06,80,0.60,0.45,False,900.0,2,nan,nan,22.793352477774363,vittima non trovata entro 15 minuti
3270,200,3,66.5,133.0,1.0,1e-07,50,0.60,0.58,True,114.2,3,0.005555598195981902,0.07453588529011983,39.96235154118417,
3274,200,3,66.5,133.0,1.0,1e-07,80,0.60,0.45,True,107.30000000000001,3,0.0014004280567884552,0.037422293580009966,47.335483169936815,
3235,200,3,142.5,95.0,5.0,1e-06,80,0.60,0.58,False,900.0,2,nan,nan,20.911183634244264,vittima non trovata entro 15 minuti
3275,200,3,66.5,133.0,1.0,1e-07,80,0.60,0.58,True,115.80000000000001,3,7.356263632494103e-05,0.008576866346454342,42.98746518984476,
3279,200,3,66.5,133.0,1.0,1e-07,120,0.60,0.45,True,115.0,3,2.7988077810301168e-05,0.005290375961148807,42.59898948652029,
3280,200,3,66.5,133.0,1.0,1e-07,120,0.60,0.58,True,116.5,3,2.1024402293904675e-05,0.004585237430483254,44.83698858931394,
3276,200,3,66.5,133.0,1.0,1e-07,120,center,center,True,124.80000000000001,3,0.0002788566790657608,0.01669900233743803,37.32213348038102,
3277,200,3,66.5,133.0,1.0,1e-07,120,0.35,0.45,True,126.80000000000001,3,0.0008582684296341626,0.0292962186917384,33.450980459820116,
3278,200,3,66.5,133.0,1.0,1e-07,120,0.45,0.55,True,128.70000000000002,3,0.005238986970342717,0.07238084670921388,36.69148984901056,
3282,200,3,66.5,133.0,1.0,1e-06,25,0.35,0.45,True,114.7,3,nan,nan,26.027505357575013,
3288,200,3,66.5,133.0,1.0,1e-06,50,0.45,0.55,True,105.5,3,nan,nan,29.775101773495336,
3289,200,3,66.5,133.0,1.0,1e-06,50,0.60,0.45,True,113.9,3,nan,nan,24.810515456053416,
3287,200,3,66.5,133.0,1.0,1e-06,50,0.35,0.45,True,118.80000000000001,3,nan,nan,24.82027450131855,
3290,200,3,66.5,133.0,1.0,1e-06,50,0.60,0.58,True,104.9,3,nan,nan,30.069977413080235,
3293,200,3,66.5,133.0,1.0,1e-06,80,0.45,0.55,True,107.7,3,nan,nan,24.438636708521493,
3292,200,3,66.5,133.0,1.0,1e-06,80,0.35,0.45,True,119.0,3,nan,nan,25.655027793676805,
3295,200,3,66.5,133.0,1.0,1e-06,80,0.60,0.58,True,108.7,3,nan,nan,26.663321136150255,
3294,200,3,66.5,133.0,1.0,1e-06,80,0.60,0.45,True,114.60000000000001,3,nan,nan,25.52024957007996,
3296,200,3,66.5,133.0,1.0,1e-06,120,center,center,True,117.0,3,nan,nan,21.19045111045434,
3298,200,3,66.5,133.0,1.0,1e-06,120,0.45,0.55,True,112.4,3,nan,nan,24.980685188346836,
3297,200,3,66.5,133.0,1.0,1e-06,120,0.35,0.45,True,117.2,3,nan,nan,24.45680028488441,
3299,200,3,66.5,133.0,1.0,1e-06,120,0.60,0.45,True,112.7,3,nan,nan,28.58244772516154,
3300,200,3,66.5,133.0,1.0,1e-06,120,0.60,0.58,True,112.60000000000001,3,nan,nan,25.410588719135728,
3305,200,3,66.5,133.0,3.0,1e-08,25,0.60,0.58,True,190.3,3,0.03378175548681672,0.18379813787635804,11.511164340089529,
3304,200,3,66.5,133.0,3.0,1e-08,25,0.60,0.45,True,199.20000000000002,3,0.0005119983149978487,0.022627379764299904,9.024476336155038,
3311,200,3,66.5,133.0,3.0,1e-08,80,center,center,True,185.20000000000002,3,0.06758947057972269,0.259979750326295,17.869038344146848,
3307,200,3,66.5,133.0,3.0,1e-08,50,0.35,0.45,True,197.20000000000002,3,0.008888802242956656,0.09428044464763971,16.657544339987695,
3303,200,3,66.5,133.0,3.0,1e-08,25,0.45,0.55,True,226.5,3,0.033106274313212516,0.18195129654171888,30.893074313523655,
3302,200,3,66.5,133.0,3.0,1e-08,25,0.35,0.45,True,253.10000000000002,3,0.036386693355274724,0.19075296421097818,21.17195164191956,
3312,200,3,66.5,133.0,3.0,1e-08,80,0.35,0.45,True,197.0,3,0.010899493472978417,0.10440063923644537,22.457002845209754,
3306,200,3,66.5,133.0,3.0,1e-08,50,center,center,True,217.5,3,0.0720767283639982,0.2684710940939419,10.988871616395679,
3313,200,3,66.5,133.0,3.0,1e-08,80,0.45,0.55,True,202.4,3,0.07584802697902332,0.2754052050688645,21.764238459413164,
3315,200,3,66.5,133.0,3.0,1e-08,80,0.60,0.58,True,201.0,3,0.0088863921411859,0.09426766222404107,22.258149492709858,
3308,200,3,66.5,133.0,3.0,1e-08,50,0.45,0.55,True,216.60000000000002,3,0.0002036963544343761,0.014272223177710475,19.23294081843194,
3309,200,3,66.5,133.0,3.0,1e-08,50,0.60,0.45,True,212.10000000000002,3,0.03560536118981902,0.18869382923089725,25.54800110872953,
3314,200,3,66.5,133.0,3.0,1e-08,80,0.60,0.45,True,218.60000000000002,3,0.023849221538884566,0.1544319317333192,20.05904959080305,
3310,200,3,66.5,133.0,3.0,1e-08,50,0.60,0.58,True,291.6,3,0.0747180520776804,0.2733460299285146,21.850887406818718,
3301,200,3,66.5,133.0,3.0,1e-08,25,center,center,True,420.8,3,0.09332744885890723,0.305495415446627,24.627913383116667,
3317,200,3,66.5,133.0,3.0,1e-08,120,0.35,0.45,True,192.3,3,0.016452906241883974,0.12826888259388547,24.693951574966462,
3316,200,3,66.5,133.0,3.0,1e-08,120,center,center,True,197.5,3,0.0761695322940969,0.275988282892765,10.644662287805142,
3320,200,3,66.5,133.0,3.0,1e-08,120,0.60,0.58,True,193.0,3,0.03391699866174137,0.18416568263859956,27.085711821547598,
3318,200,3,66.5,133.0,3.0,1e-08,120,0.45,0.55,True,196.70000000000002,3,0.008885982761585216,0.09426549083087202,14.522037067280191,
3319,200,3,66.5,133.0,3.0,1e-08,120,0.60,0.45,True,214.3,3,0.034038273567716375,0.18449464373720006,23.45057097395417,
3330,200,3,66.5,133.0,3.0,1e-07,50,0.60,0.58,True,114.4,3,0.005557538730038065,0.0745489016018215,40.08810918995233,
3335,200,3,66.5,133.0,3.0,1e-07,80,0.60,0.58,True,116.2,3,0.00018045950389574376,0.013433521649059258,42.81545478691759,
3334,200,3,66.5,133.0,3.0,1e-07,80,0.60,0.45,True,158.5,3,1.7821953945951814e-05,0.004221605612317643,43.32059851375881,
3336,200,3,66.5,133.0,3.0,1e-07,120,center,center,True,122.7,3,3.634526063381742e-05,0.006028703063994562,39.35268641158634,
3337,200,3,66.5,133.0,3.0,1e-07,120,0.35,0.45,True,126.80000000000001,3,0.0008573757932588843,0.029280980059739878,33.456910675645034,
3261,200,3,66.5,133.0,1.0,1e-07,25,center,center,False,900.0,2,9.824507868801629e-05,0.00991186555033997,38.336162159762445,vittima non trovata entro 15 minuti
3262,200,3,66.5,133.0,1.0,1e-07,25,0.35,0.45,False,900.0,2,8.502339535925091e-05,0.009220813161497792,39.19306939762144,vittima non trovata entro 15 minuti
3263,200,3,66.5,133.0,1.0,1e-07,25,0.45,0.55,False,900.0,2,0.005228282180181176,0.07230686122479095,35.39050534643157,vittima non trovata entro 15 minuti
3338,200,3,66.5,133.0,3.0,1e-07,120,0.45,0.55,True,128.70000000000002,3,0.005250668004799235,0.0724614932553783,36.46525704064273,
3264,200,3,66.5,133.0,1.0,1e-07,25,0.60,0.45,False,900.0,2,0.0018141580170920727,0.04259293388687932,25.177958137682477,vittima non trovata entro 15 minuti
3339,200,3,66.5,133.0,3.0,1e-07,120,0.60,0.45,True,119.7,3,4.803631376101931e-05,0.006930823454757689,42.32492046575581,
3265,200,3,66.5,133.0,1.0,1e-07,25,0.60,0.58,False,900.0,2,0.0042128605699249914,0.06490655259621321,16.59163465127063,vittima non trovata entro 15 minuti
3266,200,3,66.5,133.0,1.0,1e-07,50,center,center,False,900.0,2,0.0004576422427607398,0.021392574477157717,35.57419596888687,vittima non trovata entro 15 minuti
3272,200,3,66.5,133.0,1.0,1e-07,80,0.35,0.45,False,900.0,2,0.004148278211516496,0.06440712857686248,32.45892062286076,vittima non trovata entro 15 minuti
3340,200,3,66.5,133.0,3.0,1e-07,120,0.60,0.58,True,116.80000000000001,3,1.6993774631877263e-05,0.00412235061971653,44.405458005703125,
3271,200,3,66.5,133.0,1.0,1e-07,80,center,center,False,900.0,2,0.00445730171046122,0.06676302652262868,42.70556071553447,vittima non trovata entro 15 minuti
3267,200,3,66.5,133.0,1.0,1e-07,50,0.35,0.45,False,900.0,2,0.001610269261415462,0.04012816045391892,30.588663663098423,vittima non trovata entro 15 minuti
3342,200,3,66.5,133.0,3.0,1e-06,25,0.35,0.45,True,114.9,3,nan,nan,26.290551766074344,
3273,200,3,66.5,133.0,1.0,1e-07,80,0.45,0.55,False,900.0,2,0.0003091825998598545,0.017583588935705205,40.58473262300511,vittima non trovata entro 15 minuti
3269,200,3,66.5,133.0,1.0,1e-07,50,0.60,0.45,False,900.0,2,7.269792649147773e-05,0.008526307905035902,42.8340480701579,vittima non trovata entro 15 minuti
3281,200,3,66.5,133.0,1.0,1e-06,25,center,center,False,900.0,2,nan,nan,25.638273917427096,vittima non trovata entro 15 minuti
3285,200,3,66.5,133.0,1.0,1e-06,25,0.60,0.58,False,900.0,2,nan,nan,24.85258561393219,vittima non trovata entro 15 minuti
3284,200,3,66.5,133.0,1.0,1e-06,25,0.60,0.45,False,900.0,2,75.25017048925673,8.67468561328056,16.2943950498394,vittima non trovata entro 15 minuti
3347,200,3,66.5,133.0,3.0,1e-06,50,0.35,0.45,True,118.0,3,nan,nan,25.368881386584487,
3348,200,3,66.5,133.0,3.0,1e-06,50,0.45,0.55,True,113.10000000000001,3,nan,nan,24.753733451266474,
3283,200,3,66.5,133.0,1.0,1e-06,25,0.45,0.55,False,900.0,2,nan,nan,23.25150074138271,vittima non trovata entro 15 minuti
3286,200,3,66.5,133.0,1.0,1e-06,50,center,center,False,900.0,2,nan,nan,20.63154100446784,vittima non trovata entro 15 minuti
3350,200,3,66.5,133.0,3.0,1e-06,50,0.60,0.58,True,105.10000000000001,3,nan,nan,29.75966102208263,
3349,200,3,66.5,133.0,3.0,1e-06,50,0.60,0.45,True,114.4,3,nan,nan,25.137880876143907,
3353,200,3,66.5,133.0,3.0,1e-06,80,0.45,0.55,True,108.0,3,nan,nan,24.180217094290054,
3355,200,3,66.5,133.0,3.0,1e-06,80,0.60,0.58,True,108.4,3,nan,nan,26.37161966967062,
3354,200,3,66.5,133.0,3.0,1e-06,80,0.60,0.45,True,115.2,3,nan,nan,25.496509066563544,
3352,200,3,66.5,133.0,3.0,1e-06,80,0.35,0.45,True,119.80000000000001,3,nan,nan,25.468251270462023,
3291,200,3,66.5,133.0,1.0,1e-06,80,center,center,False,900.0,2,nan,nan,22.080934575065445,vittima non trovata entro 15 minuti
3356,200,3,66.5,133.0,3.0,1e-06,120,center,center,True,116.2,3,nan,nan,20.479552259423784,
3358,200,3,66.5,133.0,3.0,1e-06,120,0.45,0.55,True,112.80000000000001,3,nan,nan,22.80499776346734,
3357,200,3,66.5,133.0,3.0,1e-06,120,0.35,0.45,True,117.30000000000001,3,nan,nan,24.58640049867235,
3359,200,3,66.5,133.0,3.0,1e-06,120,0.60,0.45,True,112.4,3,nan,nan,25.359972275243976,
3360,200,3,66.5,133.0,3.0,1e-06,120,0.60,0.58,True,112.9,3,nan,nan,25.423345021392006,
3361,200,3,66.5,133.0,5.0,1e-08,25,center,center,True,208.3,3,0.09203672035928426,0.3033755434429154,24.212909359932134,
3364,200,3,66.5,133.0,5.0,1e-08,25,0.60,0.45,True,200.8,3,0.00811057980675024,0.09005875752390902,8.787092740393483,
3365,200,3,66.5,133.0,5.0,1e-08,25,0.60,0.58,True,190.10000000000002,3,0.0337835747188942,0.18380308680458607,11.485913117517947,
3367,200,3,66.5,133.0,5.0,1e-08,50,0.35,0.45,True,197.20000000000002,3,0.00888880224278385,0.09428044464672326,16.65770601593207,
3363,200,3,66.5,133.0,5.0,1e-08,25,0.45,0.55,True,225.10000000000002,3,0.03388958428352673,0.1840912390189352,29.98489596409454,
3369,200,3,66.5,133.0,5.0,1e-08,50,0.60,0.45,True,210.60000000000002,3,0.05100900009495316,0.22585172147883478,25.88783408062309,
3362,200,3,66.5,133.0,5.0,1e-08,25,0.35,0.45,True,253.10000000000002,3,0.03634230208858277,0.1906365707008568,21.17712351865761,
3368,200,3,66.5,133.0,5.0,1e-08,50,0.45,0.55,True,222.20000000000002,3,0.00436554799821954,0.06607229372603572,18.793450248362504,
3371,200,3,66.5,133.0,5.0,1e-08,80,center,center,True,196.70000000000002,3,0.03354194518008592,0.1831446018316836,14.422195223731592,
3366,200,3,66.5,133.0,5.0,1e-08,50,center,center,True,228.0,3,0.07785478597382792,0.27902470495249687,10.605806076974465,
3372,200,3,66.5,133.0,5.0,1e-08,80,0.35,0.45,True,197.0,3,0.01089949393615226,0.1044006414546973,22.45700332197547,
3373,200,3,66.5,133.0,5.0,1e-08,80,0.45,0.55,True,201.5,3,0.037999626688503776,0.1949349293700433,21.646188753413004,
3374,200,3,66.5,133.0,5.0,1e-08,80,0.60,0.45,True,209.3,3,0.008882858579786409,0.09424891818894479,17.420607659939765,
3321,200,3,66.5,133.0,3.0,1e-07,25,center,center,False,900.0,2,0.00010420284907460384,0.010207979676439596,38.623408701452696,vittima non trovata entro 15 minuti
3322,200,3,66.5,133.0,3.0,1e-07,25,0.35,0.45,False,900.0,2,8.487538968814295e-05,0.009212784035683402,39.192090570785204,vittima non trovata entro 15 minuti
3370,200,3,66.5,133.0,5.0,1e-08,50,0.60,0.58,True,294.5,3,0.07504639317226133,0.2739459676145304,21.40868125992143,
3326,200,3,66.5,133.0,3.0,1e-07,50,center,center,False,900.0,2,0.0004710126336333643,0.02170282547580762,34.67740867009907,vittima non trovata entro 15 minuti
3324,200,3,66.5,133.0,3.0,1e-07,25,0.60,0.45,False,900.0,2,0.0014280393069139188,0.03778940733742617,24.28671060006502,vittima non trovata entro 15 minuti
3323,200,3,66.5,133.0,3.0,1e-07,25,0.45,0.55,False,900.0,2,0.005246478366626044,0.07243257807524212,34.982621578770654,vittima non trovata entro 15 minuti
3325,200,3,66.5,133.0,3.0,1e-07,25,0.60,0.58,False,900.0,2,0.004212977616414779,0.06490745424382918,16.593158513630954,vittima non trovata entro 15 minuti
3327,200,3,66.5,133.0,3.0,1e-07,50,0.35,0.45,False,900.0,2,0.0016017827976348307,0.04002227876614262,30.36419620526428,vittima non trovata entro 15 minuti
3328,200,3,66.5,133.0,3.0,1e-07,50,0.45,0.55,False,900.0,2,0.00028431482045001525,0.016861637537618202,37.98610465072547,vittima non trovata entro 15 minuti
3377,200,3,66.5,133.0,5.0,1e-08,120,0.35,0.45,True,192.3,3,0.01645290648967842,0.12826888355980345,24.69395152949065,
3376,200,3,66.5,133.0,5.0,1e-08,120,center,center,True,196.60000000000002,3,0.07354440221529698,0.2711907118898009,9.08434270023329,
3375,200,3,66.5,133.0,5.0,1e-08,80,0.60,0.58,True,201.10000000000002,3,0.008886390496491255,0.09426765350050491,22.242995090505012,
3378,200,3,66.5,133.0,5.0,1e-08,120,0.45,0.55,True,196.20000000000002,3,0.008886010516319843,0.09426563804653232,14.609243395822233,
3380,200,3,66.5,133.0,5.0,1e-08,120,0.60,0.58,True,192.8,3,0.03391700437785342,0.18416569815753808,27.020575146833302,
3379,200,3,66.5,133.0,5.0,1e-08,120,0.60,0.45,True,213.10000000000002,3,0.022242055091512836,0.1491377051302347,20.939521439023192,
3390,200,3,66.5,133.0,5.0,1e-07,50,0.60,0.58,True,115.10000000000001,3,0.005553838010341699,0.074524076715795,39.747521842149446,
3329,200,3,66.5,133.0,3.0,1e-07,50,0.60,0.45,False,900.0,2,8.25369316765037e-05,0.009084983856700226,43.01431427038761,vittima non trovata entro 15 minuti
3331,200,3,66.5,133.0,3.0,1e-07,80,center,center,False,900.0,2,0.00400776448111349,0.06330690705691987,29.511330484735417,vittima non trovata entro 15 minuti
3395,200,3,66.5,133.0,5.0,1e-07,80,0.60,0.58,True,116.2,3,0.0034793345362091658,0.05898588421147186,43.00355233476509,
3332,200,3,66.5,133.0,3.0,1e-07,80,0.35,0.45,False,900.0,2,0.004148928247022972,0.06441217468012528,32.46784953110251,vittima non trovata entro 15 minuti
3396,200,3,66.5,133.0,5.0,1e-07,120,center,center,True,132.4,3,0.004198333893002332,0.0647945514144695,29.53245525783829,
3399,200,3,66.5,133.0,5.0,1e-07,120,0.60,0.45,True,117.0,3,4.355844028832005e-06,0.0020870658899114817,42.582899134760794,
3333,200,3,66.5,133.0,3.0,1e-07,80,0.45,0.55,False,900.0,2,0.0003056192508251842,0.01748196930626479,40.424460563714945,vittima non trovata entro 15 minuti
3397,200,3,66.5,133.0,5.0,1e-07,120,0.35,0.45,True,126.80000000000001,3,0.0008538640033809305,0.029220951445511328,33.490127127653714,
3400,200,3,66.5,133.0,5.0,1e-07,120,0.60,0.58,True,116.9,3,2.0697443026848617e-05,0.004549444254724814,44.541389399916426,
3394,200,3,66.5,133.0,5.0,1e-07,80,0.60,0.45,True,160.8,3,0.005210662120519592,0.0721849161564907,39.04747667451724,
3398,200,3,66.5,133.0,5.0,1e-07,120,0.45,0.55,True,133.70000000000002,3,0.0005251969894811356,0.022917176734518055,35.15197014653629,
3402,200,3,66.5,133.0,5.0,1e-06,25,0.35,0.45,True,118.2,3,nan,nan,23.875897230500126,
3403,200,3,66.5,133.0,5.0,1e-06,25,0.45,0.55,True,115.80000000000001,3,nan,nan,22.001569265089913,
3407,200,3,66.5,133.0,5.0,1e-06,50,0.35,0.45,True,120.9,3,nan,nan,21.920313184977594,
3410,200,3,66.5,133.0,5.0,1e-06,50,0.60,0.58,True,104.5,3,nan,nan,25.041263901164328,
3408,200,3,66.5,133.0,5.0,1e-06,50,0.45,0.55,True,112.9,3,nan,nan,23.914255824599667,
3413,200,3,66.5,133.0,5.0,1e-06,80,0.45,0.55,True,111.10000000000001,3,nan,nan,21.76871613651585,
3409,200,3,66.5,133.0,5.0,1e-06,50,0.60,0.45,True,116.80000000000001,3,nan,nan,25.313201284080318,
3412,200,3,66.5,133.0,5.0,1e-06,80,0.35,0.45,True,120.5,3,nan,nan,25.025439005822257,
3414,200,3,66.5,133.0,5.0,1e-06,80,0.60,0.45,True,115.30000000000001,3,nan,nan,25.79466537201777,
3415,200,3,66.5,133.0,5.0,1e-06,80,0.60,0.58,True,109.5,3,nan,nan,26.409512870349342,
3416,200,3,66.5,133.0,5.0,1e-06,120,center,center,True,118.0,3,nan,nan,19.570425716645328,
3417,200,3,66.5,133.0,5.0,1e-06,120,0.35,0.45,True,118.0,3,nan,nan,23.45585204090755,
3418,200,3,66.5,133.0,5.0,1e-06,120,0.45,0.55,True,113.4,3,nan,nan,22.272935947896325,
3419,200,3,66.5,133.0,5.0,1e-06,120,0.60,0.45,True,115.60000000000001,3,nan,nan,28.887657258325653,
3420,200,3,66.5,133.0,5.0,1e-06,120,0.60,0.58,True,113.7,3,nan,nan,25.442386982976085,
3341,200,3,66.5,133.0,3.0,1e-06,25,center,center,False,900.0,2,nan,nan,25.12883135179138,vittima non trovata entro 15 minuti
3343,200,3,66.5,133.0,3.0,1e-06,25,0.45,0.55,False,900.0,2,nan,nan,22.89879866411158,vittima non trovata entro 15 minuti
3344,200,3,66.5,133.0,3.0,1e-06,25,0.60,0.45,False,900.0,2,84.04932813088506,9.167842065114618,16.183056725203343,vittima non trovata entro 15 minuti
3422,200,3,121.7,51.6,1.0,1e-08,25,0.35,0.45,True,183.3,3,308.0350846404341,17.550928312782606,45.23633056346457,
3345,200,3,66.5,133.0,3.0,1e-06,25,0.60,0.58,False,900.0,2,166.32531579811885,12.896717248901709,13.605132076039778,vittima non trovata entro 15 minuti
3346,200,3,66.5,133.0,3.0,1e-06,50,center,center,False,900.0,2,nan,nan,17.37915416812659,vittima non trovata entro 15 minuti
3421,200,3,121.7,51.6,1.0,1e-08,25,center,center,True,226.8,3,82.90901721166564,9.105438880782499,45.919268009280515,
3425,200,3,121.7,51.6,1.0,1e-08,25,0.60,0.58,True,206.60000000000002,3,211.28183971040156,14.535537131815994,48.2187326020573,
3424,200,3,121.7,51.6,1.0,1e-08,25,0.60,0.45,True,202.3,3,0.0007263368020503572,0.026950636394162515,50.88900371349059,
3351,200,3,66.5,133.0,3.0,1e-06,80,center,center,False,900.0,2,nan,nan,18.787386893152586,vittima non trovata entro 15 minuti
3423,200,3,121.7,51.6,1.0,1e-08,25,0.45,0.55,True,265.40000000000003,3,628.9027017207524,25.077932564722165,40.665337884898115,
3426,200,3,121.7,51.6,1.0,1e-08,50,center,center,True,202.10000000000002,3,287.10787701635803,16.944257936432567,46.84205970431188,
3431,200,3,121.7,51.6,1.0,1e-08,80,center,center,True,205.9,3,2.8642545392632686,1.6924108659729376,49.15817599834856,
3427,200,3,121.7,51.6,1.0,1e-08,50,0.35,0.45,True,266.5,3,0.033117105007570105,0.18198105672725967,50.226829825079854,
3429,200,3,121.7,51.6,1.0,1e-08,50,0.60,0.45,True,256.2,3,1127.6327305930504,33.580243158634964,49.37256245971828,
3432,200,3,121.7,51.6,1.0,1e-08,80,0.35,0.45,True,205.4,3,0.006271692763703889,0.07919401974709889,49.28835098482296,
3430,200,3,121.7,51.6,1.0,1e-08,50,0.60,0.58,True,226.9,3,0.07530160283330264,0.2744113751893362,42.05755093713557,
3437,200,3,121.7,51.6,1.0,1e-08,120,0.35,0.45,True,177.20000000000002,3,0.00893182120264186,0.09450831287586219,44.934011948761395,
3438,200,3,121.7,51.6,1.0,1e-08,120,0.45,0.55,True,202.70000000000002,3,0.021050285109958492,0.1450871638359455,50.80433614841199,
3439,200,3,121.7,51.6,1.0,1e-08,120,0.60,0.45,True,191.4,3,0.0,0.0,50.98866966777817,
3436,200,3,121.7,51.6,1.0,1e-08,120,center,center,True,228.8,3,4.261060836862147,2.0642337166275886,48.97523255808437,
3434,200,3,121.7,51.6,1.0,1e-08,80,0.60,0.45,True,269.7,3,466.2003712497705,21.59167365559628,40.34011653836613,
3433,200,3,121.7,51.6,1.0,1e-08,80,0.45,0.55,True,296.40000000000003,3,495.6618144838941,22.263463667720128,37.8337881479645,
3435,200,3,121.7,51.6,1.0,1e-08,80,0.60,0.58,True,305.0,3,651.5878424140707,25.526218725343373,36.74545720857191,
3440,200,3,121.7,51.6,1.0,1e-08,120,0.60,0.58,True,235.8,3,6.715959164317807,2.591516769059735,48.13241647325117,
3383,200,3,66.5,133.0,5.0,1e-07,25,0.45,0.55,False,900.0,2,0.005280881838329712,0.07266967619529974,35.27726231894556,vittima non trovata entro 15 minuti
3381,200,3,66.5,133.0,5.0,1e-07,25,center,center,False,900.0,2,9.53069445037705e-05,0.0097625275673757,38.21999114742434,vittima non trovata entro 15 minuti
3382,200,3,66.5,133.0,5.0,1e-07,25,0.35,0.45,False,900.0,2,8.172191671386859e-05,0.009040017517343017,38.92209236904628,vittima non trovata entro 15 minuti
3385,200,3,66.5,133.0,5.0,1e-07,25,0.60,0.58,False,900.0,2,0.004304842944690492,0.06561130195850783,16.63383565869301,vittima non trovata entro 15 minuti
3384,200,3,66.5,133.0,5.0,1e-07,25,0.60,0.45,False,900.0,2,0.002520751856601068,0.05020708970455336,23.98362492384163,vittima non trovata entro 15 minuti
3386,200,3,66.5,133.0,5.0,1e-07,50,center,center,False,900.0,2,0.004470923096792736,0.06686496165251825,34.34573254296593,vittima non trovata entro 15 minuti
3387,200,3,66.5,133.0,5.0,1e-07,50,0.35,0.45,False,900.0,2,0.0015896946076679691,0.03987097450110756,30.511171103111455,vittima non trovata entro 15 minuti
3391,200,3,66.5,133.0,5.0,1e-07,80,center,center,False,900.0,2,0.0008202645990275815,0.028640261853334747,32.14483171918446,vittima non trovata entro 15 minuti
3392,200,3,66.5,133.0,5.0,1e-07,80,0.35,0.45,False,900.0,2,0.004147065454928055,0.06439771311877507,32.45272475322397,vittima non trovata entro 15 minuti
3388,200,3,66.5,133.0,5.0,1e-07,50,0.45,0.55,False,900.0,2,0.000272879940510897,0.016519078076905412,38.025315178733244,vittima non trovata entro 15 minuti
3389,200,3,66.5,133.0,5.0,1e-07,50,0.60,0.45,False,900.0,2,8.681648952321911e-05,0.009317536666051769,43.04918918693224,vittima non trovata entro 15 minuti
3393,200,3,66.5,133.0,5.0,1e-07,80,0.45,0.55,False,900.0,2,0.0002650898171128276,0.01628157907307604,40.40382844389717,vittima non trovata entro 15 minuti
3456,200,3,121.7,51.6,1.0,1e-07,120,center,center,True,141.9,3,nan,nan,5.426203697708702,
3457,200,3,121.7,51.6,1.0,1e-07,120,0.35,0.45,True,134.70000000000002,3,nan,nan,2.2073524209437316,
3459,200,3,121.7,51.6,1.0,1e-07,120,0.60,0.45,True,134.1,3,nan,nan,4.839009674572962,
3458,200,3,121.7,51.6,1.0,1e-07,120,0.45,0.55,True,138.0,3,nan,nan,3.6846523229469654,
3451,200,3,121.7,51.6,1.0,1e-07,80,center,center,True,272.8,3,88.35535923855515,9.399753147745697,28.63107239428167,
3460,200,3,121.7,51.6,1.0,1e-07,120,0.60,0.58,True,134.70000000000002,3,nan,nan,3.12934451267511,
3448,200,3,121.7,51.6,1.0,1e-07,50,0.45,0.55,True,299.0,3,531.5338735579015,23.055018402896614,30.038651211349087,
3452,200,3,121.7,51.6,1.0,1e-07,80,0.35,0.45,True,284.8,3,552.1967558775491,23.498867119024037,22.722607294287876,
3450,200,3,121.7,51.6,1.0,1e-07,50,0.60,0.58,True,310.70000000000005,3,509.05914037183396,22.56233898273479,31.534735823022476,
3401,200,3,66.5,133.0,5.0,1e-06,25,center,center,False,900.0,2,nan,nan,24.17247258803736,vittima non trovata entro 15 minuti
3446,200,3,121.7,51.6,1.0,1e-07,50,center,center,True,393.20000000000005,3,388.8325035898986,19.71883626358053,19.5516443134194,
3453,200,3,121.7,51.6,1.0,1e-07,80,0.45,0.55,True,281.8,3,559.2425556436698,23.648309784076954,22.12039461741253,
3405,200,3,66.5,133.0,5.0,1e-06,25,0.60,0.58,False,900.0,2,nan,nan,21.6325624494655,vittima non trovata entro 15 minuti
3404,200,3,66.5,133.0,5.0,1e-06,25,0.60,0.45,False,900.0,2,74.65775693507351,8.640472031959453,16.57414485693152,vittima non trovata entro 15 minuti
3406,200,3,66.5,133.0,5.0,1e-06,50,center,center,False,900.0,2,nan,nan,18.7982383156615,vittima non trovata entro 15 minuti
3454,200,3,121.7,51.6,1.0,1e-07,80,0.60,0.45,True,314.8,3,607.1738915949367,24.640898757856554,21.00281978587136,
3411,200,3,66.5,133.0,5.0,1e-06,80,center,center,False,900.0,2,nan,nan,18.145131109253214,vittima non trovata entro 15 minuti
3447,200,3,121.7,51.6,1.0,1e-07,50,0.35,0.45,True,441.8,3,508.85872180101137,22.557897105027575,28.85921480515504,
3455,200,3,121.7,51.6,1.0,1e-07,80,0.60,0.58,True,299.5,3,410.7832019242097,20.26778729719181,20.659189402189202,
3477,200,3,121.7,51.6,1.0,1e-06,120,0.35,0.45,True,132.20000000000002,3,nan,nan,0.39887633118816035,
3478,200,3,121.7,51.6,1.0,1e-06,120,0.45,0.55,True,133.9,3,nan,nan,1.872249027218873,
3476,200,3,121.7,51.6,1.0,1e-06,120,center,center,True,147.4,3,nan,nan,3.7908908713564085,
3449,200,3,121.7,51.6,1.0,1e-07,50,0.60,0.45,True,447.90000000000003,3,518.8292209769338,22.777823007849847,28.24875269957366,
3479,200,3,121.7,51.6,1.0,1e-06,120,0.60,0.45,True,137.8,3,nan,nan,3.8584381583768512,
3480,200,3,121.7,51.6,1.0,1e-06,120,0.60,0.58,True,138.6,3,nan,nan,1.082313361693451,
3428,200,3,121.7,51.6,1.0,1e-08,50,0.45,0.55,False,900.0,2,0.025062269615220466,0.15831067435653373,38.8402877873049,vittima non trovata entro 15 minuti
3482,200,3,121.7,51.6,3.0,1e-08,25,0.35,0.45,True,183.3,3,308.0350848248933,17.550928318037577,45.236330745313886,
3481,200,3,121.7,51.6,3.0,1e-08,25,center,center,True,192.70000000000002,3,4.0269426861489155,2.0067243672584723,50.81303103064402,
3484,200,3,121.7,51.6,3.0,1e-08,25,0.60,0.45,True,207.5,3,6.965020229609834e-21,8.345669673315518e-11,48.194644492056895,
3485,200,3,121.7,51.6,3.0,1e-08,25,0.60,0.58,True,204.0,3,319.21084111893936,17.86647254269682,48.47319072228503,
3474,200,3,121.7,51.6,1.0,1e-06,80,0.60,0.45,True,309.5,3,214.2327060578776,14.636690406573393,11.957713065254858,
3490,200,3,121.7,51.6,3.0,1e-08,50,0.60,0.58,True,193.70000000000002,3,452.53780059081805,21.272935871449857,40.05800042084936,
3489,200,3,121.7,51.6,3.0,1e-08,50,0.60,0.45,True,199.4,3,164.17265285326067,12.812987663041772,51.220844537313916,
3492,200,3,121.7,51.6,3.0,1e-08,80,0.35,0.45,True,205.4,3,0.006271692763704209,0.07919401974710091,49.28835099239175,
3491,200,3,121.7,51.6,3.0,1e-08,80,center,center,True,208.70000000000002,3,0.2871769229287934,0.5358889091302351,47.244841525267994,
3487,200,3,121.7,51.6,3.0,1e-08,50,0.35,0.45,True,266.5,3,0.03311710506052,0.18198105687274158,50.22682983055697,
3483,200,3,121.7,51.6,3.0,1e-08,25,0.45,0.55,True,370.20000000000005,3,804.5579775234511,28.364731226004082,36.09182563894329,
3441,200,3,121.7,51.6,1.0,1e-07,25,center,center,False,900.0,2,69.8672930284421,8.358665744509832,7.565718455607618,vittima non trovata entro 15 minuti
3494,200,3,121.7,51.6,3.0,1e-08,80,0.60,0.45,True,199.0,3,390.1198900119557,19.751452858257178,44.99380293982529,
3497,200,3,121.7,51.6,3.0,1e-08,120,0.35,0.45,True,177.60000000000002,3,0.008931706208369075,0.09450770449211575,44.98460648737687,
3496,200,3,121.7,51.6,3.0,1e-08,120,center,center,True,184.3,3,3.482495810476657e-05,0.005901267499848365,41.19251130574533,
3499,200,3,121.7,51.6,3.0,1e-08,120,0.60,0.45,True,184.5,3,3.333054566694116e-05,0.005773261267857289,46.54103631813335,
3498,200,3,121.7,51.6,3.0,1e-08,120,0.45,0.55,True,202.3,3,0.014110851938170122,0.11878910698447953,50.86443022446968,
3442,200,3,121.7,51.6,1.0,1e-07,25,0.35,0.45,False,900.0,2,508.3039056791707,22.545596148231937,22.532068808689985,vittima non trovata entro 15 minuti
3443,200,3,121.7,51.6,1.0,1e-07,25,0.45,0.55,False,900.0,2,0.000494566631039368,0.022238854085572125,21.919275568889383,vittima non trovata entro 15 minuti
3444,200,3,121.7,51.6,1.0,1e-07,25,0.60,0.45,False,900.0,2,529.1265620030067,23.00275118334776,19.916750604637155,vittima non trovata entro 15 minuti
3445,200,3,121.7,51.6,1.0,1e-07,25,0.60,0.58,False,900.0,2,549.8742852539998,23.449398398551715,23.331337160788554,vittima non trovata entro 15 minuti
3493,200,3,121.7,51.6,3.0,1e-08,80,0.45,0.55,True,288.40000000000003,3,489.43662964676685,22.12321472224972,37.88898639271575,
3500,200,3,121.7,51.6,3.0,1e-08,120,0.60,0.58,True,186.70000000000002,3,0.0014031690985722017,0.03745889879017003,42.91074456518472,
3461,200,3,121.7,51.6,1.0,1e-06,25,center,center,False,900.0,2,144.16813384873922,12.007003533302521,9.090921672708953,vittima non trovata entro 15 minuti
3495,200,3,121.7,51.6,3.0,1e-08,80,0.60,0.58,True,433.0,3,0.0,0.0,50.98866966777817,
3516,200,3,121.7,51.6,3.0,1e-07,120,center,center,True,146.6,3,nan,nan,4.7225324269741495,
3508,200,3,121.7,51.6,3.0,1e-07,50,0.45,0.55,True,287.7,3,505.8821922488094,22.491825009296363,29.68164898844963,
3513,200,3,121.7,51.6,3.0,1e-07,80,0.45,0.55,True,281.2,3,575.8361221320622,23.996585634878606,22.7463160758352,
3511,200,3,121.7,51.6,3.0,1e-07,80,center,center,True,282.2,3,80.22169890258843,8.956656681071818,27.420383361353842,
3512,200,3,121.7,51.6,3.0,1e-07,80,0.35,0.45,True,284.8,3,551.8619003906082,23.49174111024145,22.998542851073,
3510,200,3,121.7,51.6,3.0,1e-07,50,0.60,0.58,True,290.6,3,550.4024261993708,23.46065698567222,33.27222684404739,
3462,200,3,121.7,51.6,1.0,1e-06,25,0.35,0.45,False,900.0,2,190.2219559187757,13.792097589517546,13.409963173713138,vittima non trovata entro 15 minuti
3517,200,3,121.7,51.6,3.0,1e-07,120,0.35,0.45,True,136.6,3,nan,nan,2.2016492547255297,
3464,200,3,121.7,51.6,1.0,1e-06,25,0.60,0.45,False,900.0,2,70.02075741137978,8.367840665989032,8.638769199128792,vittima non trovata entro 15 minuti
3463,200,3,121.7,51.6,1.0,1e-06,25,0.45,0.55,False,900.0,2,50.77386498867232,7.125578221356658,5.725550136992799,vittima non trovata entro 15 minuti
3465,200,3,121.7,51.6,1.0,1e-06,25,0.60,0.58,False,900.0,2,41.167382146517355,6.416181274443339,6.017947632727263,vittima non trovata entro 15 minuti
3514,200,3,121.7,51.6,3.0,1e-07,80,0.60,0.45,True,315.0,3,587.1608730359801,24.231402622134365,20.54682375057261,
3466,200,3,121.7,51.6,1.0,1e-06,50,center,center,False,900.0,2,nan,nan,5.490898193693944,vittima non trovata entro 15 minuti
3467,200,3,121.7,51.6,1.0,1e-06,50,0.35,0.45,False,900.0,2,nan,nan,0.4215720212853028,vittima non trovata entro 15 minuti
3468,200,3,121.7,51.6,1.0,1e-06,50,0.45,0.55,False,900.0,2,32.030216119651335,5.659524372211091,4.516177029252739,vittima non trovata entro 15 minuti
3470,200,3,121.7,51.6,1.0,1e-06,50,0.60,0.58,False,900.0,2,nan,nan,0.3019517311065662,vittima non trovata entro 15 minuti
3469,200,3,121.7,51.6,1.0,1e-06,50,0.60,0.45,False,900.0,2,nan,nan,3.6596962215286606,vittima non trovata entro 15 minuti
3471,200,3,121.7,51.6,1.0,1e-06,80,center,center,False,900.0,2,nan,nan,4.047619311412064,vittima non trovata entro 15 minuti
3472,200,3,121.7,51.6,1.0,1e-06,80,0.35,0.45,False,900.0,2,nan,nan,0.468811259407823,vittima non trovata entro 15 minuti
3518,200,3,121.7,51.6,3.0,1e-07,120,0.45,0.55,True,138.20000000000002,3,nan,nan,3.3513225555285704,
3507,200,3,121.7,51.6,3.0,1e-07,50,0.35,0.45,True,441.90000000000003,3,503.2695033914665,22.433668968571915,28.87521486565242,
3519,200,3,121.7,51.6,3.0,1e-07,120,0.60,0.45,True,133.20000000000002,3,nan,nan,5.124003056100615,
3520,200,3,121.7,51.6,3.0,1e-07,120,0.60,0.58,True,133.20000000000002,3,nan,nan,3.132837007332498,
3473,200,3,121.7,51.6,1.0,1e-06,80,0.45,0.55,False,900.0,2,nan,nan,2.059726908603405,vittima non trovata entro 15 minuti
3475,200,3,121.7,51.6,1.0,1e-06,80,0.60,0.58,False,900.0,2,nan,nan,0.9397813497994325,vittima non trovata entro 15 minuti
3486,200,3,121.7,51.6,3.0,1e-08,50,center,center,False,900.0,2,26.140069277518997,5.11273598746493,48.33026001135155,vittima non trovata entro 15 minuti
3488,200,3,121.7,51.6,3.0,1e-08,50,0.45,0.55,False,900.0,2,0.025019918398600356,0.15817685797423198,38.72822404795801,vittima non trovata entro 15 minuti
3509,200,3,121.7,51.6,3.0,1e-07,50,0.60,0.45,True,463.70000000000005,3,497.56468950691607,22.30615810727872,25.87880655116975,
3537,200,3,121.7,51.6,3.0,1e-06,120,0.35,0.45,True,131.4,3,nan,nan,0.4819394272972359,
3538,200,3,121.7,51.6,3.0,1e-06,120,0.45,0.55,True,134.70000000000002,3,nan,nan,1.3756069964122755,
3540,200,3,121.7,51.6,3.0,1e-06,120,0.60,0.58,True,135.0,3,nan,nan,1.229916297034606,
3536,200,3,121.7,51.6,3.0,1e-06,120,center,center,True,146.3,3,nan,nan,4.078593792067668,
3539,200,3,121.7,51.6,3.0,1e-06,120,0.60,0.45,True,138.20000000000002,3,nan,nan,3.901778587031406,
3542,200,3,121.7,51.6,5.0,1e-08,25,0.35,0.45,True,181.8,3,247.27618558384992,15.725017824595618,45.753202069302304,
3521,200,3,121.7,51.6,3.0,1e-06,25,center,center,True,315.70000000000005,3,123.68401244564394,11.121331415151872,9.734199849943314,
3541,200,3,121.7,51.6,5.0,1e-08,25,center,center,True,227.4,3,0.2443836720701614,0.494351769563093,49.9331196608261,
3544,200,3,121.7,51.6,5.0,1e-08,25,0.60,0.45,True,214.70000000000002,3,0.03362314382437277,0.1833661468875124,50.51090492131157,
3545,200,3,121.7,51.6,5.0,1e-08,25,0.60,0.58,True,204.10000000000002,3,167.16618350708717,12.9292762174488,48.790986693530364,
3549,200,3,121.7,51.6,5.0,1e-08,50,0.60,0.45,True,205.10000000000002,3,387.38991904584447,19.682223427393676,44.985065027690716,
3534,200,3,121.7,51.6,3.0,1e-06,80,0.60,0.45,True,334.6,3,161.45100342130854,12.706337136299688,10.16574160215015,
3501,200,3,121.7,51.6,3.0,1e-07,25,center,center,False,900.0,1,53.629693481435346,7.323229716555076,15.772453087121525,vittima non trovata entro 15 minuti
3547,200,3,121.7,51.6,5.0,1e-08,50,0.35,0.45,True,266.5,3,0.03311710526005335,0.18198105742096715,50.226829853907155,
3550,200,3,121.7,51.6,5.0,1e-08,50,0.60,0.58,True,247.70000000000002,3,0.0014010423582799213,0.03743050037442622,50.129210998263,
3546,200,3,121.7,51.6,5.0,1e-08,50,center,center,True,267.2,3,808.1688657635583,28.42831099034127,39.59552801486288,
3543,200,3,121.7,51.6,5.0,1e-08,25,0.45,0.55,True,370.20000000000005,3,804.8070990018618,28.369122281132736,36.10230210059481,
3552,200,3,121.7,51.6,5.0,1e-08,80,0.35,0.45,True,205.60000000000002,3,0.00627169274905171,0.07919401965459077,49.35866160476658,
3502,200,3,121.7,51.6,3.0,1e-07,25,0.35,0.45,False,900.0,2,520.7095040128067,22.819060103624047,22.51107334432303,vittima non trovata entro 15 minuti
3551,200,3,121.7,51.6,5.0,1e-08,80,center,center,True,247.4,3,0.045647666295480255,0.21365314482937117,50.75256343694317,
3503,200,3,121.7,51.6,3.0,1e-07,25,0.45,0.55,False,900.0,2,0.0005096224916492192,0.022574819858621666,21.784002355616526,vittima non trovata entro 15 minuti
3504,200,3,121.7,51.6,3.0,1e-07,25,0.60,0.45,False,900.0,2,532.5148093652147,23.076282399147715,19.758226038516757,vittima non trovata entro 15 minuti
3505,200,3,121.7,51.6,3.0,1e-07,25,0.60,0.58,False,900.0,2,565.4169997542252,23.77849868587639,23.161485882810062,vittima non trovata entro 15 minuti
3557,200,3,121.7,51.6,5.0,1e-08,120,0.35,0.45,True,177.60000000000002,3,0.008931706167963533,0.09450770427834725,44.984606678512264,
3506,200,3,121.7,51.6,3.0,1e-07,50,center,center,False,900.0,2,457.3870231696381,21.38660850087358,18.820832398419782,vittima non trovata entro 15 minuti
3556,200,3,121.7,51.6,5.0,1e-08,120,center,center,True,206.4,3,4.612695078601797,2.1477185752797774,49.461617678217465,
3553,200,3,121.7,51.6,5.0,1e-08,80,0.45,0.55,True,288.3,3,489.4687651186852,22.123940994286826,37.89337281120571,
3555,200,3,121.7,51.6,5.0,1e-08,80,0.60,0.58,True,271.90000000000003,3,178.44669100107035,13.358394027766598,46.809599392641395,
3554,200,3,121.7,51.6,5.0,1e-08,80,0.60,0.45,True,282.5,3,0.0,0.0,50.98866966777817,
3558,200,3,121.7,51.6,5.0,1e-08,120,0.45,0.55,True,202.4,3,0.014110851937954841,0.11878910698357338,50.864430226036134,
3515,200,3,121.7,51.6,3.0,1e-07,80,0.60,0.58,False,900.0,2,nan,nan,3.0722889296829257,vittima non trovata entro 15 minuti
3559,200,3,121.7,51.6,5.0,1e-08,120,0.60,0.45,True,216.0,3,0.65252716959907,0.8077915384547365,50.154071548402776,
3560,200,3,121.7,51.6,5.0,1e-08,120,0.60,0.58,True,251.10000000000002,3,0.0,0.0,50.98866966777817,
3577,200,3,121.7,51.6,5.0,1e-07,120,0.35,0.45,True,136.70000000000002,3,nan,nan,2.222026689685558,
3576,200,3,121.7,51.6,5.0,1e-07,120,center,center,True,144.6,3,nan,nan,6.2111107427481045,
3578,200,3,121.7,51.6,5.0,1e-07,120,0.45,0.55,True,131.8,3,nan,nan,2.6047005954059883,
3568,200,3,121.7,51.6,5.0,1e-07,50,0.45,0.55,True,287.7,3,497.04599633050094,22.294528394440214,29.711771352503526,
3571,200,3,121.7,51.6,5.0,1e-07,80,center,center,True,277.40000000000003,3,108.1614861020694,10.400071446969458,31.670304367866116,
3579,200,3,121.7,51.6,5.0,1e-07,120,0.60,0.45,True,132.5,3,nan,nan,4.998740765788361,
3572,200,3,121.7,51.6,5.0,1e-07,80,0.35,0.45,True,285.0,3,559.1100408831838,23.645507837286637,23.11066611158805,
3580,200,3,121.7,51.6,5.0,1e-07,120,0.60,0.58,True,137.5,3,nan,nan,3.222775426729838,
3573,200,3,121.7,51.6,5.0,1e-07,80,0.45,0.55,True,277.8,3,585.0378737189783,24.187556175004087,22.776132925723367,
3570,200,3,121.7,51.6,5.0,1e-07,50,0.60,0.58,True,325.40000000000003,3,478.9320203380248,21.88451553811564,29.089664551800915,
3525,200,3,121.7,51.6,3.0,1e-06,25,0.60,0.58,False,900.0,2,40.69782234399599,6.3794844888906175,6.444352384898855,vittima non trovata entro 15 minuti
3522,200,3,121.7,51.6,3.0,1e-06,25,0.35,0.45,False,900.0,2,190.80506263037404,13.813220574159164,13.299057658878594,vittima non trovata entro 15 minuti
3524,200,3,121.7,51.6,3.0,1e-06,25,0.60,0.45,False,900.0,2,71.97818764509141,8.483995971539084,8.552332684846991,vittima non trovata entro 15 minuti
3523,200,3,121.7,51.6,3.0,1e-06,25,0.45,0.55,False,900.0,2,32.1792281839427,5.6726738125810385,5.006880523082709,vittima non trovata entro 15 minuti
3526,200,3,121.7,51.6,3.0,1e-06,50,center,center,False,900.0,2,nan,nan,6.479423287203742,vittima non trovata entro 15 minuti
3569,200,3,121.7,51.6,5.0,1e-07,50,0.60,0.45,True,367.6,3,493.98970540837564,22.225879181899096,27.399690864102045,
3574,200,3,121.7,51.6,5.0,1e-07,80,0.60,0.45,True,316.5,3,581.6137102075218,24.116668721187878,20.31324761292134,
3528,200,3,121.7,51.6,3.0,1e-06,50,0.45,0.55,False,900.0,2,41.050672709047014,6.407079889391658,4.653731016072739,vittima non trovata entro 15 minuti
3527,200,3,121.7,51.6,3.0,1e-06,50,0.35,0.45,False,900.0,2,nan,nan,0.4133111600415682,vittima non trovata entro 15 minuti
3566,200,3,121.7,51.6,5.0,1e-07,50,center,center,True,419.3,3,364.93470315262084,19.103264201508097,20.092433009440377,
3530,200,3,121.7,51.6,3.0,1e-06,50,0.60,0.58,False,900.0,2,nan,nan,0.5559251553166525,vittima non trovata entro 15 minuti
3531,200,3,121.7,51.6,3.0,1e-06,80,center,center,False,900.0,2,nan,nan,3.976046543586456,vittima non trovata entro 15 minuti
3529,200,3,121.7,51.6,3.0,1e-06,50,0.60,0.45,False,900.0,2,nan,nan,3.832814875444321,vittima non trovata entro 15 minuti
3532,200,3,121.7,51.6,3.0,1e-06,80,0.35,0.45,False,900.0,2,nan,nan,0.42349251819327716,vittima non trovata entro 15 minuti
3533,200,3,121.7,51.6,3.0,1e-06,80,0.45,0.55,False,900.0,2,nan,nan,1.5977562707553792,vittima non trovata entro 15 minuti
3567,200,3,121.7,51.6,5.0,1e-07,50,0.35,0.45,True,442.0,3,503.2214693516456,22.432598363801855,28.79841972270554,
3535,200,3,121.7,51.6,3.0,1e-06,80,0.60,0.58,False,900.0,2,nan,nan,0.9572925186758513,vittima non trovata entro 15 minuti
3548,200,3,121.7,51.6,5.0,1e-08,50,0.45,0.55,False,900.0,2,0.02484219115597699,0.15761405760901212,38.63219947674594,vittima non trovata entro 15 minuti
3605,200,4,47.5,47.5,1.0,1e-08,25,0.60,0.58,True,27.1,3,0.0,0.0,67.17514421272202,
3597,200,3,121.7,51.6,5.0,1e-06,120,0.35,0.45,True,132.20000000000002,3,nan,nan,0.6949245695424993,
3581,200,3,121.7,51.6,5.0,1e-06,25,center,center,True,278.8,3,128.76484319550354,11.34745976840207,13.75972628212702,
3598,200,3,121.7,51.6,5.0,1e-06,120,0.45,0.55,True,134.5,3,nan,nan,0.6915628926555907,
3599,200,3,121.7,51.6,5.0,1e-06,120,0.60,0.45,True,135.1,3,nan,nan,3.720867941021779,
3600,200,3,121.7,51.6,5.0,1e-06,120,0.60,0.58,True,136.9,3,nan,nan,1.6469746620950032,
3610,200,4,47.5,47.5,1.0,1e-08,50,0.60,0.58,True,27.1,3,0.0,0.0,67.17514421272202,
3603,200,4,47.5,47.5,1.0,1e-08,25,0.45,0.55,True,126.60000000000001,3,0.0,0.0,67.17514421272202,
3601,200,4,47.5,47.5,1.0,1e-08,25,center,center,True,148.6,3,0.0,0.0,67.17514421272202,
3615,200,4,47.5,47.5,1.0,1e-08,80,0.60,0.58,True,27.1,3,0.0,0.0,67.17514421272202,
3588,200,3,121.7,51.6,5.0,1e-06,50,0.45,0.55,True,389.1,3,27.646762581496194,5.258018883714302,5.961622121335073,
3561,200,3,121.7,51.6,5.0,1e-07,25,center,center,False,900.0,1,52.92641460126441,7.275054267925732,8.700453298783474,vittima non trovata entro 15 minuti
3562,200,3,121.7,51.6,5.0,1e-07,25,0.35,0.45,False,900.0,2,500.36125467223053,22.368756216478165,22.65570460148562,vittima non trovata entro 15 minuti
3564,200,3,121.7,51.6,5.0,1e-07,25,0.60,0.45,False,900.0,2,511.7043240168075,22.62088247652614,19.649278638867703,vittima non trovata entro 15 minuti
3563,200,3,121.7,51.6,5.0,1e-07,25,0.45,0.55,False,900.0,2,0.0005000219658858214,0.022361170941742326,21.0911766304839,vittima non trovata entro 15 minuti
3596,200,3,121.7,51.6,5.0,1e-06,120,center,center,True,495.3,3,nan,nan,4.186602086088342,
3620,200,4,47.5,47.5,1.0,1e-08,120,0.60,0.58,True,27.1,3,0.0,0.0,67.17514421272202,
3565,200,3,121.7,51.6,5.0,1e-07,25,0.60,0.58,False,900.0,2,517.983481350658,22.7592504566969,24.19772770015296,vittima non trovata entro 15 minuti
3604,200,4,47.5,47.5,1.0,1e-08,25,0.60,0.45,True,357.1,3,0.0,0.0,67.17514421272202,
3612,200,4,47.5,47.5,1.0,1e-08,80,0.35,0.45,True,328.5,3,0.0,0.0,67.17514421272202,
3621,200,4,47.5,47.5,1.0,1e-07,25,center,center,True,92.30000000000001,3,0.004340764992387353,0.06588448218197783,8.377826135313233,
3624,200,4,47.5,47.5,1.0,1e-07,25,0.60,0.45,True,68.8,3,0.0016326821639044945,0.040406461907775276,2.794863548928324,
3623,200,4,47.5,47.5,1.0,1e-07,25,0.45,0.55,True,103.7,3,0.0009156650121539563,0.03025995723979061,19.058301971668214,
3575,200,3,121.7,51.6,5.0,1e-07,80,0.60,0.58,False,900.0,2,nan,nan,3.1539551946280575,vittima non trovata entro 15 minuti
3622,200,4,47.5,47.5,1.0,1e-07,25,0.35,0.45,True,119.4,3,0.001098708175519865,0.03314676719560846,19.829658336844254,
3625,200,4,47.5,47.5,1.0,1e-07,25,0.60,0.58,True,100.9,3,0.0012142035722108977,0.03484542397806199,14.185560088302642,
3628,200,4,47.5,47.5,1.0,1e-07,50,0.45,0.55,True,86.2,3,0.003959528363644537,0.06292478338178477,5.615250632144989,
3627,200,4,47.5,47.5,1.0,1e-07,50,0.35,0.45,True,92.60000000000001,3,0.0042509822428929344,0.06519955707589534,8.281881508986128,
3626,200,4,47.5,47.5,1.0,1e-07,50,center,center,True,117.10000000000001,3,0.001177931989161978,0.03432101381314337,16.608295839000736,
3613,200,4,47.5,47.5,1.0,1e-08,80,0.45,0.55,True,424.8,3,0.0,0.0,67.17514421272202,
3630,200,4,47.5,47.5,1.0,1e-07,50,0.60,0.58,True,85.0,3,0.0014609559654601939,0.03822245368183725,1.9080189938812753,
3629,200,4,47.5,47.5,1.0,1e-07,50,0.60,0.45,True,90.80000000000001,3,0.001208704957269821,0.03476643434794286,4.641153852777678,
3631,200,4,47.5,47.5,1.0,1e-07,80,center,center,True,97.0,3,0.00409416372826444,0.06398565251886112,6.140249283290456,
3609,200,4,47.5,47.5,1.0,1e-08,50,0.60,0.45,True,464.3,3,0.0,0.0,67.17514421272202,
3632,200,4,47.5,47.5,1.0,1e-07,80,0.35,0.45,True,91.7,3,0.0042514021218357815,0.06520277694880626,7.924762782923234,
3616,200,4,47.5,47.5,1.0,1e-08,120,center,center,True,400.6,3,0.0,0.0,67.17514421272202,
3633,200,4,47.5,47.5,1.0,1e-07,80,0.45,0.55,True,92.7,3,0.003951147975417162,0.06285815758847185,6.6236789115960235,
3634,200,4,47.5,47.5,1.0,1e-07,80,0.60,0.45,True,102.10000000000001,3,0.0008418048346608503,0.02901387314132414,16.417779918590217,
3582,200,3,121.7,51.6,5.0,1e-06,25,0.35,0.45,False,900.0,2,172.51235374415091,13.134395827146024,13.448403584632871,vittima non trovata entro 15 minuti
3614,200,4,47.5,47.5,1.0,1e-08,80,0.60,0.45,True,452.8,3,0.0,0.0,67.17514421272202,
3584,200,3,121.7,51.6,5.0,1e-06,25,0.60,0.45,False,900.0,2,69.77992223336463,8.353437749415784,8.494095070129864,vittima non trovata entro 15 minuti
3635,200,4,47.5,47.5,1.0,1e-07,80,0.60,0.58,True,88.60000000000001,3,0.0032933044220727625,0.057387319349075386,1.9182407061119904,
3583,200,3,121.7,51.6,5.0,1e-06,25,0.45,0.55,False,900.0,2,53.75096314091117,7.331504834678292,6.163189942012596,vittima non trovata entro 15 minuti
3637,200,4,47.5,47.5,1.0,1e-07,120,0.35,0.45,True,89.60000000000001,3,0.0042994938177281766,0.06557052552578922,8.15261717289923,
3638,200,4,47.5,47.5,1.0,1e-07,120,0.45,0.55,True,91.30000000000001,3,0.003953310048370526,0.06287535326636763,6.582788482436755,
3636,200,4,47.5,47.5,1.0,1e-07,120,center,center,True,98.4,3,0.004149358711596893,0.0644155160780141,6.353659913052177,
3608,200,4,47.5,47.5,1.0,1e-08,50,0.45,0.55,True,547.5,3,0.0,0.0,67.17514421272202,
3589,200,3,121.7,51.6,5.0,1e-06,50,0.60,0.45,False,900.0,2,nan,nan,4.020818049352444,vittima non trovata entro 15 minuti
3585,200,3,121.7,51.6,5.0,1e-06,25,0.60,0.58,False,900.0,2,44.313950413635126,6.656872419810607,6.3096418840497455,vittima non trovata entro 15 minuti
3587,200,3,121.7,51.6,5.0,1e-06,50,0.35,0.45,False,900.0,2,nan,nan,0.3353086434526196,vittima non trovata entro 15 minuti
3640,200,4,47.5,47.5,1.0,1e-07,120,0.60,0.58,True,86.60000000000001,3,0.0032480355671127203,0.056991539434487294,1.84851689863353,
3602,200,4,47.5,47.5,1.0,1e-08,25,0.35,0.45,True,597.8000000000001,3,0.0,0.0,67.17514421272202,
3586,200,3,121.7,51.6,5.0,1e-06,50,center,center,False,900.0,2,nan,nan,7.284997910536226,vittima non trovata entro 15 minuti
3639,200,4,47.5,47.5,1.0,1e-07,120,0.60,0.45,True,90.4,3,0.0025245579164194223,0.05024497901700649,5.567480533666402,
3591,200,3,121.7,51.6,5.0,1e-06,80,center,center,False,900.0,2,nan,nan,4.05127883770488,vittima non trovata entro 15 minuti
3592,200,3,121.7,51.6,5.0,1e-06,80,0.35,0.45,False,900.0,2,nan,nan,0.6213761736104341,vittima non trovata entro 15 minuti
3590,200,3,121.7,51.6,5.0,1e-06,50,0.60,0.58,False,900.0,2,nan,nan,1.009778062039214,vittima non trovata entro 15 minuti
3593,200,3,121.7,51.6,5.0,1e-06,80,0.45,0.55,False,900.0,2,nan,nan,1.0329847725194456,vittima non trovata entro 15 minuti
3642,200,4,47.5,47.5,1.0,1e-06,25,0.35,0.45,True,83.10000000000001,3,nan,nan,15.477643833120608,
3595,200,3,121.7,51.6,5.0,1e-06,80,0.60,0.58,False,900.0,2,nan,nan,1.678918844480305,vittima non trovata entro 15 minuti
3643,200,4,47.5,47.5,1.0,1e-06,25,0.45,0.55,True,83.80000000000001,3,nan,nan,13.617494620086111,
3594,200,3,121.7,51.6,5.0,1e-06,80,0.60,0.45,False,900.0,2,nan,nan,3.4974898973241375,vittima non trovata entro 15 minuti
3647,200,4,47.5,47.5,1.0,1e-06,50,0.35,0.45,True,81.0,3,nan,nan,14.02234663541585,
3645,200,4,47.5,47.5,1.0,1e-06,25,0.60,0.58,True,82.7,3,nan,nan,16.186128796743766,
3665,200,4,47.5,47.5,3.0,1e-08,25,0.60,0.58,True,27.0,3,0.0,0.0,67.17514421272202,
3648,200,4,47.5,47.5,1.0,1e-06,50,0.45,0.55,True,87.30000000000001,3,nan,nan,12.681349763747267,
3649,200,4,47.5,47.5,1.0,1e-06,50,0.60,0.45,True,88.30000000000001,3,nan,nan,11.323866088693382,
3644,200,4,47.5,47.5,1.0,1e-06,25,0.60,0.45,True,100.80000000000001,3,nan,nan,16.73694684579772,
3650,200,4,47.5,47.5,1.0,1e-06,50,0.60,0.58,True,85.0,3,nan,nan,14.829086705998318,
3652,200,4,47.5,47.5,1.0,1e-06,80,0.35,0.45,True,80.5,3,nan,nan,18.156581485581217,
3641,200,4,47.5,47.5,1.0,1e-06,25,center,center,True,134.6,3,133.23874119122385,11.54290869717091,8.801580020046705,
3651,200,4,47.5,47.5,1.0,1e-06,80,center,center,True,93.4,3,nan,nan,9.642192559930205,
3653,200,4,47.5,47.5,1.0,1e-06,80,0.45,0.55,True,84.9,3,nan,nan,13.662560466016172,
3656,200,4,47.5,47.5,1.0,1e-06,120,center,center,True,84.80000000000001,3,nan,nan,12.093108752574528,
3655,200,4,47.5,47.5,1.0,1e-06,80,0.60,0.58,True,84.5,3,nan,nan,13.315126991288219,
3657,200,4,47.5,47.5,1.0,1e-06,120,0.35,0.45,True,82.2,3,nan,nan,18.387962068560075,
3658,200,4,47.5,47.5,1.0,1e-06,120,0.45,0.55,True,81.7,3,nan,nan,12.889580677299795,
3670,200,4,47.5,47.5,3.0,1e-08,50,0.60,0.58,True,27.0,3,0.0,0.0,67.17514421272202,
3660,200,4,47.5,47.5,1.0,1e-06,120,0.60,0.58,True,85.80000000000001,3,nan,nan,13.081749530564212,
3659,200,4,47.5,47.5,1.0,1e-06,120,0.60,0.45,True,89.9,3,nan,nan,12.060593836532435,
3675,200,4,47.5,47.5,3.0,1e-08,80,0.60,0.58,True,27.0,3,0.0,0.0,67.17514421272202,
3646,200,4,47.5,47.5,1.0,1e-06,50,center,center,True,126.0,3,176.66347886545012,13.291481439833941,20.24215647509916,
3680,200,4,47.5,47.5,3.0,1e-08,120,0.60,0.58,True,27.0,3,0.0,0.0,67.17514421272202,
3654,200,4,47.5,47.5,1.0,1e-06,80,0.60,0.45,True,129.5,3,252.13160038675824,15.878652347940559,17.7344531589532,
3684,200,4,47.5,47.5,3.0,1e-07,25,0.60,0.45,True,68.3,3,0.0016388584531045703,0.04048281676346855,3.7521850570561956,
3663,200,4,47.5,47.5,3.0,1e-08,25,0.45,0.55,True,126.60000000000001,3,0.0,0.0,67.17514421272202,
3661,200,4,47.5,47.5,3.0,1e-08,25,center,center,True,148.6,3,0.0,0.0,67.17514421272202,
3681,200,4,47.5,47.5,3.0,1e-07,25,center,center,True,92.30000000000001,3,0.004394724289500909,0.06629271671534445,8.740202453043855,
3618,200,4,47.5,47.5,1.0,1e-08,120,0.45,0.55,True,541.2,3,0.0,0.0,67.17514421272202,
3688,200,4,47.5,47.5,3.0,1e-07,50,0.45,0.55,True,86.30000000000001,3,0.003972884128232706,0.06303081887642509,5.691257424382145,
3685,200,4,47.5,47.5,3.0,1e-07,25,0.60,0.58,True,101.30000000000001,3,0.0012219867760544525,0.034956927440129126,14.080912646867764,
3682,200,4,47.5,47.5,3.0,1e-07,25,0.35,0.45,True,103.30000000000001,3,0.0010886187717839319,0.032994223309299645,19.617557555902504,
3683,200,4,47.5,47.5,3.0,1e-07,25,0.45,0.55,True,103.7,3,0.0009156598539743738,0.03025987200855902,19.058283845605917,
3687,200,4,47.5,47.5,3.0,1e-07,50,0.35,0.45,True,92.9,3,0.004251448130850404,0.06520312976269163,8.278227204138599,
3686,200,4,47.5,47.5,3.0,1e-07,50,center,center,True,102.10000000000001,3,0.0013585086879612572,0.03685795284550211,16.801651131385817,
3690,200,4,47.5,47.5,3.0,1e-07,50,0.60,0.58,True,83.9,3,0.003270622199627908,0.05718935390112313,2.0095938967356872,
3689,200,4,47.5,47.5,3.0,1e-07,50,0.60,0.45,True,107.10000000000001,3,0.000790935511422553,0.028123575722559763,18.24993001638877,
3619,200,4,47.5,47.5,1.0,1e-08,120,0.60,0.45,True,538.9,3,0.0,0.0,67.17514421272202,
3617,200,4,47.5,47.5,1.0,1e-08,120,0.35,0.45,True,659.0,3,0.0,0.0,67.17514421272202,
3692,200,4,47.5,47.5,3.0,1e-07,80,0.35,0.45,True,91.60000000000001,3,0.004252820658606807,0.06521365392773823,7.947979141563297,
3691,200,4,47.5,47.5,3.0,1e-07,80,center,center,True,97.0,3,0.004138761183519522,0.06433320436228497,6.472773818442899,
3693,200,4,47.5,47.5,3.0,1e-07,80,0.45,0.55,True,92.60000000000001,3,0.0039628808986720354,0.06295141697112175,6.671549265489581,
3695,200,4,47.5,47.5,3.0,1e-07,80,0.60,0.58,True,89.80000000000001,3,0.0023795463303400493,0.048780593788309394,2.213190948130048,
3697,200,4,47.5,47.5,3.0,1e-07,120,0.35,0.45,True,89.7,3,0.0042995229857415475,0.06557074794252044,8.193078985455593,
3699,200,4,47.5,47.5,3.0,1e-07,120,0.60,0.45,True,89.10000000000001,3,0.0025281333231778128,0.050280546170241754,5.563394892388013,
3700,200,4,47.5,47.5,3.0,1e-07,120,0.60,0.58,True,88.10000000000001,3,0.00246313768020467,0.04963000786021165,2.011134945788617,
3698,200,4,47.5,47.5,3.0,1e-07,120,0.45,0.55,True,91.4,3,0.003965443803889279,0.06297176989643279,6.6477518018492825,
3694,200,4,47.5,47.5,3.0,1e-07,80,0.60,0.45,True,103.5,3,0.0007725662564090407,0.02779507611806524,17.56477527369399,
3611,200,4,47.5,47.5,1.0,1e-08,80,center,center,True,798.2,3,0.0,0.0,67.17514421272202,
3696,200,4,47.5,47.5,3.0,1e-07,120,center,center,True,97.2,3,0.004174848777182284,0.06461306970870742,6.594743948144172,
3702,200,4,47.5,47.5,3.0,1e-06,25,0.35,0.45,True,83.2,3,nan,nan,15.40303856270593,
3703,200,4,47.5,47.5,3.0,1e-06,25,0.45,0.55,True,80.7,3,nan,nan,16.61968675579891,
3704,200,4,47.5,47.5,3.0,1e-06,25,0.60,0.45,True,103.60000000000001,3,nan,nan,16.839409176230095,
3705,200,4,47.5,47.5,3.0,1e-06,25,0.60,0.58,True,82.80000000000001,3,nan,nan,16.502923283821836,
3707,200,4,47.5,47.5,3.0,1e-06,50,0.35,0.45,True,82.60000000000001,3,nan,nan,13.889422793071414,
3708,200,4,47.5,47.5,3.0,1e-06,50,0.45,0.55,True,87.60000000000001,3,nan,nan,12.795676702747874,
3606,200,4,47.5,47.5,1.0,1e-08,50,center,center,False,900.0,2,0.0,0.0,67.17514421272202,vittima non trovata entro 15 minuti
3712,200,4,47.5,47.5,3.0,1e-06,80,0.35,0.45,True,80.30000000000001,3,nan,nan,17.906505686382566,
3709,200,4,47.5,47.5,3.0,1e-06,50,0.60,0.45,True,87.4,3,nan,nan,15.282394660377888,
3710,200,4,47.5,47.5,3.0,1e-06,50,0.60,0.58,True,85.10000000000001,3,nan,nan,14.829591238560424,
3713,200,4,47.5,47.5,3.0,1e-06,80,0.45,0.55,True,82.7,3,nan,nan,16.04107293038458,
3607,200,4,47.5,47.5,1.0,1e-08,50,0.35,0.45,False,900.0,2,0.0,0.0,67.17514421272202,vittima non trovata entro 15 minuti
3701,200,4,47.5,47.5,3.0,1e-06,25,center,center,True,163.10000000000002,3,99.1513173860923,9.957475452447387,7.278766822006301,
3715,200,4,47.5,47.5,3.0,1e-06,80,0.60,0.58,True,86.7,3,nan,nan,12.617843163073214,
3711,200,4,47.5,47.5,3.0,1e-06,80,center,center,True,93.4,3,nan,nan,10.133359298033174,
3717,200,4,47.5,47.5,3.0,1e-06,120,0.35,0.45,True,82.0,3,nan,nan,18.137199967146966,
3718,200,4,47.5,47.5,3.0,1e-06,120,0.45,0.55,True,81.5,3,nan,nan,16.23517016859254,
3664,200,4,47.5,47.5,3.0,1e-08,25,0.60,0.45,True,337.5,3,0.0,0.0,67.17514421272202,
3725,200,4,47.5,47.5,5.0,1e-08,25,0.60,0.58,True,26.8,3,0.0,0.0,67.17514421272202,
3730,200,4,47.5,47.5,5.0,1e-08,50,0.60,0.58,True,26.700000000000003,3,0.0,0.0,67.17514421272202,
3716,200,4,47.5,47.5,3.0,1e-06,120,center,center,True,116.7,3,nan,nan,6.933532524039224,
3669,200,4,47.5,47.5,3.0,1e-08,50,0.60,0.45,True,334.0,3,0.0,0.0,67.17514421272202,
3720,200,4,47.5,47.5,3.0,1e-06,120,0.60,0.58,True,85.9,3,nan,nan,13.081327070141349,
3719,200,4,47.5,47.5,3.0,1e-06,120,0.60,0.45,True,90.10000000000001,3,nan,nan,11.808218270276559,
3714,200,4,47.5,47.5,3.0,1e-06,80,0.60,0.45,True,131.6,3,256.9936217135745,16.031020607359174,17.72195248319247,
3672,200,4,47.5,47.5,3.0,1e-08,80,0.35,0.45,True,328.5,3,0.0,0.0,67.17514421272202,
3735,200,4,47.5,47.5,5.0,1e-08,80,0.60,0.58,True,26.700000000000003,3,0.0,0.0,67.17514421272202,
3679,200,4,47.5,47.5,3.0,1e-08,120,0.60,0.45,True,328.20000000000005,3,0.0,0.0,67.17514421272202,
3674,200,4,47.5,47.5,3.0,1e-08,80,0.60,0.45,True,340.8,3,0.0,0.0,67.17514421272202,
3740,200,4,47.5,47.5,5.0,1e-08,120,0.60,0.58,True,26.700000000000003,3,0.0,0.0,67.17514421272202,
3706,200,4,47.5,47.5,3.0,1e-06,50,center,center,True,195.70000000000002,3,4.836465931266047,2.199196655887337,6.512723107547842,
3744,200,4,47.5,47.5,5.0,1e-07,25,0.60,0.45,True,68.7,3,0.0010934400521797614,0.03306720508570026,4.920942900092613,
3676,200,4,47.5,47.5,3.0,1e-08,120,center,center,True,400.6,3,0.0,0.0,67.17514421272202,
3723,200,4,47.5,47.5,5.0,1e-08,25,0.45,0.55,True,126.60000000000001,3,0.0,0.0,67.17514421272202,
3721,200,4,47.5,47.5,5.0,1e-08,25,center,center,True,148.5,3,0.0,0.0,67.17514421272202,
3741,200,4,47.5,47.5,5.0,1e-07,25,center,center,True,92.7,3,0.004453859755309501,0.06673724413930726,9.053465066237257,
3743,200,4,47.5,47.5,5.0,1e-07,25,0.45,0.55,True,103.7,3,0.0009156564108388134,0.030259815115740767,19.05826193823686,
3673,200,4,47.5,47.5,3.0,1e-08,80,0.45,0.55,True,424.8,3,0.0,0.0,67.17514421272202,
3746,200,4,47.5,47.5,5.0,1e-07,50,center,center,True,92.5,3,0.0017184020583722052,0.0414536133331246,5.243544739090103,
3742,200,4,47.5,47.5,5.0,1e-07,25,0.35,0.45,True,119.0,3,0.001108138179154533,0.03328870948466661,19.60230999252309,
3745,200,4,47.5,47.5,5.0,1e-07,25,0.60,0.58,True,102.5,3,0.0013100596424356213,0.036194746061211994,13.353157985181829,
3747,200,4,47.5,47.5,5.0,1e-07,50,0.35,0.45,True,93.0,3,0.004257265466256596,0.06524772383966046,8.306032344792644,
3748,200,4,47.5,47.5,5.0,1e-07,50,0.45,0.55,True,86.80000000000001,3,0.003997085779771595,0.06322251007174261,5.889973566746871,
3749,200,4,47.5,47.5,5.0,1e-07,50,0.60,0.45,True,89.7,3,0.0010123998824361766,0.03181823191876281,5.793360267379304,
3750,200,4,47.5,47.5,5.0,1e-07,50,0.60,0.58,True,87.10000000000001,3,0.003251149178837274,0.057018849329298765,2.1737000626446177,
3751,200,4,47.5,47.5,5.0,1e-07,80,center,center,True,98.9,3,0.0043365527217738755,0.06585250733095799,7.018998818214164,
3752,200,4,47.5,47.5,5.0,1e-07,80,0.35,0.45,True,91.2,3,0.004224580129930681,0.06499677014999039,7.8404224721667255,
3753,200,4,47.5,47.5,5.0,1e-07,80,0.45,0.55,True,92.60000000000001,3,0.003975304742621877,0.06305001778446916,6.746788037046879,
3755,200,4,47.5,47.5,5.0,1e-07,80,0.60,0.58,True,87.9,3,0.00314319066354644,0.056064165592171616,2.189192556977069,
3754,200,4,47.5,47.5,5.0,1e-07,80,0.60,0.45,True,90.5,3,0.0025827740314519564,0.05082099990606202,6.369550702846756,
3757,200,4,47.5,47.5,5.0,1e-07,120,0.35,0.45,True,89.7,3,0.004304733490410225,0.06561046784172649,8.184680918084053,
3756,200,4,47.5,47.5,5.0,1e-07,120,center,center,True,97.60000000000001,3,0.004219975447813052,0.06496133810054294,6.921593056191993,
3758,200,4,47.5,47.5,5.0,1e-07,120,0.45,0.55,True,91.60000000000001,3,0.00398860145104828,0.06315537547230861,6.75942135188576,
3678,200,4,47.5,47.5,3.0,1e-08,120,0.45,0.55,True,541.3000000000001,3,0.0,0.0,67.17514421272202,
3668,200,4,47.5,47.5,3.0,1e-08,50,0.45,0.55,True,547.5,3,0.0,0.0,67.17514421272202,
3759,200,4,47.5,47.5,5.0,1e-07,120,0.60,0.45,True,90.0,3,0.0026027465588218403,0.051017120252145165,7.490102257516596,
3760,200,4,47.5,47.5,5.0,1e-07,120,0.60,0.58,True,87.60000000000001,3,0.0024881267543872465,0.04988112623415039,2.030444638196086,
3662,200,4,47.5,47.5,3.0,1e-08,25,0.35,0.45,True,597.8000000000001,3,0.0,0.0,67.17514421272202,
3763,200,4,47.5,47.5,5.0,1e-06,25,0.45,0.55,True,80.30000000000001,3,nan,nan,15.46945327354825,
3762,200,4,47.5,47.5,5.0,1e-06,25,0.35,0.45,True,86.60000000000001,3,nan,nan,15.29575016394915,
3761,200,4,47.5,47.5,5.0,1e-06,25,center,center,True,111.7,3,663.27013200283,25.754031373803016,29.087322458989366,
3765,200,4,47.5,47.5,5.0,1e-06,25,0.60,0.58,True,82.5,3,nan,nan,16.246589381251262,
3767,200,4,47.5,47.5,5.0,1e-06,50,0.35,0.45,True,82.9,3,nan,nan,13.23346284781843,
3768,200,4,47.5,47.5,5.0,1e-06,50,0.45,0.55,True,89.60000000000001,3,nan,nan,13.34962830455372,
3769,200,4,47.5,47.5,5.0,1e-06,50,0.60,0.45,True,89.80000000000001,3,nan,nan,15.484867894516617,
3770,200,4,47.5,47.5,5.0,1e-06,50,0.60,0.58,True,87.7,3,nan,nan,14.753369221525928,
3732,200,4,47.5,47.5,5.0,1e-08,80,0.35,0.45,True,328.5,3,0.0,0.0,67.17514421272202,
3764,200,4,47.5,47.5,5.0,1e-06,25,0.60,0.45,True,117.7,3,nan,nan,16.839384650844348,
3772,200,4,47.5,47.5,5.0,1e-06,80,0.35,0.45,True,80.30000000000001,3,nan,nan,17.405591644947116,
3771,200,4,47.5,47.5,5.0,1e-06,80,center,center,True,92.2,3,nan,nan,9.314443116117333,
3773,200,4,47.5,47.5,5.0,1e-06,80,0.45,0.55,True,83.60000000000001,3,nan,nan,12.39675278934192,
3724,200,4,47.5,47.5,5.0,1e-08,25,0.60,0.45,True,355.70000000000005,3,0.0,0.0,67.17514421272202,
3766,200,4,47.5,47.5,5.0,1e-06,50,center,center,True,130.3,3,243.42623557982006,15.602122790819847,15.447906207099834,
3739,200,4,47.5,47.5,5.0,1e-08,120,0.60,0.45,True,333.3,3,0.0,0.0,67.17514421272202,
3774,200,4,47.5,47.5,5.0,1e-06,80,0.60,0.45,True,88.10000000000001,3,nan,nan,11.500502417361947,
3677,200,4,47.5,47.5,3.0,1e-08,120,0.35,0.45,True,659.0,3,0.0,0.0,67.17514421272202,
3775,200,4,47.5,47.5,5.0,1e-06,80,0.60,0.58,True,86.60000000000001,3,nan,nan,12.692967095420839,
3777,200,4,47.5,47.5,5.0,1e-06,120,0.35,0.45,True,82.2,3,nan,nan,17.634894471342893,
3778,200,4,47.5,47.5,5.0,1e-06,120,0.45,0.55,True,80.4,3,nan,nan,15.642450582164976,
3779,200,4,47.5,47.5,5.0,1e-06,120,0.60,0.45,True,89.9,3,nan,nan,12.056617497737008,
3780,200,4,47.5,47.5,5.0,1e-06,120,0.60,0.58,True,86.10000000000001,3,nan,nan,13.083992465740096,
3776,200,4,47.5,47.5,5.0,1e-06,120,center,center,True,119.30000000000001,3,nan,nan,7.492537537561376,
3736,200,4,47.5,47.5,5.0,1e-08,120,center,center,True,400.6,3,0.0,0.0,67.17514421272202,
3733,200,4,47.5,47.5,5.0,1e-08,80,0.45,0.55,True,424.8,3,0.0,0.0,67.17514421272202,
3782,200,4,95.0,95.0,1.0,1e-08,25,0.35,0.45,True,115.5,3,0.0,0.0,0.0,
3783,200,4,95.0,95.0,1.0,1e-08,25,0.45,0.55,True,131.9,3,0.0,0.0,0.0,
3784,200,4,95.0,95.0,1.0,1e-08,25,0.60,0.45,True,126.9,3,0.0,0.0,0.0,
3786,200,4,95.0,95.0,1.0,1e-08,50,center,center,True,117.5,3,0.0,0.0,0.0,
3781,200,4,95.0,95.0,1.0,1e-08,25,center,center,True,137.3,3,0.0,0.0,0.0,
3787,200,4,95.0,95.0,1.0,1e-08,50,0.35,0.45,True,127.9,3,0.0,0.0,0.0,
3785,200,4,95.0,95.0,1.0,1e-08,25,0.60,0.58,True,136.8,3,0.0,0.0,0.0,
3729,200,4,47.5,47.5,5.0,1e-08,50,0.60,0.45,True,468.0,3,0.0,0.0,67.17514421272202,
3790,200,4,95.0,95.0,1.0,1e-08,50,0.60,0.58,True,122.4,3,0.0,0.0,0.0,
3788,200,4,95.0,95.0,1.0,1e-08,50,0.45,0.55,True,132.3,3,0.0,0.0,0.0,
3789,200,4,95.0,95.0,1.0,1e-08,50,0.60,0.45,True,136.70000000000002,3,0.0,0.0,0.0,
3792,200,4,95.0,95.0,1.0,1e-08,80,0.35,0.45,True,134.5,3,0.0,0.0,0.0,
3795,200,4,95.0,95.0,1.0,1e-08,80,0.60,0.58,True,122.0,3,0.0,0.0,0.0,
3796,200,4,95.0,95.0,1.0,1e-08,120,center,center,True,110.30000000000001,3,0.0,0.0,0.0,
3791,200,4,95.0,95.0,1.0,1e-08,80,center,center,True,142.5,3,0.0,0.0,0.0,
3793,200,4,95.0,95.0,1.0,1e-08,80,0.45,0.55,True,139.70000000000002,3,0.0,0.0,0.0,
3794,200,4,95.0,95.0,1.0,1e-08,80,0.60,0.45,True,136.70000000000002,3,0.0,0.0,0.0,
3797,200,4,95.0,95.0,1.0,1e-08,120,0.35,0.45,True,134.5,3,0.0,0.0,0.0,
3671,200,4,47.5,47.5,3.0,1e-08,80,center,center,True,798.5,3,0.0,0.0,67.17514421272202,
3799,200,4,95.0,95.0,1.0,1e-08,120,0.60,0.45,True,127.4,3,0.0,0.0,0.0,
3798,200,4,95.0,95.0,1.0,1e-08,120,0.45,0.55,True,139.70000000000002,3,0.0,0.0,0.0,
3738,200,4,47.5,47.5,5.0,1e-08,120,0.45,0.55,True,541.5,3,0.0,0.0,67.17514421272202,
3801,200,4,95.0,95.0,1.0,1e-07,25,center,center,True,121.0,3,0.0006409214880589718,0.025316427237249965,0.2123485180339194,
3800,200,4,95.0,95.0,1.0,1e-08,120,0.60,0.58,True,122.0,3,0.0,0.0,0.0,
3803,200,4,95.0,95.0,1.0,1e-07,25,0.45,0.55,True,102.9,3,0.0008718034410159505,0.029526317769338433,0.12656699819509212,
3728,200,4,47.5,47.5,5.0,1e-08,50,0.45,0.55,True,547.5,3,0.0,0.0,67.17514421272202,
3802,200,4,95.0,95.0,1.0,1e-07,25,0.35,0.45,True,115.7,3,0.0,0.0,0.0,
3804,200,4,95.0,95.0,1.0,1e-07,25,0.60,0.45,True,112.10000000000001,3,0.0006127322133666635,0.02475342831542054,0.14690345648902853,
3808,200,4,95.0,95.0,1.0,1e-07,50,0.45,0.55,True,115.2,3,0.0006249703714943542,0.02499940742286413,0.15120224346288105,
3809,200,4,95.0,95.0,1.0,1e-07,50,0.60,0.45,True,114.5,3,0.0006055104025565303,0.024607120972526028,0.2623653061358159,
3810,200,4,95.0,95.0,1.0,1e-07,50,0.60,0.58,True,110.7,3,0.000622678023223042,0.024953517251542757,0.004388715308325323,
3807,200,4,95.0,95.0,1.0,1e-07,50,0.35,0.45,True,122.7,3,0.0006001440703208745,0.024497838074427597,0.1486129204151188,
3811,200,4,95.0,95.0,1.0,1e-07,80,center,center,True,116.0,3,0.0005341611840272439,0.023111927310963138,0.3745878514360091,
3812,200,4,95.0,95.0,1.0,1e-07,80,0.35,0.45,True,114.7,3,0.001047089352360654,0.03235876005598259,0.149615845432579,
3806,200,4,95.0,95.0,1.0,1e-07,50,center,center,True,131.4,3,0.0006250021029485411,0.025000042058935443,0.33787432619855473,
3814,200,4,95.0,95.0,1.0,1e-07,80,0.60,0.45,True,112.4,3,0.0005939551304826789,0.024371194687226126,0.13519509115412892,
3815,200,4,95.0,95.0,1.0,1e-07,80,0.60,0.58,True,113.2,3,0.0005548937945182244,0.023556183785117327,0.16379123835047618,
3813,200,4,95.0,95.0,1.0,1e-07,80,0.45,0.55,True,116.2,3,0.0006250068770644614,0.025000137540910877,0.16841110845293236,
3734,200,4,47.5,47.5,5.0,1e-08,80,0.60,0.45,True,585.5,3,0.0,0.0,67.17514421272202,
3722,200,4,47.5,47.5,5.0,1e-08,25,0.35,0.45,True,597.8000000000001,3,0.0,0.0,67.17514421272202,
3817,200,4,95.0,95.0,1.0,1e-07,120,0.35,0.45,True,108.80000000000001,3,0.0,0.0,0.0,
3816,200,4,95.0,95.0,1.0,1e-07,120,center,center,True,118.10000000000001,3,0.0006248584307640919,0.024997168454928886,0.30767448939899333,
3667,200,4,47.5,47.5,3.0,1e-08,50,0.35,0.45,False,900.0,2,0.0,0.0,67.17514421272202,vittima non trovata entro 15 minuti
3666,200,4,47.5,47.5,3.0,1e-08,50,center,center,False,900.0,2,0.0,0.0,67.17514421272202,vittima non trovata entro 15 minuti
3818,200,4,95.0,95.0,1.0,1e-07,120,0.45,0.55,True,114.7,3,0.0006243431672829259,0.02498685989240997,0.13663488290449322,
3819,200,4,95.0,95.0,1.0,1e-07,120,0.60,0.45,True,118.5,3,0.0006072704713782043,0.02464285842547906,0.257030156016563,
3820,200,4,95.0,95.0,1.0,1e-07,120,0.60,0.58,True,114.60000000000001,3,0.0006382443495210968,0.025263498362679243,0.15779460053802372,
3737,200,4,47.5,47.5,5.0,1e-08,120,0.35,0.45,True,659.1,3,0.0,0.0,67.17514421272202,
3827,200,4,95.0,95.0,1.0,1e-06,50,0.35,0.45,True,112.4,3,nan,nan,0.06800944310685364,
3821,200,4,95.0,95.0,1.0,1e-06,25,center,center,True,136.0,3,0.0016721665479694791,0.04089213308167573,0.3256078694124563,
3828,200,4,95.0,95.0,1.0,1e-06,50,0.45,0.55,True,118.10000000000001,3,nan,nan,0.2783609124058408,
3832,200,4,95.0,95.0,1.0,1e-06,80,0.35,0.45,True,114.9,3,nan,nan,0.017050813766952163,
3826,200,4,95.0,95.0,1.0,1e-06,50,center,center,True,133.0,3,0.0019220676101072607,0.04384139151654816,0.45131806244478395,
3831,200,4,95.0,95.0,1.0,1e-06,80,center,center,True,115.0,3,nan,nan,0.2690995193329167,
3837,200,4,95.0,95.0,1.0,1e-06,120,0.35,0.45,True,99.9,3,nan,nan,0.29428975882792924,
3836,200,4,95.0,95.0,1.0,1e-06,120,center,center,True,105.9,3,nan,nan,0.2298083771040916,
3833,200,4,95.0,95.0,1.0,1e-06,80,0.45,0.55,True,114.2,3,nan,nan,0.2893958812755413,
3829,200,4,95.0,95.0,1.0,1e-06,50,0.60,0.45,True,115.5,3,nan,nan,0.3052628813936411,
3834,200,4,95.0,95.0,1.0,1e-06,80,0.60,0.45,True,113.9,3,nan,nan,0.3129024493856086,
3830,200,4,95.0,95.0,1.0,1e-06,50,0.60,0.58,True,118.30000000000001,3,nan,nan,0.2730678729908928,
3839,200,4,95.0,95.0,1.0,1e-06,120,0.60,0.45,True,110.7,3,nan,nan,0.31511649849459733,
3822,200,4,95.0,95.0,1.0,1e-06,25,0.35,0.45,True,149.20000000000002,3,0.06854958959160634,0.2618197654716052,0.12116254208960689,
3835,200,4,95.0,95.0,1.0,1e-06,80,0.60,0.58,True,118.5,3,nan,nan,0.29603665971427295,
3840,200,4,95.0,95.0,1.0,1e-06,120,0.60,0.58,True,111.2,3,nan,nan,0.2936294715481872,
3824,200,4,95.0,95.0,1.0,1e-06,25,0.60,0.45,True,147.8,3,0.01489442628154961,0.12204272318147286,0.1915739152298619,
3838,200,4,95.0,95.0,1.0,1e-06,120,0.45,0.55,True,119.5,3,0.035414297280991096,0.18818686798230927,0.17965930830906973,
3842,200,4,95.0,95.0,3.0,1e-08,25,0.35,0.45,True,115.5,3,0.0,0.0,0.0,
3841,200,4,95.0,95.0,3.0,1e-08,25,center,center,True,136.6,3,0.0,0.0,0.0,
3843,200,4,95.0,95.0,3.0,1e-08,25,0.45,0.55,True,132.0,3,0.0,0.0,0.0,
3844,200,4,95.0,95.0,3.0,1e-08,25,0.60,0.45,True,122.10000000000001,3,0.0,0.0,0.0,
3823,200,4,95.0,95.0,1.0,1e-06,25,0.45,0.55,True,197.8,3,0.027818411376302504,0.16678852291540477,0.13356456756585486,
3845,200,4,95.0,95.0,3.0,1e-08,25,0.60,0.58,True,134.0,3,0.0,0.0,0.0,
3847,200,4,95.0,95.0,3.0,1e-08,50,0.35,0.45,True,127.9,3,0.0,0.0,0.0,
3846,200,4,95.0,95.0,3.0,1e-08,50,center,center,True,129.0,3,0.0,0.0,0.0,
3849,200,4,95.0,95.0,3.0,1e-08,50,0.60,0.45,True,117.80000000000001,3,0.0,0.0,0.0,
3850,200,4,95.0,95.0,3.0,1e-08,50,0.60,0.58,True,118.60000000000001,3,0.0,0.0,0.0,
3848,200,4,95.0,95.0,3.0,1e-08,50,0.45,0.55,True,132.3,3,0.0,0.0,0.0,
3851,200,4,95.0,95.0,3.0,1e-08,80,center,center,True,128.4,3,0.0,0.0,0.0,
3855,200,4,95.0,95.0,3.0,1e-08,80,0.60,0.58,True,122.30000000000001,3,0.0,0.0,0.0,
3856,200,4,95.0,95.0,3.0,1e-08,120,center,center,True,121.5,3,0.0,0.0,0.0,
3859,200,4,95.0,95.0,3.0,1e-08,120,0.60,0.45,True,119.5,3,0.0,0.0,0.0,
3862,200,4,95.0,95.0,3.0,1e-07,25,0.35,0.45,True,115.7,3,0.0006250003144424374,0.025000006288847958,0.000789883761269152,
3852,200,4,95.0,95.0,3.0,1e-08,80,0.35,0.45,True,134.6,3,0.0,0.0,0.0,
3864,200,4,95.0,95.0,3.0,1e-07,25,0.60,0.45,True,113.2,3,0.0006132288017558249,0.024763456983139993,0.526349317787115,
3860,200,4,95.0,95.0,3.0,1e-08,120,0.60,0.58,True,122.30000000000001,3,0.0,0.0,0.0,
3861,200,4,95.0,95.0,3.0,1e-07,25,center,center,True,125.4,3,0.0008534025809142319,0.029213054974004893,0.9154921387501702,
3857,200,4,95.0,95.0,3.0,1e-08,120,0.35,0.45,True,134.6,3,0.0,0.0,0.0,
3731,200,4,47.5,47.5,5.0,1e-08,80,center,center,True,798.8000000000001,3,0.0,0.0,67.17514421272202,
3853,200,4,95.0,95.0,3.0,1e-08,80,0.45,0.55,True,139.1,3,0.0,0.0,0.0,
3863,200,4,95.0,95.0,3.0,1e-07,25,0.45,0.55,True,125.80000000000001,3,0.0007466928489836458,0.027325681125703816,0.27998795733213067,
3858,200,4,95.0,95.0,3.0,1e-08,120,0.45,0.55,True,139.1,3,0.0,0.0,0.0,
3866,200,4,95.0,95.0,3.0,1e-07,50,center,center,True,134.3,3,0.0006250248335235126,0.02500049666553672,1.0721644873635576,
3867,200,4,95.0,95.0,3.0,1e-07,50,0.35,0.45,True,123.2,3,0.0006134963003927273,0.024768857470475445,0.13890418875429408,
3869,200,4,95.0,95.0,3.0,1e-07,50,0.60,0.45,True,112.4,3,0.000896771094728756,0.02994613655763888,0.6979862444636038,
3868,200,4,95.0,95.0,3.0,1e-07,50,0.45,0.55,True,115.7,3,0.0008139023796950906,0.02852897438912045,0.3683839683543316,
3854,200,4,95.0,95.0,3.0,1e-08,80,0.60,0.45,True,166.5,3,0.0,0.0,0.0,
3870,200,4,95.0,95.0,3.0,1e-07,50,0.60,0.58,True,108.9,3,0.0006234859378007079,0.024969700394692523,0.011945172483129936,
3871,200,4,95.0,95.0,3.0,1e-07,80,center,center,True,111.2,3,0.0006250002013926508,0.02500000402785269,1.0242133581742439,
3872,200,4,95.0,95.0,3.0,1e-07,80,0.35,0.45,True,115.4,3,0.0008907775063107578,0.029845895970983312,0.13922704156466775,
3873,200,4,95.0,95.0,3.0,1e-07,80,0.45,0.55,True,116.60000000000001,3,0.0006250014018483531,0.025000028036951342,0.3875297064178349,
3874,200,4,95.0,95.0,3.0,1e-07,80,0.60,0.45,True,115.60000000000001,3,0.0009924889102054485,0.031503791997241355,0.317783923489821,
3875,200,4,95.0,95.0,3.0,1e-07,80,0.60,0.58,True,113.7,3,0.0005671795242302152,0.023815531155744044,0.15008120106230755,
3877,200,4,95.0,95.0,3.0,1e-07,120,0.35,0.45,True,109.10000000000001,3,0.0006250053037825077,0.025000106075425115,0.15074254229713568,
3876,200,4,95.0,95.0,3.0,1e-07,120,center,center,True,120.4,3,0.0007025606085593469,0.02650585989096273,0.9637973367688298,
3878,200,4,95.0,95.0,3.0,1e-07,120,0.45,0.55,True,114.7,3,0.0006249981002261269,0.024999962004493663,0.39882753904807694,
3880,200,4,95.0,95.0,3.0,1e-07,120,0.60,0.58,True,114.80000000000001,3,0.0006504498904205774,0.025503919118844802,0.1351165045067234,
3879,200,4,95.0,95.0,3.0,1e-07,120,0.60,0.45,True,119.2,3,0.0006071535876104937,0.0246404867567687,0.5636481602761532,
3726,200,4,47.5,47.5,5.0,1e-08,50,center,center,False,900.0,2,0.0,0.0,67.17514421272202,vittima non trovata entro 15 minuti
3887,200,4,95.0,95.0,3.0,1e-06,50,0.35,0.45,True,112.4,3,nan,nan,0.016506420456441292,
3727,200,4,47.5,47.5,5.0,1e-08,50,0.35,0.45,False,900.0,2,0.0,0.0,67.17514421272202,vittima non trovata entro 15 minuti
3891,200,4,95.0,95.0,3.0,1e-06,80,center,center,True,115.0,3,nan,nan,1.3049743441427668,
3882,200,4,95.0,95.0,3.0,1e-06,25,0.35,0.45,True,123.7,3,0.02108953862193506,0.1452223764505149,0.15348926562656393,
3888,200,4,95.0,95.0,3.0,1e-06,50,0.45,0.55,True,115.30000000000001,3,nan,nan,0.7046907788552924,
3889,200,4,95.0,95.0,3.0,1e-06,50,0.60,0.45,True,116.4,3,nan,nan,0.2971030858870194,
3890,200,4,95.0,95.0,3.0,1e-06,50,0.60,0.58,True,117.60000000000001,3,nan,nan,0.19771251198442646,
3892,200,4,95.0,95.0,3.0,1e-06,80,0.35,0.45,True,115.0,3,nan,nan,0.008790379033532152,
3897,200,4,95.0,95.0,3.0,1e-06,120,0.35,0.45,True,99.60000000000001,3,nan,nan,0.3009778653433402,
3893,200,4,95.0,95.0,3.0,1e-06,80,0.45,0.55,True,114.80000000000001,3,nan,nan,0.9101544833473667,
3896,200,4,95.0,95.0,3.0,1e-06,120,center,center,True,107.4,3,nan,nan,1.379219335479259,
3886,200,4,95.0,95.0,3.0,1e-06,50,center,center,True,131.6,3,0.0009913050613431207,0.03148499740103405,1.0833767699856336,
3894,200,4,95.0,95.0,3.0,1e-06,80,0.60,0.45,True,119.4,3,0.040734970997750725,0.20182906380833937,0.15489963501628237,
3895,200,4,95.0,95.0,3.0,1e-06,80,0.60,0.58,True,118.80000000000001,3,nan,nan,0.3171380823022897,
3881,200,4,95.0,95.0,3.0,1e-06,25,center,center,True,145.8,3,0.029325740411239677,0.1712475997240244,0.7628206539172977,
3898,200,4,95.0,95.0,3.0,1e-06,120,0.45,0.55,True,118.2,3,0.08723906278418839,0.29536259543853616,0.607605056579845,
3899,200,4,95.0,95.0,3.0,1e-06,120,0.60,0.45,True,113.30000000000001,3,nan,nan,0.4031030274146748,
3884,200,4,95.0,95.0,3.0,1e-06,25,0.60,0.45,True,149.6,3,0.06466196034684316,0.2542871611915221,0.3137547384775244,
3900,200,4,95.0,95.0,3.0,1e-06,120,0.60,0.58,True,111.2,3,nan,nan,0.27598755271073155,
3902,200,4,95.0,95.0,5.0,1e-08,25,0.35,0.45,True,115.5,3,0.0,0.0,0.0,
3883,200,4,95.0,95.0,3.0,1e-06,25,0.45,0.55,True,192.60000000000002,3,0.10942987236044971,0.3308018626919288,0.41199429373361096,
3901,200,4,95.0,95.0,5.0,1e-08,25,center,center,True,136.70000000000002,3,0.0,0.0,0.0,
3903,200,4,95.0,95.0,5.0,1e-08,25,0.45,0.55,True,132.1,3,0.0,0.0,0.0,
3904,200,4,95.0,95.0,5.0,1e-08,25,0.60,0.45,True,139.9,3,0.0,0.0,0.0,
3906,200,4,95.0,95.0,5.0,1e-08,50,center,center,True,129.20000000000002,3,0.0,0.0,0.0,
3907,200,4,95.0,95.0,5.0,1e-08,50,0.35,0.45,True,130.9,3,0.0,0.0,0.0,
3916,200,4,95.0,95.0,5.0,1e-08,120,center,center,True,110.4,3,0.0,0.0,0.0,
3908,200,4,95.0,95.0,5.0,1e-08,50,0.45,0.55,True,132.5,3,0.0,0.0,0.0,
3909,200,4,95.0,95.0,5.0,1e-08,50,0.60,0.45,True,126.60000000000001,3,0.0,0.0,0.0,
3915,200,4,95.0,95.0,5.0,1e-08,80,0.60,0.58,True,124.60000000000001,3,0.0,0.0,0.0,
3910,200,4,95.0,95.0,5.0,1e-08,50,0.60,0.58,True,130.5,3,0.0,0.0,0.0,
3911,200,4,95.0,95.0,5.0,1e-08,80,center,center,True,133.4,3,0.0,0.0,0.0,
3905,200,4,95.0,95.0,5.0,1e-08,25,0.60,0.58,True,156.0,3,0.0,0.0,0.0,
3912,200,4,95.0,95.0,5.0,1e-08,80,0.35,0.45,True,134.6,3,0.0,0.0,0.0,
3919,200,4,95.0,95.0,5.0,1e-08,120,0.60,0.45,True,117.4,3,0.0,0.0,0.0,
3920,200,4,95.0,95.0,5.0,1e-08,120,0.60,0.58,True,124.60000000000001,3,0.0,0.0,0.0,
3917,200,4,95.0,95.0,5.0,1e-08,120,0.35,0.45,True,134.6,3,0.0,0.0,0.0,
3914,200,4,95.0,95.0,5.0,1e-08,80,0.60,0.45,True,135.70000000000002,3,0.0,0.0,0.0,
3913,200,4,95.0,95.0,5.0,1e-08,80,0.45,0.55,True,139.1,3,0.0,0.0,0.0,
3922,200,4,95.0,95.0,5.0,1e-07,25,0.35,0.45,True,115.7,3,0.0006250001244582713,0.025000002489165302,0.010801767937432195,
3924,200,4,95.0,95.0,5.0,1e-07,25,0.60,0.45,True,113.30000000000001,3,0.0006132096144404037,0.024763069568217985,0.617407275609811,
3921,200,4,95.0,95.0,5.0,1e-07,25,center,center,True,123.5,3,0.0008690399425752037,0.029479483417712796,1.7713831046795878,
3918,200,4,95.0,95.0,5.0,1e-08,120,0.45,0.55,True,139.1,3,0.0,0.0,0.0,
3927,200,4,95.0,95.0,5.0,1e-07,50,0.35,0.45,True,123.2,3,0.000608433683462647,0.024666448537692794,0.2256803626864175,
3923,200,4,95.0,95.0,5.0,1e-07,25,0.45,0.55,True,127.9,3,0.0007159402777784925,0.02675706033514318,0.9498117879935446,
3926,200,4,95.0,95.0,5.0,1e-07,50,center,center,True,132.70000000000002,3,0.0006249990130680488,0.024999980261353184,1.7051087533944107,
3928,200,4,95.0,95.0,5.0,1e-07,50,0.45,0.55,True,115.30000000000001,3,0.0007395941114991839,0.027195479615171048,0.9203205776333724,
3929,200,4,95.0,95.0,5.0,1e-07,50,0.60,0.45,True,111.9,3,0.0006249204552630722,0.024998409054639303,0.8865247395429751,
3930,200,4,95.0,95.0,5.0,1e-07,50,0.60,0.58,True,108.30000000000001,3,0.0006235409412500139,0.024970801774272567,0.25738560414712036,
3931,200,4,95.0,95.0,5.0,1e-07,80,center,center,True,105.0,3,0.0006250001424669244,0.025000002849338326,1.6335287750798086,
3932,200,4,95.0,95.0,5.0,1e-07,80,0.35,0.45,True,114.7,3,0.0008712300967211665,0.029516607134309432,0.017381290032004143,
3934,200,4,95.0,95.0,5.0,1e-07,80,0.60,0.45,True,114.60000000000001,3,0.0005985238057103814,0.02446474618119676,0.8406907536927918,
3933,200,4,95.0,95.0,5.0,1e-07,80,0.45,0.55,True,116.7,3,0.0006226024757534281,0.02495200344167634,0.8010686898636102,
3937,200,4,95.0,95.0,5.0,1e-07,120,0.35,0.45,True,109.2,3,0.0006250066398119849,0.025000132795887003,0.14994189143782424,
3935,200,4,95.0,95.0,5.0,1e-07,80,0.60,0.58,True,113.80000000000001,3,0.0005673703766733682,0.023819537709060774,0.15459544739712272,
3936,200,4,95.0,95.0,5.0,1e-07,120,center,center,True,120.2,3,0.0006802694123940927,0.02608197485609732,1.6930887023745835,
3938,200,4,95.0,95.0,5.0,1e-07,120,0.45,0.55,True,114.2,3,0.0006093622978135369,0.02468526479123805,0.8123279242875258,
3940,200,4,95.0,95.0,5.0,1e-07,120,0.60,0.58,True,115.60000000000001,3,0.0005870785843199849,0.024229704585900028,0.15009999298484722,
3939,200,4,95.0,95.0,5.0,1e-07,120,0.60,0.45,True,118.9,3,0.001270305741776205,0.035641348764829384,0.492731238495026,
3947,200,4,95.0,95.0,5.0,1e-06,50,0.35,0.45,True,112.5,3,nan,nan,0.3040350925869036,
3948,200,4,95.0,95.0,5.0,1e-06,50,0.45,0.55,True,114.30000000000001,3,nan,nan,1.6178265517188135,
3949,200,4,95.0,95.0,5.0,1e-06,50,0.60,0.45,True,116.60000000000001,3,nan,nan,0.5315674838088156,
3952,200,4,95.0,95.0,5.0,1e-06,80,0.35,0.45,True,115.30000000000001,3,nan,nan,0.31685012089975384,
3950,200,4,95.0,95.0,5.0,1e-06,50,0.60,0.58,True,118.0,3,nan,nan,0.14937772900014804,
3942,200,4,95.0,95.0,5.0,1e-06,25,0.35,0.45,True,131.70000000000002,3,0.02932538346705775,0.1712465575334516,0.16470146813010017,
3954,200,4,95.0,95.0,5.0,1e-06,80,0.60,0.45,True,113.5,3,nan,nan,0.36690117268275185,
3953,200,4,95.0,95.0,5.0,1e-06,80,0.45,0.55,True,119.4,3,nan,nan,1.6992096245728168,
3951,200,4,95.0,95.0,5.0,1e-06,80,center,center,True,130.0,3,nan,nan,2.3165105694964283,
3957,200,4,95.0,95.0,5.0,1e-06,120,0.35,0.45,True,100.7,3,nan,nan,0.48289570227524986,
3955,200,4,95.0,95.0,5.0,1e-06,80,0.60,0.58,True,115.30000000000001,3,nan,nan,0.34217077119196837,
3956,200,4,95.0,95.0,5.0,1e-06,120,center,center,True,107.10000000000001,3,nan,nan,2.5176122076278493,
3946,200,4,95.0,95.0,5.0,1e-06,50,center,center,True,149.8,3,nan,nan,1.7191014223502987,
3944,200,4,95.0,95.0,5.0,1e-06,25,0.60,0.45,True,155.0,3,0.40378490715773613,0.6354407188383006,0.6530714455672176,
3958,200,4,95.0,95.0,5.0,1e-06,120,0.45,0.55,True,118.0,3,0.4020583024038964,0.6340806749964049,0.9428480679387271,
3959,200,4,95.0,95.0,5.0,1e-06,120,0.60,0.45,True,114.0,3,nan,nan,0.35383868802678536,
3960,200,4,95.0,95.0,5.0,1e-06,120,0.60,0.58,True,116.5,3,0.1047630142402819,0.3236711513871477,0.24271674588983985,
3943,200,4,95.0,95.0,5.0,1e-06,25,0.45,0.55,True,192.70000000000002,3,0.19531700867193738,0.441946839192156,0.9114709952607126,
3941,200,4,95.0,95.0,5.0,1e-06,25,center,center,True,229.3,3,0.841936825973695,0.9175711558095617,1.314428534651205,
3975,200,4,142.5,95.0,1.0,1e-08,80,0.60,0.58,True,122.9,3,0.00885975504756527,0.09412627182442354,41.75256575255059,
3962,200,4,142.5,95.0,1.0,1e-08,25,0.35,0.45,True,184.10000000000002,3,0.0,0.0,43.342073940319914,
3963,200,4,142.5,95.0,1.0,1e-08,25,0.45,0.55,True,186.70000000000002,3,6.731613057885967e-29,8.204640795236539e-15,42.07480544424171,
3961,200,4,142.5,95.0,1.0,1e-08,25,center,center,True,194.20000000000002,3,74.73213146335638,8.644774806977702,36.13655592875929,
3966,200,4,142.5,95.0,1.0,1e-08,50,center,center,True,177.3,3,29.850193901950483,5.46353309699415,41.39371981086368,
3964,200,4,142.5,95.0,1.0,1e-08,25,0.60,0.45,True,195.10000000000002,3,0.00832382621753346,0.0912350054394335,39.240247473789964,
3970,200,4,142.5,95.0,1.0,1e-08,50,0.60,0.58,True,173.3,3,15.743243305840789,3.9677756118309904,42.13224226020292,
3971,200,4,142.5,95.0,1.0,1e-08,80,center,center,True,177.4,3,22.670297000781467,4.76133353177253,40.80484131884787,
3968,200,4,142.5,95.0,1.0,1e-08,50,0.45,0.55,True,184.3,3,6.094123126233616e-10,2.4686277820347108e-05,40.922683979044535,
3967,200,4,142.5,95.0,1.0,1e-08,50,0.35,0.45,True,201.60000000000002,3,0.03510128728742108,0.1873533754364225,38.90960950587262,
3973,200,4,142.5,95.0,1.0,1e-08,80,0.45,0.55,True,184.5,3,21.833882118158474,4.672673979442442,38.47493162395037,
3974,200,4,142.5,95.0,1.0,1e-08,80,0.60,0.45,True,181.20000000000002,3,39.74644828981273,6.304478431227498,38.55959921018956,
3965,200,4,142.5,95.0,1.0,1e-08,25,0.60,0.58,True,213.9,3,0.026336953942400793,0.16228664129373307,39.14476261728268,
3978,200,4,142.5,95.0,1.0,1e-08,120,0.45,0.55,True,182.70000000000002,3,0.008864984761877635,0.09415404803765813,40.52209689069447,
3979,200,4,142.5,95.0,1.0,1e-08,120,0.60,0.45,True,183.9,3,62.322681644181614,7.894471587394663,38.948982319146985,
3972,200,4,142.5,95.0,1.0,1e-08,80,0.35,0.45,True,209.8,3,0.034214466823067134,0.18497152976354803,39.210548030697105,
3980,200,4,142.5,95.0,1.0,1e-08,120,0.60,0.58,True,184.0,3,0.008888660568888011,0.094279693300774,40.71328285184646,
3977,200,4,142.5,95.0,1.0,1e-08,120,0.35,0.45,True,205.60000000000002,3,26.41842673612497,5.1398858680057256,36.70107254853338,
3976,200,4,142.5,95.0,1.0,1e-08,120,center,center,True,222.20000000000002,3,0.008648453160615832,0.09299705995683859,40.72053047639901,
3805,200,4,95.0,95.0,1.0,1e-07,25,0.60,0.58,False,900.0,2,0.0005735028422050939,0.023947919371108087,0.17633938603879365,vittima non trovata entro 15 minuti
3969,200,4,142.5,95.0,1.0,1e-08,50,0.60,0.45,True,256.6,3,211.48567145850984,14.542546938501173,30.208051720012467,
3986,200,4,142.5,95.0,1.0,1e-07,50,center,center,True,155.9,3,0.003166227818495553,0.056269243983685734,5.620476459182421,
3981,200,4,142.5,95.0,1.0,1e-07,25,center,center,True,218.70000000000002,3,2.560318543259959,1.600099541672317,39.69242805245529,
3987,200,4,142.5,95.0,1.0,1e-07,50,0.35,0.45,True,137.8,3,0.0050594387721821735,0.07112973198446747,20.698150218979148,
3989,200,4,142.5,95.0,1.0,1e-07,50,0.60,0.45,True,140.9,3,0.00032764414016390325,0.018100943073881628,27.352690595396506,
3991,200,4,142.5,95.0,1.0,1e-07,80,center,center,True,145.6,3,1.4708592218525212e-05,0.0038351782512062215,27.915705166836066,
3982,200,4,142.5,95.0,1.0,1e-07,25,0.35,0.45,True,238.3,3,178.48697633445028,13.359901808563201,26.21990488935606,
3992,200,4,142.5,95.0,1.0,1e-07,80,0.35,0.45,True,141.70000000000002,3,7.074430170850857e-05,0.008410963185539964,32.41667727182501,
3993,200,4,142.5,95.0,1.0,1e-07,80,0.45,0.55,True,149.70000000000002,3,0.00017678705223044894,0.013296129219831197,27.446827340259837,
3997,200,4,142.5,95.0,1.0,1e-07,120,0.35,0.45,True,142.6,3,4.1865338483669214e-05,0.006470342995828677,34.86046596166193,
3996,200,4,142.5,95.0,1.0,1e-07,120,center,center,True,139.70000000000002,3,0.003976901013422635,0.06306267527961873,26.368550542140007,
3998,200,4,142.5,95.0,1.0,1e-07,120,0.45,0.55,True,140.0,3,0.004874065520961979,0.0698145079547366,25.355065194127665,
3994,200,4,142.5,95.0,1.0,1e-07,80,0.60,0.45,True,147.5,3,0.0002042564465436067,0.014291831462188697,24.52576450838912,
3995,200,4,142.5,95.0,1.0,1e-07,80,0.60,0.58,True,148.20000000000002,3,4.5161153440583925e-05,0.006720204865968293,32.22976835656857,
3999,200,4,142.5,95.0,1.0,1e-07,120,0.60,0.45,True,140.6,3,0.0003606753741872688,0.018991455294086045,24.942136195638355,
4000,200,4,142.5,95.0,1.0,1e-07,120,0.60,0.58,True,144.5,3,5.462272595561433e-05,0.007390718906548559,30.323506753840054,
3825,200,4,95.0,95.0,1.0,1e-06,25,0.60,0.58,False,900.0,2,nan,nan,0.04278434151831693,vittima non trovata entro 15 minuti
4003,200,4,142.5,95.0,1.0,1e-06,25,0.45,0.55,True,148.1,3,nan,nan,12.120569901577168,
4012,200,4,142.5,95.0,1.0,1e-06,80,0.35,0.45,True,133.1,3,nan,nan,16.482689627944175,
4014,200,4,142.5,95.0,1.0,1e-06,80,0.60,0.45,True,132.70000000000002,3,nan,nan,14.041172170710986,
4017,200,4,142.5,95.0,1.0,1e-06,120,0.35,0.45,True,117.7,3,nan,nan,15.31460389151657,
4016,200,4,142.5,95.0,1.0,1e-06,120,center,center,True,129.3,3,nan,nan,14.054613416755338,
4019,200,4,142.5,95.0,1.0,1e-06,120,0.60,0.45,True,127.9,3,nan,nan,13.542801070996317,
4018,200,4,142.5,95.0,1.0,1e-06,120,0.45,0.55,True,128.9,3,nan,nan,13.968550426965315,
4011,200,4,142.5,95.0,1.0,1e-06,80,center,center,True,153.1,3,nan,nan,9.378514100528514,
4020,200,4,142.5,95.0,1.0,1e-06,120,0.60,0.58,True,131.3,3,nan,nan,13.279012496065958,
4001,200,4,142.5,95.0,1.0,1e-06,25,center,center,True,252.60000000000002,3,155.59461752057416,12.47375715334294,13.336069910493027,
3865,200,4,95.0,95.0,3.0,1e-07,25,0.60,0.58,False,900.0,2,0.0005736750583086768,0.023951514739336984,0.1767969861572447,vittima non trovata entro 15 minuti
4021,200,4,142.5,95.0,3.0,1e-08,25,center,center,True,190.10000000000002,3,27.16637884427863,5.212137646328868,38.29178260031319,
4022,200,4,142.5,95.0,3.0,1e-08,25,0.35,0.45,True,184.10000000000002,3,1.3463226115771934e-28,1.160311428702309e-14,43.342074370961804,
4023,200,4,142.5,95.0,3.0,1e-08,25,0.45,0.55,True,186.60000000000002,3,0.0,0.0,42.07513458553698,
4024,200,4,142.5,95.0,3.0,1e-08,25,0.60,0.45,True,216.3,3,0.008608582337143358,0.09278244627699443,39.25474561779168,
4026,200,4,142.5,95.0,3.0,1e-08,50,center,center,True,185.60000000000002,3,33.2795149665766,5.768840001818095,41.01984734981909,
4030,200,4,142.5,95.0,3.0,1e-08,50,0.60,0.58,True,172.3,3,32.89239862818587,5.735189502377918,39.54197876324077,
3885,200,4,95.0,95.0,3.0,1e-06,25,0.60,0.58,False,900.0,2,nan,nan,0.29663310406085247,vittima non trovata entro 15 minuti
4028,200,4,142.5,95.0,3.0,1e-08,50,0.45,0.55,True,184.20000000000002,3,6.094123124235034e-10,2.4686277816299148e-05,40.92268170614619,
4031,200,4,142.5,95.0,3.0,1e-08,80,center,center,True,174.0,3,19.461865013917073,4.411560383120362,41.120091247351596,
4032,200,4,142.5,95.0,3.0,1e-08,80,0.35,0.45,True,171.4,3,19.477293337189792,4.413308660992317,41.90985956415386,
4027,200,4,142.5,95.0,3.0,1e-08,50,0.35,0.45,True,201.70000000000002,3,0.03510128791756637,0.18735337711812503,38.90961043084523,
4025,200,4,142.5,95.0,3.0,1e-08,25,0.60,0.58,True,215.20000000000002,3,0.03436856184523278,0.18538759895212187,38.899957681752966,
4033,200,4,142.5,95.0,3.0,1e-08,80,0.45,0.55,True,183.8,3,19.315579327750086,4.3949492975175595,38.55697677736097,
4029,200,4,142.5,95.0,3.0,1e-08,50,0.60,0.45,True,231.10000000000002,3,0.007568266022095083,0.08699578163391075,38.704314919945645,
4034,200,4,142.5,95.0,3.0,1e-08,80,0.60,0.45,True,180.20000000000002,3,8.545626801720712,2.9232904066686074,40.04611425524208,
4035,200,4,142.5,95.0,3.0,1e-08,80,0.60,0.58,True,186.5,3,70.13376426591226,8.374590393918515,36.31983397162758,
4037,200,4,142.5,95.0,3.0,1e-08,120,0.35,0.45,True,205.60000000000002,3,26.418427276501582,5.139885920572711,36.70107264465747,
4036,200,4,142.5,95.0,3.0,1e-08,120,center,center,True,221.60000000000002,3,0.008646086567817806,0.09298433506681546,40.66653120581659,
3925,200,4,95.0,95.0,5.0,1e-07,25,0.60,0.58,False,900.0,2,0.0005822957707272878,0.02413080543055469,0.14227072077310451,vittima non trovata entro 15 minuti
4038,200,4,142.5,95.0,3.0,1e-08,120,0.45,0.55,True,182.60000000000002,3,0.008864988767922964,0.09415406931154365,40.52665236474851,
4039,200,4,142.5,95.0,3.0,1e-08,120,0.60,0.45,True,176.3,3,0.025312578731669953,0.15909927319654843,37.40908796244258,
4040,200,4,142.5,95.0,3.0,1e-08,120,0.60,0.58,True,178.10000000000002,3,0.0031999493050897674,0.05656809440921417,41.106727895803154,
4047,200,4,142.5,95.0,3.0,1e-07,50,0.35,0.45,True,137.70000000000002,3,0.005058884333151442,0.0711258344988053,20.68642008418977,
4051,200,4,142.5,95.0,3.0,1e-07,80,center,center,True,146.1,3,1.7568811635406926e-05,0.004191516627118032,27.601054497538026,
4052,200,4,142.5,95.0,3.0,1e-07,80,0.35,0.45,True,141.9,3,6.999220981359041e-05,0.008366134699703945,32.47264043748883,
4042,200,4,142.5,95.0,3.0,1e-07,25,0.35,0.45,True,243.10000000000002,3,124.73619391503347,11.16853588949928,24.782055567569362,
4044,200,4,142.5,95.0,3.0,1e-07,25,0.60,0.45,True,245.5,3,70.65098999684794,8.40541432630468,35.39320083287137,
4048,200,4,142.5,95.0,3.0,1e-07,50,0.45,0.55,True,207.9,3,61.68353081028827,7.853886350736702,29.52945022135493,
3945,200,4,95.0,95.0,5.0,1e-06,25,0.60,0.58,False,900.0,2,nan,nan,0.20323201992844236,vittima non trovata entro 15 minuti
4053,200,4,142.5,95.0,3.0,1e-07,80,0.45,0.55,True,150.4,3,0.0002099003148127046,0.014487936872194903,27.441791220247744,
4054,200,4,142.5,95.0,3.0,1e-07,80,0.60,0.45,True,142.4,3,4.4673758752271324e-05,0.006683843112481869,23.012366395536976,
4056,200,4,142.5,95.0,3.0,1e-07,120,center,center,True,137.9,3,0.003883641990282757,0.06231887346769642,24.76974225407005,
4057,200,4,142.5,95.0,3.0,1e-07,120,0.35,0.45,True,142.8,3,4.720196889073832e-05,0.0068703689049961734,35.03142165845886,
4055,200,4,142.5,95.0,3.0,1e-07,80,0.60,0.58,True,148.20000000000002,3,5.8559311173429986e-05,0.00765240558082424,32.30186218279116,
4049,200,4,142.5,95.0,3.0,1e-07,50,0.60,0.45,True,260.5,3,0.0003544300682774781,0.01882631318865906,26.91700946432661,
4058,200,4,142.5,95.0,3.0,1e-07,120,0.45,0.55,True,140.20000000000002,3,0.0048742853091203586,0.0698160820235593,25.36067486128039,
4059,200,4,142.5,95.0,3.0,1e-07,120,0.60,0.45,True,142.8,3,0.0003179913697242082,0.017832312517567884,23.83722414043936,
4060,200,4,142.5,95.0,3.0,1e-07,120,0.60,0.58,True,143.70000000000002,3,6.121405910671841e-05,0.007823941404862284,30.43989802333471,
4063,200,4,142.5,95.0,3.0,1e-06,25,0.45,0.55,True,148.6,3,nan,nan,12.529652631789057,
3984,200,4,142.5,95.0,1.0,1e-07,25,0.60,0.45,False,900.0,2,2.0501241791382732e-05,0.00452782969990952,36.35299950168884,vittima non trovata entro 15 minuti
3983,200,4,142.5,95.0,1.0,1e-07,25,0.45,0.55,False,900.0,2,0.00028705217362495446,0.016942614131973687,27.654288294720054,vittima non trovata entro 15 minuti
3985,200,4,142.5,95.0,1.0,1e-07,25,0.60,0.58,False,900.0,2,0.005185177297305149,0.07200817521160462,26.23517492866669,vittima non trovata entro 15 minuti
4072,200,4,142.5,95.0,3.0,1e-06,80,0.35,0.45,True,133.4,3,nan,nan,16.625675953049758,
4071,200,4,142.5,95.0,3.0,1e-06,80,center,center,True,152.0,3,nan,nan,8.891992292822898,
4061,200,4,142.5,95.0,3.0,1e-06,25,center,center,True,260.1,3,58.11608220892931,7.623390466775876,3.6394242976035636,
3988,200,4,142.5,95.0,1.0,1e-07,50,0.45,0.55,False,900.0,2,0.0001309193725973875,0.011442000375694256,25.03938599297568,vittima non trovata entro 15 minuti
3990,200,4,142.5,95.0,1.0,1e-07,50,0.60,0.58,False,900.0,2,0.005415655459322297,0.07359113709763083,27.09970214132744,vittima non trovata entro 15 minuti
4074,200,4,142.5,95.0,3.0,1e-06,80,0.60,0.45,True,129.3,3,nan,nan,16.130819558178327,
4073,200,4,142.5,95.0,3.0,1e-06,80,0.45,0.55,True,137.70000000000002,3,nan,nan,14.903221361954653,
4002,200,4,142.5,95.0,1.0,1e-06,25,0.35,0.45,False,900.0,2,79.54849082482957,8.918996065972312,16.283572341204348,vittima non trovata entro 15 minuti
4076,200,4,142.5,95.0,3.0,1e-06,120,center,center,True,129.3,3,nan,nan,13.741042582654506,
4043,200,4,142.5,95.0,3.0,1e-07,25,0.45,0.55,True,532.7,3,229.88773175350184,15.162049061835338,33.23437906984251,
4005,200,4,142.5,95.0,1.0,1e-06,25,0.60,0.58,False,900.0,2,142.79674939991892,11.949759386695572,18.38215308226906,vittima non trovata entro 15 minuti
4004,200,4,142.5,95.0,1.0,1e-06,25,0.60,0.45,False,900.0,2,121.42490066105739,11.019296740766055,12.323268636240913,vittima non trovata entro 15 minuti
4077,200,4,142.5,95.0,3.0,1e-06,120,0.35,0.45,True,117.7,3,nan,nan,15.308233967771278,
4006,200,4,142.5,95.0,1.0,1e-06,50,center,center,False,900.0,2,nan,nan,14.89133383846824,vittima non trovata entro 15 minuti
4007,200,4,142.5,95.0,1.0,1e-06,50,0.35,0.45,False,900.0,2,nan,nan,15.14989040407818,vittima non trovata entro 15 minuti
4009,200,4,142.5,95.0,1.0,1e-06,50,0.60,0.45,False,900.0,2,nan,nan,15.51816469729721,vittima non trovata entro 15 minuti
4078,200,4,142.5,95.0,3.0,1e-06,120,0.45,0.55,True,128.70000000000002,3,nan,nan,14.683305097778975,
4079,200,4,142.5,95.0,3.0,1e-06,120,0.60,0.45,True,128.20000000000002,3,nan,nan,14.761885480863308,
4080,200,4,142.5,95.0,3.0,1e-06,120,0.60,0.58,True,131.5,3,nan,nan,13.477562252270914,
4008,200,4,142.5,95.0,1.0,1e-06,50,0.45,0.55,False,900.0,2,nan,nan,13.900377920506319,vittima non trovata entro 15 minuti
4010,200,4,142.5,95.0,1.0,1e-06,50,0.60,0.58,False,900.0,2,nan,nan,14.430115741072377,vittima non trovata entro 15 minuti
4013,200,4,142.5,95.0,1.0,1e-06,80,0.45,0.55,False,900.0,2,nan,nan,14.559997807831085,vittima non trovata entro 15 minuti
4015,200,4,142.5,95.0,1.0,1e-06,80,0.60,0.58,False,900.0,2,nan,nan,13.040097847738972,vittima non trovata entro 15 minuti
4081,200,4,142.5,95.0,5.0,1e-08,25,center,center,True,190.20000000000002,3,10.109946746313124,3.1796142448908995,41.37084385727389,
4082,200,4,142.5,95.0,5.0,1e-08,25,0.35,0.45,True,184.10000000000002,3,0.0,0.0,43.3420768358123,
4083,200,4,142.5,95.0,5.0,1e-08,25,0.45,0.55,True,187.20000000000002,3,4.0389678347315804e-28,2.0097183471152322e-14,42.05089914372485,
4086,200,4,142.5,95.0,5.0,1e-08,50,center,center,True,191.5,3,46.24388648367945,6.800285764854257,41.63264261963793,
4084,200,4,142.5,95.0,5.0,1e-08,25,0.60,0.45,True,216.9,3,0.030684156666629055,0.1751689375049956,39.32797335926401,
4090,200,4,142.5,95.0,5.0,1e-08,50,0.60,0.58,True,178.70000000000002,3,15.6463710142676,3.955549394745008,41.12151844029191,
4085,200,4,142.5,95.0,5.0,1e-08,25,0.60,0.58,True,216.10000000000002,3,0.0345749785988632,0.1859434822704555,38.79258104380581,
4088,200,4,142.5,95.0,5.0,1e-08,50,0.45,0.55,True,184.0,3,6.09412284325446e-10,2.4686277247196386e-05,40.92231051773736,
4092,200,4,142.5,95.0,5.0,1e-08,80,0.35,0.45,True,171.4,3,19.477293190459594,4.413308644368712,41.909859829464516,
4087,200,4,142.5,95.0,5.0,1e-08,50,0.35,0.45,True,201.70000000000002,3,0.03510129146622728,0.18735338658862635,38.90961562191427,
4091,200,4,142.5,95.0,5.0,1e-08,80,center,center,True,184.8,3,6.466172767279184,2.5428670368855673,41.15974621059038,
4093,200,4,142.5,95.0,5.0,1e-08,80,0.45,0.55,True,183.70000000000002,3,19.315577486015545,4.394949087989023,38.5569766622918,
4089,200,4,142.5,95.0,5.0,1e-08,50,0.60,0.45,True,217.60000000000002,3,0.008715826849463969,0.09335859279929175,40.53704710223241,
4095,200,4,142.5,95.0,5.0,1e-08,80,0.60,0.58,True,184.70000000000002,3,2.50186353255987e-12,1.5817280210452965e-06,41.243720867144496,
4098,200,4,142.5,95.0,5.0,1e-08,120,0.45,0.55,True,182.60000000000002,3,0.00886499128230625,0.09415408266403667,40.53563131719146,
4097,200,4,142.5,95.0,5.0,1e-08,120,0.35,0.45,True,205.60000000000002,3,26.41842998554606,5.13988618410428,36.701073146923456,
4096,200,4,142.5,95.0,5.0,1e-08,120,center,center,True,221.3,3,0.008644934869082601,0.09297814188873964,40.67043186537929,
4094,200,4,142.5,95.0,5.0,1e-08,80,0.60,0.45,True,231.3,3,248.9802585681241,15.779108294454542,32.61873616467853,
4099,200,4,142.5,95.0,5.0,1e-08,120,0.60,0.45,True,219.10000000000002,3,0.02466119172514657,0.1570388223502283,37.42974722006465,
4100,200,4,142.5,95.0,5.0,1e-08,120,0.60,0.58,True,173.9,3,14.894697620296139,3.8593649244786556,40.255679984848506,
4046,200,4,142.5,95.0,3.0,1e-07,50,center,center,False,900.0,2,0.0031542686697694027,0.05616287625976257,13.720064617792996,vittima non trovata entro 15 minuti
4107,200,4,142.5,95.0,5.0,1e-07,50,0.35,0.45,True,137.70000000000002,3,0.005053405411447784,0.07108730837109944,20.57237669307865,
4109,200,4,142.5,95.0,5.0,1e-07,50,0.60,0.45,True,143.5,3,0.00032776351128159157,0.01810424014648479,27.231293364201832,
4106,200,4,142.5,95.0,5.0,1e-07,50,center,center,True,158.60000000000002,3,0.00303065122255335,0.055051350778644384,6.124890739364923,
4111,200,4,142.5,95.0,5.0,1e-07,80,center,center,True,145.6,3,1.8587017411822198e-05,0.00431126633506006,27.29425765795482,
4112,200,4,142.5,95.0,5.0,1e-07,80,0.35,0.45,True,141.0,3,6.577381696094924e-05,0.008110105853868323,32.25098541234602,
4113,200,4,142.5,95.0,5.0,1e-07,80,0.45,0.55,True,146.20000000000002,3,0.004951215035389932,0.07036487074805106,27.545649027505164,
4041,200,4,142.5,95.0,3.0,1e-07,25,center,center,False,900.0,2,0.00013956084118038384,0.011813587142793836,38.31331448248133,vittima non trovata entro 15 minuti
4114,200,4,142.5,95.0,5.0,1e-07,80,0.60,0.45,True,142.5,3,0.00020931828205191826,0.014467836121960957,23.227172182145534,
4116,200,4,142.5,95.0,5.0,1e-07,120,center,center,True,137.9,3,0.0038676546664296297,0.062190470865154494,24.56662157011312,
4045,200,4,142.5,95.0,3.0,1e-07,25,0.60,0.58,False,900.0,2,0.005152514447069349,0.07178101731704106,25.85252741232137,vittima non trovata entro 15 minuti
4115,200,4,142.5,95.0,5.0,1e-07,80,0.60,0.58,True,149.20000000000002,3,6.888768189944788e-05,0.008299860354213671,30.996908805487635,
4117,200,4,142.5,95.0,5.0,1e-07,120,0.35,0.45,True,143.0,3,5.009530557158825e-05,0.00707780372513877,35.13911853675239,
4108,200,4,142.5,95.0,5.0,1e-07,50,0.45,0.55,True,207.9,3,61.89913679667225,7.867600447193048,29.547936226690343,
4118,200,4,142.5,95.0,5.0,1e-07,120,0.45,0.55,True,140.70000000000002,3,0.0048723681717714185,0.06980235076106978,25.357569680074686,
4110,200,4,142.5,95.0,5.0,1e-07,50,0.60,0.58,True,215.10000000000002,3,46.57800436871185,6.824808009659455,29.882482910113364,
4119,200,4,142.5,95.0,5.0,1e-07,120,0.60,0.45,True,141.70000000000002,3,0.00021219321025403213,0.014566853134909822,23.447040502212666,
4120,200,4,142.5,95.0,5.0,1e-07,120,0.60,0.58,True,144.1,3,7.0055984750082e-05,0.008369945325393828,30.2657647789952,
4050,200,4,142.5,95.0,3.0,1e-07,50,0.60,0.58,False,900.0,2,0.005413215995395238,0.07357456078968626,26.12353213956735,vittima non trovata entro 15 minuti
4123,200,4,142.5,95.0,5.0,1e-06,25,0.45,0.55,True,153.60000000000002,3,nan,nan,12.30371868350845,
4132,200,4,142.5,95.0,5.0,1e-06,80,0.35,0.45,True,133.8,3,nan,nan,16.078179115092993,
4134,200,4,142.5,95.0,5.0,1e-06,80,0.60,0.45,True,130.8,3,nan,nan,15.056920288511577,
4136,200,4,142.5,95.0,5.0,1e-06,120,center,center,True,129.9,3,nan,nan,15.800131708513291,
4131,200,4,142.5,95.0,5.0,1e-06,80,center,center,True,151.3,3,nan,nan,7.598632222633681,
4066,200,4,142.5,95.0,3.0,1e-06,50,center,center,True,800.6,3,106.52358746957368,10.321026473639805,7.419686842471704,
4137,200,4,142.5,95.0,5.0,1e-06,120,0.35,0.45,True,117.7,3,nan,nan,15.119238918427975,
4121,200,4,142.5,95.0,5.0,1e-06,25,center,center,True,248.5,3,72.4939185253893,8.514336058988352,4.216635186444575,
4138,200,4,142.5,95.0,5.0,1e-06,120,0.45,0.55,True,128.70000000000002,3,nan,nan,15.474947501294961,
4139,200,4,142.5,95.0,5.0,1e-06,120,0.60,0.45,True,129.20000000000002,3,nan,nan,14.71558488856048,
4062,200,4,142.5,95.0,3.0,1e-06,25,0.35,0.45,False,900.0,2,78.1688040042707,8.841312346267985,16.668897739133616,vittima non trovata entro 15 minuti
4140,200,4,142.5,95.0,5.0,1e-06,120,0.60,0.58,True,132.0,3,nan,nan,13.315281934866944,
4064,200,4,142.5,95.0,3.0,1e-06,25,0.60,0.45,False,900.0,2,117.09256516470384,10.820931806674684,12.271186877467178,vittima non trovata entro 15 minuti
4065,200,4,142.5,95.0,3.0,1e-06,25,0.60,0.58,False,900.0,2,142.62858387492173,11.942720957760075,18.663618328497503,vittima non trovata entro 15 minuti
4068,200,4,142.5,95.0,3.0,1e-06,50,0.45,0.55,False,900.0,2,nan,nan,16.85224044544336,vittima non trovata entro 15 minuti
4143,200,4,66.5,133.0,1.0,1e-08,25,0.45,0.55,True,143.5,3,25.865465779496073,5.085810238250742,17.76817259143353,
4067,200,4,142.5,95.0,3.0,1e-06,50,0.35,0.45,False,900.0,2,nan,nan,15.245363291882157,vittima non trovata entro 15 minuti
4142,200,4,66.5,133.0,1.0,1e-08,25,0.35,0.45,True,178.10000000000002,3,128.48228790368327,11.335002774754106,20.05905585842298,
4147,200,4,66.5,133.0,1.0,1e-08,50,0.35,0.45,True,137.5,3,13.21300010571597,3.6349690653038533,14.20636944866398,
4141,200,4,66.5,133.0,1.0,1e-08,25,center,center,True,197.9,3,47.20996019483469,6.870950457894067,23.2145888538127,
4069,200,4,142.5,95.0,3.0,1e-06,50,0.60,0.45,False,900.0,2,nan,nan,16.199797080247418,vittima non trovata entro 15 minuti
4144,200,4,66.5,133.0,1.0,1e-08,25,0.60,0.45,True,184.20000000000002,3,56.56268956451601,7.520817080910558,17.957062440974067,
4070,200,4,142.5,95.0,3.0,1e-06,50,0.60,0.58,False,900.0,2,nan,nan,14.408618499113617,vittima non trovata entro 15 minuti
4149,200,4,66.5,133.0,1.0,1e-08,50,0.60,0.45,True,129.0,3,0.03757733815710919,0.19384875072362265,14.092307201885937,
4145,200,4,66.5,133.0,1.0,1e-08,25,0.60,0.58,True,198.70000000000002,3,74.38124367842103,8.624456138123785,17.335590209623224,
4146,200,4,66.5,133.0,1.0,1e-08,50,center,center,True,183.9,3,11.491158071968822,3.389861069714926,9.837791898044262,
4148,200,4,66.5,133.0,1.0,1e-08,50,0.45,0.55,True,157.4,3,24.119710461030266,4.911182185689131,10.84688478663075,
4153,200,4,66.5,133.0,1.0,1e-08,80,0.45,0.55,True,134.1,3,17.92606951046635,4.233918930549609,15.018974059308324,
4075,200,4,142.5,95.0,3.0,1e-06,80,0.60,0.58,False,900.0,2,nan,nan,12.767473886502659,vittima non trovata entro 15 minuti
4155,200,4,66.5,133.0,1.0,1e-08,80,0.60,0.58,True,134.1,3,25.569233788928035,5.056602989055798,17.912672434782245,
4154,200,4,66.5,133.0,1.0,1e-08,80,0.60,0.45,True,146.8,3,2.7975676650118,1.6725930960672415,13.472523334558852,
4150,200,4,66.5,133.0,1.0,1e-08,50,0.60,0.58,True,197.3,3,65.22258561732436,8.076050124740705,14.87110378940532,
4157,200,4,66.5,133.0,1.0,1e-08,120,0.35,0.45,True,119.7,3,4.824332487108092,2.1964363152862165,16.843755923876966,
4152,200,4,66.5,133.0,1.0,1e-08,80,0.35,0.45,True,183.8,3,90.50089064567959,9.513195606402698,18.15966833861199,
4161,200,4,66.5,133.0,1.0,1e-07,25,center,center,True,97.9,3,0.01064770127138453,0.10318769922517185,37.57744021684409,
4158,200,4,66.5,133.0,1.0,1e-08,120,0.45,0.55,True,133.5,3,18.1984020634974,4.26595851638262,15.10232414865222,
4151,200,4,66.5,133.0,1.0,1e-08,80,center,center,True,202.8,3,77.40391538367332,8.797949498813534,14.064143447327114,
4163,200,4,66.5,133.0,1.0,1e-07,25,0.45,0.55,True,106.10000000000001,3,0.015392580563751885,0.12406683909793094,32.27690578633889,
4162,200,4,66.5,133.0,1.0,1e-07,25,0.35,0.45,True,124.9,3,0.0040020904200474185,0.06326207726630084,46.61824415636932,
4164,200,4,66.5,133.0,1.0,1e-07,25,0.60,0.45,True,126.2,3,0.0037726629127259378,0.06142200674616499,45.50028927375782,
4159,200,4,66.5,133.0,1.0,1e-08,120,0.60,0.45,True,183.20000000000002,3,47.818888003963714,6.915120245083502,14.218385494463947,
4156,200,4,66.5,133.0,1.0,1e-08,120,center,center,True,200.60000000000002,3,79.95468264493236,8.941738233975112,13.485387299280255,
4160,200,4,66.5,133.0,1.0,1e-08,120,0.60,0.58,True,181.5,3,43.78139696028255,6.616751239111423,14.421569873851785,
4168,200,4,66.5,133.0,1.0,1e-07,50,0.45,0.55,True,130.3,3,0.022469509759143486,0.14989833140880351,43.633954662142735,
4166,200,4,66.5,133.0,1.0,1e-07,50,center,center,True,145.3,3,0.025391776761405617,0.15934797382271798,39.50988046967687,
4165,200,4,66.5,133.0,1.0,1e-07,25,0.60,0.58,True,170.60000000000002,3,0.0020998744149941266,0.04582438668432046,36.3777724087167,
4167,200,4,66.5,133.0,1.0,1e-07,50,0.35,0.45,True,141.70000000000002,3,0.00822153190169667,0.09067266347525405,43.09042864029191,
4169,200,4,66.5,133.0,1.0,1e-07,50,0.60,0.45,True,135.9,3,0.0015445155095218592,0.03930032454728408,45.93505123900393,
4171,200,4,66.5,133.0,1.0,1e-07,80,center,center,True,134.3,3,0.03953401755643729,0.1988316311768258,43.64660015081404,
4172,200,4,66.5,133.0,1.0,1e-07,80,0.35,0.45,True,132.20000000000002,3,0.0037918641009282916,0.06157811381431143,51.57383969507273,
4173,200,4,66.5,133.0,1.0,1e-07,80,0.45,0.55,True,135.1,3,0.08131508709423102,0.28515800373517664,49.634074351498334,
4170,200,4,66.5,133.0,1.0,1e-07,50,0.60,0.58,True,151.3,3,0.07790044447313406,0.2791065109830547,49.53130703372333,
4175,200,4,66.5,133.0,1.0,1e-07,80,0.60,0.58,True,134.5,3,0.0386523973752367,0.19660212963047144,48.927708163743645,
4174,200,4,66.5,133.0,1.0,1e-07,80,0.60,0.45,True,151.0,3,0.07613181159245003,0.2759199369245543,46.27935848646108,
4176,200,4,66.5,133.0,1.0,1e-07,120,center,center,True,134.5,3,0.059990484216734107,0.2449295494968586,40.43665900637421,
4177,200,4,66.5,133.0,1.0,1e-07,120,0.35,0.45,True,129.20000000000002,3,0.0037719651096158723,0.061416326083671535,50.402639373355086,
4178,200,4,66.5,133.0,1.0,1e-07,120,0.45,0.55,True,136.9,3,0.02350092437019201,0.15330011210104189,46.45640838870336,
4180,200,4,66.5,133.0,1.0,1e-07,120,0.60,0.58,True,143.9,3,0.08309343134744146,0.2882593126812063,49.237972152574336,
4181,200,4,66.5,133.0,1.0,1e-06,25,center,center,True,114.4,3,nan,nan,23.180171013856082,
4179,200,4,66.5,133.0,1.0,1e-07,120,0.60,0.45,True,157.9,3,0.015268172516046917,0.12356444681236961,46.98744344835385,
4183,200,4,66.5,133.0,1.0,1e-06,25,0.45,0.55,True,101.30000000000001,3,nan,nan,15.400107638622366,
4182,200,4,66.5,133.0,1.0,1e-06,25,0.35,0.45,True,110.5,3,nan,nan,21.885820251559064,
4104,200,4,142.5,95.0,5.0,1e-07,25,0.60,0.45,False,900.0,2,2.656572386979549e-05,0.005154194783843107,35.88846323890056,vittima non trovata entro 15 minuti
4188,200,4,66.5,133.0,1.0,1e-06,50,0.45,0.55,True,95.9,3,nan,nan,18.96669660411774,
4187,200,4,66.5,133.0,1.0,1e-06,50,0.35,0.45,True,108.4,3,nan,nan,18.79776656949647,
4184,200,4,66.5,133.0,1.0,1e-06,25,0.60,0.45,True,113.60000000000001,3,nan,nan,20.222737716907496,
4189,200,4,66.5,133.0,1.0,1e-06,50,0.60,0.45,True,110.7,3,nan,nan,19.376940336006758,
4101,200,4,142.5,95.0,5.0,1e-07,25,center,center,False,900.0,2,540.9079195818504,23.257427191799405,22.132292203158386,vittima non trovata entro 15 minuti
4191,200,4,66.5,133.0,1.0,1e-06,80,center,center,True,109.80000000000001,3,nan,nan,17.00940178599744,
4192,200,4,66.5,133.0,1.0,1e-06,80,0.35,0.45,True,106.80000000000001,3,nan,nan,20.345930527056925,
4194,200,4,66.5,133.0,1.0,1e-06,80,0.60,0.45,True,98.0,3,nan,nan,19.30600498319171,
4186,200,4,66.5,133.0,1.0,1e-06,50,center,center,True,134.5,3,nan,nan,21.56758265012386,
4190,200,4,66.5,133.0,1.0,1e-06,50,0.60,0.58,True,113.2,3,nan,nan,21.67228551901502,
4193,200,4,66.5,133.0,1.0,1e-06,80,0.45,0.55,True,108.60000000000001,3,nan,nan,20.77044036177857,
4185,200,4,66.5,133.0,1.0,1e-06,25,0.60,0.58,True,153.3,3,nan,nan,19.606599556825437,
4102,200,4,142.5,95.0,5.0,1e-07,25,0.35,0.45,False,900.0,2,0.005242947087445559,0.07240819765361901,16.97222348589605,vittima non trovata entro 15 minuti
4195,200,4,66.5,133.0,1.0,1e-06,80,0.60,0.58,True,110.10000000000001,3,nan,nan,21.790686357214142,
4103,200,4,142.5,95.0,5.0,1e-07,25,0.45,0.55,False,900.0,2,0.00028893814517404475,0.016998180643058386,27.55400314580558,vittima non trovata entro 15 minuti
4197,200,4,66.5,133.0,1.0,1e-06,120,0.35,0.45,True,103.0,3,nan,nan,20.100506845602258,
4199,200,4,66.5,133.0,1.0,1e-06,120,0.60,0.45,True,95.60000000000001,3,nan,nan,19.160804495981267,
4196,200,4,66.5,133.0,1.0,1e-06,120,center,center,True,108.5,3,nan,nan,19.71478078481907,
4198,200,4,66.5,133.0,1.0,1e-06,120,0.45,0.55,True,108.60000000000001,3,nan,nan,21.144938555046977,
4105,200,4,142.5,95.0,5.0,1e-07,25,0.60,0.58,False,900.0,2,0.0051148463523097215,0.07151815400518753,25.302455309592663,vittima non trovata entro 15 minuti
4126,200,4,142.5,95.0,5.0,1e-06,50,center,center,True,739.4000000000001,3,40.39999047846118,6.356098683820224,7.437813963136146,
4200,200,4,66.5,133.0,1.0,1e-06,120,0.60,0.58,True,112.9,3,nan,nan,22.21163341179831,
4203,200,4,66.5,133.0,3.0,1e-08,25,0.45,0.55,True,143.5,3,26.07482974135348,5.10635190144133,17.583623547705812,
4207,200,4,66.5,133.0,3.0,1e-08,50,0.35,0.45,True,137.5,3,13.212996565245627,3.63496857830238,14.205735935707294,
4209,200,4,66.5,133.0,3.0,1e-08,50,0.60,0.45,True,131.8,3,5.373702780074326,2.318124841347921,17.336426146511954,
4204,200,4,66.5,133.0,3.0,1e-08,25,0.60,0.45,True,165.70000000000002,3,34.16489616530472,5.845074521792235,20.83713471618645,
4202,200,4,66.5,133.0,3.0,1e-08,25,0.35,0.45,True,178.10000000000002,3,128.48693666302404,11.335207835016702,20.059074652990425,
4213,200,4,66.5,133.0,3.0,1e-08,80,0.45,0.55,True,134.4,3,17.929660474594012,4.234342980273801,14.988710121875547,
4217,200,4,66.5,133.0,3.0,1e-08,120,0.35,0.45,True,119.7,3,4.8243324997160695,2.196436318156315,16.843755985700856,
4221,200,4,66.5,133.0,3.0,1e-07,25,center,center,True,98.5,3,0.010759426398046472,0.10372765493370836,37.122211134191694,
4215,200,4,66.5,133.0,3.0,1e-08,80,0.60,0.58,True,134.1,3,25.53744299370098,5.053458518054836,17.8272547823008,
4208,200,4,66.5,133.0,3.0,1e-08,50,0.45,0.55,True,181.3,3,17.22012052394462,4.149713306235097,8.428648140039758,
4223,200,4,66.5,133.0,3.0,1e-07,25,0.45,0.55,True,106.10000000000001,3,0.01533788260829816,0.12384620546588483,32.23702962735418,
4218,200,4,66.5,133.0,3.0,1e-08,120,0.45,0.55,True,133.6,3,18.202384045778167,4.266425206865598,15.099964320161384,
4206,200,4,66.5,133.0,3.0,1e-08,50,center,center,True,193.3,3,48.622118577386566,6.9729562294185214,16.47885558579236,
4212,200,4,66.5,133.0,3.0,1e-08,80,0.35,0.45,True,183.8,3,90.50089048399226,9.513195597904643,18.15966832051895,
4222,200,4,66.5,133.0,3.0,1e-07,25,0.35,0.45,True,125.0,3,0.004003690180104298,0.0632747199132821,46.627526790710384,
4205,200,4,66.5,133.0,3.0,1e-08,25,0.60,0.58,True,198.70000000000002,3,74.38862447237719,8.624884026604485,17.290060353661026,
4210,200,4,66.5,133.0,3.0,1e-08,50,0.60,0.58,True,196.9,3,63.496834267749996,7.968490087071076,14.899578585312623,
4201,200,4,66.5,133.0,3.0,1e-08,25,center,center,True,221.3,3,162.25553408382757,12.737956432796729,19.110467475411877,
4211,200,4,66.5,133.0,3.0,1e-08,80,center,center,True,204.9,3,91.93574539181604,9.588312958587451,12.629923293467826,
4214,200,4,66.5,133.0,3.0,1e-08,80,0.60,0.45,True,182.10000000000002,3,10.405452149024402,3.2257483083812355,8.40390850221382,
4125,200,4,142.5,95.0,5.0,1e-06,25,0.60,0.58,False,900.0,2,128.16136311117765,11.320837562264447,18.868004682531907,vittima non trovata entro 15 minuti
4122,200,4,142.5,95.0,5.0,1e-06,25,0.35,0.45,False,900.0,2,78.51373523477183,8.860797663572498,16.18785198407149,vittima non trovata entro 15 minuti
4124,200,4,142.5,95.0,5.0,1e-06,25,0.60,0.45,False,900.0,2,162.51076962704872,12.747971196510004,18.498965992943976,vittima non trovata entro 15 minuti
4216,200,4,66.5,133.0,3.0,1e-08,120,center,center,True,199.20000000000002,3,77.86027656482753,8.823847038838986,13.357688648455607,
4220,200,4,66.5,133.0,3.0,1e-08,120,0.60,0.58,True,181.5,3,42.909126783881675,6.550505841832497,14.40152834562257,
4224,200,4,66.5,133.0,3.0,1e-07,25,0.60,0.45,True,128.70000000000002,3,0.0037481700429664827,0.06122230020969877,46.30769045775703,
4219,200,4,66.5,133.0,3.0,1e-08,120,0.60,0.45,True,199.5,3,63.14564257451689,7.946423256693347,15.25632165107659,
4128,200,4,142.5,95.0,5.0,1e-06,50,0.45,0.55,False,900.0,2,nan,nan,15.445313431466223,vittima non trovata entro 15 minuti
4127,200,4,142.5,95.0,5.0,1e-06,50,0.35,0.45,False,900.0,2,nan,nan,15.016750370846605,vittima non trovata entro 15 minuti
4133,200,4,142.5,95.0,5.0,1e-06,80,0.45,0.55,False,900.0,2,nan,nan,12.913780201361018,vittima non trovata entro 15 minuti
4228,200,4,66.5,133.0,3.0,1e-07,50,0.45,0.55,True,127.7,3,0.02414520923396438,0.15538728787762654,44.82528904089593,
4129,200,4,142.5,95.0,5.0,1e-06,50,0.60,0.45,False,900.0,2,nan,nan,16.191385423751548,vittima non trovata entro 15 minuti
4227,200,4,66.5,133.0,3.0,1e-07,50,0.35,0.45,True,141.20000000000002,3,0.016648267386085994,0.12902816508842554,43.00569015587659,
4232,200,4,66.5,133.0,3.0,1e-07,80,0.35,0.45,True,132.3,3,0.003794168750694012,0.06159682419324889,51.6115563612785,
4135,200,4,142.5,95.0,5.0,1e-06,80,0.60,0.58,False,900.0,2,nan,nan,12.542374313810983,vittima non trovata entro 15 minuti
4231,200,4,66.5,133.0,3.0,1e-07,80,center,center,True,133.5,3,0.018502628358969483,0.13602436678393134,42.302765788632804,
4225,200,4,66.5,133.0,3.0,1e-07,25,0.60,0.58,True,168.8,3,0.002106618040170306,0.04589790888668356,36.725615146512645,
4233,200,4,66.5,133.0,3.0,1e-07,80,0.45,0.55,True,135.0,3,0.08025842045936987,0.283299171300182,49.5760780270223,
4130,200,4,142.5,95.0,5.0,1e-06,50,0.60,0.58,False,900.0,2,nan,nan,14.25948583871996,vittima non trovata entro 15 minuti
4235,200,4,66.5,133.0,3.0,1e-07,80,0.60,0.58,True,134.6,3,0.03865437930744307,0.1966071700306046,48.932792207919796,
4237,200,4,66.5,133.0,3.0,1e-07,120,0.35,0.45,True,129.20000000000002,3,0.0037718100518746773,0.06141506372116435,50.401779324382886,
4236,200,4,66.5,133.0,3.0,1e-07,120,center,center,True,134.1,3,0.06462342174596676,0.2542113721806457,40.719663437211565,
4230,200,4,66.5,133.0,3.0,1e-07,50,0.60,0.58,True,151.70000000000002,3,0.07675889340275517,0.2770539539561837,49.613781793334894,
4229,200,4,66.5,133.0,3.0,1e-07,50,0.60,0.45,True,159.60000000000002,3,0.004081404832536987,0.06388587349748759,53.603041683084854,
4243,200,4,66.5,133.0,3.0,1e-06,25,0.45,0.55,True,101.4,3,nan,nan,15.708312647581897,
4242,200,4,66.5,133.0,3.0,1e-06,25,0.35,0.45,True,110.9,3,nan,nan,22.1184304854582,
4238,200,4,66.5,133.0,3.0,1e-07,120,0.45,0.55,True,138.20000000000002,3,0.07981483517637843,0.2825151945938102,46.56678040766552,
4234,200,4,66.5,133.0,3.0,1e-07,80,0.60,0.45,True,154.8,3,0.02294353795962941,0.1514712446625742,47.09118990092365,
4226,200,4,66.5,133.0,3.0,1e-07,50,center,center,True,199.20000000000002,3,0.022888467748171947,0.15128935107327265,37.096068411846296,
4239,200,4,66.5,133.0,3.0,1e-07,120,0.60,0.45,True,145.70000000000002,3,0.011771593122806677,0.10849697287393173,45.77650610649321,
4244,200,4,66.5,133.0,3.0,1e-06,25,0.60,0.45,True,117.0,3,nan,nan,20.80482897913484,
4240,200,4,66.5,133.0,3.0,1e-07,120,0.60,0.58,True,143.0,3,0.08378234482588169,0.28945180052278424,49.294122407279424,
4241,200,4,66.5,133.0,3.0,1e-06,25,center,center,True,135.70000000000002,3,nan,nan,23.14884193004475,
4248,200,4,66.5,133.0,3.0,1e-06,50,0.45,0.55,True,95.9,3,nan,nan,18.98572249459256,
4247,200,4,66.5,133.0,3.0,1e-06,50,0.35,0.45,True,108.60000000000001,3,nan,nan,18.752195851817696,
4245,200,4,66.5,133.0,3.0,1e-06,25,0.60,0.58,True,117.4,3,nan,nan,19.422669988011187,
4252,200,4,66.5,133.0,3.0,1e-06,80,0.35,0.45,True,105.10000000000001,3,nan,nan,19.93307986563058,
4249,200,4,66.5,133.0,3.0,1e-06,50,0.60,0.45,True,109.0,3,nan,nan,19.758091197786786,
4251,200,4,66.5,133.0,3.0,1e-06,80,center,center,True,107.0,3,nan,nan,16.692630299552842,
4250,200,4,66.5,133.0,3.0,1e-06,50,0.60,0.58,True,115.10000000000001,3,nan,nan,21.92586554818103,
4254,200,4,66.5,133.0,3.0,1e-06,80,0.60,0.45,True,95.7,3,nan,nan,19.31633726405099,
4253,200,4,66.5,133.0,3.0,1e-06,80,0.45,0.55,True,109.0,3,nan,nan,20.920130908364563,
4259,200,4,66.5,133.0,3.0,1e-06,120,0.60,0.45,True,95.7,3,nan,nan,19.521297999831642,
4255,200,4,66.5,133.0,3.0,1e-06,80,0.60,0.58,True,110.10000000000001,3,nan,nan,21.705699489377203,
4256,200,4,66.5,133.0,3.0,1e-06,120,center,center,True,109.2,3,nan,nan,19.87793206390127,
4257,200,4,66.5,133.0,3.0,1e-06,120,0.35,0.45,True,103.30000000000001,3,nan,nan,20.16421965848406,
4258,200,4,66.5,133.0,3.0,1e-06,120,0.45,0.55,True,109.7,3,nan,nan,21.203615481228535,
4260,200,4,66.5,133.0,3.0,1e-06,120,0.60,0.58,True,113.0,3,nan,nan,22.42043119498831,
4267,200,4,66.5,133.0,5.0,1e-08,50,0.35,0.45,True,137.5,3,13.212996608746138,3.6349685842859962,14.205736050695036,
4263,200,4,66.5,133.0,5.0,1e-08,25,0.45,0.55,True,143.20000000000002,3,25.655496022622106,5.065125469583365,17.153975689860218,
4266,200,4,66.5,133.0,5.0,1e-08,50,center,center,True,147.0,3,32.52854615005633,5.703380238950961,11.835285220474328,
4277,200,4,66.5,133.0,5.0,1e-08,120,0.35,0.45,True,119.7,3,4.8243325549689295,2.1964363307341577,16.84375622697011,
4281,200,4,66.5,133.0,5.0,1e-07,25,center,center,True,100.30000000000001,3,0.01067932587512806,0.10334082385547379,37.22700100547442,
4246,200,4,66.5,133.0,3.0,1e-06,50,center,center,True,233.70000000000002,3,2.6189682083016494,1.6183226527184402,21.797767150515458,
4273,200,4,66.5,133.0,5.0,1e-08,80,0.45,0.55,True,136.5,3,20.302512164452992,4.505830907219332,15.045009456231263,
4275,200,4,66.5,133.0,5.0,1e-08,80,0.60,0.58,True,134.70000000000002,3,23.01645130178497,4.797546383494898,17.814926241812056,
4283,200,4,66.5,133.0,5.0,1e-07,25,0.45,0.55,True,106.10000000000001,3,0.015209082400744726,0.12332510855760366,32.30190626241974,
4278,200,4,66.5,133.0,5.0,1e-08,120,0.45,0.55,True,133.70000000000002,3,18.199090652051737,4.2660392229856186,14.806601818795851,
4262,200,4,66.5,133.0,5.0,1e-08,25,0.35,0.45,True,178.10000000000002,3,127.57242582182059,11.294796404620165,20.009605633120486,
4282,200,4,66.5,133.0,5.0,1e-07,25,0.35,0.45,True,125.4,3,0.004005741250309955,0.06329092549734089,46.7644656035673,
4270,200,4,66.5,133.0,5.0,1e-08,50,0.60,0.58,True,172.20000000000002,3,69.82698061116972,8.356253981968818,15.476458376173147,
4264,200,4,66.5,133.0,5.0,1e-08,25,0.60,0.45,True,182.70000000000002,3,60.50390475269572,7.778425596012069,16.164411612312293,
4268,200,4,66.5,133.0,5.0,1e-08,50,0.45,0.55,True,181.9,3,16.11816680315825,4.014743678388229,8.402241751355245,
4284,200,4,66.5,133.0,5.0,1e-07,25,0.60,0.45,True,130.70000000000002,3,0.0037364070053036154,0.061126156474161,46.52193891983675,
4272,200,4,66.5,133.0,5.0,1e-08,80,0.35,0.45,True,183.8,3,90.50150581537437,9.513227938789987,18.15978034328941,
4274,200,4,66.5,133.0,5.0,1e-08,80,0.60,0.45,True,182.4,3,13.23922853870424,3.6385750698184363,9.900844506863592,
4265,200,4,66.5,133.0,5.0,1e-08,25,0.60,0.58,True,198.8,3,76.59151980631846,8.751658117540838,17.278530605896588,
4269,200,4,66.5,133.0,5.0,1e-08,50,0.60,0.45,True,195.20000000000002,3,59.45834013069417,7.71092342918111,15.773553970104794,
4288,200,4,66.5,133.0,5.0,1e-07,50,0.45,0.55,True,130.0,3,0.024033005478154842,0.15502582197219547,44.68509785841408,
4271,200,4,66.5,133.0,5.0,1e-08,80,center,center,True,199.60000000000002,3,88.17291109330584,9.39004318910759,12.067284624589286,
4287,200,4,66.5,133.0,5.0,1e-07,50,0.35,0.45,True,141.6,3,0.0166532042640734,0.12904729467940582,43.14019810128098,
4276,200,4,66.5,133.0,5.0,1e-08,120,center,center,True,195.70000000000002,3,104.84634185346135,10.23945027105759,14.676156469673437,
4280,200,4,66.5,133.0,5.0,1e-08,120,0.60,0.58,True,181.5,3,42.90853109647286,6.550460372864862,14.278193924007129,
4291,200,4,66.5,133.0,5.0,1e-07,80,center,center,True,137.70000000000002,3,0.012393070334467956,0.11132416779149061,42.130430920997426,
4290,200,4,66.5,133.0,5.0,1e-07,50,0.60,0.58,True,144.1,3,0.03501859754279746,0.18713256676163414,48.21323165016792,
4285,200,4,66.5,133.0,5.0,1e-07,25,0.60,0.58,True,168.3,3,0.0020912685499515572,0.04573038978569456,36.4953009160203,
4289,200,4,66.5,133.0,5.0,1e-07,50,0.60,0.45,True,157.5,3,0.003989230064844192,0.06316035200063559,51.68874347757157,
4279,200,4,66.5,133.0,5.0,1e-08,120,0.60,0.45,True,199.9,3,60.885164165808845,7.802894601736515,14.788367249213435,
4261,200,4,66.5,133.0,5.0,1e-08,25,center,center,True,250.8,3,147.02837701427978,12.12552584485637,19.588317001818265,
4292,200,4,66.5,133.0,5.0,1e-07,80,0.35,0.45,True,127.9,3,0.023991114913696692,0.15489065470097507,44.727851684234125,
4293,200,4,66.5,133.0,5.0,1e-07,80,0.45,0.55,True,135.70000000000002,3,0.04926294491920014,0.2219525735809345,49.459864204951444,
4301,200,4,66.5,133.0,5.0,1e-06,25,center,center,True,102.0,3,nan,nan,20.370945175396983,
4297,200,4,66.5,133.0,5.0,1e-07,120,0.35,0.45,True,129.0,3,0.0037882444546579372,0.061548716108932255,50.205411745732505,
4295,200,4,66.5,133.0,5.0,1e-07,80,0.60,0.58,True,134.8,3,0.03605016674644654,0.18986881457060434,48.83871397773926,
4296,200,4,66.5,133.0,5.0,1e-07,120,center,center,True,135.20000000000002,3,0.037004109194354484,0.19236452166227141,40.5518893530329,
4294,200,4,66.5,133.0,5.0,1e-07,80,0.60,0.45,True,143.3,3,0.02334679260170932,0.15279657261113327,46.138361241374106,
4303,200,4,66.5,133.0,5.0,1e-06,25,0.45,0.55,True,101.9,3,nan,nan,15.337167718114014,
4286,200,4,66.5,133.0,5.0,1e-07,50,center,center,True,208.60000000000002,3,0.005356863520815095,0.07319059721586575,36.50087712752935,
4298,200,4,66.5,133.0,5.0,1e-07,120,0.45,0.55,True,139.1,3,0.08177965594084091,0.2859714250425047,46.75048827680254,
4308,200,4,66.5,133.0,5.0,1e-06,50,0.45,0.55,True,95.80000000000001,3,nan,nan,20.250563782400352,
4302,200,4,66.5,133.0,5.0,1e-06,25,0.35,0.45,True,110.10000000000001,3,nan,nan,21.552964618207326,
4300,200,4,66.5,133.0,5.0,1e-07,120,0.60,0.58,True,143.8,3,0.08432658034277102,0.29039039299324454,49.17413861880679,
4307,200,4,66.5,133.0,5.0,1e-06,50,0.35,0.45,True,109.0,3,nan,nan,19.219448357243813,
4305,200,4,66.5,133.0,5.0,1e-06,25,0.60,0.58,True,117.80000000000001,3,nan,nan,19.362023708910378,
4304,200,4,66.5,133.0,5.0,1e-06,25,0.60,0.45,True,118.0,3,nan,nan,21.024017583576235,
4314,200,4,66.5,133.0,5.0,1e-06,80,0.60,0.45,True,96.30000000000001,3,nan,nan,19.936198363387604,
4312,200,4,66.5,133.0,5.0,1e-06,80,0.35,0.45,True,104.4,3,nan,nan,19.11002064310731,
4311,200,4,66.5,133.0,5.0,1e-06,80,center,center,True,107.0,3,nan,nan,16.6820998366309,
4313,200,4,66.5,133.0,5.0,1e-06,80,0.45,0.55,True,108.2,3,nan,nan,20.177009847370385,
4309,200,4,66.5,133.0,5.0,1e-06,50,0.60,0.45,True,111.10000000000001,3,nan,nan,20.35870699788666,
4299,200,4,66.5,133.0,5.0,1e-07,120,0.60,0.45,True,162.5,3,0.023134962276214494,0.15210181549282867,48.09735178892662,
4317,200,4,66.5,133.0,5.0,1e-06,120,0.35,0.45,True,103.2,3,nan,nan,19.907366284514517,
4310,200,4,66.5,133.0,5.0,1e-06,50,0.60,0.58,True,121.10000000000001,3,nan,nan,21.93968185539035,
4319,200,4,66.5,133.0,5.0,1e-06,120,0.60,0.45,True,95.80000000000001,3,nan,nan,19.48261481041339,
4306,200,4,66.5,133.0,5.0,1e-06,50,center,center,True,133.8,3,nan,nan,20.97344063389272,
4315,200,4,66.5,133.0,5.0,1e-06,80,0.60,0.58,True,111.2,3,nan,nan,22.1141169486974,
4316,200,4,66.5,133.0,5.0,1e-06,120,center,center,True,110.10000000000001,3,nan,nan,19.878225762114035,
4318,200,4,66.5,133.0,5.0,1e-06,120,0.45,0.55,True,110.4,3,nan,nan,20.7094997893927,
4320,200,4,66.5,133.0,5.0,1e-06,120,0.60,0.58,True,113.4,3,nan,nan,22.480144842386487,
4322,200,4,121.7,51.6,1.0,1e-08,25,0.35,0.45,True,181.20000000000002,3,87.10995146877855,9.333271209430194,44.62826473078699,
4321,200,4,121.7,51.6,1.0,1e-08,25,center,center,True,198.0,3,50.7503577319611,7.123928532204762,43.196004816861034,
4326,200,4,121.7,51.6,1.0,1e-08,50,center,center,True,188.5,3,113.82486124948028,10.668873476121098,39.45962365248202,
4352,200,4,121.7,51.6,1.0,1e-07,80,0.35,0.45,True,128.8,3,0.0006250014637968698,0.025000029275920252,0.06105576718513232,
4327,200,4,121.7,51.6,1.0,1e-08,50,0.35,0.45,True,186.0,3,312.2202860239445,17.669756252533436,42.205732294527984,
4342,200,4,121.7,51.6,1.0,1e-07,25,0.35,0.45,True,153.8,3,308.9756031378381,17.57770187305036,13.080418219026987,
4325,200,4,121.7,51.6,1.0,1e-08,25,0.60,0.58,True,197.20000000000002,3,84.99064279278927,9.21903697751502,43.640161431934594,
4328,200,4,121.7,51.6,1.0,1e-08,50,0.45,0.55,True,191.60000000000002,3,226.75343319196458,15.05833434321222,47.99313895328874,
4331,200,4,121.7,51.6,1.0,1e-08,80,center,center,True,184.20000000000002,3,7.106085072589564,2.6657241178692073,47.41080574465752,
4347,200,4,121.7,51.6,1.0,1e-07,50,0.35,0.45,True,148.3,3,0.0007405323183006449,0.027212723463494883,0.12322673597292987,
4330,200,4,121.7,51.6,1.0,1e-08,50,0.60,0.58,True,194.10000000000002,3,211.65855125054924,14.548489655306122,41.76901858979011,
4349,200,4,121.7,51.6,1.0,1e-07,50,0.60,0.45,True,149.20000000000002,3,0.0007774255884971892,0.027882352635622217,5.212127934330177,
4323,200,4,121.7,51.6,1.0,1e-08,25,0.45,0.55,True,206.4,3,507.9576060953689,22.537914856866614,41.973723770827334,
4334,200,4,121.7,51.6,1.0,1e-08,80,0.60,0.45,True,184.70000000000002,3,12.6521476183249,3.556985748962863,48.712451327930694,
4329,200,4,121.7,51.6,1.0,1e-08,50,0.60,0.45,True,196.8,3,127.7373945492991,11.302096909392482,48.55370947645547,
4324,200,4,121.7,51.6,1.0,1e-08,25,0.60,0.45,True,203.20000000000002,3,248.57844126281492,15.766370579902494,45.258186868456114,
4333,200,4,121.7,51.6,1.0,1e-08,80,0.45,0.55,True,191.4,3,152.45518970891675,12.347274586276793,40.284433630157345,
4332,200,4,121.7,51.6,1.0,1e-08,80,0.35,0.45,True,197.0,3,22.048447143961724,4.695577402616395,50.61332772929206,
4346,200,4,121.7,51.6,1.0,1e-07,50,center,center,True,163.3,3,0.0012179369122930655,0.034898952882472925,3.5788295584093746,
4351,200,4,121.7,51.6,1.0,1e-07,80,center,center,True,166.0,3,0.0005978892662019162,0.024451774295578557,3.4887121696632772,
4350,200,4,121.7,51.6,1.0,1e-07,50,0.60,0.58,True,163.3,3,499.00850005072846,22.338498160143363,16.130425939645257,
4348,200,4,121.7,51.6,1.0,1e-07,50,0.45,0.55,True,166.8,3,325.7533991841258,18.04863981534691,11.126895192846346,
4337,200,4,121.7,51.6,1.0,1e-08,120,0.35,0.45,True,192.4,3,64.51210555813144,8.031942825875408,48.516894280714766,
4341,200,4,121.7,51.6,1.0,1e-07,25,center,center,True,181.10000000000002,3,144.15687878910705,12.006534836875586,12.360584359914938,
4340,200,4,121.7,51.6,1.0,1e-08,120,0.60,0.58,True,195.0,3,78.80172335654734,8.877033477268593,49.976688860490576,
4339,200,4,121.7,51.6,1.0,1e-08,120,0.60,0.45,True,195.8,3,149.00301183693355,12.206678984758039,48.861214225392935,
4336,200,4,121.7,51.6,1.0,1e-08,120,center,center,True,205.8,3,0.0979904975715242,0.3130343392848845,50.58039852075084,
4338,200,4,121.7,51.6,1.0,1e-08,120,0.45,0.55,True,207.20000000000002,3,8.650921492057664,2.941244888148157,47.30036350907267,
4335,200,4,121.7,51.6,1.0,1e-08,80,0.60,0.58,True,234.5,3,0.0,0.0,50.98866966777817,
4345,200,4,121.7,51.6,1.0,1e-07,25,0.60,0.58,True,202.70000000000002,3,155.94188116545223,12.48766916463806,9.110114728821582,
4344,200,4,121.7,51.6,1.0,1e-07,25,0.60,0.45,True,211.3,3,467.4805942536762,21.62129955052832,13.72593303743703,
4354,200,4,121.7,51.6,1.0,1e-07,80,0.60,0.45,True,125.80000000000001,3,0.0007137858509185476,0.026716770967288462,5.429376041929735,
4353,200,4,121.7,51.6,1.0,1e-07,80,0.45,0.55,True,153.20000000000002,3,0.0006144432422848913,0.024787965674594823,1.898384794121494,
4355,200,4,121.7,51.6,1.0,1e-07,80,0.60,0.58,True,130.0,3,0.000624886315054429,0.02499772619768504,0.3970309822235026,
4360,200,4,121.7,51.6,1.0,1e-07,120,0.60,0.58,True,121.7,3,0.0006248467361658691,0.024996934535375916,0.31994947241838567,
4356,200,4,121.7,51.6,1.0,1e-07,120,center,center,True,130.4,3,0.0006169973462334027,0.024839431278380807,3.6468070068540497,
4378,200,4,121.7,51.6,1.0,1e-06,120,0.45,0.55,True,91.4,3,nan,nan,14.555750636448783,
4359,200,4,121.7,51.6,1.0,1e-07,120,0.60,0.45,True,135.9,3,538.0294871109515,23.19546264058882,15.034454102714456,
4357,200,4,121.7,51.6,1.0,1e-07,120,0.35,0.45,True,143.4,3,0.004043942351837906,0.0635919991181116,3.7647819004070855,
4380,200,4,121.7,51.6,1.0,1e-06,120,0.60,0.58,True,93.7,3,nan,nan,13.74704981599493,
4377,200,4,121.7,51.6,1.0,1e-06,120,0.35,0.45,True,103.60000000000001,3,nan,nan,15.691471817038254,
4358,200,4,121.7,51.6,1.0,1e-07,120,0.45,0.55,True,145.8,3,0.0006126553571702526,0.024751875831343625,1.833041955117182,
4376,200,4,121.7,51.6,1.0,1e-06,120,center,center,True,132.3,3,nan,nan,13.954106569630015,
4379,200,4,121.7,51.6,1.0,1e-06,120,0.60,0.45,True,123.2,3,nan,nan,14.86648243179997,
4372,200,4,121.7,51.6,1.0,1e-06,80,0.35,0.45,True,143.3,3,nan,nan,15.145902986158209,
4374,200,4,121.7,51.6,1.0,1e-06,80,0.60,0.45,True,178.0,3,102.85551666753602,10.141770884196507,16.915195439331356,
4370,200,4,121.7,51.6,1.0,1e-06,50,0.60,0.58,True,184.4,3,0.6923169891588308,0.8320558810313348,14.264120796195941,
4375,200,4,121.7,51.6,1.0,1e-06,80,0.60,0.58,True,186.5,3,2.3184824656891143,1.5226563846413657,14.368075431596763,
4364,200,4,121.7,51.6,1.0,1e-06,25,0.60,0.45,True,206.20000000000002,3,97.51479428939626,9.874957938614031,23.18309229595778,
4381,200,4,121.7,51.6,3.0,1e-08,25,center,center,True,177.3,3,164.87327726438878,12.840298955413335,47.555604102012,
4382,200,4,121.7,51.6,3.0,1e-08,25,0.35,0.45,True,181.20000000000002,3,87.10995142964606,9.333271207333796,44.6282647216551,
4383,200,4,121.7,51.6,3.0,1e-08,25,0.45,0.55,True,188.5,3,23.42317067870478,4.839749030549495,47.703715571284526,
4389,200,4,121.7,51.6,3.0,1e-08,50,0.60,0.45,True,166.4,3,82.57221676157147,9.086925594587614,48.41398348950599,
4387,200,4,121.7,51.6,3.0,1e-08,50,0.35,0.45,True,186.0,3,312.22028401574295,17.669756195707482,42.2057324347785,
4394,200,4,121.7,51.6,3.0,1e-08,80,0.60,0.45,True,164.10000000000002,3,81.4522423188837,9.025089601709432,45.97050674002651,
4385,200,4,121.7,51.6,3.0,1e-08,25,0.60,0.58,True,195.9,3,141.94594550270241,11.914106995604094,48.004539331199396,
4384,200,4,121.7,51.6,3.0,1e-08,25,0.60,0.45,True,206.10000000000002,3,15.514870553404027,3.9388920464267647,50.54856519815177,
4391,200,4,121.7,51.6,3.0,1e-08,80,center,center,True,186.10000000000002,3,72.84686486439733,8.53503748465098,46.57675697609032,
4388,200,4,121.7,51.6,3.0,1e-08,50,0.45,0.55,True,203.20000000000002,3,140.87217863169556,11.868958616142175,41.28793498730683,
4386,200,4,121.7,51.6,3.0,1e-08,50,center,center,True,212.10000000000002,3,0.07369099801102501,0.27146085907737233,50.636774707860596,
4395,200,4,121.7,51.6,3.0,1e-08,80,0.60,0.58,True,171.9,3,23.573381910576774,4.855242724167019,51.244169294967264,
4392,200,4,121.7,51.6,3.0,1e-08,80,0.35,0.45,True,197.10000000000002,3,22.04844720410458,4.695577409020597,50.61332774682122,
4393,200,4,121.7,51.6,3.0,1e-08,80,0.45,0.55,True,204.20000000000002,3,0.053399240078625995,0.23108275590927593,50.68450248851509,
4390,200,4,121.7,51.6,3.0,1e-08,50,0.60,0.58,True,204.8,3,10.883420065716594,3.2990028896193158,48.504781454047304,
4397,200,4,121.7,51.6,3.0,1e-08,120,0.35,0.45,True,192.4,3,64.51210575252352,8.031942837976596,48.51689432286226,
4396,200,4,121.7,51.6,3.0,1e-08,120,center,center,True,202.8,3,118.01249244970964,10.863355487588061,50.45891853600145,
4400,200,4,121.7,51.6,3.0,1e-08,120,0.60,0.58,True,185.4,3,25.75506650099009,5.074944975168705,49.05413146736662,
4398,200,4,121.7,51.6,3.0,1e-08,120,0.45,0.55,True,195.4,3,19.88760550881202,4.4595521646026315,48.91818094299549,
4402,200,4,121.7,51.6,3.0,1e-07,25,0.35,0.45,True,163.4,3,553.88247402149,23.534707859276477,16.99838665180731,
4399,200,4,121.7,51.6,3.0,1e-08,120,0.60,0.45,True,217.10000000000002,3,8.40918855873315,2.8998600929584777,49.00889993117428,
4408,200,4,121.7,51.6,3.0,1e-07,50,0.45,0.55,True,132.3,3,662.8972325725226,25.746790723748905,16.80478906376443,
4412,200,4,121.7,51.6,3.0,1e-07,80,0.35,0.45,True,128.8,3,0.0006250017928958822,0.025000035857891928,0.16921132684006715,
4414,200,4,121.7,51.6,3.0,1e-07,80,0.60,0.45,True,129.1,3,0.002115098859376915,0.04599020395015568,5.621797969424604,
4407,200,4,121.7,51.6,3.0,1e-07,50,0.35,0.45,True,148.0,3,0.0007258737130874386,0.026942043595233056,0.15741767243280805,
4401,200,4,121.7,51.6,3.0,1e-07,25,center,center,True,226.20000000000002,3,72.49728713904499,8.514533876792374,10.095032161742596,
4415,200,4,121.7,51.6,3.0,1e-07,80,0.60,0.58,True,129.9,3,0.0006928792144250587,0.02632259892991303,0.8298300087011723,
4416,200,4,121.7,51.6,3.0,1e-07,120,center,center,True,130.9,3,0.0006070507158298745,0.024638399214029195,2.8622097830651896,
4409,200,4,121.7,51.6,3.0,1e-07,50,0.60,0.45,True,154.4,3,0.0006087075079129357,0.024671998458027995,5.552121739038809,
4406,200,4,121.7,51.6,3.0,1e-07,50,center,center,True,167.4,3,0.0007241765910178165,0.02691052937082094,2.7707580298016725,
4413,200,4,121.7,51.6,3.0,1e-07,80,0.45,0.55,True,157.3,3,0.000800837877614609,0.02829907909481524,1.537671926089903,
4417,200,4,121.7,51.6,3.0,1e-07,120,0.35,0.45,True,140.8,3,446.63342834211073,21.133703611580028,18.306300708781944,
4410,200,4,121.7,51.6,3.0,1e-07,50,0.60,0.58,True,162.0,3,506.98896390748064,22.516415432023823,16.622560067000585,
4411,200,4,121.7,51.6,3.0,1e-07,80,center,center,True,165.10000000000002,3,0.000594085136205965,0.02437386174175042,2.743602802297992,
4403,200,4,121.7,51.6,3.0,1e-07,25,0.45,0.55,True,238.5,3,96.24833525820402,9.810623591709348,6.4858488183455405,
4418,200,4,121.7,51.6,3.0,1e-07,120,0.45,0.55,True,146.4,3,0.000693774078759985,0.026339591469117078,1.4873697686965432,
4419,200,4,121.7,51.6,3.0,1e-07,120,0.60,0.45,True,120.60000000000001,3,0.00033876720598727137,0.018405629736232103,5.698185218950115,
4405,200,4,121.7,51.6,3.0,1e-07,25,0.60,0.58,True,203.5,3,161.20078569120813,12.69648713980399,9.671855231806754,
4420,200,4,121.7,51.6,3.0,1e-07,120,0.60,0.58,True,121.5,3,0.000624859199328206,0.02499718382794762,0.8410852548633804,
4438,200,4,121.7,51.6,3.0,1e-06,120,0.45,0.55,True,91.4,3,nan,nan,14.51356404061731,
4437,200,4,121.7,51.6,3.0,1e-06,120,0.35,0.45,True,102.0,3,nan,nan,15.378812305792138,
4440,200,4,121.7,51.6,3.0,1e-06,120,0.60,0.58,True,93.7,3,nan,nan,13.74213740484538,
4432,200,4,121.7,51.6,3.0,1e-06,80,0.35,0.45,True,142.5,3,nan,nan,14.943146466949932,
4436,200,4,121.7,51.6,3.0,1e-06,120,center,center,True,132.1,3,nan,nan,13.900509148022387,
4439,200,4,121.7,51.6,3.0,1e-06,120,0.60,0.45,True,128.70000000000002,3,nan,nan,14.29371225025539,
4430,200,4,121.7,51.6,3.0,1e-06,50,0.60,0.58,True,184.70000000000002,3,0.35257108730757936,0.5937769676465898,14.565351369005544,
4435,200,4,121.7,51.6,3.0,1e-06,80,0.60,0.58,True,186.5,3,2.317736471817494,1.5224114003177636,14.36752940230641,
4434,200,4,121.7,51.6,3.0,1e-06,80,0.60,0.45,True,187.5,3,9.841513558447414,3.1371186714001453,14.159718769370828,
4441,200,4,121.7,51.6,5.0,1e-08,25,center,center,True,155.9,3,220.6118897776104,14.853009451879117,48.21025902006865,
4442,200,4,121.7,51.6,5.0,1e-08,25,0.35,0.45,True,181.4,3,266.1104753506003,16.312892917891674,44.93021014105494,
4343,200,4,121.7,51.6,1.0,1e-07,25,0.45,0.55,False,900.0,2,157.19363312141857,12.537688507911598,7.9545811053693045,vittima non trovata entro 15 minuti
4443,200,4,121.7,51.6,5.0,1e-08,25,0.45,0.55,True,207.3,3,30.479831633594365,5.520854248537482,46.95998115264828,
4446,200,4,121.7,51.6,5.0,1e-08,50,center,center,True,184.60000000000002,3,68.53344466670332,8.278492898269787,49.2308142943699,
4445,200,4,121.7,51.6,5.0,1e-08,25,0.60,0.58,True,207.8,3,0.10430863643137428,0.3229684759096068,50.802205243448334,
4447,200,4,121.7,51.6,5.0,1e-08,50,0.35,0.45,True,193.5,3,336.0612900167955,18.331974525860424,41.89330465830136,
4448,200,4,121.7,51.6,5.0,1e-08,50,0.45,0.55,True,202.4,3,119.50373190658651,10.931776246639268,41.417817911908884,
4449,200,4,121.7,51.6,5.0,1e-08,50,0.60,0.45,True,201.20000000000002,3,132.34196945500577,11.50399797700807,46.869512741563284,
4365,200,4,121.7,51.6,1.0,1e-06,25,0.60,0.58,True,790.6,3,274.18913605624846,16.558657435198317,22.478999801109897,
4444,200,4,121.7,51.6,5.0,1e-08,25,0.60,0.45,True,280.5,3,2.4491015366263116,1.5649605543355753,50.33064986220205,
4450,200,4,121.7,51.6,5.0,1e-08,50,0.60,0.58,True,188.4,3,98.68806384272263,9.934186622100604,45.183412175898354,
4451,200,4,121.7,51.6,5.0,1e-08,80,center,center,True,179.3,3,10.513963698662403,3.2425242788084723,47.02363912244529,
4367,200,4,121.7,51.6,1.0,1e-06,50,0.35,0.45,False,900.0,2,0.0014754166457692534,0.03841115262224311,15.817671048198882,vittima non trovata entro 15 minuti
4362,200,4,121.7,51.6,1.0,1e-06,25,0.35,0.45,False,900.0,2,nan,nan,14.443870588126046,vittima non trovata entro 15 minuti
4455,200,4,121.7,51.6,5.0,1e-08,80,0.60,0.58,True,168.3,3,1.6904917463452893,1.3001891194535082,49.33613188704938,
4363,200,4,121.7,51.6,1.0,1e-06,25,0.45,0.55,False,900.0,2,nan,nan,14.917905827635,vittima non trovata entro 15 minuti
4361,200,4,121.7,51.6,1.0,1e-06,25,center,center,False,900.0,2,nan,nan,14.416772423357923,vittima non trovata entro 15 minuti
4452,200,4,121.7,51.6,5.0,1e-08,80,0.35,0.45,True,197.10000000000002,3,22.048447422281733,4.695577432252793,50.61332782844043,
4366,200,4,121.7,51.6,1.0,1e-06,50,center,center,False,900.0,2,nan,nan,12.856660585930014,vittima non trovata entro 15 minuti
4371,200,4,121.7,51.6,1.0,1e-06,80,center,center,False,900.0,2,nan,nan,11.826005552596389,vittima non trovata entro 15 minuti
4368,200,4,121.7,51.6,1.0,1e-06,50,0.45,0.55,False,900.0,2,nan,nan,13.446986321372586,vittima non trovata entro 15 minuti
4453,200,4,121.7,51.6,5.0,1e-08,80,0.45,0.55,True,204.3,3,0.053399240084508956,0.23108275592200503,50.684502491075214,
4369,200,4,121.7,51.6,1.0,1e-06,50,0.60,0.45,False,900.0,2,nan,nan,15.354912097536012,vittima non trovata entro 15 minuti
4373,200,4,121.7,51.6,1.0,1e-06,80,0.45,0.55,False,900.0,2,nan,nan,13.633843200082351,vittima non trovata entro 15 minuti
4454,200,4,121.7,51.6,5.0,1e-08,80,0.60,0.45,True,200.0,3,179.28509549656272,13.389738440184809,43.81492418605562,
4456,200,4,121.7,51.6,5.0,1e-08,120,center,center,True,194.4,3,0.15802036989892934,0.39751776048238313,50.4836368377161,
4457,200,4,121.7,51.6,5.0,1e-08,120,0.35,0.45,True,192.4,3,64.51210651375196,8.031942885364161,48.51689451502229,
4458,200,4,121.7,51.6,5.0,1e-08,120,0.45,0.55,True,195.5,3,18.931522951338668,4.351036997238551,48.8037700682781,
4460,200,4,121.7,51.6,5.0,1e-08,120,0.60,0.58,True,183.9,3,108.92707519503298,10.43681345981775,48.787639663488186,
4459,200,4,121.7,51.6,5.0,1e-08,120,0.60,0.45,True,205.10000000000002,3,23.007551393685926,4.79661874591737,50.207850858804036,
4472,200,4,121.7,51.6,5.0,1e-07,80,0.35,0.45,True,128.8,3,0.0006249992754379791,0.02499998550875538,0.06322498553543769,
4468,200,4,121.7,51.6,5.0,1e-07,50,0.45,0.55,True,132.0,3,676.6043896890741,26.01162028188698,17.260184191616137,
4474,200,4,121.7,51.6,5.0,1e-07,80,0.60,0.45,True,125.0,3,0.0003451975798572418,0.01857949353069781,5.769938539981184,
4461,200,4,121.7,51.6,5.0,1e-07,25,center,center,True,201.0,3,50.502121228485976,7.10648444932415,11.03878832947412,
4475,200,4,121.7,51.6,5.0,1e-07,80,0.60,0.58,True,130.5,3,0.0006259027088950665,0.025018047663538146,1.3775186829096087,
4473,200,4,121.7,51.6,5.0,1e-07,80,0.45,0.55,True,152.9,3,0.0006033037351649893,0.024562242063072934,1.2132018476778972,
4469,200,4,121.7,51.6,5.0,1e-07,50,0.60,0.45,True,153.70000000000002,3,0.0019653087046667805,0.04433180240715214,5.859742181080579,
4471,200,4,121.7,51.6,5.0,1e-07,80,center,center,True,166.60000000000002,3,0.0005891560857277742,0.024272537686195365,1.8553984145238445,
4462,200,4,121.7,51.6,5.0,1e-07,25,0.35,0.45,True,192.60000000000002,3,138.79660070224017,11.781196912972815,8.988560022582657,
4470,200,4,121.7,51.6,5.0,1e-07,50,0.60,0.58,True,160.8,3,512.8016689401292,22.645124617456386,16.86215137455294,
4466,200,4,121.7,51.6,5.0,1e-07,50,center,center,True,168.5,3,625.1815844808276,25.003631425871475,15.589343916268254,
4476,200,4,121.7,51.6,5.0,1e-07,120,center,center,True,131.20000000000002,3,0.0006885914987628537,0.026241027014254868,1.9438496467159943,
4465,200,4,121.7,51.6,5.0,1e-07,25,0.60,0.58,True,181.0,3,345.7950378285933,18.595565004285117,14.347254794847835,
4464,200,4,121.7,51.6,5.0,1e-07,25,0.60,0.45,True,187.0,3,102.7841631492013,10.13825247018446,10.637259956649165,
4477,200,4,121.7,51.6,5.0,1e-07,120,0.35,0.45,True,144.5,3,0.0040517477755715806,0.06365334064738143,3.8557811843665877,
4478,200,4,121.7,51.6,5.0,1e-07,120,0.45,0.55,True,146.1,3,0.0027302230926998967,0.052251536749648775,1.198095579855257,
4480,200,4,121.7,51.6,5.0,1e-07,120,0.60,0.58,True,121.60000000000001,3,0.000624883516758628,0.02499767022661568,1.4786552237778043,
4479,200,4,121.7,51.6,5.0,1e-07,120,0.60,0.45,True,139.3,3,738.762213457602,27.18018052658227,16.59894976084577,
4404,200,4,121.7,51.6,3.0,1e-07,25,0.60,0.45,False,900.0,2,0.0005655973906302314,0.023782291534463863,5.833558294405114,vittima non trovata entro 15 minuti
4497,200,4,121.7,51.6,5.0,1e-06,120,0.35,0.45,True,101.60000000000001,3,nan,nan,15.154785314939287,
4498,200,4,121.7,51.6,5.0,1e-06,120,0.45,0.55,True,93.2,3,nan,nan,13.561883559351108,
4494,200,4,121.7,51.6,5.0,1e-06,80,0.60,0.45,True,127.60000000000001,3,nan,nan,12.519083754234915,
4492,200,4,121.7,51.6,5.0,1e-06,80,0.35,0.45,True,142.0,3,nan,nan,14.538495947750521,
4425,200,4,121.7,51.6,3.0,1e-06,25,0.60,0.58,True,790.6,3,278.09257315038207,16.676107853764382,22.486131275638137,
4496,200,4,121.7,51.6,5.0,1e-06,120,center,center,True,132.0,3,nan,nan,13.988403880414198,
4502,200,5,47.5,47.5,1.0,1e-08,25,0.35,0.45,True,25.3,3,0.0,0.0,67.17514421272202,
4503,200,5,47.5,47.5,1.0,1e-08,25,0.45,0.55,True,26.5,3,0.0,0.0,67.17514421272202,
4501,200,5,47.5,47.5,1.0,1e-08,25,center,center,True,29.6,3,0.0,0.0,67.17514421272202,
4424,200,4,121.7,51.6,3.0,1e-06,25,0.60,0.45,False,900.0,2,178.38434243376116,13.356060138894298,27.54111676928803,vittima non trovata entro 15 minuti
4490,200,4,121.7,51.6,5.0,1e-06,50,0.60,0.58,True,184.3,3,0.8815942376832814,0.9389324990026074,14.219830573937148,
4486,200,4,121.7,51.6,5.0,1e-06,50,center,center,True,205.60000000000002,3,3.8934161533904232,1.9731741315429876,14.017259102582928,
4504,200,5,47.5,47.5,1.0,1e-08,25,0.60,0.45,True,37.300000000000004,3,0.0,0.0,67.17514421272202,
4507,200,5,47.5,47.5,1.0,1e-08,50,0.35,0.45,True,25.200000000000003,3,0.0,0.0,67.17514421272202,
4505,200,5,47.5,47.5,1.0,1e-08,25,0.60,0.58,True,34.300000000000004,3,0.0,0.0,67.17514421272202,
4495,200,4,121.7,51.6,5.0,1e-06,80,0.60,0.58,True,185.8,3,6.01939057144097,2.453444633865001,13.241693033593227,
4506,200,5,47.5,47.5,1.0,1e-08,50,center,center,True,28.900000000000002,3,0.0,0.0,67.17514421272202,
4508,200,5,47.5,47.5,1.0,1e-08,50,0.45,0.55,True,26.6,3,0.0,0.0,67.17514421272202,
4499,200,4,121.7,51.6,5.0,1e-06,120,0.60,0.45,True,129.0,3,nan,nan,14.319070554705295,
4500,200,4,121.7,51.6,5.0,1e-06,120,0.60,0.58,True,93.60000000000001,3,nan,nan,12.864285190964672,
4421,200,4,121.7,51.6,3.0,1e-06,25,center,center,False,900.0,2,nan,nan,14.431545433964954,vittima non trovata entro 15 minuti
4510,200,5,47.5,47.5,1.0,1e-08,50,0.60,0.58,True,34.300000000000004,3,0.0,0.0,67.17514421272202,
4509,200,5,47.5,47.5,1.0,1e-08,50,0.60,0.45,True,37.4,3,0.0,0.0,67.17514421272202,
4511,200,5,47.5,47.5,1.0,1e-08,80,center,center,True,28.900000000000002,3,0.0,0.0,67.17514421272202,
4512,200,5,47.5,47.5,1.0,1e-08,80,0.35,0.45,True,25.200000000000003,3,0.0,0.0,67.17514421272202,
4513,200,5,47.5,47.5,1.0,1e-08,80,0.45,0.55,True,26.6,3,0.0,0.0,67.17514421272202,
4422,200,4,121.7,51.6,3.0,1e-06,25,0.35,0.45,False,900.0,2,nan,nan,14.014855983845038,vittima non trovata entro 15 minuti
4517,200,5,47.5,47.5,1.0,1e-08,120,0.35,0.45,True,25.200000000000003,3,0.0,0.0,67.17514421272202,
4518,200,5,47.5,47.5,1.0,1e-08,120,0.45,0.55,True,26.6,3,0.0,0.0,67.17514421272202,
4516,200,5,47.5,47.5,1.0,1e-08,120,center,center,True,28.900000000000002,3,0.0,0.0,67.17514421272202,
4427,200,4,121.7,51.6,3.0,1e-06,50,0.35,0.45,False,900.0,2,0.0014562388221530703,0.03816069734888332,15.730110950546344,vittima non trovata entro 15 minuti
4423,200,4,121.7,51.6,3.0,1e-06,25,0.45,0.55,False,900.0,2,nan,nan,14.942807084079586,vittima non trovata entro 15 minuti
4515,200,5,47.5,47.5,1.0,1e-08,80,0.60,0.58,True,34.300000000000004,3,0.0,0.0,67.17514421272202,
4514,200,5,47.5,47.5,1.0,1e-08,80,0.60,0.45,True,37.9,3,0.0,0.0,67.17514421272202,
4426,200,4,121.7,51.6,3.0,1e-06,50,center,center,False,900.0,2,nan,nan,12.959360645098421,vittima non trovata entro 15 minuti
4519,200,5,47.5,47.5,1.0,1e-08,120,0.60,0.45,True,37.9,3,0.0,0.0,67.17514421272202,
4520,200,5,47.5,47.5,1.0,1e-08,120,0.60,0.58,True,34.300000000000004,3,0.0,0.0,67.17514421272202,
4428,200,4,121.7,51.6,3.0,1e-06,50,0.45,0.55,False,900.0,2,nan,nan,13.301247118984682,vittima non trovata entro 15 minuti
4429,200,4,121.7,51.6,3.0,1e-06,50,0.60,0.45,False,900.0,2,nan,nan,14.912470398651319,vittima non trovata entro 15 minuti
4433,200,4,121.7,51.6,3.0,1e-06,80,0.45,0.55,False,900.0,2,nan,nan,13.32396746129096,vittima non trovata entro 15 minuti
4431,200,4,121.7,51.6,3.0,1e-06,80,center,center,False,900.0,2,nan,nan,11.738109493109885,vittima non trovata entro 15 minuti
4523,200,5,47.5,47.5,1.0,1e-07,25,0.45,0.55,True,62.300000000000004,3,0.026131846116827853,0.16165347542452607,11.843379739882344,
4524,200,5,47.5,47.5,1.0,1e-07,25,0.60,0.45,True,64.10000000000001,3,0.007663162069280532,0.08753948862816445,13.400000790207173,
4526,200,5,47.5,47.5,1.0,1e-07,50,center,center,True,60.800000000000004,3,0.02237627682534437,0.14958702091205764,11.635979589606416,
4525,200,5,47.5,47.5,1.0,1e-07,25,0.60,0.58,True,90.4,3,0.013200455152764462,0.11489323371184425,4.133234418175693,
4530,200,5,47.5,47.5,1.0,1e-07,50,0.60,0.58,True,86.60000000000001,3,0.022637865108142162,0.15045884855382272,4.066160762478369,
4522,200,5,47.5,47.5,1.0,1e-07,25,0.35,0.45,True,100.4,3,0.027036151992219756,0.16442673746145958,13.470374819145055,
4528,200,5,47.5,47.5,1.0,1e-07,50,0.45,0.55,True,94.5,3,0.025983662416055025,0.16119448630786049,11.222991104044063,
4527,200,5,47.5,47.5,1.0,1e-07,50,0.35,0.45,True,97.7,3,0.02660014654336335,0.1630955135598872,12.547820222259752,
4533,200,5,47.5,47.5,1.0,1e-07,80,0.45,0.55,True,96.30000000000001,3,0.025867275327019032,0.1608330666468156,10.248941447581778,
4532,200,5,47.5,47.5,1.0,1e-07,80,0.35,0.45,True,97.30000000000001,3,0.02650150726917668,0.16279283543564405,12.913709077578726,
4531,200,5,47.5,47.5,1.0,1e-07,80,center,center,True,104.80000000000001,3,0.022698468679589922,0.1506601097822178,12.64280335171044,
4535,200,5,47.5,47.5,1.0,1e-07,80,0.60,0.58,True,91.4,3,0.011366676599768559,0.10661461719561985,4.779338405745192,
4537,200,5,47.5,47.5,1.0,1e-07,120,0.35,0.45,True,97.2,3,0.026563674104326408,0.16298366207791015,12.74212018851255,
4538,200,5,47.5,47.5,1.0,1e-07,120,0.45,0.55,True,97.30000000000001,3,0.025924455584614405,0.16101073127159693,10.250165192895079,
4536,200,5,47.5,47.5,1.0,1e-07,120,center,center,True,104.80000000000001,3,0.021873725675283846,0.147897686510925,11.553576309632707,
4540,200,5,47.5,47.5,1.0,1e-07,120,0.60,0.58,True,93.4,3,0.010368746149932904,0.10182704036714857,6.119362732173439,
4542,200,5,47.5,47.5,1.0,1e-06,25,0.35,0.45,True,73.10000000000001,3,nan,nan,13.145913478655034,
4541,200,5,47.5,47.5,1.0,1e-06,25,center,center,True,81.0,3,nan,nan,12.454555894511028,
4543,200,5,47.5,47.5,1.0,1e-06,25,0.45,0.55,True,80.5,3,nan,nan,14.305353303111342,
4546,200,5,47.5,47.5,1.0,1e-06,50,center,center,True,73.3,3,nan,nan,9.55060935551142,
4545,200,5,47.5,47.5,1.0,1e-06,25,0.60,0.58,True,79.80000000000001,3,nan,nan,12.99081674027688,
4547,200,5,47.5,47.5,1.0,1e-06,50,0.35,0.45,True,73.3,3,nan,nan,12.781793897989758,
4548,200,5,47.5,47.5,1.0,1e-06,50,0.45,0.55,True,75.0,3,nan,nan,12.39817637597043,
4551,200,5,47.5,47.5,1.0,1e-06,80,center,center,True,72.7,3,nan,nan,7.688316481536748,
4552,200,5,47.5,47.5,1.0,1e-06,80,0.35,0.45,True,75.10000000000001,3,nan,nan,13.074145004634131,
4550,200,5,47.5,47.5,1.0,1e-06,50,0.60,0.58,True,79.7,3,nan,nan,12.455210779124213,
4553,200,5,47.5,47.5,1.0,1e-06,80,0.45,0.55,True,71.3,3,nan,nan,8.209415240782967,
4549,200,5,47.5,47.5,1.0,1e-06,50,0.60,0.45,True,87.10000000000001,3,nan,nan,14.119725159600913,
4556,200,5,47.5,47.5,1.0,1e-06,120,center,center,True,72.0,3,nan,nan,7.462429034757225,
4562,200,5,47.5,47.5,3.0,1e-08,25,0.35,0.45,True,25.3,3,0.0,0.0,67.17514421272202,
4561,200,5,47.5,47.5,3.0,1e-08,25,center,center,True,27.200000000000003,3,0.0,0.0,67.17514421272202,
4563,200,5,47.5,47.5,3.0,1e-08,25,0.45,0.55,True,26.5,3,0.0,0.0,67.17514421272202,
4555,200,5,47.5,47.5,1.0,1e-06,80,0.60,0.58,True,77.30000000000001,3,nan,nan,10.142987429813227,
4557,200,5,47.5,47.5,1.0,1e-06,120,0.35,0.45,True,73.8,3,nan,nan,13.118804137868494,
4558,200,5,47.5,47.5,1.0,1e-06,120,0.45,0.55,True,71.4,3,nan,nan,8.640006151708567,
4567,200,5,47.5,47.5,3.0,1e-08,50,0.35,0.45,True,25.200000000000003,3,0.0,0.0,67.17514421272202,
4566,200,5,47.5,47.5,3.0,1e-08,50,center,center,True,27.200000000000003,3,0.0,0.0,67.17514421272202,
4564,200,5,47.5,47.5,3.0,1e-08,25,0.60,0.45,True,38.300000000000004,3,0.0,0.0,67.17514421272202,
4568,200,5,47.5,47.5,3.0,1e-08,50,0.45,0.55,True,26.6,3,0.0,0.0,67.17514421272202,
4565,200,5,47.5,47.5,3.0,1e-08,25,0.60,0.58,True,34.800000000000004,3,0.0,0.0,67.17514421272202,
4572,200,5,47.5,47.5,3.0,1e-08,80,0.35,0.45,True,25.200000000000003,3,0.0,0.0,67.17514421272202,
4571,200,5,47.5,47.5,3.0,1e-08,80,center,center,True,27.200000000000003,3,0.0,0.0,67.17514421272202,
4573,200,5,47.5,47.5,3.0,1e-08,80,0.45,0.55,True,26.6,3,0.0,0.0,67.17514421272202,
4570,200,5,47.5,47.5,3.0,1e-08,50,0.60,0.58,True,34.5,3,0.0,0.0,67.17514421272202,
4569,200,5,47.5,47.5,3.0,1e-08,50,0.60,0.45,True,36.2,3,0.0,0.0,67.17514421272202,
4554,200,5,47.5,47.5,1.0,1e-06,80,0.60,0.45,True,112.5,3,nan,nan,13.744878493871278,
4560,200,5,47.5,47.5,1.0,1e-06,120,0.60,0.58,True,75.10000000000001,3,nan,nan,9.774514789764224,
4574,200,5,47.5,47.5,3.0,1e-08,80,0.60,0.45,True,36.300000000000004,3,0.0,0.0,67.17514421272202,
4575,200,5,47.5,47.5,3.0,1e-08,80,0.60,0.58,True,34.4,3,0.0,0.0,67.17514421272202,
4577,200,5,47.5,47.5,3.0,1e-08,120,0.35,0.45,True,25.200000000000003,3,0.0,0.0,67.17514421272202,
4539,200,5,47.5,47.5,1.0,1e-07,120,0.60,0.45,True,219.4,3,0.008429077152386662,0.091810005731329,24.773108416140776,
4576,200,5,47.5,47.5,3.0,1e-08,120,center,center,True,27.200000000000003,3,0.0,0.0,67.17514421272202,
4578,200,5,47.5,47.5,3.0,1e-08,120,0.45,0.55,True,26.6,3,0.0,0.0,67.17514421272202,
4579,200,5,47.5,47.5,3.0,1e-08,120,0.60,0.45,True,36.300000000000004,3,0.0,0.0,67.17514421272202,
4580,200,5,47.5,47.5,3.0,1e-08,120,0.60,0.58,True,34.4,3,0.0,0.0,67.17514421272202,
4488,200,4,121.7,51.6,5.0,1e-06,50,0.45,0.55,True,552.0,3,188.33532864530613,13.72353193042178,15.56768895074155,
4583,200,5,47.5,47.5,3.0,1e-07,25,0.45,0.55,True,62.400000000000006,3,0.026106477786240825,0.16157499121535124,11.84089419972814,
4584,200,5,47.5,47.5,3.0,1e-07,25,0.60,0.45,True,63.5,3,0.008611523672203948,0.09279829563199934,14.598111864672083,
4559,200,5,47.5,47.5,1.0,1e-06,120,0.60,0.45,True,170.4,3,6.845644462775542,2.6164182507343017,11.832248061845709,
4595,200,5,47.5,47.5,3.0,1e-07,80,0.60,0.58,True,60.300000000000004,3,0.02437625507718389,0.1561289693720672,8.757043903437468,
4585,200,5,47.5,47.5,3.0,1e-07,25,0.60,0.58,True,91.10000000000001,3,0.02398042797483561,0.15485615252496623,3.809411655459304,
4582,200,5,47.5,47.5,3.0,1e-07,25,0.35,0.45,True,100.4,3,0.027036223192772577,0.16442695397279783,13.470412340723774,
4590,200,5,47.5,47.5,3.0,1e-07,50,0.60,0.58,True,87.0,3,0.01838316545284594,0.1355845324985337,4.160167732606732,
4587,200,5,47.5,47.5,3.0,1e-07,50,0.35,0.45,True,97.7,3,0.026600186991641416,0.16309563756165096,12.54894326276285,
4588,200,5,47.5,47.5,3.0,1e-07,50,0.45,0.55,True,95.9,3,0.026354502815510706,0.1623406998121873,11.403355097819544,
4592,200,5,47.5,47.5,3.0,1e-07,80,0.35,0.45,True,97.4,3,0.026501575401836387,0.1627930446973592,12.913812029592778,
4586,200,5,47.5,47.5,3.0,1e-07,50,center,center,True,107.7,3,0.024266399683194335,0.15577676233377794,14.715882960510637,
4593,200,5,47.5,47.5,3.0,1e-07,80,0.45,0.55,True,97.80000000000001,3,0.026052759208512133,0.1614086714167245,10.47085326425159,
4591,200,5,47.5,47.5,3.0,1e-07,80,center,center,True,109.30000000000001,3,0.009303214193723713,0.09645317098843206,15.553795319833245,
4529,200,5,47.5,47.5,1.0,1e-07,50,0.60,0.45,True,359.20000000000005,3,0.007562260855432196,0.08696126065917051,26.175539087261413,
4600,200,5,47.5,47.5,3.0,1e-07,120,0.60,0.58,True,60.2,3,0.024191695295500967,0.15553679723943453,8.781530780857114,
4597,200,5,47.5,47.5,3.0,1e-07,120,0.35,0.45,True,97.2,3,0.026563740815181834,0.16298386673282061,12.742223582853027,
4596,200,5,47.5,47.5,3.0,1e-07,120,center,center,True,109.80000000000001,3,0.010163408300187606,0.10081373071257509,16.08843952813416,
4598,200,5,47.5,47.5,3.0,1e-07,120,0.45,0.55,True,97.60000000000001,3,0.025837185243807025,0.16073949497185508,10.455609539439118,
4602,200,5,47.5,47.5,3.0,1e-06,25,0.35,0.45,True,72.7,3,nan,nan,13.069626865378556,
4544,200,5,47.5,47.5,1.0,1e-06,25,0.60,0.45,True,307.5,3,nan,nan,36.20346029454183,
4601,200,5,47.5,47.5,3.0,1e-06,25,center,center,True,79.7,3,nan,nan,12.029855711817088,
4606,200,5,47.5,47.5,3.0,1e-06,50,center,center,True,74.4,3,nan,nan,9.257279967881315,
4603,200,5,47.5,47.5,3.0,1e-06,25,0.45,0.55,True,80.30000000000001,3,nan,nan,14.030575842180925,
4607,200,5,47.5,47.5,3.0,1e-06,50,0.35,0.45,True,73.4,3,nan,nan,12.781907643766953,
4608,200,5,47.5,47.5,3.0,1e-06,50,0.45,0.55,True,74.60000000000001,3,nan,nan,12.137231709268153,
4605,200,5,47.5,47.5,3.0,1e-06,25,0.60,0.58,True,79.4,3,nan,nan,12.704058104247675,
4463,200,4,121.7,51.6,5.0,1e-07,25,0.45,0.55,False,900.0,2,70.47083163393248,8.394690681253984,5.434672682718014,vittima non trovata entro 15 minuti
4610,200,5,47.5,47.5,3.0,1e-06,50,0.60,0.58,True,72.2,3,nan,nan,9.567983002887358,
4621,200,5,47.5,47.5,5.0,1e-08,25,center,center,True,27.200000000000003,3,0.0,0.0,67.17514421272202,
4622,200,5,47.5,47.5,5.0,1e-08,25,0.35,0.45,True,25.3,3,0.0,0.0,67.17514421272202,
4611,200,5,47.5,47.5,3.0,1e-06,80,center,center,True,71.8,3,nan,nan,8.793268251048433,
4467,200,4,121.7,51.6,5.0,1e-07,50,0.35,0.45,False,900.0,2,0.0006525551430906214,0.025545158897345332,0.18370924202462086,vittima non trovata entro 15 minuti
4613,200,5,47.5,47.5,3.0,1e-06,80,0.45,0.55,True,71.7,3,nan,nan,8.046433942615165,
4612,200,5,47.5,47.5,3.0,1e-06,80,0.35,0.45,True,75.2,3,nan,nan,13.074261770115342,
4623,200,5,47.5,47.5,5.0,1e-08,25,0.45,0.55,True,26.5,3,0.0,0.0,67.17514421272202,
4609,200,5,47.5,47.5,3.0,1e-06,50,0.60,0.45,True,115.5,3,nan,nan,15.194020596962439,
4521,200,5,47.5,47.5,1.0,1e-07,25,center,center,True,470.1,3,0.025187734564461106,0.15870644147123047,27.948530484098455,
4615,200,5,47.5,47.5,3.0,1e-06,80,0.60,0.58,True,76.2,3,nan,nan,9.928833952717337,
4617,200,5,47.5,47.5,3.0,1e-06,120,0.35,0.45,True,72.9,3,nan,nan,12.861424128503982,
4616,200,5,47.5,47.5,3.0,1e-06,120,center,center,True,72.9,3,nan,nan,8.492935934132682,
4626,200,5,47.5,47.5,5.0,1e-08,50,center,center,True,27.3,3,0.0,0.0,67.17514421272202,
4625,200,5,47.5,47.5,5.0,1e-08,25,0.60,0.58,True,28.5,3,0.0,0.0,67.17514421272202,
4627,200,5,47.5,47.5,5.0,1e-08,50,0.35,0.45,True,25.200000000000003,3,0.0,0.0,67.17514421272202,
4624,200,5,47.5,47.5,5.0,1e-08,25,0.60,0.45,True,36.6,3,0.0,0.0,67.17514421272202,
4485,200,4,121.7,51.6,5.0,1e-06,25,0.60,0.58,True,798.4000000000001,3,102.80379831707192,10.139220794374285,15.574972264398246,
4618,200,5,47.5,47.5,3.0,1e-06,120,0.45,0.55,True,70.3,3,nan,nan,8.458029719415299,
4628,200,5,47.5,47.5,5.0,1e-08,50,0.45,0.55,True,26.6,3,0.0,0.0,67.17514421272202,
4620,200,5,47.5,47.5,3.0,1e-06,120,0.60,0.58,True,75.2,3,nan,nan,9.917778629185793,
4630,200,5,47.5,47.5,5.0,1e-08,50,0.60,0.58,True,28.5,3,0.0,0.0,67.17514421272202,
4631,200,5,47.5,47.5,5.0,1e-08,80,center,center,True,27.3,3,0.0,0.0,67.17514421272202,
4632,200,5,47.5,47.5,5.0,1e-08,80,0.35,0.45,True,25.200000000000003,3,0.0,0.0,67.17514421272202,
4629,200,5,47.5,47.5,5.0,1e-08,50,0.60,0.45,True,35.7,3,0.0,0.0,67.17514421272202,
4633,200,5,47.5,47.5,5.0,1e-08,80,0.45,0.55,True,26.6,3,0.0,0.0,67.17514421272202,
4637,200,5,47.5,47.5,5.0,1e-08,120,0.35,0.45,True,25.200000000000003,3,0.0,0.0,67.17514421272202,
4638,200,5,47.5,47.5,5.0,1e-08,120,0.45,0.55,True,26.6,3,0.0,0.0,67.17514421272202,
4636,200,5,47.5,47.5,5.0,1e-08,120,center,center,True,27.3,3,0.0,0.0,67.17514421272202,
4635,200,5,47.5,47.5,5.0,1e-08,80,0.60,0.58,True,28.5,3,0.0,0.0,67.17514421272202,
4484,200,4,121.7,51.6,5.0,1e-06,25,0.60,0.45,False,900.0,2,195.6167671509299,13.986306415595573,28.390418219886715,vittima non trovata entro 15 minuti
4640,200,5,47.5,47.5,5.0,1e-08,120,0.60,0.58,True,28.5,3,0.0,0.0,67.17514421272202,
4634,200,5,47.5,47.5,5.0,1e-08,80,0.60,0.45,True,36.1,3,0.0,0.0,67.17514421272202,
4639,200,5,47.5,47.5,5.0,1e-08,120,0.60,0.45,True,36.1,3,0.0,0.0,67.17514421272202,
4619,200,5,47.5,47.5,3.0,1e-06,120,0.60,0.45,True,121.4,3,nan,nan,13.446311995329829,
4643,200,5,47.5,47.5,5.0,1e-07,25,0.45,0.55,True,63.1,3,0.026112875578188987,0.16159478821480905,12.073494223811018,
4644,200,5,47.5,47.5,5.0,1e-07,25,0.60,0.45,True,61.2,3,0.01665255383639784,0.12904477454123373,15.73037085082627,
4645,200,5,47.5,47.5,5.0,1e-07,25,0.60,0.58,True,61.2,3,0.024768496555296022,0.15738010215810644,10.270082551537996,
4482,200,4,121.7,51.6,5.0,1e-06,25,0.35,0.45,False,900.0,2,nan,nan,14.265320667406462,vittima non trovata entro 15 minuti
4487,200,4,121.7,51.6,5.0,1e-06,50,0.35,0.45,False,900.0,2,0.0016732908833334134,0.04090587834692483,13.284665885534526,vittima non trovata entro 15 minuti
4481,200,4,121.7,51.6,5.0,1e-06,25,center,center,False,900.0,2,nan,nan,14.49674254483928,vittima non trovata entro 15 minuti
4649,200,5,47.5,47.5,5.0,1e-07,50,0.60,0.45,True,64.60000000000001,3,0.016347285853265357,0.12785650493136969,14.88282424000329,
4483,200,4,121.7,51.6,5.0,1e-06,25,0.45,0.55,False,900.0,2,nan,nan,15.045031903178385,vittima non trovata entro 15 minuti
4642,200,5,47.5,47.5,5.0,1e-07,25,0.35,0.45,True,100.5,3,0.027063704742982118,0.16451050040341533,13.563992045450467,
4491,200,4,121.7,51.6,5.0,1e-06,80,center,center,False,900.0,2,nan,nan,12.077075424651882,vittima non trovata entro 15 minuti
4493,200,4,121.7,51.6,5.0,1e-06,80,0.45,0.55,False,900.0,2,nan,nan,14.291815880717616,vittima non trovata entro 15 minuti
4594,200,5,47.5,47.5,3.0,1e-07,80,0.60,0.45,True,333.20000000000005,3,0.007851293689412805,0.08860752614429998,25.573158840353518,
4489,200,4,121.7,51.6,5.0,1e-06,50,0.60,0.45,False,900.0,2,nan,nan,14.935433302183592,vittima non trovata entro 15 minuti
4648,200,5,47.5,47.5,5.0,1e-07,50,0.45,0.55,True,94.5,3,0.02688112296284749,0.16395463690560108,11.565387518557182,
4647,200,5,47.5,47.5,5.0,1e-07,50,0.35,0.45,True,97.7,3,0.026367275238132763,0.16238003337274187,12.421335125307714,
4646,200,5,47.5,47.5,5.0,1e-07,50,center,center,True,106.7,3,0.026702239789720347,0.16340819988519653,17.112594588665043,
4652,200,5,47.5,47.5,5.0,1e-07,80,0.35,0.45,True,97.4,3,0.026396758205661886,0.16247079185398797,12.782486710007914,
4655,200,5,47.5,47.5,5.0,1e-07,80,0.60,0.58,True,95.2,3,0.012119638380131536,0.11008922917402744,6.399735250123002,
4650,200,5,47.5,47.5,5.0,1e-07,50,0.60,0.58,True,97.2,3,0.013866715419587507,0.11775701855765332,8.817481587201167,
4653,200,5,47.5,47.5,5.0,1e-07,80,0.45,0.55,True,98.4,3,0.025846547708551944,0.1607686154339582,10.461330977674145,
4660,200,5,47.5,47.5,5.0,1e-07,120,0.60,0.58,True,60.6,3,0.013308668970039947,0.11536320457598231,9.049164412499842,
4657,200,5,47.5,47.5,5.0,1e-07,120,0.35,0.45,True,97.2,3,0.026398607649846546,0.16247648337481504,12.782855942642696,
4651,200,5,47.5,47.5,5.0,1e-07,80,center,center,True,111.5,3,0.009988400127851037,0.09994198380986359,16.63159876992245,
4656,200,5,47.5,47.5,5.0,1e-07,120,center,center,True,110.9,3,0.02651152747599057,0.1628236084724527,16.576576496102707,
4662,200,5,47.5,47.5,5.0,1e-06,25,0.35,0.45,True,71.60000000000001,3,nan,nan,12.537702635787857,
4661,200,5,47.5,47.5,5.0,1e-06,25,center,center,True,77.7,3,nan,nan,11.183140946168136,
4589,200,5,47.5,47.5,3.0,1e-07,50,0.60,0.45,True,382.40000000000003,3,0.008150876120965348,0.09028220268117824,24.61142200840638,
4658,200,5,47.5,47.5,5.0,1e-07,120,0.45,0.55,True,98.80000000000001,3,0.025760043566868188,0.16049935690484304,10.802818321090603,
4665,200,5,47.5,47.5,5.0,1e-06,25,0.60,0.58,True,79.5,3,nan,nan,12.570841072169033,
4666,200,5,47.5,47.5,5.0,1e-06,50,center,center,True,75.4,3,nan,nan,9.219539178242345,
4614,200,5,47.5,47.5,3.0,1e-06,80,0.60,0.45,True,242.5,3,17.229420882901167,4.15083375756018,16.247169039863323,
4667,200,5,47.5,47.5,5.0,1e-06,50,0.35,0.45,True,73.0,3,nan,nan,12.263373923522439,
4668,200,5,47.5,47.5,5.0,1e-06,50,0.45,0.55,True,75.5,3,nan,nan,12.118042603558727,
4670,200,5,47.5,47.5,5.0,1e-06,50,0.60,0.58,True,72.2,3,nan,nan,9.814233318860927,
4673,200,5,47.5,47.5,5.0,1e-06,80,0.45,0.55,True,70.60000000000001,3,nan,nan,7.786058392602571,
4671,200,5,47.5,47.5,5.0,1e-06,80,center,center,True,74.2,3,nan,nan,8.071597093649872,
4678,200,5,47.5,47.5,5.0,1e-06,120,0.45,0.55,True,70.4,3,nan,nan,8.49010485202228,
4672,200,5,47.5,47.5,5.0,1e-06,80,0.35,0.45,True,74.5,3,nan,nan,12.55726341088865,
4676,200,5,47.5,47.5,5.0,1e-06,120,center,center,True,72.60000000000001,3,nan,nan,8.382141959823022,
4677,200,5,47.5,47.5,5.0,1e-06,120,0.35,0.45,True,72.3,3,nan,nan,12.348783194731901,
4675,200,5,47.5,47.5,5.0,1e-06,80,0.60,0.58,True,75.8,3,nan,nan,9.716490044555135,
4680,200,5,47.5,47.5,5.0,1e-06,120,0.60,0.58,True,74.9,3,nan,nan,9.717544930439045,
4663,200,5,47.5,47.5,5.0,1e-06,25,0.45,0.55,True,131.4,3,99.75880463330546,9.987932950981673,16.276405344352607,
4604,200,5,47.5,47.5,3.0,1e-06,25,0.60,0.45,True,376.6,3,nan,nan,35.71379905058623,
4682,200,5,95.0,95.0,1.0,1e-08,25,0.35,0.45,True,105.2,3,0.0,0.0,0.0,
4674,200,5,47.5,47.5,5.0,1e-06,80,0.60,0.45,True,135.0,3,66.20153971174133,8.136432861625623,12.585759107224387,
4681,200,5,95.0,95.0,1.0,1e-08,25,center,center,True,120.5,3,0.0,0.0,0.0,
4683,200,5,95.0,95.0,1.0,1e-08,25,0.45,0.55,True,115.5,3,0.0,0.0,0.0,
4664,200,5,47.5,47.5,5.0,1e-06,25,0.60,0.45,True,176.3,3,0.2520551625691475,0.5020509561480264,18.55449326438584,
4684,200,5,95.0,95.0,1.0,1e-08,25,0.60,0.45,True,113.9,3,0.0,0.0,0.0,
4685,200,5,95.0,95.0,1.0,1e-08,25,0.60,0.58,True,116.80000000000001,3,0.0,0.0,0.0,
4688,200,5,95.0,95.0,1.0,1e-08,50,0.45,0.55,True,111.5,3,0.0,0.0,0.0,
4686,200,5,95.0,95.0,1.0,1e-08,50,center,center,True,117.10000000000001,3,0.0,0.0,0.0,
4689,200,5,95.0,95.0,1.0,1e-08,50,0.60,0.45,True,115.5,3,0.0,0.0,0.0,
4687,200,5,95.0,95.0,1.0,1e-08,50,0.35,0.45,True,121.5,3,0.0,0.0,0.0,
4692,200,5,95.0,95.0,1.0,1e-08,80,0.35,0.45,True,111.80000000000001,3,0.0,0.0,0.0,
4690,200,5,95.0,95.0,1.0,1e-08,50,0.60,0.58,True,117.5,3,0.0,0.0,0.0,
4693,200,5,95.0,95.0,1.0,1e-08,80,0.45,0.55,True,110.30000000000001,3,0.0,0.0,0.0,
4691,200,5,95.0,95.0,1.0,1e-08,80,center,center,True,117.5,3,0.0,0.0,0.0,
4679,200,5,47.5,47.5,5.0,1e-06,120,0.60,0.45,True,172.3,3,46.93014894446392,6.8505582943628704,13.31115940078548,
4697,200,5,95.0,95.0,1.0,1e-08,120,0.35,0.45,True,111.80000000000001,3,0.0,0.0,0.0,
4695,200,5,95.0,95.0,1.0,1e-08,80,0.60,0.58,True,112.4,3,0.0,0.0,0.0,
4698,200,5,95.0,95.0,1.0,1e-08,120,0.45,0.55,True,110.30000000000001,3,0.0,0.0,0.0,
4696,200,5,95.0,95.0,1.0,1e-08,120,center,center,True,117.5,3,0.0,0.0,0.0,
4700,200,5,95.0,95.0,1.0,1e-08,120,0.60,0.58,True,112.4,3,0.0,0.0,0.0,
4694,200,5,95.0,95.0,1.0,1e-08,80,0.60,0.45,True,135.0,3,0.0,0.0,0.0,
4699,200,5,95.0,95.0,1.0,1e-08,120,0.60,0.45,True,142.20000000000002,3,0.0,0.0,0.0,
4701,200,5,95.0,95.0,1.0,1e-07,25,center,center,True,123.7,3,0.0205816242747114,0.1434629717896273,0.20191222341191517,
4702,200,5,95.0,95.0,1.0,1e-07,25,0.35,0.45,True,112.0,3,0.005151591377385917,0.07177458726726275,0.09917622385778117,
4654,200,5,47.5,47.5,5.0,1e-07,80,0.60,0.45,True,338.70000000000005,3,0.007249563503492657,0.08514436859530204,26.07460139068918,
4703,200,5,95.0,95.0,1.0,1e-07,25,0.45,0.55,True,120.2,3,0.0050801521680038835,0.07127518620111689,0.09713202312115708,
4704,200,5,95.0,95.0,1.0,1e-07,25,0.60,0.45,True,109.4,3,0.0026244751702445626,0.051229631759798576,0.06927684178717182,
4706,200,5,95.0,95.0,1.0,1e-07,50,center,center,True,115.30000000000001,3,0.02805445873780203,0.16749465286331391,0.23551876269800545,
4705,200,5,95.0,95.0,1.0,1e-07,25,0.60,0.58,True,111.5,3,0.004612847952590444,0.06791795015009246,0.09176964111129111,
4708,200,5,95.0,95.0,1.0,1e-07,50,0.45,0.55,True,114.7,3,0.0036795164135487012,0.0606590175781697,0.08197305731054408,
4534,200,5,47.5,47.5,1.0,1e-07,80,0.60,0.45,True,803.1,3,0.008429077152386662,0.091810005731329,24.773108416140776,
4709,200,5,95.0,95.0,1.0,1e-07,50,0.60,0.45,True,110.2,3,0.019188821457411888,0.1385237216415004,0.19389078555576048,
4669,200,5,47.5,47.5,5.0,1e-06,50,0.60,0.45,True,268.8,3,5.64434122841128,2.3757822350567572,15.91929167337976,
4712,200,5,95.0,95.0,1.0,1e-07,80,0.35,0.45,True,110.30000000000001,3,0.005272327817835245,0.07261079684065755,0.10146466421399906,
4707,200,5,95.0,95.0,1.0,1e-07,50,0.35,0.45,True,128.1,3,0.006050722355356004,0.07778638926802042,0.10519302033728402,
4713,200,5,95.0,95.0,1.0,1e-07,80,0.45,0.55,True,109.30000000000001,3,0.004888623751485945,0.0699186938628429,0.09457244984394962,
4711,200,5,95.0,95.0,1.0,1e-07,80,center,center,True,118.4,3,0.011256571635411721,0.10609699164166589,0.3075464192341848,
4710,200,5,95.0,95.0,1.0,1e-07,50,0.60,0.58,True,119.2,3,0.0031781736266207404,0.05637529269654163,0.0756774618734884,
4715,200,5,95.0,95.0,1.0,1e-07,80,0.60,0.58,True,109.2,3,0.00045257105901434525,0.02127371756450539,0.008603972801209846,
4659,200,5,47.5,47.5,5.0,1e-07,120,0.60,0.45,True,334.1,3,0.007249563503492657,0.08514436859530204,26.07460139068918,
4721,200,5,95.0,95.0,1.0,1e-06,25,center,center,True,93.60000000000001,3,nan,nan,0.05144722815879558,
4581,200,5,47.5,47.5,3.0,1e-07,25,center,center,True,629.2,3,0.025193396190410666,0.15872427725590899,29.832588909355405,
4714,200,5,95.0,95.0,1.0,1e-07,80,0.60,0.45,True,114.0,3,0.005271924402316303,0.07260801885684737,0.09882424464253159,
4717,200,5,95.0,95.0,1.0,1e-07,120,0.35,0.45,True,106.9,3,0.0,0.0,0.0,
4722,200,5,95.0,95.0,1.0,1e-06,25,0.35,0.45,True,97.4,3,nan,nan,0.02218158660968354,
4718,200,5,95.0,95.0,1.0,1e-07,120,0.45,0.55,True,111.5,3,0.004594304914751472,0.06778130210280318,0.09140727718842752,
4716,200,5,95.0,95.0,1.0,1e-07,120,center,center,True,115.10000000000001,3,0.025755301534199658,0.1604845834782882,0.22564737081689767,
4723,200,5,95.0,95.0,1.0,1e-06,25,0.45,0.55,True,91.10000000000001,3,0.001048156085077334,0.03237523876479267,0.2606750912893271,
4719,200,5,95.0,95.0,1.0,1e-07,120,0.60,0.45,True,114.7,3,0.019450635824845224,0.13946553633369507,0.19522424333694363,
4720,200,5,95.0,95.0,1.0,1e-07,120,0.60,0.58,True,113.7,3,0.004415362699506946,0.06644819560760809,0.08945168560985736,
4724,200,5,95.0,95.0,1.0,1e-06,25,0.60,0.45,True,99.5,3,nan,nan,0.3115223298920042,
4727,200,5,95.0,95.0,1.0,1e-06,50,0.35,0.45,True,90.9,3,0.0014039020178950798,0.03746868049311424,0.021827151171952556,
4726,200,5,95.0,95.0,1.0,1e-06,50,center,center,True,93.10000000000001,3,nan,nan,0.06098711591620649,
4725,200,5,95.0,95.0,1.0,1e-06,25,0.60,0.58,True,98.2,3,nan,nan,0.07170025490327972,
4641,200,5,47.5,47.5,5.0,1e-07,25,center,center,True,429.20000000000005,3,0.02505430270467953,0.15828551009072034,30.233819824861225,
4730,200,5,95.0,95.0,1.0,1e-06,50,0.60,0.58,True,89.4,3,0.0007793660216150552,0.02791712774651173,0.027127564964223586,
4728,200,5,95.0,95.0,1.0,1e-06,50,0.45,0.55,True,98.0,3,0.00036588597629894684,0.019128146180405117,0.34998771333344886,
4731,200,5,95.0,95.0,1.0,1e-06,80,center,center,True,95.0,3,nan,nan,0.2920092150057332,
4729,200,5,95.0,95.0,1.0,1e-06,50,0.60,0.45,True,98.0,3,0.000511453989874167,0.022615348546378124,0.05934196697218391,
4732,200,5,95.0,95.0,1.0,1e-06,80,0.35,0.45,True,100.0,3,nan,nan,0.29069365176221673,
4733,200,5,95.0,95.0,1.0,1e-06,80,0.45,0.55,True,94.30000000000001,3,nan,nan,0.2974771589153159,
4734,200,5,95.0,95.0,1.0,1e-06,80,0.60,0.45,True,93.7,3,nan,nan,0.08106984343478318,
4735,200,5,95.0,95.0,1.0,1e-06,80,0.60,0.58,True,92.2,3,nan,nan,0.30275542567407143,
4739,200,5,95.0,95.0,1.0,1e-06,120,0.60,0.45,True,91.10000000000001,3,nan,nan,0.30251784813932786,
4737,200,5,95.0,95.0,1.0,1e-06,120,0.35,0.45,True,91.4,3,nan,nan,0.08251016687939267,
4738,200,5,95.0,95.0,1.0,1e-06,120,0.45,0.55,True,94.10000000000001,3,nan,nan,0.29490204653027186,
4740,200,5,95.0,95.0,1.0,1e-06,120,0.60,0.58,True,93.60000000000001,3,nan,nan,0.301852897322235,
4736,200,5,95.0,95.0,1.0,1e-06,120,center,center,True,102.80000000000001,3,nan,nan,0.2979351198498728,
4742,200,5,95.0,95.0,3.0,1e-08,25,0.35,0.45,True,105.2,3,0.0,0.0,0.0,
4744,200,5,95.0,95.0,3.0,1e-08,25,0.60,0.45,True,108.4,3,0.0,0.0,0.0,
4743,200,5,95.0,95.0,3.0,1e-08,25,0.45,0.55,True,115.5,3,0.0,0.0,0.0,
4741,200,5,95.0,95.0,3.0,1e-08,25,center,center,True,120.2,3,0.0,0.0,0.0,
4748,200,5,95.0,95.0,3.0,1e-08,50,0.45,0.55,True,111.5,3,0.0,0.0,0.0,
4747,200,5,95.0,95.0,3.0,1e-08,50,0.35,0.45,True,121.5,3,0.0,0.0,0.0,
4749,200,5,95.0,95.0,3.0,1e-08,50,0.60,0.45,True,115.7,3,0.0,0.0,0.0,
4752,200,5,95.0,95.0,3.0,1e-08,80,0.35,0.45,True,111.80000000000001,3,0.0,0.0,0.0,
4753,200,5,95.0,95.0,3.0,1e-08,80,0.45,0.55,True,110.30000000000001,3,0.0,0.0,0.0,
4745,200,5,95.0,95.0,3.0,1e-08,25,0.60,0.58,True,124.0,3,0.0,0.0,0.0,
4746,200,5,95.0,95.0,3.0,1e-08,50,center,center,True,124.0,3,0.0,0.0,0.0,
4750,200,5,95.0,95.0,3.0,1e-08,50,0.60,0.58,True,117.5,3,0.0,0.0,0.0,
4751,200,5,95.0,95.0,3.0,1e-08,80,center,center,True,117.5,3,0.0,0.0,0.0,
4754,200,5,95.0,95.0,3.0,1e-08,80,0.60,0.45,True,116.60000000000001,3,0.0,0.0,0.0,
4755,200,5,95.0,95.0,3.0,1e-08,80,0.60,0.58,True,112.5,3,0.0,0.0,0.0,
4757,200,5,95.0,95.0,3.0,1e-08,120,0.35,0.45,True,111.80000000000001,3,0.0,0.0,0.0,
4756,200,5,95.0,95.0,3.0,1e-08,120,center,center,True,117.30000000000001,3,0.0,0.0,0.0,
4758,200,5,95.0,95.0,3.0,1e-08,120,0.45,0.55,True,110.30000000000001,3,0.0,0.0,0.0,
4760,200,5,95.0,95.0,3.0,1e-08,120,0.60,0.58,True,112.5,3,0.0,0.0,0.0,
4762,200,5,95.0,95.0,3.0,1e-07,25,0.35,0.45,True,112.0,3,0.005005514696084243,0.07074966216233293,0.09769241789329827,
4759,200,5,95.0,95.0,3.0,1e-08,120,0.60,0.45,True,116.60000000000001,3,0.0,0.0,0.0,
4764,200,5,95.0,95.0,3.0,1e-07,25,0.60,0.45,True,108.5,3,0.10780713632968879,0.3283399706549429,0.46349793003233597,
4763,200,5,95.0,95.0,3.0,1e-07,25,0.45,0.55,True,117.0,3,0.06396383982106452,0.25291073488696464,0.35690026046478135,
4761,200,5,95.0,95.0,3.0,1e-07,25,center,center,True,124.80000000000001,3,0.1803496227228629,0.42467590315776443,1.0230911711459565,
4765,200,5,95.0,95.0,3.0,1e-07,25,0.60,0.58,True,111.5,3,0.005854624576635223,0.07651551853470787,0.10450174305244964,
4768,200,5,95.0,95.0,3.0,1e-07,50,0.45,0.55,True,114.2,3,0.08704191955285535,0.29502867581449665,0.4167500521936548,
4769,200,5,95.0,95.0,3.0,1e-07,50,0.60,0.45,True,109.4,3,0.09834239801130504,0.31359591516999236,0.5661362719089246,
4766,200,5,95.0,95.0,3.0,1e-07,50,center,center,True,117.4,3,0.11855493776850377,0.3443180764474961,1.0351266721533305,
4771,200,5,95.0,95.0,3.0,1e-07,80,center,center,True,118.30000000000001,3,0.06490608034143551,0.2547667174915819,1.0785578319262465,
4767,200,5,95.0,95.0,3.0,1e-07,50,0.35,0.45,True,128.1,3,0.004375770590637732,0.06614960763782149,0.08772082532533935,
4770,200,5,95.0,95.0,3.0,1e-07,50,0.60,0.58,True,118.60000000000001,3,0.0028615436233072624,0.05349339794130919,0.07136980303822853,
4772,200,5,95.0,95.0,3.0,1e-07,80,0.35,0.45,True,110.10000000000001,3,0.005316469803344578,0.07291412622629842,0.1019236902710975,
4773,200,5,95.0,95.0,3.0,1e-07,80,0.45,0.55,True,109.10000000000001,3,0.06826994072164455,0.2612851712624437,0.3683837510719756,
4774,200,5,95.0,95.0,3.0,1e-07,80,0.60,0.45,True,106.60000000000001,3,0.08563687616516258,0.2926377900496834,0.4129110623395426,
4783,200,5,95.0,95.0,3.0,1e-06,25,0.45,0.55,True,91.80000000000001,3,0.0010973907459341642,0.03312688856403759,0.7853954374407417,
4775,200,5,95.0,95.0,3.0,1e-07,80,0.60,0.58,True,107.5,3,0.0004343611458603412,0.020841332631584317,0.006135983814652266,
4781,200,5,95.0,95.0,3.0,1e-06,25,center,center,True,93.60000000000001,3,nan,nan,0.33094475874679163,
4777,200,5,95.0,95.0,3.0,1e-07,120,0.35,0.45,True,106.9,3,0.005562938790641081,0.07458511105201279,0.10145216208032562,
4782,200,5,95.0,95.0,3.0,1e-06,25,0.35,0.45,True,97.60000000000001,3,nan,nan,0.019659461333810104,
4779,200,5,95.0,95.0,3.0,1e-07,120,0.60,0.45,True,108.4,3,0.08608682724523754,0.29340556784975563,0.41399667598646755,
4778,200,5,95.0,95.0,3.0,1e-07,120,0.45,0.55,True,112.10000000000001,3,0.07582456653880126,0.27536260918796013,0.38835011416707854,
4780,200,5,95.0,95.0,3.0,1e-07,120,0.60,0.58,True,109.60000000000001,3,0.006075354089780469,0.07794455779450205,0.10640298713149347,
4776,200,5,95.0,95.0,3.0,1e-07,120,center,center,True,117.30000000000001,3,0.0701775074050502,0.264910376174755,0.92578860886932,
4784,200,5,95.0,95.0,3.0,1e-06,25,0.60,0.45,True,100.10000000000001,3,nan,nan,0.3076348523766718,
4786,200,5,95.0,95.0,3.0,1e-06,50,center,center,True,94.30000000000001,3,nan,nan,0.20815364664446384,
4787,200,5,95.0,95.0,3.0,1e-06,50,0.35,0.45,True,91.2,3,0.0010686963860541614,0.03269092207408903,0.16073445963312116,
4785,200,5,95.0,95.0,3.0,1e-06,25,0.60,0.58,True,98.4,3,nan,nan,0.07320022379324753,
4790,200,5,95.0,95.0,3.0,1e-06,50,0.60,0.58,True,89.4,3,0.0007918655582638566,0.02814010586802858,0.29581901453094595,
4789,200,5,95.0,95.0,3.0,1e-06,50,0.60,0.45,True,97.0,3,0.0005369678220669604,0.023172566151959957,0.01600093934787632,
4793,200,5,95.0,95.0,3.0,1e-06,80,0.45,0.55,True,94.60000000000001,3,nan,nan,0.30952604931658756,
4788,200,5,95.0,95.0,3.0,1e-06,50,0.45,0.55,True,100.5,3,0.00040814086603809115,0.020202496529837376,1.1360558616657024,
4795,200,5,95.0,95.0,3.0,1e-06,80,0.60,0.58,True,92.2,3,nan,nan,0.299454060142808,
4792,200,5,95.0,95.0,3.0,1e-06,80,0.35,0.45,True,100.0,3,nan,nan,0.03233326030366897,
4794,200,5,95.0,95.0,3.0,1e-06,80,0.60,0.45,True,91.60000000000001,3,nan,nan,0.43937980183687336,
4791,200,5,95.0,95.0,3.0,1e-06,80,center,center,True,102.2,3,nan,nan,0.2890203271074856,
4797,200,5,95.0,95.0,3.0,1e-06,120,0.35,0.45,True,91.5,3,nan,nan,0.3042953096827375,
4799,200,5,95.0,95.0,3.0,1e-06,120,0.60,0.45,True,91.10000000000001,3,nan,nan,0.2990562780853118,
4798,200,5,95.0,95.0,3.0,1e-06,120,0.45,0.55,True,94.10000000000001,3,nan,nan,0.6059725350882237,
4796,200,5,95.0,95.0,3.0,1e-06,120,center,center,True,103.60000000000001,3,nan,nan,0.41442840631415506,
4800,200,5,95.0,95.0,3.0,1e-06,120,0.60,0.58,True,93.7,3,nan,nan,0.05319244892171788,
4802,200,5,95.0,95.0,5.0,1e-08,25,0.35,0.45,True,105.30000000000001,3,0.0,0.0,0.0,
4801,200,5,95.0,95.0,5.0,1e-08,25,center,center,True,116.9,3,0.0,0.0,0.0,
4803,200,5,95.0,95.0,5.0,1e-08,25,0.45,0.55,True,115.5,3,0.0,0.0,0.0,
4804,200,5,95.0,95.0,5.0,1e-08,25,0.60,0.45,True,114.7,3,0.0,0.0,0.0,
4599,200,5,47.5,47.5,3.0,1e-07,120,0.60,0.45,False,900.0,2,0.007851293689412805,0.08860752614429998,25.573158840353518,vittima non trovata entro 15 minuti
4812,200,5,95.0,95.0,5.0,1e-08,80,0.35,0.45,True,111.80000000000001,3,0.0,0.0,0.0,
4813,200,5,95.0,95.0,5.0,1e-08,80,0.45,0.55,True,110.30000000000001,3,0.0,0.0,0.0,
4808,200,5,95.0,95.0,5.0,1e-08,50,0.45,0.55,True,116.5,3,0.0,0.0,0.0,
4807,200,5,95.0,95.0,5.0,1e-08,50,0.35,0.45,True,121.5,3,0.0,0.0,0.0,
4811,200,5,95.0,95.0,5.0,1e-08,80,center,center,True,117.7,3,0.0,0.0,0.0,
4815,200,5,95.0,95.0,5.0,1e-08,80,0.60,0.58,True,112.4,3,0.0,0.0,0.0,
4814,200,5,95.0,95.0,5.0,1e-08,80,0.60,0.45,True,115.0,3,0.0,0.0,0.0,
4809,200,5,95.0,95.0,5.0,1e-08,50,0.60,0.45,True,122.7,3,0.0,0.0,0.0,
4806,200,5,95.0,95.0,5.0,1e-08,50,center,center,True,128.20000000000002,3,0.0,0.0,0.0,
4810,200,5,95.0,95.0,5.0,1e-08,50,0.60,0.58,True,125.5,3,0.0,0.0,0.0,
4816,200,5,95.0,95.0,5.0,1e-08,120,center,center,True,117.30000000000001,3,0.0,0.0,0.0,
4817,200,5,95.0,95.0,5.0,1e-08,120,0.35,0.45,True,111.80000000000001,3,0.0,0.0,0.0,
4818,200,5,95.0,95.0,5.0,1e-08,120,0.45,0.55,True,110.30000000000001,3,0.0,0.0,0.0,
4805,200,5,95.0,95.0,5.0,1e-08,25,0.60,0.58,True,140.8,3,0.0,0.0,0.0,
4824,200,5,95.0,95.0,5.0,1e-07,25,0.60,0.45,True,107.30000000000001,3,0.17720619751865876,0.4209586648575591,0.5646290637048806,
4819,200,5,95.0,95.0,5.0,1e-08,120,0.60,0.45,True,115.0,3,0.0,0.0,0.0,
4822,200,5,95.0,95.0,5.0,1e-07,25,0.35,0.45,True,111.9,3,0.0052467028920492095,0.07243412795118893,0.10008082747894244,
4820,200,5,95.0,95.0,5.0,1e-08,120,0.60,0.58,True,112.4,3,0.0,0.0,0.0,
4825,200,5,95.0,95.0,5.0,1e-07,25,0.60,0.58,True,111.5,3,0.00759723923390021,0.08716214335306476,0.1200207487792976,
4826,200,5,95.0,95.0,5.0,1e-07,50,center,center,True,116.80000000000001,3,0.3623555870577315,0.6019597885720702,1.6464490302962502,
4823,200,5,95.0,95.0,5.0,1e-07,25,0.45,0.55,True,118.9,3,0.15876871750664548,0.3984579243868109,0.5629265214744603,
4829,200,5,95.0,95.0,5.0,1e-07,50,0.60,0.45,True,107.30000000000001,3,0.2129473988979342,0.46146223994811775,0.8858304856953862,
4821,200,5,95.0,95.0,5.0,1e-07,25,center,center,True,126.30000000000001,3,0.36227702776320214,0.601894532092793,1.5972616924773622,
4828,200,5,95.0,95.0,5.0,1e-07,50,0.45,0.55,True,113.80000000000001,3,0.35746400786240173,0.5978829382599923,0.8453202875471141,
4831,200,5,95.0,95.0,5.0,1e-07,80,center,center,True,118.4,3,0.32931974315293655,0.5738638716219523,1.878761893950633,
4830,200,5,95.0,95.0,5.0,1e-07,50,0.60,0.58,True,118.4,3,0.007294051500161804,0.08540521939648539,0.11820262580123574,
4827,200,5,95.0,95.0,5.0,1e-07,50,0.35,0.45,True,128.70000000000002,3,0.013827199592905803,0.11758911341151358,0.16311784780926872,
4832,200,5,95.0,95.0,5.0,1e-07,80,0.35,0.45,True,109.10000000000001,3,0.01791987605769788,0.13386514130907223,0.18865269660976366,
4833,200,5,95.0,95.0,5.0,1e-07,80,0.45,0.55,True,108.80000000000001,3,0.21097487945798568,0.45932001856873783,0.6489127010795439,
4835,200,5,95.0,95.0,5.0,1e-07,80,0.60,0.58,True,107.60000000000001,3,0.0034304615763003808,0.05857014236196102,0.07765360952515368,
4834,200,5,95.0,95.0,5.0,1e-07,80,0.60,0.45,True,112.2,3,0.11433741814705745,0.33813816428651977,0.5552137853463383,
4843,200,5,95.0,95.0,5.0,1e-06,25,0.45,0.55,True,91.60000000000001,3,0.00017519065873287042,0.013235960816384673,1.5177583493041977,
4837,200,5,95.0,95.0,5.0,1e-07,120,0.35,0.45,True,106.7,3,0.005402275286147503,0.07350017201440757,0.09985595398375084,
4841,200,5,95.0,95.0,5.0,1e-06,25,center,center,True,97.2,3,nan,nan,0.14988539241803175,
4847,200,5,95.0,95.0,5.0,1e-06,50,0.35,0.45,True,91.80000000000001,3,0.0015495334987868253,0.039364114352882694,0.6157679752289869,
4842,200,5,95.0,95.0,5.0,1e-06,25,0.35,0.45,True,97.7,3,nan,nan,0.600026393346282,
4850,200,5,95.0,95.0,5.0,1e-06,50,0.60,0.58,True,88.80000000000001,3,0.0008442193282703085,0.02905545264266775,0.5732256702186377,
4838,200,5,95.0,95.0,5.0,1e-07,120,0.45,0.55,True,109.30000000000001,3,0.20996094945374283,0.4582149598755401,0.6473497439441617,
4845,200,5,95.0,95.0,5.0,1e-06,25,0.60,0.58,True,98.7,3,nan,nan,0.07465801681096944,
4846,200,5,95.0,95.0,5.0,1e-06,50,center,center,True,99.2,3,nan,nan,0.17536363327071208,
4839,200,5,95.0,95.0,5.0,1e-07,120,0.60,0.45,True,111.30000000000001,3,0.13523288687384127,0.3677402437507232,0.63966339805183,
4836,200,5,95.0,95.0,5.0,1e-07,120,center,center,True,117.60000000000001,3,0.2219566008828816,0.47112270257639,1.785643613963431,
4849,200,5,95.0,95.0,5.0,1e-06,50,0.60,0.45,True,92.9,3,0.0008389333914613097,0.02896434690203302,0.4524078714844785,
4844,200,5,95.0,95.0,5.0,1e-06,25,0.60,0.45,True,103.5,3,nan,nan,0.3067443091001435,
4840,200,5,95.0,95.0,5.0,1e-07,120,0.60,0.58,True,109.7,3,0.0035180283504387118,0.05931296949604455,0.07707434439930964,
4848,200,5,95.0,95.0,5.0,1e-06,50,0.45,0.55,True,99.0,3,0.0037948831227180525,0.06160262269350269,1.8923235402843526,
4854,200,5,95.0,95.0,5.0,1e-06,80,0.60,0.45,True,94.2,3,nan,nan,0.6190509990963232,
4855,200,5,95.0,95.0,5.0,1e-06,80,0.60,0.58,True,92.2,3,nan,nan,0.061803262117734736,
4853,200,5,95.0,95.0,5.0,1e-06,80,0.45,0.55,True,95.10000000000001,3,nan,nan,1.2231938858791855,
4851,200,5,95.0,95.0,5.0,1e-06,80,center,center,True,101.5,3,nan,nan,0.41686887446274734,
4852,200,5,95.0,95.0,5.0,1e-06,80,0.35,0.45,True,99.9,3,nan,nan,0.6159505012598451,
4857,200,5,95.0,95.0,5.0,1e-06,120,0.35,0.45,True,91.5,3,nan,nan,0.30408072488032667,
4859,200,5,95.0,95.0,5.0,1e-06,120,0.60,0.45,True,92.2,3,nan,nan,0.349617223162845,
4858,200,5,95.0,95.0,5.0,1e-06,120,0.45,0.55,True,94.2,3,nan,nan,1.1958672192023707,
4856,200,5,95.0,95.0,5.0,1e-06,120,center,center,True,102.80000000000001,3,nan,nan,0.25360275071236615,
4860,200,5,95.0,95.0,5.0,1e-06,120,0.60,0.58,True,93.9,3,nan,nan,0.07856775160124307,
4862,200,5,142.5,95.0,1.0,1e-08,25,0.35,0.45,True,134.0,3,45.77550616970369,6.765759836833087,16.12276514798944,
4863,200,5,142.5,95.0,1.0,1e-08,25,0.45,0.55,True,137.0,3,11.453771412624482,3.3843420945029306,11.760751417260387,
4861,200,5,142.5,95.0,1.0,1e-08,25,center,center,True,154.5,3,5.393863179227331,2.32246919876827,42.875569151897125,
4864,200,5,142.5,95.0,1.0,1e-08,25,0.60,0.45,True,164.9,3,15.387369639527718,3.9226737870396153,16.879369426271168,
4868,200,5,142.5,95.0,1.0,1e-08,50,0.45,0.55,True,140.70000000000002,3,4.191970600460724,2.0474302431244693,7.47543079275825,
4891,200,5,142.5,95.0,1.0,1e-07,80,center,center,True,125.80000000000001,3,0.002909033883302049,0.053935460351257306,21.51165124153867,
4874,200,5,142.5,95.0,1.0,1e-08,80,0.60,0.45,True,138.20000000000002,3,22.758823384626382,4.770620859450726,11.958782414679032,
4892,200,5,142.5,95.0,1.0,1e-07,80,0.35,0.45,True,122.7,3,0.00499187392492237,0.07065319472552087,17.37200119304393,
4879,200,5,142.5,95.0,1.0,1e-08,120,0.60,0.45,True,142.3,3,22.934512374041987,4.788999099398745,11.46706024001622,
4872,200,5,142.5,95.0,1.0,1e-08,80,0.35,0.45,True,149.0,3,5.548554969939623,2.3555370873623755,10.90047506441008,
4873,200,5,142.5,95.0,1.0,1e-08,80,0.45,0.55,True,150.4,3,2.4909695820318736,1.578280577727507,5.851286475866687,
4865,200,5,142.5,95.0,1.0,1e-08,25,0.60,0.58,True,186.8,3,37.0798710804307,6.089324353360618,16.289953797035864,
4877,200,5,142.5,95.0,1.0,1e-08,120,0.35,0.45,True,153.1,3,6.716305244091875,2.591583539863586,7.121710553782572,
4888,200,5,142.5,95.0,1.0,1e-07,50,0.45,0.55,True,152.8,3,0.0024409599390406967,0.04940607188434127,14.031256127726456,
4889,200,5,142.5,95.0,1.0,1e-07,50,0.60,0.45,True,142.1,3,0.0050495966924514885,0.07106051429909221,21.14833771476071,
4878,200,5,142.5,95.0,1.0,1e-08,120,0.45,0.55,True,160.3,3,10.502526651462135,3.2407601965375554,8.858938507522172,
4887,200,5,142.5,95.0,1.0,1e-07,50,0.35,0.45,True,159.70000000000002,3,8.143555866911056e-05,0.00902416526162451,25.09508835061984,
4882,200,5,142.5,95.0,1.0,1e-07,25,0.35,0.45,True,160.20000000000002,3,53.308185207867474,7.301245455938834,26.68342097351372,
4870,200,5,142.5,95.0,1.0,1e-08,50,0.60,0.58,True,176.4,3,4.406524851361698,2.0991724205890514,12.009065653409404,
4890,200,5,142.5,95.0,1.0,1e-07,50,0.60,0.58,True,157.4,3,1.4043657062593374e-07,0.0003747486766166543,28.431677774608612,
4869,200,5,142.5,95.0,1.0,1e-08,50,0.60,0.45,True,185.70000000000002,3,6.763208974809207,2.600617037321952,8.938857361993241,
4867,200,5,142.5,95.0,1.0,1e-08,50,0.35,0.45,True,201.20000000000002,3,49.584387617822664,7.041618252775612,42.30699562726656,
4875,200,5,142.5,95.0,1.0,1e-08,80,0.60,0.58,True,185.9,3,5.466303376891391,2.338012698188654,6.472397137542024,
4866,200,5,142.5,95.0,1.0,1e-08,50,center,center,True,206.4,3,152.98340682222482,12.36864611920904,43.23276578189835,
4876,200,5,142.5,95.0,1.0,1e-08,120,center,center,True,188.3,3,156.44753374983668,12.507898854317485,41.32389874126265,
4880,200,5,142.5,95.0,1.0,1e-08,120,0.60,0.58,True,191.60000000000002,3,6.0937941397075654,2.4685611476541482,8.118699026224258,
4871,200,5,142.5,95.0,1.0,1e-08,80,center,center,True,211.4,3,108.44235072135382,10.413565706392495,45.20301796489994,
4884,200,5,142.5,95.0,1.0,1e-07,25,0.60,0.45,True,194.60000000000002,3,107.57053616281428,10.371621674685896,26.35290022656833,
4881,200,5,142.5,95.0,1.0,1e-07,25,center,center,True,196.4,3,117.07771159625909,10.8202454499082,27.182006680623203,
4895,200,5,142.5,95.0,1.0,1e-07,80,0.60,0.58,True,124.7,3,0.0051422956938098115,0.07170980193676323,25.60290751591248,
4893,200,5,142.5,95.0,1.0,1e-07,80,0.45,0.55,True,167.8,3,75.0653584697549,8.664026689118339,25.61943599615896,
4885,200,5,142.5,95.0,1.0,1e-07,25,0.60,0.58,True,222.5,3,8.60347105212469,2.933167409495184,30.790035753801178,
4894,200,5,142.5,95.0,1.0,1e-07,80,0.60,0.45,True,178.60000000000002,3,17.900038158792775,4.230843669859804,28.882723232168356,
4896,200,5,142.5,95.0,1.0,1e-07,120,center,center,True,136.5,3,270.2635861295357,16.439695439074768,38.20779110943017,
4897,200,5,142.5,95.0,1.0,1e-07,120,0.35,0.45,True,145.6,3,139.71738112737634,11.82021070570979,34.894792834781754,
4883,200,5,142.5,95.0,1.0,1e-07,25,0.45,0.55,True,257.90000000000003,3,80.30899383074278,8.961528543208619,14.987828031583078,
4898,200,5,142.5,95.0,1.0,1e-07,120,0.45,0.55,True,145.20000000000002,3,654.1399666472394,25.576160123193617,42.577453686653755,
4899,200,5,142.5,95.0,1.0,1e-07,120,0.60,0.45,True,139.8,3,0.005529368936916733,0.07435972657908804,28.285995792282797,
4900,200,5,142.5,95.0,1.0,1e-07,120,0.60,0.58,True,147.20000000000002,3,216.49751157032696,14.71385440903664,35.47823889656032,
4906,200,5,142.5,95.0,1.0,1e-06,50,center,center,True,138.3,3,4.834570675393392e-05,0.006953107704755761,23.18983203419896,
4913,200,5,142.5,95.0,1.0,1e-06,80,0.45,0.55,True,125.80000000000001,3,1.0230945117577562e-05,0.003198584861712686,24.394088863438135,
4907,200,5,142.5,95.0,1.0,1e-06,50,0.35,0.45,True,145.1,3,0.00011459312346148223,0.010704817768719009,25.7953844043406,
4909,200,5,142.5,95.0,1.0,1e-06,50,0.60,0.45,True,142.5,3,8.426986813268686e-05,0.009179862097694435,25.700068210521433,
4911,200,5,142.5,95.0,1.0,1e-06,80,center,center,True,143.9,3,0.00036604474532833474,0.019132295871858523,18.434052094494046,
4916,200,5,142.5,95.0,1.0,1e-06,120,center,center,True,128.6,3,1.633423486758244e-05,0.004041563418725783,23.881706757446615,
4917,200,5,142.5,95.0,1.0,1e-06,120,0.35,0.45,True,128.1,3,4.95625209951868e-05,0.007040065411286091,25.604998783675008,
4912,200,5,142.5,95.0,1.0,1e-06,80,0.35,0.45,True,144.70000000000002,3,0.001034202844915769,0.03215902431535772,22.76392089980394,
4914,200,5,142.5,95.0,1.0,1e-06,80,0.60,0.45,True,144.20000000000002,3,1.648737533712913e-05,0.004060464916377081,23.87678280908593,
4918,200,5,142.5,95.0,1.0,1e-06,120,0.45,0.55,True,130.70000000000002,3,5.548877766658324e-05,0.007449078981094457,23.937341530457154,
4915,200,5,142.5,95.0,1.0,1e-06,80,0.60,0.58,True,142.5,3,4.384525220060828e-05,0.006621574752323519,24.361389370888677,
4919,200,5,142.5,95.0,1.0,1e-06,120,0.60,0.45,True,133.0,3,2.778903253122706e-05,0.00527153037847901,25.055708899078336,
4920,200,5,142.5,95.0,1.0,1e-06,120,0.60,0.58,True,128.6,3,5.913192215113129e-05,0.007689728353533126,24.476680217516368,
4922,200,5,142.5,95.0,3.0,1e-08,25,0.35,0.45,True,134.0,3,45.77550607279041,6.7657598296710475,16.122765230801324,
4921,200,5,142.5,95.0,3.0,1e-08,25,center,center,True,132.8,3,21.88898506017641,4.678566560408905,19.874953271329826,
4903,200,5,142.5,95.0,1.0,1e-06,25,0.45,0.55,True,206.9,3,160.80350140156403,12.680832046895189,13.744791252615821,
4904,200,5,142.5,95.0,1.0,1e-06,25,0.60,0.45,True,206.3,3,5.288073171319766,2.299581086050189,24.928479559798195,
4902,200,5,142.5,95.0,1.0,1e-06,25,0.35,0.45,True,213.10000000000002,3,1.3593721385982458,1.165921154537581,26.460634480523588,
4923,200,5,142.5,95.0,3.0,1e-08,25,0.45,0.55,True,136.8,3,11.456520360523447,3.384748197506492,11.78481139286874,
4901,200,5,142.5,95.0,1.0,1e-06,25,center,center,True,219.20000000000002,3,3.991675601443493,1.9979178164888298,24.33293293178691,
4910,200,5,142.5,95.0,1.0,1e-06,50,0.60,0.58,True,211.70000000000002,3,44.429941085598806,6.665578825998445,17.162820434931348,
4924,200,5,142.5,95.0,3.0,1e-08,25,0.60,0.45,True,145.5,3,10.35242610526992,3.2175186254736614,7.163222738055359,
4925,200,5,142.5,95.0,3.0,1e-08,25,0.60,0.58,True,130.8,3,16.25132466558073,4.031293175344697,15.72064188048564,
4928,200,5,142.5,95.0,3.0,1e-08,50,0.45,0.55,True,140.70000000000002,3,4.264203808866207,2.064994868968494,7.591787391109363,
4932,200,5,142.5,95.0,3.0,1e-08,80,0.35,0.45,True,149.0,3,5.548555005434064,2.355537094896632,10.90047546481821,
4934,200,5,142.5,95.0,3.0,1e-08,80,0.60,0.45,True,140.70000000000002,3,27.94864157506926,5.286647479742645,12.039204165781065,
4940,200,5,142.5,95.0,3.0,1e-08,120,0.60,0.58,True,129.1,3,2.92591823842521,1.7105315660417408,11.148817513021083,
4933,200,5,142.5,95.0,3.0,1e-08,80,0.45,0.55,True,150.3,3,2.490880656977246,1.578252405978602,5.869913387703747,
4931,200,5,142.5,95.0,3.0,1e-08,80,center,center,True,172.0,3,105.20472312176278,10.256935366948687,40.505642677080665,
4939,200,5,142.5,95.0,3.0,1e-08,120,0.60,0.45,True,142.8,3,24.144480794220136,4.913703368562263,11.782289437915239,
4937,200,5,142.5,95.0,3.0,1e-08,120,0.35,0.45,True,153.1,3,6.716305246480692,2.5915835403244656,7.121710614456301,
4926,200,5,142.5,95.0,3.0,1e-08,50,center,center,True,207.4,3,160.3718635049433,12.663801305490516,43.490688869712656,
4929,200,5,142.5,95.0,3.0,1e-08,50,0.60,0.45,True,201.20000000000002,3,10.731833594795892,3.2759477399366266,18.67291564525893,
4930,200,5,142.5,95.0,3.0,1e-08,50,0.60,0.58,True,191.20000000000002,3,4.463984281088235,2.112814303503324,14.099221911610677,
4927,200,5,142.5,95.0,3.0,1e-08,50,0.35,0.45,True,201.20000000000002,3,49.58439309953711,7.041618642012439,42.30699527059359,
4938,200,5,142.5,95.0,3.0,1e-08,120,0.45,0.55,True,160.3,3,9.679991539774738,3.111268477610818,8.898130565377693,
4942,200,5,142.5,95.0,3.0,1e-07,25,0.35,0.45,True,159.60000000000002,3,52.15983995674509,7.222176954128519,26.36513041807964,
4951,200,5,142.5,95.0,3.0,1e-07,80,center,center,True,125.5,3,0.002959710549257415,0.05440322186467834,22.907265764582778,
4952,200,5,142.5,95.0,3.0,1e-07,80,0.35,0.45,True,122.7,3,0.004990914474404577,0.07064640453982479,17.354611305257926,
4935,200,5,142.5,95.0,3.0,1e-08,80,0.60,0.58,True,191.9,3,7.36549035394999,2.713943690268829,6.63634953658473,
4936,200,5,142.5,95.0,3.0,1e-08,120,center,center,True,196.70000000000002,3,129.567603863606,11.382776632421722,40.90973768153934,
4941,200,5,142.5,95.0,3.0,1e-07,25,center,center,True,185.4,3,134.9822610658716,11.618186651361373,27.2280449969071,
4948,200,5,142.5,95.0,3.0,1e-07,50,0.45,0.55,True,152.8,3,0.00024281199298626624,0.0155824257734881,14.089005229610015,
4947,200,5,142.5,95.0,3.0,1e-07,50,0.35,0.45,True,159.70000000000002,3,8.118457113225266e-05,0.009010248117130441,25.09596609858098,
4949,200,5,142.5,95.0,3.0,1e-07,50,0.60,0.45,True,154.10000000000002,3,110.07193017505642,10.491517057845181,33.91608539182228,
4950,200,5,142.5,95.0,3.0,1e-07,50,0.60,0.58,True,154.70000000000002,3,0.0055116783172599205,0.07424067831896419,28.473692105508217,
4954,200,5,142.5,95.0,3.0,1e-07,80,0.60,0.45,True,150.1,3,78.6230350842921,8.86696312636362,33.520657314710085,
4955,200,5,142.5,95.0,3.0,1e-07,80,0.60,0.58,True,124.7,3,0.005573491327187813,0.07465581911135805,25.318898788956126,
4953,200,5,142.5,95.0,3.0,1e-07,80,0.45,0.55,True,168.0,3,79.64313973188098,8.924300517793032,25.585362825363497,
4956,200,5,142.5,95.0,3.0,1e-07,120,center,center,True,136.5,3,290.29239183986186,17.037969123104485,38.36592687822378,
4959,200,5,142.5,95.0,3.0,1e-07,120,0.60,0.45,True,140.1,3,0.005522829483844909,0.07431574183068422,28.06318432622744,
4957,200,5,142.5,95.0,3.0,1e-07,120,0.35,0.45,True,145.6,3,139.8183456523618,11.824480777284126,34.88966266146902,
4944,200,5,142.5,95.0,3.0,1e-07,25,0.60,0.45,True,242.3,3,117.92845719163854,10.859486967239222,25.547924145344304,
4958,200,5,142.5,95.0,3.0,1e-07,120,0.45,0.55,True,147.0,3,621.3987648134134,24.927871245122667,41.76971514332896,
4960,200,5,142.5,95.0,3.0,1e-07,120,0.60,0.58,True,144.5,3,348.3484548174441,18.66409533884362,37.90998771444799,
4945,200,5,142.5,95.0,3.0,1e-07,25,0.60,0.58,True,245.4,3,76.10900279467829,8.724047386086248,33.495020180366346,
4943,200,5,142.5,95.0,3.0,1e-07,25,0.45,0.55,True,272.3,3,593.2149265575981,24.356003911922787,34.910173058447526,
4966,200,5,142.5,95.0,3.0,1e-06,50,center,center,True,138.5,3,3.755240658715761e-05,0.006128001842946655,23.285220961963294,
4967,200,5,142.5,95.0,3.0,1e-06,50,0.35,0.45,True,145.4,3,0.00012633874856605765,0.011240051092680035,25.440609816996158,
4971,200,5,142.5,95.0,3.0,1e-06,80,center,center,True,143.0,3,0.0013678431872166156,0.03698436409101305,17.904879215001678,
4972,200,5,142.5,95.0,3.0,1e-06,80,0.35,0.45,True,145.3,3,0.00032052295495702373,0.017903154888371596,23.103511359272602,
4969,200,5,142.5,95.0,3.0,1e-06,50,0.60,0.45,True,143.6,3,9.849182798966479e-05,0.009924304912167139,26.100568773778843,
4974,200,5,142.5,95.0,3.0,1e-06,80,0.60,0.45,True,142.3,3,1.5608889623953873e-05,0.0039508087303682365,24.161744729066125,
4976,200,5,142.5,95.0,3.0,1e-06,120,center,center,True,131.70000000000002,3,1.0421843958032061e-05,0.0032282880847334648,25.065896367680175,
4973,200,5,142.5,95.0,3.0,1e-06,80,0.45,0.55,True,145.5,3,8.223233870696862e-06,0.002867618152874762,24.646549026587167,
4977,200,5,142.5,95.0,3.0,1e-06,120,0.35,0.45,True,127.60000000000001,3,5.4138539253275276e-05,0.007357889592354269,25.213718314813974,
4975,200,5,142.5,95.0,3.0,1e-06,80,0.60,0.58,True,142.0,3,3.811332644725494e-05,0.006173599148572488,24.32838874495428,
4978,200,5,142.5,95.0,3.0,1e-06,120,0.45,0.55,True,128.4,3,5.7894298866295405e-05,0.007608830321823152,24.081484048061107,
4979,200,5,142.5,95.0,3.0,1e-06,120,0.60,0.45,True,131.1,3,2.676043509724273e-05,0.005173048916958231,25.02524164521355,
4964,200,5,142.5,95.0,3.0,1e-06,25,0.60,0.45,True,199.5,3,0.9959676697327672,0.9979817982973272,26.489963741120324,
4980,200,5,142.5,95.0,3.0,1e-06,120,0.60,0.58,True,129.1,3,4.3307109336166955e-05,0.00658081372902827,24.517523547884164,
4962,200,5,142.5,95.0,3.0,1e-06,25,0.35,0.45,True,213.20000000000002,3,1.364738354671585,1.168220165324835,26.27308742977908,
4981,200,5,142.5,95.0,5.0,1e-08,25,center,center,True,131.8,3,25.099360157556475,5.009926162884686,25.207254665821726,
4984,200,5,142.5,95.0,5.0,1e-08,25,0.60,0.45,True,124.60000000000001,3,0.4093941627599604,0.6398391694480421,8.070874586235565,
4970,200,5,142.5,95.0,3.0,1e-06,50,0.60,0.58,True,211.60000000000002,3,46.23135515266779,6.799364319748412,17.0815482084538,
4982,200,5,142.5,95.0,5.0,1e-08,25,0.35,0.45,True,134.0,3,45.778617808778,6.765989787812128,16.120217419062,
4983,200,5,142.5,95.0,5.0,1e-08,25,0.45,0.55,True,136.6,3,11.454127010884557,3.3843946298983156,11.800478356401229,
4985,200,5,142.5,95.0,5.0,1e-08,25,0.60,0.58,True,130.70000000000002,3,18.41717860185423,4.291524041859049,16.419915821124572,
4988,200,5,142.5,95.0,5.0,1e-08,50,0.45,0.55,True,140.70000000000002,3,4.264370867316381,2.0650353186607684,7.660006335999445,
4989,200,5,142.5,95.0,5.0,1e-08,50,0.60,0.45,True,134.3,3,6.621463202374182,2.573220395219613,6.736981255745273,
4992,200,5,142.5,95.0,5.0,1e-08,80,0.35,0.45,True,149.0,3,5.5485552114460255,2.355537138625928,10.90047770359321,
4993,200,5,142.5,95.0,5.0,1e-08,80,0.45,0.55,True,148.3,3,5.03541620666562,2.243973307921826,8.775388108211962,
4999,200,5,142.5,95.0,5.0,1e-08,120,0.60,0.45,True,145.5,3,26.848834800312627,5.1815861278485595,11.611069568937486,
4963,200,5,142.5,95.0,3.0,1e-06,25,0.45,0.55,True,317.40000000000003,3,118.86262697350267,10.902413814082763,8.20034909350083,
4994,200,5,142.5,95.0,5.0,1e-08,80,0.60,0.45,True,149.8,3,28.231617446533363,5.3133433397940095,13.288493486932804,
4997,200,5,142.5,95.0,5.0,1e-08,120,0.35,0.45,True,153.20000000000002,3,6.716610025127473,2.5916423412823524,7.1669280149504155,
4987,200,5,142.5,95.0,5.0,1e-08,50,0.35,0.45,True,201.20000000000002,3,49.635061178428366,7.045215481334007,42.30188278667503,
4986,200,5,142.5,95.0,5.0,1e-08,50,center,center,True,208.0,3,119.60052419660211,10.936202457736512,43.708719299804166,
4990,200,5,142.5,95.0,5.0,1e-08,50,0.60,0.58,True,191.5,3,4.463331545424839,2.112659827190558,14.044897599725198,
5000,200,5,142.5,95.0,5.0,1e-08,120,0.60,0.58,True,169.0,3,2.1252476864281302,1.4578229269798613,11.33540146194602,
4991,200,5,142.5,95.0,5.0,1e-08,80,center,center,True,206.60000000000002,3,51.09110434519206,7.147804162481794,45.392729302671064,
5002,200,5,142.5,95.0,5.0,1e-07,25,0.35,0.45,True,160.10000000000002,3,60.918732992674435,7.805045354940254,26.827078900066862,
4995,200,5,142.5,95.0,5.0,1e-08,80,0.60,0.58,True,187.9,3,7.36868437767336,2.7145320734287446,7.002540413201501,
4998,200,5,142.5,95.0,5.0,1e-08,120,0.45,0.55,True,193.3,3,2.830619144663775,1.6824443957123145,4.332251303517608,
4996,200,5,142.5,95.0,5.0,1e-08,120,center,center,True,206.8,3,131.42707825315912,11.464164961006063,40.8068685567121,
5001,200,5,142.5,95.0,5.0,1e-07,25,center,center,True,182.60000000000002,3,123.15385893707864,11.097470835153326,30.029884858413048,
5007,200,5,142.5,95.0,5.0,1e-07,50,0.35,0.45,True,159.70000000000002,3,7.890313029639242e-05,0.008882743399220334,24.988893601208677,
5008,200,5,142.5,95.0,5.0,1e-07,50,0.45,0.55,True,153.20000000000002,3,3.403348021011298e-05,0.005833822092771854,14.0283729125056,
5011,200,5,142.5,95.0,5.0,1e-07,80,center,center,True,133.6,3,0.0031497834302684764,0.05612293141193247,21.00512816328955,
5009,200,5,142.5,95.0,5.0,1e-07,50,0.60,0.45,True,151.9,3,107.67854544609965,10.37682733045605,33.78797280202323,
5010,200,5,142.5,95.0,5.0,1e-07,50,0.60,0.58,True,154.70000000000002,3,0.005513446339308677,0.0742525847315006,28.5359713264594,
5012,200,5,142.5,95.0,5.0,1e-07,80,0.35,0.45,True,122.80000000000001,3,0.004999717416289662,0.07070867992184314,17.488460201927055,
5013,200,5,142.5,95.0,5.0,1e-07,80,0.45,0.55,True,129.70000000000002,3,295.6272580678034,17.19381452929522,33.95415474283523,
5015,200,5,142.5,95.0,5.0,1e-07,80,0.60,0.58,True,125.10000000000001,3,0.0055773045475727215,0.07468135341283473,25.400069592668274,
4886,200,5,142.5,95.0,1.0,1e-07,50,center,center,False,900.0,2,752.7340081599355,27.43599839918233,39.03376513720941,vittima non trovata entro 15 minuti
5016,200,5,142.5,95.0,5.0,1e-07,120,center,center,True,136.8,3,220.5441075336761,14.850727508565905,36.68549482265819,
5014,200,5,142.5,95.0,5.0,1e-07,80,0.60,0.45,True,147.5,3,80.35870533101428,8.96430172021303,33.58097300671946,
5017,200,5,142.5,95.0,5.0,1e-07,120,0.35,0.45,True,146.0,3,137.00214171541296,11.70479139991025,34.950742152143825,
5018,200,5,142.5,95.0,5.0,1e-07,120,0.45,0.55,True,147.20000000000002,3,438.41930200557607,20.938464652537828,38.91954054241008,
5004,200,5,142.5,95.0,5.0,1e-07,25,0.60,0.45,True,242.70000000000002,3,113.49825938240089,10.653556184786416,25.388359997981386,
5020,200,5,142.5,95.0,5.0,1e-07,120,0.60,0.58,True,144.70000000000002,3,332.28987459947757,18.22881989047776,37.70677320808778,
5019,200,5,142.5,95.0,5.0,1e-07,120,0.60,0.45,True,146.20000000000002,3,465.4402317310452,21.574063866852836,39.09291914554862,
5005,200,5,142.5,95.0,5.0,1e-07,25,0.60,0.58,True,234.5,3,78.55787753432018,8.863288189736368,25.244749935041302,
5003,200,5,142.5,95.0,5.0,1e-07,25,0.45,0.55,True,299.40000000000003,3,157.70236730168617,12.557960316137576,10.496687348524471,
5026,200,5,142.5,95.0,5.0,1e-06,50,center,center,True,134.70000000000002,3,1.9653901724909757e-05,0.004433272123940708,24.27394559740948,
5027,200,5,142.5,95.0,5.0,1e-06,50,0.35,0.45,True,145.6,3,0.00012581111011614562,0.011216555180452937,25.37940715804754,
5031,200,5,142.5,95.0,5.0,1e-06,80,center,center,True,142.5,3,0.00034468958659636644,0.018565817692640593,17.42775718171591,
5029,200,5,142.5,95.0,5.0,1e-06,50,0.60,0.45,True,143.6,3,9.881778449950159e-05,0.009940713480404794,26.148264878894977,
5032,200,5,142.5,95.0,5.0,1e-06,80,0.35,0.45,True,145.5,3,0.00022662761904589462,0.015054156205044992,23.097353091017276,
5033,200,5,142.5,95.0,5.0,1e-06,80,0.45,0.55,True,146.0,3,4.3392716837565605e-06,0.0020830918567736182,24.909806540621123,
5037,200,5,142.5,95.0,5.0,1e-06,120,0.35,0.45,True,128.1,3,5.454958978656565e-05,0.007385769410600743,25.17861048409769,
5024,200,5,142.5,95.0,5.0,1e-06,25,0.60,0.45,True,199.60000000000002,3,0.5872239347523652,0.7663053795663745,26.286071383341582,
5036,200,5,142.5,95.0,5.0,1e-06,120,center,center,True,131.8,3,1.3048614750364046e-05,0.0036122866373481557,25.840884593750385,
5034,200,5,142.5,95.0,5.0,1e-06,80,0.60,0.45,True,141.3,3,1.3002549344760999e-05,0.003605904788643344,23.9321424676917,
5035,200,5,142.5,95.0,5.0,1e-06,80,0.60,0.58,True,140.70000000000002,3,3.3408595658717225e-05,0.005780016925469788,24.051208590576408,
5038,200,5,142.5,95.0,5.0,1e-06,120,0.45,0.55,True,129.6,3,4.658090390431002e-05,0.006825020432519599,23.986030114571598,
5022,200,5,142.5,95.0,5.0,1e-06,25,0.35,0.45,True,220.4,3,28.807828263966787,5.367292451876159,22.820073276527765,
5039,200,5,142.5,95.0,5.0,1e-06,120,0.60,0.45,True,131.1,3,2.7115820289567846e-05,0.005207285309023104,25.069303996514076,
5040,200,5,142.5,95.0,5.0,1e-06,120,0.60,0.58,True,124.30000000000001,3,3.603029606338145e-05,0.006002524141007802,24.40591947211508,
5030,200,5,142.5,95.0,5.0,1e-06,50,0.60,0.58,True,211.60000000000002,3,44.344005005597744,6.659129448028304,17.273984866102598,
5021,200,5,142.5,95.0,5.0,1e-06,25,center,center,True,246.60000000000002,3,18.73647451343098,4.328564948505565,23.953647848612814,
5044,200,5,66.5,133.0,1.0,1e-08,25,0.60,0.45,True,146.8,3,30.260138153567492,5.500921573115499,24.080865652078288,
5023,200,5,142.5,95.0,5.0,1e-06,25,0.45,0.55,True,257.40000000000003,3,164.5845450223568,12.829050823126268,8.80364528973932,
5043,200,5,66.5,133.0,1.0,1e-08,25,0.45,0.55,True,163.4,3,14.250786129953525,3.775021341655372,11.07181504739264,
5042,200,5,66.5,133.0,1.0,1e-08,25,0.35,0.45,True,176.20000000000002,3,78.19712602407093,8.842913887631775,14.160426425367666,
5046,200,5,66.5,133.0,1.0,1e-08,50,center,center,True,138.4,3,27.296229750189568,5.224579385002162,16.94496494991761,
5041,200,5,66.5,133.0,1.0,1e-08,25,center,center,True,188.10000000000002,3,155.7456150649486,12.479808294398941,17.476231149850932,
5049,200,5,66.5,133.0,1.0,1e-08,50,0.60,0.45,True,124.0,3,5.6043924359576085,2.367359802809368,18.399538015121582,
5045,200,5,66.5,133.0,1.0,1e-08,25,0.60,0.58,True,145.9,3,18.384766331519625,4.287746066585523,21.69364671439149,
5047,200,5,66.5,133.0,1.0,1e-08,50,0.35,0.45,True,142.20000000000002,3,13.075759494875289,3.616041965308933,17.494860355743256,
4905,200,5,142.5,95.0,1.0,1e-06,25,0.60,0.58,False,900.0,2,5.629384581681364e-07,0.0007502922485059648,24.472783767251887,vittima non trovata entro 15 minuti
4908,200,5,142.5,95.0,1.0,1e-06,50,0.45,0.55,False,900.0,2,nan,nan,12.484046429307643,vittima non trovata entro 15 minuti
5048,200,5,66.5,133.0,1.0,1e-08,50,0.45,0.55,True,148.9,3,54.46014153214468,7.379711480277849,13.793107996976984,
5050,200,5,66.5,133.0,1.0,1e-08,50,0.60,0.58,True,145.0,3,34.90111477829785,5.907716545188831,12.590090040334896,
5055,200,5,66.5,133.0,1.0,1e-08,80,0.60,0.58,True,130.8,3,19.328814692436573,4.3964547868068165,19.51755932535243,
5051,200,5,66.5,133.0,1.0,1e-08,80,center,center,True,154.4,3,23.994822568666265,4.898451037692045,11.548369640378267,
5057,200,5,66.5,133.0,1.0,1e-08,120,0.35,0.45,True,137.6,3,17.555964307727706,4.18998380757345,16.040288892339465,
5053,200,5,66.5,133.0,1.0,1e-08,80,0.45,0.55,True,145.70000000000002,3,21.960941223222235,4.686250230538509,15.116140081147364,
5059,200,5,66.5,133.0,1.0,1e-08,120,0.60,0.45,True,131.9,3,8.337498949890088,2.8874727617572584,17.626218400686945,
5054,200,5,66.5,133.0,1.0,1e-08,80,0.60,0.45,True,148.9,3,16.999198391648047,4.123008415180358,13.993500375090058,
5052,200,5,66.5,133.0,1.0,1e-08,80,0.35,0.45,True,153.60000000000002,3,67.12364250886743,8.192901958943938,16.890725736719855,
5061,200,5,66.5,133.0,1.0,1e-07,25,center,center,True,125.9,3,0.0036188884212031767,0.060157197584355414,2.842375391916605,
5056,200,5,66.5,133.0,1.0,1e-08,120,center,center,True,152.70000000000002,3,45.75768224574114,6.764442493342754,16.77010615724249,
5063,200,5,66.5,133.0,1.0,1e-07,25,0.45,0.55,True,111.5,3,0.025024511231449404,0.15819137533838373,6.015035561305529,
5062,200,5,66.5,133.0,1.0,1e-07,25,0.35,0.45,True,120.30000000000001,3,0.00041791377582814035,0.020442939510455446,0.17824311144384178,
5060,200,5,66.5,133.0,1.0,1e-08,120,0.60,0.58,True,154.20000000000002,3,49.76832880842917,7.054667164964565,17.876473181642883,
5064,200,5,66.5,133.0,1.0,1e-07,25,0.60,0.45,True,121.60000000000001,3,0.000705322416316149,0.02655790685118368,0.527977217655397,
5058,200,5,66.5,133.0,1.0,1e-08,120,0.45,0.55,True,160.20000000000002,3,45.31358794549584,6.731536818995781,13.582450292557478,
5065,200,5,66.5,133.0,1.0,1e-07,25,0.60,0.58,True,123.5,3,0.0007617674212578771,0.02760013444275004,0.14588861009942827,
5066,200,5,66.5,133.0,1.0,1e-07,50,center,center,True,119.30000000000001,3,0.012692079688001361,0.1126591305132494,4.731087281225391,
5067,200,5,66.5,133.0,1.0,1e-07,50,0.35,0.45,True,121.5,3,0.011803311155414654,0.10864304467113693,4.516843465920866,
5072,200,5,66.5,133.0,1.0,1e-07,80,0.35,0.45,True,116.9,3,0.01729235255380448,0.13150038993784194,13.314918487181707,
5071,200,5,66.5,133.0,1.0,1e-07,80,center,center,True,122.0,3,0.003412766026026349,0.05841888415595037,3.4056309765238906,
5068,200,5,66.5,133.0,1.0,1e-07,50,0.45,0.55,True,123.80000000000001,3,0.016848848361835343,0.12980311383720863,0.657176713265996,
5070,200,5,66.5,133.0,1.0,1e-07,50,0.60,0.58,True,122.9,3,12.514108021339034,3.5375285188022207,15.61105324972582,
5069,200,5,66.5,133.0,1.0,1e-07,50,0.60,0.45,True,127.5,3,0.004797285335400756,0.0692624381277526,0.30691166277437176,
5073,200,5,66.5,133.0,1.0,1e-07,80,0.45,0.55,True,126.0,3,0.015565710838608011,0.12476261795348802,11.774358302191557,
5074,200,5,66.5,133.0,1.0,1e-07,80,0.60,0.45,True,121.60000000000001,3,0.029352511274753516,0.17132574609425613,11.317071608630016,
4946,200,5,142.5,95.0,3.0,1e-07,50,center,center,False,900.0,2,232.78624921254055,15.25733427609622,31.293007971362062,vittima non trovata entro 15 minuti
5075,200,5,66.5,133.0,1.0,1e-07,80,0.60,0.58,True,116.9,3,0.003903900151589821,0.062481198384712666,7.799891509609385,
5076,200,5,66.5,133.0,1.0,1e-07,120,center,center,True,121.5,3,0.003349184750291168,0.0578721414006011,3.2166819757503373,
5077,200,5,66.5,133.0,1.0,1e-07,120,0.35,0.45,True,116.0,3,0.0035606999899036027,0.059671601201104055,9.384264554355093,
5078,200,5,66.5,133.0,1.0,1e-07,120,0.45,0.55,True,121.10000000000001,3,0.019733017732872248,0.14047426003674926,10.922068300586526,
5081,200,5,66.5,133.0,1.0,1e-06,25,center,center,True,110.9,3,0.003446842969664211,0.05870982004455653,21.53152657186985,
5080,200,5,66.5,133.0,1.0,1e-07,120,0.60,0.58,True,119.30000000000001,3,0.004040322252236126,0.06356352926196064,8.160716626555152,
5079,200,5,66.5,133.0,1.0,1e-07,120,0.60,0.45,True,121.7,3,0.0011987646841408954,0.03462318131167174,6.521438143144137,
5087,200,5,66.5,133.0,1.0,1e-06,50,0.35,0.45,True,105.5,3,144.22430470871515,12.009342392850458,13.342769796429208,
5085,200,5,66.5,133.0,1.0,1e-06,25,0.60,0.58,True,117.80000000000001,3,0.002265336697490269,0.04759555333736828,27.079134000046313,
5089,200,5,66.5,133.0,1.0,1e-06,50,0.60,0.45,True,118.9,3,0.00243146669710238,0.0493099046551743,22.929234863484552,
5082,200,5,66.5,133.0,1.0,1e-06,25,0.35,0.45,True,180.10000000000002,3,0.004056396978547543,0.06368984988636371,28.786465200557565,
5084,200,5,66.5,133.0,1.0,1e-06,25,0.60,0.45,True,182.4,3,8.522813644764085,2.9193858334869143,27.040233880915427,
5092,200,5,66.5,133.0,1.0,1e-06,80,0.35,0.45,True,175.4,3,0.0034917009385159246,0.05909061633217177,32.50207904043528,
5101,200,5,66.5,133.0,3.0,1e-08,25,center,center,True,139.3,3,45.92826138387604,6.777039278613932,25.056335094965384,
5091,200,5,66.5,133.0,1.0,1e-06,80,center,center,True,193.3,3,0.0035156087038974533,0.05929256870719511,32.5481292814813,
4961,200,5,142.5,95.0,3.0,1e-06,25,center,center,False,900.0,2,243.0511758470426,15.590098647764952,31.791161852704402,vittima non trovata entro 15 minuti
4965,200,5,142.5,95.0,3.0,1e-06,25,0.60,0.58,False,900.0,2,6.130835319042892e-07,0.0007829965082325011,24.409712741882892,vittima non trovata entro 15 minuti
5104,200,5,66.5,133.0,3.0,1e-08,25,0.60,0.45,True,144.5,3,15.551366979679985,3.9435221540749565,24.669396478126057,
5105,200,5,66.5,133.0,3.0,1e-08,25,0.60,0.58,True,147.5,3,16.581802571945435,4.072075953607132,23.220444925464996,
5107,200,5,66.5,133.0,3.0,1e-08,50,0.35,0.45,True,142.20000000000002,3,13.075759472718891,3.616041962245307,17.49486072150131,
5103,200,5,66.5,133.0,3.0,1e-08,25,0.45,0.55,True,163.10000000000002,3,14.146222494160423,3.761146433490781,10.61562834127608,
5106,200,5,66.5,133.0,3.0,1e-08,50,center,center,True,153.1,3,33.161603452264906,5.758611243369786,14.562426182394626,
5108,200,5,66.5,133.0,3.0,1e-08,50,0.45,0.55,True,144.1,3,35.792843680387975,5.982712067314286,13.996743218560399,
5109,200,5,66.5,133.0,3.0,1e-08,50,0.60,0.45,True,138.70000000000002,3,8.593651050127827,2.9314929728941577,17.603537205602873,
5102,200,5,66.5,133.0,3.0,1e-08,25,0.35,0.45,True,176.3,3,78.10526162888982,8.837718123412277,14.075475820363831,
4968,200,5,142.5,95.0,3.0,1e-06,50,0.45,0.55,False,900.0,2,nan,nan,12.205371708263046,vittima non trovata entro 15 minuti
5025,200,5,142.5,95.0,5.0,1e-06,25,0.60,0.58,True,591.4,3,142.4322808914695,11.934499607921126,16.57511336389073,
5096,200,5,66.5,133.0,1.0,1e-06,120,center,center,True,243.5,3,0.003544436086174756,0.059535166802275406,31.553064836172613,
5110,200,5,66.5,133.0,3.0,1e-08,50,0.60,0.58,True,145.8,3,33.50623727593899,5.788457244891681,12.58229817522369,
5083,200,5,66.5,133.0,1.0,1e-06,25,0.45,0.55,True,280.2,3,0.00398015683091058,0.06308848413863326,34.015940948934166,
5093,200,5,66.5,133.0,1.0,1e-06,80,0.45,0.55,True,248.70000000000002,3,0.003629745608184013,0.06024737013500268,32.40837120291277,
5088,200,5,66.5,133.0,1.0,1e-06,50,0.45,0.55,True,269.3,3,0.003945143149157373,0.06281037453444592,27.331870219041708,
5090,200,5,66.5,133.0,1.0,1e-06,50,0.60,0.58,True,282.5,3,73.47749447676628,8.571901450481468,28.281260237276463,
5111,200,5,66.5,133.0,3.0,1e-08,80,center,center,True,155.4,3,3.1103295508856625,1.7636126419612848,6.739551205284861,
5112,200,5,66.5,133.0,3.0,1e-08,80,0.35,0.45,True,153.60000000000002,3,67.12364247502781,8.19290195687876,16.89072592541664,
5086,200,5,66.5,133.0,1.0,1e-06,50,center,center,True,326.5,3,0.0037313606370102024,0.06108486422191837,33.6599597748725,
5094,200,5,66.5,133.0,1.0,1e-06,80,0.60,0.45,True,304.2,3,0.003181555143666878,0.05640527584957703,31.166911113852347,
5114,200,5,66.5,133.0,3.0,1e-08,80,0.60,0.45,True,135.5,3,24.619773738030766,4.961831691828207,19.27809734544102,
5098,200,5,66.5,133.0,1.0,1e-06,120,0.45,0.55,True,302.6,3,0.0035505240519508145,0.05958627402305681,33.27538016599476,
5113,200,5,66.5,133.0,3.0,1e-08,80,0.45,0.55,True,154.20000000000002,3,38.91405738979528,6.238113287669219,14.205386124560759,
5115,200,5,66.5,133.0,3.0,1e-08,80,0.60,0.58,True,140.4,3,31.189777964840975,5.584780923620995,19.037197859817038,
5097,200,5,66.5,133.0,1.0,1e-06,120,0.35,0.45,True,321.5,3,72.32829416830415,8.504604292282162,27.09926250463194,
5117,200,5,66.5,133.0,3.0,1e-08,120,0.35,0.45,True,137.6,3,17.555963927151517,4.189983762158454,16.04028919268318,
5123,200,5,66.5,133.0,3.0,1e-07,25,0.45,0.55,True,112.4,3,0.012569051521176895,0.11211178136653122,7.492221507169546,
5119,200,5,66.5,133.0,3.0,1e-08,120,0.60,0.45,True,128.0,3,3.5825711840642787,1.8927681273902197,20.11256271899154,
5122,200,5,66.5,133.0,3.0,1e-07,25,0.35,0.45,True,120.30000000000001,3,0.0004180699859020784,0.020446759789807246,0.17204545709354063,
5095,200,5,66.5,133.0,1.0,1e-06,80,0.60,0.58,True,336.8,3,0.0035589365656346567,0.05965682329486424,32.14407351560558,
5126,200,5,66.5,133.0,3.0,1e-07,50,center,center,True,109.4,3,0.011671091169040462,0.10803282449811474,8.363446547943635,
5116,200,5,66.5,133.0,3.0,1e-08,120,center,center,True,154.9,3,3.484421444890639,1.8666605060617314,21.300964722767574,
5124,200,5,66.5,133.0,3.0,1e-07,25,0.60,0.45,True,122.60000000000001,3,0.0007101472834190851,0.026648588769746986,0.27450399008980914,
5125,200,5,66.5,133.0,3.0,1e-07,25,0.60,0.58,True,122.80000000000001,3,0.0017428891762569178,0.04174792421494652,0.05260428059407651,
5131,200,5,66.5,133.0,3.0,1e-07,80,center,center,True,112.5,3,0.0013661922080779384,0.03696203739078703,10.382887630572052,
5121,200,5,66.5,133.0,3.0,1e-07,25,center,center,True,134.9,3,0.0031954004214033655,0.05652787296018987,17.487393997858796,
5127,200,5,66.5,133.0,3.0,1e-07,50,0.35,0.45,True,121.7,3,0.01862439166556757,0.1364712118564482,4.519656434232209,
5129,200,5,66.5,133.0,3.0,1e-07,50,0.60,0.45,True,119.4,3,0.013747159329328759,0.11724828070947889,7.920681150353081,
5128,200,5,66.5,133.0,3.0,1e-07,50,0.45,0.55,True,123.9,3,0.00854169039255803,0.09242126591081747,0.5523567589001647,
5130,200,5,66.5,133.0,3.0,1e-07,50,0.60,0.58,True,122.60000000000001,3,0.32773603676348884,0.572482346246143,15.103562620090383,
5118,200,5,66.5,133.0,3.0,1e-08,120,0.45,0.55,True,160.3,3,42.99350572477402,6.556943321760073,13.249420323792062,
5132,200,5,66.5,133.0,3.0,1e-07,80,0.35,0.45,True,117.30000000000001,3,0.026049965642901303,0.16140001748110594,13.347754271538609,
5120,200,5,66.5,133.0,3.0,1e-08,120,0.60,0.58,True,154.60000000000002,3,44.05834299349582,6.637645892445289,17.50509377915132,
5100,200,5,66.5,133.0,1.0,1e-06,120,0.60,0.58,True,341.1,3,163.07885707518327,12.770233242787043,24.013410147423425,
5006,200,5,142.5,95.0,5.0,1e-07,50,center,center,False,900.0,2,185.69130410788068,13.626859656864479,29.580144348463023,vittima non trovata entro 15 minuti
5133,200,5,66.5,133.0,3.0,1e-07,80,0.45,0.55,True,126.9,3,0.015658349656048186,0.12513332751928316,11.778973260108884,
5134,200,5,66.5,133.0,3.0,1e-07,80,0.60,0.45,True,119.60000000000001,3,0.028723751477091875,0.1694808292317803,11.541997092920168,
5135,200,5,66.5,133.0,3.0,1e-07,80,0.60,0.58,True,117.2,3,0.003937045733508431,0.06274588220360305,7.80369408545079,
5136,200,5,66.5,133.0,3.0,1e-07,120,center,center,True,114.9,3,0.0010796081156983159,0.032857390579568484,22.949043297385654,
5137,200,5,66.5,133.0,3.0,1e-07,120,0.35,0.45,True,115.7,3,0.003494189433778155,0.05911166918450328,9.292388692786387,
5138,200,5,66.5,133.0,3.0,1e-07,120,0.45,0.55,True,120.80000000000001,3,0.01938502874066552,0.13923012871022392,10.728430918935619,
5139,200,5,66.5,133.0,3.0,1e-07,120,0.60,0.45,True,121.0,3,0.003784803313091294,0.06152075514077582,6.4409952064277896,
5140,200,5,66.5,133.0,3.0,1e-07,120,0.60,0.58,True,119.2,3,0.004001793757142743,0.06325973250925697,8.038205029705312,
5141,200,5,66.5,133.0,3.0,1e-06,25,center,center,True,109.2,3,0.0030866826621336143,0.05555792168659312,20.02379431461224,
5147,200,5,66.5,133.0,3.0,1e-06,50,0.35,0.45,True,105.5,3,144.21112138735668,12.008793502569551,13.317551504729607,
5099,200,5,66.5,133.0,1.0,1e-06,120,0.60,0.45,True,420.70000000000005,4,117.96732206499439,10.861276263174341,24.56278343442416,
5149,200,5,66.5,133.0,3.0,1e-06,50,0.60,0.45,True,116.0,3,0.002045335126404332,0.0452253814401198,22.123294822320762,
5152,200,5,66.5,133.0,3.0,1e-06,80,0.35,0.45,True,175.60000000000002,3,0.0035077237623442033,0.05922603956322087,32.44615934691091,
5144,200,5,66.5,133.0,3.0,1e-06,25,0.60,0.45,True,198.70000000000002,3,21.868211243264604,4.676345928528449,25.98377578942517,
5164,200,5,66.5,133.0,5.0,1e-08,25,0.60,0.45,True,135.1,3,23.800895424631268,4.878616138274384,23.727870985335404,
5154,200,5,66.5,133.0,3.0,1e-06,80,0.60,0.45,True,192.3,3,0.003050076146462188,0.05522749447930974,30.89617226416778,
5167,200,5,66.5,133.0,5.0,1e-08,50,0.35,0.45,True,142.20000000000002,3,13.07575942100782,3.616041955095076,17.49486200630472,
5165,200,5,66.5,133.0,5.0,1e-08,25,0.60,0.58,True,142.70000000000002,3,4.367184207707273,2.089780899450292,14.965249645808191,
5163,200,5,66.5,133.0,5.0,1e-08,25,0.45,0.55,True,156.3,3,17.323718237432143,4.16217710308345,9.98156683366964,
5168,200,5,66.5,133.0,5.0,1e-08,50,0.45,0.55,True,141.1,3,14.302933695485848,3.7819219578788044,12.090810282927116,
5166,200,5,66.5,133.0,5.0,1e-08,50,center,center,True,147.20000000000002,3,33.8856899484868,5.821141636181583,15.057312604421547,
5169,200,5,66.5,133.0,5.0,1e-08,50,0.60,0.45,True,134.5,3,11.107146879918115,3.33273864560636,16.712558250133938,
5142,200,5,66.5,133.0,3.0,1e-06,25,0.35,0.45,True,233.60000000000002,3,0.004097593117476782,0.06401244502029885,29.053900236621025,
5148,200,5,66.5,133.0,3.0,1e-06,50,0.45,0.55,True,217.10000000000002,3,0.003990971168509865,0.06317413369813522,26.440015975552697,
5145,200,5,66.5,133.0,3.0,1e-06,25,0.60,0.58,True,228.0,3,0.0012239261961196222,0.03498465658141612,30.824039121466797,
5143,200,5,66.5,133.0,3.0,1e-06,25,0.45,0.55,True,230.60000000000002,3,0.004021680421667555,0.063416720363541,33.89657597596544,
5162,200,5,66.5,133.0,5.0,1e-08,25,0.35,0.45,True,176.3,3,78.09835164724366,8.837327177786486,14.075693201648361,
5170,200,5,66.5,133.0,5.0,1e-08,50,0.60,0.58,True,144.20000000000002,3,37.49873536743697,6.123621099271,13.0398460829513,
5161,200,5,66.5,133.0,5.0,1e-08,25,center,center,True,193.3,3,51.31962805605533,7.163771915412671,22.661923131997565,
5146,200,5,66.5,133.0,3.0,1e-06,50,center,center,True,248.60000000000002,3,0.003470047116401487,0.058907105822655105,31.7820220942854,
5151,200,5,66.5,133.0,3.0,1e-06,80,center,center,True,250.60000000000002,3,0.003451210147298656,0.058747001177069935,31.583796337336306,
5172,200,5,66.5,133.0,5.0,1e-08,80,0.35,0.45,True,153.60000000000002,3,67.12393090220364,8.192919559119547,16.978497825814486,
5171,200,5,66.5,133.0,5.0,1e-08,80,center,center,True,158.9,3,52.31858739061886,7.2331588805043445,9.5516740052722,
5174,200,5,66.5,133.0,5.0,1e-08,80,0.60,0.45,True,142.4,3,17.82504777076625,4.221972023920368,15.567489310318322,
5173,200,5,66.5,133.0,5.0,1e-08,80,0.45,0.55,True,152.6,3,47.56109586371054,6.896455311514064,13.490301886449021,
5028,200,5,142.5,95.0,5.0,1e-06,50,0.45,0.55,False,900.0,2,nan,nan,14.088100659525688,vittima non trovata entro 15 minuti
5150,200,5,66.5,133.0,3.0,1e-06,50,0.60,0.58,True,285.2,3,72.78207027917347,8.531240840532723,28.285966407670085,
5175,200,5,66.5,133.0,5.0,1e-08,80,0.60,0.58,True,140.5,3,37.53184258083995,6.126323741106076,18.38696459644537,
5183,200,5,66.5,133.0,5.0,1e-07,25,0.45,0.55,True,112.2,3,0.014488667644964719,0.1203688815473697,7.456234884173052,
5153,200,5,66.5,133.0,3.0,1e-06,80,0.45,0.55,True,329.6,3,0.004067931481804966,0.06378033773667999,30.311918297696398,
5182,200,5,66.5,133.0,5.0,1e-07,25,0.35,0.45,True,120.10000000000001,3,0.0004240005937119273,0.020591274698568987,0.16512653456856236,
5177,200,5,66.5,133.0,5.0,1e-08,120,0.35,0.45,True,137.6,3,17.556816897971927,4.19008554781068,16.0398866936432,
5187,200,5,66.5,133.0,5.0,1e-07,50,0.35,0.45,True,118.0,3,0.019385724010848274,0.13923262552594587,20.433057404855855,
5184,200,5,66.5,133.0,5.0,1e-07,25,0.60,0.45,True,123.9,3,0.0006685759480636147,0.02585683561582149,0.09366067825547206,
5157,200,5,66.5,133.0,3.0,1e-06,120,0.35,0.45,True,327.1,3,0.0036882572597780492,0.060731023865715036,33.13925389827863,
5188,200,5,66.5,133.0,5.0,1e-07,50,0.45,0.55,True,120.0,3,0.019785729955322316,0.14066175725947092,2.4895986071281495,
5185,200,5,66.5,133.0,5.0,1e-07,25,0.60,0.58,True,122.60000000000001,3,0.0007435158461497635,0.027267486978996863,0.06463162848713992,
5189,200,5,66.5,133.0,5.0,1e-07,50,0.60,0.45,True,118.4,3,0.013629729725354221,0.11674643345881801,7.429093768592929,
5176,200,5,66.5,133.0,5.0,1e-08,120,center,center,True,154.20000000000002,3,3.991760652522138,1.9979391013046763,20.814997638290095,
5186,200,5,66.5,133.0,5.0,1e-07,50,center,center,True,123.30000000000001,3,0.025768049002933013,0.1605242941206502,42.274829411043676,
5179,200,5,66.5,133.0,5.0,1e-08,120,0.60,0.45,True,142.70000000000002,3,21.041910435391777,4.58714621909873,17.186116402788628,
5190,200,5,66.5,133.0,5.0,1e-07,50,0.60,0.58,True,122.60000000000001,3,0.0006250032379768386,0.025000064759452895,0.09510333105724096,
5155,200,5,66.5,133.0,3.0,1e-06,80,0.60,0.58,True,336.8,3,0.0035589194950130143,0.05965668022118742,32.144099166403,
5192,200,5,66.5,133.0,5.0,1e-07,80,0.35,0.45,True,117.30000000000001,3,0.026042958965508033,0.16137831008381526,13.366414321943063,
5194,200,5,66.5,133.0,5.0,1e-07,80,0.60,0.45,True,117.9,3,0.003457965955731893,0.058804472242610026,5.290101790085159,
5181,200,5,66.5,133.0,5.0,1e-07,25,center,center,True,145.70000000000002,3,0.0037417397645176684,0.06116976184780899,36.9566558493225,
5178,200,5,66.5,133.0,5.0,1e-08,120,0.45,0.55,True,160.3,3,30.733984080230975,5.5438239582648166,13.87856738500634,
5195,200,5,66.5,133.0,5.0,1e-07,80,0.60,0.58,True,116.9,3,0.0039244029398498,0.06264505519073153,7.727939511428652,
5193,200,5,66.5,133.0,5.0,1e-07,80,0.45,0.55,True,127.80000000000001,3,0.016072912402496586,0.12677899038285714,12.158607177182487,
5180,200,5,66.5,133.0,5.0,1e-08,120,0.60,0.58,True,154.4,3,44.692209765677546,6.685223239778725,17.46911040135652,
5158,200,5,66.5,133.0,3.0,1e-06,120,0.45,0.55,True,357.1,3,0.003573613881728246,0.05977971128843168,33.11537747785625,
5191,200,5,66.5,133.0,5.0,1e-07,80,center,center,True,143.6,3,0.023974280310810496,0.15483630165697737,43.846155800362794,
5160,200,5,66.5,133.0,3.0,1e-06,120,0.60,0.58,True,340.6,3,156.92377099986874,12.52692184855756,24.1937476535874,
5159,200,5,66.5,133.0,3.0,1e-06,120,0.60,0.45,True,345.70000000000005,3,0.0031127623361188674,0.055792135074030524,31.70108667815734,
5197,200,5,66.5,133.0,5.0,1e-07,120,0.35,0.45,True,119.30000000000001,3,0.02073324240050943,0.1439904246834123,13.17954740715258,
5198,200,5,66.5,133.0,5.0,1e-07,120,0.45,0.55,True,121.2,3,0.020085349183932122,0.1417227899243171,11.027191391889449,
5196,200,5,66.5,133.0,5.0,1e-07,120,center,center,True,135.3,3,0.0239482812189231,0.15475232217618934,43.437704708664796,
5199,200,5,66.5,133.0,5.0,1e-07,120,0.60,0.45,True,121.7,3,0.0030741690937992347,0.05544518999696218,6.725949640103596,
5200,200,5,66.5,133.0,5.0,1e-07,120,0.60,0.58,True,119.2,3,0.003989239745902067,0.06316042863931551,8.026226579372267,
5201,200,5,66.5,133.0,5.0,1e-06,25,center,center,True,109.30000000000001,3,0.0013716299494326402,0.037035522804905026,19.60094170144437,
5207,200,5,66.5,133.0,5.0,1e-06,50,0.35,0.45,True,106.4,3,149.63533219193803,12.23255215365698,13.532122108314047,
5209,200,5,66.5,133.0,5.0,1e-06,50,0.60,0.45,True,118.10000000000001,3,0.002026268741059005,0.0450140949154707,23.206572262104604,
5208,200,5,66.5,133.0,5.0,1e-06,50,0.45,0.55,True,119.80000000000001,3,0.003915612176788042,0.06257485259102127,26.341153861878247,
5205,200,5,66.5,133.0,5.0,1e-06,25,0.60,0.58,True,126.2,3,0.0011918056487713866,0.03452253827242989,30.815419003231053,
5212,200,5,66.5,133.0,5.0,1e-06,80,0.35,0.45,True,179.70000000000002,3,0.0036016441079501113,0.060013699335652614,32.37148289994238,
5221,200,5,121.7,51.6,1.0,1e-08,25,center,center,True,143.8,3,59.13533873062098,7.6899505024818575,45.050824392468336,
5204,200,5,66.5,133.0,5.0,1e-06,25,0.60,0.45,True,185.70000000000002,3,11.981880393567375,3.4614852872094337,26.405954976793044,
5224,200,5,121.7,51.6,1.0,1e-08,25,0.60,0.45,True,154.4,3,52.59864596287959,7.252492396609568,48.136518321790874,
5223,200,5,121.7,51.6,1.0,1e-08,25,0.45,0.55,True,160.3,3,61.539789142886235,7.844730023581834,44.28405474988237,
5214,200,5,66.5,133.0,5.0,1e-06,80,0.60,0.45,True,192.70000000000002,3,0.003050147950574147,0.05522814455125346,30.896138519109094,
5222,200,5,121.7,51.6,1.0,1e-08,25,0.35,0.45,True,164.8,3,75.31225393945007,8.678263302035154,44.916429042163195,
5225,200,5,121.7,51.6,1.0,1e-08,25,0.60,0.58,True,162.8,3,193.1978545305946,13.899563105745253,32.834918432305024,
5227,200,5,121.7,51.6,1.0,1e-08,50,0.35,0.45,True,154.8,3,85.78855469959832,9.26221111288219,42.18486843928294,
5228,200,5,121.7,51.6,1.0,1e-08,50,0.45,0.55,True,159.60000000000002,3,197.31905750201605,14.047030202217693,46.24353492766981,
5226,200,5,121.7,51.6,1.0,1e-08,50,center,center,True,185.60000000000002,3,98.2503222397698,9.912130055632332,43.58773090040429,
5236,200,5,121.7,51.6,1.0,1e-08,120,center,center,True,113.9,3,91.00252266364362,9.539524236755396,43.45870798087597,
5206,200,5,66.5,133.0,5.0,1e-06,50,center,center,True,241.0,3,0.003304343835291562,0.05748342226495881,29.84006524065872,
5215,200,5,66.5,133.0,5.0,1e-06,80,0.60,0.58,True,231.70000000000002,3,0.0035887361768351606,0.05990606126958407,32.03955915880019,
5229,200,5,121.7,51.6,1.0,1e-08,50,0.60,0.45,True,187.8,3,33.63280606416765,5.799379799958583,44.167162487606454,
5230,200,5,121.7,51.6,1.0,1e-08,50,0.60,0.58,True,175.10000000000002,3,96.29862254885026,9.813186156842754,44.41194777411628,
5213,200,5,66.5,133.0,5.0,1e-06,80,0.45,0.55,True,258.7,3,0.004226492740746373,0.0650114816070698,30.60482927403286,
5232,200,5,121.7,51.6,1.0,1e-08,80,0.35,0.45,True,161.9,3,27.1920997790869,5.214604470052057,46.59026286761407,
5235,200,5,121.7,51.6,1.0,1e-08,80,0.60,0.58,True,142.0,3,51.48713711299138,7.175453791433081,45.2441324559567,
5233,200,5,121.7,51.6,1.0,1e-08,80,0.45,0.55,True,160.3,3,334.7606990327489,18.29646684561664,41.627499291477214,
5234,200,5,121.7,51.6,1.0,1e-08,80,0.60,0.45,True,159.8,3,134.03490097554482,11.577344297184256,46.60974491310059,
5241,200,5,121.7,51.6,1.0,1e-07,25,center,center,True,89.5,3,0.01138490207436904,0.10670005658090834,1.3180448956771538,
5245,200,5,121.7,51.6,1.0,1e-07,25,0.60,0.58,True,85.4,3,0.0023290040744222895,0.048259756261530055,0.30097508964710634,
5231,200,5,121.7,51.6,1.0,1e-08,80,center,center,True,184.70000000000002,3,12.602768850435634,3.550037866056591,46.57988520486669,
5243,200,5,121.7,51.6,1.0,1e-07,25,0.45,0.55,True,92.10000000000001,3,0.002027161710604699,0.04502401259999712,1.7648292153687601,
5210,200,5,66.5,133.0,5.0,1e-06,50,0.60,0.58,True,282.90000000000003,3,49.855340767280474,7.060831450139599,29.14676682948201,
5203,200,5,66.5,133.0,5.0,1e-06,25,0.45,0.55,True,301.2,3,0.004041916935701175,0.06357607203737248,33.74438508490459,
5242,200,5,121.7,51.6,1.0,1e-07,25,0.35,0.45,True,100.10000000000001,3,0.0021418150197330815,0.046279747403514225,0.14082960839213757,
5244,200,5,121.7,51.6,1.0,1e-07,25,0.60,0.45,True,100.7,3,0.005721049450634351,0.07563761928190463,20.43847991589747,
5216,200,5,66.5,133.0,5.0,1e-06,120,center,center,True,298.1,3,0.0036869323599505086,0.06072011495337034,28.64988726088073,
5202,200,5,66.5,133.0,5.0,1e-06,25,0.35,0.45,True,320.70000000000005,3,0.004107043392786767,0.0640862184310072,28.758158188104524,
5246,200,5,121.7,51.6,1.0,1e-07,50,center,center,True,108.4,3,0.0222445248741491,0.14914598510905044,9.963269137835008,
5249,200,5,121.7,51.6,1.0,1e-07,50,0.60,0.45,True,84.30000000000001,3,0.009683102541168232,0.09840275677626228,5.165332086855923,
5250,200,5,121.7,51.6,1.0,1e-07,50,0.60,0.58,True,86.4,3,0.003057934820962828,0.05529859691676479,0.4398143873996772,
5219,200,5,66.5,133.0,5.0,1e-06,120,0.60,0.45,True,306.40000000000003,3,0.003097153749135541,0.05565207767132815,31.56671296664029,
5239,200,5,121.7,51.6,1.0,1e-08,120,0.60,0.45,True,146.8,3,31.308504572604093,5.595400304947278,44.83362978734509,
5247,200,5,121.7,51.6,1.0,1e-07,50,0.35,0.45,True,100.5,3,0.005586175603733424,0.07474072252616658,0.10361023304781197,
5238,200,5,121.7,51.6,1.0,1e-08,120,0.45,0.55,True,155.3,3,44.66473438764909,6.683167990380691,45.26162550340052,
5240,200,5,121.7,51.6,1.0,1e-08,120,0.60,0.58,True,143.70000000000002,3,66.58357159830699,8.159875709734003,44.77311796103167,
5248,200,5,121.7,51.6,1.0,1e-07,50,0.45,0.55,True,101.4,3,0.010461461812455747,0.10228128769455216,1.6335637726090537,
5237,200,5,121.7,51.6,1.0,1e-08,120,0.35,0.45,True,163.8,3,32.99501782672581,5.744128987646936,46.82136636590685,
5252,200,5,121.7,51.6,1.0,1e-07,80,0.35,0.45,True,99.0,3,0.017459611032181927,0.13213482142184144,8.993223121962096,
5251,200,5,121.7,51.6,1.0,1e-07,80,center,center,True,112.0,3,0.012465320159644251,0.11164819819255593,1.251533035098417,
5253,200,5,121.7,51.6,1.0,1e-07,80,0.45,0.55,True,105.0,3,0.003931814167632556,0.06270417982585018,1.7816664312590036,
5254,200,5,121.7,51.6,1.0,1e-07,80,0.60,0.45,True,94.2,3,0.009594259424862443,0.09795029058079635,6.2977130837624795,
5258,200,5,121.7,51.6,1.0,1e-07,120,0.45,0.55,True,85.80000000000001,3,0.002704130585609357,0.05200125561569987,1.7987779922160387,
5255,200,5,121.7,51.6,1.0,1e-07,80,0.60,0.58,True,102.5,3,0.026263974122514307,0.16206163680067626,6.592269466195975,
5256,200,5,121.7,51.6,1.0,1e-07,120,center,center,True,111.60000000000001,3,0.012192651914162087,0.11042034194007047,1.9270028812784061,
5259,200,5,121.7,51.6,1.0,1e-07,120,0.60,0.45,True,93.80000000000001,3,0.011037437222021626,0.10505920817339919,5.235996436372938,
5257,200,5,121.7,51.6,1.0,1e-07,120,0.35,0.45,True,102.30000000000001,3,0.0022216196461056887,0.04713406036090768,0.11770992089370295,
5260,200,5,121.7,51.6,1.0,1e-07,120,0.60,0.58,True,102.9,3,0.026452384136892222,0.16264188924410655,7.128582351706228,
5220,200,5,66.5,133.0,5.0,1e-06,120,0.60,0.58,True,364.8,3,0.0035140242105092733,0.05927920554890453,32.49015848138425,
5217,200,5,66.5,133.0,5.0,1e-06,120,0.35,0.45,True,394.70000000000005,3,97.49939187361596,9.874178035341268,26.08298958290254,
5277,200,5,121.7,51.6,1.0,1e-06,120,0.35,0.45,True,89.7,3,nan,nan,6.767760157826971,
5276,200,5,121.7,51.6,1.0,1e-06,120,center,center,True,99.80000000000001,3,nan,nan,7.103261847425683,
5278,200,5,121.7,51.6,1.0,1e-06,120,0.45,0.55,True,93.80000000000001,3,nan,nan,7.039028342864268,
5279,200,5,121.7,51.6,1.0,1e-06,120,0.60,0.45,True,90.80000000000001,3,nan,nan,6.026231244169878,
5280,200,5,121.7,51.6,1.0,1e-06,120,0.60,0.58,True,93.9,3,nan,nan,6.542936172561065,
5262,200,5,121.7,51.6,1.0,1e-06,25,0.35,0.45,True,162.70000000000002,3,137.13062733946188,11.71027870460229,14.250570689646871,
5266,200,5,121.7,51.6,1.0,1e-06,50,center,center,True,163.4,3,173.29268112233896,13.164067803013587,11.079976078462312,
5274,200,5,121.7,51.6,1.0,1e-06,80,0.60,0.45,True,135.9,3,nan,nan,6.174258079353695,
5272,200,5,121.7,51.6,1.0,1e-06,80,0.35,0.45,True,147.6,3,nan,nan,7.051453003639109,
5275,200,5,121.7,51.6,1.0,1e-06,80,0.60,0.58,True,150.4,3,nan,nan,7.28341812738537,
5269,200,5,121.7,51.6,1.0,1e-06,50,0.60,0.45,True,161.3,3,143.72173324808534,11.988399945283996,13.541195668309097,
5273,200,5,121.7,51.6,1.0,1e-06,80,0.45,0.55,True,157.8,3,148.58206402527745,12.18942426963954,13.196313130834293,
5271,200,5,121.7,51.6,1.0,1e-06,80,center,center,True,162.0,3,108.75502379356459,10.428567676990191,12.12114830102523,
5264,200,5,121.7,51.6,1.0,1e-06,25,0.60,0.45,True,193.70000000000002,3,87.78952988186809,9.369606709028298,4.5828171207375705,
5265,200,5,121.7,51.6,1.0,1e-06,25,0.60,0.58,True,195.5,3,11.946155013206976,3.4563210228806835,8.578356820644554,
5270,200,5,121.7,51.6,1.0,1e-06,50,0.60,0.58,True,182.10000000000002,3,13.61142178526785,3.6893660411062292,12.838838633254372,
5284,200,5,121.7,51.6,3.0,1e-08,25,0.60,0.45,True,128.3,3,112.54221062421259,10.608591359092525,43.582346232740015,
5268,200,5,121.7,51.6,1.0,1e-06,50,0.45,0.55,True,193.8,3,14.596028480761728,3.820474902516928,11.126361832977253,
5281,200,5,121.7,51.6,3.0,1e-08,25,center,center,True,147.0,3,67.20095503428456,8.197618863687465,46.455989409020965,
5261,200,5,121.7,51.6,1.0,1e-06,25,center,center,True,216.8,3,90.05408427608799,9.489683044026707,12.971495297143395,
5267,200,5,121.7,51.6,1.0,1e-06,50,0.35,0.45,True,217.70000000000002,3,13.231814421102051,3.637556105560717,11.442810854286884,
5218,200,5,66.5,133.0,5.0,1e-06,120,0.45,0.55,True,491.0,3,0.0035875652876562842,0.059896287761899605,33.01121767965432,
5283,200,5,121.7,51.6,3.0,1e-08,25,0.45,0.55,True,160.20000000000002,3,61.53978911138644,7.844730021574129,44.28405548468394,
5282,200,5,121.7,51.6,3.0,1e-08,25,0.35,0.45,True,164.8,3,75.31225273035272,8.67826323237275,44.916428601149434,
5286,200,5,121.7,51.6,3.0,1e-08,50,center,center,True,155.10000000000002,3,25.63037342735604,5.062644904331731,44.65431903719978,
5287,200,5,121.7,51.6,3.0,1e-08,50,0.35,0.45,True,154.8,3,85.78855429309253,9.262211090937873,42.1848685019669,
5285,200,5,121.7,51.6,3.0,1e-08,25,0.60,0.58,True,171.5,3,276.2966164164342,16.622172433723403,35.82249164023041,
5288,200,5,121.7,51.6,3.0,1e-08,50,0.45,0.55,True,159.60000000000002,3,197.37950400303043,14.049181613283759,46.24810869042797,
5289,200,5,121.7,51.6,3.0,1e-08,50,0.60,0.45,True,145.1,3,31.286999127449945,5.593478267361905,45.190923169138905,
5301,200,5,121.7,51.6,3.0,1e-07,25,center,center,True,88.7,3,0.012003155097905472,0.10955891154034651,1.9673167401560563,
5302,200,5,121.7,51.6,3.0,1e-07,25,0.35,0.45,True,100.0,3,0.0021468650447278217,0.046334275053439886,0.16246805773463782,
5303,200,5,121.7,51.6,3.0,1e-07,25,0.45,0.55,True,92.10000000000001,3,0.004952414881481095,0.0703733961201326,1.6258804913979068,
5156,200,5,66.5,133.0,3.0,1e-06,120,center,center,False,900.0,2,0.0036504680446530434,0.060419103308912515,29.819103672726012,vittima non trovata entro 15 minuti
5305,200,5,121.7,51.6,3.0,1e-07,25,0.60,0.58,True,85.30000000000001,3,0.01015449920870158,0.10076953512198804,0.6636362485446403,
5309,200,5,121.7,51.6,3.0,1e-07,50,0.60,0.45,True,83.30000000000001,3,0.020131006192995918,0.1418837770606489,5.4241528023895915,
5292,200,5,121.7,51.6,3.0,1e-08,80,0.35,0.45,True,161.9,3,27.19209959860008,5.21460445274616,46.59026314197518,
5310,200,5,121.7,51.6,3.0,1e-07,50,0.60,0.58,True,84.10000000000001,3,0.00633011474860356,0.07956201825370922,0.9907297201445242,
5304,200,5,121.7,51.6,3.0,1e-07,25,0.60,0.45,True,101.2,3,0.00576368473872565,0.07591893531080142,20.492968542149676,
5293,200,5,121.7,51.6,3.0,1e-08,80,0.45,0.55,True,160.3,3,332.37587506301634,18.231178652599954,41.65542589612036,
5290,200,5,121.7,51.6,3.0,1e-08,50,0.60,0.58,True,178.4,3,107.6479729131003,10.375354110250903,44.194105581935624,
5294,200,5,121.7,51.6,3.0,1e-08,80,0.60,0.45,True,162.10000000000002,3,138.63297623763393,11.774250559489293,46.78800980503487,
5307,200,5,121.7,51.6,3.0,1e-07,50,0.35,0.45,True,101.10000000000001,3,0.0035786358272050624,0.0598217003035275,0.21490258103703902,
5295,200,5,121.7,51.6,3.0,1e-08,80,0.60,0.58,True,147.8,3,41.157403772027344,6.415403632822127,45.9409652980963,
5308,200,5,121.7,51.6,3.0,1e-07,50,0.45,0.55,True,102.30000000000001,3,0.005081472250290752,0.07128444606147089,1.374165540488743,
5291,200,5,121.7,51.6,3.0,1e-08,80,center,center,True,176.70000000000002,3,26.277260211860092,5.126135016936258,48.2503155037061,
5306,200,5,121.7,51.6,3.0,1e-07,50,center,center,True,107.30000000000001,3,0.022347695077271877,0.1494914548637208,10.40182114503732,
5296,200,5,121.7,51.6,3.0,1e-08,120,center,center,True,147.1,3,133.46225336847587,11.552586436312687,46.221787992941316,
5312,200,5,121.7,51.6,3.0,1e-07,80,0.35,0.45,True,98.7,3,0.008668238795121767,0.0931033769265206,8.96450899606262,
5314,200,5,121.7,51.6,3.0,1e-07,80,0.60,0.45,True,92.10000000000001,3,0.015061029036883717,0.12272338423007946,5.631902108797847,
5298,200,5,121.7,51.6,3.0,1e-08,120,0.45,0.55,True,155.4,3,44.66493730777054,6.683183171795498,45.261776607596644,
5313,200,5,121.7,51.6,3.0,1e-07,80,0.45,0.55,True,105.2,3,0.002034808633238813,0.04510885315809761,1.4199240698694853,
5300,200,5,121.7,51.6,3.0,1e-08,120,0.60,0.58,True,147.20000000000002,3,48.00068430779269,6.928252615760535,48.69415632669711,
5297,200,5,121.7,51.6,3.0,1e-08,120,0.35,0.45,True,163.8,3,32.995017837483594,5.744128988583351,46.8213663463721,
5311,200,5,121.7,51.6,3.0,1e-07,80,center,center,True,111.30000000000001,3,0.013157008888871537,0.11470400554850531,2.1366338718071107,
5318,200,5,121.7,51.6,3.0,1e-07,120,0.45,0.55,True,86.10000000000001,3,0.00275834624240596,0.05251996041892987,1.4552100079200683,
5315,200,5,121.7,51.6,3.0,1e-07,80,0.60,0.58,True,103.9,3,0.02584126678457719,0.16075219060584273,7.831631770258881,
5299,200,5,121.7,51.6,3.0,1e-08,120,0.60,0.45,True,162.9,3,120.8690182226224,10.994044670758,46.249222698861686,
5317,200,5,121.7,51.6,3.0,1e-07,120,0.35,0.45,True,103.5,3,0.0022321285653729658,0.04724540787603559,0.21174721230786284,
5316,200,5,121.7,51.6,3.0,1e-07,120,center,center,True,111.60000000000001,3,0.013139764415345643,0.11462881145395185,2.284968302862313,
5319,200,5,121.7,51.6,3.0,1e-07,120,0.60,0.45,True,94.10000000000001,3,0.011084804205743053,0.10528439678196885,5.147210817380932,
5320,200,5,121.7,51.6,3.0,1e-07,120,0.60,0.58,True,102.4,3,0.016612613755785308,0.12888992883769199,6.984158600432149,
5263,200,5,121.7,51.6,1.0,1e-06,25,0.45,0.55,True,400.40000000000003,3,35.31448216710871,5.942598940455994,3.1501848079961734,
5337,200,5,121.7,51.6,3.0,1e-06,120,0.35,0.45,True,89.9,3,nan,nan,6.744675544173641,
5336,200,5,121.7,51.6,3.0,1e-06,120,center,center,True,99.80000000000001,3,nan,nan,6.567764293482839,
5338,200,5,121.7,51.6,3.0,1e-06,120,0.45,0.55,True,93.9,3,nan,nan,7.298906074062662,
5339,200,5,121.7,51.6,3.0,1e-06,120,0.60,0.45,True,91.10000000000001,3,nan,nan,6.407082685378034,
5340,200,5,121.7,51.6,3.0,1e-06,120,0.60,0.58,True,93.80000000000001,3,nan,nan,6.854745819471134,
5334,200,5,121.7,51.6,3.0,1e-06,80,0.60,0.45,True,136.0,3,nan,nan,6.470789487846158,
5326,200,5,121.7,51.6,3.0,1e-06,50,center,center,True,150.3,3,136.988526797789,11.704209789549614,10.705138033794304,
5322,200,5,121.7,51.6,3.0,1e-06,25,0.35,0.45,True,157.9,3,139.31488028629192,11.803172467023089,14.81269835579062,
5332,200,5,121.7,51.6,3.0,1e-06,80,0.35,0.45,True,147.20000000000002,3,nan,nan,6.8128049888989635,
5327,200,5,121.7,51.6,3.0,1e-06,50,0.35,0.45,True,152.20000000000002,3,77.23191257823919,8.788168897912646,14.531415708377391,
5335,200,5,121.7,51.6,3.0,1e-06,80,0.60,0.58,True,150.6,3,nan,nan,7.25889307993542,
5331,200,5,121.7,51.6,3.0,1e-06,80,center,center,True,159.9,3,112.54865898112206,10.608895276187905,12.028427753674183,
5333,200,5,121.7,51.6,3.0,1e-06,80,0.45,0.55,True,156.60000000000002,3,184.89476067964597,13.597601284037047,13.567097543497978,
5329,200,5,121.7,51.6,3.0,1e-06,50,0.60,0.45,True,161.3,3,142.3804437266279,11.932327674290038,12.123406130180014,
5341,200,5,121.7,51.6,5.0,1e-08,25,center,center,True,147.0,3,136.69792380021175,11.69178873398813,44.88793792231027,
5330,200,5,121.7,51.6,3.0,1e-06,50,0.60,0.58,True,183.8,3,19.880293398278454,4.458732263578791,13.377292486916689,
5343,200,5,121.7,51.6,5.0,1e-08,25,0.45,0.55,True,163.4,3,257.61374151813806,16.050350199236714,33.715377827130744,
5328,200,5,121.7,51.6,3.0,1e-06,50,0.45,0.55,True,193.8,3,13.91952622492173,3.7308881281702524,11.173619458927154,
5342,200,5,121.7,51.6,5.0,1e-08,25,0.35,0.45,True,164.8,3,75.30755356987306,8.677992485009023,44.91495091881271,
5345,200,5,121.7,51.6,5.0,1e-08,25,0.60,0.58,True,161.4,3,171.56974396476267,13.09846341998796,45.18333354633499,
5344,200,5,121.7,51.6,5.0,1e-08,25,0.60,0.45,True,173.5,3,155.80914323505326,12.482353273123351,44.86306624097444,
5321,200,5,121.7,51.6,3.0,1e-06,25,center,center,True,225.10000000000002,3,43.436630234201516,6.590647178707226,11.312898845752374,
5347,200,5,121.7,51.6,5.0,1e-08,50,0.35,0.45,True,154.8,3,85.78855295153754,9.26221101851699,42.18486871687371,
5346,200,5,121.7,51.6,5.0,1e-08,50,center,center,True,168.60000000000002,3,379.8041523195389,19.488564655190462,41.22016736399977,
5348,200,5,121.7,51.6,5.0,1e-08,50,0.45,0.55,True,159.60000000000002,3,197.33928014967043,14.047750003102648,46.24150148407766,
5349,200,5,121.7,51.6,5.0,1e-08,50,0.60,0.45,True,156.10000000000002,3,9.474670241417142,3.078095229426332,47.230984135045304,
5351,200,5,121.7,51.6,5.0,1e-08,80,center,center,True,140.8,3,69.3488443572377,8.32759535263558,44.284924979088466,
5361,200,5,121.7,51.6,5.0,1e-07,25,center,center,True,90.80000000000001,3,0.018642575558928162,0.13653781732153245,1.7166594523134429,
5350,200,5,121.7,51.6,5.0,1e-08,50,0.60,0.58,True,164.0,3,71.46338034724397,8.453601619856709,44.68945372194541,
5324,200,5,121.7,51.6,3.0,1e-06,25,0.60,0.45,True,243.8,3,1.8782377518249458,1.3704881436280087,5.980914658752647,
5363,200,5,121.7,51.6,5.0,1e-07,25,0.45,0.55,True,92.0,3,0.0048460216539315554,0.06961337266597241,1.3428291023008565,
5365,200,5,121.7,51.6,5.0,1e-07,25,0.60,0.58,True,86.0,3,0.037574343435910075,0.19384102619391508,1.0658603001258748,
5362,200,5,121.7,51.6,5.0,1e-07,25,0.35,0.45,True,100.30000000000001,3,0.0021208296234583096,0.046052465986723336,0.17180665165801637,
5364,200,5,121.7,51.6,5.0,1e-07,25,0.60,0.45,True,95.5,3,0.010845135420634464,0.10413997993390657,5.331217268513154,
5353,200,5,121.7,51.6,5.0,1e-08,80,0.45,0.55,True,148.8,3,224.58579677722935,14.986186865818448,44.521982187176356,
5355,200,5,121.7,51.6,5.0,1e-08,80,0.60,0.58,True,151.4,3,76.73495096729887,8.759848798198453,46.763922429116185,
5356,200,5,121.7,51.6,5.0,1e-08,120,center,center,True,153.1,3,7.526427195528177,2.7434334683983455,40.00400069786547,
5352,200,5,121.7,51.6,5.0,1e-08,80,0.35,0.45,True,161.9,3,27.192098771957454,5.214604373483904,46.59026421348646,
5367,200,5,121.7,51.6,5.0,1e-07,50,0.35,0.45,True,100.30000000000001,3,0.002199970038608802,0.04690383820764354,0.12970469180004673,
5370,200,5,121.7,51.6,5.0,1e-07,50,0.60,0.58,True,84.60000000000001,3,0.031177326211263408,0.1765710231359138,1.253701388531165,
5369,200,5,121.7,51.6,5.0,1e-07,50,0.60,0.45,True,86.0,3,0.02781089248040869,0.16676598118443908,5.644994899792408,
5366,200,5,121.7,51.6,5.0,1e-07,50,center,center,True,107.9,3,0.022323370680135176,0.14941007556431787,10.642953717710016,
5354,200,5,121.7,51.6,5.0,1e-08,80,0.60,0.45,True,181.3,3,199.47731728900771,14.123643909735465,45.700393928450005,
5368,200,5,121.7,51.6,5.0,1e-07,50,0.45,0.55,True,101.4,3,0.002423998486581158,0.04923411913075279,1.1413616234839785,
5357,200,5,121.7,51.6,5.0,1e-08,120,0.35,0.45,True,163.9,3,32.811884709328744,5.728165911470158,46.8550805211699,
5358,200,5,121.7,51.6,5.0,1e-08,120,0.45,0.55,True,155.4,3,44.664854819014934,6.683177000425392,45.26192478044559,
5374,200,5,121.7,51.6,5.0,1e-07,80,0.60,0.45,True,92.2,3,0.010584857581682861,0.10288273704408753,5.925276066442683,
5372,200,5,121.7,51.6,5.0,1e-07,80,0.35,0.45,True,98.9,3,0.028281675121028037,0.16817156454355783,8.89768270777433,
5360,200,5,121.7,51.6,5.0,1e-08,120,0.60,0.58,True,157.10000000000002,3,158.89557709423963,12.605378895306544,45.59498835800583,
5373,200,5,121.7,51.6,5.0,1e-07,80,0.45,0.55,True,105.10000000000001,3,0.0020397741799135123,0.04516385922298395,1.0584767690352317,
5371,200,5,121.7,51.6,5.0,1e-07,80,center,center,True,110.9,3,0.013026765360363337,0.11413485602725987,1.522411867975124,
5378,200,5,121.7,51.6,5.0,1e-07,120,0.45,0.55,True,86.30000000000001,3,0.004589196300257272,0.06774360708035314,1.1086507976919877,
5375,200,5,121.7,51.6,5.0,1e-07,80,0.60,0.58,True,104.9,3,0.02632405873133616,0.16224690669265826,7.255488431311566,
5377,200,5,121.7,51.6,5.0,1e-07,120,0.35,0.45,True,103.7,3,0.0024365212813903326,0.04936113128150866,0.24356218005585545,
5376,200,5,121.7,51.6,5.0,1e-07,120,center,center,True,111.5,3,0.007248309198013334,0.0851370025195469,1.5299909301675434,
5359,200,5,121.7,51.6,5.0,1e-08,120,0.60,0.45,True,180.0,3,75.73856962518856,8.702790910115477,47.64856259557248,
5379,200,5,121.7,51.6,5.0,1e-07,120,0.60,0.45,True,93.10000000000001,3,0.011173560039836758,0.1057050615620499,5.251899537597529,
5380,200,5,121.7,51.6,5.0,1e-07,120,0.60,0.58,True,102.80000000000001,3,0.017112122345646883,0.13081331104152544,7.386163324144858,
5211,200,5,66.5,133.0,5.0,1e-06,80,center,center,False,900.0,2,0.0034182462085246747,0.05846576954530467,28.83517090770585,vittima non trovata entro 15 minuti
5397,200,5,121.7,51.6,5.0,1e-06,120,0.35,0.45,True,89.9,3,nan,nan,6.328207002488693,
5399,200,5,121.7,51.6,5.0,1e-06,120,0.60,0.45,True,92.0,3,nan,nan,6.303421733679811,
5400,200,5,121.7,51.6,5.0,1e-06,120,0.60,0.58,True,98.7,3,nan,nan,7.414020914565044,
5396,200,5,121.7,51.6,5.0,1e-06,120,center,center,True,99.9,3,nan,nan,6.311943855028682,
5392,200,5,121.7,51.6,5.0,1e-06,80,0.35,0.45,True,148.5,3,nan,nan,7.0849125987850154,
5395,200,5,121.7,51.6,5.0,1e-06,80,0.60,0.58,True,133.6,3,nan,nan,7.07830851455833,
5398,200,5,121.7,51.6,5.0,1e-06,120,0.45,0.55,True,94.10000000000001,3,nan,nan,7.48256621530889,
5382,200,5,121.7,51.6,5.0,1e-06,25,0.35,0.45,True,157.5,3,117.80857346975043,10.853965794572527,14.724302956378118,
5387,200,5,121.7,51.6,5.0,1e-06,50,0.35,0.45,True,154.9,3,69.44122899934113,8.33314040439384,14.504857968003202,
5386,200,5,121.7,51.6,5.0,1e-06,50,center,center,True,185.0,3,34.763286909867205,5.89603993455499,10.497223040718804,
5394,200,5,121.7,51.6,5.0,1e-06,80,0.60,0.45,True,136.0,3,nan,nan,6.388425420624769,
5391,200,5,121.7,51.6,5.0,1e-06,80,center,center,True,157.0,3,175.41606859823878,13.244473134037412,13.426142497740036,
5381,200,5,121.7,51.6,5.0,1e-06,25,center,center,True,170.70000000000002,3,106.04368618574034,10.297751511166908,13.735337154744638,
5393,200,5,121.7,51.6,5.0,1e-06,80,0.45,0.55,True,156.70000000000002,3,190.22770647559597,13.792306060829565,14.11586001926013,
5390,200,5,121.7,51.6,5.0,1e-06,50,0.60,0.58,True,182.10000000000002,3,13.456725782687482,3.6683410123225295,12.635749487100911,
5389,200,5,121.7,51.6,5.0,1e-06,50,0.60,0.45,True,160.70000000000002,3,137.7364037166583,11.73611535886804,11.901347258897198,
5385,200,5,121.7,51.6,5.0,1e-06,25,0.60,0.58,True,196.9,3,8.408124836368374,2.89967667790193,9.13575841509259,
5388,200,5,121.7,51.6,5.0,1e-06,50,0.45,0.55,True,195.9,3,4.601355143260596,2.1450769550905617,10.973199638899017,
5325,200,5,121.7,51.6,3.0,1e-06,25,0.60,0.58,False,900.0,2,11.044423265383294,3.3233151017294906,3.4952445132610848,vittima non trovata entro 15 minuti
5323,200,5,121.7,51.6,3.0,1e-06,25,0.45,0.55,False,900.0,2,26.36888505599769,5.135064269899423,4.044006912750763,vittima non trovata entro 15 minuti
5384,200,5,121.7,51.6,5.0,1e-06,25,0.60,0.45,False,900.0,2,63.11815782999006,7.944693690129913,3.866506392168551,vittima non trovata entro 15 minuti
5383,200,5,121.7,51.6,5.0,1e-06,25,0.45,0.55,False,900.0,2,nan,nan,9.167408413053497,vittima non trovata entro 15 minuti
