run_id,area_size_m,n_drones,victim_x_m,victim_y_m,victim_dist_m,victim_depth_m,artva_noise_std,comm_radius_m,workspace_frac_r,workspace_frac_c,found,time_found_s,n_drones_stopped,pos_variance_m2,pos_std_m,est_error_2d_m,note
31,100,3,13.2,21.5,18.4,1.48,1e-06,80,center,center,True,30.1,3,0.0030041622661504622,0.054810238698170824,1.872397651930319,
30,100,3,25.4,17.7,24.0,2.55,1e-06,50,0.60,0.58,True,41.1,3,0.0032064421375421017,0.05662545485505703,1.1124214547293774,
18,100,3,25.9,20.1,25.8,1.68,1e-07,120,0.45,0.55,True,41.900000000000006,3,0.0041694841437663836,0.06457154283247678,0.23413815367115767,
28,100,3,23.4,30.4,31.3,3.82,1e-06,50,0.45,0.55,True,56.2,3,0.003737472177880509,0.06113486875654931,1.9519069511283689,
26,100,3,31.1,64.1,64.6,1.09,1e-06,50,center,center,False,64.60000000000001,3,0.024990175504535993,0.15808281217303793,12.81651947246767,vittima non trovata entro 15 minuti
21,100,3,33.5,39.4,44.7,3.14,1e-06,25,center,center,True,56.7,3,0.0077555225465837565,0.08806544467941871,2.243473296381224,
29,100,3,44.4,60.8,68.3,2.33,1e-06,50,0.60,0.45,True,68.0,3,0.003529098359416564,0.05940621482148618,0.11014134999759602,
16,100,3,25.4,35.3,36.5,2.3,1e-07,120,center,center,True,55.1,3,0.003314148336210381,0.05756864021505442,2.4918764067729944,
32,100,3,47.4,68.8,76.6,2.49,1e-06,80,0.35,0.40,False,70.5,3,0.016029312326848816,0.1266069205329978,16.7637231796601,vittima non trovata entro 15 minuti
27,100,3,12.1,67.5,62.9,1.34,1e-06,50,0.35,0.40,True,76.5,3,0.006679470289215507,0.08172802633867716,0.45237265902659507,
5,100,3,31.4,31.2,37.2,1.64,1e-07,25,0.60,0.58,True,66.7,3,0.0037018781289249597,0.06084306146903655,0.42671818679496765,
4,100,3,38.5,17.5,35.7,2.96,1e-07,25,0.60,0.45,True,67.7,3,0.007288747506409052,0.08537416181965743,2.07807759182031,
23,100,3,40.0,31.2,43.8,2.64,1e-06,25,0.45,0.55,True,81.7,3,0.0010646186121567435,0.032628493868959746,0.45522387727437746,
25,100,3,49.0,53.0,65.1,2.43,1e-06,25,0.60,0.58,True,82.4,3,0.004352467062074071,0.06597322988966109,0.46866826572839254,
12,100,3,25.2,50.0,49.4,1.38,1e-07,80,0.35,0.40,True,77.80000000000001,3,0.0036238940006132307,0.06019878736829531,0.30707315947909913,
22,100,3,18.5,67.5,63.9,1.73,1e-06,25,0.35,0.40,True,83.80000000000001,3,0.012479602806573759,0.11171214261025414,0.1951395399744589,
19,100,3,26.4,60.3,59.3,2.45,1e-07,120,0.60,0.45,True,94.80000000000001,3,0.004816468540158878,0.06940078198521164,0.20330562669224111,
9,100,3,9.1,71.9,67.0,3.42,1e-07,50,0.60,0.45,True,98.2,3,0.005158316781356297,0.07182142285806023,0.31908600973938406,
7,100,3,11.4,70.6,65.9,4.3,1e-07,50,0.35,0.40,True,98.4,3,0.012827095299410597,0.11325676712413522,0.3934500362306143,
15,100,3,20.9,75.4,72.2,3.69,1e-07,80,0.60,0.58,True,99.0,3,0.004037583143080137,0.06354197937647313,0.08870482403803608,
20,100,3,73.6,39.1,76.6,4.8,1e-07,120,0.60,0.58,False,99.60000000000001,3,0.0029771220284987732,0.05456300970894818,28.38187734100939,vittima non trovata entro 15 minuti
11,100,3,27.1,63.8,62.9,3.51,1e-07,80,center,center,True,101.0,3,0.0036639873108736563,0.06053087898646158,3.520723624115395,
3,100,3,61.7,43.2,68.4,1.33,1e-07,25,0.45,0.55,True,100.60000000000001,3,0.003675779231228816,0.06062820491511205,0.2876042752632617,
17,100,3,47.1,59.2,68.6,2.35,1e-07,120,0.35,0.40,True,104.80000000000001,3,0.003256732762031731,0.0570677909335181,0.10032828780977883,
36,100,3,40.5,44.4,53.0,4.32,1e-06,120,center,center,True,68.5,3,0.0031755900675818492,0.05635237410776807,3.117102420861183,
33,100,3,43.1,67.8,73.4,3.64,1e-06,80,0.45,0.55,True,85.30000000000001,3,0.0038510186056863807,0.06205657584564573,0.3230255590310665,
8,100,3,64.7,66.7,85.8,4.93,1e-07,50,0.45,0.55,True,120.30000000000001,3,0.0036054689717396585,0.060045557468805785,0.3306090986975801,
38,100,3,42.3,33.9,47.2,1.84,1e-06,120,0.45,0.55,True,65.4,3,0.004719985397531132,0.06870214987561256,0.3107570566270816,
42,100,3,37.9,38.2,46.7,3.33,1e-05,25,0.35,0.40,True,54.400000000000006,3,0.0047562075340283,0.06896526324192709,0.042128486176886144,
40,100,3,33.0,54.9,57.2,2.19,1e-06,120,0.60,0.58,True,63.1,3,0.006889407535761523,0.08300245499840064,0.1292893649207529,
39,100,3,47.1,68.8,76.4,4.5,1e-06,120,0.60,0.45,True,68.60000000000001,3,0.005696403684688895,0.07547452341478478,0.031980381782820984,
51,100,3,13.0,12.4,10.9,2.39,1e-05,80,center,center,True,27.900000000000002,3,0.0028752237920977104,0.05362111330528032,3.2454816181093253,
44,100,3,59.5,27.2,58.8,3.13,1e-05,25,0.60,0.45,True,56.0,3,0.01719024143177593,0.1311115610149461,2.4064493094358737,
47,100,3,47.4,44.6,58.1,1.05,1e-05,50,0.35,0.40,True,52.6,3,0.005893902000163568,0.07677175261880875,0.02376449823989544,
41,100,3,57.0,75.5,87.6,1.13,1e-05,25,center,center,True,67.2,3,0.013008320996219066,0.11405402665499831,0.722280846450774,
46,100,3,32.4,54.1,56.2,2.75,1e-05,50,center,center,True,52.1,3,0.004343057777219623,0.0659018799217414,2.592722681826697,
45,100,3,41.1,31.6,44.9,3.69,1e-05,25,0.60,0.58,True,56.7,3,0.002856522198818488,0.05344644234014541,4.499326216230387,
37,100,3,54.5,73.5,84.5,4.32,1e-06,120,0.35,0.40,True,88.10000000000001,3,0.021784352994693938,0.14759523364490446,2.9185090987354934,
49,100,3,35.9,59.9,63.0,1.49,1e-05,50,0.60,0.45,True,59.7,3,0.004733311732655384,0.06879906781821526,0.13046454057003937,
50,100,3,33.7,64.3,65.9,1.47,1e-05,50,0.60,0.58,True,59.900000000000006,3,0.006015974797267402,0.07756271525202944,0.0115919510163806,
52,100,3,41.0,47.9,56.0,1.09,1e-05,80,0.35,0.40,True,56.5,3,0.0058657074772388105,0.07658790686027926,0.03223827968570142,
57,100,3,28.3,35.5,38.4,3.23,1e-05,120,0.35,0.40,True,46.400000000000006,3,0.003504294817419486,0.059197084534793484,0.24404636534943236,
48,100,3,78.5,46.2,84.3,2.25,1e-05,50,0.45,0.55,True,74.0,3,0.0035173847168488257,0.05930754350711911,0.05105193018604597,
53,100,3,11.8,77.9,73.2,4.34,1e-05,80,0.45,0.55,True,63.300000000000004,3,0.0023409755145210663,0.048383628579521255,2.159374206904132,
43,100,3,21.8,21.5,23.6,1.13,1e-05,25,0.45,0.55,True,93.80000000000001,3,0.002897944646453841,0.05383256121023633,0.6900687906608625,
59,100,3,36.4,22.7,36.1,2.14,1e-05,120,0.60,0.45,True,57.900000000000006,3,0.0037823385422233865,0.06150071985126179,2.7025416842045016,
54,100,3,71.4,60.7,86.7,2.21,1e-05,80,0.60,0.45,True,77.4,3,0.011930650713584292,0.10922751811509905,0.13226270033232274,
55,100,3,25.1,37.6,38.3,3.9,1e-05,80,0.60,0.58,True,79.10000000000001,3,0.002029298505103418,0.04504773584880175,2.370772611091477,
68,100,3,20.0,28.4,27.8,4.93,1e-07,50,0.45,0.55,True,40.5,3,0.01739505890175137,0.1318903290683262,1.1823302802440863,
70,100,3,22.7,32.5,32.7,4.99,1e-07,50,0.60,0.58,True,53.300000000000004,3,0.0035256539957951565,0.05937721781790686,0.47983891114927174,
75,100,3,25.1,27.3,30.0,4.24,1e-07,80,0.60,0.58,True,42.1,3,0.013025387460853917,0.11412881958933035,0.5082781300856702,
56,100,3,53.8,60.8,74.1,2.25,1e-05,120,center,center,True,102.5,3,0.006240071402839412,0.07899412258414806,0.15170331567797224,
78,100,3,17.5,27.3,25.6,3.44,1e-07,120,0.45,0.55,True,28.900000000000002,3,0.0082732209901812,0.09095724814538532,0.5020378819032816,
61,100,3,32.0,40.7,44.8,2.33,1e-07,25,center,center,True,80.7,3,0.0038976510821082605,0.06243117075714871,2.7787477645606042,
58,100,3,53.2,44.9,62.5,4.88,1e-05,120,0.45,0.55,True,100.2,3,0.0039571940275536155,0.06290623202476536,0.09943509093298737,
62,100,3,41.5,29.8,44.1,1.84,1e-07,25,0.35,0.40,True,81.5,3,0.008413051043066307,0.09172268554216186,0.7314308747988038,
69,100,3,42.9,25.0,42.9,4.36,1e-07,50,0.60,0.45,True,70.0,3,0.007447587872083562,0.08629940829509529,0.60062783251159,
63,100,3,53.4,41.0,60.4,3.03,1e-07,25,0.45,0.55,True,94.0,3,0.003685432346178138,0.06070776182810678,0.22013456447771654,
77,100,3,43.5,9.4,38.8,1.56,1e-07,120,0.35,0.40,True,54.0,3,0.001526370539526583,0.03906879239913339,0.17791276898816427,
67,100,3,59.5,16.5,55.7,3.35,1e-07,50,0.35,0.40,True,91.9,3,0.001099385359260078,0.033156980551010344,0.9516844868802009,
64,100,3,63.9,60.3,80.8,1.16,1e-07,25,0.60,0.45,True,105.30000000000001,3,0.0015027969679977924,0.038765925346853164,0.49154269656770144,
72,100,3,39.1,73.8,76.7,2.92,1e-07,80,0.35,0.40,True,90.4,3,0.008446234542353603,0.09190339788252447,0.40202887600338466,
73,100,3,11.6,59.8,55.2,3.74,1e-07,80,0.45,0.55,True,101.10000000000001,3,0.0028636501359115053,0.0535130837824873,0.8911541216470238,
76,100,3,45.9,48.3,59.6,1.91,1e-07,120,center,center,True,93.5,3,0.003996089065267918,0.06321462698828427,0.656470518369109,
79,100,3,46.0,32.8,49.6,3.0,1e-07,120,0.60,0.45,True,80.4,3,0.0031481958019823095,0.05610878542601247,1.1978258262193635,
91,100,3,30.6,11.8,26.5,4.92,1e-06,80,center,center,True,39.800000000000004,3,0.0015629412031552491,0.03953405118572152,1.9190784579981315,
82,100,3,39.7,63.0,67.6,2.73,1e-06,25,0.35,0.40,True,72.9,3,0.005340114635160067,0.0730760879847852,0.06349962129291307,
80,100,3,21.1,59.2,56.5,1.41,1e-07,120,0.60,0.58,True,95.2,3,0.002820003608747519,0.053103706167719776,0.19947817020295058,
84,100,3,9.5,57.6,52.8,1.81,1e-06,25,0.60,0.45,True,73.4,3,0.00382775280829756,0.06186883551754922,1.1142942920043744,
89,100,3,13.2,31.8,28.0,3.77,1e-06,50,0.60,0.45,True,70.3,3,0.002304137914835487,0.04800143659137179,2.006959517426439,
83,100,3,39.8,33.3,44.9,4.78,1e-06,25,0.45,0.55,True,81.10000000000001,3,0.004863788476784396,0.06974086661910932,0.30963334435548834,
85,100,3,45.4,43.2,55.6,3.07,1e-06,25,0.60,0.58,True,83.80000000000001,3,0.005552194155163689,0.07451304687880968,0.30548884759040545,
86,100,3,44.0,54.2,62.8,2.94,1e-06,50,center,center,True,85.2,3,0.0014418626481191709,0.03797186653456965,2.7127494002154378,
92,100,3,38.8,45.0,52.3,4.14,1e-06,80,0.35,0.40,True,66.7,3,0.004254579050652725,0.06522713431274384,0.09318121619332292,
90,100,3,47.5,68.4,76.3,2.4,1e-06,50,0.60,0.58,True,84.7,3,0.0038377712605017914,0.06194974786471525,0.03358984029677112,
93,100,3,25.9,80.5,78.3,2.59,1e-06,80,0.45,0.55,True,75.2,3,0.024573575428888376,0.15675961032385982,2.354634709567705,
96,100,3,48.6,53.8,65.5,4.0,1e-06,120,center,center,True,66.8,3,0.0015654158873955732,0.03956533694277825,0.06901366771590182,
94,100,3,65.9,43.0,71.7,3.5,1e-06,80,0.60,0.45,True,85.2,3,0.004410248158043039,0.06640969927686045,0.2543775761958003,
97,100,3,67.0,44.9,73.8,3.27,1e-06,120,0.35,0.40,True,80.4,3,0.002516667988600723,0.05016640298646818,1.4519355584314246,
99,100,3,18.5,45.6,42.8,1.37,1e-06,120,0.60,0.45,True,73.5,3,0.0015195457026278103,0.03898135070296834,1.3160604697867084,
98,100,3,10.8,39.7,35.2,2.39,1e-06,120,0.45,0.55,True,74.60000000000001,3,0.004306845489012991,0.06562656085010848,0.7486176350395854,
101,100,3,57.5,32.3,59.2,2.56,1e-05,25,center,center,True,65.60000000000001,3,0.00039833980444304234,0.019958451955075132,0.655671850594051,
105,100,3,44.0,69.2,75.1,3.74,1e-05,25,0.60,0.58,True,58.400000000000006,3,0.0029888280531078365,0.054670175169902614,0.13875938905349788,
103,100,3,46.5,51.8,62.6,1.63,1e-05,25,0.45,0.55,True,69.4,3,0.0033303662850270406,0.05770932580638107,0.677241316915092,
100,100,3,71.7,72.4,94.8,4.14,1e-06,120,0.60,0.58,True,88.30000000000001,3,0.004811955724519393,0.06936826165127243,0.3250946065355217,
108,100,3,41.0,70.5,74.7,2.91,1e-05,50,0.45,0.55,True,58.1,3,0.01903392575754042,0.13796349429302093,1.78021346160147,
107,100,3,65.0,35.9,67.5,4.58,1e-05,50,0.35,0.40,True,64.2,3,0.0020971058113514155,0.045794167874866065,4.74608289622242,
102,100,3,23.2,23.4,25.9,2.63,1e-05,25,0.35,0.40,True,90.30000000000001,3,0.0029412894652218018,0.05423365620370622,0.42208124691042936,
109,100,3,61.0,19.5,57.8,4.54,1e-05,50,0.60,0.45,True,61.5,3,0.0018574287138387415,0.04309789686096923,4.553641391590827,
106,100,3,66.2,68.9,88.4,3.93,1e-05,50,center,center,True,91.80000000000001,3,0.0021005111454229395,0.045831333664022256,0.18238695453063195,
110,100,3,57.0,25.5,55.9,1.59,1e-05,50,0.60,0.58,True,64.4,3,0.0009723955982057793,0.03118325830002021,0.76340929106032,
113,100,3,15.8,80.8,76.5,3.86,1e-05,80,0.45,0.55,True,63.0,3,0.0018399105114545902,0.04289417806013527,2.09999888459882,
115,100,3,59.9,20.9,57.2,2.27,1e-05,80,0.60,0.58,True,69.10000000000001,3,0.009754171744502431,0.09876321048093988,2.255755688153935,
114,100,3,31.9,79.5,79.2,1.05,1e-05,80,0.60,0.45,True,70.10000000000001,3,0.0015667623642070716,0.03958234914967872,0.17017014168305242,
118,100,3,13.7,75.9,71.4,3.45,1e-05,120,0.45,0.55,True,61.7,3,0.008182443807983393,0.09045686158597033,1.638978492542122,
120,100,3,40.6,12.3,36.4,2.35,1e-05,120,0.60,0.58,True,54.0,3,0.001242226853030243,0.03524523872851825,2.351121007567639,
121,100,3,37.3,9.8,32.6,3.06,1e-07,25,center,center,True,39.900000000000006,3,0.0013664181637127039,0.03696509385505066,0.2869489388371143,
111,100,3,24.3,45.4,44.8,2.47,1e-05,80,center,center,True,94.10000000000001,3,0.0039160624470058365,0.06257845034039942,3.439798831345508,
112,100,3,25.7,35.5,36.9,4.02,1e-05,80,0.35,0.40,True,102.5,3,0.0023847859581158483,0.04883427032439257,0.09003618282479273,
119,100,3,78.0,40.0,80.9,3.57,1e-05,120,0.60,0.45,True,84.9,3,0.004399311602437382,0.06632730661226477,0.2715075408710883,
122,100,3,15.4,39.3,35.8,3.33,1e-07,25,0.35,0.40,True,52.7,3,0.0041518691065000266,0.06443499908046889,0.27643479203919746,
117,100,3,74.1,69.2,94.3,4.42,1e-05,120,0.35,0.40,True,100.7,3,0.0034842296540995763,0.05902736360451461,2.3468242818875527,
124,100,3,15.2,40.2,36.6,1.66,1e-07,25,0.60,0.45,True,52.5,3,0.01286192141694395,0.11341041141334401,1.6670705046353878,
116,100,3,80.9,41.0,84.0,1.08,1e-05,120,center,center,True,120.2,3,0.0027365541383400907,0.052312084056555144,0.1871316331416047,
127,100,3,25.2,23.6,27.5,1.9,1e-07,50,0.35,0.40,True,42.2,3,0.0040523554562000835,0.06365811382848288,0.28062052266108095,
123,100,3,58.7,44.8,66.9,3.14,1e-07,25,0.45,0.55,True,94.4,3,0.0035242733409362546,0.05936559054651318,0.1826252502262915,
126,100,3,33.0,49.3,52.4,1.84,1e-07,50,center,center,True,85.60000000000001,3,0.01350242457090875,0.1161999336097433,0.9581456090465137,
125,100,3,72.0,76.3,97.9,1.8,1e-07,25,0.60,0.58,True,98.9,3,0.03515286185928641,0.18749096474040133,0.8749055439601602,
130,100,3,13.1,55.0,50.7,1.76,1e-07,50,0.60,0.58,True,91.4,3,0.004071508736204505,0.06380837512587595,0.21650068057281585,
128,100,3,61.2,35.0,63.7,4.6,1e-07,50,0.45,0.55,True,96.80000000000001,3,0.003768399192603534,0.06138728852623753,0.17261151029802962,
131,100,3,31.4,53.0,54.7,2.07,1e-07,80,center,center,True,95.0,3,0.0037314671126414596,0.06108573575427785,2.593751693595517,
133,100,3,47.1,25.9,47.0,3.81,1e-07,80,0.45,0.55,True,82.0,3,0.003998303371872457,0.0632321387576955,0.16354976269480037,
134,100,3,27.9,73.2,71.9,3.91,1e-07,80,0.60,0.45,True,99.0,3,0.0034024027098370985,0.058330118376676544,0.20343845285046475,
135,100,3,52.5,64.9,76.5,2.52,1e-07,80,0.60,0.58,True,96.60000000000001,3,0.003864579803575537,0.062165744615306724,0.20932643163465514,
137,100,3,34.4,76.6,77.4,3.25,1e-07,120,0.35,0.40,True,92.30000000000001,3,0.009611265346456805,0.09803706108639122,0.4033478225584939,
136,100,3,75.6,48.9,83.1,4.16,1e-07,120,center,center,True,119.7,3,0.003106079011989491,0.055732208030810075,0.15119514018322158,
138,100,3,48.5,55.8,66.8,4.68,1e-07,120,0.45,0.55,True,92.2,3,0.01414431350135912,0.11892986799521439,0.2624461805099765,
142,100,3,68.5,35.8,70.6,2.71,1e-06,25,0.35,0.40,True,76.10000000000001,3,0.00536308865046262,0.07323311170817896,3.8173586003315485,
139,100,3,20.1,81.0,77.5,2.69,1e-07,120,0.60,0.45,True,103.5,3,0.0024178741987928984,0.0491718842306546,0.5293139061006835,
140,100,3,28.6,71.0,70.1,4.28,1e-07,120,0.60,0.58,True,96.0,3,0.004462615629991411,0.06680281154256466,0.2926329010994389,
143,100,3,41.2,62.2,67.7,2.21,1e-06,25,0.45,0.55,True,85.30000000000001,3,0.0005883684025091314,0.02425630644820294,1.299652673238902,
144,100,3,64.5,72.3,89.9,4.41,1e-06,25,0.60,0.45,True,83.9,3,0.024002968109254823,0.15492891308356496,1.256353627500658,
141,100,3,43.9,69.7,75.5,4.97,1e-06,25,center,center,True,102.0,3,0.0016524446462142268,0.04065027240024631,3.9273944799614653,
147,100,3,54.1,59.7,73.5,1.21,1e-06,50,0.35,0.40,True,70.0,3,0.0037011852616904155,0.0608373673139331,0.03874147150136579,
146,100,3,15.7,28.3,25.6,4.23,1e-06,50,center,center,True,72.3,3,0.004300587417971734,0.06557886411010588,3.4994275574358986,
145,100,3,61.4,36.4,64.5,2.44,1e-06,25,0.60,0.58,True,86.2,3,0.007097729638604923,0.08424802453829361,0.06711433647514332,
149,100,3,11.9,76.6,71.9,1.61,1e-06,50,0.60,0.45,True,77.60000000000001,3,0.004138737257583096,0.06433301840876966,0.03546643632768453,
151,100,3,25.2,57.7,56.5,3.69,1e-06,80,center,center,True,65.2,3,0.009504577222455589,0.0974914212762107,2.22701610174264,
154,100,3,31.8,39.0,43.3,4.22,1e-06,80,0.60,0.45,True,53.400000000000006,3,0.0033931916851607843,0.05825110887494576,1.6330710132739101,
155,100,3,35.2,17.9,32.8,3.49,1e-06,80,0.60,0.58,True,51.2,3,0.007202365526693654,0.08486675159739328,0.9656561789516381,
157,100,3,27.2,21.2,27.5,4.26,1e-06,120,0.35,0.40,True,50.5,3,0.0018643144931506297,0.043177708289702334,0.5945697010761358,
152,100,3,55.5,73.2,84.8,2.69,1e-06,80,0.35,0.40,True,90.9,3,0.004627011677843188,0.06802214108540827,5.908050589811901,
156,100,3,57.9,11.0,53.2,4.95,1e-06,120,center,center,False,67.5,3,0.005246047663728958,0.0724296048845288,12.709059992025113,vittima non trovata entro 15 minuti
153,100,3,67.2,74.5,93.3,2.24,1e-06,80,0.45,0.55,True,89.5,3,0.007715153320532528,0.08783594549233548,0.4698106896803876,
158,100,3,41.6,16.6,38.4,1.35,1e-06,120,0.45,0.55,True,61.6,3,0.005070445878123163,0.07120706340050237,0.29282901323858007,
165,100,3,11.8,10.2,8.6,3.9,1e-05,25,0.60,0.58,True,23.0,3,0.0014226574389251238,0.037718131434697606,1.9593410993721654,
159,100,3,62.4,20.8,59.5,2.48,1e-06,120,0.60,0.45,True,70.8,3,0.012535747237108895,0.11196315124677804,1.6821563169276277,
162,100,3,41.5,30.0,44.3,4.1,1e-05,25,0.35,0.40,True,56.5,3,0.014414424098740893,0.12006008536870566,4.361079179921026,
160,100,3,38.7,74.8,77.6,4.98,1e-06,120,0.60,0.58,True,75.4,3,0.0013479610166125576,0.03671458860742631,0.18868547512469627,
60,100,3,21.1,11.1,17.2,4.38,1e-05,120,0.60,0.58,True,577.0,3,0.001358906876910933,0.03686335411911039,2.5150911406361516,
161,100,3,20.1,24.3,24.5,4.43,1e-05,25,center,center,True,94.80000000000001,3,0.017022787504545174,0.1304714049305256,4.668730643913785,
167,100,3,78.3,26.2,76.3,1.68,1e-05,50,0.35,0.40,True,67.60000000000001,3,0.0024719305986818122,0.04971851364111574,1.5382410981790997,
166,100,3,74.7,33.9,75.4,1.44,1e-05,50,center,center,True,74.2,3,0.0050237438063427745,0.07087837333307512,0.1010424109489009,
163,100,3,79.2,75.7,102.5,3.43,1e-05,25,0.45,0.55,True,89.5,3,0.0036686303642356056,0.060569219610587734,0.09737481940826336,
168,100,3,74.0,41.3,78.0,1.97,1e-05,50,0.45,0.55,True,65.8,3,0.006063457159563204,0.07786820377768582,0.09193476050320434,
169,100,3,13.2,55.1,50.8,2.52,1e-05,50,0.60,0.45,True,53.400000000000006,3,0.0017413772960043028,0.04172981303581772,0.2560811600704341,
170,100,3,42.1,38.4,49.9,4.71,1e-05,50,0.60,0.58,True,54.6,3,0.0006881300662867997,0.026232233345386356,3.7023686457408473,
171,100,3,57.8,43.9,65.6,2.87,1e-05,80,center,center,True,65.2,3,0.0048186235548278115,0.06941630611627078,0.07894493367550727,
173,100,3,61.5,28.1,61.1,2.41,1e-05,80,0.45,0.55,True,55.400000000000006,3,0.004690172238859659,0.06848483218099946,0.43887288909992916,
174,100,3,48.2,40.1,55.7,2.46,1e-05,80,0.60,0.45,True,61.800000000000004,3,0.002224044028985375,0.047159771299120766,0.0616869947718223,
179,100,3,14.9,26.5,23.7,1.61,1e-05,120,0.60,0.45,True,43.2,3,0.001742048666751552,0.04173785651841206,1.1858294798351834,
175,100,3,57.5,62.3,77.7,2.33,1e-05,80,0.60,0.58,True,62.1,3,0.0033982644428288216,0.05829463476880888,0.16798219795433617,
172,100,3,61.7,72.4,88.1,2.21,1e-05,80,0.35,0.40,True,89.80000000000001,3,0.0055686497087481125,0.0746233858032997,0.038581797660404246,
176,100,3,57.1,63.6,78.4,2.52,1e-05,120,center,center,True,64.4,3,0.0036239952738035316,0.060199628518816724,0.044014085615081924,
177,100,3,64.4,47.6,73.1,4.58,1e-05,120,0.35,0.40,True,77.4,3,0.00793044028469665,0.08905301951476238,2.789613641167867,
178,100,3,68.8,72.4,92.8,2.23,1e-05,120,0.45,0.55,True,80.9,3,0.0034174931730218596,0.05845932922144984,0.2415080321588786,
180,100,3,73.4,19.4,69.9,4.11,1e-05,120,0.60,0.58,True,66.4,3,0.0034140483621666255,0.05842985848148723,0.18340517012541727,
188,100,3,29.7,9.4,25.1,1.17,1e-07,50,0.45,0.55,True,25.0,3,0.0014078443457185967,0.037521251920992676,0.1311867202928996,
181,100,3,36.8,37.2,45.2,4.21,1e-07,25,center,center,True,81.30000000000001,3,0.003820116569059956,0.061807091575805086,3.218662407673123,
185,100,3,51.0,35.4,55.2,4.01,1e-07,25,0.60,0.58,True,86.30000000000001,3,0.0034167632757820384,0.058453086109991136,0.2599952640805646,
186,100,3,30.6,55.6,56.7,4.97,1e-07,50,center,center,True,88.5,3,0.002575818028219235,0.05075251745696202,3.4902843009805644,
184,100,3,68.2,56.4,81.5,2.27,1e-07,25,0.60,0.45,True,103.5,3,0.0022871469021852227,0.04782412468812391,0.18021473240988753,
183,100,3,44.6,75.7,81.0,4.62,1e-07,25,0.45,0.55,True,103.0,3,0.03763564060953453,0.19399907373370248,1.3655194119775522,
24,100,3,80.1,15.8,75.9,2.92,1e-06,25,0.60,0.45,False,900.0,1,nan,nan,11.69423452823796,vittima non trovata entro 15 minuti
193,100,3,22.5,22.2,24.5,4.87,1e-07,80,0.45,0.55,True,30.5,3,0.012489479626264068,0.11175634042981215,0.8122720393047338,
197,100,3,9.6,9.7,6.6,3.78,1e-07,120,0.35,0.40,True,0.2,3,0.0002305828273422362,0.015184953978930467,1.3439140873499948,
187,100,3,56.0,74.4,86.2,3.87,1e-07,50,0.35,0.40,True,106.60000000000001,3,0.004629246672268852,0.06803856753539754,0.22323530447556109,
14,100,3,64.8,31.0,65.2,4.67,1e-07,80,0.60,0.45,False,900.0,2,2.524354896707238e-29,5.0242958677880805e-15,13.029914893529448,vittima non trovata entro 15 minuti
1,100,3,62.6,41.8,68.3,4.74,1e-07,25,center,center,False,900.0,2,1.0097419586828951e-28,1.0048591735576161e-14,6.264655168988205,vittima non trovata entro 15 minuti
2,100,3,63.5,16.3,59.6,2.38,1e-07,25,0.35,0.40,False,900.0,2,1.5777218104420236e-30,1.2560739669470201e-15,10.468106874397458,vittima non trovata entro 15 minuti
6,100,3,61.6,28.9,61.4,2.1,1e-07,50,center,center,False,900.0,2,5.048709793414476e-29,7.105427357601002e-15,3.266399391647686,vittima non trovata entro 15 minuti
10,100,3,27.2,53.3,53.2,4.16,1e-07,50,0.60,0.58,False,900.0,2,2.524354896707238e-29,5.0242958677880805e-15,6.595176144054746,vittima non trovata entro 15 minuti
190,100,3,59.8,49.2,70.4,2.34,1e-07,50,0.60,0.58,True,96.60000000000001,3,0.004412318594002356,0.0664252858029407,0.08912408116720207,
13,100,3,73.2,34.3,74.2,2.0,1e-07,80,0.45,0.55,False,900.0,2,1.262177448353619e-28,1.1234667099445444e-14,2.318990701722324,vittima non trovata entro 15 minuti
194,100,3,11.8,39.8,35.4,3.79,1e-07,80,0.60,0.45,True,53.300000000000004,3,0.016285474637000065,0.12761455495749716,1.4054311279619875,
191,100,3,29.2,76.7,75.7,2.49,1e-07,80,center,center,True,107.30000000000001,3,0.002614516628881851,0.05113234425372898,2.4995721526065875,
34,100,3,55.8,11.5,51.3,4.66,1e-06,80,0.60,0.45,False,900.0,2,2.524354896707238e-29,5.0242958677880805e-15,5.566505708877139,vittima non trovata entro 15 minuti
35,100,3,75.6,15.2,71.3,3.29,1e-06,80,0.60,0.58,False,900.0,1,nan,nan,10.661576426711516,vittima non trovata entro 15 minuti
192,100,3,56.4,38.1,61.1,1.5,1e-07,80,0.35,0.40,True,95.4,3,0.01285899491173563,0.11339750840179703,0.8605550116641653,
195,100,3,19.5,69.5,66.1,4.54,1e-07,80,0.60,0.58,True,96.4,3,0.003971542355598418,0.0630201741952402,0.16538275350400203,
210,100,3,15.9,10.9,12.4,1.55,1e-06,50,0.60,0.58,True,18.400000000000002,3,0.0040165645443206366,0.06337637212968755,0.4899048227871856,
201,100,3,73.6,33.3,74.2,2.58,1e-06,25,center,center,True,79.4,3,8.9732920407247e-05,0.009472746191429758,0.9290619020035576,
207,100,3,46.4,32.6,49.7,4.12,1e-06,50,0.35,0.40,True,65.9,3,0.000716885102006559,0.026774710119935173,2.7703445187272004,
196,100,3,61.1,51.3,72.7,3.52,1e-07,120,center,center,True,104.80000000000001,3,0.004426965144902134,0.06653544277227089,0.2850296323354274,
199,100,3,26.2,57.1,56.3,4.9,1e-07,120,0.60,0.45,True,89.60000000000001,3,0.0029905157352674073,0.05468560811829203,0.1487478289867943,
198,100,3,67.8,54.8,80.2,4.54,1e-07,120,0.45,0.55,True,98.4,3,0.0019493690482211665,0.04415165963156047,0.06367327692106348,
204,100,3,64.2,71.5,89.0,2.78,1e-06,25,0.60,0.45,True,83.5,3,0.004938740196618143,0.0702761709017939,0.49541145080752963,
203,100,3,65.9,61.9,83.4,1.35,1e-06,25,0.45,0.55,True,89.10000000000001,3,0.004079832444657,0.06387356608689544,0.25757241920445667,
205,100,3,48.7,66.6,75.6,4.89,1e-06,25,0.60,0.58,True,86.60000000000001,3,0.0006334335596794792,0.025168106001037884,0.1795677505621779,
200,100,3,75.1,16.7,71.0,3.72,1e-07,120,0.60,0.58,False,112.0,3,0.006995459549720442,0.08363886387153069,32.62388270323512,vittima non trovata entro 15 minuti
211,100,3,55.5,62.1,76.2,2.19,1e-06,80,center,center,True,69.5,3,0.005876433028862017,0.07665789606336726,0.21934451968374427,
212,100,3,20.3,70.1,66.9,3.99,1e-06,80,0.35,0.40,True,70.0,3,0.00460566543127051,0.067865053092667,0.15557157626449275,
65,100,3,78.1,22.7,75.2,4.95,1e-07,25,0.60,0.58,False,900.0,2,6.310887241768095e-30,2.5121479338940403e-15,0.10814058228051321,vittima non trovata entro 15 minuti
213,100,3,22.4,51.1,49.3,3.42,1e-06,80,0.45,0.55,True,62.2,3,0.0023418503856416635,0.048392668717912875,1.2114499972569441,
209,100,3,62.7,67.8,85.2,4.37,1e-06,50,0.60,0.45,True,88.4,3,0.0030808975678857037,0.05550583363832764,0.15698862777704706,
215,100,3,29.4,39.1,42.0,1.16,1e-06,80,0.60,0.58,True,55.7,3,0.0069455965541176355,0.08334024570468722,0.21714411281861645,
74,100,3,75.3,46.6,81.7,4.54,1e-07,80,0.60,0.45,False,900.0,2,1.0097419586828951e-28,1.0048591735576161e-14,1.0782533671690195,vittima non trovata entro 15 minuti
66,100,3,76.6,14.5,72.2,3.24,1e-07,50,center,center,False,900.0,2,0.0,0.0,2.8476287801059645,vittima non trovata entro 15 minuti
219,100,3,23.5,10.3,19.3,3.01,1e-06,120,0.60,0.45,True,41.0,3,0.0188699770994502,0.13736803521725935,1.762854217650199,
214,100,3,47.2,70.9,78.3,3.46,1e-06,80,0.60,0.45,True,69.3,3,0.002704174668112235,0.052001679473957715,0.18496340047736712,
220,100,3,34.6,9.4,29.9,2.7,1e-06,120,0.60,0.58,True,43.1,3,0.00344790356651206,0.058718851883462944,1.7853007042611722,
218,100,3,24.5,44.1,43.7,4.23,1e-06,120,0.45,0.55,True,62.1,3,0.005056795049866565,0.0711111457499214,1.535702360479265,
71,100,3,80.2,11.9,75.6,4.61,1e-07,80,center,center,False,900.0,2,2.524354896707238e-29,5.0242958677880805e-15,23.484644591338935,vittima non trovata entro 15 minuti
221,100,3,12.1,66.9,62.3,1.6,1e-05,25,center,center,True,60.5,3,0.0015798117434774185,0.039746845704752704,1.982136618093748,
216,100,3,52.5,74.8,84.5,3.49,1e-06,120,center,center,True,89.7,3,0.003882147660597999,0.06230688293116579,2.3663529670964327,
223,100,3,45.4,34.8,50.2,2.99,1e-05,25,0.45,0.55,True,54.2,3,0.003300623271110133,0.05745105108794906,0.1879101905205513,
232,100,3,30.2,17.6,28.2,2.48,1e-05,80,0.35,0.40,True,36.4,3,0.005490878780161824,0.07410046410220265,2.6506965412955,
217,100,3,78.0,46.8,84.1,4.87,1e-06,120,0.35,0.40,True,98.4,3,0.003221122568977128,0.056754934313917836,2.2086208952532544,
81,100,3,72.8,25.7,70.9,2.37,1e-06,25,center,center,False,900.0,2,17.218795614184046,4.149553664454051,3.5255398457959006,vittima non trovata entro 15 minuti
222,100,3,66.3,27.2,65.2,3.7,1e-05,25,0.35,0.40,True,74.7,3,0.002960468058150578,0.054410183404860694,2.3578170325593812,
230,100,3,9.5,29.5,24.9,3.48,1e-05,50,0.60,0.58,True,49.300000000000004,3,0.0007100919195620527,0.026647549972972237,1.9955863086434853,
233,100,3,28.7,56.1,56.3,3.09,1e-05,80,0.45,0.55,True,51.7,3,0.0016013611202853183,0.0400170103866508,1.7089420802487294,
226,100,3,60.0,23.9,58.2,3.87,1e-05,50,center,center,True,63.900000000000006,3,0.0011384920810351543,0.03374154829042607,0.07548385477337209,
229,100,3,37.7,77.0,79.1,3.13,1e-05,50,0.60,0.45,True,61.0,3,0.003859333600498384,0.062123534996797986,0.11593883364805385,
225,100,3,36.8,79.5,81.0,3.11,1e-05,25,0.60,0.58,True,70.9,3,0.002573161978677551,0.05072634403027239,0.22049952110305376,
224,100,3,42.7,22.2,41.5,4.08,1e-05,25,0.60,0.45,True,70.7,3,0.0013435998050633153,0.036655147047356326,4.169941386490415,
227,100,3,50.0,14.9,46.1,2.42,1e-05,50,0.35,0.40,True,90.7,3,0.007631761678714261,0.08735995466295905,2.002787584037701,
88,100,3,47.3,16.6,43.9,1.15,1e-06,50,0.45,0.55,False,900.0,2,6.310887241768095e-30,2.5121479338940403e-15,0.18675663837944373,vittima non trovata entro 15 minuti
228,100,3,59.9,73.0,87.4,4.57,1e-05,50,0.45,0.55,True,96.80000000000001,3,0.0015030756506063038,0.03876951960762867,3.1461081914939757,
87,100,3,54.8,14.4,50.7,3.55,1e-06,50,0.35,0.40,False,900.0,2,5.206481974458678e-29,7.215595591812694e-15,6.176254307309835,vittima non trovata entro 15 minuti
234,100,3,78.5,57.7,90.5,4.93,1e-05,80,0.60,0.45,True,90.10000000000001,3,0.003700542602952602,0.060832085308269696,0.0795141146671084,
237,100,3,59.6,21.2,57.0,4.6,1e-05,120,0.35,0.40,True,68.8,3,0.0022412825162076893,0.047342185376339455,1.955801586606072,
235,100,3,24.8,33.7,34.9,2.91,1e-05,80,0.60,0.58,True,85.60000000000001,3,0.00626919544272083,0.07917825107136953,5.164825370523819,
231,100,3,54.7,76.4,87.0,1.35,1e-05,80,center,center,True,101.5,3,0.0015907271239449783,0.039883920619028644,5.55967227950656,
239,100,3,52.9,64.2,76.1,2.95,1e-05,120,0.60,0.45,True,91.0,3,0.00517767122022458,0.0719560367184337,0.08929723489734473,
236,100,3,52.5,31.3,54.2,3.11,1e-05,120,center,center,True,109.4,3,0.005533617812872099,0.07438829083177069,0.1953531267179998,
241,100,3,29.8,46.8,48.5,3.51,1e-07,25,center,center,True,78.10000000000001,3,0.0033283445234278176,0.057691806380350215,3.3889894161067065,
95,100,3,62.9,24.9,61.2,3.14,1e-06,80,0.60,0.58,False,900.0,2,1.072850831100576e-28,1.03578512786223e-14,4.973021647189304,vittima non trovata entro 15 minuti
251,100,3,24.4,26.8,29.1,1.92,1e-07,80,center,center,True,43.300000000000004,3,0.0040342125714797695,0.063515451438841,1.7460012736511137,
242,100,3,14.1,71.6,67.2,4.51,1e-07,25,0.35,0.40,True,105.0,3,0.0038570339502240645,0.062105023550628045,0.3219437807378859,
246,100,3,48.7,44.5,58.9,4.46,1e-07,50,center,center,True,91.10000000000001,3,0.004049316528773632,0.06363424022311913,0.2046419675930364,
240,100,3,55.6,78.1,88.9,4.97,1e-05,120,0.60,0.58,True,120.5,3,0.002104629930561048,0.04587624582026136,0.06598903033924505,
244,100,3,59.7,41.8,66.0,4.19,1e-07,25,0.60,0.45,True,98.2,3,0.003783942409758763,0.06151375789007499,0.22106221126672135,
245,100,3,64.9,70.3,88.6,2.42,1e-07,25,0.60,0.58,True,98.30000000000001,3,0.0036529992792501587,0.06044004698252772,0.3582272390849666,
104,100,3,54.7,49.9,67.0,3.53,1e-05,25,0.60,0.45,False,900.0,2,1.1780322851300441e-28,1.0853719570405549e-14,22.851111128925172,vittima non trovata entro 15 minuti
250,100,3,46.1,17.1,42.9,1.32,1e-07,50,0.60,0.58,True,70.4,3,0.0031256599243815247,0.05590760166901747,0.7368604056739411,
258,100,3,16.7,32.5,29.9,3.58,1e-07,120,0.45,0.55,True,40.1,3,0.008701925550357327,0.09328411199318631,0.9692551741799604,
243,100,3,78.9,56.3,89.9,4.63,1e-07,25,0.45,0.55,True,117.10000000000001,3,0.0041360591069805365,0.06431220029652644,0.045807832813222975,
253,100,3,30.0,73.1,72.5,2.47,1e-07,80,0.45,0.55,True,93.30000000000001,3,0.0034462727640172234,0.05870496370850785,0.6366706506552424,
255,100,3,29.3,77.4,76.3,4.99,1e-07,80,0.60,0.58,True,98.7,3,0.0031925667623023276,0.05650280313667922,0.2473152946217921,
256,100,3,31.6,49.1,51.5,3.53,1e-07,120,center,center,True,94.60000000000001,3,0.0036520998465701575,0.06043260582309981,3.41422325481207,
261,100,3,72.8,35.8,74.5,1.47,1e-06,25,center,center,True,79.60000000000001,3,0.00010165543105210607,0.010082431802502116,0.5015295701041705,
268,100,3,31.4,20.6,30.6,1.38,1e-06,50,0.45,0.55,True,49.2,3,0.004356096803267238,0.06600073335401083,0.2129907486898449,
267,100,3,54.6,48.5,66.0,3.81,1e-06,50,0.35,0.40,True,67.9,3,0.004051330861174924,0.06365006568083746,0.022854268582383402,
257,100,3,18.3,76.6,72.8,4.95,1e-07,120,0.35,0.40,True,105.80000000000001,3,0.004133914726730152,0.06429552649080768,0.07447995141593172,
260,100,3,57.0,48.9,68.1,3.58,1e-07,120,0.60,0.58,True,96.4,3,0.004209586910899296,0.064881329447687,0.19580268261324127,
265,100,3,63.3,61.1,80.9,2.75,1e-06,25,0.60,0.58,True,74.0,3,0.006435890524160083,0.0802240021699247,0.5448461179936933,
266,100,3,16.9,59.4,55.6,3.88,1e-06,50,center,center,True,76.3,3,0.0037442704772144364,0.06119044432927773,3.23227252515907,
269,100,3,27.2,66.2,65.1,1.0,1e-06,50,0.60,0.45,True,68.10000000000001,3,0.037370458571934426,0.19331440342595899,0.6145106147753593,
262,100,3,66.9,54.2,79.1,3.38,1e-06,25,0.35,0.40,True,81.7,3,0.004665230068780659,0.06830248947718275,2.5316331829880765,
278,100,3,13.5,9.5,9.6,1.1,1e-06,120,0.45,0.55,True,6.2,3,0.004667397576897639,0.06831835461204873,0.313607916375297,
270,100,3,68.4,27.7,67.3,2.48,1e-06,50,0.60,0.58,True,78.80000000000001,3,0.0029914808022346007,0.05469443118119614,0.7798089648646775,
273,100,3,22.5,27.4,28.4,4.05,1e-06,80,0.45,0.55,True,56.6,3,0.009338751225802897,0.09663721449732963,2.0750986256780384,
259,100,3,70.2,15.4,66.0,3.04,1e-07,120,0.60,0.45,False,124.10000000000001,3,0.006347102368955829,0.07966870382374643,28.957352740670192,vittima non trovata entro 15 minuti
271,100,3,12.3,76.4,71.8,2.2,1e-06,80,center,center,True,80.2,3,0.0036290256954378134,0.06024139519830042,2.1247541680571866,
263,100,3,48.8,67.7,76.5,2.76,1e-06,25,0.45,0.55,True,111.7,3,0.0060696920981616435,0.07790822869351892,0.03746019416377895,
274,100,3,9.5,45.7,40.9,3.7,1e-06,80,0.60,0.45,True,75.4,3,0.00610091912882112,0.07810838065675872,2.1965591193744745,
276,100,3,38.8,22.9,38.2,4.49,1e-06,120,center,center,True,67.5,3,0.0031646317255479587,0.05625505955510099,0.3226933779646023,
282,100,3,39.4,39.6,48.8,2.39,1e-05,25,0.35,0.40,True,55.6,3,0.005243667570340053,0.07241317262998531,0.06059868697570779,
279,100,3,18.2,58.3,54.9,3.67,1e-06,120,0.60,0.45,True,64.7,3,0.0023572770127406923,0.048551797214322484,0.3255001295022812,
129,100,3,67.6,35.0,69.4,4.74,1e-07,50,0.60,0.45,False,900.0,2,2.524354896707238e-29,5.0242958677880805e-15,17.307922579807496,vittima non trovata entro 15 minuti
284,100,3,59.7,12.5,55.2,3.58,1e-05,25,0.60,0.45,True,53.2,3,0.027681262704437215,0.1663768694994506,4.527655921120704,
280,100,3,17.1,72.3,68.4,3.14,1e-06,120,0.60,0.58,True,75.10000000000001,3,0.007356667072823866,0.08577101534215312,0.6006042270534785,
277,100,3,52.7,28.9,53.4,4.97,1e-06,120,0.35,0.40,True,82.10000000000001,3,0.0013277932446648054,0.03643889741285822,2.0573558605387277,
288,100,3,16.4,32.7,30.0,1.39,1e-05,50,0.45,0.55,True,45.6,3,0.006911574034038933,0.0831358769367289,0.9093268593068361,
286,100,3,61.3,27.2,60.5,1.27,1e-05,50,center,center,True,55.800000000000004,3,0.006462357434091338,0.08038878923140551,0.16610572749952163,
281,100,3,55.3,43.5,63.4,1.42,1e-05,25,center,center,True,87.0,3,0.0012264159101772847,0.03502022144671967,0.1313488177024325,
132,100,3,70.3,21.3,67.3,3.47,1e-07,80,0.35,0.40,False,900.0,2,0.0,0.0,19.019112662404623,vittima non trovata entro 15 minuti
287,100,3,16.5,31.4,28.8,3.73,1e-05,50,0.35,0.40,True,63.0,3,0.005502781732772936,0.07418073693872916,0.14330812594164768,
285,100,3,62.1,38.9,66.4,2.82,1e-05,25,0.60,0.58,True,74.10000000000001,3,0.00288120381151144,0.05367684613975974,0.04573042036356127,
291,100,3,33.5,27.0,36.1,3.82,1e-05,80,center,center,True,43.900000000000006,3,0.003877679389099541,0.062271015642107054,0.025782925206091403,
290,100,3,40.8,60.7,66.2,4.03,1e-05,50,0.60,0.58,True,55.900000000000006,3,0.0036456269671804866,0.06037902754417702,0.10853367045433275,
293,100,3,57.8,25.3,56.6,2.18,1e-05,80,0.45,0.55,True,63.1,3,0.002621612281134841,0.051201682405315946,0.4847048708023541,
289,100,3,72.6,54.7,83.8,1.21,1e-05,50,0.60,0.45,True,77.4,3,0.004643375750099153,0.06814231981741709,0.042645059574958816,
296,100,3,38.9,10.2,34.3,3.65,1e-05,120,center,center,True,56.5,3,0.00395066870588915,0.06285434516315598,0.09696862458736062,
295,100,3,77.4,25.6,75.3,4.14,1e-05,80,0.60,0.58,True,66.60000000000001,3,0.0008921329374912037,0.029868594501435846,0.37500422928394805,
297,100,3,65.2,24.2,63.2,4.29,1e-05,120,0.35,0.40,True,65.8,3,0.0022269401112348956,0.04719046631720114,2.747941755220442,
294,100,3,28.4,70.0,69.1,4.85,1e-05,80,0.60,0.45,True,76.10000000000001,3,0.0018145852610744824,0.04259794902427208,0.11285392062711108,
292,100,3,20.1,31.0,30.0,1.03,1e-05,80,0.35,0.40,True,93.10000000000001,3,0.0031097555167952143,0.05576518193994542,0.4110402170303241,
299,100,3,74.6,67.9,93.8,1.14,1e-05,120,0.60,0.45,True,79.5,3,0.004443333185106536,0.0666583317005949,0.23254654000220953,
298,100,3,70.8,77.8,98.1,1.32,1e-05,120,0.45,0.55,True,84.60000000000001,3,0.0036592560580551554,0.06049178504603047,0.023131218809731617,
301,100,3,26.8,42.2,43.1,3.68,1e-07,25,center,center,True,67.9,3,0.003411373277498006,0.05840696257723051,3.905253523514641,
300,100,3,22.1,30.2,30.5,3.11,1e-05,120,0.60,0.58,True,92.4,3,0.006902112245988088,0.08307895188306173,2.347208036943568,
302,100,3,33.4,39.4,44.6,4.87,1e-07,25,0.35,0.40,True,80.5,3,0.00417279648046627,0.06459718632004238,0.2515276085335922,
309,100,3,21.1,35.8,34.7,3.9,1e-07,50,0.60,0.45,True,52.0,3,0.007658274482880471,0.08751156770896332,1.386787343757635,
303,100,3,59.7,51.0,71.5,2.53,1e-07,25,0.45,0.55,True,99.0,3,0.004013563222574298,0.0633526891502981,0.09706780899724268,
306,100,3,44.4,23.9,43.7,4.91,1e-07,50,center,center,True,71.8,3,0.0035574686417466617,0.05964451895812944,0.23455286223565125,
304,100,3,34.1,59.1,61.5,2.28,1e-07,25,0.60,0.45,True,91.4,3,0.0033775380157968337,0.05811658985003192,0.24719598255301498,
305,100,3,40.2,63.1,67.9,3.01,1e-07,25,0.60,0.58,True,89.10000000000001,3,0.00337237004507247,0.05807211073374611,0.08804262042134453,
314,100,3,23.7,34.4,34.8,4.54,1e-07,80,0.60,0.45,True,52.7,3,0.003473322583251568,0.05893490123222035,1.4151508587948651,
308,100,3,52.9,39.7,59.2,3.03,1e-07,50,0.45,0.55,True,92.5,3,0.004298817721079535,0.06556536983102845,0.13517766938686734,
310,100,3,31.7,58.2,59.5,1.28,1e-07,50,0.60,0.58,True,87.4,3,0.0032104390251426478,0.05666073618602787,0.08634649084722344,
148,100,3,56.2,16.2,52.4,3.96,1e-06,50,0.45,0.55,False,900.0,2,2.524354896707238e-29,5.0242958677880805e-15,3.6568647477290934,vittima non trovata entro 15 minuti
315,100,3,29.0,36.6,39.7,4.98,1e-07,80,0.60,0.58,True,67.4,3,0.004091460685961768,0.06396452677822113,0.37307907693829895,
311,100,3,53.3,42.1,61.0,1.13,1e-07,80,center,center,True,95.4,3,0.00404577523527755,0.06360640875947604,0.726388915839684,
150,100,3,64.1,14.6,59.8,2.91,1e-06,50,0.60,0.58,False,900.0,2,2.68212707775144e-29,5.17892563931115e-15,0.976764646110714,vittima non trovata entro 15 minuti
312,100,3,41.2,34.5,46.7,2.74,1e-07,80,0.35,0.40,True,81.80000000000001,3,0.008191114101897077,0.09050477391771705,0.5039153879408564,
313,100,3,38.8,62.4,66.7,4.33,1e-07,80,0.45,0.55,True,92.0,3,0.02812217960269059,0.16769668930152018,1.0791434245080986,
321,100,3,22.0,65.7,63.1,4.09,1e-06,25,center,center,True,69.10000000000001,3,0.03761602283752835,0.19394850563365615,3.1852625648143187,
316,100,3,28.7,63.3,62.9,2.96,1e-07,120,center,center,True,101.4,3,0.0026464743930676637,0.051443895586042704,2.5723159345554856,
320,100,3,69.8,24.2,67.6,2.28,1e-07,120,0.60,0.58,False,82.30000000000001,3,0.003202605486693517,0.05659156727546532,30.339412148577473,vittima non trovata entro 15 minuti
317,100,3,49.4,48.7,62.3,2.43,1e-07,120,0.35,0.40,True,98.5,3,0.012272790062362763,0.1107826252729315,0.24609639497527047,
318,100,3,30.8,77.5,76.9,3.03,1e-07,120,0.45,0.55,True,96.60000000000001,3,0.0042345987660949245,0.06507379477251134,0.8877395070606364,
325,100,3,37.0,57.9,61.8,3.87,1e-06,25,0.60,0.58,True,65.2,3,0.004813311851561349,0.06937803580068658,0.09573766957955873,
319,100,3,25.4,61.4,60.0,2.8,1e-07,120,0.60,0.45,True,96.2,3,0.0023510858986547393,0.04848799747004138,0.036622814539201784,
322,100,3,75.3,43.4,80.1,1.92,1e-06,25,0.35,0.40,True,79.5,3,0.005805782169294933,0.07619568340329348,1.0845587894657198,
326,100,3,26.0,64.3,62.9,3.47,1e-06,50,center,center,True,67.7,3,0.010091297744855668,0.10045545154373489,3.152097211938021,
328,100,3,54.0,51.9,67.8,1.32,1e-06,50,0.45,0.55,True,66.7,3,0.001437312386587323,0.03791190296710682,0.1672621814276817,
323,100,3,51.2,28.5,51.8,3.17,1e-06,25,0.45,0.55,True,80.0,3,0.006516418748192924,0.08072433801644287,0.2747075912735771,
329,100,3,53.6,62.7,75.4,3.42,1e-06,50,0.60,0.45,True,69.3,3,0.00481453815031278,0.0693868730403149,0.25557791330256285,
164,100,3,74.6,11.3,69.9,2.92,1e-05,25,0.60,0.45,False,900.0,2,1.0097419586828951e-28,1.0048591735576161e-14,40.131561745773965,vittima non trovata entro 15 minuti
324,100,3,73.6,55.2,85.0,2.45,1e-06,25,0.60,0.45,True,96.10000000000001,3,0.0026982564553067905,0.05194474425104806,0.22090157562413684,
330,100,3,78.9,54.4,88.9,2.17,1e-06,50,0.60,0.58,True,83.80000000000001,3,0.001804515192911274,0.042479585601925,0.2432081481742629,
327,100,3,65.8,56.1,79.4,3.9,1e-06,50,0.35,0.40,True,95.2,3,0.0045370984169394776,0.06735798703152787,2.0367157207884814,
333,100,3,25.3,27.4,30.2,1.67,1e-06,80,0.45,0.55,True,53.2,3,0.00803491170570715,0.08963766901089713,0.6767441943256077,
331,100,3,53.6,36.5,57.9,3.08,1e-06,80,center,center,True,67.9,3,0.0007757144323020928,0.027851650441259184,0.29166091430057917,
332,100,3,10.7,52.7,48.0,1.63,1e-06,80,0.35,0.40,True,67.2,3,0.0074020892653449384,0.08603539542156437,0.25004518713540214,
339,100,3,34.6,51.3,55.0,3.03,1e-06,120,0.60,0.45,True,63.7,3,0.001177579249311811,0.03431587459634114,0.18411294827048882,
343,100,3,11.8,37.6,33.3,3.22,1e-05,25,0.45,0.55,True,49.6,3,0.002141437165395544,0.046275664937367934,1.9918994025293586,
338,100,3,50.9,68.2,78.1,3.43,1e-06,120,0.45,0.55,True,70.4,3,0.003812232396101418,0.061743278145085706,0.2149284905601374,
344,100,3,17.6,43.3,40.3,2.36,1e-05,25,0.60,0.45,True,48.2,3,0.006554832684796483,0.0809619212024794,1.9282430540570512,
336,100,3,18.8,79.3,75.6,2.63,1e-06,120,center,center,True,82.0,3,0.004037669019385479,0.06354265511753092,2.6389683801781842,
335,100,3,80.3,69.6,99.2,2.91,1e-06,80,0.60,0.58,True,89.30000000000001,3,0.021500967797521343,0.14663208311117096,2.4209076096174895,
341,100,3,25.7,79.5,77.3,3.91,1e-05,25,center,center,True,75.0,3,0.0036472985147352572,0.06039286807840192,2.650676397466833,
337,100,3,56.6,75.5,87.4,1.93,1e-06,120,0.35,0.40,True,89.0,3,0.03548446905740095,0.18837321746310157,1.1253045934486492,
340,100,3,46.2,75.5,81.7,3.95,1e-06,120,0.60,0.58,True,86.10000000000001,3,0.00532161083156371,0.07294937170095236,0.17773611430180325,
349,100,3,41.6,58.6,64.9,3.89,1e-05,50,0.60,0.45,True,55.800000000000004,3,0.0031159282550772185,0.05582050031195724,0.09033243049844493,
342,100,3,24.1,61.0,59.2,1.05,1e-05,25,0.35,0.40,True,86.5,3,0.0054459366315485775,0.07379658956583683,0.09749012594902333,
346,100,3,62.0,10.2,57.2,4.28,1e-05,50,center,center,True,74.4,3,0.003722903839074332,0.061015603242730726,0.18752506750276446,
361,100,3,18.7,13.5,16.1,3.37,1e-07,25,center,center,True,0.2,3,4.3684035461280577e-05,0.006609389946226549,3.140684854559396,
347,100,3,76.9,48.2,83.9,2.4,1e-05,50,0.35,0.40,True,76.7,3,0.0050681041303925365,0.07119061827511078,0.8158448054655946,
350,100,3,44.0,52.7,61.7,4.48,1e-05,50,0.60,0.58,True,52.1,3,0.00512179979474758,0.07156675062309019,0.07360821788228052,
345,100,3,70.7,66.4,90.0,3.5,1e-05,25,0.60,0.58,True,79.80000000000001,3,0.005608307548455128,0.07488863430758454,0.0645898792583565,
352,100,3,41.9,51.4,59.3,1.32,1e-05,80,0.35,0.40,True,51.300000000000004,3,0.0060095832411372705,0.07752150179877368,0.03589802885798958,
348,100,3,49.2,31.1,51.4,4.24,1e-05,50,0.45,0.55,True,88.7,3,0.0015677896668972134,0.03959532380088858,0.07654095224292512,
351,100,3,62.5,66.1,83.9,1.72,1e-05,80,center,center,True,68.4,3,0.005002113840719891,0.07072562365027184,0.04106434285621961,
364,100,3,13.2,22.6,19.4,1.73,1e-07,25,0.60,0.45,True,16.7,3,0.0013442296113433574,0.03666373700733952,2.450633703666309,
355,100,3,29.4,36.1,39.5,4.03,1e-05,80,0.60,0.58,True,58.2,3,0.0008362289623717569,0.028917623733145104,2.109053280527184,
354,100,3,32.7,70.8,71.4,2.81,1e-05,80,0.60,0.45,True,62.300000000000004,3,0.00493100366373555,0.07022110554338738,0.0680029211972195,
358,100,3,40.1,48.5,55.8,4.66,1e-05,120,0.45,0.55,True,53.6,3,0.002593375913417132,0.05092519919860041,3.6766083410052692,
357,100,3,63.6,29.6,63.5,4.54,1e-05,120,0.35,0.40,True,67.10000000000001,3,0.004533291001123977,0.06732971855818184,4.056685980706133,
367,100,3,24.9,26.2,29.1,1.32,1e-07,50,0.35,0.40,True,42.7,3,0.0040383754246895425,0.06354821338707756,0.15327583291136615,
182,100,3,76.0,41.7,79.9,2.18,1e-07,25,0.35,0.40,False,900.0,2,0.0,0.0,0.45556761835236376,vittima non trovata entro 15 minuti
369,100,3,16.1,28.1,25.7,3.3,1e-07,50,0.60,0.45,True,37.0,3,0.01636683122079216,0.12793291687752673,0.8229386039823112,
353,100,3,20.3,46.2,43.9,3.37,1e-05,80,0.45,0.55,True,103.80000000000001,3,0.01247078490920684,0.11167266858639513,1.876277806891252,
359,100,3,53.4,58.0,71.8,2.74,1e-05,120,0.60,0.45,True,89.60000000000001,3,0.0040744261808837645,0.0638312320175928,0.19578128603146683,
365,100,3,14.8,49.0,45.1,1.04,1e-07,25,0.60,0.58,True,80.80000000000001,3,0.003138859811199402,0.05602552820990983,0.3316652416430996,
363,100,3,30.5,66.4,66.5,5.0,1e-07,25,0.45,0.55,True,92.4,3,0.006836439392768979,0.08268276357723525,1.368301699719699,
189,100,3,74.5,19.1,70.9,2.69,1e-07,50,0.60,0.45,False,900.0,2,6.310887241768095e-30,2.5121479338940403e-15,1.7820863429222853,vittima non trovata entro 15 minuti
366,100,3,44.0,36.4,50.0,4.97,1e-07,50,center,center,True,86.9,3,0.0024643649630256585,0.049642370642684445,0.2050503722851445,
362,100,3,17.7,59.2,55.6,3.41,1e-07,25,0.35,0.40,True,105.2,3,0.0023380091225418866,0.04835296394784798,0.2724400172169176,
375,100,3,21.5,32.2,31.8,2.26,1e-07,80,0.60,0.58,True,53.5,3,0.003474635848178351,0.058946041836397726,0.5233681257104932,
370,100,3,51.8,53.8,67.6,2.86,1e-07,50,0.60,0.58,True,91.4,3,0.004276421161659035,0.06539435114487363,0.03496082097294204,
380,100,3,11.1,27.8,23.6,1.21,1e-07,120,0.60,0.58,True,23.400000000000002,3,0.003232795133281139,0.056857674356951486,1.5369567288839023,
372,100,3,21.3,59.1,56.5,3.62,1e-07,80,0.35,0.40,True,91.30000000000001,3,0.004485599620149395,0.06697461922362377,0.1507101695236808,
373,100,3,47.6,21.4,45.7,2.08,1e-07,80,0.45,0.55,True,83.9,3,0.003922764232868,0.06263197452474255,0.20011237562877454,
371,100,3,49.6,77.1,84.8,2.39,1e-07,80,center,center,True,100.4,3,0.007705677484536914,0.08778198838336321,0.842346463403471,
374,100,3,37.1,38.2,46.1,1.14,1e-07,80,0.60,0.45,True,79.9,3,0.003474925921415059,0.058948502283052616,1.0329451333962503,
376,100,3,28.8,43.2,45.0,4.28,1e-07,120,center,center,True,81.4,3,0.0037089149519605345,0.06090086166845699,3.5598011331783317,
381,100,3,34.2,17.2,31.7,1.39,1e-06,25,center,center,True,54.800000000000004,3,0.00604512109369195,0.07775037680739529,0.17735985537068313,
382,100,3,15.0,32.9,29.6,2.89,1e-06,25,0.35,0.40,True,57.300000000000004,3,0.004050370591770437,0.06364252188411798,0.19197939004847733,
377,100,3,46.5,49.0,60.5,1.87,1e-07,120,0.35,0.40,True,97.60000000000001,3,0.0032748689296505035,0.057226470532879305,0.2985297634117424,
384,100,3,23.0,19.2,22.9,4.27,1e-06,25,0.60,0.45,True,41.900000000000006,3,0.003183619999546948,0.05642357662845336,1.710683459272044,
383,100,3,16.2,45.4,41.9,3.9,1e-06,25,0.45,0.55,True,63.0,3,0.013261900771982233,0.1151603263801481,1.901215954370919,
388,100,3,50.5,25.1,49.8,1.41,1e-06,50,0.45,0.55,True,64.8,3,0.006281463212616823,0.07925568252571435,0.21906730957060455,
378,100,3,79.7,12.0,75.0,3.72,1e-07,120,0.45,0.55,False,115.9,3,0.010265131773726024,0.10131698660010582,15.084998015628067,vittima non trovata entro 15 minuti
202,100,3,79.3,14.6,74.9,3.74,1e-06,25,0.35,0.40,False,900.0,2,1.0272526720945152,1.0135347414344094,1.419709231921647,vittima non trovata entro 15 minuti
379,100,3,46.4,74.9,81.2,4.59,1e-07,120,0.60,0.45,True,98.10000000000001,3,0.0027067157640975957,0.05202610656293238,0.27771250159249694,
389,100,3,52.0,24.1,50.7,1.22,1e-06,50,0.60,0.45,True,65.7,3,0.0010844029044741628,0.0329302733738146,0.27691248040258315,
390,100,3,44.7,34.7,49.6,2.85,1e-06,50,0.60,0.58,True,67.7,3,0.004462670235441462,0.06680322024754093,1.0668435745692741,
387,100,3,74.2,74.6,98.2,1.24,1e-06,50,0.35,0.40,False,90.4,3,0.03329153028843044,0.1824596675663705,17.629413269898286,vittima non trovata entro 15 minuti
206,100,3,78.7,15.9,74.5,3.59,1e-06,50,center,center,False,900.0,1,nan,nan,3.0325586340509694,vittima non trovata entro 15 minuti
393,100,3,29.8,40.5,43.2,4.06,1e-06,80,0.45,0.55,True,57.900000000000006,3,0.02809156746286346,0.16760539210557476,2.1601429005159885,
394,100,3,20.3,61.3,58.3,1.8,1e-06,80,0.60,0.45,True,64.3,3,0.0032423065786482885,0.05694125550642775,0.12836276921931877,
391,100,3,40.4,62.9,67.9,3.35,1e-06,80,center,center,True,79.7,3,0.005168150519581239,0.0718898499065149,0.01595182355470494,
208,100,3,71.1,21.6,68.2,1.7,1e-06,50,0.45,0.55,False,900.0,1,nan,nan,10.216433421959788,vittima non trovata entro 15 minuti
395,100,3,71.8,39.6,75.3,1.86,1e-06,80,0.60,0.58,True,77.5,3,0.003015083043613267,0.05490977184084147,0.027774009485245017,
385,100,3,80.6,77.2,104.5,2.19,1e-06,25,0.60,0.58,True,117.0,3,0.004007327597507292,0.0633034564420245,0.13336048092055888,
398,100,3,19.8,31.2,30.1,2.55,1e-06,120,0.45,0.55,True,57.1,3,0.004357613894036548,0.06601222533770959,1.3641623927908035,
396,100,3,63.5,75.0,91.2,1.44,1e-06,120,center,center,False,77.2,3,0.027768225569240967,0.166638007577026,13.220306340586482,vittima non trovata entro 15 minuti
400,100,3,30.9,71.9,71.7,4.1,1e-06,120,0.60,0.58,True,70.5,3,0.0024898835383725484,0.04989873283333504,0.17941278198043548,
401,100,3,63.0,66.5,84.5,1.96,1e-05,25,center,center,True,76.2,3,0.00431285446276011,0.06567232646069507,0.10643806275077933,
397,100,3,35.5,67.8,69.8,4.17,1e-06,120,0.35,0.40,True,85.30000000000001,3,0.002806739233622929,0.052978667722234474,0.16144194531615122,
399,100,3,61.4,36.7,64.7,2.61,1e-06,120,0.60,0.45,True,85.2,3,0.0037791593253534784,0.06147486742851487,1.1527035456967905,
405,100,3,31.1,70.7,70.7,2.71,1e-05,25,0.60,0.58,True,64.0,3,0.0011195997021022925,0.03346041993314328,0.14501393910560725,
406,100,3,47.1,26.7,47.3,4.43,1e-05,50,center,center,True,64.0,3,0.0019304143256734367,0.043936480579052264,0.18360384107848282,
403,100,3,79.5,64.2,95.2,3.63,1e-05,25,0.45,0.55,True,80.4,3,0.002534069534818586,0.05033954245738221,0.034505318339010146,
404,100,3,75.1,58.0,87.8,3.64,1e-05,25,0.60,0.45,True,79.30000000000001,3,0.006032749251108298,0.07767077475542714,0.15703376643879124,
411,100,3,32.5,72.3,72.7,3.93,1e-05,80,center,center,True,54.1,3,0.004933148856698033,0.07023637844235729,3.9850659409253897,
415,100,3,13.6,9.3,9.6,2.83,1e-05,80,0.60,0.58,True,23.8,3,0.003443104326601263,0.05867797139132592,1.681307763354956,
407,100,3,22.5,67.0,64.5,2.23,1e-05,50,0.35,0.40,True,80.5,3,0.0042599653538340655,0.06526841007588637,0.15275217378576297,
412,100,3,39.3,40.5,49.4,3.82,1e-05,80,0.35,0.40,True,55.300000000000004,3,0.0035378637377026525,0.05947994399545659,0.2470341687831705,
409,100,3,39.8,10.1,35.2,1.37,1e-05,50,0.60,0.45,True,64.10000000000001,3,0.0020373342218345963,0.045136838855136904,5.729420605137726,
408,100,3,24.4,27.5,29.7,1.17,1e-05,50,0.45,0.55,True,87.0,3,0.003234681373304081,0.05687425932092725,0.3707814353238552,
410,100,3,67.3,10.6,62.6,3.74,1e-05,50,0.60,0.58,True,72.9,3,0.004321082653538819,0.06573494240918462,0.18536547234336564,
402,100,3,80.6,30.7,79.8,1.36,1e-05,25,0.35,0.40,True,103.9,3,0.004180680984097176,0.06465818574702802,0.7468482462984607,
413,100,3,72.1,14.8,67.8,4.04,1e-05,80,0.45,0.55,True,69.9,3,0.004775177902815003,0.06910266205302805,0.40192141982078705,
238,100,3,38.6,19.5,36.6,4.82,1e-05,120,0.45,0.55,False,900.0,1,6.731613057885967e-29,8.204640795236539e-15,36.522092412017905,vittima non trovata entro 15 minuti
419,100,3,44.9,55.6,64.5,1.99,1e-05,120,0.60,0.45,True,52.1,3,0.00510884808759312,0.07147620644377484,0.09188583499400739,
420,100,3,43.9,59.7,67.2,1.1,1e-05,120,0.60,0.58,True,54.2,3,0.007203933958635573,0.08487599165038116,0.10423793847076938,
418,100,3,57.4,37.3,61.6,2.34,1e-05,120,0.45,0.55,True,64.60000000000001,3,0.003763999132139047,0.061351439527846836,0.11952711579368597,
417,100,3,76.2,54.2,86.5,3.0,1e-05,120,0.35,0.40,True,77.2,3,0.004110415007888875,0.06411251833993792,1.8022285782435916,
414,100,3,21.1,40.5,39.0,4.84,1e-05,80,0.60,0.45,True,94.10000000000001,3,0.005604743010676885,0.07486483160120569,4.579092435316382,
423,100,3,34.2,42.3,47.4,4.4,1e-07,25,0.45,0.55,True,80.30000000000001,3,0.008423450533694496,0.09177935788451833,1.0299271810183923,
247,100,3,77.4,16.8,73.3,1.08,1e-07,50,0.35,0.40,False,900.0,2,1.0097419586828951e-28,1.0048591735576161e-14,2.304458180036586,vittima non trovata entro 15 minuti
422,100,3,63.8,66.2,84.8,2.56,1e-07,25,0.35,0.40,True,100.4,3,0.0015248128206215498,0.039048851719628706,0.24760723189961803,
248,100,3,80.3,38.1,82.2,4.06,1e-07,50,0.45,0.55,False,900.0,2,0.0,0.0,0.19290488099551112,vittima non trovata entro 15 minuti
425,100,3,74.0,63.7,90.6,3.52,1e-07,25,0.60,0.58,True,102.9,3,0.0017926464279821312,0.042339655501457865,0.32421255593544696,
427,100,3,49.9,47.6,61.9,2.82,1e-07,50,0.35,0.40,True,99.30000000000001,3,0.01935553960266328,0.1391241876981256,0.381661658615483,
428,100,3,23.7,72.2,69.8,3.69,1e-07,50,0.45,0.55,True,95.10000000000001,3,0.004553275937939465,0.06747796631449013,1.014431234313726,
249,100,3,75.5,12.7,70.9,1.23,1e-07,50,0.60,0.45,False,900.0,2,2.524354896707238e-29,5.0242958677880805e-15,20.583137875467017,vittima non trovata entro 15 minuti
429,100,3,28.9,47.5,48.8,3.48,1e-07,50,0.60,0.45,True,88.5,3,0.0043247337642167375,0.06576270800550063,0.5871172813347572,
254,100,3,67.7,48.3,76.2,3.35,1e-07,80,0.60,0.45,False,900.0,2,0.0,0.0,1.69902968493701,vittima non trovata entro 15 minuti
430,100,3,17.8,56.0,52.6,2.77,1e-07,50,0.60,0.58,True,93.7,3,0.00489074975716196,0.06993389562409605,0.09440628318409884,
252,100,3,70.6,48.0,78.5,4.34,1e-07,80,0.35,0.40,False,900.0,2,1.0097419586828951e-28,1.0048591735576161e-14,1.421041494407905,vittima non trovata entro 15 minuti
432,100,3,56.2,50.7,68.7,4.08,1e-07,80,0.35,0.40,True,105.9,3,0.01855700229848656,0.13622408853975335,0.5092958507593773,
435,100,3,55.8,64.9,78.5,4.91,1e-07,80,0.60,0.58,True,98.80000000000001,3,0.007871177726900868,0.08871965806348031,0.2528062062464139,
438,100,3,24.9,41.7,41.7,3.03,1e-07,120,0.45,0.55,True,67.9,3,0.003933803721702793,0.0627200424242745,0.8877808694193291,
441,100,3,32.2,61.3,62.5,4.31,1e-06,25,center,center,False,64.4,3,0.0014147777793208837,0.037613531864488396,10.359600530056802,vittima non trovata entro 15 minuti
434,100,3,68.3,68.6,89.7,4.97,1e-07,80,0.60,0.45,True,120.2,3,0.005014703207561985,0.07081456917585523,0.18390194572366445,
264,100,3,72.4,15.5,68.2,2.68,1e-06,25,0.60,0.45,False,900.0,2,16.4610710081279,4.057224544947926,4.808599059785682,vittima non trovata entro 15 minuti
437,100,3,33.3,63.2,64.7,1.23,1e-07,120,0.35,0.40,True,87.80000000000001,3,0.007520628601434377,0.08672155788173075,0.270809520353418,
444,100,3,56.2,72.1,84.4,1.4,1e-06,25,0.60,0.45,False,71.9,3,0.014650344573151815,0.12103860777930245,15.06190083606387,vittima non trovata entro 15 minuti
449,100,3,19.8,12.8,16.7,3.35,1e-06,50,0.60,0.45,True,28.700000000000003,3,0.0059891531971869175,0.07738961944076814,1.0329328369502682,
445,100,3,22.1,39.9,38.9,4.47,1e-06,25,0.60,0.58,True,71.7,3,0.004595177985022405,0.06778774214430221,1.7922209944828436,
442,100,3,77.4,67.2,95.5,2.12,1e-06,25,0.35,0.40,False,87.2,3,0.028598144312145815,0.16910985870772235,12.326879131887207,vittima non trovata entro 15 minuti
440,100,3,19.8,56.9,53.9,4.54,1e-07,120,0.60,0.58,True,94.0,3,0.003356719817018386,0.057937205809552,0.24469379308879935,
436,100,3,77.1,74.4,100.1,1.54,1e-07,120,center,center,True,120.30000000000001,3,0.003436269293273455,0.058619700555985914,0.5057087534058281,
448,100,3,45.1,40.1,53.3,3.53,1e-06,50,0.45,0.55,True,67.5,3,0.0058040586665412865,0.07618437284995713,0.3624653608607647,
439,100,3,75.8,54.7,86.5,3.26,1e-07,120,0.60,0.45,True,119.2,3,0.00358526720782456,0.05987710086355685,0.21459372188674622,
443,100,3,54.3,69.9,81.5,4.38,1e-06,25,0.45,0.55,True,112.5,3,0.0028852995986107053,0.053714984860937134,0.19035772115351443,
272,100,3,65.9,16.8,62.1,3.39,1e-06,80,0.35,0.40,False,900.0,2,6.310887241768095e-30,2.5121479338940403e-15,0.2949931957482049,vittima non trovata entro 15 minuti
416,100,3,37.3,21.8,36.4,4.94,1e-05,120,center,center,True,244.0,3,0.0035382891095555747,0.05948351964666831,0.016058215238583955,
450,100,3,49.5,27.7,50.0,2.21,1e-06,50,0.60,0.58,True,66.3,3,0.005961796330119616,0.07721266949225118,1.0378086921713063,
451,100,3,79.7,37.1,81.3,3.59,1e-06,80,center,center,True,78.5,3,0.005732466941144684,0.07571305660944276,0.1552553920647221,
455,100,3,17.5,60.3,56.7,1.99,1e-06,80,0.60,0.58,True,65.5,3,0.01886963512152505,0.13736679046088632,0.7559218460247675,
275,100,3,42.9,10.4,38.3,2.87,1e-06,80,0.60,0.58,False,900.0,2,0.0,0.0,1.4619715718209043,vittima non trovata entro 15 minuti
453,100,3,44.4,71.0,76.9,2.28,1e-06,80,0.45,0.55,True,85.60000000000001,3,0.021724591938952667,0.14739264547104333,4.576140782966038,
283,100,3,64.1,12.9,59.6,1.38,1e-05,25,0.45,0.55,False,900.0,2,1.0255191767873153e-28,1.0126792072454708e-14,27.32197506032243,vittima non trovata entro 15 minuti
456,100,3,62.2,78.8,93.3,1.19,1e-06,120,center,center,False,78.30000000000001,3,0.026206576451463674,0.16188445401416307,12.297288551117223,vittima non trovata entro 15 minuti
460,100,3,28.7,58.4,58.4,3.93,1e-06,120,0.60,0.58,False,62.1,3,0.028285069212345082,0.16818165539780217,17.598252037418824,vittima non trovata entro 15 minuti
457,100,3,41.6,12.2,37.3,2.11,1e-06,120,0.35,0.40,True,73.0,3,0.006597492675947954,0.0812249510676858,9.82008265097342,
458,100,3,78.2,30.3,77.5,4.6,1e-06,120,0.45,0.55,True,77.4,3,0.0012916193362767915,0.03593910594709879,0.22407489053383708,
459,100,3,20.4,53.4,50.8,3.68,1e-06,120,0.60,0.45,True,76.80000000000001,3,0.0012098158446093117,0.03478240711350081,0.2553891994596724,
465,100,3,44.3,24.6,43.9,3.85,1e-05,25,0.60,0.58,True,56.6,3,0.0020048483622287856,0.044775533075875104,3.728910651447978,
463,100,3,31.6,77.0,76.8,1.36,1e-05,25,0.45,0.55,True,66.8,3,0.0011772038686829766,0.03431040467093002,1.00805643863138,
468,100,3,38.0,31.8,42.5,3.15,1e-05,50,0.45,0.55,True,55.5,3,0.0030503560624445696,0.055230028629764165,0.08655605780327358,
461,100,3,70.4,64.6,88.5,4.44,1e-05,25,center,center,True,84.0,3,0.0013466037887691462,0.036696100457257665,0.12881791315878327,
462,100,3,75.9,28.9,74.8,4.49,1e-05,25,0.35,0.40,True,78.9,3,0.0022198306479476364,0.04711507877471539,2.745303161404842,
466,100,3,73.8,36.1,75.5,1.48,1e-05,50,center,center,True,73.7,3,0.004938317968566229,0.07027316677485247,0.08759726512401628,
476,100,3,15.6,38.3,34.9,1.12,1e-05,120,center,center,True,48.7,3,0.001947162984892468,0.044126669768887704,0.7300506736082852,
472,100,3,44.4,29.4,46.3,4.02,1e-05,80,0.35,0.40,True,57.2,3,0.0018621072980466277,0.0431521412915585,5.207600155170241,
475,100,3,37.4,34.1,43.5,4.62,1e-05,80,0.60,0.58,True,55.5,3,0.0009051288370778738,0.030085359181466886,3.6150976742026524,
470,100,3,61.8,26.9,60.9,1.93,1e-05,50,0.60,0.58,True,66.8,3,0.004999448022763983,0.07070677494246208,0.1839574566560277,
471,100,3,46.4,9.8,41.7,1.08,1e-05,80,center,center,True,64.4,3,0.0010810250350302857,0.03287894516298061,0.4814788297466287,
487,100,3,21.4,11.4,17.6,3.31,1e-07,50,0.35,0.40,True,0.2,3,0.028123135433146325,0.16769953915603442,4.51988386210949,
454,100,3,62.6,35.1,65.0,1.22,1e-06,80,0.60,0.45,True,143.9,3,0.0012183381294354832,0.03490470067821071,0.9826406880029507,
477,100,3,48.2,55.4,66.4,2.22,1e-05,120,0.35,0.40,True,54.6,3,0.005308439173013857,0.07285903631680737,0.03248101634973157,
474,100,3,66.5,56.1,80.0,1.72,1e-05,80,0.60,0.45,True,77.5,3,0.00576966460930862,0.07595830836260521,0.07843550092035635,
433,100,3,80.5,39.7,83.1,2.27,1e-07,80,0.45,0.55,True,277.3,3,0.001688345099115647,0.04108947674424252,0.15665287444359596,
467,100,3,24.6,55.2,53.9,4.6,1e-05,50,0.35,0.40,True,110.0,3,0.005176281467702266,0.07194637911460358,0.046009404848023565,
478,100,3,15.4,72.5,68.3,3.53,1e-05,120,0.45,0.55,True,58.6,3,0.0052854546274153135,0.0727011322292529,1.73524667571568,
479,100,3,46.0,11.0,41.4,2.54,1e-05,120,0.60,0.45,True,56.5,3,0.004500640052523433,0.06708680982520657,3.2982414938647424,
485,100,3,36.9,12.6,32.8,3.96,1e-07,25,0.60,0.58,True,39.7,3,0.004516227056649261,0.06720287982407645,1.371268959381597,
496,100,3,15.5,14.8,14.3,2.78,1e-07,120,center,center,True,0.2,3,4.4246687221051735e-05,0.00665181833945063,1.2738207202890575,
480,100,3,69.8,42.5,74.9,2.12,1e-05,120,0.60,0.58,True,74.3,3,0.004012858748131914,0.06334712896518606,0.03374137609040602,
473,100,3,80.0,26.2,78.0,4.73,1e-05,80,0.45,0.55,True,118.2,3,0.004393693370891052,0.06628494075497882,0.15266383889425927,
482,100,3,42.1,41.1,51.7,3.28,1e-07,25,0.35,0.40,True,76.10000000000001,3,4.3589632978632393e-07,0.0006602244540959718,0.4537538422812002,
307,100,3,77.6,31.4,77.3,2.78,1e-07,50,0.35,0.40,False,900.0,2,1.0097419586828951e-28,1.0048591735576161e-14,14.407261617051166,vittima non trovata entro 15 minuti
486,100,3,46.6,14.6,42.7,4.0,1e-07,50,center,center,True,71.9,3,0.0033359408227228832,0.05775760402512282,0.6507322886958026,
492,100,3,32.3,23.6,33.1,1.71,1e-07,80,0.35,0.40,True,57.300000000000004,3,0.01427004518478257,0.11945729439754849,0.2982478241079756,
493,100,3,28.1,31.2,34.9,1.49,1e-07,80,0.45,0.55,True,54.7,3,0.007311586480803147,0.08550781532002293,0.37219770791660545,
484,100,3,35.7,40.5,46.9,2.86,1e-07,25,0.60,0.45,True,80.0,3,0.00414586386109454,0.06438838296691834,0.9298356893508328,
491,100,3,20.9,51.1,48.8,4.75,1e-07,80,center,center,True,77.7,3,0.0031923875311345227,0.05650121707657741,4.593060484436385,
488,100,3,23.1,72.0,69.4,1.76,1e-07,50,0.45,0.55,True,96.30000000000001,3,0.003671522841777617,0.0605930923602486,0.5603382826095803,
483,100,3,66.3,64.8,85.6,4.24,1e-07,25,0.45,0.55,True,109.0,3,0.0019850152345744707,0.04455350978962792,0.46001309704439874,
489,100,3,63.1,55.0,76.6,4.67,1e-07,50,0.60,0.45,True,101.5,3,0.002384746846858281,0.048833869873872185,0.2602875504192714,
490,100,3,57.8,41.8,64.4,3.05,1e-07,50,0.60,0.58,True,93.80000000000001,3,0.003926945463526163,0.06266534499646645,0.18136990548577786,
494,100,3,19.1,55.2,52.1,2.57,1e-07,80,0.60,0.45,True,92.30000000000001,3,0.0028345743318405415,0.053240720617216866,0.0500208031133225,
498,100,3,42.8,65.5,71.3,3.38,1e-07,120,0.45,0.55,True,93.2,3,0.009174432660703525,0.09578325877053633,0.7779239916154564,
504,100,3,21.9,52.1,50.0,2.99,1e-06,25,0.60,0.45,True,65.3,3,0.002630364330653765,0.051287077618575275,3.6759130875514856,
499,100,3,43.2,62.1,68.7,3.38,1e-07,120,0.60,0.45,True,94.10000000000001,3,0.00426957951797189,0.06534201954310787,0.04401147155407499,
497,100,3,64.7,67.4,86.3,4.36,1e-07,120,0.35,0.40,True,101.7,3,0.0022445836518077706,0.04737703717844512,0.2517406094228328,
501,100,3,69.3,63.5,86.9,1.12,1e-06,25,center,center,True,86.80000000000001,3,0.009038026657789956,0.09506853663431428,0.35181103081983317,
502,100,3,47.2,32.9,50.6,1.51,1e-06,25,0.35,0.40,True,80.80000000000001,3,0.0012421361551217657,0.03524395203608366,0.39859012651803327,
505,100,3,46.6,37.0,52.5,1.72,1e-06,25,0.60,0.58,True,81.2,3,0.0126551284796133,0.11249501535451827,0.8259826233799076,
507,100,3,54.5,31.9,56.3,2.52,1e-06,50,0.35,0.40,True,68.5,3,0.00686013108203437,0.08282590827775069,1.2136234987031165,
500,100,3,57.5,72.0,85.1,4.48,1e-07,120,0.60,0.58,True,103.80000000000001,3,0.008509324785410463,0.09224600146028261,0.2105594145251892,
503,100,3,39.0,64.8,68.8,3.89,1e-06,25,0.45,0.55,True,87.5,3,0.005519210720072964,0.07429139061878545,0.021456561343944712,
511,100,3,34.4,41.1,46.5,3.4,1e-06,80,center,center,True,63.7,3,0.0028642048643362328,0.05351826664173862,3.004553950687623,
509,100,3,42.6,58.1,65.1,2.61,1e-06,50,0.60,0.45,True,69.8,3,0.0011797732130331049,0.03434782690408674,0.22635342563869634,
506,100,3,74.9,77.6,100.7,1.04,1e-06,50,center,center,False,89.60000000000001,3,0.027876485664476935,0.1669625277254658,15.09550858213356,vittima non trovata entro 15 minuti
510,100,3,69.6,65.7,88.7,4.24,1e-06,50,0.60,0.58,True,84.60000000000001,3,0.0018884156578784224,0.04345590475273093,0.0667495917618185,
512,100,3,22.6,29.9,30.5,2.39,1e-06,80,0.35,0.40,True,54.0,3,0.005016732929456048,0.07082889897108417,0.10154111792715755,
513,100,3,24.2,44.1,43.5,3.91,1e-06,80,0.45,0.55,True,61.900000000000006,3,0.004676173647793011,0.06838255367996292,1.3713563917637628,
516,100,3,13.2,28.4,24.9,3.07,1e-06,120,center,center,True,59.400000000000006,3,0.0385898519953721,0.19644299935444912,2.7391973064023882,
514,100,3,47.4,67.5,75.6,3.72,1e-06,80,0.60,0.45,True,68.5,3,0.005663557200041744,0.07525660901237674,0.06076109119867302,
517,100,3,45.6,57.7,66.5,1.63,1e-06,120,0.35,0.40,True,67.3,3,0.0021667115958833734,0.04654794942726665,0.0698339593780028,
334,100,3,41.5,11.4,37.1,4.44,1e-06,80,0.60,0.45,False,900.0,2,1.5777218104420236e-30,1.2560739669470201e-15,3.963452487747886,vittima non trovata entro 15 minuti
519,100,3,17.9,30.9,28.9,4.71,1e-06,120,0.60,0.45,True,66.4,3,0.0007524674532020121,0.02743114020965975,3.5513222940180924,
521,100,3,67.6,50.6,77.5,2.12,1e-05,25,center,center,True,67.9,3,0.004482199462661394,0.06694923048595401,0.03259588805091795,
523,100,3,13.1,61.1,56.7,4.58,1e-05,25,0.45,0.55,True,58.400000000000006,3,0.0016341728574448453,0.04042490392622901,2.6504010720009843,
524,100,3,62.9,31.4,63.7,4.65,1e-05,25,0.60,0.45,True,55.400000000000006,3,0.0022300419992455404,0.047223320502115695,3.115487709088771,
520,100,3,65.8,20.6,62.8,2.68,1e-06,120,0.60,0.58,True,84.10000000000001,3,0.007588801285434415,0.0871137261597414,0.37068317905119097,
518,100,3,64.8,69.4,87.9,3.67,1e-06,120,0.45,0.55,True,89.80000000000001,3,0.0035717272173287494,0.05976392906535471,0.3070030507590514,
525,100,3,19.0,68.8,65.3,3.83,1e-05,25,0.60,0.58,True,57.1,3,0.002435387561434901,0.049349646011242074,0.07240043618244683,
522,100,3,61.9,65.5,83.1,3.92,1e-05,25,0.35,0.40,True,84.0,3,0.0044240485599406475,0.06651352163237673,0.10793006289652614,
528,100,3,62.6,27.6,61.8,2.59,1e-05,50,0.45,0.55,True,67.2,3,0.004733248704699518,0.06879860975847926,0.012400961794961212,
527,100,3,66.3,38.6,69.9,4.08,1e-05,50,0.35,0.40,True,72.0,3,0.0012082219809594862,0.03475948763948465,2.8114778338091924,
532,100,3,66.8,35.9,69.2,3.55,1e-05,80,0.35,0.40,True,63.6,3,0.004846924161751864,0.0696198546519013,4.100543896604394,
540,100,3,13.7,11.7,11.0,2.68,1e-05,120,0.60,0.58,True,23.700000000000003,3,0.003225825931081348,0.05679635491016433,1.33787959789244,
534,100,3,14.4,65.3,61.0,1.48,1e-05,80,0.60,0.45,True,57.6,3,0.0013797059098945915,0.03714439271134462,0.33861947728059344,
530,100,3,59.7,55.9,74.8,4.31,1e-05,50,0.60,0.58,True,81.2,3,0.00392945923477764,0.06268539889621537,0.11526373619475888,
526,100,3,56.9,76.7,88.5,3.92,1e-05,50,center,center,True,100.4,3,0.0042618583629602715,0.06528291019064845,3.5537780424956438,
469,100,3,13.7,31.6,28.0,4.56,1e-05,50,0.60,0.45,True,326.70000000000005,3,0.00014588461782180661,0.012078270481397849,3.8943917124098446,
529,100,3,19.1,50.2,47.3,1.49,1e-05,50,0.60,0.45,True,88.80000000000001,3,0.0029149684470966453,0.05399044773936076,0.5842093411354894,
537,100,3,31.5,53.9,55.6,2.36,1e-05,120,0.35,0.40,True,51.800000000000004,3,0.00448987772267976,0.06700654984909879,0.06539831536228155,
535,100,3,61.0,22.8,58.8,2.26,1e-05,80,0.60,0.58,True,68.4,3,0.0033987185855805673,0.05829852987495111,0.09456815453055546,
538,100,3,11.5,57.1,52.6,3.92,1e-05,120,0.45,0.55,True,56.5,3,0.0027260525874307304,0.052211613530236074,2.258926940475558,
548,100,3,16.2,25.0,22.9,4.02,1e-07,50,0.45,0.55,True,24.8,3,0.015822360195905855,0.12578696353718796,0.7757703595673483,
539,100,3,10.7,75.8,71.0,2.21,1e-05,120,0.60,0.45,True,60.400000000000006,3,0.003971286164107273,0.0630181415475518,0.18556954631909325,
536,100,3,68.8,59.8,84.1,2.81,1e-05,120,center,center,True,78.0,3,0.0041340773199107644,0.06429679089900805,0.07146664702792181,
533,100,3,21.5,73.8,70.8,3.89,1e-05,80,0.45,0.55,True,94.5,3,0.0023828929130375012,0.048814884134221824,2.106285263912675,
531,100,3,28.0,25.8,31.0,2.65,1e-05,80,center,center,True,104.30000000000001,3,0.008949259587589466,0.09460052636000217,3.359771095631094,
360,100,3,34.0,12.3,29.9,4.88,1e-05,120,0.60,0.58,False,900.0,2,0.0,0.0,23.844288654518703,vittima non trovata entro 15 minuti
356,100,3,20.0,78.5,75.0,2.87,1e-05,120,center,center,False,900.0,2,0.03321577180719316,0.18225194596270614,2.676086934556677,vittima non trovata entro 15 minuti
550,100,3,22.3,33.4,33.2,1.46,1e-07,50,0.60,0.58,True,52.900000000000006,3,0.004115303357215547,0.06415063021682287,0.37172660272704694,
542,100,3,20.1,41.6,39.6,4.72,1e-07,25,0.35,0.40,True,66.10000000000001,3,0.004125117679656222,0.06422707902167295,0.05852033760468091,
541,100,3,55.0,11.7,50.5,1.83,1e-07,25,center,center,True,89.0,3,0.0030835680448356357,0.05552988425015521,1.4400653129936947,
555,100,3,22.4,23.5,25.4,4.51,1e-07,80,0.60,0.58,True,39.900000000000006,3,0.003909517041700692,0.06252613087102617,0.7816393569952718,
368,100,3,76.7,24.1,74.2,3.9,1e-07,50,0.45,0.55,False,900.0,2,1.0097419586828951e-28,1.0048591735576161e-14,0.34422629556866907,vittima non trovata entro 15 minuti
545,100,3,33.5,40.8,45.8,3.71,1e-07,25,0.60,0.58,True,80.30000000000001,3,0.004266006906490982,0.06531467604214984,0.3729740864136114,
546,100,3,36.6,41.0,47.9,1.73,1e-07,50,center,center,True,81.7,3,0.0034806735922894593,0.058997233768113735,1.6242309977667577,
543,100,3,38.9,68.8,72.3,4.21,1e-07,25,0.45,0.55,True,91.7,3,0.007788388305337844,0.08825184590328887,1.2656718988473887,
544,100,3,38.3,63.9,67.6,2.19,1e-07,25,0.60,0.45,True,96.4,3,0.0037396316754545176,0.06115252795636921,0.3332434179164246,
557,100,3,28.9,27.2,32.7,4.14,1e-07,120,0.35,0.40,True,55.5,3,0.003788238135473867,0.06154866477409455,0.31151908143332796,
547,100,3,27.1,79.6,77.8,4.53,1e-07,50,0.35,0.40,True,96.4,3,0.004321924252239945,0.06574134355365689,0.1436674320643243,
551,100,3,38.1,34.8,44.5,3.77,1e-07,80,center,center,True,81.5,3,0.008483315954522803,0.09210491818856799,2.2273661807939003,
549,100,3,49.9,42.8,58.7,1.73,1e-07,50,0.60,0.45,True,90.9,3,0.0041641737228353525,0.06453040928767888,0.1257976673980644,
552,100,3,39.8,72.5,76.0,1.1,1e-07,80,0.35,0.40,True,89.9,3,0.007166010159079084,0.0846522897450452,0.532440741932973,
559,100,3,32.9,20.6,32.0,3.28,1e-07,120,0.60,0.45,True,53.5,3,0.015998320440905503,0.12648446719224263,1.1473872524994506,
560,100,3,38.4,17.3,35.6,4.58,1e-07,120,0.60,0.58,True,56.5,3,0.004148462465022878,0.06440855894229336,1.0652041312588434,
565,100,3,13.3,25.0,21.6,2.06,1e-06,25,0.60,0.58,True,39.6,3,0.0026225635758047286,0.05121097124449729,0.5625519734796127,
562,100,3,50.0,34.8,53.9,2.98,1e-06,25,0.35,0.40,True,64.2,3,0.0007755899106199372,0.02784941490624062,1.863366372587976,
556,100,3,61.1,46.8,70.0,4.39,1e-07,120,center,center,True,103.2,3,0.0031255609735646615,0.05590671671243681,0.35649075427297,
553,100,3,33.6,65.2,66.6,2.94,1e-07,80,0.45,0.55,True,110.4,3,0.009023011060962602,0.09498953132299687,0.8561943701450946,
576,100,3,13.3,10.7,10.1,1.27,1e-06,120,center,center,True,7.6000000000000005,3,0.002078843086062451,0.045594331731723524,1.2701649693623935,
558,100,3,28.1,55.0,55.0,2.74,1e-07,120,0.45,0.55,True,96.5,3,0.006086812929131086,0.07801802951325473,0.8090024635371874,
568,100,3,22.0,44.8,43.3,2.19,1e-06,50,0.45,0.55,True,60.2,3,0.002003429454163676,0.04475968559053645,0.9498758822096799,
564,100,3,40.2,39.1,49.0,4.55,1e-06,25,0.60,0.45,True,65.10000000000001,3,0.0019815324997545887,0.04451440777719713,3.1923443945642096,
569,100,3,28.1,41.6,43.3,4.64,1e-06,50,0.60,0.45,True,57.2,3,0.002152574884119781,0.046395849858794275,0.9799168586032058,
554,100,3,65.7,43.1,71.7,5.0,1e-07,80,0.60,0.45,True,125.10000000000001,3,0.004307213036956107,0.06562936108904388,0.17036122255163935,
566,100,3,33.9,67.5,68.9,4.18,1e-06,50,center,center,True,70.10000000000001,3,0.0025344533176003053,0.050343354254561795,3.6268092773792366,
571,100,3,43.9,50.4,59.8,4.26,1e-06,80,center,center,True,68.2,3,0.0036635993787936475,0.060527674486912576,3.029808517790075,
567,100,3,50.7,38.3,56.6,4.95,1e-06,50,0.35,0.40,True,78.5,3,0.022830677201335477,0.1510982369233191,1.6300072407980077,
386,100,3,78.9,13.8,74.4,4.81,1e-06,50,center,center,False,900.0,2,59.035948400482965,7.683485433088486,7.559510272340645,vittima non trovata entro 15 minuti
563,100,3,73.5,77.4,99.7,4.0,1e-06,25,0.45,0.55,False,110.30000000000001,3,0.019360450624758444,0.13914183635685726,19.820241321669677,vittima non trovata entro 15 minuti
573,100,3,38.3,77.9,80.2,3.11,1e-06,80,0.45,0.55,True,75.8,3,0.0014948560347488923,0.03866336812473652,1.2905535656964702,
577,100,3,9.1,57.1,52.2,4.86,1e-06,120,0.35,0.40,True,67.60000000000001,3,0.0026834930321422553,0.05180244233761817,0.24918648648268132,
580,100,3,29.8,53.1,54.1,2.67,1e-06,120,0.60,0.58,True,61.1,3,0.004396660837302767,0.06630732114406951,0.044468976449491285,
572,100,3,66.6,78.0,95.5,4.98,1e-06,80,0.35,0.40,True,93.9,3,0.004015851071704058,0.0633707430262898,0.3131449397191988,
392,100,3,71.1,9.6,66.3,2.86,1e-06,80,0.35,0.40,False,900.0,1,nan,nan,6.0911644516385435,vittima non trovata entro 15 minuti
578,100,3,79.4,13.6,74.9,3.07,1e-06,120,0.45,0.55,True,75.8,3,0.010342442116232049,0.10169779799106787,8.360285053564441,
575,100,3,72.6,52.8,82.8,1.75,1e-06,80,0.60,0.58,True,82.10000000000001,3,0.005026695265840515,0.07089919086872935,0.08195481568234428,
574,100,3,70.0,79.0,98.5,1.67,1e-06,80,0.60,0.45,False,90.4,3,0.0134414082422858,0.11593708743230442,10.35102394554068,vittima non trovata entro 15 minuti
584,100,3,34.6,75.8,76.8,4.2,1e-05,25,0.60,0.45,True,66.0,3,0.002186272434340696,0.0467575922641521,0.15634513418716997,
587,100,3,15.2,64.0,59.9,4.37,1e-05,50,0.35,0.40,True,58.0,3,0.0038320690493807213,0.06190370788071359,0.2419375631868167,
579,100,3,59.5,77.4,90.6,1.96,1e-06,120,0.60,0.45,True,91.4,3,0.006618907703715798,0.08135666969410559,1.5902373295877326,
585,100,3,19.0,54.6,51.6,3.93,1e-05,25,0.60,0.58,True,85.2,3,0.003163970009528047,0.05624917785646335,0.07190326396064928,
594,100,3,10.0,34.0,29.4,3.99,1e-05,80,0.60,0.45,True,30.8,3,0.0020627854975705314,0.04541789842749807,2.7253978270918906,
588,100,3,9.0,15.2,11.0,4.48,1e-05,50,0.45,0.55,True,63.6,3,0.0009499027364573175,0.030820492151445562,3.457408069171584,
583,100,3,25.1,32.8,34.3,3.27,1e-05,25,0.45,0.55,True,91.7,3,0.0033655373238887973,0.058013251278382916,1.8337670932502845,
604,100,3,25.3,10.7,21.1,2.9,1e-07,25,0.60,0.45,True,0.2,3,0.023607892437933452,0.15364860050756549,7.879141558878557,
595,100,3,31.6,22.7,31.9,2.56,1e-05,80,0.60,0.58,True,40.0,3,0.0022556543847589462,0.04749372995205731,3.4053848763893946,
592,100,3,15.2,33.7,30.5,2.94,1e-05,80,0.35,0.40,True,47.1,3,0.0037245951498408934,0.061029461326812424,0.2547741690637773,
586,100,3,50.1,28.8,51.0,2.0,1e-05,50,center,center,True,89.10000000000001,3,0.0007734012064847336,0.027810091810073795,0.1569136530176207,
590,100,3,76.0,35.7,77.4,4.02,1e-05,50,0.60,0.58,True,66.7,3,0.005437957689434293,0.07374250937847378,0.12392436845114266,
591,100,3,59.8,54.3,73.8,3.05,1e-05,80,center,center,True,56.900000000000006,3,0.004270511280088757,0.06534914903874998,0.11461054438524977,
598,100,3,34.0,15.5,30.8,1.65,1e-05,120,0.45,0.55,True,35.9,3,0.0022553220546471294,0.04749023114964939,0.05040276189625853,
599,100,3,30.4,53.0,54.3,2.93,1e-05,120,0.60,0.45,True,48.1,3,0.002594858054535342,0.05093974925866187,0.14747728284833447,
589,100,3,24.7,29.8,31.7,2.64,1e-05,50,0.60,0.45,True,97.7,3,0.002728566986808825,0.05223568690855731,2.215443822780631,
597,100,3,56.0,70.3,82.9,4.48,1e-05,120,0.35,0.40,True,66.0,3,0.0018040986160097342,0.04247468205895995,0.2332190556445806,
593,100,3,74.6,12.3,70.0,1.38,1e-05,80,0.45,0.55,True,70.60000000000001,3,0.0016169487588760102,0.04021130138252193,0.3153751089890231,
600,100,3,25.1,64.9,63.1,1.77,1e-05,120,0.60,0.58,True,79.4,3,0.0027096410342978073,0.05205421245488022,0.2944065011259301,
596,100,3,50.4,62.5,73.3,2.77,1e-05,120,center,center,True,102.2,3,0.004368653753291904,0.06609579225103443,1.3673573103641004,
616,100,3,14.6,25.2,22.3,4.94,1e-07,120,center,center,True,23.200000000000003,3,0.01985731630563969,0.14091599024113513,4.52019068400308,
601,100,3,46.8,48.9,60.6,3.62,1e-07,25,center,center,True,90.30000000000001,3,0.003847247084312974,0.0620261806361876,0.31407618663986114,
602,100,3,34.6,58.0,60.7,1.75,1e-07,25,0.35,0.40,True,97.2,3,0.001375788293367733,0.03709162025805469,0.6228211005275126,
610,100,3,30.7,64.2,64.5,3.2,1e-07,50,0.60,0.58,True,89.9,3,0.0032819765419801502,0.0572885376142571,0.1501321075890247,
611,100,3,47.7,51.5,63.1,1.57,1e-07,80,center,center,True,93.80000000000001,3,0.0037283897962949964,0.06106054205700271,0.44276006596554857,
605,100,3,30.1,73.4,72.9,3.97,1e-07,25,0.60,0.58,True,101.30000000000001,3,0.0028308651093255028,0.05320587476327687,0.4185392335738816,
606,100,3,13.3,59.2,54.8,4.98,1e-07,50,center,center,True,102.4,3,0.002098554304860432,0.04580998040668029,4.511245461079713,
421,100,3,65.2,37.5,68.4,1.73,1e-07,25,center,center,False,900.0,2,0.0,0.0,7.121610093233865,vittima non trovata entro 15 minuti
608,100,3,46.5,39.4,53.9,3.3,1e-07,50,0.45,0.55,True,97.2,3,0.002517931242278773,0.05017899204127932,0.37497619533445276,
424,100,3,70.9,38.1,73.8,1.32,1e-07,25,0.60,0.45,False,900.0,2,0.0,0.0,0.1542667626954682,vittima non trovata entro 15 minuti
603,100,3,11.3,72.7,68.0,4.63,1e-07,25,0.45,0.55,True,107.30000000000001,3,0.003563843170675144,0.05969793271693036,0.7544830703370324,
612,100,3,47.7,17.3,44.5,3.03,1e-07,80,0.35,0.40,True,84.2,3,0.0024758657883012054,0.04975807259431584,1.0404414251216296,
426,100,3,70.6,36.3,72.7,1.04,1e-07,50,center,center,False,900.0,2,1.262177448353619e-28,1.1234667099445444e-14,0.24456312713953265,vittima non trovata entro 15 minuti
615,100,3,17.1,61.4,57.7,4.92,1e-07,80,0.60,0.58,True,93.30000000000001,3,0.0038688394752501767,0.06219999578175369,0.22449594052514527,
624,100,3,9.3,22.6,18.1,1.8,1e-06,25,0.60,0.45,True,27.400000000000002,3,0.005664838634054653,0.07526512229482293,1.797368008085791,
613,100,3,80.2,55.2,90.4,2.47,1e-07,80,0.45,0.55,True,118.9,3,0.0033655094727634994,0.05801301123682082,0.327872122266151,
431,100,3,78.3,34.7,79.0,4.09,1e-07,80,center,center,False,900.0,2,0.0,0.0,0.13939205275706934,vittima non trovata entro 15 minuti
614,100,3,72.4,67.8,92.1,3.82,1e-07,80,0.60,0.45,True,120.4,3,0.0028534077031382443,0.05341729778955731,0.23541784486281772,
628,100,3,24.6,17.7,23.4,1.34,1e-06,50,0.45,0.55,True,42.5,3,0.004067462536983783,0.06377666138160402,0.1779830333657377,
623,100,3,27.5,29.5,33.3,1.73,1e-06,25,0.45,0.55,True,53.6,3,0.0020128520754695016,0.04486482002047374,0.9547083434151233,
617,100,3,67.6,48.4,76.2,3.05,1e-07,120,0.35,0.40,True,107.30000000000001,3,0.0012813190398024287,0.03579551703499237,0.7115423466429773,
619,100,3,62.8,10.4,58.0,2.0,1e-07,120,0.60,0.45,True,85.7,3,0.004948803146281091,0.07034773021413762,3.5596744903826254,
625,100,3,18.9,69.0,65.5,1.68,1e-06,25,0.60,0.58,True,73.60000000000001,3,0.010065170475863236,0.10032532320338289,0.5905018603577198,
627,100,3,71.6,40.2,75.3,4.71,1e-06,50,0.35,0.40,True,80.0,3,0.012839450435137355,0.11331129879732804,3.096444407126483,
631,100,3,17.7,65.4,61.7,4.87,1e-06,80,center,center,True,70.4,3,0.025842205719985214,0.16075511102290096,4.0274907244562845,
452,100,3,39.1,12.6,35.0,1.8,1e-06,80,0.35,0.40,False,900.0,2,13.583888043770054,3.685632651766865,3.994316092818294,vittima non trovata entro 15 minuti
630,100,3,69.0,61.8,85.6,1.15,1e-06,50,0.60,0.58,True,83.60000000000001,3,0.004018059783260912,0.06338816753354613,0.05581655784669308,
620,100,3,54.3,35.5,57.9,2.16,1e-07,120,0.60,0.58,True,91.80000000000001,3,0.004823978155872908,0.06945486416279933,0.05884762414682483,
629,100,3,45.1,78.7,83.8,3.32,1e-06,50,0.60,0.45,True,89.10000000000001,3,0.008969225291358145,0.09470599395686709,0.24076151394573375,
626,100,3,68.8,77.9,96.9,2.77,1e-06,50,center,center,True,90.60000000000001,3,0.003799868380584043,0.06164307244601005,0.12999777094832168,
618,100,3,71.5,56.8,84.3,3.27,1e-07,120,0.45,0.55,True,117.7,3,0.0037783144640061465,0.061467995444834105,0.17443778455507522,
633,100,3,59.4,34.1,61.7,3.61,1e-06,80,0.45,0.55,True,66.9,3,0.004019224494332411,0.06339735400103391,0.11104962851202684,
634,100,3,23.3,47.0,45.8,4.0,1e-06,80,0.60,0.45,True,60.900000000000006,3,0.0036275808670235294,0.06022940201449396,1.288955453421859,
635,100,3,11.9,30.0,26.0,3.14,1e-06,80,0.60,0.58,True,69.60000000000001,3,0.003437246961548075,0.05862803903891102,1.2141879165406892,
636,100,3,25.8,70.5,68.7,4.06,1e-06,120,center,center,True,67.8,3,0.009186404854143532,0.09584573466849494,3.497980145096188,
637,100,3,25.0,59.8,58.3,3.22,1e-06,120,0.35,0.40,False,62.800000000000004,3,0.02275338671990388,0.15084225773934795,12.7842054385991,vittima non trovata entro 15 minuti
638,100,3,17.7,35.9,33.4,3.56,1e-06,120,0.45,0.55,True,59.0,3,0.004807647960034829,0.0693372047319102,1.6963140042416278,
632,100,3,70.9,80.9,100.6,4.66,1e-06,80,0.35,0.40,False,104.5,3,0.03228984741999927,0.17969376010312452,15.948084654124271,vittima non trovata entro 15 minuti
640,100,3,32.5,58.9,60.5,2.37,1e-06,120,0.60,0.58,True,63.6,3,0.0023517268442831613,0.04849460634218161,0.0641790969942593,
446,100,3,61.4,9.4,56.6,4.73,1e-06,50,center,center,False,900.0,2,7.888609052210118e-31,8.881784197001252e-16,3.765713296413262,vittima non trovata entro 15 minuti
647,100,3,36.1,64.0,66.7,3.06,1e-05,50,0.35,0.40,True,58.800000000000004,3,0.0067929667470733035,0.0824194561197373,0.12898638753719496,
649,100,3,62.2,23.2,60.0,2.62,1e-05,50,0.60,0.45,True,54.6,3,0.026058397815826743,0.1614261373378758,4.007263612448744,
447,100,3,52.7,12.6,48.3,4.42,1e-06,50,0.35,0.40,False,900.0,2,1.5777218104420236e-30,1.2560739669470201e-15,4.179760239052054,vittima non trovata entro 15 minuti
645,100,3,63.9,48.8,73.4,3.24,1e-05,25,0.60,0.58,True,66.2,3,0.002305207908015333,0.04801258072646515,0.053962503523179536,
648,100,3,35.5,73.7,75.1,4.95,1e-05,50,0.45,0.55,True,65.4,3,0.0012466114181511265,0.03530738475377533,2.3117585611188933,
644,100,3,29.4,64.5,64.3,4.6,1e-05,25,0.60,0.45,True,68.60000000000001,3,0.001220674643563308,0.03493815455291404,0.10911395256113351,
639,100,3,76.6,13.1,72.1,2.17,1e-06,120,0.60,0.45,True,91.80000000000001,3,0.0058392889275902925,0.07641524015267041,2.181579510752631,
642,100,3,62.2,33.3,63.8,3.4,1e-05,25,0.35,0.40,True,75.3,3,0.0014091467184686097,0.03753860304364841,2.017407314436144,
646,100,3,70.7,43.7,76.2,1.62,1e-05,50,center,center,True,76.80000000000001,3,0.005187781490873425,0.0720262555661019,0.06386866082727836,
666,100,3,9.2,18.2,13.9,2.95,1e-07,50,center,center,True,0.2,3,0.02788853799049764,0.16699861673228805,3.8052384053828447,
641,100,3,53.0,32.2,55.2,4.68,1e-05,25,center,center,True,89.0,3,0.0034373647100185236,0.05862904322960186,0.11639047639256588,
643,100,3,26.3,13.6,23.0,1.05,1e-05,25,0.45,0.55,True,90.2,3,0.007280629298382626,0.08532660369651793,0.41212048237268867,
651,100,3,18.9,74.0,70.4,4.27,1e-05,80,center,center,True,76.4,3,0.0019774190390290857,0.044468180073273585,6.179016188147387,
656,100,3,42.0,52.2,60.0,2.78,1e-05,120,center,center,True,52.5,3,0.0025330506919235664,0.05032942173245751,0.081338065063817,
654,100,3,73.3,46.4,79.8,2.16,1e-05,80,0.60,0.45,True,73.5,3,0.0038142099997247546,0.061759290796808496,0.17348853954756735,
653,100,3,27.7,80.6,78.9,4.71,1e-05,80,0.45,0.55,True,81.80000000000001,3,0.003318115638674066,0.05760308705854284,2.3216202330959024,
652,100,3,56.5,68.6,81.8,4.97,1e-05,80,0.35,0.40,True,85.60000000000001,3,0.00441259961806441,0.06642740110876241,0.2436109820633747,
657,100,3,41.4,20.3,39.5,4.19,1e-05,120,0.35,0.40,True,58.0,3,0.0012676814175617778,0.03560451400541479,3.586839656824612,
659,100,3,16.8,57.0,53.3,3.76,1e-05,120,0.60,0.45,True,53.7,3,0.001946163229654648,0.0441153400718463,0.10537206174825339,
655,100,3,68.7,55.3,81.2,1.93,1e-05,80,0.60,0.58,True,77.7,3,0.004125955629406794,0.06423360202734076,0.21567212360822322,
464,100,3,80.0,34.7,80.7,4.44,1e-05,25,0.60,0.45,False,900.0,1,624.5818249862222,24.9916351002935,7.922030223592535,vittima non trovata entro 15 minuti
665,100,3,27.8,27.1,31.7,3.07,1e-07,25,0.60,0.58,True,53.800000000000004,3,0.0038887124259389377,0.06235954157896719,0.6638809179728195,
674,100,3,16.6,25.5,23.6,4.21,1e-07,80,0.60,0.45,True,25.900000000000002,3,0.03414092588996835,0.18477263295728713,2.952758309138664,
660,100,3,63.4,70.0,87.3,2.27,1e-05,120,0.60,0.58,True,90.7,3,0.005445607908627757,0.07379436230924255,0.14226259689440876,
658,100,3,52.6,61.2,73.7,4.08,1e-05,120,0.45,0.55,True,100.30000000000001,3,0.005452340896903952,0.07383996815345976,0.5906864516751216,
667,100,3,26.9,38.4,40.0,2.73,1e-07,50,0.35,0.40,True,67.10000000000001,3,0.003785936722761334,0.061529966055259074,0.17758378869925417,
662,100,3,53.9,19.2,50.9,1.08,1e-07,25,0.35,0.40,True,88.0,3,0.00892481441655987,0.09447123592162786,0.8576549094889881,
682,100,3,12.4,13.2,11.0,4.29,1e-06,25,0.35,0.40,True,15.0,3,0.01030707910450774,0.10152378590511556,0.0624914204022792,
661,100,3,34.7,51.1,54.8,2.66,1e-07,25,center,center,True,97.9,3,0.003335252006284304,0.057751640723743114,2.6467756671449667,
664,100,3,75.4,44.4,80.7,4.55,1e-07,25,0.60,0.45,True,96.5,3,0.0014214349767536628,0.03770192271958637,0.18057849583629218,
678,100,3,22.0,36.1,35.4,3.44,1e-07,120,0.45,0.55,True,53.300000000000004,3,0.01092503299176529,0.10452288262273142,0.9472183504565829,
673,100,3,37.8,30.7,41.7,2.58,1e-07,80,0.45,0.55,True,69.10000000000001,3,0.004008906422463093,0.0633159255042765,0.23423934697184975,
671,100,3,48.1,27.1,48.4,4.95,1e-07,80,center,center,True,84.2,3,0.0037324682543183395,0.06109392976653523,0.19314909024734958,
668,100,3,25.8,53.3,52.6,3.74,1e-07,50,0.45,0.55,True,104.2,3,0.0012914983057903564,0.03593742208047701,0.7903519281501262,
663,100,3,61.4,54.5,75.1,2.64,1e-07,25,0.45,0.55,True,114.0,3,0.004031730464654013,0.06349590903872479,0.5498294403754064,
670,100,3,28.0,65.3,64.6,3.59,1e-07,50,0.60,0.58,True,94.60000000000001,3,0.0023860051979176502,0.04884675217368756,0.11755106279382234,
680,100,3,18.8,36.9,34.8,1.93,1e-07,120,0.60,0.58,True,53.5,3,0.003913609396672494,0.06255884746918292,0.5360065418688246,
683,100,3,29.9,16.2,27.3,1.46,1e-06,25,0.45,0.55,True,47.5,3,0.004133523121270125,0.06429248106326373,0.1452116981266156,
675,100,3,33.2,72.0,72.7,2.38,1e-07,80,0.60,0.58,True,95.7,3,0.006864928471866052,0.08285486389987043,0.05860888268864085,
684,100,3,27.6,24.8,30.1,2.38,1e-06,25,0.60,0.45,True,50.900000000000006,3,0.002002603257956285,0.044750455393842474,1.9101578039348477,
677,100,3,39.4,49.9,56.6,4.84,1e-07,120,0.35,0.40,True,98.5,3,0.0033182399813528195,0.057604166354117296,0.28620038611684034,
676,100,3,73.1,15.1,68.8,3.29,1e-07,120,center,center,False,113.0,3,0.009551095849942312,0.09772970812369344,17.883604198088,vittima non trovata entro 15 minuti
481,100,3,65.3,32.7,66.3,3.13,1e-07,25,center,center,False,900.0,2,3.155443620884047e-29,5.617333549722722e-15,16.263632760107498,vittima non trovata entro 15 minuti
686,100,3,19.3,46.1,43.5,3.56,1e-06,50,center,center,True,65.0,3,0.012680277468912354,0.11260673811505399,3.121577693336992,
687,100,3,12.3,62.5,58.0,1.22,1e-06,50,0.35,0.40,True,69.0,3,0.0026976725754691952,0.0519391237456813,0.1464693629322002,
679,100,3,54.9,71.2,82.9,3.83,1e-07,120,0.60,0.45,True,102.0,3,0.00826220611599797,0.09089667824512604,0.41849361817198544,
691,100,3,25.7,25.8,29.3,4.64,1e-06,80,center,center,True,54.400000000000006,3,0.009608429892922866,0.0980225988888423,4.032334439835302,
685,100,3,21.4,62.3,59.6,4.56,1e-06,25,0.60,0.58,True,73.9,3,0.00419766669093652,0.06478940261290052,0.3453115941433352,
689,100,3,48.6,28.4,49.5,4.26,1e-06,50,0.60,0.45,True,66.5,3,0.0012355421098618053,0.03515027894429581,4.552061273366168,
693,100,3,16.6,39.3,36.2,2.02,1e-06,80,0.45,0.55,True,59.7,3,0.009155820266705663,0.09568605053353212,0.9274516001908534,
681,100,3,50.3,68.1,77.7,1.99,1e-06,25,center,center,True,100.0,3,0.003008984841956918,0.054854214441161384,0.0588353765959397,
688,100,3,13.8,59.5,55.2,4.17,1e-06,50,0.45,0.55,True,74.3,3,0.0031226455277069643,0.055880636428972105,0.907899166222409,
692,100,3,71.7,33.0,72.3,3.15,1e-06,80,0.35,0.40,True,77.5,3,0.008587084082116166,0.09266652082665112,3.6100779284456648,
695,100,3,56.8,33.8,59.3,2.7,1e-06,80,0.60,0.58,True,67.7,3,0.002047390289252308,0.045248097078797775,0.33277075801134287,
696,100,3,30.9,73.8,73.5,2.78,1e-06,120,center,center,False,67.3,3,0.002436913478249053,0.04936510385129411,11.399812518150855,vittima non trovata entro 15 minuti
495,100,3,73.2,14.8,68.9,3.48,1e-07,80,0.60,0.58,False,900.0,2,0.0,0.0,21.764978298264037,vittima non trovata entro 15 minuti
697,100,3,51.6,40.7,58.7,2.18,1e-06,120,0.35,0.40,True,68.5,3,0.005114638985380575,0.07151670424020234,1.1118973184149623,
699,100,3,35.7,69.8,71.7,1.41,1e-06,120,0.60,0.45,True,70.4,3,0.0015123641604804091,0.038889126507038047,0.0666806022034925,
700,100,3,18.0,64.8,61.2,2.99,1e-06,120,0.60,0.58,True,67.0,3,0.02453825776432299,0.1566469206985027,2.114914748195962,
703,100,3,32.1,60.9,62.1,1.78,1e-05,25,0.45,0.55,True,60.300000000000004,3,0.004269126867646866,0.06533855575115557,1.0498175293045342,
704,100,3,32.9,53.2,55.7,4.5,1e-05,25,0.60,0.45,True,60.5,3,0.0028228538309822307,0.053130535767882396,0.10939610047813293,
698,100,3,72.9,58.9,86.7,3.84,1e-06,120,0.45,0.55,True,85.30000000000001,3,0.0027964191622885564,0.05288117966052343,0.19929385478351533,
711,100,3,41.2,27.4,42.5,2.1,1e-05,80,center,center,True,56.900000000000006,3,0.00421877109383265,0.06495206766402938,0.11848724701405708,
701,100,3,55.8,59.7,74.6,3.14,1e-05,25,center,center,True,85.2,3,0.004978945986745592,0.07056164671225858,0.11952402289462813,
710,100,3,73.0,33.2,73.6,2.13,1e-05,50,0.60,0.58,True,63.6,3,0.004992835547577174,0.07065999962904879,0.14220046709731116,
702,100,3,19.7,75.8,72.4,3.25,1e-05,25,0.35,0.40,True,85.30000000000001,3,0.002681485464102354,0.05178306155590218,0.21826735737725322,
707,100,3,23.5,31.7,32.5,1.67,1e-05,50,0.35,0.40,True,85.2,3,0.0032656212472465126,0.05714561441831309,0.3351022347759637,
705,100,3,55.0,45.6,64.4,4.0,1e-05,25,0.60,0.58,True,88.10000000000001,3,0.002584937329245071,0.05084227895408575,0.13226579007861103,
706,100,3,23.8,33.6,34.2,4.71,1e-05,50,center,center,True,93.0,3,0.0032598324033855327,0.05709494201227927,5.018220709473286,
712,100,3,17.6,69.8,66.0,4.34,1e-05,80,0.35,0.40,True,73.5,3,0.005497907671033934,0.07414787705008104,0.11106957941149585,
708,100,3,50.1,77.0,84.9,2.77,1e-05,50,0.45,0.55,True,99.7,3,0.013697719319146793,0.11703725611593427,1.4455405045739729,
716,100,3,37.9,53.3,58.4,3.22,1e-05,120,center,center,True,54.300000000000004,3,0.001587368558904725,0.03984179412256337,3.540032102565704,
729,100,3,17.5,10.4,13.6,1.7,1e-07,50,0.60,0.45,True,0.2,3,0.022081944413499196,0.1485999475555062,2.0836106187781063,
720,100,3,28.7,23.1,29.8,2.09,1e-05,120,0.60,0.58,True,41.6,3,0.0032531509118649492,0.05703639988520444,2.064787824305244,
718,100,3,46.3,36.3,51.8,4.31,1e-05,120,0.45,0.55,True,61.300000000000004,3,0.0016603927129002069,0.040747916669447125,0.01762077281850507,
508,100,3,43.7,9.9,39.0,3.04,1e-06,50,0.45,0.55,False,900.0,2,0.0,0.0,5.927510962287188,vittima non trovata entro 15 minuti
719,100,3,54.9,79.6,89.7,1.54,1e-05,120,0.60,0.45,True,66.60000000000001,3,0.005616340824253169,0.07494224992788226,0.044834821585756295,
714,100,3,25.3,37.0,37.9,2.36,1e-05,80,0.60,0.45,True,94.60000000000001,3,0.0019563455116147497,0.04423059474633763,2.0856927306811373,
621,100,3,66.4,27.9,65.5,2.6,1e-06,25,center,center,True,441.8,3,0.0010849974214381163,0.032939299042907946,1.42198413055746,
717,100,3,19.9,36.9,35.3,1.2,1e-05,120,0.35,0.40,True,90.2,3,0.0037417944547724347,0.06117020888285763,0.14549726439732705,
713,100,3,81.0,40.7,83.9,2.98,1e-05,80,0.45,0.55,True,111.9,3,0.004752774658576728,0.06894037031070205,0.16620186174184012,
715,100,3,52.9,67.6,78.8,4.54,1e-05,80,0.60,0.58,True,99.80000000000001,3,0.003663331377909647,0.06052546057577461,0.15250771673528296,
709,100,3,28.3,20.3,27.8,4.95,1e-05,50,0.60,0.45,True,133.70000000000002,3,0.02704111696110062,0.16444183458323683,6.085990922929509,
515,100,3,50.2,20.6,47.8,2.33,1e-06,80,0.60,0.58,False,900.0,2,0.0,0.0,4.6817002965531875,vittima non trovata entro 15 minuti
723,100,3,32.1,41.4,45.4,3.48,1e-07,25,0.45,0.55,True,80.60000000000001,3,0.008581391821977936,0.09263580205286688,0.9864012161331298,
722,100,3,44.0,51.3,60.5,2.25,1e-07,25,0.35,0.40,True,90.4,3,0.004388391617846068,0.06624493654496219,0.1990387993995787,
724,100,3,32.4,72.3,72.7,1.75,1e-07,25,0.60,0.45,True,96.7,3,0.01841025956308639,0.13568441164366077,0.3951161136568198,
734,100,3,40.5,10.8,36.0,1.45,1e-07,80,0.60,0.45,True,51.7,3,0.003914750938350501,0.0625679705468421,4.097227015042046,
738,100,3,23.4,25.1,27.3,1.34,1e-07,120,0.45,0.55,True,40.900000000000006,3,0.004001757124476306,0.06325944296685125,0.20981961342031052,
725,100,3,61.7,45.9,69.9,4.43,1e-07,25,0.60,0.58,True,96.80000000000001,3,0.002917101117350648,0.05401019456871682,0.05306573486114257,
721,100,3,29.7,77.0,76.2,1.06,1e-07,25,center,center,True,114.7,3,0.0020498038336381496,0.04527475934379055,2.6818254361708167,
727,100,3,54.5,49.5,66.6,2.36,1e-07,50,0.35,0.40,True,94.0,3,0.007915096682656537,0.08896682911431955,0.628985835624005,
732,100,3,60.5,24.6,58.9,4.45,1e-07,80,0.35,0.40,True,83.5,3,0.003259504189180204,0.05709206765550013,2.095633644518546,
726,100,3,80.8,48.5,87.4,2.29,1e-07,50,center,center,True,115.4,3,0.0030319038211712953,0.05506272624172631,1.0602019239702154,
730,100,3,35.1,45.5,50.4,4.15,1e-07,50,0.60,0.58,True,98.10000000000001,3,0.002419177394898313,0.049185133881065254,0.37885406674256816,
736,100,3,38.3,37.0,46.2,2.17,1e-07,120,center,center,True,81.9,3,0.003600059257706169,0.06000049381218599,1.1698583487189038,
735,100,3,29.6,70.3,69.8,3.92,1e-07,80,0.60,0.58,True,95.80000000000001,3,0.0028440965889591266,0.05333007208844862,0.31293112736666867,
737,100,3,37.7,37.6,46.1,3.21,1e-07,120,0.35,0.40,True,81.2,3,0.0038194852741332587,0.06180198438669473,0.29314001034043197,
733,100,3,20.4,69.8,66.6,3.7,1e-07,80,0.45,0.55,True,108.0,3,0.0029005549427437083,0.053856800338896,0.7358038218954313,
742,100,3,19.9,47.3,44.9,1.14,1e-06,25,0.35,0.40,True,62.800000000000004,3,0.001752346833519921,0.04186104195454195,0.17805601819381958,
744,100,3,33.0,50.4,53.3,1.67,1e-06,25,0.60,0.45,True,54.900000000000006,3,0.0040762931087916475,0.06384585428038102,0.1381134321840326,
740,100,3,58.3,25.7,57.2,4.58,1e-07,120,0.60,0.58,True,86.60000000000001,3,0.005355309741583771,0.07317998183645423,0.10262953309635976,
746,100,3,56.3,60.4,75.5,4.13,1e-06,50,center,center,True,68.3,3,0.005866600647029095,0.07659373764890375,0.12698469290284026,
739,100,3,56.2,67.7,80.9,1.98,1e-07,120,0.60,0.45,True,102.4,3,0.01415122815603555,0.11895893474655676,0.44217316752930624,
745,100,3,66.7,52.2,77.7,3.88,1e-06,25,0.60,0.58,True,71.4,3,0.027664878575633003,0.16632762421087186,1.6100566948659798,
747,100,3,9.3,49.5,44.7,2.29,1e-06,50,0.35,0.40,True,73.9,3,0.0036571633500347284,0.06047448511591255,0.25945251316413737,
750,100,3,21.0,44.7,42.8,4.43,1e-06,50,0.60,0.58,True,60.300000000000004,3,0.0021307679179591943,0.0461602417450255,1.4479104147876258,
749,100,3,35.6,66.7,68.9,4.49,1e-06,50,0.60,0.45,True,69.10000000000001,3,0.0013495314970558081,0.03673597007097823,0.06058195039478381,
741,100,3,52.3,76.4,85.7,2.14,1e-06,25,center,center,True,102.80000000000001,3,0.0035478060155943554,0.05956346208536199,1.558436692069722,
743,100,3,79.6,66.1,96.5,4.93,1e-06,25,0.45,0.55,True,109.10000000000001,3,0.018933981439333565,0.1376008046463885,1.3749753532367328,
753,100,3,30.7,67.3,67.4,2.37,1e-06,80,0.45,0.55,False,64.7,3,0.027872799124104064,0.16695148733720244,13.050112146209278,vittima non trovata entro 15 minuti
754,100,3,51.9,46.5,62.6,4.37,1e-06,80,0.60,0.45,True,67.4,3,0.004088806796094343,0.06394377840020359,0.13357702160168056,
755,100,3,53.1,53.9,68.6,3.67,1e-06,80,0.60,0.58,True,66.7,3,0.003501280571252675,0.05917161964364906,0.16617530274863848,
757,100,3,32.0,12.3,28.0,3.07,1e-06,120,0.35,0.40,True,58.6,3,0.005721739106537254,0.07564217809223406,0.9988816492395248,
756,100,3,44.2,53.8,62.6,3.69,1e-06,120,center,center,True,67.5,3,0.0035200741737339805,0.059330212992487905,2.61618524519921,
763,100,3,31.3,10.0,26.8,2.77,1e-05,25,0.45,0.55,True,35.800000000000004,3,0.004541012501622097,0.06738703511523635,0.058372717632941815,
759,100,3,30.8,40.4,43.8,4.34,1e-06,120,0.60,0.45,True,54.7,3,0.0036320621315368575,0.06026659216794042,1.8079311983291986,
762,100,3,30.0,39.3,42.4,4.41,1e-05,25,0.35,0.40,True,45.400000000000006,3,0.0015995313768420146,0.03999414178154114,0.20668228360522942,
752,100,3,46.7,77.8,83.9,3.12,1e-06,80,0.35,0.40,True,91.9,3,0.013613037065353505,0.1166749204643119,0.3691400315588174,
760,100,3,46.1,27.5,46.9,2.14,1e-06,120,0.60,0.58,True,65.5,3,0.0029442800934719538,0.054261220899201615,1.271148134161842,
764,100,3,59.4,60.8,77.9,1.33,1e-05,25,0.60,0.45,True,55.300000000000004,3,0.0040283734194151415,0.063469468403439,0.21051642380741972,
758,100,3,61.6,39.7,66.4,3.68,1e-06,120,0.45,0.55,True,84.30000000000001,3,0.006539477160139092,0.08086703382800121,0.04215294785733731,
761,100,3,64.2,73.8,90.7,1.68,1e-05,25,center,center,True,72.4,3,0.004802672147077594,0.06930131418001821,0.20635367426507684,
767,100,3,32.8,39.8,44.5,1.23,1e-05,50,0.35,0.40,True,43.5,3,0.001302900547896707,0.03609571370532389,0.12599767922498273,
765,100,3,49.5,72.0,80.4,2.9,1e-05,25,0.60,0.58,True,62.5,3,0.004052803596316969,0.06366163362903099,0.1407096276877913,
672,100,3,71.3,26.5,69.7,3.07,1e-07,80,0.35,0.40,True,434.90000000000003,3,0.001590100148641015,0.03987605984348272,1.1015377830833282,
774,100,3,16.4,26.9,24.7,2.97,1e-05,80,0.60,0.45,True,43.6,3,0.001607878709116588,0.04009836292314922,1.5969168360099408,
766,100,3,39.0,80.7,83.0,2.54,1e-05,50,center,center,True,74.4,3,0.0025341709471620472,0.050340549730431505,3.1959480293018103,
769,100,3,40.8,78.5,81.8,4.85,1e-05,50,0.60,0.45,True,64.7,3,0.004817824919776481,0.06941055337465968,0.1065016169103249,
561,100,3,79.6,22.0,76.5,1.84,1e-06,25,center,center,False,900.0,2,46.98914225662283,6.854862672338727,3.7372710830190665,vittima non trovata entro 15 minuti
775,100,3,40.4,37.1,47.8,4.36,1e-05,80,0.60,0.58,True,54.400000000000006,3,0.006312989898873989,0.0794543258663365,4.6026287851240415,
773,100,3,67.2,46.3,74.6,1.73,1e-05,80,0.45,0.55,True,65.0,3,0.0062532444292743615,0.07907745841435701,0.09384513857513911,
784,100,3,19.9,20.4,21.5,1.6,1e-07,25,0.60,0.45,True,17.3,3,0.0017448876915488398,0.04177185286229041,2.468208691618705,
776,100,3,43.2,19.3,40.8,1.41,1e-05,120,center,center,True,57.800000000000004,3,0.004189745038279382,0.0647282398824453,0.007770894533082503,
768,100,3,22.5,80.4,77.4,1.1,1e-05,50,0.45,0.55,True,80.30000000000001,3,0.0027879727047608735,0.05280125665891744,0.7859196036085884,
772,100,3,79.7,24.3,77.1,1.89,1e-05,80,0.35,0.40,True,75.5,3,0.003522132469978274,0.05934755656282973,1.1751994136736494,
771,100,3,18.3,44.5,41.7,1.11,1e-05,80,center,center,True,95.9,3,0.0067990578984501015,0.08245639998478045,2.8251337953629614,
777,100,3,73.0,66.6,91.7,1.8,1e-05,120,0.35,0.40,True,80.0,3,0.008737776422938805,0.09347607406678356,0.6277610660034417,
789,100,3,16.8,27.6,25.5,1.26,1e-07,50,0.60,0.45,True,37.4,3,0.0037297086775492255,0.061071340885469554,0.7894755634728375,
780,100,3,18.3,39.5,36.9,3.35,1e-05,120,0.60,0.58,True,88.5,3,0.007595671136352027,0.08715314759864974,1.8855668737972497,
570,100,3,53.6,9.8,48.8,4.16,1e-06,50,0.60,0.58,False,900.0,2,1.5777218104420236e-30,1.2560739669470201e-15,1.633291007525181,vittima non trovata entro 15 minuti
779,100,3,51.7,13.8,47.5,2.44,1e-05,120,0.60,0.45,True,94.60000000000001,3,0.007555384321235372,0.08692171374999098,2.357284163481722,
787,100,3,42.4,11.3,37.9,1.23,1e-07,50,0.35,0.40,True,54.400000000000006,3,0.004993256462899716,0.07066297802173155,0.042764289289480964,
781,100,3,50.2,37.0,55.4,4.09,1e-07,25,center,center,True,91.0,3,0.003520805731309185,0.059336377807456236,0.23277895830416245,
782,100,3,50.7,14.9,46.7,3.25,1e-07,25,0.35,0.40,True,84.9,3,0.0025289962686677343,0.05028912674393675,1.077692650393483,
786,100,3,11.4,43.8,39.3,2.42,1e-07,50,center,center,True,68.3,3,0.00829510833063268,0.09107748531131435,4.986365145724018,
785,100,3,17.6,65.4,61.7,2.93,1e-07,25,0.60,0.58,True,94.60000000000001,3,0.0037521255683690856,0.0612545963040251,0.14923926125598685,
792,100,3,23.7,54.5,53.0,2.81,1e-07,80,0.35,0.40,True,87.0,3,0.0028285796082507886,0.053184392524976615,0.005440152576008019,
783,100,3,30.3,70.7,70.4,1.06,1e-07,25,0.45,0.55,True,108.0,3,0.0025899761013456406,0.05089180780190109,0.4758408389950865,
790,100,3,49.2,57.1,68.3,1.28,1e-07,50,0.60,0.58,True,90.80000000000001,3,0.0041909559675365055,0.06473759315526416,0.016075144762910384,
582,100,3,45.7,37.2,51.9,1.26,1e-05,25,0.35,0.40,False,900.0,2,7.993790506239586e-29,8.940800023621815e-15,23.77609314528014,vittima non trovata entro 15 minuti
581,100,3,47.6,22.0,45.8,4.05,1e-05,25,center,center,False,900.0,2,0.0,0.0,41.88829501735232,vittima non trovata entro 15 minuti
788,100,3,10.8,63.1,58.4,3.52,1e-07,50,0.45,0.55,True,101.5,3,0.0027555964930768635,0.05249377575557757,0.7170316729799219,
798,100,3,35.3,20.2,33.9,1.79,1e-07,120,0.45,0.55,True,56.6,3,0.004158562470150344,0.06448691704640828,0.12386171836456877,
796,100,3,73.8,19.4,70.3,3.2,1e-07,120,center,center,False,86.30000000000001,3,0.0042815547096851396,0.06543359007180594,31.52009257440969,vittima non trovata entro 15 minuti
803,100,3,35.3,42.5,48.2,2.28,1e-06,25,0.45,0.55,True,61.1,3,0.0012301628659264004,0.035073677678943226,0.9564509316246407,
808,100,3,20.1,13.8,17.5,2.53,1e-06,50,0.45,0.55,True,31.1,3,0.0032457960817001506,0.056971888521446704,0.4173133358657944,
802,100,3,46.2,66.9,74.4,4.09,1e-06,25,0.35,0.40,True,69.4,3,0.0035534329056156003,0.05961067778188402,0.1046632006635996,
799,100,3,40.9,66.6,71.3,2.74,1e-07,120,0.60,0.45,True,92.80000000000001,3,0.014483987866016387,0.12034944065518705,0.23495332300217409,
804,100,3,43.0,29.3,45.2,2.78,1e-06,25,0.60,0.45,True,67.10000000000001,3,0.004188994540862562,0.06472244232770084,2.793262911690678,
801,100,3,78.3,47.2,84.6,3.27,1e-06,25,center,center,True,82.9,3,0.004571109843831646,0.06760998331483041,0.2470477701132328,
807,100,3,28.3,18.7,27.1,3.33,1e-06,50,0.35,0.40,True,52.2,3,0.00878915021115997,0.09375046779168608,1.3384361361068222,
800,100,3,20.5,74.6,71.3,4.47,1e-07,120,0.60,0.58,True,99.60000000000001,3,0.004370882728511277,0.06611265180365462,0.11574861076241927,
797,100,3,53.3,65.2,77.1,3.47,1e-07,120,0.35,0.40,True,107.80000000000001,3,0.00311393296962874,0.055802625114135446,0.1698822239277601,
809,100,3,19.6,49.4,46.8,4.58,1e-06,50,0.60,0.45,True,74.8,3,0.004530557883050484,0.06730941897721658,0.05978442947034108,
806,100,3,39.2,49.4,56.0,3.7,1e-06,50,center,center,True,83.80000000000001,3,0.0023030522898567288,0.0479901270039654,3.1936061924829353,
810,100,3,61.8,40.3,66.9,2.88,1e-06,50,0.60,0.58,True,85.2,3,0.0041908098945814525,0.06473646495277181,0.132839559494239,
609,100,3,67.9,33.8,69.2,4.14,1e-07,50,0.60,0.45,False,900.0,2,0.0,0.0,7.277195443360316,vittima non trovata entro 15 minuti
813,100,3,33.8,56.4,58.9,3.58,1e-06,80,0.45,0.55,True,62.6,3,0.001493753460300032,0.03864910684996527,1.4639202561010676,
607,100,3,66.6,12.5,62.1,1.7,1e-07,50,0.35,0.40,False,900.0,2,3.155443620884047e-29,5.617333549722722e-15,13.012247159747528,vittima non trovata entro 15 minuti
778,100,3,12.7,13.9,11.8,4.47,1e-05,120,0.45,0.55,True,224.60000000000002,3,0.0015206450639503695,0.03899544927232368,2.3491593539654394,
814,100,3,49.3,68.9,77.8,2.1,1e-06,80,0.60,0.45,True,69.3,3,0.006128328128338977,0.07828363895693005,0.09371604269970747,
805,100,3,76.3,41.5,80.0,1.62,1e-06,25,0.60,0.58,True,109.30000000000001,3,0.001476808004204173,0.03842925974051768,0.3814786791452268,
812,100,3,11.4,75.4,70.7,4.45,1e-06,80,0.35,0.40,True,79.9,3,0.01873289793290872,0.13686817721044114,0.28100811963271605,
816,100,3,9.1,70.6,65.7,3.64,1e-06,120,center,center,True,77.9,3,0.0029009201035301896,0.05386019034064204,2.970048986208387,
827,100,3,9.9,13.0,9.4,3.64,1e-05,50,0.35,0.40,True,22.5,3,0.0018521079515750332,0.04303612379821205,0.03121254527964282,
823,100,3,31.6,46.9,49.7,1.71,1e-05,25,0.45,0.55,True,47.0,3,0.008428850336953807,0.09180877047947983,1.0757247944588295,
820,100,3,40.0,64.8,69.3,3.37,1e-06,120,0.60,0.58,True,71.7,3,0.0017085972752223322,0.04133518205139941,0.07384586828989975,
815,100,3,63.8,64.2,83.5,2.68,1e-06,80,0.60,0.58,True,88.80000000000001,3,0.003972066165250779,0.06302432994686083,0.16088931422226166,
821,100,3,47.3,79.8,85.9,2.66,1e-05,25,center,center,True,72.8,3,0.003338254811888732,0.05777763245312785,2.535692601953828,
818,100,3,57.0,62.4,77.4,2.2,1e-06,120,0.45,0.55,True,86.7,3,0.0037071890984358134,0.06088669065104305,0.16274978946997318,
828,100,3,31.6,26.6,34.3,2.83,1e-05,50,0.45,0.55,True,40.1,3,0.003590135032740782,0.059917735544167405,0.03270175369741209,
819,100,3,61.5,45.7,69.6,2.81,1e-06,120,0.60,0.45,True,87.9,3,0.0038856970906972644,0.06233535987461101,0.24436869018619117,
822,100,3,34.4,9.3,29.7,3.6,1e-05,25,0.35,0.40,True,64.60000000000001,3,0.0007886448697860553,0.028082821613685034,3.6940853337914716,
824,100,3,33.3,34.2,40.6,4.26,1e-05,25,0.60,0.45,True,58.7,3,0.001262834761242505,0.035536386440414916,3.6353200561193915,
817,100,3,71.7,68.2,91.9,3.42,1e-06,120,0.35,0.40,False,105.60000000000001,3,0.027406856570536462,0.16555016330567743,12.196438850259007,vittima non trovata entro 15 minuti
831,100,3,15.2,48.7,44.8,1.13,1e-05,80,center,center,True,52.1,3,0.0030067061709173034,0.05483344026155302,1.4075729651171873,
829,100,3,64.7,16.9,60.9,3.88,1e-05,50,0.60,0.45,True,73.2,3,0.01994621344909001,0.14123106403723654,4.844864709261858,
825,100,3,27.5,35.0,37.5,2.23,1e-05,25,0.60,0.58,True,86.0,3,0.00035254294702015274,0.018776127050596798,1.4769819083387692,
830,100,3,78.4,59.7,91.6,3.32,1e-05,50,0.60,0.58,True,78.2,3,0.003800301274872693,0.06164658364315652,0.20802300872735358,
826,100,3,66.8,69.5,89.4,2.96,1e-05,50,center,center,True,87.30000000000001,3,0.003010064822236331,0.054864057653771205,0.2405380739656126,
834,100,3,44.3,26.1,44.6,1.65,1e-05,80,0.60,0.45,True,57.300000000000004,3,0.0026170526372199187,0.051157136718349656,3.122245456081015,
832,100,3,40.6,17.7,37.9,1.19,1e-05,80,0.35,0.40,True,59.7,3,0.004977981236423266,0.07055481015794221,0.5537970289349717,
838,100,3,29.0,56.3,56.6,3.27,1e-05,120,0.45,0.55,True,51.900000000000006,3,0.0018246645528292615,0.04271609243399098,2.185415093366321,
833,100,3,29.5,61.4,61.5,3.41,1e-05,80,0.45,0.55,True,65.4,3,0.008666118806564767,0.09309199109786387,1.802798591026953,
622,100,3,64.3,23.8,62.2,1.22,1e-06,25,0.35,0.40,False,900.0,2,1.0097419586828951e-28,1.0048591735576161e-14,0.2589243355725016,vittima non trovata entro 15 minuti
836,100,3,43.6,80.1,84.4,1.94,1e-05,120,center,center,True,68.3,3,0.0020242283331286842,0.04499142510666543,2.3118285658619437,
839,100,3,63.6,34.9,65.8,2.09,1e-05,120,0.60,0.45,True,65.60000000000001,3,0.005049736437376398,0.07106149757341453,3.2785797348887917,
840,100,3,75.2,31.4,75.0,4.13,1e-05,120,0.60,0.58,True,64.60000000000001,3,0.005270597045733825,0.07259887771676518,0.10789327510041201,
835,100,3,55.1,50.9,67.9,1.12,1e-05,80,0.60,0.58,True,87.60000000000001,3,0.0054656470768815885,0.07393001472258469,0.04173614365642373,
844,100,3,44.8,22.0,43.3,3.01,1e-07,25,0.60,0.45,True,69.60000000000001,3,0.008887836536971672,0.09427532305418886,0.6312843807861948,
841,100,3,52.5,37.1,57.3,2.28,1e-07,25,center,center,True,91.10000000000001,3,0.003714707283634657,0.06094839853215716,0.9071834596206629,
837,100,3,25.5,30.7,32.9,3.95,1e-05,120,0.35,0.40,True,116.5,3,0.002069060842780939,0.04548693046118785,0.10163350697212589,
845,100,3,32.4,34.2,40.1,3.8,1e-07,25,0.60,0.58,True,67.8,3,0.003965544327338876,0.06297256805418433,0.35931375046409514,
842,100,3,73.0,49.8,81.4,2.73,1e-07,25,0.35,0.40,True,103.80000000000001,3,0.014887029935976752,0.12201241713848944,0.890322521010118,
852,100,3,35.2,33.5,41.5,4.47,1e-07,80,0.35,0.40,True,69.2,3,0.0041085712207904485,0.06409813742060255,0.10824571234771922,
791,100,3,78.5,55.9,89.4,1.93,1e-07,80,center,center,True,329.1,3,0.00018034078726969878,0.013429102251070203,0.5686764490532523,
854,100,3,53.0,26.1,52.4,4.32,1e-07,80,0.60,0.45,False,72.9,3,0.023426617581965983,0.15305756296885817,14.731159883881634,vittima non trovata entro 15 minuti
846,100,3,49.4,69.1,78.0,4.97,1e-07,50,center,center,True,98.10000000000001,3,0.012831490337348863,0.11327616844397971,0.7089083814415525,
843,100,3,64.2,74.5,91.3,2.06,1e-07,25,0.45,0.55,True,115.5,3,0.001377762736111988,0.03711822646776093,0.42770709518748967,
851,100,3,48.0,53.9,65.1,2.19,1e-07,80,center,center,True,93.9,3,0.004056748921278185,0.06369261276850074,0.7602226340071823,
850,100,3,64.0,58.9,79.9,3.91,1e-07,50,0.60,0.58,True,98.30000000000001,3,0.01877367482631645,0.13701706034766784,0.2574521964518447,
853,100,3,50.3,26.9,50.3,4.63,1e-07,80,0.45,0.55,True,85.10000000000001,3,0.0031363591371670113,0.05600320649004851,0.13893853462342937,
847,100,3,18.1,64.5,61.0,1.96,1e-07,50,0.35,0.40,True,106.7,3,0.0143933761836882,0.11997239759081336,0.49784203509239733,
855,100,3,55.6,12.5,51.2,3.31,1e-07,80,0.60,0.58,True,83.0,3,0.03315300745842166,0.182079673380698,1.023608635426437,
849,100,3,80.7,45.9,86.0,4.6,1e-07,50,0.60,0.45,True,109.10000000000001,3,0.001352080873880568,0.0367706523450505,0.29648813930361717,
650,100,3,70.0,10.1,65.2,1.18,1e-05,50,0.60,0.58,False,900.0,2,1.761789354993593e-29,4.197367454719199e-15,19.086690760126686,vittima non trovata entro 15 minuti
863,100,3,28.3,9.1,23.6,2.41,1e-06,25,0.45,0.55,True,33.9,3,0.0007092783211368138,0.02663227968343705,0.27250467477808293,
856,100,3,12.7,65.6,61.1,2.67,1e-07,120,center,center,True,97.80000000000001,3,0.0037989334327448243,0.061635488419779914,3.214682598530025,
861,100,3,10.3,63.7,58.9,4.23,1e-06,25,center,center,True,66.2,3,0.004145840625243115,0.06438820253154388,3.4752513335932127,
857,100,3,70.1,80.2,99.5,2.92,1e-07,120,0.35,0.40,True,107.7,3,0.0018149807315796518,0.04260259066746589,0.14810806247786468,
864,100,3,34.0,51.0,54.4,2.21,1e-06,25,0.60,0.45,True,55.800000000000004,3,0.003899488588739247,0.062445885282692945,0.035784333150477146,
867,100,3,22.2,22.5,24.6,3.42,1e-06,50,0.35,0.40,True,52.300000000000004,3,0.0017156089002312467,0.041419909466719584,0.19108449858110255,
858,100,3,67.8,45.1,74.5,3.38,1e-07,120,0.45,0.55,True,91.80000000000001,3,0.005291229931122649,0.07274084087445408,0.3267159031808181,
794,100,3,65.0,34.9,67.1,4.44,1e-07,80,0.60,0.45,True,382.20000000000005,3,0.0016326530621212833,0.040406101793185684,1.7006685986563255,
859,100,3,42.2,52.7,60.5,1.4,1e-07,120,0.60,0.45,True,90.2,3,0.004115981236023812,0.06415591349224023,0.08753340907829069,
860,100,3,53.8,74.4,84.8,3.5,1e-07,120,0.60,0.58,True,101.0,3,0.005081149983441351,0.07128218559669275,0.11633723698239719,
865,100,3,14.2,47.6,43.6,1.92,1e-06,25,0.60,0.58,True,73.0,3,0.004633413262845732,0.06806917997776771,0.8018166557478725,
869,100,3,44.1,60.8,68.1,2.75,1e-06,50,0.60,0.45,True,69.2,3,0.005203857079671111,0.07213776458742752,0.16199251994202205,
871,100,3,39.2,26.6,40.4,1.36,1e-06,80,center,center,True,66.4,3,0.0038528532752680816,0.06207135631890189,0.047727370048370236,
868,100,3,10.6,66.2,61.4,3.63,1e-06,50,0.45,0.55,True,76.9,3,0.004509236640485972,0.06715084988655,1.0008454805906153,
870,100,3,69.7,32.9,70.5,2.94,1e-06,50,0.60,0.58,True,78.10000000000001,3,0.004101756989659236,0.06404496068902873,0.6676728518916117,
872,100,3,53.4,45.8,63.3,4.42,1e-06,80,0.35,0.40,True,68.10000000000001,3,0.002453343880498486,0.04953124145928997,0.19314610662503487,
876,100,3,36.3,49.6,54.5,4.33,1e-06,120,center,center,True,59.7,3,0.03433575370966668,0.1852990925764794,4.066117381215426,
873,100,3,57.0,63.2,78.0,4.47,1e-06,80,0.45,0.55,True,86.7,3,0.0038103271333353463,0.06172784730845023,0.3374188195957612,
877,100,3,45.0,68.0,74.6,4.28,1e-06,120,0.35,0.40,True,70.60000000000001,3,0.01746154204665957,0.13214212820542723,2.3046387102361963,
669,100,3,75.0,51.5,84.1,4.31,1e-07,50,0.60,0.45,False,900.0,2,0.0,0.0,0.17689676150171924,vittima non trovata entro 15 minuti
875,100,3,67.8,67.5,88.6,2.71,1e-06,80,0.60,0.58,True,89.60000000000001,3,0.004521533364504728,0.06724234799964028,0.10501574589818817,
883,100,3,28.7,54.5,54.8,3.18,1e-05,25,0.45,0.55,True,51.6,3,0.010386390465377149,0.1019136421946402,1.8187916805849014,
882,100,3,25.4,71.0,69.1,3.23,1e-05,25,0.35,0.40,True,58.900000000000006,3,0.0012296635519066558,0.03506655888316753,0.0891056527476477,
878,100,3,60.1,73.2,87.7,2.41,1e-06,120,0.45,0.55,False,90.10000000000001,3,0.011487875000827999,0.10718150493824949,14.438099662237834,vittima non trovata entro 15 minuti
886,100,3,40.5,40.4,50.1,2.22,1e-05,50,center,center,True,56.900000000000006,3,0.000786172841780424,0.028038773899377697,0.24396432233902504,
888,100,3,38.9,33.0,43.9,2.03,1e-05,50,0.45,0.55,True,54.800000000000004,3,0.004532470638307028,0.06732362615239192,0.08684373229045285,
879,100,3,68.3,66.8,88.5,3.1,1e-06,120,0.60,0.45,True,85.7,3,0.004007513450457124,0.0633049243776274,0.1551658342697043,
887,100,3,44.7,70.2,76.3,4.06,1e-05,50,0.35,0.40,True,63.0,3,0.005229542344732326,0.07231557470374086,0.015372513573173806,
885,100,3,72.0,20.3,68.7,4.05,1e-05,25,0.60,0.58,True,64.9,3,0.003293164573265941,0.057386100871778534,0.33442470443423883,
880,100,3,59.6,63.2,79.8,1.99,1e-06,120,0.60,0.58,True,86.7,3,0.005664082697570687,0.07526010030268819,2.78670108799308,
881,100,3,54.8,51.7,68.3,2.02,1e-05,25,center,center,True,87.4,3,0.004955127272030681,0.07039266490218055,0.07321034619517273,
893,100,3,9.7,23.8,19.4,3.25,1e-05,80,0.45,0.55,True,46.400000000000006,3,0.0018025762242764524,0.04245675710975171,1.703082328073825,
889,100,3,77.7,78.7,103.6,2.46,1e-05,50,0.60,0.45,True,84.2,3,0.0037390658415657526,0.06114790136681514,0.1769819738668322,
896,100,3,14.7,35.9,32.4,2.48,1e-05,120,center,center,True,49.300000000000004,3,0.012691540916811631,0.11265673933152703,2.6188232303721057,
895,100,3,68.8,24.3,66.6,1.98,1e-05,80,0.60,0.58,True,64.7,3,0.0036187613066719325,0.060156141055356376,0.041823619989638974,
899,100,3,46.9,57.8,67.4,3.15,1e-05,120,0.60,0.45,True,55.6,3,0.0036612449213838908,0.06050822193209689,0.053893294581796536,
884,100,3,79.6,46.9,85.6,2.94,1e-05,25,0.60,0.45,True,109.10000000000001,3,0.004987613010998847,0.07062303456379404,0.053942910937263465,
891,100,3,24.3,15.1,21.8,2.12,1e-05,80,center,center,True,105.7,3,0.0006536985073520289,0.025567528377847336,0.7336145642543042,
900,100,3,48.3,13.6,44.1,4.22,1e-05,120,0.60,0.58,True,64.8,3,0.001489604763310527,0.038595398214172204,3.150526103165386,
903,100,3,35.2,24.0,35.7,4.58,1e-07,25,0.45,0.55,True,57.5,3,0.014420581631446593,0.12008572617695491,0.33699118807382644,
690,100,3,60.0,11.2,55.3,1.35,1e-06,50,0.60,0.58,False,900.0,2,2.524354896707238e-29,5.0242958677880805e-15,0.543340996732741,vittima non trovata entro 15 minuti
897,100,3,17.2,30.3,28.1,3.24,1e-05,120,0.35,0.40,True,92.80000000000001,3,0.0016647155760390437,0.040800926166437004,0.6110383276278502,
898,100,3,22.5,60.8,58.5,3.86,1e-05,120,0.45,0.55,True,88.5,3,0.0009995244295890578,0.031615256279034935,1.8062734325221843,
694,100,3,76.5,35.2,77.6,4.25,1e-06,80,0.60,0.45,False,900.0,2,1.0097419586828951e-28,1.0048591735576161e-14,1.1198532170670938,vittima non trovata entro 15 minuti
906,100,3,37.6,18.2,35.1,2.34,1e-07,50,center,center,True,58.7,3,0.004099499473918882,0.06402733380298513,0.320205007791053,
904,100,3,21.9,39.6,38.5,3.92,1e-07,25,0.60,0.45,True,67.3,3,0.004691991203004394,0.06849811094478733,1.3722068497591655,
905,100,3,36.9,27.7,39.1,3.95,1e-07,25,0.60,0.58,True,67.8,3,0.003933776774947836,0.0627198276061712,0.5700925782109316,
902,100,3,18.6,49.1,46.2,3.2,1e-07,25,0.35,0.40,True,81.10000000000001,3,0.005003422446925315,0.07073487433314146,0.14982974219723133,
894,100,3,23.5,10.7,19.4,4.19,1e-05,80,0.60,0.45,True,129.3,3,0.005101580950797637,0.07142535229732953,4.414136112834305,
901,100,3,28.5,76.4,75.2,4.64,1e-07,25,center,center,True,98.7,3,0.0034872531664267574,0.059052969158432306,5.757116146652414,
907,100,3,52.7,13.8,48.6,4.97,1e-07,50,0.35,0.40,True,86.5,3,0.008123829596405232,0.09013228942174514,1.986923424265351,
911,100,3,37.2,28.2,39.7,1.84,1e-07,80,center,center,True,69.60000000000001,3,0.003886984833754468,0.06234568817291592,0.47847144209998604,
912,100,3,19.0,47.3,44.6,2.15,1e-07,80,0.35,0.40,True,80.80000000000001,3,0.0038055338834900062,0.06168900942218157,0.31070042715661644,
908,100,3,15.4,63.7,59.6,2.41,1e-07,50,0.45,0.55,True,106.0,3,0.004498971299689446,0.06707437140733744,0.7481470229031185,
913,100,3,54.7,16.8,51.1,3.08,1e-07,80,0.45,0.55,True,82.4,3,0.003552105175001631,0.05959954005696379,0.3553756645600446,
910,100,3,72.2,59.9,86.8,4.83,1e-07,50,0.60,0.58,True,102.30000000000001,3,0.0018025160330079678,0.042456048250019314,0.7403141581438998,
917,100,3,31.4,69.4,69.6,1.31,1e-07,120,0.35,0.40,True,89.60000000000001,3,0.008500682385915156,0.0921991452558816,0.3920730551814094,
915,100,3,10.5,65.8,61.0,3.03,1e-07,80,0.60,0.58,True,93.2,3,0.004085971125964986,0.0639216014033205,0.26061954084293465,
914,100,3,52.3,78.2,87.2,2.42,1e-07,80,0.60,0.45,True,102.60000000000001,3,0.008902508600815926,0.09435310594154242,0.7665922351983356,
918,100,3,72.7,42.4,77.3,2.24,1e-07,120,0.45,0.55,True,91.5,3,0.01907450107900643,0.13811046694225038,1.8176389181967063,
916,100,3,56.7,61.2,76.3,4.5,1e-07,120,center,center,True,101.0,3,0.004283046756737873,0.06544499031047275,0.26986558676256356,
922,100,3,69.5,76.0,95.9,3.45,1e-06,25,0.35,0.40,False,88.7,3,0.031059539459477863,0.17623716821226407,15.013529882986669,vittima non trovata entro 15 minuti
919,100,3,52.8,62.0,74.4,3.79,1e-07,120,0.60,0.45,True,97.10000000000001,3,0.003930583128082716,0.06269436280944815,0.2698428708240066,
923,100,3,57.0,43.7,64.8,3.98,1e-06,25,0.45,0.55,True,81.4,3,0.0004173914664503504,0.020430160705446013,0.3981749341406855,
920,100,3,67.7,43.6,73.6,3.56,1e-07,120,0.60,0.58,True,97.10000000000001,3,0.0018722751470425748,0.043269794857874876,0.18617757293867315,
925,100,3,20.3,79.5,76.0,2.3,1e-06,25,0.60,0.58,True,75.4,3,0.006876953670083099,0.08292739999591871,0.1782804962256584,
928,100,3,23.6,42.2,41.6,4.12,1e-06,50,0.45,0.55,True,59.300000000000004,3,0.0066695596074854025,0.0816673717434656,2.543985693648165,
931,100,3,17.8,18.0,18.3,3.55,1e-06,80,center,center,True,30.900000000000002,3,0.0031261923031128515,0.05591236270372458,2.631307922579965,
929,100,3,19.0,31.1,29.7,4.26,1e-06,50,0.60,0.45,True,54.800000000000004,3,0.002776327635368622,0.052690868614671954,6.258866064975554,
924,100,3,80.2,53.4,89.4,4.27,1e-06,25,0.60,0.45,True,97.9,3,0.005299929744608168,0.07280061637519403,0.18284385478033233,
926,100,3,58.5,61.4,77.8,1.95,1e-06,50,center,center,True,85.7,3,0.00434977407901854,0.06595281706658586,0.3686043872280744,
930,100,3,29.7,44.9,47.0,4.37,1e-06,50,0.60,0.58,True,58.800000000000004,3,0.007856749214773369,0.0886383055725535,0.4176810234774182,
927,100,3,31.1,80.5,79.9,3.09,1e-06,50,0.35,0.40,True,74.7,3,0.0028298925237698136,0.053196734145714374,0.2827645188694384,
731,100,3,74.1,32.7,74.4,2.8,1e-07,80,center,center,False,900.0,2,6.310887241768095e-30,2.5121479338940403e-15,2.88023834084042,vittima non trovata entro 15 minuti
728,100,3,69.5,57.9,83.4,1.71,1e-07,50,0.45,0.55,False,900.0,2,2.524354896707238e-29,5.0242958677880805e-15,0.26210007365885335,vittima non trovata entro 15 minuti
934,100,3,14.3,26.5,23.4,1.17,1e-06,80,0.60,0.45,True,65.10000000000001,3,0.001718222586881625,0.04145144854985921,0.8807806741967285,
933,100,3,42.3,56.2,63.4,2.87,1e-06,80,0.45,0.55,True,68.2,3,0.0024100402358979184,0.04909216063586852,1.0864945043201284,
937,100,3,38.1,52.5,57.8,1.74,1e-06,120,0.35,0.40,True,67.4,3,0.002566615156198604,0.05066177213835501,0.048677613104981386,
939,100,3,21.1,56.2,53.7,1.23,1e-06,120,0.60,0.45,True,63.1,3,0.0027436618317391733,0.05237997548433154,0.3084883861492072,
936,100,3,56.6,34.8,59.6,3.13,1e-06,120,center,center,True,68.60000000000001,3,0.0032370154731540014,0.05689477544690726,0.04053294338854261,
932,100,3,67.6,55.5,80.4,4.65,1e-06,80,0.35,0.40,True,83.9,3,0.005905403039227177,0.07684662021993666,2.799402748676492,
935,100,3,56.1,46.3,65.7,3.24,1e-06,80,0.60,0.58,True,73.0,3,0.006967265251379071,0.08347014586892172,0.18152316910476285,
943,100,3,61.5,9.8,56.7,3.16,1e-05,25,0.45,0.55,True,61.800000000000004,3,0.0049377120248494345,0.07026885529770237,4.470868407973891,
944,100,3,10.3,78.5,73.7,1.28,1e-05,25,0.60,0.45,True,62.1,3,0.00466188324335235,0.06827798505632947,0.2823704353805663,
938,100,3,65.0,48.9,74.3,3.66,1e-06,120,0.45,0.55,True,85.0,3,0.006649619419208462,0.08154519862756153,0.044277850440941444,
940,100,3,66.0,63.3,84.4,3.81,1e-06,120,0.60,0.58,True,88.0,3,0.007225702908139027,0.08500413465319806,0.10391450190406794,
941,100,3,74.7,67.4,93.5,3.48,1e-05,25,center,center,True,84.60000000000001,3,0.0032311539690893032,0.05684324031130969,0.014166017304258585,
945,100,3,74.0,42.9,78.7,3.58,1e-05,25,0.60,0.58,True,75.4,3,0.0054548575871797384,0.0738570077052932,0.07344477031918965,
947,100,3,71.4,68.1,91.6,3.76,1e-05,50,0.35,0.40,True,81.60000000000001,3,0.00217522256963273,0.04663928140133304,1.69508503081963,
946,100,3,72.0,60.9,87.3,1.2,1e-05,50,center,center,True,81.9,3,0.0071873303130012625,0.08477812402383803,0.14634395491459978,
953,100,3,38.2,43.4,50.7,2.42,1e-05,80,0.45,0.55,True,56.1,3,0.004014863123000607,0.06336294755612784,1.709237507623157,
952,100,3,47.7,19.9,45.2,1.68,1e-05,80,0.35,0.40,True,60.6,3,0.01109215318724197,0.10531929161954125,2.0243542510580057,
949,100,3,23.0,70.3,67.8,2.26,1e-05,50,0.60,0.45,True,82.0,3,0.0022938223733457463,0.047893865717289374,0.10681346588540049,
942,100,3,80.8,15.5,76.5,3.77,1e-05,25,0.35,0.40,True,110.10000000000001,3,0.0035785293096433093,0.05982081000490807,1.9286741060142083,
948,100,3,53.9,13.1,49.5,2.44,1e-05,50,0.45,0.55,True,91.10000000000001,3,0.003682925765174881,0.06068711366653452,0.20451368779370044,
958,100,3,43.4,26.6,44.1,1.51,1e-05,120,0.45,0.55,True,54.900000000000006,3,0.0054626063077761085,0.07390944667480678,0.089292041698682,
748,100,3,81.0,22.3,77.9,5.0,1e-06,50,0.45,0.55,False,900.0,1,nan,nan,10.743501249594438,vittima non trovata entro 15 minuti
955,100,3,54.3,21.4,52.0,3.73,1e-05,80,0.60,0.58,True,88.7,3,0.002240741895835235,0.04733647532120695,2.828907768676348,
950,100,3,51.9,61.4,73.4,4.18,1e-05,50,0.60,0.58,True,99.10000000000001,3,0.004390013811473199,0.06625717932023065,0.16038876842094466,
960,100,3,37.0,49.2,54.6,1.21,1e-05,120,0.60,0.58,True,53.5,3,0.004553186563080577,0.0674773040590729,0.17489383528029773,
954,100,3,53.4,29.9,54.4,3.83,1e-05,80,0.60,0.45,True,90.2,3,0.0024836786279551705,0.04983651901924101,3.5964555028510423,
751,100,3,70.0,28.7,69.2,1.29,1e-06,80,center,center,False,900.0,2,1.072850831100576e-28,1.03578512786223e-14,0.43282256587361034,vittima non trovata entro 15 minuti
956,100,3,77.4,39.8,80.4,4.53,1e-05,120,center,center,True,88.10000000000001,3,0.004033556580031476,0.06351028719846476,0.11997627833951499,
951,100,3,80.2,42.1,83.9,1.85,1e-05,80,center,center,True,119.4,3,0.0021532603595531305,0.04640323652023779,0.20397191437463796,
959,100,3,18.2,18.3,18.7,3.43,1e-05,120,0.60,0.45,True,100.9,3,0.0015366858325956054,0.03920058459507467,2.6775901372144046,
967,100,4,31.3,17.4,29.1,3.67,1e-07,50,0.35,0.40,True,41.5,3,0.005225219266105238,0.07228567815345746,0.10323925211093929,
968,100,4,11.0,42.9,38.4,2.95,1e-07,50,0.45,0.55,True,53.2,3,0.00473001543899303,0.06877510769888354,0.7600029557501428,
962,100,4,72.5,22.5,69.7,1.23,1e-07,25,0.35,0.40,True,83.4,3,0.006020207265011707,0.0775899946192272,6.7372394175012085,
964,100,4,13.4,64.4,60.0,4.3,1e-07,25,0.60,0.45,True,88.5,3,0.002811874332887143,0.05302710941478088,0.11961171661765836,
966,100,4,54.7,17.4,51.2,2.61,1e-07,50,center,center,True,73.2,3,0.004439402407230513,0.06662884065650934,1.7391022166093422,
770,100,3,36.7,10.5,32.2,4.78,1e-05,50,0.60,0.58,False,900.0,2,1.262177448353619e-29,3.552713678800501e-15,26.22857012780591,vittima non trovata entro 15 minuti
961,100,4,33.4,64.2,65.7,2.81,1e-07,25,center,center,True,105.80000000000001,3,0.004020591720834271,0.0634081360775908,4.6020521959536085,
965,100,4,18.5,73.7,70.1,3.73,1e-07,25,0.60,0.58,True,95.5,3,0.0018152123450757623,0.042605308883703244,0.09403518918291914,
963,100,4,53.2,46.9,63.9,3.93,1e-07,25,0.45,0.55,True,100.80000000000001,3,0.0024596619542629375,0.049594979123525576,0.11436997891554884,
971,100,4,68.9,45.2,75.5,2.97,1e-07,80,center,center,True,96.0,3,0.0033680265235747054,0.05803470102942467,0.26734076524201456,
976,100,4,29.3,73.8,73.0,3.02,1e-07,120,center,center,True,91.9,3,0.0038491614088747425,0.06204161030207664,3.3145105711466103,
969,100,4,75.5,50.1,83.7,1.89,1e-07,50,0.60,0.45,True,104.7,3,0.004275909120410358,0.0653904360010725,0.25967619877529446,
970,100,4,51.8,68.5,78.9,1.7,1e-07,50,0.60,0.58,True,99.7,3,0.013164590486693124,0.11473704932014385,0.051704593057409404,
972,100,4,27.3,69.7,68.5,1.94,1e-07,80,0.35,0.40,True,96.2,3,0.018802630428242227,0.13712268385734808,0.5599980835151518,
983,100,4,39.0,11.7,34.7,2.12,1e-06,25,0.45,0.55,True,36.5,3,0.000586244458983819,0.024212485601107107,8.580324376637382,
974,100,4,15.5,79.3,75.1,4.64,1e-07,80,0.60,0.45,True,102.80000000000001,3,0.02821697354091035,0.16797908661768093,8.769461421894878,
978,100,4,16.0,75.8,71.7,1.64,1e-07,120,0.45,0.55,True,90.2,3,0.003923812472955969,0.06264034221614669,0.2800938062069212,
973,100,4,61.2,29.7,61.4,2.95,1e-07,80,0.45,0.55,True,104.5,3,0.003601952160961153,0.06001626580320666,0.16843886264816357,
980,100,4,49.4,24.5,48.5,1.3,1e-07,120,0.60,0.58,True,71.2,3,0.0025751892738834744,0.050746322762181245,0.4528447782788631,
977,100,4,68.8,70.2,91.3,3.95,1e-07,120,0.35,0.40,True,109.80000000000001,3,0.007246963770407377,0.08512910060847217,0.3466995712746862,
975,100,4,76.2,71.9,97.7,4.68,1e-07,80,0.60,0.58,True,112.0,3,0.0036032818978760576,0.0600273429186738,0.1690488813719147,
793,100,3,80.0,19.7,76.4,1.91,1e-07,80,0.45,0.55,False,900.0,2,1.9721522630525295e-31,4.440892098500626e-16,18.221231333658544,vittima non trovata entro 15 minuti
981,100,4,50.2,65.0,75.1,1.48,1e-06,25,center,center,True,84.7,3,0.002837852677774086,0.05327149967641315,0.12622709894945,
985,100,4,29.8,75.6,74.9,4.28,1e-06,25,0.60,0.58,True,68.5,3,0.0018737445313731433,0.04328677085869473,0.12125378514944776,
979,100,4,66.8,77.2,95.0,1.5,1e-07,120,0.60,0.45,True,103.5,3,0.002271780580457056,0.04766319943580221,0.49772455113797365,
987,100,4,29.7,28.5,34.1,3.94,1e-06,50,0.35,0.40,True,56.0,3,0.0033355804525000547,0.05775448426312934,1.415600590436447,
986,100,4,26.8,68.4,67.0,3.75,1e-06,50,center,center,True,67.10000000000001,3,0.0026667731393840706,0.051640808856795326,3.285905984911884,
795,100,3,75.8,18.5,72.1,4.61,1e-07,80,0.60,0.58,False,900.0,2,1.072850831100576e-28,1.03578512786223e-14,3.048539260190893,vittima non trovata entro 15 minuti
988,100,4,36.7,57.3,61.2,1.61,1e-06,50,0.45,0.55,True,67.60000000000001,3,0.0007507299765412714,0.02739945212118796,0.2654421010027191,
989,100,4,14.1,46.5,42.5,3.66,1e-06,50,0.60,0.45,False,55.1,3,0.0014325115113443115,0.037848533807061956,12.46343696162374,vittima non trovata entro 15 minuti
991,100,4,50.8,39.5,57.4,1.76,1e-06,80,center,center,True,62.7,3,0.0018569762445428462,0.04309264722133982,0.1715875867007664,
993,100,4,31.0,58.7,59.6,4.86,1e-06,80,0.45,0.55,True,64.60000000000001,3,0.005451414377657691,0.07383369405398656,1.693053961062995,
982,100,4,79.3,62.6,94.0,1.62,1e-06,25,0.35,0.40,True,107.9,3,0.02624984677088474,0.1620180445841905,2.569988271115214,
990,100,4,38.6,63.4,67.4,4.19,1e-06,50,0.60,0.58,True,71.2,3,0.00229381086679057,0.04789374559157563,0.09091896168248015,
999,100,4,51.4,13.4,47.1,4.01,1e-06,120,0.60,0.45,True,48.0,3,0.015410897411161448,0.1241406356160683,3.7503494303782774,
996,100,4,29.2,55.8,56.3,4.93,1e-06,120,center,center,True,60.7,3,0.010288790660126057,0.1014336761639154,4.046651676756572,
992,100,4,49.1,54.4,66.2,2.3,1e-06,80,0.35,0.40,True,71.0,3,0.005146836472200823,0.07174145574352965,0.1502860366822379,
997,100,4,32.5,31.5,38.2,3.89,1e-06,120,0.35,0.40,True,61.1,3,0.005702730237400218,0.07551642362691852,1.6415724193089216,
995,100,4,68.4,31.5,68.7,3.76,1e-06,80,0.60,0.58,True,71.8,3,0.005328725171000321,0.0729981175853208,0.17617680859656168,
994,100,4,63.6,64.6,83.6,1.44,1e-06,80,0.60,0.45,True,76.9,3,0.002809168111017237,0.053001585929264766,0.29977308176671724,
1005,100,4,24.7,56.8,55.4,1.03,1e-05,25,0.60,0.58,True,46.900000000000006,3,0.0028908461317425902,0.05376658936312206,0.3537227090853491,
1002,100,4,27.4,71.8,70.4,2.17,1e-05,25,0.35,0.40,True,51.0,3,0.006120145227338311,0.0782313570592912,0.07139368279881464,
1000,100,4,43.8,60.2,67.5,2.82,1e-06,120,0.60,0.58,True,68.10000000000001,3,0.003536784338372879,0.05947086966215375,0.2009827165506383,
998,100,4,61.3,61.7,79.9,4.16,1e-06,120,0.45,0.55,True,70.2,3,0.004473310510975989,0.06688281177534322,0.13777932053381475,
1021,100,4,19.6,12.4,16.3,1.26,1e-07,25,center,center,True,0.2,4,0.0037489276587275738,0.061228487313729825,3.004074451445498,
1008,100,4,45.5,54.9,64.3,4.02,1e-05,50,0.45,0.55,True,57.5,3,0.0026200042721098967,0.051185977299548525,0.11891920834631117,
811,100,3,49.6,13.5,45.4,2.86,1e-06,80,center,center,False,900.0,2,0.0,0.0,0.8446970632192187,vittima non trovata entro 15 minuti
1009,100,4,49.7,9.6,45.0,2.8,1e-05,50,0.60,0.45,True,53.900000000000006,3,0.007925318983271572,0.08902426064434106,6.086024422567089,
1013,100,4,35.4,12.2,31.3,2.35,1e-05,80,0.45,0.55,True,40.800000000000004,3,0.002713578591503608,0.05209202042063264,0.07474884515280955,
1004,100,4,56.2,73.1,85.2,1.76,1e-05,25,0.60,0.45,True,72.60000000000001,3,0.0029957703706388105,0.05473363107485936,0.09863093524380011,
1001,100,4,67.6,70.4,90.5,3.4,1e-05,25,center,center,True,85.9,3,0.002706685387084789,0.05202581462201999,0.24524738255052092,
1006,100,4,77.0,63.5,92.8,1.21,1e-05,50,center,center,True,74.7,3,0.0022804732340688085,0.047754300686627255,0.1820274396931792,
1030,100,4,14.7,12.8,12.4,2.93,1e-07,50,0.60,0.58,True,0.2,4,0.007887382754944262,0.08881093826181695,0.9559193011232038,
1007,100,4,75.6,76.8,100.7,1.03,1e-05,50,0.35,0.40,True,79.7,3,0.0054074540308051994,0.07353539304855315,2.164083416672426,
1014,100,4,15.3,73.7,69.5,1.99,1e-05,80,0.60,0.45,True,58.800000000000004,3,0.004385021014469375,0.06621949119760265,0.2978905991274057,
1016,100,4,18.1,75.4,71.6,2.34,1e-05,120,center,center,True,59.0,3,0.01941734750329111,0.13934614276430873,2.3067004579294546,
1017,100,4,52.9,26.8,52.6,3.81,1e-05,120,0.35,0.40,True,62.2,3,0.002339607967252345,0.048369494180240766,3.1938312979058217,
1028,100,4,26.6,15.6,24.1,2.92,1e-07,50,0.45,0.55,True,26.5,3,0.0027599652212965957,0.05253537114455932,0.28130681297814325,
1011,100,4,68.4,70.4,91.1,1.11,1e-05,80,center,center,True,73.2,3,0.006083991686901926,0.07799994671089158,0.07656645825781896,
1018,100,4,31.8,62.0,62.9,4.0,1e-05,120,0.45,0.55,True,63.1,3,0.005837896140541009,0.07640612632859363,2.1676353978333918,
1010,100,4,76.9,76.8,101.6,3.84,1e-05,50,0.60,0.58,True,78.2,3,0.00014668432177779485,0.012111330305866273,0.5348690656963805,
1012,100,4,72.5,69.9,93.6,2.19,1e-05,80,0.35,0.40,True,77.2,3,0.001311910268682734,0.03622030188558254,0.17303358622243248,
1015,100,4,30.7,36.2,40.4,4.34,1e-05,80,0.60,0.58,True,83.7,3,0.0025391535993993116,0.050390014877942944,2.49292201389013,
1022,100,4,32.2,31.4,37.9,3.48,1e-07,25,0.35,0.40,True,60.2,3,0.0028013835278561565,0.05292809771620511,0.06244767233683588,
1020,100,4,72.1,71.5,94.4,1.37,1e-05,120,0.60,0.58,True,76.0,3,0.005499574242403667,0.07415911435827471,0.17982724457449234,
1019,100,4,70.6,73.9,95.1,3.07,1e-05,120,0.60,0.45,True,78.4,3,0.0013321487783253749,0.03649861337537873,0.25186885683459553,
1023,100,4,18.9,49.5,46.7,2.21,1e-07,25,0.45,0.55,True,66.8,3,0.002898024040262223,0.05383329861955538,0.6346892641587124,
1040,100,4,30.3,13.6,26.7,2.91,1e-07,120,0.60,0.58,True,25.900000000000002,3,0.001981413094563785,0.04451306655987414,0.6862544849943618,
1043,100,4,13.0,14.2,12.2,4.04,1e-06,25,0.45,0.55,True,14.700000000000001,3,0.017075690351680266,0.13067398498431226,1.2957964202840173,
1025,100,4,56.9,19.3,53.8,1.38,1e-07,25,0.60,0.58,True,61.0,3,0.06685160078859334,0.258556765118597,7.9251975068641904,
1042,100,4,14.7,15.6,14.4,2.92,1e-06,25,0.35,0.40,True,24.0,3,0.0020873426863200414,0.04568744560948928,0.15665084018497838,
1024,100,4,38.4,74.3,76.9,2.0,1e-07,25,0.60,0.45,True,95.2,3,0.013083015500971597,0.11438101022884697,0.4260386023166344,
1044,100,4,12.1,28.1,24.2,3.73,1e-06,25,0.60,0.45,True,37.7,3,0.001531363548225611,0.03913264044535726,2.8470046028683846,
1039,100,4,38.9,24.5,39.2,1.17,1e-07,120,0.60,0.45,True,57.0,3,0.0025838055047236554,0.050831146993980524,1.85246709656573,
1029,100,4,49.2,43.4,58.5,2.99,1e-07,50,0.60,0.45,True,84.10000000000001,3,0.005453532906463091,0.0738480392865179,0.5018007169255401,
1027,100,4,55.7,59.8,74.6,4.75,1e-07,50,0.35,0.40,True,92.10000000000001,3,0.004770153381234189,0.06906629699957997,0.4602421801236486,
1036,100,4,20.2,45.8,43.6,4.19,1e-07,120,center,center,True,68.3,3,0.0030936472904873184,0.055620565355696615,4.92774368852355,
1026,100,4,62.7,58.7,78.8,1.98,1e-07,50,center,center,True,106.9,3,0.0029940636838013024,0.05471803801125642,0.34514585259298697,
848,100,3,75.2,41.9,79.4,2.28,1e-07,50,0.45,0.55,False,900.0,2,0.0,0.0,0.2155609339029601,vittima non trovata entro 15 minuti
1041,100,4,41.0,69.4,73.8,4.45,1e-06,25,center,center,True,77.4,3,0.015001809475223882,0.12248187406805908,5.468573487224414,
1031,100,4,62.5,67.2,84.7,4.54,1e-07,80,center,center,True,99.5,3,0.003954183785881554,0.06288230105428358,0.20628478274014694,
1032,100,4,35.3,57.9,61.0,2.54,1e-07,80,0.35,0.40,True,97.10000000000001,3,0.004649944578462261,0.06819050211328746,0.23065182648252283,
1047,100,4,26.4,39.1,40.3,3.71,1e-06,50,0.35,0.40,True,54.800000000000004,3,0.005346457396545613,0.07311947344275403,0.09854431912702225,
1033,100,4,48.4,48.2,61.3,3.23,1e-07,80,0.45,0.55,True,90.2,3,0.004263571962981359,0.06529603328672699,0.07411496477359707,
1035,100,4,39.2,63.9,68.1,3.42,1e-07,80,0.60,0.58,True,90.30000000000001,3,0.0069509965355892545,0.08337263661171604,0.07274272704232394,
1038,100,4,14.2,55.9,51.7,1.68,1e-07,120,0.45,0.55,True,84.80000000000001,3,0.003588137234780231,0.059901062050519864,0.47329987562273634,
1037,100,4,15.9,62.3,58.4,4.41,1e-07,120,0.35,0.40,True,87.10000000000001,3,0.018277007318837413,0.13519248247900995,0.4101947832891363,
1045,100,4,59.7,21.9,57.3,1.74,1e-06,25,0.60,0.58,True,69.5,3,0.0011229124890294016,0.033509886437130786,0.20823090449738532,
1034,100,4,70.4,69.4,91.8,2.62,1e-07,80,0.60,0.45,True,103.7,3,0.00816391368222491,0.09035437832349305,0.22941639301584446,
1049,100,4,53.8,40.9,60.6,4.15,1e-06,50,0.60,0.45,True,66.7,3,0.003526338767472184,0.05938298382089084,0.2290395592794574,
1050,100,4,12.1,28.9,24.9,4.83,1e-06,50,0.60,0.58,True,62.1,3,0.0036041947244151882,0.06003494586001713,1.9238798096765497,
1048,100,4,71.0,45.6,77.5,1.31,1e-06,50,0.45,0.55,True,70.8,3,0.004302514504221313,0.0655935553558527,0.4161345407518564,
1046,100,4,54.9,70.3,82.2,4.86,1e-06,50,center,center,True,83.60000000000001,3,0.004722289610881857,0.06871891741639893,0.1008546824876355,
1056,100,4,24.4,23.0,26.4,1.81,1e-06,120,center,center,True,43.0,3,0.03417627977972877,0.18486827683442275,1.7731458617168339,
1053,100,4,47.3,16.0,43.7,2.06,1e-06,80,0.45,0.55,True,52.0,3,0.001322429999864874,0.03636523064501137,0.13737474330135963,
1061,100,4,10.3,20.0,15.9,3.52,1e-05,25,center,center,True,39.800000000000004,3,0.0028280961541153624,0.05317984725547228,4.2218839635345295,
1055,100,4,46.4,27.2,47.0,5.0,1e-06,80,0.60,0.58,True,56.300000000000004,3,0.006474801296355629,0.08046615000331275,2.6824497242093996,
1063,100,4,37.1,31.4,41.6,2.18,1e-05,25,0.45,0.55,True,46.900000000000006,3,0.0047782563617185855,0.06912493299612366,0.09953182055198191,
1057,100,4,25.3,30.7,32.8,3.99,1e-06,120,0.35,0.40,True,51.7,3,0.001211831433714416,0.03481136931685417,0.3276380805744021,
862,100,3,42.1,9.8,37.5,3.75,1e-06,25,0.35,0.40,False,900.0,2,0.0,0.0,0.06029004154246126,vittima non trovata entro 15 minuti
1062,100,4,25.5,41.0,41.4,1.97,1e-05,25,0.35,0.40,True,54.2,3,0.007170495933489858,0.08467878089279426,0.09997034016449016,
1068,100,4,29.9,48.2,49.8,1.14,1e-05,50,0.45,0.55,True,47.6,3,0.005894757192316219,0.07677732212259177,0.9336562710856251,
1051,100,4,72.0,61.4,87.6,4.36,1e-06,80,center,center,True,91.10000000000001,3,0.0019626552539929085,0.044301865129957096,0.1311460935422518,
1059,100,4,50.5,38.0,56.2,1.69,1e-06,120,0.60,0.45,True,61.900000000000006,3,0.0007831552759392933,0.02798491157640655,0.17696451493067322,
1071,100,4,46.7,26.6,47.0,2.5,1e-05,80,center,center,True,42.7,3,0.004300099756982981,0.06557514587847274,0.03638576085079179,
1052,100,4,79.8,61.7,93.8,2.29,1e-06,80,0.35,0.40,False,83.9,3,0.03482421947395301,0.18661248477514308,16.334514945289836,vittima non trovata entro 15 minuti
1054,100,4,36.3,72.4,74.3,3.87,1e-06,80,0.60,0.45,True,77.7,3,0.008559820268852034,0.09251929673777268,0.449752237887302,
866,100,3,77.8,9.5,72.9,2.36,1e-06,50,center,center,False,900.0,1,nan,nan,0.6843174519559578,vittima non trovata entro 15 minuti
1073,100,4,37.5,28.1,39.8,1.11,1e-05,80,0.45,0.55,True,44.5,3,0.006180925158077853,0.07861886006600359,0.07811843208122435,
1066,100,4,56.3,52.5,69.9,4.93,1e-05,50,center,center,True,69.7,3,0.0031412668398556392,0.056047005627915925,0.09459036641141864,
1069,100,4,46.3,77.2,83.2,2.08,1e-05,50,0.60,0.45,True,61.800000000000004,3,0.0031972385081489893,0.05654412885657528,0.21329018086359472,
1060,100,4,80.8,32.2,80.5,2.42,1e-06,120,0.60,0.58,True,77.5,3,0.00020919780665096108,0.014463671962920104,0.7222414779203674,
1058,100,4,65.9,73.1,91.3,2.91,1e-06,120,0.45,0.55,True,83.5,3,0.024594448008358905,0.15682617131193027,3.4910132681856467,
1064,100,4,73.7,45.7,79.8,4.86,1e-05,25,0.60,0.45,True,80.9,3,0.005035063335021369,0.07095818018397435,0.27110248182970137,
1070,100,4,81.0,37.2,82.5,1.3,1e-05,50,0.60,0.58,True,68.60000000000001,3,0.004356236533295241,0.06600179189457844,0.035772407665880954,
1074,100,4,38.7,77.9,80.3,1.18,1e-05,80,0.60,0.45,True,58.6,3,0.003579671241180303,0.059830353844685755,0.1879141829437487,
1075,100,4,15.9,74.3,70.1,2.46,1e-05,80,0.60,0.58,True,54.7,3,0.001614110852009534,0.040175998456908744,0.9164750470020956,
874,100,3,60.0,26.9,59.2,1.02,1e-06,80,0.60,0.45,False,900.0,2,5.048709793414476e-29,7.105427357601002e-15,1.996699253429641,vittima non trovata entro 15 minuti
1072,100,4,62.5,56.9,77.5,1.21,1e-05,80,0.35,0.40,True,70.5,3,0.0011334212031494316,0.033666321497149515,0.10803176370242792,
1077,100,4,17.6,71.2,67.4,4.18,1e-05,120,0.35,0.40,True,54.400000000000006,3,0.0035872903234611827,0.059893992382050995,0.0691936547958768,
1067,100,4,62.6,73.3,89.4,4.02,1e-05,50,0.35,0.40,True,89.30000000000001,3,0.004703296468201211,0.06858058375517966,0.22889659804538456,
1076,100,4,65.7,18.9,62.3,5.0,1e-05,120,center,center,True,62.800000000000004,3,0.002405024347040963,0.04904104757283396,0.2830509357443103,
1079,100,4,27.7,39.8,41.5,2.12,1e-05,120,0.60,0.45,True,53.5,3,0.04279014602421749,0.2068577917899577,0.14262025060769687,
1078,100,4,56.9,16.7,53.2,1.65,1e-05,120,0.45,0.55,True,61.2,3,0.0038496484372938103,0.06204553519225868,0.1911804413906577,
1080,100,4,79.3,9.7,74.5,4.13,1e-05,120,0.60,0.58,True,75.8,3,0.003107886170960931,0.05574841855121032,0.12579511760347273,
890,100,3,15.7,29.6,26.8,4.7,1e-05,50,0.60,0.58,False,900.0,0,nan,nan,35.22121520709052,vittima non trovata entro 15 minuti
1095,100,4,20.0,31.9,30.8,4.39,1e-07,80,0.60,0.58,True,34.7,3,0.0026239947207162776,0.05122494236908693,0.5051174642603972,
1096,100,4,15.6,29.4,26.6,4.86,1e-07,120,center,center,True,36.300000000000004,3,0.05813138710192292,0.24110451489327803,4.20052249990501,
1092,100,4,10.0,40.9,36.3,3.87,1e-07,80,0.35,0.40,True,50.400000000000006,3,0.0029302629905078137,0.054131903629078236,0.38694817643946205,
1094,100,4,23.9,36.4,36.6,4.06,1e-07,80,0.60,0.45,True,49.6,3,0.0024066940662241043,0.04905806830913855,1.5926036424139938,
1085,100,4,46.8,25.2,46.4,3.43,1e-07,25,0.60,0.58,True,70.9,3,0.00255745312126907,0.05057126774433354,0.5365104540806083,
1083,100,4,62.1,23.2,60.0,3.09,1e-07,25,0.45,0.55,True,75.9,3,0.0017911384541938998,0.04232184370031509,0.9690468905364155,
1084,100,4,55.5,31.7,57.1,4.16,1e-07,25,0.60,0.45,True,76.80000000000001,3,0.0022992862678384574,0.04795087348358169,0.6242365754194424,
1086,100,4,40.6,32.5,45.0,4.29,1e-07,50,center,center,True,74.60000000000001,3,0.0034790988836793523,0.05898388664439935,1.199692603492067,
1082,100,4,39.5,80.3,82.9,4.12,1e-07,25,0.35,0.40,True,89.2,3,0.014757125869948158,0.12147891121486132,0.38745756745006665,
1103,100,4,36.7,14.9,33.2,2.53,1e-06,25,0.45,0.55,True,37.300000000000004,3,0.020537864965949344,0.14331037982626849,3.7786525391184393,
892,100,3,20.9,37.0,35.7,4.83,1e-05,80,0.35,0.40,False,900.0,0,nan,nan,22.90680853504667,vittima non trovata entro 15 minuti
1081,100,4,45.5,62.1,70.0,3.49,1e-07,25,center,center,True,99.9,3,0.010544688986475762,0.10268733605696354,0.7738062574267957,
1101,100,4,12.1,61.1,56.5,1.34,1e-06,25,center,center,True,63.6,3,0.03982519552358965,0.19956251031591493,1.889823732818228,
1087,100,4,69.5,44.9,75.9,1.78,1e-07,50,0.35,0.40,True,96.2,3,0.0038414081659222978,0.06197909458779063,0.7079742017250628,
1099,100,4,60.9,15.9,56.9,1.95,1e-07,120,0.60,0.45,False,61.5,3,0.020204086331233415,0.14214107897168016,21.351141799621015,vittima non trovata entro 15 minuti
1108,100,4,9.3,23.4,18.9,2.3,1e-06,50,0.45,0.55,True,28.700000000000003,3,0.005578408943596895,0.07468874710153395,0.970439614318064,
1109,100,4,19.6,10.8,15.7,1.81,1e-06,50,0.60,0.45,True,29.1,3,0.003210847306938901,0.05666433893498539,0.6436979078502869,
1089,100,4,48.5,62.0,71.7,4.77,1e-07,50,0.60,0.45,True,94.2,3,0.004424751062456988,0.06651880232277929,0.20817553294263497,
1090,100,4,62.2,57.9,77.9,1.27,1e-07,50,0.60,0.58,True,96.0,3,0.005345722153106397,0.07311444558434672,0.280803288515719,
1112,100,4,42.5,9.6,37.7,1.46,1e-06,80,0.35,0.40,False,36.800000000000004,3,0.012310755593118488,0.11095384442694398,11.194609806458104,vittima non trovata entro 15 minuti
1097,100,4,34.0,60.7,62.8,5.0,1e-07,120,0.35,0.40,True,83.7,3,0.0035151105164919496,0.05928836746354169,0.34276750780865867,
1091,100,4,58.1,78.8,90.9,2.31,1e-07,80,center,center,True,101.4,3,0.0038277512616866406,0.06186882301843668,0.2043217587354314,
1098,100,4,20.8,59.6,56.9,2.93,1e-07,120,0.45,0.55,True,85.10000000000001,3,0.004005326595839441,0.0632876496311835,0.8073706763329999,
1088,100,4,66.3,36.1,68.7,4.35,1e-07,50,0.45,0.55,True,106.10000000000001,3,0.0033547845845712607,0.057920502281759094,0.2507372276410879,
1093,100,4,41.7,77.4,81.2,3.24,1e-07,80,0.45,0.55,True,96.9,3,0.023738539115640108,0.15407316156826312,0.8212950474900061,
1102,100,4,65.5,60.1,81.9,4.95,1e-06,25,0.35,0.40,True,82.10000000000001,3,0.002210404502285831,0.04701493913944621,0.12784472887478396,
1105,100,4,53.5,21.5,51.2,4.33,1e-06,25,0.60,0.58,True,57.6,3,0.013548353512153265,0.11639739478250045,0.39215007713840155,
1104,100,4,53.6,30.8,55.1,3.31,1e-06,25,0.60,0.45,True,60.5,3,0.0026883714644274637,0.05184950785135249,2.8864752697312115,
1100,100,4,21.4,68.9,66.0,1.8,1e-07,120,0.60,0.58,True,87.9,3,0.004214432006489498,0.06491865684446574,0.048728916756818154,
1107,100,4,13.4,72.9,68.4,3.01,1e-06,50,0.35,0.40,False,64.3,3,0.0021038156394446684,0.045867370095141365,16.607856992509276,vittima non trovata entro 15 minuti
1117,100,4,38.9,10.3,34.3,2.93,1e-06,120,0.35,0.40,True,35.9,3,0.026250905088661753,0.16202131060037056,9.331375502618618,
1106,100,4,15.0,80.6,76.2,3.08,1e-06,50,center,center,True,76.60000000000001,3,0.0037251756542555966,0.061034217077436136,2.7757077473192266,
1111,100,4,48.0,59.0,69.0,4.73,1e-06,80,center,center,True,63.300000000000004,3,0.0031466622762435026,0.056095118114177306,0.9334356045578746,
909,100,3,69.7,15.2,65.5,4.25,1e-07,50,0.60,0.45,False,900.0,2,2.524354896707238e-29,5.0242958677880805e-15,8.637656120572421,vittima non trovata entro 15 minuti
1115,100,4,18.5,70.1,66.5,4.45,1e-06,80,0.60,0.58,False,60.6,3,0.02132442326342818,0.14602884394333943,12.907648356305307,vittima non trovata entro 15 minuti
1121,100,4,36.5,9.6,31.8,2.09,1e-05,25,center,center,True,40.800000000000004,3,0.004849654171162526,0.06963945843530467,0.030285243105347907,
1110,100,4,68.2,38.7,71.6,3.96,1e-06,50,0.60,0.58,True,72.4,3,0.004303454980698539,0.06560072393425653,0.12551882769634695,
1119,100,4,15.7,32.2,29.2,4.2,1e-06,120,0.60,0.45,True,50.1,3,0.002787109856378305,0.05279308530838395,2.5057027545748625,
1116,100,4,29.3,75.2,74.3,3.42,1e-06,120,center,center,True,68.3,3,0.001999171184963325,0.04471209215596297,3.0208560732591136,
1126,100,4,24.7,38.6,39.0,1.95,1e-05,50,center,center,True,37.800000000000004,3,0.004084737409533355,0.0639119504438204,2.2598410477386253,
1132,100,4,23.5,31.9,32.7,3.77,1e-05,80,0.35,0.40,True,36.6,3,0.002318987197450243,0.04815586358326723,0.0917922187887972,
1113,100,4,80.5,48.7,87.2,1.57,1e-06,80,0.45,0.55,True,78.30000000000001,3,0.0005801332695138818,0.024085955856346698,0.2757610213886093,
1147,100,4,12.1,21.1,17.6,2.35,1e-07,50,0.35,0.40,True,0.2,4,0.025805604858686427,0.16064123025763474,3.3964141045240503,
1120,100,4,45.7,57.3,66.3,4.6,1e-06,120,0.60,0.58,True,66.2,3,0.0023305073140142186,0.04827532821239249,0.06390396999534638,
1118,100,4,64.5,25.5,62.9,2.85,1e-06,120,0.45,0.55,True,69.60000000000001,3,0.0017203772254524416,0.04147743031399657,0.2676089880694023,
921,100,3,66.4,32.5,67.3,1.46,1e-06,25,center,center,False,900.0,2,1.0097419586828951e-28,1.0048591735576161e-14,0.4732691492373364,vittima non trovata entro 15 minuti
1124,100,4,57.2,47.7,67.4,1.79,1e-05,25,0.60,0.45,True,63.1,3,0.004642786586255068,0.06813799664104506,0.07513486637897283,
1122,100,4,74.4,35.5,75.8,3.25,1e-05,25,0.35,0.40,True,69.0,3,0.012407923620966332,0.11139085968321787,1.434964061258324,
1140,100,4,47.6,16.8,44.2,1.47,1e-05,120,0.60,0.58,True,39.1,3,0.0013826332258396652,0.0371837763794866,1.3835098212478498,
1130,100,4,67.6,56.7,81.2,1.05,1e-05,50,0.60,0.58,True,61.1,3,0.0022370730608550107,0.04729770671877243,0.05511615135040139,
1131,100,4,40.2,77.8,80.9,3.32,1e-05,80,center,center,True,66.2,3,0.0017947138418491168,0.04236406309419715,2.9673604413790597,
1129,100,4,75.9,39.5,78.8,3.21,1e-05,50,0.60,0.45,True,69.0,3,0.0018692042130858102,0.0432342944094825,0.3843771001176301,
1137,100,4,20.5,78.0,74.6,2.46,1e-05,120,0.35,0.40,True,55.6,3,0.0028791648122449436,0.05365784949329356,0.10173599811432485,
1134,100,4,50.3,37.6,55.9,4.07,1e-05,80,0.60,0.45,True,65.0,3,0.0013442388777801773,0.03666386337772081,0.26125591482151,
1128,100,4,67.0,34.1,68.5,2.97,1e-05,50,0.45,0.55,True,71.0,3,0.003993708135190761,0.06319579206870313,0.14855280893144607,
1125,100,4,57.4,64.1,79.0,4.53,1e-05,25,0.60,0.58,True,73.2,3,0.004142072929541019,0.06435893822571205,0.023365113686126204,
1136,100,4,40.9,80.4,83.5,3.42,1e-05,120,center,center,True,70.10000000000001,3,0.0014572079672919534,0.03817339344742557,3.652421659281622,
1065,100,4,54.0,11.1,49.3,1.25,1e-05,25,0.60,0.58,True,239.5,3,0.037645200536080045,0.19402371127282367,0.41737654038396504,
1158,100,4,15.0,24.2,21.6,2.8,1e-07,120,0.45,0.55,True,15.4,3,0.0012674798880210874,0.035601683780701825,0.6913672046371914,
1139,100,4,81.0,56.3,91.7,2.8,1e-05,120,0.60,0.45,True,72.7,3,0.003513962950115366,0.059278688836000466,0.07759102520212761,
1143,100,4,70.0,9.2,65.2,2.75,1e-07,25,0.45,0.55,False,61.7,3,5.087727999984451e-06,0.00225559925518352,26.062805202669843,vittima non trovata entro 15 minuti
1135,100,4,16.5,21.1,19.8,3.57,1e-05,80,0.60,0.58,True,96.9,3,0.0021249790440847982,0.046097494987090114,2.6499238781863546,
1138,100,4,10.4,71.8,67.0,4.84,1e-05,120,0.45,0.55,True,81.80000000000001,3,0.0020682550130005726,0.04547807178191016,2.8960423532645856,
1144,100,4,66.5,12.7,62.0,2.67,1e-07,25,0.60,0.45,False,61.1,3,1.7246550779666638e-06,0.0013132612375177544,23.18887941861019,vittima non trovata entro 15 minuti
1162,100,4,17.5,14.6,15.8,2.33,1e-06,25,0.35,0.40,True,29.8,3,0.004141301439868557,0.06435294429836569,0.37314386904849883,
1149,100,4,38.8,30.7,42.5,4.22,1e-07,50,0.60,0.45,True,59.7,3,0.002428109414895359,0.0492758502199136,1.9846576158740854,
1142,100,4,53.3,45.1,62.8,3.19,1e-07,25,0.35,0.40,True,83.5,3,0.002791747858437518,0.052836993275900156,0.3376294805325897,
1145,100,4,68.0,32.6,68.8,2.98,1e-07,25,0.60,0.58,False,81.9,3,0.013972403788370748,0.11820492286013619,23.825515070821066,vittima non trovata entro 15 minuti
1160,100,4,25.2,32.7,34.2,1.27,1e-07,120,0.60,0.58,True,47.300000000000004,3,0.006186612383672951,0.07865502135066109,0.4625751317333265,
1141,100,4,48.7,59.8,70.1,2.86,1e-07,25,center,center,True,96.80000000000001,3,0.0026692438117462847,0.051664725023426616,1.2970914596847467,
1127,100,4,38.5,37.3,46.6,4.57,1e-05,50,0.35,0.40,True,132.70000000000002,3,0.0029448656910248654,0.054266616727274106,0.06125989853080111,
1161,100,4,17.6,26.0,24.5,4.85,1e-06,25,center,center,True,56.2,3,0.004156396086318571,0.06447011777807274,3.908111483656283,
1146,100,4,32.6,48.8,51.8,1.71,1e-07,50,center,center,True,85.0,3,0.003483210120753874,0.059018726864901734,2.4969215051216227,
1153,100,4,35.1,35.6,42.9,3.39,1e-07,80,0.45,0.55,True,62.5,3,0.0184210619845986,0.13572421296363665,0.48593689481656893,
1154,100,4,19.8,46.5,44.1,3.82,1e-07,80,0.60,0.45,True,66.7,3,0.003891164631616787,0.062379200312418136,1.042260505417386,
1148,100,4,9.6,75.6,70.7,1.18,1e-07,50,0.45,0.55,False,94.9,3,0.02357164573778253,0.15353060195864057,28.854416988960015,vittima non trovata entro 15 minuti
1151,100,4,43.8,28.3,45.2,3.96,1e-07,80,center,center,True,73.9,3,0.0059750755984511565,0.077298613172884,0.5187333559315686,
1163,100,4,33.1,36.2,42.0,1.33,1e-06,25,0.45,0.55,True,61.300000000000004,3,0.004318927942676426,0.06571855097821638,0.29791668908965907,
1156,100,4,47.8,24.8,47.2,2.54,1e-07,120,center,center,True,71.2,3,0.006031370136272583,0.07766189629588363,0.8680983972710121,
1155,100,4,23.6,46.7,45.7,3.69,1e-07,80,0.60,0.58,True,78.2,3,0.0035368910402106767,0.05947176674869073,0.40823955244569754,
1171,100,4,17.1,19.4,18.8,2.85,1e-06,80,center,center,True,29.8,3,0.004226508347285039,0.06501160163605446,2.368871284034816,
1165,100,4,9.7,51.4,46.6,4.04,1e-06,25,0.60,0.58,True,59.2,3,0.003371988418296199,0.05806882483997932,0.3597697070570115,
1166,100,4,48.4,51.6,63.7,2.47,1e-06,50,center,center,True,58.400000000000006,3,0.006114014339346614,0.07819216290234345,0.377001046600174,
1150,100,4,54.8,79.8,89.9,4.87,1e-07,50,0.60,0.58,True,97.9,3,0.016943379362956024,0.1301667367761673,0.5960251442113476,
1164,100,4,70.2,41.1,74.6,3.29,1e-06,25,0.60,0.45,True,71.2,3,0.00425559185651058,0.06523489753583261,0.17528358131153082,
1157,100,4,73.0,31.6,73.0,4.68,1e-07,120,0.35,0.40,False,82.7,3,0.026699258762967023,0.16339907821945332,12.346123923330586,vittima non trovata entro 15 minuti
1174,100,4,26.1,14.1,23.0,4.9,1e-06,80,0.60,0.45,True,33.4,3,0.0008008098203680832,0.0282985833632725,2.0836920445371248,
1169,100,4,19.2,66.9,63.5,2.95,1e-06,50,0.60,0.45,True,64.10000000000001,3,0.020672870545492238,0.14378063341595154,7.7190766539141,
1152,100,4,65.0,79.1,95.3,1.12,1e-07,80,0.35,0.40,True,107.10000000000001,3,0.004069930183882978,0.06379600445077245,0.26912860694697743,
1159,100,4,71.1,44.6,77.1,1.07,1e-07,120,0.60,0.45,True,96.5,3,0.0038107717982167897,0.06173144902087419,0.2697589306397496,
1172,100,4,25.9,40.4,41.2,3.09,1e-06,80,0.35,0.40,True,55.300000000000004,3,0.0017362574432960875,0.04166842261588609,0.30339605493410876,
1170,100,4,39.2,49.1,55.8,1.82,1e-06,50,0.60,0.58,True,65.3,3,0.0017220318265010384,0.04149737132037448,0.3377595716295512,
1168,100,4,37.6,69.1,71.9,4.73,1e-06,50,0.45,0.55,True,76.4,3,0.002826192334066552,0.053161944415780656,1.5284867124567914,
957,100,3,29.8,13.7,26.3,4.72,1e-05,120,0.35,0.40,False,900.0,2,4.2072581611787294e-30,2.0511601988091347e-15,22.83358703494391,vittima non trovata entro 15 minuti
1173,100,4,9.1,54.0,49.2,1.09,1e-06,80,0.45,0.55,True,59.300000000000004,3,0.00939841546765472,0.09694542520229989,6.097707247684451,
1177,100,4,17.6,48.9,45.7,2.07,1e-06,120,0.35,0.40,True,54.6,3,0.0012252063368309288,0.03500294754489868,0.05699143979676196,
1179,100,4,14.8,34.1,30.7,2.48,1e-06,120,0.60,0.45,True,51.1,3,0.0019333806922274244,0.04397022506455277,2.7129511198267227,
1186,100,4,28.0,20.2,27.5,2.31,1e-05,50,center,center,True,34.5,3,0.0025270021022708354,0.050269295820319936,0.2556092347524202,
1201,100,4,9.1,10.7,7.0,2.1,1e-07,25,center,center,True,0.2,4,0.0002489278706771295,0.01577744816746769,1.0280609728972874,
1180,100,4,45.4,12.7,41.1,4.62,1e-06,120,0.60,0.58,True,49.7,3,0.008165238483615526,0.09036170916718832,2.5721363037943124,
1178,100,4,13.5,57.6,53.3,2.73,1e-06,120,0.45,0.55,True,63.1,3,0.020459109871650828,0.14303534483354394,2.5743300214813085,
1187,100,4,9.1,71.6,66.7,3.02,1e-05,50,0.35,0.40,True,44.7,3,0.004277496261193203,0.06540257075370358,0.05032877502235201,
1176,100,4,45.1,73.6,79.5,1.31,1e-06,120,center,center,False,68.5,3,0.026318020961871427,0.16222829889347737,12.955679047949564,vittima non trovata entro 15 minuti
1207,100,4,19.8,16.2,18.6,4.95,1e-07,50,0.35,0.40,True,0.2,4,0.0011437041127771604,0.0338186947231433,0.5069777319926888,
1184,100,4,75.3,23.5,72.7,1.22,1e-05,25,0.60,0.45,True,52.2,3,0.0010939832478402945,0.033075417576204455,0.9960443868822879,
1192,100,4,35.8,12.1,31.6,1.43,1e-05,80,0.35,0.40,True,39.900000000000006,3,0.00554451619845805,0.07446150816669006,1.2274154457867632,
1183,100,4,54.8,31.2,56.2,2.91,1e-05,25,0.45,0.55,True,61.7,3,0.003478077007446147,0.0589752236744054,0.3809993096351722,
1181,100,4,76.5,34.2,77.2,3.75,1e-05,25,center,center,True,70.5,3,0.0002318784635329268,0.015227556059096509,0.8425474659741832,
1188,100,4,16.0,80.3,76.1,4.53,1e-05,50,0.45,0.55,True,60.1,3,0.005484408457635889,0.0740567921100819,2.5063033348617263,
1182,100,4,63.4,59.0,79.6,2.27,1e-05,25,0.35,0.40,True,73.60000000000001,3,0.0012066183563015408,0.03473641254219469,0.19946480689754925,
1189,100,4,69.3,31.4,69.5,3.22,1e-05,50,0.60,0.45,True,61.0,3,0.0029398454378322565,0.054220341550309845,0.4483561417852877,
1175,100,4,74.0,53.7,84.5,3.23,1e-06,80,0.60,0.58,True,89.10000000000001,3,0.004568465978733906,0.06759042815912551,0.17618764027951225,
1191,100,4,63.4,68.3,86.2,1.26,1e-05,80,center,center,True,62.6,3,0.006027085528103244,0.07763430638643747,0.05677211007590747,
1194,100,4,9.1,76.1,71.2,1.55,1e-05,80,0.60,0.45,True,60.5,3,0.006493986423322324,0.0805852742337105,0.12037444991610563,
1197,100,4,27.8,38.4,40.5,1.51,1e-05,120,0.35,0.40,True,53.800000000000004,3,0.008274870533887188,0.09096631538040434,0.06340018884966528,
1198,100,4,48.5,65.4,74.4,1.96,1e-05,120,0.45,0.55,True,57.400000000000006,3,0.010129734551746896,0.10064658241463988,1.4953171450771603,
1206,100,4,22.1,29.5,29.9,4.48,1e-07,50,center,center,True,35.4,3,0.05011759381151848,0.2238695910826624,3.8820768876057135,
1196,100,4,72.3,56.9,85.0,2.33,1e-05,120,center,center,True,60.5,3,0.004970278549997587,0.07050020248196162,0.106159109321812,
1190,100,4,77.8,77.4,102.7,2.74,1e-05,50,0.60,0.58,True,78.10000000000001,3,0.005410444019121957,0.07355572050576323,0.5094886584982362,
1193,100,4,58.6,76.5,89.4,4.07,1e-05,80,0.45,0.55,True,72.4,3,0.025780676966840443,0.1605636228005598,5.145056915361277,
1195,100,4,59.3,45.7,67.9,4.05,1e-05,80,0.60,0.58,True,69.2,3,0.0027605640034924646,0.052541069683557685,0.05630636417514084,
1219,100,4,19.0,23.3,23.1,1.37,1e-07,120,0.60,0.45,True,15.9,3,0.003352080989639481,0.0578971587354637,2.2272024330220113,
1199,100,4,50.9,76.5,85.0,3.3,1e-05,120,0.60,0.45,True,69.9,3,0.004897687463436251,0.06998347993231153,0.04519207713864348,
1202,100,4,41.8,19.9,39.7,1.11,1e-07,25,0.35,0.40,True,57.5,3,0.002838715537256227,0.053279597758018285,0.040991536235946584,
1200,100,4,72.2,16.0,68.1,3.59,1e-05,120,0.60,0.58,True,77.2,3,0.002456242999988771,0.0495604983831758,0.21115501008453186,
1204,100,4,64.6,33.2,65.9,1.55,1e-07,25,0.60,0.45,False,80.0,3,0.013038821700576693,0.11418766001883345,16.176421418421373,vittima non trovata entro 15 minuti
1216,100,4,61.2,16.4,57.3,4.6,1e-07,120,center,center,False,61.0,3,0.02488607723547584,0.1577532162444742,22.649118079786916,vittima non trovata entro 15 minuti
1203,100,4,71.7,76.0,97.4,1.72,1e-07,25,0.45,0.55,True,95.30000000000001,3,0.0042113558773287825,0.06489496033844834,0.29288339956148013,
1210,100,4,75.7,20.6,72.4,4.34,1e-07,50,0.60,0.58,False,79.60000000000001,3,0.011591983521192336,0.10766607414219363,25.569267291499628,vittima non trovata entro 15 minuti
1205,100,4,75.7,27.5,74.2,2.86,1e-07,25,0.60,0.58,True,91.10000000000001,3,0.007256483368218524,0.08518499497105417,0.09196208269480466,
1227,100,4,22.2,26.4,27.5,2.17,1e-06,50,0.35,0.40,True,47.800000000000004,3,0.0011875683764138271,0.0344611139752305,0.029650234296365353,
1229,100,4,33.3,19.3,31.7,4.94,1e-06,50,0.60,0.45,True,38.2,3,0.0015313769246484764,0.039132811356309125,2.7954343441394607,
1222,100,4,44.9,51.5,61.3,2.85,1e-06,25,0.35,0.40,True,64.2,3,0.0011140901075039204,0.033377988368143464,0.17101582588126427,
1217,100,4,48.6,32.4,51.4,2.95,1e-07,120,0.35,0.40,True,73.4,3,0.000996045160088759,0.03156018314409406,0.2738716868042831,
1236,100,4,15.7,9.2,11.5,2.36,1e-06,120,center,center,True,6.1000000000000005,3,0.0009556544911713737,0.030913661885505796,1.7401751360955555,
1208,100,4,49.2,64.2,73.9,2.74,1e-07,50,0.45,0.55,True,95.10000000000001,3,0.01923371001121909,0.13868565178568074,0.32515720349340616,
1215,100,4,57.4,28.6,57.4,2.37,1e-07,80,0.60,0.58,True,77.4,3,0.002580150994396324,0.05079518672469198,0.0786278631334879,
1213,100,4,12.6,61.7,57.2,4.38,1e-07,80,0.45,0.55,True,87.2,3,0.004209331083536619,0.06487935791556987,0.9343600744392981,
1211,100,4,15.8,71.4,67.3,1.51,1e-07,80,center,center,True,94.4,3,0.0039164696687227826,0.06258170394550457,2.6164248153972935,
1214,100,4,36.1,53.5,57.6,3.22,1e-07,80,0.60,0.45,True,85.9,3,0.004906619419655764,0.0700472656115552,0.31317102247240547,
1212,100,4,53.0,51.3,66.7,3.04,1e-07,80,0.35,0.40,True,89.80000000000001,3,0.0032743938600044518,0.057222319596504055,0.33878832481685767,
1225,100,4,20.4,80.4,76.9,2.04,1e-06,25,0.60,0.58,False,68.60000000000001,3,0.023556298709667314,0.15348061346524294,15.807242858496931,vittima non trovata entro 15 minuti
1209,100,4,61.0,77.4,91.6,2.15,1e-07,50,0.60,0.45,True,103.9,3,0.005276441067572739,0.07263911527250823,0.8621936867220676,
1226,100,4,59.1,45.0,67.3,4.96,1e-06,50,center,center,True,69.5,3,0.0009401147973311551,0.030661291514402247,0.26133040933451146,
1221,100,4,39.1,67.3,71.0,2.36,1e-06,25,center,center,True,78.7,3,0.024202454938973533,0.155571382133648,2.0423198209813966,
1224,100,4,32.4,74.4,74.6,1.03,1e-06,25,0.60,0.45,True,74.7,3,0.000758491016445633,0.02754071561244611,0.04988253903498245,
1230,100,4,51.8,17.7,48.5,1.85,1e-06,50,0.60,0.58,True,53.800000000000004,3,0.002847351943702253,0.05336058417692083,1.1066608721833229,
1218,100,4,43.4,54.2,62.4,2.24,1e-07,120,0.45,0.55,True,90.30000000000001,3,0.013628426535957142,0.11674085204399162,0.36415215279964225,
1228,100,4,60.3,52.7,73.0,2.66,1e-06,50,0.45,0.55,True,74.8,3,0.0009631862369812598,0.031035241854724765,0.1090361543432124,
1220,100,4,64.8,67.3,86.3,1.17,1e-07,120,0.60,0.58,True,100.2,3,0.005501064967432115,0.0741691645323858,0.05187994302675675,
1231,100,4,42.5,74.6,79.1,2.12,1e-06,80,center,center,True,73.0,3,0.02250272885064389,0.15000909589302872,7.498515521609744,
1241,100,4,37.7,17.0,34.8,2.9,1e-05,25,center,center,True,44.0,3,0.003929949742386181,0.06268931122915757,0.18975644377604706,
1250,100,4,45.8,19.6,43.3,2.56,1e-05,50,0.60,0.58,True,39.800000000000004,3,0.0019643305985427234,0.044320769381213626,1.9682229147412593,
1234,100,4,18.9,69.5,65.9,3.35,1e-06,80,0.60,0.45,True,64.2,3,0.02143960567640052,0.1464226952231126,6.852149759072063,
1235,100,4,22.9,78.0,75.2,2.75,1e-06,80,0.60,0.58,True,64.8,3,0.015077431340209075,0.12279019236164213,6.030093807677881,
1248,100,4,28.7,59.4,59.4,1.41,1e-05,50,0.45,0.55,True,48.5,3,0.0061772024883528145,0.07859518107589558,0.6591294188809439,
1254,100,4,13.6,10.5,10.2,4.55,1e-05,80,0.60,0.45,True,26.700000000000003,3,0.001890898677471363,0.04348446478308504,5.427702024161998,
1249,100,4,51.8,36.9,56.6,3.41,1e-05,50,0.60,0.45,True,49.0,3,0.0014992478917486018,0.038720122568873694,3.856740922681961,
1240,100,4,25.8,56.3,55.4,2.08,1e-06,120,0.60,0.58,True,57.5,3,0.004124208896110924,0.06422000386258883,0.12070968781499249,
1243,100,4,74.3,22.7,71.5,2.41,1e-05,25,0.45,0.55,True,53.300000000000004,3,0.00018751017213559582,0.01369343536646651,0.9420073686447548,
1251,100,4,51.5,55.8,68.8,2.68,1e-05,80,center,center,True,54.2,3,0.00209635837003509,0.04578600626867438,2.6180279941486533,
1233,100,4,59.6,56.9,75.4,3.36,1e-06,80,0.45,0.55,True,79.2,3,0.006127494991167877,0.07827831750343052,0.10621561858479896,
1123,100,4,24.4,9.2,19.8,4.84,1e-05,25,0.45,0.55,True,332.90000000000003,3,0.0013683076062378852,0.03699064214416783,0.044886425518193725,
1238,100,4,70.2,34.1,71.4,4.46,1e-06,120,0.45,0.55,True,71.3,3,0.003350231778832654,0.057881186743471785,0.26220821793435817,
1252,100,4,55.4,12.5,50.9,4.38,1e-05,80,0.35,0.40,True,58.5,3,0.0017755923536424787,0.04213777822385132,3.7792045638613763,
1246,100,4,36.4,75.2,76.9,2.04,1e-05,50,center,center,True,66.2,3,0.00119258491036649,0.034533822701324136,2.0732401805224607,
1232,100,4,79.7,68.0,97.8,3.23,1e-06,80,0.35,0.40,False,86.30000000000001,3,0.028456769901733375,0.1686913450706152,17.64097753232621,vittima non trovata entro 15 minuti
1247,100,4,69.6,76.6,96.5,1.35,1e-05,50,0.35,0.40,True,67.4,3,0.00157896415190014,0.03973618189887071,0.33618655148726884,
1245,100,4,55.1,76.2,87.1,4.72,1e-05,25,0.60,0.58,True,67.7,3,0.002523881309864808,0.05023824548951533,0.2166380527213722,
1255,100,4,26.0,56.8,55.9,1.97,1e-05,80,0.60,0.58,True,46.5,3,0.003583181049072377,0.059859677990049175,0.06247355389118065,
1253,100,4,49.5,11.0,44.9,2.29,1e-05,80,0.45,0.55,True,58.7,3,0.003897643345960821,0.062431108799706744,0.1170907812705371,
1237,100,4,78.1,67.7,96.3,1.06,1e-06,120,0.35,0.40,False,85.0,3,0.028268254685854866,0.16813165878517605,16.830320584016835,vittima non trovata entro 15 minuti
1239,100,4,58.8,77.5,90.3,4.48,1e-06,120,0.60,0.45,True,86.9,3,0.0272371767650567,0.16503689516304135,0.80998504487989,
1257,100,4,28.8,14.0,25.4,3.97,1e-05,120,0.35,0.40,True,45.6,3,0.0016877228601890784,0.041081904291172755,2.380197114528855,
1262,100,4,38.3,10.1,33.7,4.17,1e-07,25,0.35,0.40,True,39.5,3,0.0029932077825375516,0.054710216436581124,0.35231080919081936,
1258,100,4,54.4,29.6,55.2,4.25,1e-05,120,0.45,0.55,True,63.7,3,0.0012423640485486392,0.035247184973393825,0.6930868098968631,
1266,100,4,45.6,10.3,41.0,2.82,1e-07,50,center,center,False,42.6,3,0.06886981619235331,0.2624305930953046,20.11093930672647,vittima non trovata entro 15 minuti
1272,100,4,32.4,18.1,30.4,3.89,1e-07,80,0.35,0.40,True,42.1,3,0.0027957480045964307,0.05287483337653586,0.2925760880057897,
1269,100,4,23.7,36.0,36.2,3.07,1e-07,50,0.60,0.45,True,48.800000000000004,3,0.0023558529186065644,0.04853712927859006,1.603930820737558,
1260,100,4,72.9,28.5,71.9,3.9,1e-05,120,0.60,0.58,True,77.60000000000001,3,0.0012008698157488546,0.0346535685860613,0.1553088310550745,
1259,100,4,74.0,28.9,73.0,4.36,1e-05,120,0.60,0.45,True,82.2,3,0.002778747111360175,0.0527138227731605,3.386579990064,
1264,100,4,9.8,52.8,48.0,1.38,1e-07,25,0.60,0.45,True,73.4,3,0.0036695736237361415,0.0605770057343225,0.12640573773080066,
1270,100,4,60.0,22.9,57.9,3.62,1e-07,50,0.60,0.58,False,64.10000000000001,3,0.027900797557849917,0.16703531829481427,17.237763509160335,vittima non trovata entro 15 minuti
1265,100,4,37.3,38.2,46.4,4.2,1e-07,25,0.60,0.58,True,75.60000000000001,3,0.002927209995558556,0.05410369669032381,0.15795709625227297,
1271,100,4,23.7,48.5,47.3,4.79,1e-07,80,center,center,True,68.4,3,0.04572363939697654,0.2138308663335968,4.2956910263790204,
1277,100,4,56.7,16.4,53.0,2.36,1e-07,120,0.35,0.40,False,60.6,3,0.06856819302690167,0.2618552902404335,16.02586454495928,vittima non trovata entro 15 minuti
1273,100,4,79.4,37.9,81.3,3.06,1e-07,80,0.45,0.55,True,73.9,3,0.0006982327630000579,0.02642409436480384,1.3793023346416917,
1281,100,4,15.2,25.8,23.2,2.34,1e-06,25,center,center,True,41.0,3,0.003188925770968745,0.056470574381431125,2.387406363295057,
1263,100,4,50.3,67.5,77.2,3.98,1e-07,25,0.45,0.55,True,94.5,3,0.019808676773888634,0.14074330099116134,0.6175114254425693,
1275,100,4,29.0,43.4,45.3,1.76,1e-07,80,0.60,0.58,True,77.10000000000001,3,0.003377561970880757,0.058116795944724596,0.20640295664651295,
1279,100,4,72.9,21.8,70.0,2.36,1e-07,120,0.60,0.45,False,66.60000000000001,3,3.3061873559323404e-06,0.0018182924286077695,31.058844982489376,vittima non trovata entro 15 minuti
1268,100,4,75.9,36.4,77.6,2.48,1e-07,50,0.45,0.55,True,94.4,3,0.00915928117164543,0.09570413351389495,0.5405865935526307,
1261,100,4,62.2,80.3,94.6,3.61,1e-07,25,center,center,True,111.7,3,0.004578845758287636,0.06766716898384058,0.21779431555140458,
1276,100,4,66.0,38.4,69.6,4.75,1e-07,120,center,center,True,94.0,3,0.0032414197870935142,0.05693346807540811,0.23435381685699413,
1283,100,4,38.1,26.0,39.2,1.55,1e-06,25,0.45,0.55,True,57.6,3,0.004350105281130957,0.06595532792072947,0.035509925031111354,
1267,100,4,51.0,66.1,76.5,4.95,1e-07,50,0.35,0.40,True,104.80000000000001,3,0.003274330625999444,0.057221767064635845,0.10565182663483279,
1274,100,4,10.0,80.1,75.3,3.61,1e-07,80,0.60,0.45,False,107.10000000000001,3,0.02231075982179257,0.14936786743403874,19.68097123661941,vittima non trovata entro 15 minuti
1285,100,4,54.2,11.6,49.6,3.81,1e-06,25,0.60,0.58,True,52.1,3,0.0033750448694827694,0.0580951363668489,2.5349716417501864,
1286,100,4,32.0,20.1,30.9,4.84,1e-06,50,center,center,True,51.900000000000006,3,0.0044230328544160825,0.06650588586295263,0.2963081082027972,
1280,100,4,44.7,45.9,57.0,2.77,1e-07,120,0.60,0.58,True,82.0,3,0.0032652452842549633,0.0571423248061799,0.04007413793835725,
1287,100,4,55.0,10.3,50.3,1.65,1e-06,50,0.35,0.40,True,55.400000000000006,3,0.0036588813127068015,0.06048868747713742,0.8627389007593925,
1284,100,4,64.2,34.4,66.1,4.67,1e-06,25,0.60,0.45,True,70.3,3,0.0025499460622503416,0.05049699062568325,8.751267483544668,
1278,100,4,75.6,63.5,91.7,3.51,1e-07,120,0.45,0.55,True,107.80000000000001,3,0.0030690444472191484,0.05539895709504962,0.2936125232468165,
1294,100,4,46.6,23.5,45.5,2.78,1e-06,80,0.60,0.45,True,53.2,3,0.0007643558234805977,0.027646985793764168,4.675830554957777,
1288,100,4,67.7,38.9,71.3,3.3,1e-06,50,0.45,0.55,True,71.60000000000001,3,0.005366375488841251,0.07325554920169018,0.09748382012894832,
1295,100,4,29.8,36.7,40.3,3.38,1e-06,80,0.60,0.58,True,55.1,3,0.0035296973170192165,0.059411255810824404,1.245909746233436,
1291,100,4,45.0,58.3,66.6,1.81,1e-06,80,center,center,True,66.3,3,0.0012639827501211903,0.03555253507306041,1.4802675303135222,
1301,100,4,25.5,46.1,45.9,3.34,1e-05,25,center,center,True,43.300000000000004,3,0.0044669830568992795,0.06683549249387842,3.254634794465686,
1296,100,4,77.7,36.7,79.3,4.39,1e-06,120,center,center,True,75.3,3,0.02108246145475686,0.1451980077506467,7.840633119755006,
1300,100,4,35.0,29.5,38.7,4.41,1e-06,120,0.60,0.58,True,62.300000000000004,3,0.0038403545743044675,0.06197059443239566,1.0653910699919253,
1293,100,4,75.6,62.0,90.8,1.38,1e-06,80,0.45,0.55,True,87.4,3,0.009387608131390984,0.0968896698899887,0.2758466885357769,
1305,100,4,16.4,64.6,60.7,2.79,1e-05,25,0.60,0.58,True,53.1,3,0.0016177739717622478,0.04022156103089794,0.41636486942306533,
1292,100,4,62.5,79.2,93.9,1.97,1e-06,80,0.35,0.40,True,91.60000000000001,3,0.005135317787706737,0.07166113163847426,0.48140758296133956,
984,100,4,57.0,17.8,53.5,4.48,1e-06,25,0.60,0.45,False,900.0,2,3.1554436208840472e-30,1.7763568394002505e-15,9.688271527710464,vittima non trovata entro 15 minuti
1298,100,4,69.1,70.7,91.8,1.46,1e-06,120,0.45,0.55,False,78.0,3,0.023221024143254186,0.15238446162012118,11.61746772020038,vittima non trovata entro 15 minuti
1304,100,4,52.4,41.1,59.6,1.39,1e-05,25,0.60,0.45,True,63.7,3,0.005886788491254422,0.07672540968450037,0.04337159577975262,
1297,100,4,75.0,56.8,87.1,3.39,1e-06,120,0.35,0.40,True,81.10000000000001,3,0.0010240821782001675,0.03200128400861702,9.593236270355904,
1310,100,4,31.3,19.8,30.1,2.36,1e-05,50,0.60,0.58,True,44.400000000000006,3,0.003339394832849783,0.05778749720181506,1.3922006114558947,
1302,100,4,61.4,42.6,67.8,3.95,1e-05,25,0.35,0.40,True,71.7,3,0.00182091618325161,0.042672194497724275,3.29873202579103,
1307,100,4,58.0,51.8,70.7,3.61,1e-05,50,0.35,0.40,True,62.2,3,0.0038216877982947713,0.06181980102115156,0.01000716692361453,
1309,100,4,39.3,53.2,59.1,4.28,1e-05,50,0.60,0.45,True,56.800000000000004,3,0.004792820274373783,0.06923019770572508,0.09591212695732312,
1299,100,4,58.0,76.0,88.6,4.97,1e-06,120,0.60,0.45,True,88.30000000000001,3,0.01360698844743467,0.11664899676994513,0.22577906674507559,
1313,100,4,30.3,18.2,28.5,1.94,1e-05,80,0.45,0.55,True,45.5,3,0.0023076863876570915,0.048038384523806495,0.05152479219179741,
1306,100,4,78.2,75.1,101.4,1.21,1e-05,50,center,center,True,78.80000000000001,3,0.019636144758583877,0.1401290289646791,1.4730782684741268,
1312,100,4,55.7,67.1,80.2,2.04,1e-05,80,0.35,0.40,True,63.7,3,0.0016727422870432772,0.04089917220486592,0.1081694221430568,
1311,100,4,9.3,39.3,34.6,4.75,1e-05,80,center,center,True,72.7,3,0.010559847031824214,0.10276111634185478,2.7807461343032345,
1314,100,4,20.0,56.0,53.1,1.99,1e-05,80,0.60,0.45,True,49.1,3,0.005191376791990703,0.07205120951094925,0.03667903485548548,
1315,100,4,33.7,52.4,55.4,1.5,1e-05,80,0.60,0.58,True,60.1,3,0.006343572258507589,0.07964654580399322,0.11469846764034561,
1318,100,4,61.1,23.2,59.0,3.81,1e-05,120,0.45,0.55,True,61.400000000000006,3,0.0034032630309725823,0.0583374924981575,0.13381178498118332,
1003,100,4,79.7,64.6,95.6,4.58,1e-05,25,0.45,0.55,False,900.0,2,5.048709793414476e-29,7.105427357601002e-15,26.087251173527356,vittima non trovata entro 15 minuti
1316,100,4,78.7,41.3,82.1,4.99,1e-05,120,center,center,True,71.10000000000001,3,0.0011020447531809637,0.03319705940563055,0.7054887141354249,
1317,100,4,72.1,41.4,76.3,1.65,1e-05,120,0.35,0.40,True,69.7,3,0.002567025667586134,0.05066582346696966,1.1464456923656798,
1319,100,4,55.7,41.6,62.6,1.44,1e-05,120,0.60,0.45,True,63.0,3,0.006151925209363185,0.07843420943289468,0.20318203139403057,
1326,100,4,17.1,40.6,37.6,4.85,1e-07,50,center,center,True,54.0,3,0.00600844164505881,0.07751413835590776,5.1006586478644484,
1331,100,4,24.2,28.5,30.3,3.76,1e-07,80,center,center,True,34.6,3,0.04895910306594087,0.22126704017078744,2.5810675330617925,
1320,100,4,74.9,26.8,73.2,2.69,1e-05,120,0.60,0.58,True,77.30000000000001,3,0.0026100437140628993,0.05108858692568135,0.053476715250956326,
1329,100,4,25.4,33.8,35.3,2.92,1e-07,50,0.60,0.45,True,47.6,3,0.005646571041662295,0.07514366933855636,1.5975137293546808,
1323,100,4,32.5,37.9,42.9,3.04,1e-07,25,0.45,0.55,True,63.400000000000006,3,0.004246283711578185,0.0651635151873975,0.6897591388330818,
1325,100,4,77.4,28.3,76.0,4.54,1e-07,25,0.60,0.58,False,70.2,3,0.028118510349425127,0.16768574879644702,14.16860855749441,vittima non trovata entro 15 minuti
1324,100,4,57.1,56.6,73.3,4.93,1e-07,25,0.60,0.45,True,78.5,3,0.002168156039708077,0.04656346249698445,0.1426539101352475,
1322,100,4,42.6,39.9,51.3,3.79,1e-07,25,0.35,0.40,True,77.10000000000001,3,0.0026415557238122465,0.05139606720180297,0.21871154371762128,
1330,100,4,40.8,20.8,39.1,4.3,1e-07,50,0.60,0.58,True,56.300000000000004,3,0.0026882608932501124,0.05184844157011966,1.1326935761159234,
1341,100,4,15.3,13.1,13.1,1.96,1e-06,25,center,center,True,16.6,3,0.016879612802344665,0.12992156403901803,1.2218457957975237,
1328,100,4,51.5,13.8,47.3,1.74,1e-07,50,0.45,0.55,True,69.0,3,0.0025551746978792053,0.05054873586826089,0.23776519455352152,
1334,100,4,33.2,21.5,32.7,3.3,1e-07,80,0.60,0.45,True,41.800000000000004,3,0.002234187272683842,0.04726719023470553,3.0227348658156274,
1321,100,4,44.4,70.0,76.0,1.98,1e-07,25,center,center,True,102.30000000000001,3,0.027444880575922245,0.1656649648414602,1.4384437363963904,
1327,100,4,32.8,50.5,53.3,4.02,1e-07,50,0.35,0.40,True,86.4,3,0.004786718761808995,0.0691861168285155,0.08653444871812446,
1345,100,4,25.4,10.8,21.2,1.61,1e-06,25,0.60,0.58,True,34.1,3,0.007483465628907563,0.08650702647130788,0.956140167142094,
1303,100,4,47.9,68.1,76.3,4.84,1e-05,25,0.45,0.55,True,184.3,3,0.0014856939497729974,0.03854470067042936,2.7069437480136234,
1333,100,4,33.9,41.3,46.4,1.22,1e-07,80,0.45,0.55,True,76.5,3,0.016620737124552563,0.12892143780051696,0.2974759342001594,
1349,100,4,16.5,25.1,23.1,3.85,1e-06,50,0.60,0.45,True,38.800000000000004,3,0.012746381062740625,0.11289987184554562,1.5839897056014856,
1339,100,4,35.4,34.3,42.2,1.3,1e-07,120,0.60,0.45,True,61.5,3,0.002463906786811238,0.04963775565848277,1.445192154331206,
1332,100,4,21.3,61.3,58.6,3.09,1e-07,80,0.35,0.40,True,100.9,3,0.00930460914601233,0.09646040195858781,0.29871904463956106,
1342,100,4,30.3,60.6,61.1,3.34,1e-06,25,0.35,0.40,True,66.4,3,0.005386597305018354,0.07339344183929757,0.22662772023650246,
1338,100,4,59.9,20.3,57.0,3.87,1e-07,120,0.45,0.55,False,74.2,3,7.558140056456297e-07,0.000869375641276905,18.126513387799207,vittima non trovata entro 15 minuti
1348,100,4,24.6,35.7,36.4,2.27,1e-06,50,0.45,0.55,True,50.5,3,0.0010176406303449696,0.03190048009583821,0.695169757339252,
1350,100,4,17.8,27.2,25.6,1.18,1e-06,50,0.60,0.58,True,46.300000000000004,3,0.0038020187491331747,0.06166051207323188,0.8837964244634668,
1346,100,4,54.5,17.2,51.0,4.49,1e-06,50,center,center,True,60.2,3,0.003998493798859915,0.06323364451666466,0.13926146289846109,
1344,100,4,14.1,71.1,66.8,1.93,1e-06,25,0.60,0.45,True,69.3,3,0.03336053519727632,0.18264866601559487,2.0600667181558503,
1336,100,4,29.6,73.4,72.6,1.83,1e-07,120,center,center,True,91.10000000000001,3,0.004040378032307951,0.06356396803463384,2.7195833619520804,
1353,100,4,10.5,21.4,17.3,4.5,1e-06,80,0.45,0.55,True,28.6,3,0.009609302387019281,0.098027049262024,2.237393979127141,
1335,100,4,40.1,73.4,76.9,2.16,1e-07,80,0.60,0.58,True,95.10000000000001,3,0.004972104336845278,0.07051315009872469,0.17754737226319953,
1352,100,4,11.8,31.9,27.7,3.6,1e-06,80,0.35,0.40,True,53.5,3,0.0025630565180018803,0.0506266384228884,0.1959137530235615,
1337,100,4,64.3,39.9,68.8,1.42,1e-07,120,0.35,0.40,True,102.80000000000001,3,0.004474833610120915,0.06689419713339054,0.4692055459031098,
1340,100,4,79.9,29.9,78.9,3.14,1e-07,120,0.60,0.58,True,99.10000000000001,3,0.0039555546692426925,0.06289320050087047,0.04064834974085113,
1351,100,4,16.8,66.4,62.5,2.94,1e-06,80,center,center,True,69.3,3,0.007694429680198156,0.0877178982887652,2.4691929217723723,
1347,100,4,74.7,72.2,96.8,1.8,1e-06,50,0.35,0.40,False,86.0,3,0.028131776459105567,0.1677253005932783,18.30016459448896,vittima non trovata entro 15 minuti
1357,100,4,12.7,39.9,35.7,2.69,1e-06,120,0.35,0.40,True,53.2,3,0.01252660719129246,0.1119223265988179,2.136428719108221,
1359,100,4,42.1,19.5,39.9,1.98,1e-06,120,0.60,0.45,True,47.2,3,0.000516528102612531,0.022727254621104833,2.5833312682272975,
1366,100,4,35.6,18.0,33.2,1.46,1e-05,50,center,center,True,42.900000000000006,3,0.005132211896959545,0.07163945768191957,0.050875178447697345,
1356,100,4,48.9,51.0,63.6,4.52,1e-06,120,center,center,True,61.5,3,0.0030023100432894894,0.05479333940625895,0.2713295786325483,
1362,100,4,41.0,39.0,49.5,3.33,1e-05,25,0.35,0.40,True,49.5,3,0.003994838917711514,0.06320473809542694,0.19668521886006865,
1354,100,4,73.8,39.7,77.1,4.53,1e-06,80,0.60,0.45,True,71.7,3,0.004382987296298981,0.06620413352879849,0.7011400762553843,
1367,100,4,32.7,29.1,36.7,1.95,1e-05,50,0.35,0.40,True,46.7,3,0.005121439193025301,0.07156423124037106,0.2656705840953431,
1363,100,4,15.2,73.6,69.3,3.84,1e-05,25,0.45,0.55,True,56.7,3,0.0023436704112422264,0.0484114698314586,1.7305073776750417,
1369,100,4,33.3,16.5,30.6,3.11,1e-05,50,0.60,0.45,True,41.900000000000006,3,0.001096662977426287,0.03311590218348712,1.944766194274068,
1361,100,4,34.8,58.2,60.9,4.83,1e-05,25,center,center,True,66.5,3,0.003957797487840552,0.06291102834829956,4.242581396935477,
1358,100,4,9.9,78.7,73.9,1.86,1e-06,120,0.45,0.55,True,72.9,3,0.008253991329249193,0.09085147951051316,0.40931485923622263,
1370,100,4,27.5,18.5,26.2,4.2,1e-05,50,0.60,0.58,True,47.6,3,0.0010362829970782198,0.032191349724393664,2.984868861392015,
1360,100,4,55.6,64.9,78.4,4.75,1e-06,120,0.60,0.58,True,79.7,3,0.0032942389032946137,0.057395460650600354,0.2792311309753398,
1355,100,4,71.6,73.5,95.6,2.76,1e-06,80,0.60,0.58,True,89.9,3,0.0026925885124307477,0.05189015814613353,0.3627663828970152,
1374,100,4,37.1,33.3,42.7,1.3,1e-05,80,0.60,0.45,True,46.900000000000006,3,0.0014093728040343535,0.03754161429712837,1.025528166737487,
1375,100,4,21.7,54.2,52.0,3.38,1e-05,80,0.60,0.58,True,43.1,3,0.003289293448170835,0.057352362184750816,0.053189190595934674,
1378,100,4,19.2,42.5,40.1,1.34,1e-05,120,0.45,0.55,True,44.2,3,0.006789843210368565,0.08240050491573801,0.7647862823613808,
1365,100,4,80.2,78.4,105.0,1.92,1e-05,25,0.60,0.58,True,89.4,3,0.0036654932771142856,0.06054331736132639,0.08891691523090797,
1372,100,4,73.2,52.3,83.1,1.57,1e-05,80,0.35,0.40,True,71.10000000000001,3,0.005679950605915583,0.0753654470292294,1.417852930589548,
1390,100,4,20.6,12.5,17.3,4.94,1e-07,50,0.60,0.58,True,0.2,4,0.03753591665804402,0.19374188152808886,1.7931433979379663,
1373,100,4,29.5,64.1,63.9,3.74,1e-05,80,0.45,0.55,True,59.2,3,0.005543805742031204,0.07445673738508292,1.8860902691383965,
1379,100,4,38.4,48.1,54.5,1.8,1e-05,120,0.60,0.45,True,55.0,3,0.005272389405967529,0.07261122093703927,0.11943307497071533,
1371,100,4,19.7,17.7,19.4,1.66,1e-05,80,center,center,True,93.5,3,0.0026724197563195574,0.051695451988734535,1.3438220223627915,
1383,100,4,36.5,21.1,35.4,1.51,1e-07,25,0.45,0.55,True,43.800000000000004,3,0.0025299637263950974,0.05029874477951808,0.1706028310276642,
1376,100,4,55.8,62.2,76.5,2.83,1e-05,120,center,center,True,70.2,3,0.004360354563165447,0.06603298087444975,0.04473185088081268,
1380,100,4,62.9,22.9,60.6,4.39,1e-05,120,0.60,0.58,True,62.800000000000004,3,0.0040736446402820335,0.06382510979451608,0.15258039293349882,
1377,100,4,74.6,63.4,90.9,2.12,1e-05,120,0.35,0.40,True,74.9,3,0.003668268873574504,0.060566235425148426,1.7641303795100105,
1392,100,4,22.8,24.8,26.6,3.06,1e-07,80,0.35,0.40,True,31.200000000000003,3,0.002640102035950309,0.05138192324106124,0.1560318766982238,
1382,100,4,11.3,45.5,41.0,3.59,1e-07,25,0.35,0.40,True,64.2,3,0.002910184376755646,0.05394612476124347,0.44908980450579133,
1368,100,4,21.2,9.1,16.7,4.14,1e-05,50,0.45,0.55,True,119.80000000000001,3,0.002263307186942598,0.047574228180209066,0.07208470092221377,
1387,100,4,20.3,40.8,38.9,2.84,1e-07,50,0.35,0.40,True,63.7,3,0.002983802201794125,0.05462419062827499,0.26678939005739805,
1381,100,4,73.5,41.9,77.8,2.68,1e-07,25,center,center,True,101.30000000000001,3,0.01770173786680605,0.13304787809960011,0.38009394831381876,
1385,100,4,30.1,63.8,64.0,1.38,1e-07,25,0.60,0.58,True,94.60000000000001,3,0.0026369117342841934,0.051350868875649935,0.20558158881706573,
1394,100,4,75.1,14.2,70.7,3.32,1e-07,80,0.60,0.45,False,65.3,3,1.0313575807033347e-06,0.0010155577682748208,28.59743995627602,vittima non trovata entro 15 minuti
1384,100,4,76.7,43.5,81.4,2.22,1e-07,25,0.60,0.45,True,102.5,3,0.0040348679454322335,0.06352061039876926,0.35763890647762087,
1389,100,4,35.3,39.2,45.7,3.54,1e-07,50,0.60,0.45,True,73.3,3,0.0023154928194187,0.048119567947132486,1.14905336691168,
1386,100,4,55.5,58.5,73.6,4.24,1e-07,50,center,center,True,93.2,3,0.0031693605857285746,0.05629707439759703,0.7549579122051774,
1391,100,4,38.0,35.7,45.0,4.61,1e-07,80,center,center,True,76.0,3,0.023045628611686114,0.15180786742354993,2.3098424216067577,
1404,100,4,9.3,18.2,13.9,2.46,1e-06,25,0.60,0.45,True,16.6,3,0.03212733024832275,0.17924098372951078,3.069819799672123,
1388,100,4,44.3,54.6,63.3,2.57,1e-07,50,0.45,0.55,True,92.60000000000001,3,0.0037484285346567003,0.06122441126427187,0.3520606980181699,
1400,100,4,42.6,19.7,40.3,4.51,1e-07,120,0.60,0.58,True,55.900000000000006,3,0.002453668257256769,0.04953451581732448,0.8797237873596847,
1395,100,4,64.5,28.6,64.0,4.72,1e-07,80,0.60,0.58,False,80.10000000000001,3,0.0005382604556564189,0.02320044085047564,22.177475907438453,vittima non trovata entro 15 minuti
1402,100,4,42.4,15.2,38.8,4.52,1e-06,25,0.35,0.40,True,55.2,3,0.0036606704021247653,0.0605034742979671,2.6429751106852994,
1397,100,4,79.3,19.9,75.8,1.1,1e-07,120,0.35,0.40,True,85.2,3,0.0029468548545347273,0.054284941323858193,1.2471858066011772,
1393,100,4,72.9,71.4,94.9,3.28,1e-07,80,0.45,0.55,True,108.4,3,0.0037327775599617793,0.06109646110833081,0.28400124583396574,
1398,100,4,11.4,76.6,71.8,4.6,1e-07,120,0.45,0.55,False,92.60000000000001,3,0.0263712148495577,0.1623921637566225,33.05325061509982,vittima non trovata entro 15 minuti
1396,100,4,73.0,43.0,77.9,3.4,1e-07,120,center,center,True,101.0,3,0.0032954575662674707,0.057406076039627295,0.29229736494778874,
1403,100,4,48.3,61.0,70.8,3.33,1e-06,25,0.45,0.55,True,67.60000000000001,3,0.006530549829674517,0.08081181738876138,0.079171303954257,
1409,100,4,20.2,33.9,32.6,2.05,1e-06,50,0.60,0.45,True,49.7,3,0.0013758690745295508,0.03709270918293177,2.948143408911269,
1407,100,4,48.0,25.1,47.5,3.95,1e-06,50,0.35,0.40,True,57.6,3,0.001177283456863448,0.03431156447706003,1.9210002170660871,
1412,100,4,16.2,31.5,28.8,3.53,1e-06,80,0.35,0.40,True,51.7,3,0.004357752973800066,0.0660132787687452,0.21787587029070232,
1399,100,4,79.4,45.6,84.7,1.86,1e-07,120,0.60,0.45,True,105.9,3,0.004614750170040594,0.06793195249689644,0.3075458076999813,
1406,100,4,58.6,26.3,57.7,1.57,1e-06,50,center,center,True,69.10000000000001,3,0.0016970011522487284,0.041194673833503385,0.3399442387524087,
1413,100,4,27.3,40.2,41.7,3.82,1e-06,80,0.45,0.55,True,54.5,3,0.001881443477449272,0.04337560924585696,1.2296193833889124,
1411,100,4,20.3,70.9,67.6,3.62,1e-06,80,center,center,True,63.900000000000006,3,0.019514525044544158,0.13969439875866232,2.822873073623819,
1414,100,4,27.3,46.2,46.9,3.51,1e-06,80,0.60,0.45,True,56.1,3,0.004441380754304063,0.06664368502944644,0.0539372552294733,
1114,100,4,71.0,21.8,68.1,2.96,1e-06,80,0.60,0.45,False,900.0,2,6.310887241768095e-30,2.5121479338940403e-15,5.019115215050303,vittima non trovata entro 15 minuti
1415,100,4,32.9,49.7,52.7,2.66,1e-06,80,0.60,0.58,True,59.6,3,0.0044974849919651606,0.06706329094195393,0.14823356157508996,
1405,100,4,79.5,69.7,98.7,3.74,1e-06,25,0.60,0.58,True,90.9,3,0.0035199075284532066,0.05932880858784547,0.2747530104193501,
1421,100,4,44.8,15.8,41.2,2.06,1e-05,25,center,center,True,39.800000000000004,3,0.003960661038085864,0.06293378296341214,0.26918943367942044,
1410,100,4,76.8,43.8,81.6,2.31,1e-06,50,0.60,0.58,True,88.0,3,0.009220526257781868,0.09602357136548229,0.4194414618635659,
1408,100,4,68.2,76.1,95.1,2.41,1e-06,50,0.45,0.55,True,91.7,3,0.004099061575067322,0.06402391408737303,0.2447318368605381,
1417,100,4,9.2,68.5,63.6,1.86,1e-06,120,0.35,0.40,True,64.0,3,0.008771521682822034,0.0936564022521794,0.08213598199768862,
1425,100,4,14.9,30.9,27.7,1.1,1e-05,25,0.60,0.58,True,37.800000000000004,3,0.0026059868745194024,0.051048867514562966,0.7259401405411066,
1416,100,4,70.9,18.1,67.1,3.2,1e-06,120,center,center,True,71.5,3,0.0025530584722926867,0.05052779900502976,0.25409676237068435,
1424,100,4,35.9,39.5,46.4,3.99,1e-05,25,0.60,0.45,True,49.0,3,0.006179154484233244,0.07860759813296196,3.647180367444833,
1433,100,4,9.6,16.4,12.3,2.73,1e-05,80,0.45,0.55,True,18.6,3,0.004425967851766664,0.06652794789986134,1.9878483507931484,
1418,100,4,74.0,29.1,73.1,1.29,1e-06,120,0.45,0.55,True,72.7,3,0.0022359030874151203,0.047285336917644145,0.42815293714384195,
1422,100,4,34.4,52.6,56.0,1.93,1e-05,25,0.35,0.40,True,58.5,3,0.012611365095617555,0.11230033435220732,0.16348511668805815,
1133,100,4,62.9,9.4,58.1,4.68,1e-05,80,0.45,0.55,False,900.0,2,0.0,0.0,54.1719009795934,vittima non trovata entro 15 minuti
1420,100,4,70.8,36.5,72.9,2.98,1e-06,120,0.60,0.58,True,72.8,3,0.002303287438516947,0.04799257691056969,0.22914504996146912,
1435,100,4,21.5,22.1,23.8,2.55,1e-05,80,0.60,0.58,True,34.300000000000004,3,0.0028713594414434647,0.05358506733637147,2.0758629773285353,
1423,100,4,22.3,49.7,47.9,4.77,1e-05,25,0.45,0.55,True,71.60000000000001,3,0.0008183415642959384,0.028606669926713568,2.4370334384702503,
1430,100,4,40.0,44.0,52.3,2.21,1e-05,50,0.60,0.58,True,53.0,3,0.008955705757992783,0.09463459070547504,1.4355786654188274,
1419,100,4,68.6,66.6,88.6,2.79,1e-06,120,0.60,0.45,True,93.30000000000001,3,0.007974001697535017,0.08929726590179017,0.4074519892623624,
1428,100,4,55.4,47.1,65.7,1.76,1e-05,50,0.45,0.55,True,68.3,3,0.0008729757219945112,0.029546162559535735,0.15192059878018419,
1431,100,4,26.9,64.3,63.2,4.47,1e-05,80,center,center,True,57.0,3,0.0017979691101062446,0.04240246584936122,4.3398523189556295,
1427,100,4,71.5,25.7,69.7,4.55,1e-05,50,0.35,0.40,True,80.10000000000001,3,0.002473924732073254,0.04973856383203333,2.5648029294278003,
1436,100,4,35.2,27.3,37.5,3.39,1e-05,120,center,center,True,47.1,3,0.007753279784069483,0.0880527102596478,3.7698468603049005,
1434,100,4,9.2,66.4,61.6,4.6,1e-05,80,0.60,0.45,True,60.400000000000006,3,0.0026012365047079285,0.05100231862090123,0.10382394875298202,
1426,100,4,20.3,22.5,23.3,2.73,1e-05,50,center,center,True,89.0,3,0.003761183702185732,0.061328490134567405,2.59354923296772,
1432,100,4,39.9,64.6,69.0,4.44,1e-05,80,0.35,0.40,True,72.10000000000001,3,0.0012480731587029077,0.03532807889912651,0.322574649206177,
1438,100,4,30.2,74.4,73.8,4.02,1e-05,120,0.45,0.55,True,61.300000000000004,3,0.0020111734188051453,0.044846108179028704,1.930564383551436,
1449,100,4,26.2,16.1,24.0,4.63,1e-07,50,0.60,0.45,True,24.6,3,0.0054069056697152035,0.07353166440191058,1.5954074346432099,
1437,100,4,50.6,39.9,57.4,4.68,1e-05,120,0.35,0.40,True,64.3,3,0.0023343571671969234,0.048315185679007,2.6806359928573413,
1451,100,4,17.8,33.8,31.5,1.12,1e-07,80,center,center,True,41.1,3,0.017704592120784617,0.13305860408400735,2.468161053441471,
1439,100,4,40.2,41.5,50.7,1.33,1e-05,120,0.60,0.45,True,89.60000000000001,3,0.004768233439751993,0.06905239633605768,0.10887900561824704,
1441,100,4,24.3,52.4,51.2,1.63,1e-07,25,center,center,True,84.60000000000001,3,0.008852487682083554,0.09408765956321559,3.2450021526407307,
1440,100,4,61.3,15.1,57.2,4.94,1e-05,120,0.60,0.58,True,88.60000000000001,3,0.0036027033306184797,0.060022523527576546,3.594133864339845,
1443,100,4,30.6,65.2,65.4,4.75,1e-07,25,0.45,0.55,True,87.2,3,0.00836181798799173,0.09144297670128489,1.3401412212121584,
1167,100,4,67.8,25.2,65.9,3.17,1e-06,50,0.35,0.40,False,900.0,2,0.0,0.0,0.11447347290236973,vittima non trovata entro 15 minuti
1447,100,4,50.8,39.9,57.6,4.81,1e-07,50,0.35,0.40,True,78.30000000000001,3,0.00262413794651369,0.05122634035839072,0.3912468813289517,
1442,100,4,76.2,13.1,71.7,4.5,1e-07,25,0.35,0.40,False,98.4,3,0.005821740293023143,0.07630032957348967,11.424178039337862,vittima non trovata entro 15 minuti
1444,100,4,51.2,52.6,66.3,4.11,1e-07,25,0.60,0.45,True,92.0,3,0.005239325057968544,0.07238318214867694,0.03482361596562781,
1401,100,4,75.7,19.7,72.2,3.62,1e-06,25,center,center,True,250.9,3,0.0001331333194623727,0.011538341278640214,1.054664205618432,
1460,100,4,29.2,21.2,29.1,1.1,1e-07,120,0.60,0.58,True,29.200000000000003,3,0.0024857552714842553,0.04985734922239905,1.2321200219324349,
1446,100,4,68.4,20.9,65.4,4.65,1e-07,50,center,center,True,91.30000000000001,3,0.004219986658634742,0.06496142438889976,0.6027357968684474,
1450,100,4,77.4,22.8,74.5,3.64,1e-07,50,0.60,0.58,False,82.2,3,0.028298748482268796,0.16822231862112946,25.839027195320227,vittima non trovata entro 15 minuti
1453,100,4,11.7,57.3,52.8,1.8,1e-07,80,0.45,0.55,True,85.9,3,0.0038076859042145187,0.061706449453963225,0.4667528306265131,
1466,100,4,14.1,13.4,12.4,2.26,1e-06,50,center,center,True,16.5,3,0.019525941741675705,0.13973525590084881,1.3173721206378837,
1454,100,4,69.9,19.7,66.5,4.2,1e-07,80,0.60,0.45,False,76.3,3,0.017363712498975965,0.13177144037679775,16.65815555687487,vittima non trovata entro 15 minuti
1445,100,4,68.8,60.0,84.2,3.26,1e-07,25,0.60,0.58,True,107.9,3,0.0017810072711022793,0.04220198183856155,0.30750867581806585,
1456,100,4,48.3,25.5,47.9,1.45,1e-07,120,center,center,True,71.0,3,0.0027250287405423137,0.05220180782829569,1.614887990362187,
1448,100,4,70.8,67.0,90.4,1.23,1e-07,50,0.45,0.55,True,105.80000000000001,3,0.0038266814788117877,0.06186017684109695,0.09173797746473163,
1452,100,4,70.6,70.7,92.8,2.85,1e-07,80,0.35,0.40,True,106.80000000000001,3,0.003795237382104727,0.06160549798601361,0.32306967965878464,
1462,100,4,38.1,36.3,45.5,1.24,1e-06,25,0.35,0.40,True,60.300000000000004,3,0.007203866463356917,0.08487559403831538,0.05220690944030369,
1463,100,4,31.3,37.8,42.1,4.08,1e-06,25,0.45,0.55,True,58.5,3,0.00486481989671313,0.06974826088665674,0.2695668858704667,
1185,100,4,13.2,11.4,10.4,4.47,1e-05,25,0.60,0.58,False,900.0,0,0.005123744214292567,0.07158033399120577,1.9933257995128,vittima non trovata entro 15 minuti
1455,100,4,80.7,50.7,88.4,4.17,1e-07,80,0.60,0.58,True,105.30000000000001,3,0.002746217758748083,0.05240436774495121,0.3077139999205125,
1464,100,4,24.6,69.8,67.8,3.83,1e-06,25,0.60,0.45,True,60.800000000000004,3,0.030009567704644982,0.17323269813936681,0.6379250342663821,
1457,100,4,66.6,50.1,76.4,2.01,1e-07,120,0.35,0.40,True,104.60000000000001,3,0.002919108598208445,0.054028775649726184,0.3775348184228387,
1458,100,4,44.7,53.8,62.9,2.59,1e-07,120,0.45,0.55,True,90.9,3,0.012441308220091513,0.11154061242476443,0.38358301585448584,
1473,100,4,22.4,25.6,27.0,4.27,1e-06,80,0.45,0.55,True,49.7,3,0.0014778601979414906,0.038442947310807093,1.8991396753220016,
1465,100,4,32.6,72.5,72.9,4.06,1e-06,25,0.60,0.58,True,71.4,3,0.0011986314074699342,0.03462125658421332,0.18503962768193835,
1469,100,4,30.9,53.6,55.1,3.9,1e-06,50,0.60,0.45,True,63.900000000000006,3,0.003999286395464377,0.0632399114125279,0.06325260823960793,
1459,100,4,52.0,50.1,65.2,1.97,1e-07,120,0.60,0.45,True,93.9,3,0.004847562348803407,0.06962443787064573,0.09593914316660512,
1474,100,4,34.5,55.4,58.4,4.41,1e-06,80,0.60,0.45,True,63.5,3,0.00414150237249259,0.06435450545604861,0.12669164100716143,
1472,100,4,30.7,51.0,52.7,3.57,1e-06,80,0.35,0.40,True,62.7,3,0.0010810931836387231,0.03287998150301674,0.13669145140314365,
1475,100,4,17.2,74.0,70.1,4.41,1e-06,80,0.60,0.58,False,62.400000000000006,3,0.02186750021162933,0.1478766384917825,15.709868195448948,vittima non trovata entro 15 minuti
1461,100,4,56.7,74.7,86.8,2.44,1e-06,25,center,center,True,107.80000000000001,3,0.007602071705114369,0.08718986010491339,3.062473381253506,
1470,100,4,47.9,66.8,75.2,1.5,1e-06,50,0.60,0.58,True,80.2,3,0.003929361437869647,0.06268461883005788,0.1678405292646856,
1476,100,4,65.2,23.4,63.0,2.34,1e-06,120,center,center,True,69.7,3,0.0027282212153399606,0.052232377079163846,0.8339379990914467,
1478,100,4,22.1,51.4,49.4,1.8,1e-06,120,0.45,0.55,True,57.1,3,0.00452431748446743,0.06726304694605671,0.6324166827412423,
1487,100,4,37.2,16.8,34.3,3.02,1e-05,50,0.35,0.40,True,41.0,3,0.007859908979969089,0.08865612770682627,3.235107261096667,
1477,100,4,71.1,33.3,71.9,4.53,1e-06,120,0.35,0.40,True,77.9,3,0.00448018551677969,0.06693418795189562,2.1684209132794257,
1479,100,4,34.3,29.8,38.4,2.54,1e-06,120,0.60,0.45,True,70.3,3,0.001170890180571012,0.03421827261231946,2.177878324393384,
1488,100,4,22.2,72.7,69.8,1.59,1e-05,50,0.45,0.55,True,53.1,3,0.002232059092329344,0.047244672634375866,1.3229364784857307,
1223,100,4,69.2,12.6,64.7,1.29,1e-06,25,0.45,0.55,False,900.0,2,1.5777218104420236e-30,1.2560739669470201e-15,4.80467644138581,vittima non trovata entro 15 minuti
1485,100,4,28.7,55.7,56.0,1.97,1e-05,25,0.60,0.58,True,61.0,3,0.005588071341829082,0.07475340354678897,0.21095374771286354,
1490,100,4,48.1,41.2,56.3,3.74,1e-05,50,0.60,0.58,True,52.400000000000006,3,0.003198480199084981,0.05655510763038986,0.05061927805666974,
1481,100,4,63.2,70.9,87.9,2.42,1e-05,25,center,center,True,76.60000000000001,3,0.001770261137035357,0.04207447132211357,0.4908717838444625,
1480,100,4,76.6,37.4,78.6,4.16,1e-06,120,0.60,0.58,True,87.30000000000001,3,0.004426072657641196,0.06652873557825367,0.13269631792818526,
1484,100,4,64.2,71.5,89.1,4.9,1e-05,25,0.60,0.45,True,73.4,3,0.004815319825348299,0.06939250554165269,0.10551475499786232,
1491,100,4,58.1,18.3,54.7,2.23,1e-05,80,center,center,True,62.400000000000006,3,0.0026101026700513508,0.05108916392006578,0.26963904351047596,
1493,100,4,13.4,70.9,66.4,4.69,1e-05,80,0.45,0.55,True,59.0,3,0.0014988169044912254,0.03871455675183723,2.2315937888391857,
1489,100,4,66.9,33.6,68.2,2.35,1e-05,50,0.60,0.45,True,70.60000000000001,3,0.005796059921980276,0.07613185878448178,0.020372914856854253,
1486,100,4,73.8,71.6,95.7,4.86,1e-05,50,center,center,True,82.80000000000001,3,0.00175258151015019,0.04186384490404805,0.06747242397113752,
1494,100,4,32.5,75.1,75.3,1.45,1e-05,80,0.60,0.45,True,57.900000000000006,3,0.005523347626084199,0.07431922783562944,0.06106211007392152,
1497,100,4,47.8,23.6,46.6,1.99,1e-05,120,0.35,0.40,True,41.0,3,0.0038853449246782027,0.062332535041326555,1.387738437741208,
1496,100,4,32.6,23.1,33.0,1.56,1e-05,120,center,center,True,47.400000000000006,3,0.003452448568257346,0.058757540522535026,1.1540468338816994,
1492,100,4,79.6,36.6,81.0,4.63,1e-05,80,0.35,0.40,True,79.80000000000001,3,0.006392611066449505,0.07995380582842511,2.903141139236676,
1495,100,4,58.6,53.7,72.4,3.09,1e-05,80,0.60,0.58,True,68.10000000000001,3,0.004092720994998157,0.06397437764447698,0.13034323711641932,
1244,100,4,80.0,76.7,103.8,4.85,1e-05,25,0.60,0.45,False,900.0,1,2.0194839173657902e-28,1.4210854715202004e-14,49.95789033463011,vittima non trovata entro 15 minuti
1503,100,4,21.0,25.4,25.9,3.07,1e-07,25,0.45,0.55,True,31.8,3,0.0025980509943505144,0.0509710799802252,0.7500913699960716,
1499,100,4,59.2,36.8,62.8,3.48,1e-05,120,0.60,0.45,True,62.1,3,0.027284230978886367,0.16517939029699308,5.301751739964027,
1242,100,4,43.9,67.7,73.8,3.96,1e-05,25,0.35,0.40,False,900.0,2,1.0097419586828951e-28,1.0048591735576161e-14,22.966551364371643,vittima non trovata entro 15 minuti
1483,100,4,16.8,18.5,17.9,4.71,1e-05,25,0.45,0.55,True,129.9,3,0.0008256378820515834,0.02873391518835509,2.7531090339496354,
1498,100,4,68.6,80.6,98.8,1.5,1e-05,120,0.45,0.55,True,74.5,3,0.003557496781193743,0.0596447548506467,0.19024584391285565,
1500,100,4,70.4,33.5,71.4,4.17,1e-05,120,0.60,0.58,True,78.30000000000001,3,0.002270567361213249,0.04765047073443503,0.10678570823036357,
1514,100,4,19.9,30.5,29.6,2.98,1e-07,80,0.60,0.45,True,33.2,3,0.00220757836311991,0.04698487376933038,1.7831216892163402,
1510,100,4,9.9,38.0,33.3,4.08,1e-07,50,0.60,0.58,True,51.5,3,0.005128083024973688,0.07161063485945149,0.48940917181434795,
1511,100,4,76.6,13.0,72.1,2.86,1e-07,80,center,center,False,66.10000000000001,3,0.019364294610193435,0.13915564886196116,29.461873206265096,vittima non trovata entro 15 minuti
1502,100,4,69.7,37.4,72.4,2.76,1e-07,25,0.35,0.40,True,88.4,3,0.007111276857093976,0.08432838701821574,0.72248211730833,
1501,100,4,52.1,39.5,58.4,2.81,1e-07,25,center,center,True,92.30000000000001,3,0.002162489210987952,0.046502572090024785,0.955680925700674,
1508,100,4,43.4,40.8,52.5,3.53,1e-07,50,0.45,0.55,True,76.7,3,0.002686505730435911,0.051831512909000746,0.8203190866050933,
1256,100,4,24.2,71.6,69.3,1.5,1e-05,120,center,center,False,900.0,0,nan,nan,nan,vittima non trovata entro 15 minuti
1517,100,4,41.1,16.1,37.8,2.66,1e-07,120,0.35,0.40,True,55.800000000000004,3,0.006127220336463925,0.0782765631365093,0.1680890094600811,
1506,100,4,62.4,43.4,69.1,2.62,1e-07,50,center,center,True,98.10000000000001,3,0.004817907595551223,0.069411148928333,0.2253144950165586,
1513,100,4,43.7,33.3,48.0,3.6,1e-07,80,0.45,0.55,True,72.5,3,0.0026505089228228374,0.05148309356306046,0.29448911675113254,
1507,100,4,12.9,71.8,67.3,1.18,1e-07,50,0.35,0.40,True,98.2,3,0.011503989090418554,0.10725665056498153,0.7950944043972326,
1505,100,4,77.0,76.3,101.3,3.91,1e-07,25,0.60,0.58,False,106.5,3,0.007660335761221099,0.0875233440929967,12.207058408142586,vittima non trovata entro 15 minuti
1504,100,4,69.3,80.0,98.8,2.67,1e-07,25,0.60,0.45,True,109.4,3,0.0055435414961090106,0.07445496287091284,0.4926574023582963,
1509,100,4,69.5,63.8,87.3,3.88,1e-07,50,0.60,0.45,True,103.9,3,0.004705640452443015,0.06859767089663478,0.16111903823731372,
1512,100,4,43.3,54.0,62.2,3.2,1e-07,80,0.35,0.40,True,93.9,3,0.0032884180923881193,0.057344730293097716,0.05868417453259112,
1515,100,4,9.5,61.6,56.7,2.96,1e-07,80,0.60,0.58,True,87.2,3,0.0033898958136499976,0.05822281179786835,0.147947373459329,
1524,100,4,21.7,24.3,25.5,3.9,1e-06,25,0.60,0.45,True,45.800000000000004,3,0.0007137599354562443,0.026716285959246737,4.457787610167122,
1516,100,4,66.0,36.7,68.7,2.86,1e-07,120,center,center,True,90.7,3,0.003799492630085533,0.061640024578884886,0.40608656565221674,
1523,100,4,22.0,68.7,65.9,1.6,1e-06,25,0.45,0.55,True,62.900000000000006,3,0.012937588234327026,0.11374351952672744,1.6222792490353812,
1525,100,4,11.2,28.3,24.1,2.71,1e-06,25,0.60,0.58,True,45.300000000000004,3,0.0020702300002985925,0.045499780222530664,0.5761160648774882,
1521,100,4,64.7,43.1,70.8,1.51,1e-06,25,center,center,True,69.2,3,0.0014401886697149521,0.03794981778236823,0.21326406616655372,
1520,100,4,33.0,48.8,52.0,2.39,1e-07,120,0.60,0.58,True,80.9,3,0.004305011603680611,0.06561258723507717,0.09000856314867807,
1518,100,4,36.4,54.1,58.2,1.59,1e-07,120,0.45,0.55,True,86.5,3,0.02775258045929139,0.16659105756099693,0.7150835753254778,
1528,100,4,16.4,52.5,48.9,2.39,1e-06,50,0.45,0.55,True,56.300000000000004,3,0.004756299968687424,0.06896593339241791,7.393572247239166,
1282,100,4,62.7,19.2,59.4,4.9,1e-06,25,0.35,0.40,False,900.0,2,0.0,0.0,1.317434989926474,vittima non trovata entro 15 minuti
1527,100,4,25.2,66.0,64.3,2.15,1e-06,50,0.35,0.40,True,66.60000000000001,3,0.0014077249157274816,0.03751966038928766,0.24844961153664755,
1519,100,4,70.5,47.2,77.9,1.09,1e-07,120,0.60,0.45,True,96.7,3,0.003645477971633687,0.060377793696305984,0.15114439842270905,
1530,100,4,25.3,67.1,65.3,2.61,1e-06,50,0.60,0.58,True,60.6,3,0.0015087299645963161,0.03884237331312694,0.1345923629238518,
1531,100,4,45.1,42.0,54.6,4.89,1e-06,80,center,center,True,63.7,3,0.015222212058859177,0.12337832896768855,2.2785100451425166,
1534,100,4,44.5,30.5,47.0,1.15,1e-06,80,0.60,0.45,True,57.7,3,0.0005708674852472639,0.023892833344902064,3.8128456936180375,
1541,100,4,38.1,23.5,37.9,2.09,1e-05,25,center,center,True,44.800000000000004,3,0.004536160397284426,0.06735102372855535,0.11167074487880306,
1535,100,4,53.9,35.4,57.6,1.79,1e-06,80,0.60,0.58,True,64.4,3,0.004204954516626443,0.06484562064338997,0.10135307998023213,
1533,100,4,55.0,40.2,61.1,3.63,1e-06,80,0.45,0.55,True,67.60000000000001,3,0.004237866660603972,0.06509889907367077,0.09314639698903172,
1536,100,4,40.3,41.9,51.1,3.96,1e-06,120,center,center,True,68.7,3,0.004669061519654129,0.06833053138717808,0.21456688239479835,
1539,100,4,25.9,62.1,60.8,2.97,1e-06,120,0.60,0.45,True,61.0,3,0.0018837788838481327,0.04340252163006353,0.151350450756398,
1537,100,4,53.8,41.9,61.2,1.43,1e-06,120,0.35,0.40,True,69.3,3,0.001081834791071923,0.03289125706129097,0.40578601537824943,
1529,100,4,69.9,72.2,93.4,1.23,1e-06,50,0.60,0.45,True,84.2,3,0.011084545083689216,0.10528316619331514,7.929444953263466,
1289,100,4,72.3,15.2,68.1,2.02,1e-06,50,0.60,0.45,False,900.0,2,1.5777218104420236e-30,1.2560739669470201e-15,23.669294237097823,vittima non trovata entro 15 minuti
1538,100,4,56.6,60.7,75.9,1.11,1e-06,120,0.45,0.55,True,71.0,3,0.0022006691524403548,0.046911290244890456,0.24011137414524017,
1540,100,4,67.9,42.5,73.2,3.21,1e-06,120,0.60,0.58,True,71.9,3,0.008755733413820778,0.09357207603671502,0.11186954303348055,
1543,100,4,41.7,73.5,77.7,3.25,1e-05,25,0.45,0.55,True,63.0,3,0.004447179316007494,0.06668717504893647,1.0951985420306727,
1290,100,4,61.3,11.2,56.6,2.66,1e-06,50,0.60,0.58,False,900.0,2,0.0,0.0,1.3652786473883913,vittima non trovata entro 15 minuti
1546,100,4,15.8,69.7,65.6,4.11,1e-05,50,center,center,True,57.0,3,0.005925681278076258,0.07697844684115325,3.9133618653713493,
1549,100,4,21.7,60.4,57.9,1.59,1e-05,50,0.60,0.45,True,49.6,3,0.004543230797451076,0.06740349247220856,0.015127695447339714,
1545,100,4,55.2,23.0,53.3,1.18,1e-05,25,0.60,0.58,True,60.7,3,0.0035331503687986337,0.05944030929258893,1.8591557963519878,
1548,100,4,65.3,24.1,63.3,2.52,1e-05,50,0.45,0.55,True,61.400000000000006,3,0.00462770438304341,0.06802723265754246,0.18673012757224525,
1563,100,4,12.1,26.0,22.2,4.23,1e-07,25,0.45,0.55,True,16.0,3,0.000980876924377873,0.03131895471400463,0.8441750897746492,
1551,100,4,72.0,24.3,69.7,1.46,1e-05,80,center,center,True,60.7,3,0.005137239839798161,0.07167454108536839,0.8574176359537038,
1547,100,4,80.8,14.7,76.4,4.07,1e-05,50,0.35,0.40,True,79.9,3,0.0014623641124082902,0.0382408696607215,2.438175485619874,
1553,100,4,69.5,30.8,69.4,1.32,1e-05,80,0.45,0.55,True,63.5,3,0.0037576733160372008,0.06129986391532367,0.2550622156303912,
1550,100,4,66.8,57.9,81.4,2.42,1e-05,50,0.60,0.58,True,70.10000000000001,3,0.005247162669791654,0.0724373016462627,0.10069482996431373,
1308,100,4,13.5,30.8,27.2,4.87,1e-05,50,0.45,0.55,False,900.0,0,nan,nan,6.220005432034476,vittima non trovata entro 15 minuti
1555,100,4,60.7,21.0,58.0,2.81,1e-05,80,0.60,0.58,True,62.400000000000006,3,0.0041121976105089894,0.06412641897462379,0.08419402009640745,
1558,100,4,71.7,55.3,83.6,2.41,1e-05,120,0.45,0.55,True,60.0,3,0.004164472207819468,0.06453272199295074,0.06257822001308051,
1556,100,4,66.0,34.0,67.5,2.94,1e-05,120,center,center,True,61.800000000000004,3,0.006116470135660831,0.0782078649220194,0.045553559275682415,
1552,100,4,61.4,79.3,93.3,1.84,1e-05,80,0.35,0.40,True,75.4,3,0.005291274359131256,0.07274114625939886,0.2370706855926791,
1560,100,4,55.5,54.3,70.6,2.98,1e-05,120,0.60,0.58,True,67.4,3,0.0031117789260982,0.055783321217889134,0.07654414466380997,
1566,100,4,35.8,18.5,33.6,3.53,1e-07,50,center,center,True,43.0,3,0.006529651996470279,0.08080626211173413,0.3573375963901082,
1557,100,4,61.8,52.7,74.2,2.31,1e-05,120,0.35,0.40,True,70.60000000000001,3,0.025948271262480106,0.16108467109715965,0.7752516477682415,
1559,100,4,79.8,58.2,91.8,4.97,1e-05,120,0.60,0.45,True,73.7,3,0.0028954174828326865,0.05380908364609721,0.21443336895333767,
1544,100,4,39.8,27.3,41.3,4.77,1e-05,25,0.60,0.45,True,121.60000000000001,3,0.0041353595052732355,0.06430676096082927,6.0272204687263295,
1568,100,4,37.3,15.6,34.0,1.25,1e-07,50,0.45,0.55,True,41.6,3,0.005918815470155582,0.07693383826480765,0.05222031814749199,
1561,100,4,40.8,36.5,47.7,2.62,1e-07,25,center,center,True,73.0,3,0.0025070110447318727,0.05007006136137515,0.8316763796696446,
1578,100,4,30.3,17.3,28.1,2.28,1e-07,120,0.45,0.55,True,28.3,3,0.006485369707732869,0.08053179314862466,0.21878134955587225,
1562,100,4,56.7,61.8,76.8,1.37,1e-07,25,0.35,0.40,True,91.30000000000001,3,0.003416205462533766,0.05844831445417195,0.18844507046974815,
1571,100,4,44.7,15.5,41.0,4.17,1e-07,80,center,center,True,56.400000000000006,3,0.0027256828101434884,0.052208072269942014,0.4302882520361451,
1565,100,4,26.6,68.7,67.2,2.71,1e-07,25,0.60,0.58,True,87.80000000000001,3,0.003374474387223988,0.05809022626246164,0.09209046276849475,
1575,100,4,50.4,12.3,45.9,2.62,1e-07,80,0.60,0.58,False,55.900000000000006,3,0.06276519681419855,0.25052983218411046,20.416013658646147,vittima non trovata entro 15 minuti
1564,100,4,73.7,69.9,94.6,4.1,1e-07,25,0.60,0.45,True,107.9,3,0.002054310510484266,0.04532450231921213,0.17693524722427953,
1567,100,4,47.7,72.4,79.8,2.71,1e-07,50,0.35,0.40,True,97.7,3,0.004944773211217864,0.07031908141619786,0.20665134694264442,
1583,100,4,36.1,15.7,32.9,1.39,1e-06,25,0.45,0.55,True,48.2,3,0.0032888343556629657,0.057348359659740625,0.18449161731223326,
1569,100,4,24.8,77.9,75.5,4.62,1e-07,50,0.60,0.45,True,90.30000000000001,3,0.0026835711215252404,0.05180319605512039,0.2954111707177619,
1582,100,4,51.1,25.7,50.5,2.46,1e-06,25,0.35,0.40,True,58.400000000000006,3,0.004742692948881962,0.06886721243728369,0.990881102908121,
1585,100,4,44.3,12.9,40.1,1.34,1e-06,25,0.60,0.58,True,39.300000000000004,3,3.606586227157144e-07,0.0006005486014601269,7.500877172115042,
1573,100,4,54.0,40.8,60.7,2.36,1e-07,80,0.45,0.55,True,79.7,3,0.0027702216923517166,0.0526328955345582,0.27350836886178836,
1570,100,4,60.7,75.3,89.7,4.73,1e-07,50,0.60,0.58,True,100.30000000000001,3,0.019312736685386477,0.1389702726678856,0.2727119650003707,
1572,100,4,57.5,66.9,81.2,4.35,1e-07,80,0.35,0.40,True,93.9,3,0.004944933262444447,0.07032021944252198,0.25407394846733683,
1584,100,4,30.4,48.4,50.3,4.34,1e-06,25,0.60,0.45,True,60.400000000000006,3,0.0038218223725235726,0.06182088945108743,0.03030322172199487,
1574,100,4,9.5,68.5,63.6,2.19,1e-07,80,0.60,0.45,True,99.7,3,0.0025802749877522173,0.0507964072327189,0.5453075974074328,
1579,100,4,25.2,63.0,61.4,1.3,1e-07,120,0.60,0.45,True,89.7,3,0.018451231871741375,0.13583531157891668,0.22113578293187816,
1577,100,4,46.2,71.9,78.6,3.67,1e-07,120,0.35,0.40,True,98.9,3,0.003228149363284188,0.05681680528931724,0.1531402516202129,
1586,100,4,44.2,39.9,52.5,4.15,1e-06,50,center,center,True,59.5,3,0.008837359603188526,0.09400723165367932,0.7745765710845024,
1587,100,4,17.4,75.6,71.7,3.13,1e-06,50,0.35,0.40,True,62.2,3,0.025266717774037627,0.15895508099471883,1.9153902501868632,
1576,100,4,76.8,44.6,81.9,2.31,1e-07,120,center,center,True,105.5,3,0.003032957081695219,0.05507228959917337,0.3947902692583493,
1580,100,4,65.0,59.8,81.2,3.12,1e-07,120,0.60,0.58,True,97.5,3,0.0026205625233870784,0.05119143017524592,0.03096576757883089,
1588,100,4,37.7,70.9,73.6,2.52,1e-06,50,0.45,0.55,False,64.4,3,0.025714269612599552,0.1603566949416193,15.996083324084015,vittima non trovata entro 15 minuti
1589,100,4,28.4,48.1,49.1,4.33,1e-06,50,0.60,0.45,True,58.7,3,0.0023150189013495318,0.04811464331520636,0.14046579207074328,
1343,100,4,71.9,10.4,67.2,4.87,1e-06,25,0.45,0.55,False,900.0,2,0.0,0.0,5.984371611274227,vittima non trovata entro 15 minuti
1590,100,4,32.1,46.6,49.6,1.65,1e-06,50,0.60,0.58,True,62.2,3,0.004436603058221585,0.06660783030711617,0.13549182642596283,
1591,100,4,26.9,61.9,61.0,4.72,1e-06,80,center,center,True,61.900000000000006,3,0.003422419824788944,0.058501451475915914,3.622152204962929,
1595,100,4,17.7,64.4,60.7,1.58,1e-06,80,0.60,0.58,False,60.1,3,0.0322690744270884,0.17963594970686797,15.529477179818068,vittima non trovata entro 15 minuti
1599,100,4,20.8,48.4,46.2,1.07,1e-06,120,0.60,0.45,True,54.0,3,0.0014936407394824432,0.03864764856343065,0.34197021727795535,
1608,100,4,22.0,15.7,20.1,2.31,1e-05,50,0.45,0.55,True,33.6,3,0.003807790594011821,0.061707297737073376,0.039400971564779744,
1598,100,4,29.6,75.1,74.2,4.34,1e-06,120,0.45,0.55,True,69.3,3,0.0020557133189782178,0.04533997484536375,1.7401626087812667,
1602,100,4,32.2,44.9,48.3,2.56,1e-05,25,0.35,0.40,True,52.2,3,0.0024419549196326813,0.049416140274536634,0.04981297995376329,
1592,100,4,68.4,77.5,96.3,1.07,1e-06,80,0.35,0.40,False,86.30000000000001,3,0.024447018027524175,0.15635542212383993,12.408478845198196,vittima non trovata entro 15 minuti
1597,100,4,80.4,54.5,90.2,4.67,1e-06,120,0.35,0.40,False,82.60000000000001,3,0.028706341575187973,0.1694294589945561,16.81981639267348,vittima non trovata entro 15 minuti
1596,100,4,78.1,24.0,75.5,2.43,1e-06,120,center,center,True,83.5,3,0.001634527140314565,0.040429285676531125,1.180969614950235,
1603,100,4,62.4,32.2,63.5,3.26,1e-05,25,0.45,0.55,True,61.2,3,0.003402257844112618,0.05832887658880992,0.2569982481938247,
1467,100,4,79.4,20.2,76.0,4.93,1e-06,50,0.35,0.40,True,512.1,3,0.0022237899761497456,0.04715707768882361,2.1722651315310157,
1600,100,4,11.0,80.2,75.4,4.75,1e-06,120,0.60,0.58,True,72.5,3,0.0034093328039691735,0.05838949223935051,0.3977384671019517,
1613,100,4,13.5,15.5,13.6,2.53,1e-05,80,0.45,0.55,True,34.6,3,0.001850732138820071,0.04302013643423357,1.7770118303112994,
1604,100,4,67.9,51.5,78.2,3.6,1e-05,25,0.60,0.45,True,70.60000000000001,3,0.0033635030936176834,0.05799571616609009,0.155944041017985,
1612,100,4,34.9,56.3,59.4,1.61,1e-05,80,0.35,0.40,True,58.5,3,0.00458093966907298,0.0676826393477159,0.21104690705299461,
1615,100,4,35.5,21.3,34.6,2.0,1e-05,80,0.60,0.58,True,43.0,3,0.0019707440844139346,0.044393063471830085,1.6495340457439815,
1364,100,4,52.8,14.0,48.7,3.0,1e-05,25,0.60,0.45,False,900.0,2,1.9721522630525295e-31,4.440892098500626e-16,36.60561599181325,vittima non trovata entro 15 minuti
1607,100,4,79.6,74.7,102.1,3.11,1e-05,50,0.35,0.40,True,89.30000000000001,3,0.012095907400517488,0.10998139570180716,5.73206001757426,
1609,100,4,69.4,40.7,73.6,4.5,1e-05,50,0.60,0.45,True,81.60000000000001,3,0.00437775953654204,0.06616463962376007,0.059187614714989956,
1610,100,4,17.3,16.6,16.9,1.31,1e-05,50,0.60,0.58,True,92.5,3,0.004394727286417765,0.0662927393190066,0.631962815224221,
1618,100,4,43.2,40.8,52.3,4.45,1e-05,120,0.45,0.55,True,52.0,3,0.001861785179958005,0.043148408776662955,0.16722993469908237,
1606,100,4,23.6,34.5,34.9,4.82,1e-05,50,center,center,True,97.60000000000001,3,0.009859890423479458,0.09929698093839237,4.862797667187709,
1617,100,4,44.2,20.8,42.3,4.65,1e-05,120,0.35,0.40,True,60.5,3,0.0035667701707744054,0.05972244277300122,3.545991688044119,
1611,100,4,21.2,18.9,21.3,3.81,1e-05,80,center,center,True,93.0,3,0.0032664234113891372,0.057152632584939925,2.97745983656137,
1620,100,4,49.7,59.2,70.3,3.98,1e-05,120,0.60,0.58,True,55.2,3,0.004076513597341183,0.0638475809826902,0.051886235897542606,
1616,100,4,73.4,39.5,76.6,4.19,1e-05,120,center,center,True,67.9,3,0.0013851820666836443,0.037218034159311054,0.11290986012629041,
1619,100,4,29.4,70.8,70.2,3.91,1e-05,120,0.60,0.45,True,60.1,3,0.0018700767002275509,0.043244383452970526,0.1988809503959267,
1614,100,4,63.0,72.6,89.1,3.42,1e-05,80,0.60,0.45,True,74.9,3,0.0010556073983208681,0.03249011231622427,0.32734869398214833,
1605,100,4,19.7,51.0,48.3,4.9,1e-05,25,0.60,0.58,True,110.4,3,0.008877964816275077,0.09422295270407884,2.423503795403428,
1581,100,4,57.1,11.6,52.5,2.42,1e-06,25,center,center,True,222.4,3,0.007271535488533159,0.08527329880175365,1.3683568735082923,
1623,100,4,56.2,42.8,63.6,3.31,1e-07,25,0.45,0.55,True,81.80000000000001,3,0.0029319583714015416,0.05414756108451738,0.047360109332495674,
1621,100,4,68.5,35.4,70.4,4.2,1e-07,25,center,center,True,89.7,3,0.002441346832302192,0.04940998717164569,0.37702225077784823,
1624,100,4,68.3,33.7,69.5,3.34,1e-07,25,0.60,0.45,True,94.10000000000001,3,0.002790252378278984,0.05282283955145713,0.8314869384231559,
1625,100,4,9.5,64.4,59.6,1.56,1e-07,25,0.60,0.58,True,98.60000000000001,3,0.0035206660165524664,0.05933520048464037,0.2194843942349347,
1630,100,4,50.1,31.7,52.5,4.44,1e-07,50,0.60,0.58,True,74.7,3,0.0027671624399268646,0.05260382533549119,0.3751157737411415,
1626,100,4,40.2,76.2,79.4,1.09,1e-07,50,center,center,True,91.2,3,0.019934729248677528,0.14119040069593092,1.8951075086641145,
1627,100,4,57.8,50.1,69.5,1.64,1e-07,50,0.35,0.40,True,88.4,3,0.0038388220581762893,0.06195822833309785,0.23539125715869394,
1622,100,4,77.3,70.7,97.7,2.39,1e-07,25,0.35,0.40,True,118.10000000000001,3,0.0022594186936910187,0.04753334296776336,0.49310589232546936,
1633,100,4,21.0,53.1,50.7,2.79,1e-07,80,0.45,0.55,True,83.2,3,0.0039724604170248545,0.06302745764367189,0.793046877721244,
1640,100,4,43.3,14.6,39.4,1.92,1e-07,120,0.60,0.58,False,42.800000000000004,3,0.06246903795726556,0.24993806824344617,14.825477521106473,vittima non trovata entro 15 minuti
1631,100,4,63.4,57.2,78.3,1.86,1e-07,80,center,center,True,95.9,3,0.003461323391335223,0.058833012767792396,0.30239322813984565,
1639,100,4,46.4,35.2,51.3,3.81,1e-07,120,0.60,0.45,True,75.3,3,0.00279249775059995,0.05284408907910089,0.8581312307017843,
1637,100,4,37.8,60.0,64.0,3.78,1e-07,120,0.35,0.40,True,83.10000000000001,3,0.0036713059731147382,0.06059130278443217,0.21931164179469773,
1634,100,4,42.7,54.2,62.0,4.76,1e-07,80,0.60,0.45,True,91.7,3,0.004934145681398596,0.07024347429760715,0.108119285361375,
1628,100,4,77.5,63.6,93.2,4.4,1e-07,50,0.45,0.55,True,110.9,3,0.0030099954767665517,0.05486342567472935,0.11584964529493098,
1629,100,4,79.4,64.7,95.4,1.04,1e-07,50,0.60,0.45,True,110.4,3,0.0007023550666770936,0.026501982315990887,0.40552599683583823,
1638,100,4,20.4,79.9,76.5,1.17,1e-07,120,0.45,0.55,True,91.5,3,0.007341719070563293,0.08568383202543695,0.1883182773540918,
1636,100,4,14.5,79.4,75.0,2.59,1e-07,120,center,center,False,99.30000000000001,3,0.02162195097858084,0.14704404434923857,27.696166260152193,vittima non trovata entro 15 minuti
1635,100,4,66.8,64.5,85.8,2.61,1e-07,80,0.60,0.58,True,101.2,3,0.007756211679732282,0.08806935721198539,0.07532047923516162,
1632,100,4,47.7,72.8,80.2,4.45,1e-07,80,0.35,0.40,True,108.0,3,0.0033184207242791417,0.05760573516828981,0.15430000342731345,
1641,100,4,77.4,38.3,79.6,3.9,1e-06,25,center,center,True,72.5,3,0.0018441345904658944,0.04294338820430794,9.21505840037966,
1646,100,4,54.6,16.0,50.8,3.11,1e-06,50,center,center,True,44.6,3,0.000241799087685654,0.015549890278894382,0.9007710731716418,
1643,100,4,67.4,38.7,70.9,1.81,1e-06,25,0.45,0.55,True,69.4,3,0.0036404871197994165,0.0603364493469695,0.0376000449716342,
1645,100,4,13.4,44.9,40.8,1.69,1e-06,25,0.60,0.58,True,59.900000000000006,3,0.0026208361171087347,0.05119410236647123,0.5436775800751292,
1648,100,4,43.5,16.1,40.0,2.05,1e-06,50,0.45,0.55,True,52.300000000000004,3,6.25011500390137e-07,0.0007905766884939987,5.0986654233187725,
1644,100,4,32.1,48.8,51.5,3.01,1e-06,25,0.60,0.45,True,62.1,3,0.0014760236857780803,0.03841905368144927,0.04096115874932782,
1642,100,4,73.9,47.1,80.7,3.73,1e-06,25,0.35,0.40,True,86.4,3,0.004340546457628704,0.06588282369198138,2.176535080564399,
1647,100,4,49.8,63.3,73.5,3.54,1e-06,50,0.35,0.40,True,73.60000000000001,3,0.010737419471322831,0.10362152030984119,4.820887393584857,
1649,100,4,64.3,46.5,72.4,3.64,1e-06,50,0.60,0.45,True,70.7,3,0.0030466555920417174,0.0551965179340302,0.12150939858771925,
1659,100,4,22.1,32.4,32.3,1.09,1e-06,120,0.60,0.45,True,48.300000000000004,3,0.0009732328260875461,0.031196679728579226,2.7624697237906326,
1654,100,4,27.5,58.4,57.9,1.82,1e-06,80,0.60,0.45,True,60.7,3,0.0009480180932841015,0.03078990245655386,0.05905262796519981,
1653,100,4,13.0,75.5,70.9,3.38,1e-06,80,0.45,0.55,False,65.4,3,0.01245772681540587,0.11161418733927095,10.766211052175715,vittima non trovata entro 15 minuti
1655,100,4,45.0,49.4,59.7,1.47,1e-06,80,0.60,0.58,True,59.900000000000006,3,0.004207577058868642,0.06486583892056468,0.055901209426417416,
1651,100,4,43.5,61.9,68.7,2.81,1e-06,80,center,center,True,67.8,3,0.0021609326431276843,0.04648583271414727,0.4327870828298325,
1660,100,4,16.1,40.5,37.2,2.78,1e-06,120,0.60,0.58,True,51.0,3,0.028049324930215114,0.16747932687414024,1.026956997474093,
1656,100,4,33.3,36.6,42.5,3.97,1e-06,120,center,center,True,64.10000000000001,3,0.004960120208214724,0.0704281208624419,0.2216759651734495,
1652,100,4,50.4,42.2,58.7,3.71,1e-06,80,0.35,0.40,True,70.3,3,0.005303266244252779,0.07282352809534003,0.43192564229619196,
1657,100,4,32.5,79.3,79.2,2.57,1e-06,120,0.35,0.40,True,67.2,3,0.00437571337876394,0.06614917519337592,0.1670288276079904,
1650,100,4,71.4,43.5,76.8,1.6,1e-06,50,0.60,0.58,True,87.80000000000001,3,0.004408651378809759,0.06639767600458438,0.1997621226079408,
1658,100,4,72.1,49.9,80.8,4.28,1e-06,120,0.45,0.55,True,71.8,3,0.002259152051171892,0.04753053809049391,0.3233100342759497,
1663,100,4,11.8,51.3,46.8,3.8,1e-05,25,0.45,0.55,True,48.400000000000006,3,0.0019816490018516966,0.04451571634660838,1.185558546511459,
1671,100,4,21.5,18.0,21.0,1.05,1e-05,80,center,center,True,35.4,3,0.006469716594652996,0.08043454851401229,0.20801772643724356,
1667,100,4,27.6,43.2,44.4,1.6,1e-05,50,0.35,0.40,True,56.300000000000004,3,0.007622359039045132,0.08730612257479502,0.019596883577367656,
1664,100,4,36.9,46.6,52.4,3.44,1e-05,25,0.60,0.45,True,58.6,3,0.005683577232984487,0.07538950346689177,0.01995437064737126,
1669,100,4,60.0,21.6,57.4,3.67,1e-05,50,0.60,0.45,True,39.300000000000004,3,0.003136365148050855,0.05600326015555572,2.389075334294746,
1666,100,4,61.2,61.6,79.7,3.17,1e-05,50,center,center,True,62.0,3,0.0025234914145649484,0.0502343648766952,0.013354007638378627,
1670,100,4,50.1,33.2,53.2,2.04,1e-05,50,0.60,0.58,True,45.400000000000006,3,0.007233321162649953,0.08504893393012021,1.7008997777408066,
1665,100,4,36.2,78.2,79.6,4.28,1e-05,25,0.60,0.58,True,65.2,3,0.005061907938665401,0.0711470866491763,0.11103718284226298,
1677,100,4,20.9,56.3,53.7,3.34,1e-05,120,0.35,0.40,True,48.900000000000006,3,0.004088008153257655,0.06393753321217245,0.07341521538776055,
1675,100,4,21.6,77.4,74.3,2.29,1e-05,80,0.60,0.58,True,54.2,3,0.004584571822331884,0.06770946626825443,0.07681371474913329,
1681,100,4,37.3,11.9,33.0,3.92,1e-07,25,center,center,False,29.0,3,0.06882396976117394,0.26234322892191053,13.685476599665439,vittima non trovata entro 15 minuti
1691,100,4,22.8,10.5,18.6,1.94,1e-07,80,center,center,True,0.2,4,0.04294470148079205,0.20723103406775745,4.936029253180205,
1673,100,4,15.9,46.7,43.1,4.17,1e-05,80,0.45,0.55,True,62.400000000000006,3,0.0012977069266375994,0.03602369951348139,2.17151019497426,
1676,100,4,64.9,44.0,71.5,3.08,1e-05,120,center,center,True,61.7,3,0.004822138148028182,0.06944161683045824,0.10627234270927735,
1668,100,4,63.2,80.9,95.7,1.34,1e-05,50,0.45,0.55,True,75.7,3,0.0012416257422913461,0.03523671015136552,2.1639902020312416,
1680,100,4,29.4,45.2,47.0,1.22,1e-05,120,0.60,0.58,True,53.1,3,0.0038381950922027003,0.061953168540460464,0.1086158052924714,
1429,100,4,63.4,9.7,58.6,4.36,1e-05,50,0.60,0.45,False,900.0,2,2.465190328815662e-32,1.5700924586837752e-16,34.832056009082905,vittima non trovata entro 15 minuti
1678,100,4,42.2,75.5,79.7,1.32,1e-05,120,0.45,0.55,True,65.9,3,0.00405041488971872,0.06364286990479547,1.0064336403984233,
1679,100,4,65.9,17.8,62.2,1.83,1e-05,120,0.60,0.45,True,62.0,3,0.002456766258087321,0.049565777085478255,0.11277289422785305,
1672,100,4,80.2,54.9,90.2,3.46,1e-05,80,0.35,0.40,True,83.2,3,0.00164623369139718,0.040573805483306344,1.8698586843079161,
1700,100,4,22.2,15.8,20.3,4.75,1e-07,120,0.60,0.58,True,0.2,3,0.005204047772705587,0.07213908630351223,1.686288703926408,
1685,100,4,38.1,27.4,39.9,3.34,1e-07,25,0.60,0.58,True,59.0,3,0.00510610476046869,0.07145701337495634,0.7075290803716011,
1684,100,4,11.7,46.2,41.8,4.26,1e-07,25,0.60,0.45,True,65.10000000000001,3,0.0027372102508648943,0.05231835481802628,1.6205451964468602,
1686,100,4,52.0,12.5,47.6,2.93,1e-07,50,center,center,True,69.60000000000001,3,0.009715946574199365,0.09856950123744852,1.747698875261251,
1696,100,4,30.4,22.9,31.1,3.61,1e-07,120,center,center,True,45.0,3,0.002258859399084764,0.04752745942173602,1.6051441656307741,
1689,100,4,58.4,16.6,54.6,4.37,1e-07,50,0.60,0.45,True,60.7,3,0.06295010248443333,0.250898590040744,2.222629686477918,
1699,100,4,35.9,15.2,32.6,4.46,1e-07,120,0.60,0.45,True,38.7,3,0.0023003688208718875,0.04796216030238721,2.9939795560832465,
1707,100,4,11.9,9.9,8.4,3.67,1e-06,50,0.35,0.40,True,0.2,3,0.0003887450134999793,0.0197166176992906,0.9371533573703975,
1688,100,4,38.1,35.4,44.9,4.69,1e-07,50,0.45,0.55,True,74.8,3,0.02760598075331465,0.1661504762355939,0.882591514964529,
1692,100,4,76.2,12.0,71.6,2.27,1e-07,80,0.35,0.40,False,65.60000000000001,3,0.0005206839453624039,0.022818500068199136,31.80967293346688,vittima non trovata entro 15 minuti
1683,100,4,63.3,52.4,75.1,3.63,1e-07,25,0.45,0.55,True,97.2,3,0.004072697385015629,0.06381768865303435,0.06766580374878282,
1682,100,4,79.7,32.8,79.7,1.89,1e-07,25,0.35,0.40,True,95.60000000000001,3,0.004431156874386723,0.066566935293633,1.1065148877619753,
1687,100,4,10.5,61.8,57.1,1.41,1e-07,50,0.35,0.40,True,93.0,3,0.008536753750691108,0.09239455476753546,0.5718916058075417,
1690,100,4,20.9,66.4,63.4,4.07,1e-07,50,0.60,0.58,True,87.5,3,0.004300633106931767,0.06557921246044182,0.15099839319909855,
1695,100,4,12.0,55.8,51.3,4.05,1e-07,80,0.60,0.58,True,84.60000000000001,3,0.0038487531737081892,0.0620383202037917,0.27539199174962,
1701,100,4,53.8,55.3,70.1,1.37,1e-06,25,center,center,True,72.0,3,0.006926177705118634,0.08322366072889749,0.02037971589942179,
1697,100,4,68.7,19.5,65.3,2.35,1e-07,120,0.35,0.40,False,78.10000000000001,3,0.00048657623893855835,0.02205847317786429,26.77002006868497,vittima non trovata entro 15 minuti
1703,100,4,33.6,68.2,69.4,3.34,1e-06,25,0.45,0.55,True,61.2,3,0.0012612701190117162,0.03551436496703434,0.8854381625459011,
1693,100,4,75.4,55.0,86.3,2.24,1e-07,80,0.45,0.55,True,104.2,3,0.003445277741884427,0.05869648832668294,0.33700067100734127,
1694,100,4,9.6,79.9,75.1,4.62,1e-07,80,0.60,0.45,False,107.30000000000001,3,0.02210941391056353,0.14869234650970953,18.089928925287246,vittima non trovata entro 15 minuti
1709,100,4,50.6,41.5,58.4,3.0,1e-06,50,0.60,0.45,True,51.6,3,0.002400564693292187,0.04899555789346813,0.15252680706782284,
1706,100,4,48.0,51.6,63.4,3.14,1e-06,50,center,center,True,60.5,3,0.0028377144678834814,0.05327020243891965,0.5823602626495809,
1708,100,4,19.8,49.3,46.7,3.94,1e-06,50,0.45,0.55,True,59.2,3,0.0014619917482771886,0.038236000683612145,1.5284899857396517,
1698,100,4,69.7,58.6,84.0,4.27,1e-07,120,0.45,0.55,True,101.30000000000001,3,0.004617618041927956,0.06795305763486995,0.044093115709428664,
1717,100,4,14.0,16.3,14.4,3.45,1e-06,120,0.35,0.40,True,24.5,3,0.005158539362512408,0.07182297238706017,0.18356100723623262,
1705,100,4,26.8,76.9,75.1,4.52,1e-06,25,0.60,0.58,True,66.9,3,0.022380783131282948,0.14960208264353458,4.683811374311164,
1704,100,4,11.8,80.4,75.7,2.93,1e-06,25,0.60,0.45,True,77.80000000000001,3,0.0075428404957107245,0.08684952789572736,0.10032760936130633,
1716,100,4,25.1,16.8,23.3,1.52,1e-06,120,center,center,True,35.300000000000004,3,0.018436602387173477,0.13578145082143392,1.0766272896017333,
1711,100,4,66.8,55.5,79.8,1.46,1e-06,80,center,center,True,68.7,3,0.0047785262544696614,0.0691268851784142,0.050034910349319936,
1713,100,4,65.3,39.1,69.3,1.85,1e-06,80,0.45,0.55,True,71.10000000000001,3,0.002473140861986498,0.049730683305043155,0.04692562895113118,
1468,100,4,68.3,24.7,66.3,4.77,1e-06,50,0.45,0.55,False,900.0,2,0.0,0.0,0.04291284251019107,vittima non trovata entro 15 minuti
1712,100,4,78.9,42.4,82.8,3.96,1e-06,80,0.35,0.40,True,78.4,3,0.025934612922851343,0.16104227060884152,3.413900183913553,
1710,100,4,77.8,70.4,97.8,3.93,1e-06,50,0.60,0.58,True,88.10000000000001,3,0.00435242193022865,0.06597288784211776,0.1876592506568023,
1718,100,4,42.2,28.3,43.8,4.93,1e-06,120,0.45,0.55,True,61.5,3,0.005632295666743583,0.0750486220176199,0.25454571050099173,
1721,100,4,42.4,44.2,54.1,2.12,1e-05,25,center,center,True,55.1,3,0.004214945050873344,0.06492260816443948,1.2305348264449842,
1724,100,4,12.0,51.8,47.3,4.85,1e-05,25,0.60,0.45,True,53.6,3,0.0043505455208019995,0.06595866524424217,3.8217821752839094,
1714,100,4,65.4,72.3,90.4,3.19,1e-06,80,0.60,0.45,True,93.10000000000001,3,0.006561997342659179,0.0810061562022244,0.33210590194821377,
1471,100,4,73.9,30.6,73.5,4.14,1e-06,80,center,center,False,900.0,2,1.5259109307904765e-06,0.0012352776735578429,0.03070908899597106,vittima non trovata entro 15 minuti
1727,100,4,15.2,78.5,74.2,2.38,1e-05,50,0.35,0.40,True,57.0,3,0.005356235757217661,0.07318630853662221,0.1813606088981018,
1720,100,4,9.4,63.3,58.4,4.21,1e-06,120,0.60,0.58,False,72.3,3,0.022873042804262535,0.15123836419461345,10.877910358887265,vittima non trovata entro 15 minuti
1715,100,4,67.0,78.6,96.3,1.94,1e-06,80,0.60,0.58,True,90.10000000000001,3,0.003918834684514465,0.0626005965188389,0.6697439867224703,
1725,100,4,69.2,9.4,64.3,1.44,1e-05,25,0.60,0.58,True,61.6,3,0.024817278383931603,0.15753500685222827,5.497694462397075,
1723,100,4,61.7,27.8,61.1,4.9,1e-05,25,0.45,0.55,True,66.7,3,0.005103732563338627,0.07144041267615009,0.02304779966952017,
1482,100,4,75.4,73.3,98.1,3.2,1e-05,25,0.35,0.40,False,900.0,2,1.1780322851300441e-28,1.0853719570405549e-14,24.81140235699801,vittima non trovata entro 15 minuti
1731,100,4,30.9,19.8,29.8,2.85,1e-05,80,center,center,True,46.7,3,0.028036458094955426,0.1674409092634038,3.424027094147401,
1726,100,4,76.1,33.6,76.7,2.37,1e-05,50,center,center,True,69.3,3,0.0004963458884017745,0.022278821521834913,0.2985897688966055,
1730,100,4,37.9,44.6,51.5,4.25,1e-05,50,0.60,0.58,True,52.0,3,0.001952645745645429,0.04418875134743489,0.16410183464667782,
1719,100,4,75.5,78.0,101.5,3.22,1e-06,120,0.60,0.45,False,87.9,3,0.013347288561014454,0.11553046594303364,15.78071083133336,vittima non trovata entro 15 minuti
1729,100,4,60.4,65.8,82.3,1.42,1e-05,50,0.60,0.45,True,62.900000000000006,3,0.004948919396940232,0.07034855646664138,0.04010189874460999,
1728,100,4,53.1,58.1,71.7,3.33,1e-05,50,0.45,0.55,True,72.8,3,0.004318424956665756,0.06571472404770301,0.037378072734551106,
1722,100,4,79.9,65.9,96.5,3.02,1e-05,25,0.35,0.40,True,89.2,3,0.0017941035773645984,0.04235685986194678,1.7901500444044935,
1739,100,4,24.4,35.8,36.4,2.41,1e-05,120,0.60,0.45,True,35.6,3,0.0039975409140092,0.06322610943280632,2.760639380245936,
1732,100,4,75.1,63.2,91.1,4.44,1e-05,80,0.35,0.40,True,75.7,3,0.0013331774051622179,0.03651270197016673,3.188954256579386,
1746,100,4,26.3,19.6,25.8,1.1,1e-07,50,center,center,True,29.400000000000002,3,0.0062360372521476914,0.07896858395683495,0.723990386561128,
1736,100,4,42.0,46.5,55.6,2.81,1e-05,120,center,center,True,54.900000000000006,3,0.004042902435661236,0.06358382212215019,2.762702813025288,
1734,100,4,68.2,20.7,65.1,4.87,1e-05,80,0.60,0.45,True,71.60000000000001,3,0.0005136124639501844,0.022663019744733587,3.4550537219581203,
1733,100,4,16.5,30.3,27.7,3.45,1e-05,80,0.45,0.55,True,93.5,3,0.0022847423452134197,0.04779897849550155,2.6516847810054647,
1738,100,4,63.4,71.7,88.6,2.01,1e-05,120,0.45,0.55,True,63.5,3,0.0015487373147909625,0.03935399998463895,0.1240529043533628,
1740,100,4,54.5,30.5,55.7,1.01,1e-05,120,0.60,0.58,True,62.2,3,0.0038213457526251487,0.06181703448585308,0.32682800981851895,
1737,100,4,68.8,80.6,98.9,3.39,1e-05,120,0.35,0.40,True,69.4,3,0.002285755651473348,0.04780957698488189,0.43185255407860756,
1741,100,4,48.2,18.5,45.2,2.19,1e-07,25,center,center,False,56.1,3,0.0366708562269755,0.19149636087136357,14.79279625876763,vittima non trovata entro 15 minuti
1755,100,4,12.6,27.8,24.0,3.31,1e-07,80,0.60,0.58,True,17.5,3,0.0023008655957138242,0.04796733884336116,1.1486499252154359,
1593,100,4,58.8,23.9,57.0,2.95,1e-06,80,0.45,0.55,True,559.0,3,2.3160555356433967,1.521859236474713,3.8577774485208636,
1744,100,4,52.7,11.3,48.1,2.87,1e-07,25,0.60,0.45,False,57.2,3,0.0556908877666363,0.23598916874855994,20.16836988641148,vittima non trovata entro 15 minuti
1756,100,4,13.1,28.1,24.5,2.26,1e-07,120,center,center,True,20.1,3,0.05973443143849824,0.2444062835495402,3.26345117095266,
1735,100,4,17.9,24.3,23.2,2.7,1e-05,80,0.60,0.58,True,95.10000000000001,3,0.004039806385147706,0.06355947124660263,2.4805725636813656,
1743,100,4,57.2,19.2,54.1,4.93,1e-07,25,0.45,0.55,True,61.6,3,0.04060967544926465,0.2015184245900723,8.159792623813434,
1748,100,4,39.8,20.1,37.9,2.94,1e-07,50,0.45,0.55,True,56.5,3,0.00281517603870818,0.05305823252529413,0.24582781848108493,
1761,100,4,28.3,12.1,24.3,1.6,1e-06,25,center,center,True,36.1,3,0.0012725376416739085,0.03567264556595023,0.6049975014250906,
1749,100,4,55.3,66.4,79.3,4.55,1e-07,50,0.60,0.45,True,93.7,3,0.003907984272123317,0.06251387263738599,0.12422523841969955,
1765,100,4,21.5,34.0,33.3,3.54,1e-06,25,0.60,0.58,True,49.0,3,0.0013439055257313233,0.03665931703852819,1.612143240029294,
1763,100,4,12.6,44.6,40.4,3.09,1e-06,25,0.45,0.55,True,55.0,3,0.00802164536443129,0.08956363862880566,1.1292715290193436,
1751,100,4,41.9,68.6,73.6,3.05,1e-07,80,center,center,True,90.30000000000001,3,0.017075760227985383,0.13067425235288466,3.1264759828245485,
1742,100,4,70.6,74.4,95.5,3.31,1e-07,25,0.35,0.40,True,120.30000000000001,3,0.0027017281111650893,0.05197815032458436,0.10859044636017463,
1745,100,4,79.1,44.9,84.1,4.14,1e-07,25,0.60,0.58,True,115.0,3,0.004677221187877559,0.06839021266144417,0.0796469169822584,
1747,100,4,53.7,74.6,85.0,1.13,1e-07,50,0.35,0.40,True,110.4,3,0.004679600051744421,0.06840760229495273,0.34179602093223427,
1753,100,4,31.9,52.2,54.4,3.36,1e-07,80,0.45,0.55,True,83.9,3,0.0098272821291836,0.09913264915850681,1.015379449996236,
1750,100,4,70.5,57.4,83.8,2.77,1e-07,50,0.60,0.58,True,106.4,3,0.007850798291469199,0.08860473063820688,0.08263476000665858,
1768,100,4,26.9,56.0,55.5,1.01,1e-06,50,0.45,0.55,True,59.400000000000006,3,0.0015240942011686012,0.03903964909125851,0.6316905098265875,
1764,100,4,31.8,70.4,70.7,4.54,1e-06,25,0.60,0.45,True,66.60000000000001,3,0.002251681463530237,0.047451885774226474,0.2647044048721878,
1752,100,4,48.1,60.7,70.4,3.87,1e-07,80,0.35,0.40,True,103.7,3,0.003258946290575593,0.05708718149090558,0.1920697067747742,
1762,100,4,60.9,47.1,70.0,3.85,1e-06,25,0.35,0.40,True,72.0,3,0.0168532858833468,0.12982020599023406,2.3205040315279595,
1766,100,4,66.3,47.0,74.3,4.49,1e-06,50,center,center,True,68.0,3,0.004520157519133952,0.06723211672358645,0.08239960910069924,
1758,100,4,15.7,78.9,74.7,4.05,1e-07,120,0.45,0.55,False,91.4,3,0.0270463031803707,0.16445760298742865,34.392968243416355,vittima non trovata entro 15 minuti
1757,100,4,43.6,45.8,56.1,1.93,1e-07,120,0.35,0.40,True,87.7,3,0.004763945268137471,0.06902133922300747,0.284846576516945,
1760,100,4,35.3,50.8,55.0,4.57,1e-07,120,0.60,0.58,True,83.2,3,0.005049116969455373,0.07105713876490787,0.15317320622681713,
1754,100,4,80.9,30.9,80.1,4.87,1e-07,80,0.60,0.45,True,105.60000000000001,3,0.0038991637002511468,0.06244328386825237,0.28414218231197363,
1767,100,4,69.0,57.7,82.9,4.09,1e-06,50,0.35,0.40,True,80.7,3,0.0037958875165121815,0.061610774354102886,0.3168009995439998,
1759,100,4,15.1,69.7,65.5,3.14,1e-07,120,0.60,0.45,True,94.30000000000001,3,0.001733252474929545,0.04163234889997855,0.2373938613233594,
1778,100,4,17.3,14.7,15.6,1.54,1e-06,120,0.45,0.55,True,28.200000000000003,3,0.004398659893575485,0.06632239360559512,0.4849221874831156,
1775,100,4,28.0,9.9,23.6,2.02,1e-06,80,0.60,0.58,True,32.1,3,0.0010739057399872145,0.03277050106402425,1.7805890707244587,
1769,100,4,71.4,45.3,77.7,4.44,1e-06,50,0.60,0.45,True,66.4,3,0.003989570580677166,0.06316304758857956,0.11532933721475547,
1771,100,4,39.7,25.7,40.4,1.02,1e-06,80,center,center,True,60.0,3,0.0030283640677200895,0.055030573935950275,0.42760395586892863,
1522,100,4,64.5,23.0,62.2,3.52,1e-06,25,0.35,0.40,False,900.0,2,1.262177448353619e-29,3.552713678800501e-15,0.39572352776743297,vittima non trovata entro 15 minuti
1773,100,4,31.7,45.3,48.3,2.66,1e-06,80,0.45,0.55,True,60.5,3,0.006028831429050631,0.07764554996296073,0.2826253574764794,
1770,100,4,66.7,63.6,85.1,3.63,1e-06,50,0.60,0.58,True,69.0,3,0.010479297916402522,0.1023684419946036,0.2044094725984995,
1787,100,4,25.0,26.3,29.2,1.99,1e-05,50,0.35,0.40,True,33.4,3,0.0034117628951415204,0.05841029785184733,0.1362112299254633,
1776,100,4,50.4,19.1,47.5,2.09,1e-06,120,center,center,True,55.1,3,0.0025082025306137285,0.05008195813477872,0.36950870533932884,
1785,100,4,18.8,31.4,29.8,3.27,1e-05,25,0.60,0.58,True,44.0,3,0.010213128748305567,0.10106002547152641,2.2130355466698566,
1662,100,4,22.2,31.0,31.2,4.8,1e-05,25,0.35,0.40,True,434.40000000000003,3,0.0353275038648943,0.1879561221798702,0.1590007297920276,
1789,100,4,34.3,15.5,31.2,1.91,1e-05,50,0.60,0.45,True,41.300000000000004,3,0.014871723275700788,0.1219496751766924,1.3199348840316476,
1779,100,4,34.3,61.9,63.9,2.93,1e-06,120,0.60,0.45,True,63.7,3,0.0026860691282330662,0.051827300993135525,0.19628977299319286,
1777,100,4,49.5,36.7,54.6,4.1,1e-06,120,0.35,0.40,True,70.5,3,0.022614946245095507,0.15038266603932618,0.4955104485351469,
1788,100,4,47.7,50.5,62.4,2.77,1e-05,50,0.45,0.55,True,54.6,3,0.0020016969413517104,0.044740327908406194,0.024650335015550997,
1781,100,4,21.7,65.3,62.5,4.78,1e-05,25,center,center,True,69.4,3,0.0012748963195032446,0.03570569029585123,4.807725246322122,
1783,100,4,29.9,61.7,61.9,4.43,1e-05,25,0.45,0.55,True,68.10000000000001,3,0.0016977108740761336,0.0412032871756142,2.301389491862245,
1526,100,4,80.8,11.2,76.0,4.47,1e-06,50,center,center,False,900.0,1,nan,nan,6.439551072786786,vittima non trovata entro 15 minuti
1774,100,4,51.0,75.1,83.8,4.65,1e-06,80,0.60,0.45,True,84.9,3,0.009212843112547444,0.09598355646957162,0.17531916568169637,
1786,100,4,47.3,65.9,74.2,3.93,1e-05,50,center,center,True,64.10000000000001,3,0.010343643909967224,0.10170370647113715,3.8631557568636685,
1782,100,4,60.2,65.7,82.1,2.73,1e-05,25,0.35,0.40,True,73.9,3,0.004472779612694008,0.06687884278823915,0.26018962245429844,
1780,100,4,48.4,77.6,84.6,1.44,1e-06,120,0.60,0.58,True,82.80000000000001,3,0.00734584860502308,0.08570792615052052,0.19660472861844258,
1811,100,4,17.0,16.4,16.6,2.64,1e-07,80,center,center,True,0.2,4,7.830127586466498e-05,0.008848800815063304,1.2645017405714754,
1790,100,4,29.9,76.8,76.0,3.07,1e-05,50,0.60,0.58,True,61.2,3,0.0018894016986783122,0.04346724857497093,0.046070663125915144,
1791,100,4,58.4,28.8,58.5,3.16,1e-05,80,center,center,True,62.0,3,0.0026464362652448407,0.05144352500796228,0.5156155605246436,
1532,100,4,65.8,21.1,62.9,1.9,1e-06,80,0.35,0.40,False,900.0,2,6.310887241768095e-30,2.5121479338940403e-15,2.3328227906278354,vittima non trovata entro 15 minuti
1799,100,4,21.8,40.0,38.8,1.39,1e-05,120,0.60,0.45,True,38.0,3,0.009959667449339432,0.09979813349627052,3.1365394961629076,
1795,100,4,30.4,20.2,29.6,2.82,1e-05,80,0.60,0.58,True,45.7,3,0.002433379123666582,0.04932929275457517,2.3355767919251176,
1792,100,4,34.7,80.0,80.6,2.52,1e-05,80,0.35,0.40,True,68.8,3,0.0035267291423102627,0.059386270655011356,0.0641146534766581,
1796,100,4,75.5,32.1,75.5,1.96,1e-05,120,center,center,True,58.400000000000006,3,0.0003617437326427672,0.019019561841503267,0.8547260295063395,
1542,100,4,27.9,26.9,31.7,4.91,1e-05,25,0.35,0.40,False,900.0,2,0.0,0.0,34.182214027095235,vittima non trovata entro 15 minuti
1797,100,4,56.4,45.6,65.5,3.18,1e-05,120,0.35,0.40,True,61.1,3,0.001971224200625148,0.04439847070142336,3.01656937316051,
1798,100,4,29.0,60.9,60.9,4.39,1e-05,120,0.45,0.55,True,65.7,3,0.0023802021653497297,0.04878731561942848,2.283603582422457,
1804,100,4,32.2,22.5,32.3,2.13,1e-07,25,0.60,0.45,True,41.800000000000004,3,0.00252764138787964,0.050275654027368354,2.5716843956443176,
1794,100,4,57.7,74.9,87.6,3.92,1e-05,80,0.60,0.45,True,73.2,3,0.0013502222536060956,0.03674537050576706,0.26747598603062367,
1813,100,4,25.8,21.4,26.5,2.98,1e-07,80,0.45,0.55,True,30.1,3,0.005329031459082496,0.07300021547284978,0.4683013157747274,
1801,100,4,67.2,20.6,64.1,1.42,1e-07,25,center,center,False,63.400000000000006,3,0.025321123667668224,0.1591261250319011,16.33830767367013,vittima non trovata entro 15 minuti
1812,100,4,44.2,12.7,40.0,3.08,1e-07,80,0.35,0.40,False,42.800000000000004,3,0.06888166892443451,0.26245317472729207,17.710077149412015,vittima non trovata entro 15 minuti
1816,100,4,30.5,22.4,30.9,2.31,1e-07,120,center,center,True,44.400000000000006,3,0.006091192634693519,0.07804609301363855,1.1749150159550124,
1809,100,4,43.9,19.4,41.5,4.72,1e-07,50,0.60,0.45,True,55.6,3,0.0022986517969119462,0.04794425718385828,2.5995736182910103,
1805,100,4,75.4,10.5,70.6,1.98,1e-07,25,0.60,0.58,False,65.4,3,0.001638236026787048,0.040475128496238875,30.370131955426665,vittima non trovata entro 15 minuti
1793,100,4,10.2,13.0,9.5,4.46,1e-05,80,0.45,0.55,True,93.9,3,0.0013868040676108541,0.037239818307973176,2.6396890445600003,
1806,100,4,26.4,40.7,41.6,4.15,1e-07,50,center,center,True,66.8,3,0.003710051511373746,0.060910192179747275,4.0048786370678195,
1808,100,4,76.7,26.8,74.9,1.5,1e-07,50,0.45,0.55,False,69.8,3,0.026031590903639906,0.16134308446177636,21.459480362112334,vittima non trovata entro 15 minuti
1800,100,4,21.0,27.5,27.6,4.35,1e-05,120,0.60,0.58,True,95.5,3,0.0035346836871996356,0.05945320586141369,3.4182595360855443,
1823,100,4,13.8,20.5,17.8,1.31,1e-06,25,0.45,0.55,True,28.1,3,0.00535894550337908,0.07320481885353641,0.550375095110127,
1825,100,4,19.0,16.5,18.1,3.64,1e-06,25,0.60,0.58,True,28.6,3,0.0044659925923987796,0.06682808236362,0.7983564909861871,
1820,100,4,23.5,31.3,32.2,2.25,1e-07,120,0.60,0.58,True,46.800000000000004,3,0.002451474175896846,0.049512363869005954,0.43865600378150726,
1802,100,4,35.4,57.7,60.8,2.11,1e-07,25,0.35,0.40,True,97.10000000000001,3,0.005544496847808417,0.07446137822931037,0.269869326136723,
1831,100,4,14.9,11.4,11.8,2.5,1e-06,80,center,center,True,16.0,3,0.005014908544446493,0.07081601898191181,1.2635492726817874,
1554,100,4,74.8,22.8,72.1,4.29,1e-05,80,0.60,0.45,False,900.0,1,nan,nan,36.3953236286332,vittima non trovata entro 15 minuti
1810,100,4,44.7,60.5,68.3,3.38,1e-07,50,0.60,0.58,True,82.10000000000001,3,0.0037692089491702164,0.0613938836462576,0.2771075076823465,
1818,100,4,56.8,20.2,54.0,4.96,1e-07,120,0.45,0.55,True,61.1,3,0.036603794937539,0.19132118266814838,7.899077989743204,
1807,100,4,14.9,59.6,55.5,3.05,1e-07,50,0.35,0.40,True,93.2,3,0.019500664366252658,0.13964477923020488,0.645215282939669,
1803,100,4,79.5,38.5,81.6,3.78,1e-07,25,0.45,0.55,True,104.4,3,0.004169164101708752,0.06456906458753102,0.13476327008071548,
1826,100,4,47.1,28.8,48.4,2.51,1e-06,50,center,center,True,51.300000000000004,3,0.004075816293747586,0.06384212005993838,0.35138923296997593,
1814,100,4,41.0,47.5,55.7,1.46,1e-07,80,0.60,0.45,True,85.7,3,0.0038956836364376136,0.0624154118502603,0.17977303357012883,
1815,100,4,36.8,72.3,74.4,3.8,1e-07,80,0.60,0.58,True,92.30000000000001,3,0.004275553115724324,0.06538771379796303,0.09697654285068348,
1821,100,4,39.8,70.4,74.1,2.19,1e-06,25,center,center,True,77.0,3,0.02308104382452173,0.15192446749790414,6.921281288272961,
1822,100,4,55.1,56.0,71.5,2.71,1e-06,25,0.35,0.40,True,74.0,3,0.0035952366321211713,0.05996029212838419,0.03563501354967426,
1829,100,4,42.3,15.9,38.9,2.64,1e-06,50,0.60,0.45,True,47.2,3,0.001982286008072506,0.04452287061805995,3.6068378816103883,
1828,100,4,16.4,55.9,52.2,2.87,1e-06,50,0.45,0.55,True,58.6,3,0.005333196602532209,0.07302873819622115,4.063102205593109,
1817,100,4,29.6,75.6,74.8,3.21,1e-07,120,0.35,0.40,True,101.4,3,0.008883350060707156,0.09425152550864711,0.5415952527007575,
1832,100,4,14.7,38.6,35.0,4.67,1e-06,80,0.35,0.40,True,52.6,3,0.0034358922755105925,0.05861648467377238,0.04078885777374715,
1833,100,4,38.4,16.3,35.3,2.13,1e-06,80,0.45,0.55,True,50.5,3,7.53452510133673e-08,0.0002744908942266889,4.2723588405864525,
1838,100,4,45.4,14.7,41.6,1.01,1e-06,120,0.45,0.55,True,39.5,3,0.020118812879495157,0.14184080118039083,7.533672909091134,
1827,100,4,38.7,62.2,66.4,2.43,1e-06,50,0.35,0.40,True,72.9,3,0.005362018788207846,0.07322580684572787,0.8354369187884654,
1836,100,4,37.2,73.7,75.9,3.23,1e-06,120,center,center,True,65.2,3,0.008806854847927752,0.0938448445463455,3.992105572646127,
1819,100,4,56.1,78.9,89.8,2.17,1e-07,120,0.60,0.45,True,107.7,3,0.032334910906256266,0.17981910606566887,0.7337042449700034,
1834,100,4,58.1,58.1,75.1,4.13,1e-06,80,0.60,0.45,True,70.8,3,0.0018425524874751498,0.04292496345339329,0.10474353994049655,
1848,100,4,46.1,33.0,49.7,1.11,1e-05,50,0.45,0.55,True,44.1,3,0.006074419789491506,0.0779385641995765,0.06563944305808982,
1840,100,4,61.4,23.3,59.3,3.56,1e-06,120,0.60,0.58,True,70.10000000000001,3,0.02807580780023394,0.16755837132245568,1.4044246189076388,
1849,100,4,47.6,41.9,56.4,3.47,1e-05,50,0.60,0.45,True,51.300000000000004,3,0.0024179033409819795,0.049172180559560096,0.15038889467377933,
1837,100,4,73.2,27.2,71.7,4.22,1e-06,120,0.35,0.40,True,77.5,3,0.00029215944322899274,0.017092672208551613,1.9441265109090005,
1835,100,4,72.1,68.7,92.5,3.35,1e-06,80,0.60,0.58,True,88.5,3,0.004586404409078367,0.06772299763801339,0.254499054798833,
1843,100,4,61.1,53.3,74.0,4.62,1e-05,25,0.45,0.55,True,70.2,3,0.0036295563091285955,0.060245799099427635,0.12489301618549672,
1844,100,4,30.0,63.0,63.2,3.13,1e-05,25,0.60,0.45,True,65.8,3,0.0029246630116899807,0.05408015358419372,0.23884321587781626,
1847,100,4,45.1,71.1,77.3,3.22,1e-05,50,0.35,0.40,True,61.6,3,0.0049814456168120694,0.07057935687445777,0.12919449635790103,
1842,100,4,56.5,78.7,90.0,1.29,1e-05,25,0.35,0.40,True,74.7,3,0.008013437419399893,0.08951780504123129,1.7457828329044132,
1839,100,4,42.2,74.4,78.7,4.46,1e-06,120,0.60,0.45,True,85.30000000000001,3,0.004731428992597651,0.06878538356800558,0.10560955083956619,
1851,100,4,11.0,57.3,52.6,3.91,1e-05,80,center,center,True,58.0,3,0.004664644214826419,0.06829820067048925,3.798870374117783,
1846,100,4,39.7,38.9,48.5,3.93,1e-05,50,center,center,True,83.10000000000001,3,0.002854688246801509,0.053429282671597876,0.08542206606728657,
1845,100,4,41.6,24.3,41.4,4.0,1e-05,25,0.60,0.58,True,83.9,3,0.007404148984822971,0.08604736477558723,3.117960230866602,
1853,100,4,80.8,9.3,75.9,2.76,1e-05,80,0.45,0.55,True,65.4,3,0.006462175785078839,0.08038765940788946,2.5939140645541956,
1852,100,4,78.2,48.8,85.3,2.38,1e-05,80,0.35,0.40,True,70.8,3,0.0029997831274997085,0.05477027594872705,1.8429198248915941,
1854,100,4,80.0,33.6,80.2,2.59,1e-05,80,0.60,0.45,True,69.60000000000001,3,0.0015987016920282653,0.039983767856822415,0.9142866127247511,
1850,100,4,68.5,38.0,71.6,4.23,1e-05,50,0.60,0.58,True,84.0,3,0.004564471470252324,0.06756087233193725,0.02097392540632024,
1858,100,4,59.3,47.5,69.0,3.89,1e-05,120,0.45,0.55,True,61.6,3,0.0014776115168853592,0.03843971275758131,0.08686539725678608,
1856,100,4,53.3,59.7,73.0,4.48,1e-05,120,center,center,True,71.0,3,0.0014502535569537345,0.038082194749695486,0.1275207134832694,
1855,100,4,72.4,33.5,73.1,3.98,1e-05,80,0.60,0.58,True,77.60000000000001,3,0.0022788362243037212,0.04773715768983027,0.19550697928295493,
1859,100,4,76.4,10.1,71.6,4.27,1e-05,120,0.60,0.45,True,68.3,3,0.0226849022728642,0.150615079832214,4.166198143981345,
1880,100,4,13.4,10.6,10.1,3.19,1e-07,120,0.60,0.58,True,0.2,4,0.000314977383013293,0.017747602176443243,0.8141699907118986,
1868,100,4,13.5,33.2,29.4,3.87,1e-07,50,0.45,0.55,True,37.2,3,0.019865904861066427,0.14094646097389757,1.0151249956204276,
1864,100,4,44.8,15.1,41.1,2.02,1e-07,25,0.60,0.45,True,53.900000000000006,3,0.008952134533017719,0.09461572032710906,3.060035316550505,
1594,100,4,58.1,19.5,55.0,4.0,1e-06,80,0.60,0.45,False,900.0,2,3.155443620884047e-29,5.617333549722722e-15,3.8509484048041767,vittima non trovata entro 15 minuti
1871,100,4,26.6,30.4,33.4,4.45,1e-07,80,center,center,True,48.800000000000004,3,0.053017432119219485,0.23025514569542085,3.5129149683672027,
1857,100,4,60.5,14.8,56.3,4.91,1e-05,120,0.35,0.40,True,95.7,3,0.0019280032676215627,0.04390903400920547,2.442467013195021,
1873,100,4,35.5,18.4,33.3,4.68,1e-07,80,0.45,0.55,True,42.2,3,0.006471281253996999,0.08044427421511738,0.4601431975039215,
1875,100,4,36.3,12.5,32.2,2.02,1e-07,80,0.60,0.58,True,39.300000000000004,3,0.019050361914476864,0.1380230484900144,0.8131300779516424,
1886,100,4,14.3,9.1,10.2,3.99,1e-06,50,center,center,True,2.8000000000000003,3,0.001106445483178892,0.03326327529241358,1.869679902860129,
1861,100,4,54.9,16.1,51.1,3.81,1e-07,25,center,center,True,71.5,3,0.010036886961127351,0.10018426503761632,0.4825293759889357,
1870,100,4,9.1,47.3,42.5,1.31,1e-07,50,0.60,0.58,True,64.7,3,0.005404467139582517,0.07351508103499932,0.3772277428162655,
1860,100,4,74.2,10.0,69.4,4.58,1e-05,120,0.60,0.58,True,94.4,3,0.002264422849406576,0.04758595222759104,0.09325676355410395,
1601,100,4,19.1,41.1,38.7,3.46,1e-05,25,center,center,False,900.0,2,8.191819364975019e-05,0.009050867010941559,36.9568416686236,vittima non trovata entro 15 minuti
1863,100,4,27.2,66.5,65.4,4.29,1e-07,25,0.45,0.55,True,89.80000000000001,3,0.003402671339788811,0.058332421000579185,0.9409590110570903,
1872,100,4,17.4,44.5,41.4,2.03,1e-07,80,0.35,0.40,True,64.0,3,0.0028025829199944683,0.05293942689522119,0.47522184605281453,
1869,100,4,50.8,40.9,58.2,4.29,1e-07,50,0.60,0.45,True,80.5,3,0.0023966807556927575,0.04895590623911233,0.7190535264289089,
1866,100,4,22.0,59.7,57.3,3.84,1e-07,50,center,center,True,89.5,3,0.004438268262452885,0.06662032919802247,3.598204060963478,
1877,100,4,49.5,16.3,46.0,3.7,1e-07,120,0.35,0.40,False,56.300000000000004,3,0.05317539486733058,0.230597907335107,17.54943331837081,vittima non trovata entro 15 minuti
1865,100,4,61.6,60.0,78.9,4.84,1e-07,25,0.60,0.58,True,96.4,3,0.0034168696224048775,0.05845399577791819,0.2483323715002139,
1876,100,4,31.0,34.9,39.6,1.13,1e-07,120,center,center,True,62.6,3,0.023988137485056384,0.15488104301384462,1.7766771708608973,
1862,100,4,69.8,72.8,93.8,2.43,1e-07,25,0.35,0.40,True,106.7,3,0.003935302840910911,0.06273199216437264,0.10724866980801176,
1867,100,4,76.2,52.6,85.7,4.92,1e-07,50,0.35,0.40,True,105.80000000000001,3,0.007960132594257827,0.08921957517416135,2.075403099570205,
1884,100,4,15.7,40.5,37.0,1.38,1e-06,25,0.60,0.45,True,52.800000000000004,3,0.007744923880698293,0.08800524916559406,2.8506599892063598,
1881,100,4,71.2,36.1,73.1,4.2,1e-06,25,center,center,True,72.2,3,0.006516677883413306,0.08072594306301603,0.133975919305814,
1879,100,4,70.4,15.3,66.2,3.85,1e-07,120,0.60,0.45,False,76.80000000000001,3,0.02218763803717511,0.14895515444983806,23.579802056233838,vittima non trovata entro 15 minuti
1874,100,4,53.1,46.6,63.6,2.77,1e-07,80,0.60,0.45,True,93.10000000000001,3,0.004909254874017343,0.0700660750578862,0.23354284343457887,
1882,100,4,69.1,43.8,74.9,3.82,1e-06,25,0.35,0.40,True,79.60000000000001,3,0.00037480068150123923,0.019359769665500653,2.182907702928019,
1891,100,4,49.3,32.8,52.3,3.34,1e-06,80,center,center,True,53.2,3,0.0030896790219330835,0.05558488123521614,0.3300671030977687,
1887,100,4,25.8,44.6,44.7,3.65,1e-06,50,0.35,0.40,True,63.5,3,0.002019666906418144,0.04494070433825158,0.17885740250612425,
1889,100,4,33.8,40.9,46.0,3.93,1e-06,50,0.60,0.45,True,63.0,3,0.00296886731496266,0.05448731333955328,5.0381209664219835,
1878,100,4,63.1,43.4,69.7,3.48,1e-07,120,0.45,0.55,True,94.9,3,0.003763102134242275,0.06134412876748903,0.2524068488287764,
1895,100,4,21.8,52.1,50.0,1.99,1e-06,80,0.60,0.58,True,54.6,3,0.0034999685200982934,0.05916053177666926,0.1923711118130232,
1892,100,4,34.8,67.2,69.0,1.43,1e-06,80,0.35,0.40,False,64.2,3,0.014126316784167722,0.1188541828635733,17.19723563179836,vittima non trovata entro 15 minuti
1893,100,4,41.7,36.6,48.4,2.83,1e-06,80,0.45,0.55,True,57.5,3,0.0022737499708461537,0.04768385440425463,0.6525239315082035,
1885,100,4,59.8,61.9,79.0,4.79,1e-06,25,0.60,0.58,True,78.10000000000001,3,0.0016342527714370565,0.04042589233940367,0.16378401855244462,
1896,100,4,58.2,31.4,59.4,2.41,1e-06,120,center,center,True,70.10000000000001,3,0.00559373477814228,0.07479127474607102,0.44444128460740456,
1894,100,4,29.6,80.8,79.7,2.8,1e-06,80,0.60,0.45,True,71.7,3,0.020020548771927594,0.1414939884656857,0.3257539785136028,
1888,100,4,72.9,48.3,80.6,2.66,1e-06,50,0.45,0.55,True,89.0,3,0.0030105210787564817,0.05486821556016271,0.14689565322175532,
1900,100,4,50.0,41.1,57.7,1.31,1e-06,120,0.60,0.58,True,60.5,3,0.00501268757333277,0.07080033596906705,0.040785459798140994,
1890,100,4,69.5,63.0,86.7,1.11,1e-06,50,0.60,0.58,True,89.80000000000001,3,0.002786477932989282,0.052787100062319035,0.1278825542787823,
1906,100,4,27.3,50.9,51.1,4.4,1e-05,50,center,center,True,43.300000000000004,3,0.0010272440146694662,0.03205064764820621,4.15284562919813,
1897,100,4,65.0,24.1,63.0,1.98,1e-06,120,0.35,0.40,True,70.2,3,0.004863706590043751,0.06974027953803849,0.979712585077076,
1902,100,4,73.0,33.8,73.8,1.03,1e-05,25,0.35,0.40,True,57.2,3,0.0057718968197218124,0.07597300059706615,0.4568216074481092,
1910,100,4,52.0,42.4,60.1,2.01,1e-05,50,0.60,0.58,True,48.6,3,0.0015035546612225934,0.03877569678577799,0.18444377973281523,
1904,100,4,55.2,41.5,62.1,1.16,1e-05,25,0.60,0.45,True,61.7,3,0.002337341675307278,0.04834606163181524,0.2767984195209198,
1913,100,4,38.0,15.0,34.5,1.2,1e-05,80,0.45,0.55,True,41.7,3,0.00290437666055707,0.05389226902401745,0.11979971520088267,
1911,100,4,30.4,79.2,78.4,4.28,1e-05,80,center,center,True,53.6,3,0.0045735436797423685,0.06762798000637286,4.20312264579202,
1898,100,4,78.6,52.9,87.8,4.17,1e-06,120,0.45,0.55,True,86.10000000000001,3,0.00635876361188924,0.07974185608505259,0.3251484080216707,
1899,100,4,58.9,79.5,92.0,3.29,1e-06,120,0.60,0.45,True,87.5,3,0.01781149748219816,0.1334597223217483,1.584458385822221,
1914,100,4,27.5,25.9,30.7,3.3,1e-05,80,0.60,0.45,True,48.7,3,0.005135151216322284,0.07165996941335019,3.401137115621937,
1908,100,4,71.9,48.4,79.7,2.07,1e-05,50,0.45,0.55,True,70.9,3,0.005960576674386496,0.0772047710597376,0.0820009368568855,
1907,100,4,64.8,49.1,74.3,2.31,1e-05,50,0.35,0.40,True,70.9,3,0.005429063478823274,0.073682178841449,1.6523869305387087,
1919,100,4,15.7,35.8,32.6,1.45,1e-05,120,0.60,0.45,True,41.300000000000004,3,0.001970778287917225,0.04439344870492971,3.501842000175062,
1903,100,4,23.8,14.7,21.1,2.82,1e-05,25,0.45,0.55,True,83.7,3,0.00200514753323939,0.04477887373795136,0.30229387304968863,
1905,100,4,67.5,77.6,95.8,4.63,1e-05,25,0.60,0.58,True,90.60000000000001,3,0.0014160383757346674,0.037630285352820106,0.0527086282730599,
1935,100,5,18.8,16.7,18.1,3.25,1e-07,80,0.60,0.58,True,0.2,5,0.0001373377860003665,0.01171912053015782,1.112431874369724,
1918,100,4,35.1,58.0,61.0,2.84,1e-05,120,0.45,0.55,True,60.2,3,0.00505385581305741,0.07109047624722604,1.5214246976488368,
1915,100,4,75.4,66.6,93.6,1.72,1e-05,80,0.60,0.58,True,74.4,3,0.0060906352953588195,0.07804252235389897,0.14387962511680827,
1661,100,4,24.1,65.1,63.1,3.57,1e-05,25,center,center,False,900.0,0,nan,nan,nan,vittima non trovata entro 15 minuti
1912,100,4,16.5,12.6,13.8,2.14,1e-05,80,0.35,0.40,True,92.60000000000001,3,0.002141219795739371,0.046273316238836515,0.3683457336232955,
1917,100,4,42.9,43.5,54.0,4.76,1e-05,120,0.35,0.40,True,71.9,3,0.00028598706789995955,0.01691115217541252,0.6514653577045754,
1920,100,4,74.8,65.0,92.0,3.28,1e-05,120,0.60,0.58,True,74.3,3,0.004367129575141824,0.06608426117572795,0.1306169967460513,
1933,100,5,31.1,9.4,26.5,4.33,1e-07,80,0.45,0.55,True,23.900000000000002,3,0.002306948983357499,0.048030708753437096,0.25525092523655846,
1939,100,5,29.9,13.7,26.3,4.08,1e-07,120,0.60,0.45,True,24.1,3,0.034670423213700945,0.1861999549240035,2.629498422252616,
1923,100,5,79.4,13.6,74.9,2.13,1e-07,25,0.45,0.55,False,67.60000000000001,3,0.018977581563282102,0.1377591433019315,32.11374263714297,vittima non trovata entro 15 minuti
1927,100,5,12.9,42.5,38.3,3.1,1e-07,50,0.35,0.40,True,58.900000000000006,3,0.00240457506976437,0.04903646673409871,0.10100197714741248,
1928,100,5,25.1,42.8,42.8,4.55,1e-07,50,0.45,0.55,True,63.400000000000006,3,0.018926247610597698,0.13757269936509095,1.1340915237151448,
1922,100,5,22.9,71.3,68.7,1.24,1e-07,25,0.35,0.40,True,88.0,3,0.010485356549161171,0.10239803000625144,0.7366031153626956,
1938,100,5,11.5,37.3,33.0,2.77,1e-07,120,0.45,0.55,True,50.900000000000006,3,0.013677958557100005,0.11695280482784501,0.6745750926919043,
1936,100,5,17.4,37.2,34.5,4.78,1e-07,120,center,center,True,52.2,3,0.012004067613083627,0.10956307595665443,5.0220748737596,
1924,100,5,14.6,70.0,65.7,2.01,1e-07,25,0.60,0.45,True,87.60000000000001,3,0.003996201093844502,0.06321551307902595,0.168047896950762,
1921,100,5,20.2,62.9,59.9,4.64,1e-07,25,center,center,True,96.2,3,0.0022074413178532685,0.046983415348964025,6.437017649026621,
1930,100,5,63.7,11.7,59.0,1.21,1e-07,50,0.60,0.58,False,74.5,3,0.04032476679999173,0.2008102756334738,18.187114193500044,vittima non trovata entro 15 minuti
1944,100,5,9.3,26.5,21.9,2.58,1e-06,25,0.60,0.45,True,30.1,3,0.0038762479735196622,0.06225952114752941,2.527526147743813,
1925,100,5,78.6,44.0,83.3,2.87,1e-07,25,0.60,0.58,True,92.5,3,0.0023206106593604914,0.048172716960542004,0.2595232617896872,
1937,100,5,68.2,13.8,63.8,3.89,1e-07,120,0.35,0.40,False,64.60000000000001,3,0.038064196919023637,0.1951004790333013,28.54646440029162,vittima non trovata entro 15 minuti
1926,100,5,59.2,80.0,92.6,4.21,1e-07,50,center,center,True,100.2,3,0.004538885280920471,0.06737124966126479,0.5992766830759325,
1929,100,5,59.1,62.8,79.1,1.85,1e-07,50,0.60,0.45,True,94.30000000000001,3,0.003952212238698616,0.06286662261246914,0.1255938695562316,
1932,100,5,67.0,52.3,77.9,4.95,1e-07,80,0.35,0.40,True,87.80000000000001,3,0.0048148039496043885,0.06938878835665303,0.6411414630260144,
1942,100,5,57.7,50.7,69.7,3.0,1e-06,25,0.35,0.40,True,67.60000000000001,3,0.006444447965910444,0.08027731912508317,1.3018630177346557,
1931,100,5,21.9,79.8,76.7,3.88,1e-07,80,center,center,False,92.5,3,0.06580251232910192,0.2565200037601394,33.24783451206219,vittima non trovata entro 15 minuti
1953,100,5,11.5,21.3,17.6,1.67,1e-06,80,0.45,0.55,True,28.1,3,0.0032766446764591582,0.05724198351262086,0.7717360509998505,
1943,100,5,78.7,49.2,85.9,4.91,1e-06,25,0.45,0.55,True,78.4,3,0.003713670454412944,0.060939892143102324,0.26063671463165927,
1934,100,5,73.8,32.1,73.9,2.5,1e-07,80,0.60,0.45,True,99.7,3,0.004271390766186667,0.06535587782431407,0.8268065638389499,
1954,100,5,20.0,14.0,17.4,1.07,1e-06,80,0.60,0.45,True,26.8,3,0.031993826182278015,0.17886818102244462,1.6279513966790737,
1946,100,5,46.4,55.1,65.0,4.2,1e-06,50,center,center,True,60.0,3,0.002336955328118914,0.04834206582386518,0.14909590902548156,
1945,100,5,65.1,70.9,89.2,1.12,1e-06,25,0.60,0.58,False,67.4,3,0.01608741303107075,0.12683616610048865,11.104369848677889,vittima non trovata entro 15 minuti
1940,100,5,58.3,59.2,76.0,4.58,1e-07,120,0.60,0.58,True,91.7,3,0.007838983336167372,0.08853803327478746,0.22309170921643023,
1947,100,5,30.7,20.5,30.0,4.35,1e-06,50,0.35,0.40,True,52.2,3,0.006761496078962351,0.08222831677082021,0.5094598857299204,
1674,100,4,74.0,22.1,71.0,3.07,1e-05,80,0.60,0.45,False,900.0,1,nan,nan,16.447582196658278,vittima non trovata entro 15 minuti
1951,100,5,52.4,32.6,54.8,4.93,1e-06,80,center,center,True,59.1,3,0.003056440728618943,0.055285085951085784,0.7763415643213561,
1955,100,5,37.7,27.8,39.9,3.69,1e-06,80,0.60,0.58,True,53.400000000000006,3,0.001370849960687369,0.03702499102886277,1.4213715004487866,
1948,100,5,26.3,73.0,71.3,4.34,1e-06,50,0.45,0.55,True,69.5,3,0.005336369008116533,0.07305045522182961,1.5108717772470033,
1956,100,5,23.4,46.8,45.7,2.29,1e-06,120,center,center,True,56.0,3,0.004727143011320199,0.06875422177088618,2.191590568583664,
1961,100,5,16.9,54.8,51.2,2.82,1e-05,25,center,center,True,46.6,3,0.009338698677821179,0.09663694261420515,3.5259554940995743,
1952,100,5,52.4,54.9,68.9,4.85,1e-06,80,0.35,0.40,True,66.4,3,0.001117811450172169,0.03343368735530332,0.1734224133091992,
1949,100,5,52.5,67.6,78.6,4.11,1e-06,50,0.60,0.45,True,71.3,3,0.023020413162962633,0.15172479416022497,0.6738919211312664,
1965,100,5,20.1,26.5,26.3,1.37,1e-05,25,0.60,0.58,True,32.1,3,0.010476059667284956,0.10235262413482595,1.503911342293166,
1957,100,5,26.0,49.5,49.3,1.32,1e-06,120,0.35,0.40,True,58.6,3,0.002058325595588415,0.04536877335335853,0.1061874517641029,
1960,100,5,23.2,53.7,52.0,2.96,1e-06,120,0.60,0.58,True,56.900000000000006,3,0.008034724863364155,0.08963662679599313,0.26289521987948367,
1958,100,5,19.9,74.8,71.4,4.7,1e-06,120,0.45,0.55,True,65.3,3,0.0053798749255327075,0.0733476306742945,1.8071873437491013,
1968,100,5,56.4,15.8,52.6,2.28,1e-05,50,0.45,0.55,True,45.800000000000004,3,0.0014663541211820277,0.03829300355393956,0.21373280407778317,
1962,100,5,25.5,46.9,46.6,4.27,1e-05,25,0.35,0.40,True,57.800000000000004,3,0.0019175725304360165,0.0437900962597254,0.23475461192347521,
1967,100,5,26.1,33.2,35.2,2.35,1e-05,50,0.35,0.40,True,51.2,3,0.0024123098367667913,0.049115270912077756,0.02668572492992967,
1964,100,5,73.7,39.4,76.8,2.93,1e-05,25,0.60,0.45,True,58.6,3,0.0035647617400005483,0.059705625698091035,0.18744599596379297,
1963,100,5,67.9,18.9,64.4,1.24,1e-05,25,0.45,0.55,True,62.400000000000006,3,0.0052938497746967675,0.07275884671087611,0.045255393414366143,
1959,100,5,71.6,44.1,77.2,4.11,1e-06,120,0.60,0.45,True,74.0,3,0.0025699494784488523,0.0506946691324527,0.13212456091700936,
1971,100,5,10.7,29.9,25.5,3.84,1e-05,80,center,center,True,41.400000000000006,3,0.027401113385360172,0.16553281664177702,4.47710653615424,
1969,100,5,30.7,44.0,46.7,4.38,1e-05,50,0.60,0.45,True,53.1,3,0.002272613265552771,0.047671933729950274,3.1588140932839375,
1972,100,5,57.6,28.4,57.6,2.69,1e-05,80,0.35,0.40,True,45.300000000000004,3,0.001771286598658717,0.04208665582650535,1.601442473806238,
1979,100,5,23.6,36.9,36.9,2.49,1e-05,120,0.60,0.45,True,34.1,3,0.004051283855663215,0.06364969643025185,0.07770021195416062,
1973,100,5,57.6,46.1,66.8,1.72,1e-05,80,0.45,0.55,True,53.0,3,0.0012921550405374039,0.035946558118092525,0.11934105157223172,
1975,100,5,10.7,52.3,47.7,2.86,1e-05,80,0.60,0.58,True,51.800000000000004,3,0.0068388826568128265,0.08269753718710628,1.9717065677630932,
1970,100,5,47.5,60.3,69.7,4.37,1e-05,50,0.60,0.58,True,67.8,3,0.004857006735679705,0.06969222866058816,0.03968280509086659,
1977,100,5,36.5,75.1,76.8,3.3,1e-05,120,0.35,0.40,True,53.900000000000006,3,0.003968861644808485,0.06299890193335504,0.10096488370617805,
1966,100,5,51.8,80.9,89.1,4.76,1e-05,50,center,center,True,81.9,3,0.003169640484403254,0.05629956025053175,4.426071399065854,
1974,100,5,66.9,35.7,69.1,2.5,1e-05,80,0.60,0.45,True,64.10000000000001,3,0.00173101824866734,0.041605507431917474,0.05326454477022586,
1978,100,5,62.1,11.1,57.4,2.41,1e-05,120,0.45,0.55,True,60.2,3,0.004460143358286786,0.06678430473012942,0.044269383910646026,
1988,100,5,20.2,26.3,26.1,1.3,1e-07,50,0.45,0.55,True,30.1,3,0.006511840812635809,0.08069597767321374,0.3616468901629243,
1702,100,4,63.8,30.8,64.2,3.39,1e-06,25,0.35,0.40,False,900.0,2,1.262177448353619e-29,3.552713678800501e-15,1.5982073599731779,vittima non trovata entro 15 minuti
1999,100,5,15.1,10.1,11.3,1.71,1e-07,120,0.60,0.45,True,0.2,5,0.000621541142889987,0.024930726882503588,2.529235009704121,
1976,100,5,41.5,70.4,74.9,2.72,1e-05,120,center,center,True,66.5,3,0.007707856423843457,0.08779439859036257,2.675428714203806,
1991,100,5,15.3,35.0,31.7,3.26,1e-07,80,center,center,True,40.900000000000006,3,0.004733244370844563,0.06879857826179668,3.6462149515458586,
1983,100,5,73.0,47.1,80.0,4.37,1e-07,25,0.45,0.55,True,82.0,3,0.007661608022499008,0.0875306119166261,0.3740995260600516,
1981,100,5,28.7,68.6,67.9,4.35,1e-07,25,center,center,True,90.0,3,0.003924690152693518,0.06264734753118857,4.271871096259293,
2000,100,5,38.2,10.5,33.6,4.64,1e-07,120,0.60,0.58,True,37.5,3,0.01955011250803925,0.13982171686844377,4.4960712158021,
1984,100,5,13.8,52.1,47.9,3.66,1e-07,25,0.60,0.45,True,79.30000000000001,3,0.002613626023457574,0.051123634685510906,0.6525745923985949,
2002,100,5,46.9,14.2,42.9,3.0,1e-06,25,0.35,0.40,True,40.6,3,0.00025721817236675295,0.01603802270751457,1.155639786085758,
1982,100,5,17.6,63.9,60.2,2.0,1e-07,25,0.35,0.40,True,85.80000000000001,3,0.011120106541269114,0.10545191577808871,0.393711625600351,
1987,100,5,51.1,18.8,48.1,1.46,1e-07,50,0.35,0.40,True,71.2,3,0.002201115254243602,0.0469160447421093,0.4122287061650956,
1986,100,5,31.7,39.8,43.9,2.49,1e-07,50,center,center,True,73.3,3,0.030973519636788342,0.175992953372538,2.1309119847723355,
1989,100,5,52.8,50.0,65.7,1.57,1e-07,50,0.60,0.45,True,90.0,3,0.0034840863636889886,0.05902614982945261,0.344492326284102,
2001,100,5,64.3,61.0,81.5,4.41,1e-06,25,center,center,True,66.3,3,0.0025353367300001385,0.05035212736320223,0.43791507267879065,
1998,100,5,72.5,10.5,67.8,1.81,1e-07,120,0.45,0.55,False,65.7,3,0.037388281902525154,0.19336049726488902,27.130090949837687,vittima non trovata entro 15 minuti
1985,100,5,79.5,70.6,99.3,1.39,1e-07,25,0.60,0.58,True,104.30000000000001,3,0.01952951290953308,0.1397480336517587,0.43649265569188767,
2003,100,5,38.0,21.5,36.9,1.09,1e-06,25,0.45,0.55,True,50.800000000000004,3,0.0010358286868707768,0.03218429254886267,0.2817036624987689,
1990,100,5,35.3,77.3,78.4,3.64,1e-07,50,0.60,0.58,True,94.30000000000001,3,0.006853601235293729,0.08278647978561311,0.4819914745876031,
1992,100,5,14.5,76.7,72.3,2.28,1e-07,80,0.35,0.40,True,89.7,3,0.03488618402764434,0.18677843566012736,1.665963494686971,
1996,100,5,54.9,30.6,56.1,2.39,1e-07,120,center,center,True,77.2,3,0.025617159450958105,0.16005361430145246,9.617712317827733,
1994,100,5,57.8,78.0,90.1,1.51,1e-07,80,0.60,0.45,True,90.4,3,0.045196209101004296,0.2125940006232638,0.7164698583493977,
1980,100,5,63.3,77.2,92.8,4.91,1e-05,120,0.60,0.58,True,128.70000000000002,3,0.0014643719737554078,0.038267113475612555,0.1837162542983574,
1995,100,5,11.2,78.1,73.3,1.33,1e-07,80,0.60,0.58,False,90.2,3,0.02715350379049754,0.1647832023918019,32.756816249925265,vittima non trovata entro 15 minuti
2009,100,5,26.2,11.7,22.3,1.75,1e-06,50,0.60,0.45,True,32.800000000000004,3,0.0005308538023503024,0.023040264806427516,2.8080954584087854,
2005,100,5,23.8,13.3,20.6,4.84,1e-06,25,0.60,0.58,True,34.300000000000004,3,0.0007911921037150667,0.028128137224406928,1.4953211944065856,
1997,100,5,45.5,55.4,64.6,3.77,1e-07,120,0.35,0.40,True,83.80000000000001,3,0.0036286731577151376,0.060238469085088286,0.09004475571185391,
2010,100,5,24.2,46.4,45.6,1.14,1e-06,50,0.60,0.58,True,54.0,3,0.0033608539205471108,0.057972872281327505,0.3230281348744353,
2013,100,5,11.5,23.7,19.8,3.09,1e-06,80,0.45,0.55,True,29.1,3,0.008178587531161035,0.09043554351670052,1.2816901168693045,
1993,100,5,74.7,81.0,103.1,2.75,1e-07,80,0.45,0.55,False,112.7,3,0.021189975136619025,0.14556776819275283,13.07736178464571,vittima non trovata entro 15 minuti
2011,100,5,41.5,17.1,38.5,3.14,1e-06,80,center,center,True,50.0,3,0.0021473210042938866,0.04633919511918487,0.2734112995219328,
2007,100,5,45.2,31.2,48.0,2.39,1e-06,50,0.35,0.40,True,60.2,3,0.001320897601629229,0.036344154985763925,1.5427148024526252,
2008,100,5,38.1,22.7,37.5,3.56,1e-06,50,0.45,0.55,True,64.5,3,0.001441555751284359,0.03796782521141234,0.7984823208989843,
2015,100,5,16.4,45.4,42.0,2.78,1e-06,80,0.60,0.58,True,52.1,3,0.0008435192337512915,0.029043402585635373,1.748351163158629,
2025,100,5,16.0,41.2,37.8,3.63,1e-05,25,0.60,0.58,True,40.900000000000006,3,0.001431683026378386,0.03783758748094791,4.259694293632173,
2006,100,5,78.7,72.2,99.7,1.86,1e-06,50,center,center,False,84.5,3,0.028048988062498344,0.16747832117172162,17.324996834400658,vittima non trovata entro 15 minuti
2012,100,5,68.8,43.6,74.6,4.1,1e-06,80,0.35,0.40,True,68.2,3,0.001201094649188407,0.03465681244991246,2.1997960672634265,
2019,100,5,33.3,41.7,46.4,1.59,1e-06,120,0.60,0.45,True,56.300000000000004,3,0.0027183448523802833,0.052137748823479935,0.6966853982611066,
2017,100,5,52.9,52.9,67.7,1.2,1e-06,120,0.35,0.40,True,65.9,3,0.0012524212255301118,0.03538956379400729,0.17644786671335852,
2004,100,5,75.8,51.3,84.6,2.06,1e-06,25,0.60,0.45,True,93.9,3,0.0034650351512998537,0.0588645491896426,0.29234863973715003,
2020,100,5,59.8,23.6,57.9,4.54,1e-06,120,0.60,0.58,True,60.6,3,0.03233023683694156,0.17980610900895877,1.214646008987941,
2016,100,5,68.3,27.6,67.2,1.65,1e-06,120,center,center,True,68.5,3,0.0008077180444048279,0.0284203807927485,0.7534139969363026,
2014,100,5,73.4,55.2,84.8,2.63,1e-06,80,0.60,0.45,True,75.2,3,0.0015428486745314813,0.0392791124458214,0.2664464732465844,
2021,100,5,68.6,48.6,77.2,1.09,1e-05,25,center,center,True,64.9,3,0.0027360833062051305,0.05230758363951761,0.017426068990601756,
2023,100,5,71.3,26.0,69.5,4.21,1e-05,25,0.45,0.55,True,63.5,3,0.003825925841131911,0.06185406891330522,0.13506562998029534,
2018,100,5,56.8,15.2,52.8,4.36,1e-06,120,0.45,0.55,True,66.2,3,0.0011539609998826603,0.03397000147015982,1.1592258706180714,
2022,100,5,68.0,53.8,79.7,3.2,1e-05,25,0.35,0.40,True,74.0,3,0.0008122000775644106,0.028499124154338685,0.37230052467851554,
2035,100,5,37.1,9.1,32.4,4.37,1e-05,80,0.60,0.58,True,28.700000000000003,3,3.430756881071128e-05,0.005857266325745423,4.098463161413772,
2029,100,5,63.7,26.7,62.6,5.0,1e-05,50,0.60,0.45,True,64.9,3,0.0019264512240522499,0.043891357054120006,6.918627622016933,
2033,100,5,16.2,66.5,62.5,1.83,1e-05,80,0.45,0.55,True,48.400000000000006,3,0.008144397730195815,0.09024631698964682,0.7909111466957862,
2028,100,5,77.2,56.6,88.7,2.85,1e-05,50,0.45,0.55,True,71.0,3,0.003922205693640029,0.06262751546756448,0.06612516829663954,
2031,100,5,25.6,79.7,77.5,2.76,1e-05,80,center,center,True,63.1,3,0.003002627124613715,0.05479623275932129,2.751492333411095,
2027,100,5,59.1,69.6,84.3,3.02,1e-05,50,0.35,0.40,True,73.10000000000001,3,0.0039140886380635625,0.06256267767657937,0.11007332019821017,
2026,100,5,71.8,16.0,67.7,4.31,1e-05,50,center,center,True,77.7,3,0.005155789547797212,0.07180382683253875,0.15255097727094133,
2030,100,5,59.6,59.3,77.0,4.29,1e-05,50,0.60,0.58,True,73.2,3,0.0029866557037761025,0.054650303784847365,0.22306355746203552,
2039,100,5,56.5,11.2,51.9,3.48,1e-05,120,0.60,0.45,True,40.0,3,0.0015336720091698962,0.03916212467639998,3.497238737465068,
2053,100,5,13.1,23.2,19.9,1.23,1e-07,80,0.45,0.55,True,0.2,3,0.04880257823509965,0.22091305582762566,3.487729978063881,
2032,100,5,64.0,17.6,60.4,2.56,1e-05,80,0.35,0.40,True,61.400000000000006,3,0.0038439936475042503,0.0619999487701744,2.656259913451995,
2037,100,5,16.8,67.6,63.7,4.29,1e-05,120,0.35,0.40,True,49.300000000000004,3,0.0028660425951371055,0.053535433080690635,0.09383463217834764,
2036,100,5,26.1,56.1,55.3,1.5,1e-05,120,center,center,True,56.2,3,0.0030200219175196986,0.054954726070827596,1.973537059197351,
2040,100,5,32.3,65.4,66.3,1.14,1e-05,120,0.60,0.58,True,53.400000000000006,3,0.005331394379019069,0.07301639801454923,0.16482591793638565,
2050,100,5,10.6,28.7,24.3,4.54,1e-07,50,0.60,0.58,True,17.8,3,0.007853050769665111,0.08861744055018239,1.2773674425650563,
2042,100,5,43.4,10.1,38.8,3.96,1e-07,25,0.35,0.40,False,42.7,3,0.073489311038726,0.27108912010393554,16.862003007135453,vittima non trovata entro 15 minuti
2038,100,5,68.4,60.2,84.1,2.03,1e-05,120,0.45,0.55,True,64.10000000000001,3,0.005075992067820921,0.071245996854707,0.05908231930982911,
2034,100,5,61.3,78.2,92.3,1.5,1e-05,80,0.60,0.45,True,73.8,3,0.0068304490803559985,0.08264653096383416,0.09675971112244129,
1772,100,4,73.0,12.1,68.4,2.76,1e-06,80,0.35,0.40,False,900.0,2,1.0097419586828951e-28,1.0048591735576161e-14,3.043959897460608,vittima non trovata entro 15 minuti
1784,100,4,38.0,16.2,34.9,4.94,1e-05,25,0.60,0.45,False,900.0,1,0.008754351660000893,0.0935646923791282,8.393123695033612,vittima non trovata entro 15 minuti
2046,100,5,50.0,13.1,45.8,1.73,1e-07,50,center,center,False,57.1,3,0.0720297829620137,0.2683836488350468,15.26652641092036,vittima non trovata entro 15 minuti
2041,100,5,18.4,55.0,51.7,3.46,1e-07,25,center,center,True,83.7,3,0.003788618004917373,0.06155175062431103,3.7788503606543684,
2043,100,5,69.7,76.4,96.3,3.18,1e-07,25,0.45,0.55,True,88.9,3,0.001404964459521262,0.03748285554118392,0.10512612423277784,
2060,100,5,28.6,27.3,32.5,2.14,1e-07,120,0.60,0.58,True,43.7,3,0.0022983284528255007,0.04794088498166779,0.6595664554258317,
2045,100,5,45.1,71.7,77.8,2.21,1e-07,25,0.60,0.58,True,90.4,3,0.007160358965848596,0.08461890430541272,0.5557036658457601,
2047,100,5,57.3,20.0,54.4,4.11,1e-07,50,0.35,0.40,True,77.4,3,0.002710450033541669,0.05206198261247519,0.7080814844462558,
2044,100,5,74.8,54.3,85.5,1.48,1e-07,25,0.60,0.45,True,98.7,3,0.002845236292524899,0.05334075639250815,0.23825852301541953,
2049,100,5,68.7,16.9,64.8,4.3,1e-07,50,0.60,0.45,False,76.5,3,0.008567668215132678,0.09256169950434509,21.30936387358007,vittima non trovata entro 15 minuti
2062,100,5,65.6,30.7,65.8,4.81,1e-06,25,0.35,0.40,True,55.7,3,0.008012004456410335,0.08950980089582557,1.7464249324383425,
2052,100,5,50.2,47.5,62.0,4.39,1e-07,80,0.35,0.40,True,74.2,3,0.0030551639897326397,0.055273537879645805,0.3605847197516307,
2048,100,5,11.9,65.2,60.6,3.82,1e-07,50,0.45,0.55,True,85.60000000000001,3,0.004635664196175129,0.06808571212945584,0.6597348094893715,
2054,100,5,70.7,18.8,67.1,3.76,1e-07,80,0.60,0.45,True,78.2,3,0.02661887645132572,0.16315292351449212,2.1788551136335945,
2064,100,5,14.9,44.9,41.1,2.85,1e-06,25,0.60,0.45,True,56.0,3,0.002129116482752268,0.04614235020837439,1.4474907868470295,
2055,100,5,17.7,57.4,53.9,3.73,1e-07,80,0.60,0.58,True,82.30000000000001,3,0.004907962217276791,0.07005684989547269,0.2358838175243299,
2063,100,5,35.7,69.4,71.4,3.16,1e-06,25,0.45,0.55,True,65.10000000000001,3,0.004471957010520039,0.06687269256221136,2.033022210245195,
2056,100,5,28.4,64.5,64.0,2.98,1e-07,120,center,center,True,81.7,3,0.02255759661884405,0.15019186602091356,3.544352322096469,
2077,100,5,9.0,18.0,13.6,1.52,1e-06,120,0.35,0.40,True,12.0,3,0.0031823940711843005,0.05641271196445266,0.2470186050006342,
2061,100,5,43.9,58.2,65.9,2.49,1e-06,25,center,center,True,77.60000000000001,3,0.0032697626818029898,0.05718183874101103,1.2686308311624275,
2059,100,5,54.8,56.5,71.6,3.76,1e-07,120,0.60,0.45,True,83.7,3,0.005719359127674923,0.07562644463198652,0.1964619473886548,
2057,100,5,49.2,68.6,77.5,1.8,1e-07,120,0.35,0.40,True,87.5,3,0.004745895933233036,0.06889046329669322,0.21267969592855712,
2065,100,5,56.2,49.7,67.9,2.11,1e-06,25,0.60,0.58,True,68.10000000000001,3,0.0021302191766130597,0.046154297488024444,0.19003473125689335,
2051,100,5,79.6,69.6,98.7,2.16,1e-07,80,center,center,True,107.4,3,0.0033277690840938677,0.057686818980542405,0.5666407675700429,
2058,100,5,72.1,79.1,100.0,1.07,1e-07,120,0.45,0.55,True,95.4,3,0.003856841460477502,0.062103473819726876,0.26817649269253546,
2067,100,5,58.7,25.2,57.4,3.13,1e-06,50,0.35,0.40,True,59.2,3,0.00203893721427546,0.04515459239407948,1.5536470989217182,
2066,100,5,50.3,12.2,45.8,3.38,1e-06,50,center,center,True,60.2,3,0.00044773352214067734,0.021159714604424073,1.4404786650233485,
2069,100,5,9.6,59.4,54.6,2.43,1e-06,50,0.60,0.45,False,56.400000000000006,3,0.028040055792668144,0.16745165210492294,11.323609842131999,vittima non trovata entro 15 minuti
2068,100,5,53.4,27.4,53.4,2.54,1e-06,50,0.45,0.55,True,59.900000000000006,3,0.005158037424320012,0.07181947802873544,0.16281258777083413,
2070,100,5,20.0,47.1,44.7,4.56,1e-06,50,0.60,0.58,True,54.5,3,0.01762386339563697,0.13275489970482057,0.5299465626662644,
2071,100,5,29.4,47.0,48.6,1.44,1e-06,80,center,center,True,61.1,3,0.0010115046324746303,0.03180416061578469,1.94099278447529,
1824,100,4,73.3,28.0,72.1,1.83,1e-06,25,0.60,0.45,False,900.0,2,0.0,0.0,1.624528493369809,vittima non trovata entro 15 minuti
2073,100,5,34.3,35.9,42.6,1.13,1e-06,80,0.45,0.55,True,59.400000000000006,3,0.000920318637606843,0.030336753906884024,0.2390840685861484,
1830,100,4,78.0,18.7,74.3,4.85,1e-06,50,0.60,0.58,False,900.0,2,0.0,0.0,1.4822511874122646,vittima non trovata entro 15 minuti
2076,100,5,42.2,37.7,49.5,1.44,1e-06,120,center,center,True,60.400000000000006,3,0.003994161039290502,0.06319937530775523,0.15958220058045616,
2078,100,5,64.8,40.3,69.4,1.55,1e-06,120,0.45,0.55,True,58.400000000000006,3,0.003225043766559921,0.05678946879976886,0.5173254913142842,
2086,100,5,57.0,23.0,55.1,4.81,1e-05,50,center,center,True,48.900000000000006,3,0.003549392794718874,0.05957678066762985,0.16069538645540318,
2074,100,5,74.3,39.3,77.3,4.87,1e-06,80,0.60,0.45,True,74.5,3,0.00973982154838786,0.09869053423904371,3.004151433887496,
2081,100,5,65.3,26.3,64.0,1.59,1e-05,25,center,center,True,63.7,3,0.006409424738832584,0.08005888294769409,0.033210216900021766,
2079,100,5,64.0,77.3,93.3,3.57,1e-06,120,0.60,0.45,True,70.3,3,0.03738075495319504,0.19334103277161585,0.6667326386133356,
2084,100,5,72.5,27.4,71.1,4.89,1e-05,25,0.60,0.45,True,59.300000000000004,3,0.002006641078038456,0.04479554752470893,5.2958490533956235,
2089,100,5,54.9,63.0,76.5,3.35,1e-05,50,0.60,0.45,True,56.2,3,0.003992052132103768,0.06318268854760589,0.11133830783095468,
2080,100,5,71.6,61.0,87.0,1.95,1e-06,120,0.60,0.58,True,74.7,3,0.014332346394954402,0.11971777810732373,0.26501776613199285,
2085,100,5,69.6,67.7,90.0,3.62,1e-05,25,0.60,0.58,True,63.0,3,0.004509311375188993,0.0671514063530243,0.1397819346205236,
2105,100,5,20.4,13.7,17.7,1.89,1e-07,25,0.60,0.58,True,0.2,5,0.009691246749381485,0.09844413009103938,1.064432957881598,
1841,100,4,68.8,9.8,64.0,4.49,1e-05,25,center,center,False,900.0,2,5.754722817422017e-08,0.00023989003350331203,25.57985007916295,vittima non trovata entro 15 minuti
2094,100,5,20.2,15.6,18.5,2.8,1e-05,80,0.60,0.45,True,33.300000000000004,3,0.003915372298541647,0.06257293583124934,3.2135044619544053,
2090,100,5,65.7,13.9,61.4,1.28,1e-05,50,0.60,0.58,True,59.800000000000004,3,0.0014482999086891336,0.03805653568953871,0.5058727739942561,
2088,100,5,40.0,77.4,80.4,2.87,1e-05,50,0.45,0.55,True,63.5,3,0.004673778732827553,0.06836504028249785,1.4853233242937394,
2082,100,5,66.2,51.8,77.1,2.3,1e-05,25,0.35,0.40,True,73.5,3,0.0012847845347770401,0.03584389117795444,1.633137845656748,
2087,100,5,80.5,13.7,76.0,1.26,1e-05,50,0.35,0.40,True,68.5,3,0.006253179747680358,0.07907704943711771,1.0494087018128857,
2091,100,5,59.7,51.9,72.1,4.1,1e-05,80,center,center,True,56.2,3,0.005082085791584356,0.0712887494039863,0.09214468624212417,
2092,100,5,72.1,22.9,69.4,3.47,1e-05,80,0.35,0.40,True,58.1,3,0.0030082300399465927,0.05484733393654237,3.3762213806516823,
2099,100,5,15.1,23.5,21.0,1.88,1e-05,120,0.60,0.45,True,35.4,3,0.002951605439671524,0.054328679715887854,2.7195283390284923,
2097,100,5,45.0,33.7,49.2,1.35,1e-05,120,0.35,0.40,True,51.6,3,0.0022532001078067686,0.047467885015100145,0.2894013716091821,
2096,100,5,36.2,43.1,49.3,2.62,1e-05,120,center,center,True,51.7,3,0.004174408257244416,0.06460966071141695,2.7622594069405624,
2095,100,5,52.2,53.7,67.8,2.6,1e-05,80,0.60,0.58,True,56.6,3,0.002494682396824168,0.049946795661225035,0.24988730030421133,
2098,100,5,46.1,42.4,55.6,3.29,1e-05,120,0.45,0.55,True,56.1,3,0.00234540955582889,0.048429428613487584,0.11995531250834393,
2100,100,5,62.6,30.2,62.9,3.01,1e-05,120,0.60,0.58,True,64.4,3,0.003119978223611712,0.05585676524479118,0.09315466443944602,
2113,100,5,22.5,32.3,32.4,2.54,1e-07,80,0.45,0.55,True,44.5,3,0.002276505408286759,0.047712738427874365,0.5863723393358445,
1901,100,4,46.7,54.5,64.7,4.31,1e-05,25,center,center,False,900.0,0,nan,nan,nan,vittima non trovata entro 15 minuti
2115,100,5,31.6,33.6,39.0,1.3,1e-07,80,0.60,0.58,True,57.800000000000004,3,0.0022212146310880403,0.047129763749546215,0.6382196185015404,
2117,100,5,44.3,15.1,40.6,2.96,1e-07,120,0.35,0.40,True,54.300000000000004,3,0.0009210890689049674,0.03034944923561163,0.3847889719023505,
2104,100,5,58.7,21.4,56.1,1.23,1e-07,25,0.60,0.45,False,75.9,3,0.0284545738532484,0.16868483587225142,18.79782107083975,vittima non trovata entro 15 minuti
2103,100,5,75.7,19.6,72.2,2.65,1e-07,25,0.45,0.55,False,80.30000000000001,3,1.5445727560316893e-06,0.0012428084148539103,24.2543830777732,vittima non trovata entro 15 minuti
2121,100,5,30.8,25.4,32.9,4.89,1e-06,25,center,center,True,53.900000000000006,3,0.001919037047525524,0.04380681508082417,1.103516792787662,
2111,100,5,39.7,47.0,54.5,1.59,1e-07,80,center,center,True,71.5,3,0.004151491552869103,0.06443206928905126,1.2176816665428105,
2106,100,5,47.1,36.8,52.8,2.03,1e-07,50,center,center,True,76.3,3,0.0023948909926063957,0.048937623487521294,0.47000803361745924,
2119,100,5,22.5,39.1,38.3,2.14,1e-07,120,0.60,0.45,True,57.7,3,0.0020457608351440422,0.04523008771983581,1.5722803867559203,
2118,100,5,50.7,14.6,46.7,4.25,1e-07,120,0.45,0.55,False,58.5,3,0.07029033146882047,0.2651232382663211,13.414655220163004,vittima non trovata entro 15 minuti
2123,100,5,19.0,17.3,18.7,4.09,1e-06,25,0.45,0.55,True,30.900000000000002,4,0.039725325367462684,0.19931213050756014,0.8442408700147515,
2109,100,5,33.2,56.5,58.7,1.33,1e-07,50,0.60,0.45,True,88.0,3,0.004017795029456914,0.06338607914563665,0.24909800171627167,
2112,100,5,18.2,68.4,64.7,3.53,1e-07,80,0.35,0.40,True,85.9,3,0.003263931879143824,0.05713083124849335,0.31389229902564714,
2102,100,5,77.7,62.7,92.8,2.74,1e-07,25,0.35,0.40,True,104.5,3,0.01935380171760913,0.1391179417530648,0.7025394860466463,
2114,100,5,56.1,62.7,77.0,1.02,1e-07,80,0.60,0.45,True,86.10000000000001,3,0.020061076299275615,0.14163712895733102,0.6584863352993379,
2108,100,5,45.5,76.5,82.2,2.32,1e-07,50,0.45,0.55,True,93.4,3,0.0029856990577366437,0.05464155065274634,0.566187921744471,
2116,100,5,53.3,65.4,77.4,2.76,1e-07,120,center,center,True,84.60000000000001,4,0.004913853294193298,0.0700988822606559,0.38561675261092065,
2110,100,5,62.0,47.7,71.2,2.15,1e-07,50,0.60,0.58,True,99.0,3,0.002881399529416201,0.05367866922173277,0.162161695927998,
2101,100,5,72.6,71.4,94.8,1.36,1e-07,25,center,center,True,114.4,3,0.002404545700228665,0.04903616726691295,0.487204157817254,
2122,100,5,18.4,67.1,63.5,4.39,1e-06,25,0.35,0.40,True,61.2,3,0.0019365705595184171,0.044006483153262964,0.23318046964938915,
1883,100,4,57.9,21.0,55.3,2.78,1e-06,25,0.45,0.55,False,900.0,2,6.310887241768095e-30,2.5121479338940403e-15,3.855702063054248,vittima non trovata entro 15 minuti
2107,100,5,55.9,60.5,75.3,2.2,1e-07,50,0.35,0.40,True,106.60000000000001,3,0.0032526365621256275,0.05703189074654309,0.09235854997835691,
2120,100,5,62.7,35.3,65.2,1.68,1e-07,120,0.60,0.58,True,80.80000000000001,3,0.0024221608608520663,0.049215453476038055,0.21162191764858065,
2126,100,5,26.9,30.9,34.0,2.88,1e-06,50,center,center,True,54.2,3,0.003843839835265279,0.06199870833545872,2.5105529995548186,
2128,100,5,26.1,25.3,29.3,3.03,1e-06,50,0.45,0.55,True,51.1,3,0.013226811101432322,0.11500787408448311,1.0383511350432713,
2125,100,5,23.8,71.8,69.3,3.2,1e-06,25,0.60,0.58,True,62.7,3,0.0016821918444158575,0.0410145321126044,0.24018533328965064,
2133,100,5,23.4,33.6,34.0,3.06,1e-06,80,0.45,0.55,True,51.900000000000006,3,0.00340292487325108,0.05833459413805053,0.3359405999517386,
2130,100,5,38.3,47.8,54.2,2.83,1e-06,50,0.60,0.58,True,60.900000000000006,3,0.002960668684155676,0.054412027017523214,0.330316543043446,
2131,100,5,31.9,37.5,42.2,2.1,1e-06,80,center,center,True,57.1,3,0.008326955045521578,0.09125215090901462,0.9051527952442319,
2141,100,5,25.6,37.6,38.5,2.45,1e-05,25,center,center,True,38.900000000000006,3,0.0035157746992089288,0.05929396848929011,1.817993380991074,
2127,100,5,60.5,43.1,67.3,1.9,1e-06,50,0.35,0.40,True,66.0,3,0.0033972293554685555,0.05828575602553814,0.5148521203324006,
2129,100,5,41.8,64.6,70.1,1.49,1e-06,50,0.60,0.45,True,68.0,3,0.004519838337744401,0.06722974295462092,0.06249901469891906,
2142,100,5,21.3,55.2,52.7,2.03,1e-05,25,0.35,0.40,True,45.300000000000004,3,0.0034367447924901736,0.0586237562127349,0.15807064827971698,
2143,100,5,17.9,37.6,35.0,2.6,1e-05,25,0.45,0.55,True,42.1,3,0.003011680330785131,0.05487877851032338,1.5630652538284735,
2135,100,5,37.5,41.8,49.1,4.53,1e-06,80,0.60,0.58,True,58.2,3,0.0047908849978368535,0.06921621918190023,0.14882265824669466,
2139,100,5,34.2,27.5,36.9,2.96,1e-06,120,0.60,0.45,True,56.0,3,0.019753560381667756,0.14054735992421827,1.2024558609274956,
2136,100,5,45.7,24.5,45.1,4.07,1e-06,120,center,center,True,59.400000000000006,3,0.004345624797470224,0.06592135312226398,0.1660048558783461,
2124,100,5,57.1,72.2,85.0,2.24,1e-06,25,0.60,0.45,True,91.0,3,0.008050295329749622,0.08972343801788707,0.3313839675957716,
2137,100,5,42.4,37.1,49.3,4.7,1e-06,120,0.35,0.40,True,60.800000000000004,3,0.0036758413601108934,0.06062871728901159,0.1758872445848937,
2144,100,5,38.9,60.8,65.3,3.65,1e-05,25,0.60,0.45,True,49.300000000000004,3,0.005536411209442414,0.07440706424421281,0.14210598081264716,
2138,100,5,53.2,22.1,51.1,2.45,1e-06,120,0.45,0.55,True,60.300000000000004,3,0.0014040595374008884,0.03747078244980866,0.1525449663330187,
2140,100,5,54.9,10.5,50.2,3.4,1e-06,120,0.60,0.58,True,55.7,3,0.0033838568453368363,0.058170927836307,2.6805489979185606,
2134,100,5,66.3,43.5,72.4,3.77,1e-06,80,0.60,0.45,True,69.8,3,0.0016478461479577675,0.040593671279619034,0.18999827882090378,
2165,100,5,14.1,19.4,17.0,3.99,1e-07,25,0.60,0.58,True,0.2,5,0.00832509936272183,0.09124198245721007,1.1691721722837167,
1909,100,4,64.8,10.5,60.1,1.08,1e-05,50,0.60,0.45,False,900.0,2,1.0097419586828951e-28,1.0048591735576161e-14,2.9754540462467305,vittima non trovata entro 15 minuti
2145,100,5,50.6,53.8,66.8,2.5,1e-05,25,0.60,0.58,True,55.7,3,0.0023850225058154482,0.048836692207964376,0.08253825813481128,
2148,100,5,30.3,10.9,26.0,1.43,1e-05,50,0.45,0.55,True,38.1,3,0.005315455190808267,0.07290716830880395,0.07201304619782421,
2132,100,5,60.7,72.8,87.7,1.66,1e-06,80,0.35,0.40,False,79.0,3,0.03235706596316314,0.17988069925137365,12.235114062263335,vittima non trovata entro 15 minuti
2146,100,5,62.6,17.2,58.8,3.04,1e-05,50,center,center,True,63.800000000000004,3,0.0039035581923882665,0.062478461827963294,0.10291842053930475,
2147,100,5,11.8,78.0,73.3,2.72,1e-05,50,0.35,0.40,True,52.800000000000004,3,0.0048263327020188745,0.06947181228396791,0.10228071982186564,
2157,100,5,18.0,11.5,14.5,1.12,1e-05,120,0.35,0.40,True,29.5,3,0.0062726200349469945,0.0791998739578984,0.012740494946679882,
1916,100,4,46.1,54.0,64.0,4.51,1e-05,120,center,center,False,900.0,0,nan,nan,nan,vittima non trovata entro 15 minuti
2151,100,5,60.7,29.6,60.9,1.07,1e-05,80,center,center,True,47.5,3,0.003647127177322908,0.06039144953818304,0.0751492230554449,
2171,100,5,23.6,21.2,24.6,4.93,1e-07,80,center,center,True,17.2,3,0.006585144254281491,0.08114890174414864,2.2488514683615217,
2160,100,5,19.0,68.6,65.1,2.83,1e-05,120,0.60,0.58,True,45.2,3,0.004609055224453984,0.06789002301114637,0.1345105957642268,
2155,100,5,9.6,73.7,68.8,1.7,1e-05,80,0.60,0.58,True,54.6,3,0.003785418702363464,0.06152575641439497,0.2160513969269732,
2149,100,5,46.3,57.2,66.5,2.59,1e-05,50,0.60,0.45,True,67.2,3,0.004244025559097903,0.06514618606716668,0.1882983558270227,
2177,100,5,19.6,20.9,21.6,1.25,1e-07,120,0.35,0.40,True,14.600000000000001,3,0.0014718920860363732,0.03836524580966963,0.15400379888348753,
2150,100,5,81.0,15.8,76.7,3.25,1e-05,50,0.60,0.58,True,69.7,3,0.0005694569647758729,0.02386329744138209,1.6270397060898605,
2154,100,5,66.2,69.2,88.7,2.41,1e-05,80,0.60,0.45,True,64.7,3,0.002466480082735786,0.04966366964628959,0.05494645630368675,
2156,100,5,58.0,65.5,80.4,2.71,1e-05,120,center,center,True,62.800000000000004,3,0.003643874298457353,0.060364511912690495,0.06381393334947832,
2152,100,5,59.3,80.8,93.3,3.58,1e-05,80,0.35,0.40,True,73.8,3,0.004411478839388411,0.06641896445585711,0.08914327155153774,
2153,100,5,72.2,43.4,77.4,4.19,1e-05,80,0.45,0.55,True,75.2,3,0.002970662307629688,0.054503782507544264,0.17864002786227234,
2158,100,5,78.4,46.0,84.1,3.55,1e-05,120,0.45,0.55,True,70.3,3,0.0029015015004200746,0.0538655873486967,0.5390935033680295,
2169,100,5,32.3,33.9,39.7,3.38,1e-07,50,0.60,0.45,True,57.5,3,0.0026755698849997224,0.05172591115678604,1.4899535173266463,
2159,100,5,76.1,42.5,80.3,2.9,1e-05,120,0.60,0.45,True,80.2,3,0.003352291750701197,0.057898978839882806,0.14576748973647277,
2162,100,5,57.4,17.1,53.8,1.75,1e-07,25,0.35,0.40,True,73.3,3,0.0673898661977555,0.2595955820073899,5.289862798553078,
2161,100,5,45.7,55.3,64.7,2.5,1e-07,25,center,center,True,85.4,3,0.004268201021609807,0.06533147037691565,0.5545629094496026,
2170,100,5,50.7,31.6,52.9,3.41,1e-07,50,0.60,0.58,True,75.0,3,0.0023827310470445904,0.04881322614870472,0.09603494977187316,
2172,100,5,50.0,22.6,48.3,3.86,1e-07,80,0.35,0.40,True,65.9,3,0.0021615496880893984,0.04649246915457812,0.3783263214675756,
2164,100,5,26.2,66.8,65.3,1.26,1e-07,25,0.60,0.45,True,92.0,3,0.004477457392081854,0.06691380569121633,0.1610201189527972,
2168,100,5,24.2,75.2,72.8,4.51,1e-07,50,0.45,0.55,True,91.10000000000001,3,0.0043453131537601565,0.06591898932599131,1.0371376883437458,
2167,100,5,45.7,76.5,82.2,1.06,1e-07,50,0.35,0.40,True,91.2,3,0.00342418443400899,0.05851653128825213,0.484677864422663,
2181,100,5,38.1,19.5,36.1,4.29,1e-06,25,center,center,True,53.900000000000006,3,0.004428951991853512,0.06655037183858188,0.33223443915444756,
2163,100,5,57.2,77.3,89.2,2.98,1e-07,25,0.45,0.55,True,101.10000000000001,3,0.013653694274131982,0.11684902341967597,0.36366628347735475,
2198,100,5,11.8,10.2,8.6,3.81,1e-06,120,0.45,0.55,True,0.2,3,0.0006556867259365491,0.025606380570798153,0.5447180936482284,
2184,100,5,14.4,45.1,41.2,1.65,1e-06,25,0.60,0.45,True,55.2,3,0.0026195678036774702,0.05118171356722506,1.4650887387495535,
2173,100,5,10.9,61.5,56.8,3.01,1e-07,80,0.45,0.55,True,83.4,3,0.004282502483050406,0.06544083192510931,0.733958257544019,
2176,100,5,56.5,30.6,57.5,2.12,1e-07,120,center,center,False,76.60000000000001,3,0.043457530693581596,0.2084646989146642,12.22579304059965,vittima non trovata entro 15 minuti
2182,100,5,52.3,78.2,87.1,2.14,1e-06,25,0.35,0.40,True,66.9,3,0.020582598825324247,0.14346636827258244,4.882357320627127,
2183,100,5,18.1,79.5,75.6,2.74,1e-06,25,0.45,0.55,True,64.9,3,0.030168622540955745,0.1736911700143555,1.122581558775404,
2174,100,5,62.8,76.4,91.9,3.18,1e-07,80,0.60,0.45,True,89.0,3,0.023792000175173737,0.1542465564451075,0.4148929821689884,
2175,100,5,69.7,38.9,73.1,3.14,1e-07,80,0.60,0.58,True,85.2,3,0.002594168657662153,0.05093298202208617,0.17222551281986562,
2166,100,5,60.7,79.6,93.1,4.26,1e-07,50,center,center,True,109.9,3,0.0067848236572247535,0.08237004101750073,0.3698558203590228,
2185,100,5,53.3,43.4,61.7,4.62,1e-06,25,0.60,0.58,True,65.60000000000001,3,0.004304853270231574,0.06561138064567437,0.009483802285502291,
2186,100,5,23.0,69.0,66.4,4.49,1e-06,50,center,center,True,63.0,3,0.012361825787898243,0.11118374785866073,3.956779110730289,
2187,100,5,35.9,59.0,62.2,2.05,1e-06,50,0.35,0.40,True,63.300000000000004,3,0.0005384016932635583,0.023203484506934692,0.2049902941480406,
2190,100,5,21.5,32.7,32.2,4.97,1e-06,50,0.60,0.58,True,50.6,3,0.001826348523921608,0.042735799090710916,2.0130717972490966,
2180,100,5,44.3,44.1,55.5,3.83,1e-07,120,0.60,0.58,True,81.2,3,0.005702406089063952,0.07551427738556432,0.07228373846310462,
2179,100,5,14.8,77.2,72.8,2.99,1e-07,120,0.60,0.45,True,90.5,3,0.0378676078450709,0.19459601189405423,1.6895378612880068,
2189,100,5,55.4,40.6,61.8,1.22,1e-06,50,0.60,0.45,True,65.2,3,0.001453810075133005,0.038128861445537614,0.40786069640767647,
2178,100,5,80.1,52.3,88.8,4.13,1e-07,120,0.45,0.55,True,103.60000000000001,3,0.0039050461500246578,0.06249036845806446,0.3196629409880297,
2196,100,5,31.0,21.5,30.9,4.98,1e-06,120,center,center,True,52.1,3,0.002970861173578237,0.054505606808641596,1.3083221383091301,
2197,100,5,54.0,15.0,50.0,1.41,1e-06,120,0.35,0.40,True,51.7,3,0.0059016997221696035,0.07682252093084165,1.10805590521067,
2191,100,5,67.4,45.6,74.5,1.4,1e-06,80,center,center,True,68.7,3,0.00514371960099998,0.07171972951008655,0.5745317949909514,
2192,100,5,34.9,69.7,71.2,4.46,1e-06,80,0.35,0.40,True,65.3,3,0.0016723404574289652,0.04089425946791267,0.20718196746727766,
2201,100,5,72.1,62.7,88.5,2.79,1e-05,25,center,center,True,60.1,3,0.003083550697556233,0.05552972805224453,0.2376389212279614,
2193,100,5,71.2,46.7,78.2,2.28,1e-06,80,0.45,0.55,True,72.60000000000001,3,0.00476071127871188,0.06899790778503273,0.19829178743345396,
2209,100,5,26.6,31.4,34.1,2.87,1e-05,50,0.60,0.45,True,51.7,3,0.0018759515081927505,0.04331225586589494,2.0333069305048252,
2200,100,5,66.7,47.5,74.9,1.06,1e-06,120,0.60,0.58,True,68.2,3,0.0012281590162892292,0.03504509974717192,0.24144687558021607,
2211,100,5,54.4,20.3,51.7,3.1,1e-05,80,center,center,True,48.300000000000004,3,0.004435805398157914,0.06660184230303179,0.06606303773661185,
2206,100,5,62.7,29.4,62.6,3.49,1e-05,50,center,center,True,63.800000000000004,3,0.003239939389771356,0.05692046547395195,0.16099120032208017,
2204,100,5,67.6,27.8,66.6,4.35,1e-05,25,0.60,0.45,True,65.8,3,0.0013789572680207257,0.037134313889187795,0.20208744696104444,
2207,100,5,42.9,80.0,84.0,4.93,1e-05,50,0.35,0.40,True,69.10000000000001,3,0.0014404182976723771,0.03795284307759271,0.30711216956028875,
2202,100,5,58.2,67.5,82.0,4.71,1e-05,25,0.35,0.40,True,75.2,3,0.001979324877072826,0.044489604146056703,3.2323900121890996,
2210,100,5,63.5,16.7,59.6,1.86,1e-05,50,0.60,0.58,True,63.2,3,0.0054473572118567066,0.07380621391086734,0.06572703019311409,
2205,100,5,55.1,41.3,61.9,4.56,1e-05,25,0.60,0.58,True,74.60000000000001,3,0.0026438038686587076,0.051417933337102414,0.08945482128042202,
2213,100,5,73.1,67.5,92.5,2.56,1e-05,80,0.45,0.55,True,62.0,3,0.0031279468334141206,0.05592805050611116,0.21248756252808765,
2199,100,5,76.8,46.1,82.8,4.1,1e-06,120,0.60,0.45,True,90.9,3,0.00343583769115909,0.05861601906611443,0.14894460369972798,
2217,100,5,34.5,59.2,61.7,2.0,1e-05,120,0.35,0.40,True,51.2,3,0.003672816651043415,0.06060376763076216,0.15075502219805015,
2212,100,5,63.8,77.3,93.2,2.86,1e-05,80,0.35,0.40,True,73.10000000000001,3,0.003398219065662471,0.0582942455621691,0.22631107735641248,
2233,100,5,12.7,9.4,8.9,3.65,1e-07,80,0.45,0.55,True,0.2,5,0.0006562113378218297,0.025616622295334523,0.6826503884329369,
2214,100,5,56.1,42.3,63.2,4.82,1e-05,80,0.60,0.45,True,71.7,3,0.0023391390303079316,0.04836464649212203,0.07378294121663802,
2226,100,5,25.8,21.1,26.3,3.95,1e-07,50,center,center,True,29.3,3,0.022972856545281486,0.1515679931426206,2.104453138893348,
2237,100,5,23.8,14.3,20.9,4.83,1e-07,120,0.35,0.40,True,0.30000000000000004,3,0.043392290970756045,0.20830816347602907,2.255134288900686,
2215,100,5,59.8,72.4,86.9,3.45,1e-05,80,0.60,0.58,True,71.7,3,0.004611464969334297,0.06790776810744333,0.10869696967815239,
2219,100,5,49.5,59.1,70.0,2.12,1e-05,120,0.60,0.45,True,66.4,3,0.0018614254206082523,0.04314423971526503,0.12354055392022673,
2216,100,5,80.3,79.5,105.9,2.48,1e-05,120,center,center,True,78.60000000000001,3,0.021927073670299824,0.14807793107110803,4.045798452646188,
2229,100,5,23.4,33.6,34.0,2.95,1e-07,50,0.60,0.45,True,44.7,3,0.002069925976177438,0.04549643915931705,1.587567680154815,
2220,100,5,78.6,73.8,100.8,3.98,1e-05,120,0.60,0.58,True,76.3,3,0.0032380183865178794,0.0569035885205659,0.2222942394623285,
2221,100,5,38.7,46.6,53.5,3.52,1e-07,25,center,center,True,84.9,3,0.02958726207461949,0.17200948251366693,1.3117711125711173,
2224,100,5,13.5,52.6,48.3,3.53,1e-07,25,0.60,0.45,True,76.5,3,0.0031433786966811213,0.05606584251289836,0.4403293211951719,
2223,100,5,66.2,66.7,86.9,3.82,1e-07,25,0.45,0.55,True,83.60000000000001,3,0.0016052607414976771,0.04006570530388398,0.27054434994538407,
2218,100,5,76.7,11.9,72.0,4.93,1e-05,120,0.45,0.55,True,105.10000000000001,3,0.0016285170993500702,0.04035488941070301,0.06939995063011481,
2228,100,5,33.3,53.0,55.7,3.25,1e-07,50,0.45,0.55,True,78.30000000000001,3,0.03265268582054112,0.1807005418379843,1.0678033852910411,
2225,100,5,36.4,72.3,74.2,4.7,1e-07,25,0.60,0.58,True,92.10000000000001,3,0.005935124805371164,0.07703976119752166,0.0883181409433458,
2235,100,5,31.2,37.7,41.9,4.37,1e-07,80,0.60,0.58,True,61.1,3,0.006387081613337229,0.0799192192988472,0.2932001384177448,
2230,100,5,48.6,53.5,65.2,1.19,1e-07,50,0.60,0.58,True,82.5,3,0.003605242188736588,0.06004366901461459,0.15752108408686266,
2222,100,5,78.8,19.3,75.2,4.1,1e-07,25,0.35,0.40,False,97.60000000000001,3,0.02421212642775549,0.1556024627946341,18.044538531123656,vittima non trovata entro 15 minuti
2231,100,5,65.5,35.8,67.9,1.05,1e-07,80,center,center,True,82.80000000000001,3,0.02866546410660554,0.16930878331204657,2.001646864050653,
2241,100,5,20.0,46.1,43.7,3.05,1e-06,25,center,center,True,54.800000000000004,3,0.0006070908368969547,0.024639213398502696,2.345333739288265,
1941,100,5,71.2,30.2,70.8,2.48,1e-06,25,center,center,False,900.0,2,6.310887241768095e-30,2.5121479338940403e-15,1.4790296937097378,vittima non trovata entro 15 minuti
2227,100,5,79.0,37.9,80.9,1.1,1e-07,50,0.35,0.40,True,101.2,3,0.0039037172358820315,0.062479734601565265,1.025225545558336,
2234,100,5,50.2,38.4,56.2,4.92,1e-07,80,0.60,0.45,True,78.4,3,0.0023623239900496217,0.048603744609336655,1.032192713951132,
2236,100,5,23.9,72.8,70.4,4.15,1e-07,120,center,center,True,87.80000000000001,3,0.03233073598838734,0.17980749703053914,3.9628265180948774,
2232,100,5,55.6,78.9,89.5,3.6,1e-07,80,0.35,0.40,True,99.0,3,0.00488852343353092,0.06991797646908068,0.10647089621246528,
2240,100,5,57.8,20.8,55.1,4.77,1e-07,120,0.60,0.58,False,73.8,3,0.005198128906608897,0.0720980506436124,14.250177849196712,vittima non trovata entro 15 minuti
2239,100,5,36.9,75.2,77.1,1.9,1e-07,120,0.60,0.45,True,83.30000000000001,3,0.013352972165113969,0.1155550611834634,0.8174618022541736,
2238,100,5,67.7,52.6,78.7,3.71,1e-07,120,0.45,0.55,True,88.2,3,0.004685809970348102,0.06845297634396989,0.46901621589056364,
2243,100,5,42.0,68.2,73.3,4.06,1e-06,25,0.45,0.55,True,69.2,3,0.0013379460361453391,0.036577944668137644,1.3598363091031451,
2244,100,5,23.9,50.9,49.6,1.39,1e-06,25,0.60,0.45,True,56.7,3,0.0031883909996835956,0.05646583922765689,0.01876525780954468,
2242,100,5,33.3,72.1,72.8,2.93,1e-06,25,0.35,0.40,True,80.5,3,0.0042980596949881746,0.0655595888866623,0.054580898701257395,
2250,100,5,40.7,28.3,42.6,3.51,1e-06,50,0.60,0.58,True,54.5,3,0.008462003062092155,0.09198914643637127,0.5656621256614548,
2245,100,5,75.2,46.5,81.6,2.38,1e-06,25,0.60,0.58,True,75.3,3,0.0012032900736952483,0.03468847176938252,0.2600394882064377,
2249,100,5,19.1,63.1,59.8,4.7,1e-06,50,0.60,0.45,True,61.300000000000004,3,0.0012084252052445158,0.03476241080886819,0.2233390004019491,
2247,100,5,72.2,38.0,74.9,1.89,1e-06,50,0.35,0.40,True,73.0,3,0.006613467263498055,0.08132322708487444,1.5555464592222608,
2251,100,5,33.8,53.3,56.3,4.91,1e-06,80,center,center,True,60.800000000000004,3,0.003848968281607276,0.06204005384916486,4.796841226435079,
2261,100,5,13.4,14.3,12.5,4.53,1e-05,25,center,center,True,33.1,3,0.0019541337166592817,0.04420558467726993,4.4749822097808085,
2248,100,5,73.9,48.6,81.6,2.03,1e-06,50,0.45,0.55,True,74.10000000000001,3,0.022310479920473983,0.14936693047818175,2.836500740328535,
2252,100,5,37.9,49.7,55.5,4.9,1e-06,80,0.35,0.40,True,61.800000000000004,3,0.003935173386491009,0.06273096035046019,0.11839955187206606,
2258,100,5,9.1,28.4,23.7,2.98,1e-06,120,0.45,0.55,True,39.300000000000004,3,0.0028642661388127047,0.05351883910187799,1.265590027328939,
2254,100,5,50.5,71.5,80.5,3.43,1e-06,80,0.60,0.45,True,66.9,3,0.008208377849298482,0.09060009850600871,0.020492020937950224,
2255,100,5,52.0,44.1,61.1,1.05,1e-06,80,0.60,0.58,True,65.3,3,0.0008857871642631769,0.029762176739331028,0.18159764538450643,
2257,100,5,39.3,47.4,54.5,4.8,1e-06,120,0.35,0.40,True,61.2,3,0.004817656866941022,0.0694093427928908,0.11229756027375674,
2253,100,5,69.7,33.5,70.7,3.36,1e-06,80,0.45,0.55,True,72.5,3,0.005026407702420633,0.07089716286580608,0.1709642144419712,
1950,100,5,69.8,17.2,65.9,2.44,1e-06,50,0.60,0.58,False,900.0,2,0.0,0.0,2.5849186195114324,vittima non trovata entro 15 minuti
2256,100,5,69.3,40.9,73.7,4.55,1e-06,120,center,center,True,68.8,3,0.0046433008695862515,0.06814177037314376,0.1830116878309715,
2260,100,5,31.3,48.5,50.8,4.0,1e-06,120,0.60,0.58,True,58.1,3,0.004113607367915086,0.06413741004994733,0.2552988967110777,
2264,100,5,46.6,26.8,46.9,2.36,1e-05,25,0.60,0.45,True,54.7,3,0.003275091010295255,0.057228410866415426,1.8774410777613166,
2263,100,5,60.4,19.4,57.2,4.08,1e-05,25,0.45,0.55,True,64.7,3,0.00252884146193156,0.05028758755330742,0.05471505100145926,
2259,100,5,60.6,51.5,72.5,1.57,1e-06,120,0.60,0.45,True,69.8,3,0.004527987557255608,0.06729032290943184,0.1771421956157644,
2262,100,5,71.6,75.3,96.9,3.49,1e-05,25,0.35,0.40,True,67.2,3,0.0022011021725179443,0.04691590532557103,0.21437912884339502,
2272,100,5,45.7,19.1,43.1,1.34,1e-05,80,0.35,0.40,True,46.2,3,0.0016234776019163697,0.04029240129250638,0.29804466552367714,
2269,100,5,28.0,71.3,70.2,3.53,1e-05,50,0.60,0.45,True,53.6,3,0.004142670197301342,0.06436357818907633,0.03579070039702182,
2270,100,5,28.3,54.4,54.6,1.31,1e-05,50,0.60,0.58,True,51.2,3,0.0014155000481907848,0.03762313182326512,0.31236547731894815,
2268,100,5,48.0,54.0,65.2,1.93,1e-05,50,0.45,0.55,True,59.6,3,0.00512966582846897,0.07162168546235818,0.10019319558930324,
2266,100,5,64.3,53.4,76.6,3.75,1e-05,50,center,center,True,64.2,3,0.0052137866475341224,0.07220655543324389,0.09877072619930555,
2275,100,5,14.2,38.7,34.9,3.59,1e-05,80,0.60,0.58,True,43.6,3,0.0010291869887159712,0.03208094432394363,2.0366369771353607,
2271,100,5,52.1,51.6,66.2,1.52,1e-05,80,center,center,True,58.900000000000006,3,0.004637764349042704,0.06810113324345421,0.17564605657047236,
2277,100,5,36.6,36.5,44.6,4.0,1e-05,120,0.35,0.40,True,44.900000000000006,3,0.0037214334787591245,0.06100355300110908,0.053450217255172634,
2265,100,5,80.9,10.9,76.1,1.35,1e-05,25,0.60,0.58,True,78.60000000000001,3,0.003250581244323801,0.057013868877000454,0.029038666373314606,
2293,100,5,14.7,9.4,10.7,2.91,1e-07,80,0.45,0.55,True,0.2,5,0.0005280419970677985,0.022979164411870995,0.6275590708230409,
2267,100,5,77.2,27.4,75.6,3.33,1e-05,50,0.35,0.40,True,70.2,3,0.0049752004253569015,0.07053510066170532,3.0265336369230766,
2273,100,5,41.8,35.6,47.9,3.15,1e-05,80,0.45,0.55,True,60.800000000000004,3,0.0026640379808836843,0.0516143195332815,0.02736495628543357,
2278,100,5,25.3,29.3,31.6,3.65,1e-05,120,0.45,0.55,True,54.900000000000006,3,0.0018719422216391022,0.0432659475989964,2.1591033944665994,
2274,100,5,40.9,79.7,82.8,4.29,1e-05,80,0.60,0.45,True,68.4,3,0.0017383819821070348,0.04169390821339533,0.11856576780416098,
2279,100,5,46.1,56.8,66.1,4.92,1e-05,120,0.60,0.45,True,65.8,3,0.0038168211606166426,0.0617804270025438,0.08132637925569222,
2280,100,5,79.7,47.4,85.9,3.16,1e-05,120,0.60,0.58,True,70.4,3,0.0016027085442107767,0.040033842486211293,0.12922211204315884,
2297,100,5,31.8,16.7,29.2,1.84,1e-07,120,0.35,0.40,True,28.5,3,0.03823418366448103,0.19553563272324825,4.125609407607285,
2287,100,5,41.3,18.4,38.7,2.76,1e-07,50,0.35,0.40,False,43.5,3,0.03837873169502482,0.19590490472426877,10.235811615498879,vittima non trovata entro 15 minuti
2298,100,5,35.1,9.7,30.5,2.44,1e-07,120,0.45,0.55,False,28.200000000000003,3,0.07333542520987324,0.27080514251002186,11.50871720919762,vittima non trovata entro 15 minuti
2282,100,5,48.5,47.0,60.5,4.66,1e-07,25,0.35,0.40,True,80.30000000000001,3,0.0033375376448724356,0.057771425851128475,0.362145044372644,
2285,100,5,54.4,17.0,50.9,2.01,1e-07,25,0.60,0.58,True,70.9,3,0.002664098280215528,0.05161490366372418,0.488087231235748,
2289,100,5,53.5,10.0,48.8,1.22,1e-07,50,0.60,0.45,False,58.800000000000004,3,0.05889841141166955,0.2426899491360727,20.38485058653996,vittima non trovata entro 15 minuti
2284,100,5,19.4,54.9,52.0,4.58,1e-07,25,0.60,0.45,True,80.10000000000001,3,0.007925814417988406,0.089027043183453,0.2651027117506993,
2292,100,5,34.2,33.2,40.6,2.27,1e-07,80,0.35,0.40,True,58.2,3,0.0022730498305466315,0.04767651235720406,0.16371032109960323,
2281,100,5,71.9,70.6,93.8,3.56,1e-07,25,center,center,True,107.2,3,0.0031777621928488764,0.056371643517364976,0.5082148767132693,
2302,100,5,18.4,37.8,35.5,2.31,1e-06,25,0.35,0.40,True,40.1,3,0.0059239797046987145,0.07696739377618755,0.044495608206846664,
2288,100,5,33.2,44.6,48.6,4.97,1e-07,50,0.45,0.55,True,78.30000000000001,3,0.0035402683973530425,0.05950015459940455,0.9330468680810547,
2283,100,5,59.9,73.3,87.7,3.24,1e-07,25,0.45,0.55,True,102.9,3,0.002900491923158918,0.05385621526953893,0.33170670755887627,
2291,100,5,50.5,79.2,87.1,4.5,1e-07,80,center,center,True,84.7,3,0.00248544439066331,0.04985423142184934,0.508460929735603,
2286,100,5,44.1,79.1,83.8,4.95,1e-07,50,center,center,True,94.9,3,0.026282541525813306,0.1621189116846437,1.4649524347770408,
2295,100,5,53.7,38.2,58.9,2.46,1e-07,80,0.60,0.58,True,79.2,3,0.0025365047037516266,0.05036372408541317,0.08655620985164,
2294,100,5,53.6,37.4,58.4,2.99,1e-07,80,0.60,0.45,True,79.30000000000001,3,0.0029350574336958956,0.054176170349111014,0.595819911327742,
2301,100,5,43.1,48.8,58.1,3.68,1e-06,25,center,center,True,64.2,3,0.007512384549363523,0.08667401311444811,0.37219542000136946,
2290,100,5,80.9,70.5,100.2,3.91,1e-07,50,0.60,0.58,True,100.80000000000001,3,0.03332841541385005,0.18256071706106453,1.574635772971928,
2296,100,5,12.4,80.3,75.7,2.37,1e-07,120,center,center,False,92.7,3,0.01969736243753648,0.14034729223442993,28.433078850576713,vittima non trovata entro 15 minuti
2303,100,5,52.2,30.6,53.7,4.22,1e-06,25,0.45,0.55,True,60.6,3,0.0009887681119370442,0.0314446833651898,0.20402928599372386,
2304,100,5,26.5,58.1,57.3,2.93,1e-06,25,0.60,0.45,True,61.6,3,0.004971832940349662,0.07051122563358023,0.09852845956845056,
2299,100,5,68.6,50.0,77.9,1.64,1e-07,120,0.60,0.45,True,86.7,3,0.0048103248505052525,0.0693565054663602,0.16324002135928858,
2315,100,5,18.7,9.6,14.4,1.24,1e-06,80,0.60,0.58,True,17.3,3,0.020553972275043936,0.14336656609908718,1.379370262032878,
2305,100,5,71.6,47.5,79.0,3.94,1e-06,25,0.60,0.58,True,65.3,3,0.0009557610499948745,0.030915385328261307,0.1237440315548479,
2308,100,5,36.3,41.5,48.0,2.14,1e-06,50,0.45,0.55,True,59.800000000000004,3,0.0011208088673699125,0.0334784836480076,0.09659911592182892,
2307,100,5,22.3,66.1,63.5,2.51,1e-06,50,0.35,0.40,True,64.2,3,0.0048371104912804455,0.06954933853948897,0.025811680455387644,
2300,100,5,52.7,55.2,69.2,2.33,1e-07,120,0.60,0.58,True,91.7,3,0.004714832058409809,0.06866463469945652,0.25480629079721256,
2310,100,5,24.4,16.7,22.7,1.99,1e-06,50,0.60,0.58,True,40.900000000000006,3,0.012115888344502026,0.1100721960555981,0.5180089057832673,
2309,100,5,50.0,48.9,62.9,4.06,1e-06,50,0.60,0.45,True,62.800000000000004,3,0.0038450321222973398,0.06200832300826511,0.16975099931270157,
2313,100,5,36.6,21.9,35.8,4.22,1e-06,80,0.45,0.55,True,52.7,3,0.0022208775140087275,0.04712618713633353,0.20300352118141912,
2306,100,5,80.2,51.6,88.5,1.29,1e-06,50,center,center,True,78.80000000000001,3,0.0043794748882353875,0.06617760110668403,0.3204162305641653,
2314,100,5,50.4,32.7,53.2,2.98,1e-06,80,0.60,0.45,True,57.7,3,0.003240996291349817,0.05692974873780682,1.7956973929428377,
2317,100,5,17.2,60.1,56.5,2.45,1e-06,120,0.35,0.40,True,56.7,3,0.006492713621187145,0.08057737660899085,0.12321294776600965,
2024,100,5,76.5,29.9,75.8,4.09,1e-05,25,0.60,0.45,False,900.0,2,591.7181772524623,24.325258009987525,12.071501700516496,vittima non trovata entro 15 minuti
2318,100,5,32.9,72.6,73.1,2.38,1e-06,120,0.45,0.55,True,60.5,3,0.008476311045354132,0.09206688354318361,1.043949353154304,
2329,100,5,23.8,20.9,24.6,3.43,1e-05,50,0.60,0.45,True,29.900000000000002,3,0.0004917553895712007,0.02217555838239932,3.3108523383366477,
2323,100,5,32.4,43.7,47.4,3.23,1e-05,25,0.45,0.55,True,49.5,3,0.0022741417153602627,0.04768796195435765,2.533391698716961,
2312,100,5,45.4,69.6,76.2,4.72,1e-06,80,0.35,0.40,True,75.7,3,0.0012696245613853358,0.03563179144226874,0.02434167398644394,
2311,100,5,64.6,68.4,87.0,4.74,1e-06,80,center,center,True,83.7,3,0.004476126637151561,0.0669038611527882,0.15317741396845203,
2320,100,5,63.2,39.6,67.8,1.05,1e-06,120,0.60,0.58,True,67.9,3,0.005810540438525445,0.07622690101614682,0.1698862461466872,
2324,100,5,71.0,39.8,74.6,3.41,1e-05,25,0.60,0.45,True,61.900000000000006,3,0.0033767240627329397,0.0581095866680614,0.047655754405370426,
2326,100,5,57.4,45.0,65.9,2.54,1e-05,50,center,center,True,54.2,3,0.004349854755485509,0.0659534286863504,0.034004076905239614,
2322,100,5,48.8,72.0,80.0,2.38,1e-05,25,0.35,0.40,True,71.0,3,0.004688820845092543,0.06847496509741749,0.20103530306221448,
2321,100,5,65.4,76.8,93.8,3.56,1e-05,25,center,center,True,77.30000000000001,3,0.0013713967946475396,0.03703237495283741,0.2332802509943661,
2327,100,5,66.1,30.5,66.2,3.01,1e-05,50,0.35,0.40,True,64.0,3,0.0021333512122637685,0.04618821507986392,2.615030999837278,
2316,100,5,75.4,71.5,96.9,4.67,1e-06,120,center,center,True,92.30000000000001,3,0.00326372296986368,0.057129002878255106,0.22739758440694832,
2331,100,5,27.5,41.4,42.8,3.6,1e-05,80,center,center,True,51.300000000000004,3,0.009376607332519944,0.0968328835288919,3.026141548934005,
2338,100,5,21.6,26.7,27.3,2.69,1e-05,120,0.45,0.55,True,33.0,3,0.003964988418027834,0.06296815399888926,1.9890117019407318,
2319,100,5,79.7,33.2,79.8,3.28,1e-06,120,0.60,0.45,True,89.0,3,0.014258676963190109,0.11940970213173681,1.6034398126380416,
2330,100,5,68.1,28.2,67.3,3.56,1e-05,50,0.60,0.58,True,64.8,3,0.002499019425883037,0.04999019329711615,0.17072737821990835,
2332,100,5,50.4,43.8,59.8,4.14,1e-05,80,0.35,0.40,True,53.300000000000004,3,0.0026534026604234807,0.05151118966228096,0.10301422353298732,
2334,100,5,52.9,22.0,50.8,2.97,1e-05,80,0.60,0.45,True,47.2,3,0.007192689785320971,0.0848097269499258,2.994530473988047,
2325,100,5,60.9,54.2,74.4,2.61,1e-05,25,0.60,0.58,True,75.2,3,0.004519588599783064,0.06722788558167707,0.08346181425955142,
2336,100,5,17.8,72.2,68.4,4.21,1e-05,120,center,center,True,51.900000000000006,3,0.0023372692751745692,0.04834531285631079,5.32695111761209,
2333,100,5,66.4,47.4,74.6,1.78,1e-05,80,0.45,0.55,True,63.0,3,0.005943440309574504,0.07709371121936279,0.04074577593388358,
2337,100,5,71.3,36.0,73.2,2.52,1e-05,120,0.35,0.40,True,59.400000000000006,3,0.002091393242837018,0.04573175311353172,2.273480673129768,
2328,100,5,56.4,77.7,89.1,4.93,1e-05,50,0.45,0.55,True,90.5,3,0.0018155967346953758,0.042609819697991866,4.005488523112814,
2335,100,5,46.4,52.0,62.7,3.85,1e-05,80,0.60,0.58,True,65.10000000000001,3,0.0028203797453843996,0.053107247578691175,0.06785703176744692,
2339,100,5,51.1,42.6,59.5,4.93,1e-05,120,0.60,0.45,True,63.0,3,0.001781455331832916,0.04220729003185251,0.1071989921632647,
2350,100,5,15.9,29.8,27.1,1.61,1e-07,50,0.60,0.58,True,31.1,3,0.00227215784159671,0.04766715684406518,0.7296381982486494,
2352,100,5,35.2,9.1,30.5,1.49,1e-07,80,0.35,0.40,False,28.1,3,0.07340565573771524,0.2709347813362383,12.636103351351672,vittima non trovata entro 15 minuti
2340,100,5,42.8,78.6,82.7,3.94,1e-05,120,0.60,0.58,True,67.7,3,0.0031643422152858487,0.056252486303147956,0.11544109451772973,
2358,100,5,15.1,24.9,22.3,2.6,1e-07,120,0.45,0.55,True,15.4,3,0.0009972143644835813,0.03157870112090713,0.28918294183715765,
2342,100,5,69.4,13.6,64.9,2.55,1e-07,25,0.35,0.40,False,63.2,3,0.03970721380080357,0.19926669014364534,23.19712667650279,vittima non trovata entro 15 minuti
2349,100,5,30.7,30.9,36.5,4.03,1e-07,50,0.60,0.45,True,47.1,3,0.004193444591676889,0.06475681116050179,2.1153458365664126,
2344,100,5,63.6,16.1,59.6,4.64,1e-07,25,0.60,0.45,False,63.1,3,0.054260043284942966,0.23293785283835464,28.350234685035495,vittima non trovata entro 15 minuti
2341,100,5,47.5,23.6,46.4,1.31,1e-07,25,center,center,True,71.0,3,0.01963665335469983,0.14013084369509743,1.1267219710452412,
2360,100,5,29.4,16.3,26.9,1.12,1e-07,120,0.60,0.58,True,27.900000000000002,3,0.0022426131497193186,0.0473562366507234,1.0353606611985562,
2361,100,5,19.6,15.2,17.8,1.04,1e-06,25,center,center,True,30.200000000000003,3,0.015814220201247637,0.12575460310162662,0.8922704292340229,
2354,100,5,15.5,42.5,38.9,1.22,1e-07,80,0.60,0.45,True,58.300000000000004,3,0.004890907362238958,0.06993502242967366,1.2508919279252484,
2362,100,5,15.0,25.0,22.4,3.81,1e-06,25,0.35,0.40,True,35.2,3,0.001333417468407964,0.03651598921579373,0.2627922963329795,
2346,100,5,53.5,46.5,63.8,4.9,1e-07,50,center,center,True,86.30000000000001,3,0.0029251351644239004,0.05408451871306521,0.6263100733634368,
2348,100,5,13.4,71.0,66.6,4.11,1e-07,50,0.45,0.55,True,88.7,3,0.0030786746795160263,0.0554858061085538,1.1466496158826893,
2351,100,5,29.6,75.0,74.2,2.13,1e-07,80,center,center,True,84.10000000000001,3,0.03435789873911635,0.185358837769113,2.9437145065959287,
2343,100,5,78.1,49.1,85.4,4.38,1e-07,25,0.45,0.55,True,100.5,3,0.0036878659329251614,0.06072780197673189,0.420272831794587,
2353,100,5,24.3,62.4,60.5,1.25,1e-07,80,0.45,0.55,True,80.9,3,0.005466513464347804,0.07393587400137909,0.4859683516017526,
2347,100,5,33.3,65.6,66.9,3.53,1e-07,50,0.35,0.40,True,90.4,3,0.006426448597636242,0.0801651333039261,0.594540167269033,
2345,100,5,62.0,74.7,90.1,1.94,1e-07,25,0.60,0.58,True,96.30000000000001,3,0.01008029143634111,0.10040065456131803,0.5778863940924482,
2359,100,5,23.8,44.3,43.5,3.11,1e-07,120,0.60,0.45,True,61.7,3,0.0030645072998415784,0.055357992194818434,1.1696202372609774,
2364,100,5,42.5,34.2,47.5,3.25,1e-06,25,0.60,0.45,True,56.6,3,0.00247958144970074,0.04979539586850114,0.6359296610094333,
2356,100,5,65.8,24.1,63.7,1.56,1e-07,120,center,center,False,77.4,3,0.004938695505272745,0.07027585293166314,15.466309290149374,vittima non trovata entro 15 minuti
2363,100,5,23.0,57.7,55.7,2.62,1e-06,25,0.45,0.55,True,58.5,3,0.01200119592670442,0.10954996999864683,0.9761894700143231,
2365,100,5,26.4,55.8,55.1,2.78,1e-06,25,0.60,0.58,True,61.1,3,0.00563489044932265,0.07506590737027463,0.1111887901853567,
2357,100,5,69.7,26.4,68.1,1.94,1e-07,120,0.35,0.40,True,79.4,3,0.0023656998853172715,0.04863846096781097,0.5475947009145868,
2367,100,5,28.0,57.0,56.8,1.34,1e-06,50,0.35,0.40,True,62.0,3,0.0018874026410055764,0.04344424750189116,0.23716819975220066,
2370,100,5,23.8,38.8,38.7,2.85,1e-06,50,0.60,0.58,True,52.0,3,0.004054444422814488,0.06367451941565393,0.47982282877540683,
2355,100,5,75.4,59.2,88.9,2.62,1e-07,80,0.60,0.58,True,104.30000000000001,3,0.00827677949402072,0.09097680745124397,0.10874426352343493,
2368,100,5,22.0,80.2,77.1,4.23,1e-06,50,0.45,0.55,True,70.3,3,0.0018306700580680536,0.04278633027110474,1.4599505024908264,
2372,100,5,55.3,43.2,63.2,4.23,1e-06,80,0.35,0.40,True,65.0,3,0.0354167403224175,0.18819335886905653,2.441516647888506,
2369,100,5,36.6,80.0,81.4,3.14,1e-06,50,0.60,0.45,True,82.80000000000001,3,0.0076104006501788125,0.08723761029612637,0.21555095414591455,
2366,100,5,72.1,72.8,95.4,2.38,1e-06,50,center,center,True,92.5,3,0.031302847061031265,0.17692610621677984,0.7144624346893228,
2383,100,5,38.3,34.9,44.8,3.64,1e-05,25,0.45,0.55,True,44.7,3,0.0019062111500906102,0.0436601780812975,0.04545965847748401,
2384,100,5,41.7,26.5,42.6,1.7,1e-05,25,0.60,0.45,True,37.2,3,0.004511827972824605,0.0671701419741287,1.6634412243923782,
2373,100,5,27.8,52.7,52.8,4.08,1e-06,80,0.45,0.55,True,61.0,3,0.0012873824052985748,0.035880111556384195,1.767518508877011,
2375,100,5,34.7,49.3,53.3,1.99,1e-06,80,0.60,0.58,True,60.300000000000004,3,0.004428987096646885,0.06655063558409405,0.2401010967989339,
2371,100,5,56.7,69.4,82.6,1.55,1e-06,80,center,center,True,75.4,3,0.0013330504945420342,0.036510964031945724,0.252912966211281,
2388,100,5,24.2,25.6,28.1,1.18,1e-05,50,0.45,0.55,True,31.3,3,0.00587877777695997,0.07667318812309797,0.8219991055381768,
2379,100,5,12.9,78.8,74.2,3.72,1e-06,120,0.60,0.45,True,59.0,3,0.0038939299497154018,0.06240136176170678,0.005840184401900386,
2376,100,5,76.1,35.2,77.3,2.35,1e-06,120,center,center,True,74.0,3,0.002715105489011623,0.05210667413116695,0.3517716010451036,
2386,100,5,16.0,74.3,70.2,2.35,1e-05,50,center,center,True,52.300000000000004,3,0.002172855879259622,0.046613902210173544,2.9521708971684055,
2072,100,5,80.4,16.8,76.3,4.53,1e-06,80,0.35,0.40,False,900.0,2,1.0097419586828951e-28,1.0048591735576161e-14,7.888542874804083,vittima non trovata entro 15 minuti
2385,100,5,73.6,35.1,74.9,2.11,1e-05,25,0.60,0.58,True,57.300000000000004,3,0.0041485485372051815,0.0644092271123104,0.08979788193387614,
2075,100,5,75.4,16.4,71.4,1.58,1e-06,80,0.60,0.58,False,900.0,2,7.0048481549922705,2.6466673676516796,8.250880773777364,vittima non trovata entro 15 minuti
2374,100,5,62.5,66.7,84.4,1.78,1e-06,80,0.60,0.45,True,78.4,3,0.012246027492650488,0.11066177069182694,0.14537160013451336,
2377,100,5,69.2,66.8,89.1,4.54,1e-06,120,0.35,0.40,True,77.0,3,0.01843098999869857,0.1357607822557699,7.519447241727708,
2380,100,5,73.6,35.8,75.2,2.15,1e-06,120,0.60,0.58,True,73.3,3,0.0034584011658322063,0.058808172610889775,0.2212421063713727,
2381,100,5,68.5,33.1,69.4,1.4,1e-05,25,center,center,True,74.2,3,0.005164860334437354,0.07186696274671245,0.09989948339308405,
2083,100,5,9.1,62.9,58.0,4.74,1e-05,25,0.45,0.55,False,900.0,2,3.3658065289429835e-29,5.801557143511545e-15,26.73851257060662,vittima non trovata entro 15 minuti
2378,100,5,54.0,79.6,89.2,4.71,1e-06,120,0.45,0.55,True,86.10000000000001,3,0.035969294464549224,0.18965572615808157,8.852592926942059,
2382,100,5,73.1,64.1,90.2,3.98,1e-05,25,0.35,0.40,True,79.10000000000001,3,0.010717031856931361,0.10352309818070246,5.433234638400716,
2395,100,5,36.6,13.4,32.7,2.5,1e-05,80,0.60,0.58,True,36.1,3,0.004219032351994518,0.06495407879413362,2.141548552247481,
2394,100,5,55.4,40.8,61.9,3.6,1e-05,80,0.60,0.45,True,48.400000000000006,3,0.0033904337642031625,0.058227431372190566,0.015707644049287543,
2393,100,5,14.0,76.2,71.7,3.62,1e-05,80,0.45,0.55,True,52.0,3,0.0028682416094055465,0.0535559670756261,2.053098254324523,
2398,100,5,33.1,51.5,54.3,2.99,1e-05,120,0.45,0.55,True,50.0,3,0.0018827264330523548,0.04339039563143386,2.2026806665584155,
2404,100,5,18.9,27.1,26.1,3.51,1e-07,25,0.60,0.45,True,29.900000000000002,3,0.002982176034354271,0.054609303551265614,1.7445482421442342,
2400,100,5,31.9,17.0,29.4,3.61,1e-05,120,0.60,0.58,True,38.6,3,0.023494811079484302,0.15328017184060141,3.4416911723987185,
2389,100,5,60.4,68.8,84.4,1.12,1e-05,50,0.60,0.45,True,73.7,3,0.0049065513436081926,0.07004677968049774,0.14767815216946342,
2391,100,5,65.2,15.3,61.1,3.36,1e-05,80,center,center,True,61.2,3,0.0010163077097572273,0.03187958139244032,0.12394269275523558,
2093,100,5,23.8,22.9,25.9,4.65,1e-05,80,0.45,0.55,False,900.0,0,7.2743459583785306e-06,0.002697099545507828,9.485878384391674,vittima non trovata entro 15 minuti
2392,100,5,67.6,53.9,79.4,1.9,1e-05,80,0.35,0.40,True,63.7,3,0.004329692395075223,0.06580039813766496,1.783501255464994,
2396,100,5,57.6,66.4,80.8,1.16,1e-05,120,center,center,True,61.300000000000004,3,0.004275181253246485,0.06538487021663716,0.06227800416176847,
2397,100,5,72.8,77.1,99.0,3.69,1e-05,120,0.35,0.40,True,65.5,3,0.02863701798876271,0.16922475583898094,8.577290298190253,
2399,100,5,64.3,53.1,76.3,4.25,1e-05,120,0.60,0.45,True,71.8,3,0.004023027136336477,0.06342733745268263,0.07515334456770735,
2401,100,5,78.8,12.0,74.2,4.85,1e-07,25,center,center,False,66.3,3,0.01227477000740533,0.11079156108389,23.024440105464027,vittima non trovata entro 15 minuti
2410,100,5,20.4,44.5,42.4,3.48,1e-07,50,0.60,0.58,True,63.800000000000004,3,0.002693746291150024,0.051901313000251005,0.37097683829722167,
2417,100,5,44.0,10.9,39.4,3.83,1e-07,120,0.35,0.40,False,43.2,3,0.07352975779849012,0.27116371032734105,17.304044803844157,vittima non trovata entro 15 minuti
2406,100,5,56.8,35.6,60.2,1.98,1e-07,50,center,center,False,78.9,3,0.01178453435817792,0.1085565951850827,10.506501164410984,vittima non trovata entro 15 minuti
2408,100,5,40.6,47.4,55.4,3.21,1e-07,50,0.45,0.55,True,75.9,3,0.014482301415144307,0.12034243397548641,0.5651747791691659,
2421,100,5,63.4,23.2,61.2,2.88,1e-06,25,center,center,True,56.300000000000004,3,0.002992304542214729,0.05470196104542075,0.047762186498535246,
2423,100,5,20.3,35.1,33.8,4.81,1e-06,25,0.45,0.55,True,49.6,3,0.0010007773520026536,0.03163506522836097,1.7352291304655,
2403,100,5,45.8,63.0,71.0,3.97,1e-07,25,0.45,0.55,True,94.60000000000001,3,0.021710469097873292,0.14734472877532231,0.5655398241459599,
2405,100,5,15.7,73.5,69.3,2.12,1e-07,25,0.60,0.58,True,96.4,3,0.001928485075765941,0.04391452010173789,0.1548248294847571,
2407,100,5,49.8,73.8,82.1,2.55,1e-07,50,0.35,0.40,True,89.2,3,0.0035324947854126778,0.05943479440035675,0.2772135835816616,
2402,100,5,74.7,52.4,84.3,4.79,1e-07,25,0.35,0.40,True,98.60000000000001,3,0.0076754075604532485,0.08760940337916501,0.5466315582768942,
2412,100,5,32.2,43.7,47.3,4.13,1e-07,80,0.35,0.40,True,76.4,3,0.0025280173640426506,0.0502793930357423,0.199747470154071,
2422,100,5,43.9,45.0,55.8,2.69,1e-06,25,0.35,0.40,True,63.400000000000006,3,0.0017949971859611215,0.04236740711869351,0.22752327029828856,
2411,100,5,21.2,61.7,58.9,4.75,1e-07,80,center,center,True,87.5,3,0.00974550988597442,0.09871934909618489,3.9684310453154743,
2390,100,5,11.2,62.9,58.2,4.9,1e-05,50,0.60,0.58,True,130.70000000000002,3,0.00271818439015597,0.05213620997115124,0.023851965203364595,
2409,100,5,69.4,40.5,73.5,1.24,1e-07,50,0.60,0.45,True,87.9,3,0.0029121470760031273,0.053964312985556734,0.42518336101252313,
2440,100,5,9.5,11.3,7.7,4.0,1e-06,120,0.60,0.58,True,0.2,4,0.004595889882896481,0.06779299287460674,1.0092947201875297,
2424,100,5,18.0,69.7,66.0,2.77,1e-06,25,0.60,0.45,False,61.300000000000004,3,0.025407416063950403,0.15939703906895636,18.53007890301403,vittima non trovata entro 15 minuti
2415,100,5,44.3,41.9,53.9,2.15,1e-07,80,0.60,0.58,True,78.9,4,0.002375313416063565,0.04873718719893019,0.10503181814682894,
2419,100,5,53.4,31.8,55.4,3.34,1e-07,120,0.60,0.45,True,75.9,3,0.002233823138633158,0.04726333820873382,1.0994709090535457,
2413,100,5,42.6,79.8,83.7,2.07,1e-07,80,0.45,0.55,True,92.30000000000001,3,0.011751257344171413,0.10840321648443561,0.7589225301366151,
2416,100,5,24.4,69.3,67.1,4.02,1e-07,120,center,center,True,86.0,3,0.004586682521576368,0.06772505091601164,4.066066014938493,
2418,100,5,58.1,41.7,64.5,3.48,1e-07,120,0.45,0.55,True,83.7,3,0.00564176611204272,0.07511169091454885,0.20195512166182064,
2414,100,5,34.9,80.2,81.0,2.48,1e-07,80,0.60,0.45,True,94.2,3,0.01576324886158903,0.12555177761222272,0.9606162099357023,
2420,100,5,22.2,73.6,70.8,1.88,1e-07,120,0.60,0.58,True,88.0,3,0.008654894710772638,0.09303168659533502,0.24608287014898572,
2425,100,5,36.9,65.6,68.5,3.52,1e-06,25,0.60,0.58,True,66.4,3,0.014165948713526576,0.11902079109771778,0.2072811696526594,
2428,100,5,11.6,57.2,52.7,1.32,1e-06,50,0.45,0.55,True,54.7,3,0.013604824094366058,0.11663971919704735,0.4964516646261085,
2427,100,5,20.0,67.2,64.0,2.02,1e-06,50,0.35,0.40,True,63.400000000000006,3,0.0012263693083182797,0.03501955608396942,0.23660812646994103,
2430,100,5,10.4,55.1,50.4,1.51,1e-06,50,0.60,0.58,True,56.5,3,0.03248735202196353,0.1802424811801134,2.1726314881792623,
2436,100,5,34.1,16.7,31.4,4.2,1e-06,120,center,center,True,50.300000000000004,3,2.9048191165195243e-06,0.0017043529905860241,2.4212853814645348,
2435,100,5,10.4,62.4,57.6,4.56,1e-06,80,0.60,0.58,True,57.1,3,0.005231090609310027,0.07232627882941321,4.692947597272604,
2444,100,5,11.6,26.4,22.4,2.83,1e-05,25,0.60,0.45,True,39.0,3,0.00019826717094309864,0.01408073758519413,1.72045466481492,
2426,100,5,72.4,49.2,80.6,3.24,1e-06,50,center,center,True,79.10000000000001,3,0.0004101945890689087,0.020253261195889136,0.07880059857789579,
2438,100,5,59.5,14.6,55.4,1.4,1e-06,120,0.45,0.55,True,57.5,3,0.0025918919672451896,0.050910627252521545,6.905826440625878,
2442,100,5,23.1,52.1,50.5,3.3,1e-05,25,0.35,0.40,True,57.6,3,0.006455621996992426,0.08034688542185332,0.08944417162193417,
2431,100,5,39.2,77.3,80.0,2.33,1e-06,80,center,center,True,73.0,3,0.0029017853243409873,0.053868221841276584,2.468349778103815,
2433,100,5,72.2,33.1,72.9,3.11,1e-06,80,0.45,0.55,True,72.2,3,0.002095321336633522,0.045774680082262965,0.28726349612774665,
2445,100,5,26.0,32.8,34.9,3.88,1e-05,25,0.60,0.58,True,49.800000000000004,3,0.0012374751798834547,0.03517776541913165,2.699643579397879,
2429,100,5,72.7,65.2,90.6,2.9,1e-06,50,0.60,0.45,False,81.4,3,0.001386875751139733,0.03724078075362724,11.932396428440912,vittima non trovata entro 15 minuti
2437,100,5,41.1,67.8,72.5,1.23,1e-06,120,0.35,0.40,True,69.3,3,0.014995838964061791,0.12245749860282869,1.3394196920592722,
2432,100,5,57.6,65.6,80.3,2.83,1e-06,80,0.35,0.40,True,74.60000000000001,3,0.0017655219481654857,0.04201811452416072,0.4453462853538489,
2446,100,5,45.9,23.4,44.8,2.98,1e-05,50,center,center,True,50.5,3,0.00266962387169415,0.05166840303022874,0.07489783515944635,
2441,100,5,16.6,79.5,75.4,3.5,1e-05,25,center,center,True,66.7,3,0.0063023874263548555,0.07938757727979143,3.775338350126488,
2453,100,5,15.3,11.2,12.0,2.87,1e-05,80,0.45,0.55,True,26.0,3,0.0033496632784877226,0.05787627561002628,0.5473993628228709,
2434,100,5,60.5,64.3,81.2,1.66,1e-06,80,0.60,0.45,True,75.8,3,0.022131818912005347,0.1487676675625633,0.3209694583163895,
2449,100,5,36.3,63.3,66.2,2.61,1e-05,50,0.60,0.45,True,50.2,3,0.0032213512201240673,0.056756948650575526,0.04111086389009829,
2448,100,5,29.1,56.4,56.7,3.09,1e-05,50,0.45,0.55,True,53.5,3,0.009610727879255208,0.09803431990509859,3.0606340863046366,
2439,100,5,58.5,74.6,87.8,2.83,1e-06,120,0.60,0.45,True,77.7,3,0.03482257215472351,0.18660807097958948,0.22984938585462966,
2447,100,5,80.8,21.1,77.5,4.36,1e-05,50,0.35,0.40,True,70.9,3,0.008373576255763692,0.09150724701226505,6.311418993115703,
2443,100,5,77.0,47.2,83.4,4.6,1e-05,25,0.45,0.55,True,81.30000000000001,3,0.0037443198472757715,0.06119084774111053,0.1118733414529516,
2450,100,5,76.1,16.6,72.1,3.92,1e-05,50,0.60,0.58,True,79.30000000000001,3,0.00199677066114623,0.044685239857767685,0.11223159403993899,
2469,100,5,31.3,13.5,27.6,1.2,1e-07,50,0.60,0.45,True,27.900000000000002,3,0.026890578841896034,0.1639834712460254,1.7788984125549476,
2452,100,5,66.6,56.6,80.3,3.8,1e-05,80,0.35,0.40,True,65.0,3,0.02116289787465374,0.1454747327705184,6.656191294993124,
2451,100,5,42.6,80.3,84.1,2.85,1e-05,80,center,center,True,69.2,3,0.005068559387209869,0.0711938156528351,2.8154102252992446,
2472,100,5,12.1,30.9,26.9,4.64,1e-07,80,0.35,0.40,True,25.8,3,0.0058053597373183274,0.07619291133247454,0.05987372158903149,
2459,100,5,39.4,62.0,66.5,1.43,1e-05,120,0.60,0.45,True,50.7,3,0.0033450663535444644,0.05783654859640627,0.08219900789360371,
2457,100,5,74.3,16.7,70.3,3.42,1e-05,120,0.35,0.40,True,51.900000000000006,3,0.021502411281779477,0.14663700515824604,2.3128524572727014,
2455,100,5,51.0,60.2,71.8,2.67,1e-05,80,0.60,0.58,True,61.6,3,0.004628958339255028,0.06803644860848505,0.05180813693039387,
2458,100,5,43.5,19.6,41.2,2.63,1e-05,120,0.45,0.55,True,54.900000000000006,3,0.0030540025247475836,0.05526303036160416,0.013451533317922525,
2454,100,5,47.4,79.0,85.2,4.82,1e-05,80,0.60,0.45,True,70.4,3,0.004704954188352763,0.06859266861955994,0.11628103860474054,
2456,100,5,63.0,77.5,92.8,3.4,1e-05,120,center,center,True,74.7,3,0.004208044105329204,0.06486943891640504,0.055618080726931585,
2460,100,5,68.3,75.8,94.9,1.07,1e-05,120,0.60,0.58,True,66.10000000000001,3,0.0032814440712785,0.0572838901548987,0.052253274770013056,
2471,100,5,58.6,9.5,53.8,3.86,1e-07,80,center,center,False,59.7,3,0.007612093641573306,0.08724731309085287,20.136587848652816,vittima non trovata entro 15 minuti
2462,100,5,45.4,26.4,45.7,2.13,1e-07,25,0.35,0.40,True,70.5,3,0.007884238757617994,0.08879323599023742,0.2266353765076395,
2461,100,5,64.1,11.3,59.4,1.73,1e-07,25,center,center,False,74.9,3,0.03378866733853308,0.18381693974857996,18.156280201628384,vittima non trovata entro 15 minuti
2463,100,5,67.6,54.7,79.9,2.37,1e-07,25,0.45,0.55,True,81.7,3,0.003638254353486807,0.060317943876485106,0.22172347846257986,
2476,100,5,23.7,31.6,32.5,2.53,1e-07,120,center,center,True,44.5,3,0.029019324827692157,0.17035059385776194,2.287375929865754,
2465,100,5,19.1,70.9,67.4,1.43,1e-07,25,0.60,0.58,True,86.9,3,0.00447767640672881,0.06691544221425134,0.3326123254391443,
2468,100,5,15.4,57.4,53.5,2.91,1e-07,50,0.45,0.55,True,82.5,3,0.004777835280550006,0.06912188713099496,0.807735652892455,
2464,100,5,70.1,35.6,72.0,1.84,1e-07,25,0.60,0.45,True,85.2,3,0.0024560292265097964,0.04955834164406429,0.1337493324329332,
2483,100,5,12.3,30.2,26.3,4.17,1e-06,25,0.45,0.55,True,47.5,3,0.0006318043946494825,0.02513571949735043,1.602478711556033,
2470,100,5,24.1,60.0,58.2,4.84,1e-07,50,0.60,0.58,True,84.0,3,0.00387548060817479,0.062253358208009875,0.2534276655827082,
2481,100,5,26.2,30.0,32.8,2.75,1e-06,25,center,center,True,52.800000000000004,3,0.0024984451823301494,0.049984449405091474,2.3844233353088997,
2473,100,5,25.1,52.8,51.8,3.44,1e-07,80,0.45,0.55,True,77.9,3,0.013534271466437972,0.11633688781481982,1.0622297452423533,
2466,100,5,79.9,35.9,81.0,4.52,1e-07,50,center,center,True,101.4,3,0.014567974452384195,0.12069786432403928,2.871182829241435,
2467,100,5,69.4,44.3,75.5,2.85,1e-07,50,0.35,0.40,True,101.7,3,0.009594541324083487,0.09795172956147068,1.0894611981633573,
2482,100,5,47.6,57.3,67.4,4.04,1e-06,25,0.35,0.40,True,67.7,3,0.004142888283628321,0.06436527234175524,0.20124881638909622,
2480,100,5,9.3,47.0,42.2,3.88,1e-07,120,0.60,0.58,True,65.0,3,0.006901155069808601,0.0830731910414461,0.33832656559065677,
2486,100,5,21.8,58.9,56.4,3.01,1e-06,50,center,center,True,61.400000000000006,3,0.0019057291621026842,0.043654657965704925,2.2263524488914084,
2475,100,5,54.9,60.0,74.2,1.45,1e-07,80,0.60,0.58,True,81.80000000000001,3,0.006475970531261676,0.0804734150590223,0.27172085096028625,
2203,100,5,26.0,32.2,34.4,4.81,1e-05,25,0.45,0.55,False,900.0,2,471.166874173794,21.706378651764876,16.358324155981,vittima non trovata entro 15 minuti
2484,100,5,50.7,77.4,85.6,4.21,1e-06,25,0.60,0.45,True,73.9,3,0.018290803155619696,0.1352434957978375,1.5445177712980294,
2477,100,5,26.9,72.1,70.5,4.16,1e-07,120,0.35,0.40,True,89.30000000000001,3,0.003979269490106213,0.06308145123652605,0.38120674776797936,
2479,100,5,60.5,42.0,66.7,1.9,1e-07,120,0.60,0.45,True,86.30000000000001,3,0.006262951349948693,0.0791388106427478,0.21481820462693166,
2496,100,5,13.3,26.8,23.3,1.73,1e-06,120,center,center,True,40.0,3,0.00273615593532605,0.05230827788530273,2.284720485142372,
2474,100,5,80.3,59.4,92.9,4.03,1e-07,80,0.60,0.45,True,107.0,3,0.004044604506496794,0.06359720517834722,0.28450075333384794,
2485,100,5,78.7,42.2,82.6,2.4,1e-06,25,0.60,0.58,True,76.60000000000001,3,0.006432011756079297,0.08019982391551304,0.09339269696089672,
2491,100,5,37.8,28.1,40.1,4.98,1e-06,80,center,center,True,48.300000000000004,3,0.005000092931361976,0.07071133523956379,0.14186902742500632,
2188,100,5,78.4,9.4,73.5,1.51,1e-06,50,0.45,0.55,False,900.0,2,2.465190328815662e-32,1.5700924586837752e-16,8.520037439233807,vittima non trovata entro 15 minuti
2489,100,5,38.6,60.4,64.8,3.08,1e-06,50,0.60,0.45,True,64.5,3,0.0007707440581763493,0.027762277611470376,0.29288369533721087,
2478,100,5,61.4,80.6,94.3,3.51,1e-07,120,0.45,0.55,True,98.80000000000001,3,0.003008981046006897,0.05485417984080062,0.1314920653511236,
2490,100,5,17.1,76.0,72.0,4.09,1e-06,50,0.60,0.58,False,61.5,3,0.027465617178780224,0.16572753898727943,13.62508895123592,vittima non trovata entro 15 minuti
2497,100,5,43.0,29.6,45.3,4.62,1e-06,120,0.35,0.40,True,58.400000000000006,3,0.0047892946639106065,0.06920473006890936,2.383211568356108,
2494,100,5,45.8,49.1,60.0,4.47,1e-06,80,0.60,0.45,True,65.7,3,0.0014124970151163688,0.03758320123561016,0.19154460628508133,
2500,100,5,14.5,46.5,42.6,1.9,1e-06,120,0.60,0.58,True,52.300000000000004,3,0.0050572248422612685,0.07111416766201563,1.2974750263175379,
2505,100,5,17.3,35.6,33.0,2.65,1e-05,25,0.60,0.58,True,42.7,3,0.004209336337102715,0.06487939840274966,1.7148491991881376,
2208,100,5,14.7,10.2,11.0,4.54,1e-05,50,0.45,0.55,False,900.0,2,2.0954117794933126e-31,4.577566798522237e-16,19.88858789314177,vittima non trovata entro 15 minuti
2487,100,5,77.9,57.0,89.5,2.64,1e-06,50,0.35,0.40,False,91.30000000000001,3,0.0010786056496710245,0.032842132233931225,13.5871781739768,vittima non trovata entro 15 minuti
2194,100,5,67.5,16.4,63.6,3.79,1e-06,80,0.60,0.45,False,900.0,2,3.1554436208840472e-30,1.7763568394002505e-15,1.9704324174973624,vittima non trovata entro 15 minuti
2504,100,5,26.5,15.9,24.1,3.4,1e-05,25,0.60,0.45,True,43.2,3,0.010027886154545473,0.10013933370332295,2.308167981681084,
2498,100,5,28.8,58.5,58.5,2.53,1e-06,120,0.45,0.55,True,63.0,3,0.006182412249562927,0.07862831709735957,1.020261908221151,
2195,100,5,77.1,14.7,72.7,4.55,1e-06,80,0.60,0.58,False,900.0,2,7.888609052210118e-31,8.881784197001252e-16,9.707482001961614,vittima non trovata entro 15 minuti
2488,100,5,69.9,73.5,94.4,1.5,1e-06,50,0.45,0.55,True,91.0,3,0.013722975463478383,0.11714510430862393,0.7075505370904736,
2511,100,5,11.4,26.6,22.5,1.44,1e-05,80,center,center,True,39.300000000000004,3,0.0013527187609547514,0.03677932518351514,1.0233764267963759,
2507,100,5,18.0,66.3,62.7,2.88,1e-05,50,0.35,0.40,True,44.900000000000006,3,0.00711490215440104,0.08434987939766743,0.08670543346251336,
2502,100,5,13.3,54.6,50.3,4.51,1e-05,25,0.35,0.40,True,61.800000000000004,3,0.0002638864706081339,0.01624458280806663,0.10375737020883534,
2529,100,5,15.2,17.0,15.8,4.3,1e-07,50,0.60,0.45,True,0.2,5,0.00022551223871618818,0.01501706491682673,3.7475914209184173,
2512,100,5,10.5,47.2,42.5,1.14,1e-05,80,0.35,0.40,True,43.1,3,0.0043147011398773725,0.06568638473745814,0.192971290347592,
2509,100,5,34.8,30.8,39.5,4.47,1e-05,50,0.60,0.45,True,47.5,3,0.003778052165529403,0.06146586178952836,6.955128441429255,
2503,100,5,74.0,46.7,80.7,1.83,1e-05,25,0.45,0.55,True,58.6,3,0.00342903118292934,0.058557930145534856,0.8343056444017676,
2513,100,5,37.8,11.9,33.5,1.77,1e-05,80,0.45,0.55,True,39.1,3,0.004253270985142662,0.06521710653764595,0.03850219732784721,
2514,100,5,58.0,16.8,54.3,2.71,1e-05,80,0.60,0.45,True,42.2,3,0.0011393823542782742,0.03375473824929286,3.031101904948128,
2495,100,5,71.8,79.1,99.7,1.56,1e-06,80,0.60,0.58,True,91.80000000000001,3,0.010202944434300271,0.10100962545371739,0.7147224877262298,
2506,100,5,28.0,80.0,78.4,1.08,1e-05,50,center,center,True,65.3,3,0.0014020586492678854,0.037444073620105565,1.9528306120375605,
2508,100,5,46.6,69.3,76.5,3.72,1e-05,50,0.45,0.55,True,58.7,3,0.007511530715617427,0.08666908742808722,2.203256788669799,
2510,100,5,21.9,50.2,48.3,3.98,1e-05,50,0.60,0.58,True,59.0,3,0.002116581074023613,0.04600631558844517,2.2756984631266532,
2516,100,5,29.0,67.0,66.5,4.56,1e-05,120,center,center,True,53.0,3,0.002363462033802958,0.048615450566696986,4.297584642402354,
2515,100,5,52.5,50.2,65.6,3.51,1e-05,80,0.60,0.58,True,56.0,3,0.0024322681951470452,0.04931803113615795,0.057042665509368005,
2499,100,5,76.1,46.4,82.3,2.37,1e-06,120,0.60,0.45,True,90.80000000000001,3,0.004595707975828844,0.06779165122512391,0.16080278987839622,
2519,100,5,33.0,37.0,42.5,2.1,1e-05,120,0.60,0.45,True,44.400000000000006,3,0.0006656487502934071,0.02580016957877229,7.118446508560632,
2520,100,5,18.8,65.0,61.6,2.21,1e-05,120,0.60,0.58,True,44.1,3,0.0097550520192106,0.0987676668713532,4.692501670288306,
2518,100,5,51.3,42.1,59.3,1.94,1e-05,120,0.45,0.55,True,52.800000000000004,3,0.0054946253405919404,0.07412574006775204,0.10015826851961492,
2517,100,5,70.1,52.0,80.3,1.42,1e-05,120,0.35,0.40,True,60.2,3,0.002731222131141111,0.052261095770574036,1.6272768137193818,
2535,100,5,16.2,32.9,30.0,2.75,1e-07,80,0.60,0.58,True,35.1,3,0.004793490493979738,0.06923503805140674,0.5964854737656277,
2533,100,5,37.6,16.2,34.5,2.87,1e-07,80,0.45,0.55,True,42.0,3,0.005893076095719552,0.076766373469896,0.22629924681702598,
2522,100,5,47.5,29.0,48.8,3.37,1e-07,25,0.35,0.40,True,72.60000000000001,3,0.006028378741304208,0.07764263481685953,0.3179942354077417,
2524,100,5,60.9,36.1,64.0,2.11,1e-07,25,0.60,0.45,True,77.2,3,0.0026804813874325675,0.05177336561816865,0.2948434221764543,
2536,100,5,44.4,20.4,42.3,4.27,1e-07,120,center,center,True,56.400000000000006,3,0.002118326159184693,0.04602527739389186,0.2479887389123944,
2526,100,5,17.1,52.9,49.4,4.01,1e-07,50,center,center,True,74.3,3,0.0036586703309961065,0.060486943475398944,4.22950181390438,
2545,100,5,19.9,28.4,27.8,4.36,1e-06,25,0.60,0.58,True,48.2,3,0.033993214659331174,0.18437248888956068,1.0325198491757577,
2521,100,5,63.0,37.9,66.7,3.19,1e-07,25,center,center,True,82.7,3,0.017688110092556844,0.13299665444121836,1.6624214301613423,
2528,100,5,24.6,44.2,43.9,2.05,1e-07,50,0.45,0.55,True,73.3,3,0.005114229091089344,0.0715138384586462,0.527687560830929,
2531,100,5,31.8,54.2,56.0,3.96,1e-07,80,center,center,True,76.80000000000001,3,0.02505088689178587,0.15827471968632853,3.5310532330912845,
2542,100,5,27.5,49.8,50.1,1.08,1e-06,25,0.35,0.40,True,59.400000000000006,3,0.002517045210290975,0.05017016254997561,0.2796418255412444,
2534,100,5,46.6,30.2,48.6,1.23,1e-07,80,0.60,0.45,True,72.8,3,0.002163962915443074,0.046518414799335904,0.7326927010868075,
2541,100,5,77.8,37.0,79.5,2.16,1e-06,25,center,center,True,75.9,3,0.005772244581812689,0.07597528928416587,0.014367300880951473,
2523,100,5,78.8,46.3,84.6,4.18,1e-07,25,0.45,0.55,True,101.30000000000001,3,0.004268623807740442,0.06533470599719908,0.27849333595026954,
2525,100,5,77.2,62.8,92.5,3.63,1e-07,25,0.60,0.58,True,103.30000000000001,3,0.0026126943050850766,0.05111452146978466,0.23206564080779038,
2539,100,5,68.3,28.2,67.4,2.8,1e-07,120,0.60,0.45,True,74.7,3,0.007595088407570165,0.08714980440351065,0.5630677081468105,
2537,100,5,15.3,62.0,58.0,2.13,1e-07,120,0.35,0.40,True,84.10000000000001,3,0.01866264987219298,0.13661130945933056,0.4886425464141953,
2543,100,5,63.3,80.4,95.3,2.37,1e-06,25,0.45,0.55,False,73.4,3,0.027851171802577544,0.16688670349245185,15.36225659324694,vittima non trovata entro 15 minuti
2532,100,5,42.0,79.0,82.7,3.39,1e-07,80,0.35,0.40,True,92.10000000000001,3,0.01572613024500355,0.12540386854082114,0.37530545828958406,
2530,100,5,30.8,77.0,76.5,1.64,1e-07,50,0.60,0.58,True,95.2,3,0.012764530037982552,0.11298021967575808,0.12316965219037203,
2527,100,5,55.1,41.1,61.7,1.01,1e-07,50,0.35,0.40,True,96.4,3,0.0015081275312538046,0.03883461769161381,0.14092916941815514,
2547,100,5,16.1,77.2,73.0,2.42,1e-06,50,0.35,0.40,True,65.7,3,0.018071421662473386,0.13442998795831748,1.1886399588684142,
2549,100,5,35.1,35.1,42.5,2.27,1e-06,50,0.60,0.45,True,56.1,3,0.001730232590201258,0.04159606459992649,1.1146795918853505,
2544,100,5,55.3,73.0,84.6,1.95,1e-06,25,0.60,0.45,True,77.7,3,0.014762072499944955,0.12149926954490284,5.020358828505042,
2540,100,5,76.7,48.7,84.0,4.91,1e-07,120,0.60,0.58,True,101.10000000000001,3,0.008237397431732782,0.09076010925364063,0.14719850622812417,
2561,100,5,9.6,18.7,14.5,2.49,1e-05,25,center,center,True,27.5,3,0.0064706886725135315,0.08044059095079754,3.3846406155400532,
2538,100,5,75.8,67.6,94.5,4.15,1e-07,120,0.45,0.55,True,107.4,3,0.00406075467434623,0.06372405098819621,0.2460664997587693,
2552,100,5,28.7,58.9,58.9,4.13,1e-06,80,0.35,0.40,True,52.6,3,0.004101842070931912,0.06404562491639777,0.17426553379316218,
2553,100,5,30.2,46.1,48.2,3.9,1e-06,80,0.45,0.55,True,49.6,3,0.002709778711946194,0.05205553488291321,1.835723033174217,
2551,100,5,25.6,43.7,43.9,2.16,1e-06,80,center,center,True,56.1,3,0.004297575539731209,0.06555589630026584,1.788938359668584,
2565,100,5,10.0,24.1,19.8,1.8,1e-05,25,0.60,0.58,True,36.1,3,0.0012745507599628227,0.03570085096972932,0.9336600067193331,
2548,100,5,78.5,47.2,84.8,4.2,1e-06,50,0.45,0.55,True,87.5,3,0.006991648215080467,0.08361607629565303,0.31954503689289576,
2550,100,5,29.2,57.1,57.4,3.18,1e-06,50,0.60,0.58,True,62.900000000000006,3,0.0018706744186789345,0.04325129383820714,0.13637803120269065,
2563,100,5,18.5,54.0,50.9,1.86,1e-05,25,0.45,0.55,True,41.800000000000004,3,0.0012846056695179498,0.03584139603193422,0.6469163096749377,
2546,100,5,80.4,76.7,104.0,3.84,1e-06,50,center,center,True,104.4,3,0.0018871037154595577,0.04344080703048181,0.4676812507344244,
2556,100,5,21.3,64.2,61.4,1.51,1e-06,120,center,center,True,62.800000000000004,3,0.0014523171317662362,0.03810927881456478,1.7365940951955066,
2554,100,5,23.4,74.8,72.2,3.88,1e-06,80,0.60,0.45,True,66.0,3,0.009640564062269763,0.09818637411713381,0.1641748857563402,
2555,100,5,20.8,77.4,74.2,3.49,1e-06,80,0.60,0.58,True,65.5,3,0.010213634545639734,0.10106252790050195,0.3016122081048577,
2560,100,5,27.3,22.5,28.4,3.33,1e-06,120,0.60,0.58,True,49.0,3,0.004455151121744634,0.06674691844381009,0.9663491219131756,
2570,100,5,55.0,11.8,50.5,1.41,1e-05,50,0.60,0.58,True,40.0,3,0.00267389335633011,0.05170970272908277,1.4794384140348393,
2566,100,5,16.8,63.2,59.4,1.82,1e-05,50,center,center,True,48.0,3,0.004146386976914593,0.06439244502979051,1.5258450968060457,
2246,100,5,68.7,18.9,65.2,2.56,1e-06,50,center,center,False,900.0,2,2.524354896707238e-29,5.0242958677880805e-15,12.362128999291274,vittima non trovata entro 15 minuti
2562,100,5,50.8,53.4,66.6,3.3,1e-05,25,0.35,0.40,True,56.300000000000004,3,0.0033206805306813534,0.057625346252160196,0.19221959709847075,
2559,100,5,20.5,78.6,75.3,4.78,1e-06,120,0.60,0.45,True,65.0,3,0.004107645881683071,0.06409091887064088,0.04835332190742674,
2557,100,5,67.9,72.3,92.1,3.53,1e-06,120,0.35,0.40,False,70.7,3,0.026066233564754154,0.16145040589838774,11.91272821537597,vittima non trovata entro 15 minuti
2568,100,5,21.9,59.7,57.3,3.84,1e-05,50,0.45,0.55,True,55.7,3,0.0012742327908435668,0.03569639744909235,2.09509039099379,
2571,100,5,18.6,56.3,53.1,2.52,1e-05,80,center,center,True,48.1,3,0.010895654469997323,0.10438225170016847,2.611569503286462,
2558,100,5,72.5,52.3,82.4,4.04,1e-06,120,0.45,0.55,True,73.7,3,0.008711064463850697,0.09333308343696085,0.3621920327196313,
2564,100,5,47.9,61.7,71.1,3.7,1e-05,25,0.60,0.45,True,66.8,3,0.0016318257056838095,0.04039586248223708,0.24246133278108242,
2572,100,5,47.1,27.1,47.5,1.78,1e-05,80,0.35,0.40,True,49.0,3,0.007990820303887043,0.08939138830942857,0.37479792399733747,
2574,100,5,57.1,28.6,57.2,3.82,1e-05,80,0.60,0.45,True,45.300000000000004,3,0.0006141956463660814,0.024782970894670426,3.8395611083503045,
2576,100,5,53.4,24.3,52.1,1.38,1e-05,120,center,center,True,47.1,3,0.004537982357382007,0.06736454822369113,0.05794346573659592,
2573,100,5,44.0,11.0,39.5,3.65,1e-05,80,0.45,0.55,True,51.0,3,0.0022206931880944807,0.047124231432400895,0.07572174209786608,
2581,100,5,26.2,26.0,29.8,1.3,1e-07,25,center,center,True,32.300000000000004,3,0.002576196150516833,0.05075624247830835,1.1707126722299934,
2578,100,5,15.0,48.5,44.6,3.99,1e-05,120,0.45,0.55,True,44.0,3,0.0019375670116358855,0.04401780334859846,3.255416805546273,
2580,100,5,14.8,52.9,48.9,4.28,1e-05,120,0.60,0.58,True,44.2,3,0.009944099921149183,0.09972010790782962,3.5822343073371012,
2599,100,5,12.3,28.1,24.2,1.83,1e-07,120,0.60,0.45,True,17.900000000000002,3,0.01749710271774711,0.13227661440234667,1.8868963761372615,
2575,100,5,75.3,49.8,83.4,1.63,1e-05,80,0.60,0.58,True,71.0,3,0.0020338364798008594,0.04509807623170704,0.48090272299750436,
2582,100,5,57.6,12.8,53.1,2.51,1e-07,25,0.35,0.40,False,60.6,3,0.036260889700674405,0.1904229232541986,21.95165482399637,vittima non trovata entro 15 minuti
2579,100,5,74.1,50.6,82.8,4.0,1e-05,120,0.60,0.45,True,73.60000000000001,3,0.002645024337034573,0.05142980008744515,0.07115724543660573,
2567,100,5,69.1,35.1,70.9,4.26,1e-05,50,0.35,0.40,True,110.7,3,0.00035164214213570364,0.01875212367001945,2.3093971303446397,
2590,100,5,74.3,21.1,71.1,4.52,1e-07,50,0.60,0.58,False,67.8,3,0.028307472152506633,0.16824824561494434,27.403850598168813,vittima non trovata entro 15 minuti
2584,100,5,14.1,52.4,48.3,4.23,1e-07,25,0.60,0.45,True,78.60000000000001,3,0.0038169562829354713,0.061781520561859524,0.7168446642618993,
2601,100,5,53.2,16.0,49.5,2.91,1e-06,25,center,center,True,50.300000000000004,3,0.006061363166904733,0.07785475686754621,0.3160277476371107,
2587,100,5,54.3,47.0,64.8,4.03,1e-07,50,0.35,0.40,True,76.2,3,0.0141980309239822,0.11915549053225453,0.5754647847741896,
2577,100,5,25.8,62.1,60.8,4.97,1e-05,120,0.35,0.40,True,97.30000000000001,3,0.003058993562452506,0.055308169039053404,0.06012503276843972,
2585,100,5,70.6,30.0,70.2,1.46,1e-07,25,0.60,0.58,True,81.2,3,0.0023040033522498432,0.0480000349192565,0.19630126333054826,
2597,100,5,48.8,9.2,44.0,2.6,1e-07,120,0.35,0.40,False,55.800000000000004,3,0.07352517107803395,0.2711552527207134,19.9626892564063,vittima non trovata entro 15 minuti
2593,100,5,40.6,31.8,44.6,4.86,1e-07,80,0.45,0.55,True,71.7,3,0.005535517509889762,0.07440105852667529,0.6856911414273659,
2592,100,5,58.9,23.8,57.1,2.56,1e-07,80,0.35,0.40,False,75.60000000000001,4,0.0018222304433739291,0.04268759121072457,17.217941773238266,vittima non trovata entro 15 minuti
2583,100,5,40.2,72.9,76.5,3.29,1e-07,25,0.45,0.55,True,92.0,3,0.04526688816390281,0.21276016582975021,1.1501150334213117,
2602,100,5,42.5,68.7,73.9,2.41,1e-06,25,0.35,0.40,True,65.0,3,0.0020276491258871625,0.045029425111666285,0.21263133498970055,
2594,100,5,50.1,32.8,52.9,4.35,1e-07,80,0.60,0.45,True,75.3,3,0.003386054799863145,0.058189816977398584,1.174739735841018,
2605,100,5,21.8,17.2,20.8,4.81,1e-06,25,0.60,0.58,True,39.2,3,0.002092323989589255,0.0457419281358936,0.790053715620157,
2589,100,5,60.5,58.2,76.9,1.64,1e-07,50,0.60,0.45,True,90.60000000000001,3,0.0034615411537740675,0.05883486342105391,0.31221578197188404,
2591,100,5,60.1,70.5,85.5,2.01,1e-07,80,center,center,True,86.0,3,0.002597158053106464,0.05096231993450125,0.4803661380871602,
2603,100,5,18.0,77.3,73.5,3.77,1e-06,25,0.45,0.55,True,67.5,3,0.005362806576575341,0.07323118581980863,1.3714525606821475,
2586,100,5,23.7,74.3,71.8,1.41,1e-07,50,center,center,True,95.9,3,0.026528037267621176,0.16287429897814196,3.211982468782737,
2588,100,5,80.1,45.7,85.5,1.41,1e-07,50,0.45,0.55,True,100.9,3,0.005031447004868763,0.07093269348381438,0.3826255165370324,
2608,100,5,25.6,14.7,22.7,2.8,1e-06,50,0.45,0.55,True,34.4,3,0.007060019782334373,0.08402392386894564,0.5622191652962841,
2600,100,5,75.9,11.5,71.2,2.47,1e-07,120,0.60,0.58,False,77.0,3,0.019399668148917595,0.13928269149078645,37.55376296124103,vittima non trovata entro 15 minuti
2276,100,5,30.7,19.0,29.3,4.95,1e-05,120,center,center,False,900.0,0,nan,nan,4.839895870474872,vittima non trovata entro 15 minuti
2596,100,5,52.6,79.7,88.6,3.08,1e-07,120,center,center,True,89.60000000000001,3,0.004166165429061411,0.06454583975022256,0.4901525322538137,
2604,100,5,34.7,78.2,78.9,2.35,1e-06,25,0.60,0.45,True,68.8,3,0.028974972752096904,0.1702203652683688,1.2339810610810253,
2595,100,5,64.4,80.2,95.8,3.67,1e-07,80,0.60,0.58,True,97.5,3,0.006700679166933635,0.08185767628593933,0.8770014632929996,
2611,100,5,12.8,26.7,23.1,1.95,1e-06,80,center,center,True,39.5,3,0.017895385023821413,0.13377363351505936,2.4880777939749703,
2606,100,5,67.6,43.3,73.4,2.12,1e-06,50,center,center,True,68.2,3,0.0007017303728753108,0.026490193900296593,0.3080257394936241,
2598,100,5,79.2,60.6,92.7,4.57,1e-07,120,0.45,0.55,True,105.5,3,0.003729765252326051,0.06107180406968547,0.17711368125472182,
2615,100,5,23.2,25.6,27.5,3.69,1e-06,80,0.60,0.58,True,48.6,3,0.001367649771978463,0.036981749174132675,2.0786942484957125,
2607,100,5,54.1,18.6,51.0,4.5,1e-06,50,0.35,0.40,True,68.10000000000001,3,0.005861292544738545,0.07655907878715983,1.6839542929518594,
2614,100,5,15.8,31.5,28.6,1.71,1e-06,80,0.60,0.45,True,51.2,3,0.003661670067086311,0.060511734953530384,1.7266480638582107,
2609,100,5,28.1,50.9,51.3,3.09,1e-06,50,0.60,0.45,True,60.2,3,0.001453399387825498,0.038123475547561216,0.19543665023214749,
2623,100,5,19.8,55.2,52.3,2.52,1e-05,25,0.45,0.55,True,43.2,3,0.0034199223821057244,0.05848010244609464,1.2454536058078955,
2620,100,5,47.6,29.4,49.0,2.3,1e-06,120,0.60,0.58,True,49.0,3,0.005204747855214549,0.0721439384509506,0.3301182340687829,
2617,100,5,10.6,65.2,60.4,1.09,1e-06,120,0.35,0.40,True,56.1,3,0.012624864813362661,0.11236042369697019,0.260608188556467,
2626,100,5,52.0,18.8,49.0,2.94,1e-05,50,center,center,True,47.400000000000006,3,0.004326124125685874,0.06577327820388668,0.14369494855718543,
2612,100,5,61.0,44.6,68.6,4.75,1e-06,80,0.35,0.40,True,68.8,3,0.005641619785168209,0.075110716846321,2.488320933701702,
2631,100,5,11.3,28.9,24.7,1.34,1e-05,80,center,center,True,39.300000000000004,3,0.003996315519311976,0.06321641811516986,1.6255087785573301,
2627,100,5,38.0,12.6,33.9,4.18,1e-05,50,0.35,0.40,True,48.1,3,0.0016105682576096456,0.040131885796828005,2.404605996737736,
2619,100,5,23.7,61.8,59.8,2.33,1e-06,120,0.60,0.45,True,61.7,3,0.009692697970288724,0.09845150059947652,0.24696049499225953,
2618,100,5,42.8,50.5,59.1,4.7,1e-06,120,0.45,0.55,True,64.10000000000001,3,0.004293288484376426,0.06552319043191064,0.19473290950065023,
2622,100,5,71.5,51.9,81.4,2.32,1e-05,25,0.35,0.40,True,60.800000000000004,3,0.001277526585776538,0.03574250391028219,3.842440010223436,
2616,100,5,73.4,32.9,73.9,2.77,1e-06,120,center,center,True,67.9,3,0.0017270369230711637,0.04155763375206971,0.10077310580614324,
2610,100,5,72.3,65.0,90.1,3.11,1e-06,50,0.60,0.58,True,78.60000000000001,3,0.008340028925147791,0.0913237588207351,0.2100594553561725,
2628,100,5,50.8,41.5,58.5,2.95,1e-05,50,0.45,0.55,True,53.900000000000006,3,0.004684191631793497,0.06844115451826845,0.10626141726239623,
2625,100,5,75.2,50.9,83.9,4.84,1e-05,25,0.60,0.58,True,70.9,3,0.001708287706598283,0.04133143726751204,0.3167056870315368,
2653,100,5,9.2,26.0,21.4,1.69,1e-07,80,0.45,0.55,True,0.2,3,0.07151183252746117,0.2674169637989729,8.550800764616092,
2630,100,5,44.0,40.8,53.0,2.97,1e-05,50,0.60,0.58,True,59.5,3,0.0034926526842284705,0.0590986690563203,0.08413656776288374,
2613,100,5,77.9,46.8,84.1,3.47,1e-06,80,0.45,0.55,True,87.80000000000001,3,0.0034556470260271597,0.0587847516455344,0.1837123381102381,
2639,100,5,36.5,16.5,33.5,3.95,1e-05,120,0.60,0.45,True,40.0,3,0.0030670389767047408,0.05538085388204791,4.632838347001532,
2640,100,5,37.3,10.5,32.8,1.84,1e-05,120,0.60,0.58,True,39.6,3,0.005490244963406481,0.07409618723933425,1.5954825393392036,
2629,100,5,80.6,51.8,88.9,2.92,1e-05,50,0.60,0.45,True,70.2,3,0.001955166993345147,0.04421727030635368,0.36146584020535777,
2632,100,5,67.6,33.9,68.9,2.56,1e-05,80,0.35,0.40,True,64.0,3,0.004293317053316537,0.0655234084378746,2.209509169220478,
2659,100,5,14.9,10.3,11.2,1.64,1e-07,120,0.60,0.45,True,0.2,5,0.005932024521680836,0.0770196372471387,2.573661612655279,
2660,100,5,9.5,15.5,11.4,1.6,1e-07,120,0.60,0.58,True,0.2,5,0.011332986242902831,0.10645649929855308,0.7133741560092911,
2633,100,5,63.9,13.0,59.4,3.31,1e-05,80,0.45,0.55,True,60.0,3,0.0040379839713387475,0.06354513334110447,0.06865727976001024,
2635,100,5,53.7,41.0,60.5,2.94,1e-05,80,0.60,0.58,True,52.2,3,0.0031933241630483977,0.05650950506815997,0.10733349742779792,
2621,100,5,79.2,63.4,94.5,3.83,1e-05,25,center,center,True,86.0,3,0.0023996647771876243,0.048986373382682906,0.09195566985057194,
2636,100,5,77.3,34.9,78.2,1.02,1e-05,120,center,center,True,57.2,3,0.00019746184862280035,0.014052111891911492,0.937407261905003,
2634,100,5,51.4,78.8,87.1,1.95,1e-05,80,0.60,0.45,True,65.10000000000001,3,0.004030619178783,0.06348715758941331,0.05473682070375686,
2637,100,5,66.8,40.0,71.0,4.67,1e-05,120,0.35,0.40,True,73.9,3,0.005784374687520078,0.0760550766715811,3.313071273090575,
2638,100,5,61.3,63.5,81.1,3.16,1e-05,120,0.45,0.55,True,73.4,3,0.004079654024395486,0.06387216940417388,0.08462182778107664,
2642,100,5,24.4,38.8,38.9,2.22,1e-07,25,0.35,0.40,True,58.400000000000006,3,0.002191220798187385,0.046810477440284506,0.20041294925349096,
2646,100,5,57.4,11.9,52.9,2.1,1e-07,50,center,center,False,60.0,3,0.03256916244153463,0.18046928392813727,20.86489576438649,vittima non trovata entro 15 minuti
2650,100,5,26.3,36.7,38.2,3.27,1e-07,50,0.60,0.58,True,58.0,3,0.0021815333394946228,0.0467068874952573,0.3255130875877117,
2648,100,5,21.5,40.3,39.0,1.01,1e-07,50,0.45,0.55,True,58.7,3,0.002162581319381988,0.04650356243753792,0.33701784060691836,
2645,100,5,37.7,34.4,44.0,1.2,1e-07,25,0.60,0.58,True,71.9,3,0.0024869592965271843,0.04986942246033319,0.47053422660431904,
2663,100,5,32.8,22.5,32.9,2.44,1e-06,25,0.45,0.55,True,51.900000000000006,3,0.0011472517761747852,0.033871105328506554,0.34119332962302273,
2641,100,5,44.6,43.9,55.5,1.76,1e-07,25,center,center,True,84.30000000000001,3,0.002298550097728465,0.04794319657395056,0.5911786040266953,
2665,100,5,9.6,57.4,52.6,4.67,1e-06,25,0.60,0.58,False,57.400000000000006,3,0.02807759534750825,0.1675637053407099,12.709956426282044,vittima non trovata entro 15 minuti
2643,100,5,68.2,66.5,88.2,2.37,1e-07,25,0.45,0.55,True,85.9,3,0.0013981024870941378,0.0373912086872588,0.1531660702272054,
2661,100,5,41.1,32.7,45.5,2.57,1e-06,25,center,center,True,62.800000000000004,3,0.0007515990331042882,0.027415306547698647,1.2094424937849932,
2649,100,5,48.9,53.3,65.3,2.31,1e-07,50,0.60,0.45,True,82.2,3,0.0037633423199640095,0.06134608642744873,0.20680379957447176,
2651,100,5,44.4,46.5,57.3,2.72,1e-07,80,center,center,True,82.0,3,0.0043573356190403,0.06601011755057175,0.662363469621502,
2652,100,5,37.5,40.3,48.0,1.2,1e-07,80,0.35,0.40,True,75.10000000000001,3,0.006124018279697441,0.07825610698020596,0.1454387733071727,
2656,100,5,14.8,48.0,44.1,3.37,1e-07,120,center,center,True,69.5,3,0.04120223309846563,0.20298333207055605,3.128076786351387,
2654,100,5,37.1,37.1,45.4,4.96,1e-07,80,0.60,0.45,True,73.0,3,0.017794048073737738,0.13339433298959044,1.4519650701461002,
2655,100,5,55.0,22.5,52.9,1.3,1e-07,80,0.60,0.58,True,73.5,3,0.002701378925628841,0.0519747912514215,0.24553278134981582,
2666,100,5,67.4,53.9,79.3,1.86,1e-06,50,center,center,True,68.0,3,0.001288828988308834,0.03590026446015174,0.10254120767779304,
2664,100,5,78.4,41.7,82.0,1.54,1e-06,25,0.60,0.45,False,73.8,3,0.030567493578013416,0.17483561873375064,13.839658394285923,vittima non trovata entro 15 minuti
2676,100,5,9.1,21.0,16.5,3.26,1e-06,120,center,center,True,16.7,3,0.0018968944217917897,0.04355335144155717,3.064228070542324,
2667,100,5,28.1,71.2,70.1,1.71,1e-06,50,0.35,0.40,True,69.8,3,0.0021280975319931438,0.04613130750361563,0.1541593831421266,
2672,100,5,28.7,9.0,24.1,1.33,1e-06,80,0.35,0.40,True,32.2,3,0.014673120682277099,0.1211326573731341,0.21353384534773587,
2647,100,5,65.9,52.5,77.2,1.79,1e-07,50,0.35,0.40,True,100.4,3,0.0030761529505885553,0.05546307736313011,0.3753874328189627,
2644,100,5,76.7,73.7,99.3,4.2,1e-07,25,0.60,0.45,True,109.60000000000001,3,0.015314759130075453,0.12375281463496277,0.46605853704577793,
2657,100,5,57.9,38.2,62.5,2.81,1e-07,120,0.35,0.40,True,80.9,3,0.0025247417657444497,0.05024680851302349,0.5652975084337577,
2669,100,5,21.9,67.7,65.0,2.21,1e-06,50,0.60,0.45,True,64.0,3,0.001277661976718106,0.035744397836837395,0.07351463254753045,
2662,100,5,57.8,80.8,92.4,2.95,1e-06,25,0.35,0.40,True,89.9,3,0.0036803434489875906,0.06066583428081732,0.1538985795983842,
2658,100,5,70.9,71.0,93.3,2.23,1e-07,120,0.45,0.55,True,92.80000000000001,3,0.0036691764056352803,0.06057372702447225,0.32516345815561776,
2671,100,5,62.3,50.9,73.4,3.37,1e-06,80,center,center,True,71.3,3,0.0022043875323692627,0.04695090555430494,0.10319043762823743,
2670,100,5,70.4,68.4,91.1,3.72,1e-06,50,0.60,0.58,True,78.4,3,0.032323114496036316,0.17978630230369697,1.1882534567201288,
2681,100,5,76.8,16.9,72.8,1.97,1e-05,25,center,center,True,49.400000000000006,3,0.0007364992339688118,0.027138519376871166,0.9080563592247992,
2677,100,5,65.5,32.2,66.3,2.75,1e-06,120,0.35,0.40,True,55.400000000000006,3,0.03554219525079433,0.18852637812994322,0.9266444658763898,
2673,100,5,60.6,14.9,56.5,3.99,1e-06,80,0.45,0.55,True,69.3,3,0.0012748870638146072,0.0357055606847814,1.1928953054916334,
2678,100,5,24.3,49.3,48.4,1.15,1e-06,120,0.45,0.55,True,56.5,3,0.00449017208822154,0.06700874635614025,0.696250032999567,
2675,100,5,37.2,60.2,63.9,2.59,1e-06,80,0.60,0.58,True,61.800000000000004,3,0.002855809253141667,0.053439772203310025,0.13209357255277657,
2684,100,5,14.6,45.1,41.2,1.69,1e-05,25,0.60,0.45,True,47.2,3,0.002359013784360113,0.048569679681464986,1.5405129648598122,
2685,100,5,60.1,34.5,62.5,1.45,1e-05,25,0.60,0.58,True,48.0,3,0.00522596164209978,0.0722908129854671,0.10672300242021869,
2683,100,5,38.7,61.5,65.8,3.53,1e-05,25,0.45,0.55,True,53.0,3,0.0033788569370899264,0.05812793594382933,1.9736517752491618,
2690,100,5,51.5,40.8,58.7,1.47,1e-05,50,0.60,0.58,True,51.900000000000006,3,0.0031775032551082058,0.056369346768507134,0.09127109859975094,
2674,100,5,75.4,52.0,84.6,2.33,1e-06,80,0.60,0.45,True,75.8,3,0.011141326427927431,0.10555248186531395,1.2746276780355894,
2682,100,5,56.7,16.7,53.0,4.22,1e-05,25,0.35,0.40,True,67.8,3,0.0017111729330007573,0.0413663260756954,2.0549311942179815,
2695,100,5,52.5,19.2,49.5,4.31,1e-05,80,0.60,0.58,True,46.1,3,0.019042194766798505,0.13799345914498448,5.52632941617684,
2705,100,5,21.5,20.9,22.9,1.98,1e-07,25,0.60,0.58,True,15.100000000000001,3,0.0051508013797248705,0.0717690837319585,1.029985971526369,
2679,100,5,72.9,31.7,73.0,2.72,1e-06,120,0.60,0.45,True,73.7,3,0.005903064519651855,0.07683140321282604,4.157379954273841,
2711,100,5,23.3,14.2,20.4,4.49,1e-07,80,center,center,True,0.2,4,0.01151625073326352,0.10731379563347632,3.4347730583028433,
2689,100,5,30.0,59.8,60.3,2.98,1e-05,50,0.60,0.45,True,61.400000000000006,3,0.004512474814074887,0.06717495674784531,0.18726528392588224,
2691,100,5,49.8,59.1,70.3,3.83,1e-05,80,center,center,True,61.1,3,0.001919104566441128,0.04380758571801382,0.10374899016882023,
2680,100,5,37.0,72.6,74.8,3.38,1e-06,120,0.60,0.58,True,77.30000000000001,3,0.004115400136464274,0.064151384524921,0.18795164222577687,
2692,100,5,51.1,74.8,83.6,1.32,1e-05,80,0.35,0.40,True,63.800000000000004,3,0.0052117345413865935,0.07219234406352652,0.07822057449905698,
2688,100,5,28.6,57.3,57.4,4.66,1e-05,50,0.45,0.55,True,69.60000000000001,3,0.0011867171244158555,0.03444876085457727,2.417894743783357,
2696,100,5,32.8,65.9,66.9,2.75,1e-05,120,center,center,True,55.5,3,0.004394697853593189,0.06629251732732125,2.925879056756308,
2719,100,5,13.2,15.1,13.0,3.45,1e-07,120,0.60,0.45,True,0.2,5,0.0003225149520759981,0.01795870129146309,3.5136078314702233,
2714,100,5,25.7,14.7,22.8,1.26,1e-07,80,0.60,0.45,True,14.4,3,0.02614792506764764,0.16170320054855947,1.4046078349094573,
2694,100,5,48.7,60.4,70.6,2.62,1e-05,80,0.60,0.45,True,66.7,3,0.005206752085810425,0.0721578276128822,0.020070799112814522,
2686,100,5,80.7,30.0,79.7,4.86,1e-05,50,center,center,True,82.9,3,0.0018333938373467982,0.04281814845771356,0.12178753486641858,
2700,100,5,10.7,30.8,26.4,3.74,1e-05,120,0.60,0.58,True,42.800000000000004,3,0.0009626948662030891,0.031027324509262624,1.6359085575158556,
2703,100,5,32.5,24.8,33.9,3.26,1e-07,25,0.45,0.55,True,43.900000000000006,3,0.0024438531949565797,0.04943534358084891,0.43786642571200396,
2708,100,5,18.9,29.7,28.3,4.2,1e-07,50,0.45,0.55,True,34.0,3,0.016179239008412286,0.1271976375897457,1.0149331606375198,
2699,100,5,68.2,42.2,73.3,1.4,1e-05,120,0.60,0.45,True,63.800000000000004,3,0.0015161367693137732,0.03893760097019041,0.17684147914354587,
2698,100,5,69.9,78.7,98.2,2.97,1e-05,120,0.45,0.55,True,67.10000000000001,3,0.004591881201217967,0.06776342081992294,0.01956975030930486,
2716,100,5,27.9,23.9,29.7,3.63,1e-07,120,center,center,True,31.5,3,0.005537437611641466,0.07441396113392611,1.632845405456965,
2702,100,5,60.4,18.4,57.0,4.07,1e-07,25,0.35,0.40,False,61.800000000000004,3,0.05739311504238512,0.2395686019543987,22.622485433698625,vittima non trovata entro 15 minuti
2701,100,5,67.1,16.9,63.2,1.52,1e-07,25,center,center,False,63.900000000000006,4,0.025102512437092515,0.15843772416029117,22.699709494124804,vittima non trovata entro 15 minuti
2725,100,5,16.2,17.3,16.6,1.5,1e-06,25,0.60,0.58,True,26.3,3,0.005651781785138111,0.07517833321601451,0.38620784032848343,
2713,100,5,45.7,19.9,43.3,3.08,1e-07,80,0.45,0.55,True,56.300000000000004,3,0.06890514536983092,0.2624978959341025,9.619224414651217,
2697,100,5,61.0,44.9,68.8,4.91,1e-05,120,0.35,0.40,True,94.7,3,0.001577139756541906,0.0397132189143855,3.184578865074574,
2704,100,5,29.9,71.1,70.6,2.78,1e-07,25,0.60,0.45,True,93.4,3,0.006586774032895117,0.08115894302475309,0.1834827039758861,
2710,100,5,11.3,51.4,46.8,1.18,1e-07,50,0.60,0.58,True,70.3,3,0.0025081843267166434,0.05008177639338129,0.16929758767386355,
2709,100,5,34.2,42.8,47.8,1.72,1e-07,50,0.60,0.45,True,74.0,3,0.0033068088123594814,0.05750485903260247,0.8701595477587791,
2723,100,5,18.3,70.6,66.9,2.93,1e-06,25,0.45,0.55,True,64.60000000000001,3,0.006101745776681163,0.07811367214951019,1.0053144012198285,
2721,100,5,62.4,51.9,74.2,4.14,1e-06,25,center,center,True,65.8,3,0.004904693646081012,0.0700335180187388,0.16754200566040736,
2717,100,5,51.8,12.3,47.4,1.31,1e-07,120,0.35,0.40,True,68.60000000000001,3,0.06787430849545695,0.2605269822791047,4.466195357363781,
2724,100,5,50.1,54.3,66.9,4.85,1e-06,25,0.60,0.45,True,69.10000000000001,3,0.003538749473492156,0.059487389197141236,0.012266974558026037,
2715,100,5,16.1,55.4,51.6,1.2,1e-07,80,0.60,0.58,True,80.5,3,0.003344413160503544,0.05783090143256928,0.09202758367415398,
2706,100,5,11.8,79.9,75.2,2.84,1e-07,50,center,center,False,104.5,3,0.011658678907712458,0.1079753625032695,34.68910720214666,vittima non trovata entro 15 minuti
2727,100,5,48.1,30.0,49.8,3.33,1e-06,50,0.35,0.40,True,57.800000000000004,3,0.011664484779688766,0.10800224432709149,0.5093095637824055,
2728,100,5,32.8,16.3,30.0,1.72,1e-06,50,0.45,0.55,True,49.300000000000004,3,2.453753514207847e-06,0.001566446141496045,1.9058237934968973,
2722,100,5,70.4,72.9,94.3,1.53,1e-06,25,0.35,0.40,False,79.9,3,0.02839072315747808,0.1684954692491109,18.922517954930132,vittima non trovata entro 15 minuti
2712,100,5,59.0,68.4,83.3,1.18,1e-07,80,0.35,0.40,True,94.7,3,0.0032026809441956534,0.05659223395657441,0.11729602749589044,
2729,100,5,47.9,55.0,65.9,2.79,1e-06,50,0.60,0.45,True,58.400000000000006,3,0.006952962269441533,0.08338442462139757,0.09095228570836486,
2720,100,5,22.0,64.6,62.0,4.86,1e-07,120,0.60,0.58,True,85.0,3,0.004295320326414019,0.0655386933529653,0.07817996322540358,
2718,100,5,46.2,70.5,77.4,1.22,1e-07,120,0.45,0.55,True,87.9,3,0.007828527101725205,0.08847896417638039,0.5300263259290142,
2707,100,5,77.3,37.9,79.4,2.81,1e-07,50,0.35,0.40,True,106.80000000000001,3,0.0020022200239546532,0.0447461732883903,0.8270691088583708,
2726,100,5,55.7,73.3,85.1,1.4,1e-06,50,center,center,True,76.60000000000001,3,0.003029591067389099,0.0550417211521324,5.018944607169633,
2734,100,5,33.8,12.1,29.6,2.1,1e-06,80,0.60,0.45,True,40.6,3,0.0007809420849882493,0.02794534102472627,3.5436016664017647,
2387,100,5,12.0,18.7,15.3,4.91,1e-05,50,0.35,0.40,False,900.0,2,22.435423840705795,4.736604674311104,29.02412703655122,vittima non trovata entro 15 minuti
2730,100,5,67.2,42.3,72.5,4.95,1e-06,50,0.60,0.58,True,72.5,3,0.0009317358589430975,0.030524348624386688,0.12721147340235112,
2735,100,5,38.1,10.7,33.6,4.26,1e-06,80,0.60,0.58,True,46.2,3,0.007207727753463277,0.08489833775441824,1.0345324172017725,
2736,100,5,30.2,12.5,26.3,4.98,1e-06,120,center,center,True,45.0,3,0.003080445248418892,0.05550175896689124,0.05381752446928245,
2733,100,5,68.9,26.4,67.4,2.34,1e-06,80,0.45,0.55,True,67.60000000000001,3,0.0006410102916035583,0.02531818104847894,0.18154699152569023,
2738,100,5,65.8,14.1,61.5,4.73,1e-06,120,0.45,0.55,True,52.400000000000006,3,0.000321769923490496,0.017937946468046334,3.3716998257652016,
2737,100,5,12.0,73.9,69.2,2.15,1e-06,120,0.35,0.40,True,56.5,3,0.01391914755018207,0.11797943698027241,0.2667392120519812,
2747,100,5,38.6,43.8,51.3,1.56,1e-05,50,0.35,0.40,True,43.900000000000006,3,0.0052359765278209396,0.07236004787049923,0.15164847466137965,
2732,100,5,71.1,72.9,94.8,1.07,1e-06,80,0.35,0.40,False,78.5,3,0.03440924645341439,0.1854972950029579,17.580609153963835,vittima non trovata entro 15 minuti
2745,100,5,36.6,54.2,58.5,2.9,1e-05,25,0.60,0.58,True,47.2,3,0.0031165541484017615,0.05582610633388076,0.23471469256560684,
2731,100,5,78.6,73.6,100.6,2.23,1e-06,80,center,center,True,92.4,3,0.0033509920479978606,0.05788775386899945,0.28669689835401585,
2742,100,5,60.1,60.9,78.5,2.37,1e-05,25,0.35,0.40,True,64.5,3,0.0045843648345559275,0.06770793775146255,2.26199442493838,
2739,100,5,53.0,67.1,78.5,3.7,1e-06,120,0.60,0.45,True,70.9,3,0.002462446235246007,0.04962304137440598,0.35533993633487815,
2741,100,5,15.0,79.7,75.3,3.07,1e-05,25,center,center,True,66.9,3,0.006566559070481439,0.08103430798422011,3.237484921784211,
2750,100,5,11.9,74.4,69.8,4.64,1e-05,50,0.60,0.58,True,55.800000000000004,3,0.0028605532750492248,0.05348414040675259,0.037455419295671144,
2753,100,5,52.5,17.0,49.0,1.59,1e-05,80,0.45,0.55,True,44.7,3,0.0013541747128545615,0.03679911293570215,0.058658023361517396,
2751,100,5,27.6,45.2,46.1,4.52,1e-05,80,center,center,True,54.5,3,0.002123720349802933,0.046083840441123534,2.9368213167744437,
2749,100,5,71.2,25.2,69.2,1.4,1e-05,50,0.60,0.45,True,56.300000000000004,3,0.00334715716739377,0.05785462096837011,2.511774632751834,
2744,100,5,69.1,39.5,72.8,4.58,1e-05,25,0.60,0.45,True,65.3,3,0.003113789894848514,0.05580134312763909,0.12849810135419223,
2754,100,5,15.7,46.3,42.7,3.85,1e-05,80,0.60,0.45,True,43.800000000000004,3,0.0011757529580248421,0.03428925426463577,7.429977393884074,
2746,100,5,66.0,46.0,73.5,3.98,1e-05,50,center,center,True,64.5,3,0.005564907703482228,0.07459830898540683,0.010995550084452119,
2748,100,5,59.9,16.8,56.2,1.38,1e-05,50,0.45,0.55,True,63.2,3,0.004655576942899749,0.06823178836070289,0.05178361835230776,
2743,100,5,47.7,30.3,49.6,4.82,1e-05,25,0.45,0.55,True,71.5,3,0.001424892077012088,0.03774774267439164,0.1722945180557118,
2756,100,5,39.5,25.3,40.0,1.53,1e-05,120,center,center,True,38.300000000000004,3,0.002255219942849669,0.047489156055352984,0.44051365512346013,
2752,100,5,43.6,30.4,46.2,2.99,1e-05,80,0.35,0.40,True,55.5,3,0.002419019490865723,0.04918352865406998,1.1611782708728189,
2761,100,5,31.7,18.3,29.8,3.76,1e-07,25,center,center,True,28.8,3,0.02763425970190453,0.1662355548668952,3.8318915042842585,
2757,100,5,16.4,55.9,52.2,4.14,1e-05,120,0.35,0.40,True,47.0,3,0.002516494137568103,0.050164670212890894,0.12954660228930479,
2740,100,5,80.6,25.5,78.3,4.91,1e-06,120,0.60,0.58,True,88.80000000000001,3,0.003557219321195287,0.059642428867336436,0.1551125065792614,
2755,100,5,43.5,41.6,53.2,3.49,1e-05,80,0.60,0.58,True,61.0,3,0.0026686291466153167,0.05165877608514662,0.11039254912797479,
2758,100,5,72.0,16.1,67.9,2.04,1e-05,120,0.45,0.55,True,53.900000000000006,3,0.005702804734504019,0.07551691687631334,0.06848337333150314,
2759,100,5,70.2,52.2,80.5,3.95,1e-05,120,0.60,0.45,True,62.0,3,0.0031344132234580767,0.05598583055968784,0.07687423802112019,
2760,100,5,70.7,28.9,69.9,4.59,1e-05,120,0.60,0.58,True,71.7,3,0.004702157927041727,0.06857228249840985,0.03908956095901175,
2775,100,5,29.7,28.4,34.0,3.05,1e-07,80,0.60,0.58,True,44.6,3,0.0023602586771060098,0.048582493524993234,0.5814487012364842,
2784,100,5,13.1,16.1,13.8,4.68,1e-06,25,0.60,0.45,True,17.0,3,0.04666393441269366,0.21601836591524726,1.9856637311715064,
2779,100,5,32.2,23.0,32.7,4.98,1e-07,120,0.60,0.45,True,42.1,3,0.0115626194892118,0.10752962145014647,2.3634688407979936,
2763,100,5,10.8,48.7,44.1,4.4,1e-07,25,0.45,0.55,True,71.3,3,0.002401352658385353,0.049003598422823536,0.5444989776397163,
2770,100,5,27.8,40.4,42.2,3.89,1e-07,50,0.60,0.58,True,62.300000000000004,3,0.0049607623049937,0.07043267924048964,0.2007270978841331,
2764,100,5,42.0,40.5,51.3,2.64,1e-07,25,0.60,0.45,True,77.7,3,0.0021626360074542524,0.046504150432560884,1.0286922896558106,
2781,100,5,38.8,23.3,38.4,3.8,1e-06,25,center,center,True,53.6,3,0.0018985467032289847,0.04357231578914512,0.1785540754464927,
2782,100,5,32.3,62.9,64.0,2.65,1e-06,25,0.35,0.40,True,60.0,3,0.002316472137286611,0.0481297427510953,0.3232603248594135,
2772,100,5,51.5,32.7,54.1,3.39,1e-07,80,0.35,0.40,True,75.7,3,0.0023610441730175314,0.04859057699819515,0.3857168636220061,
2768,100,5,70.4,45.2,76.8,1.48,1e-07,50,0.45,0.55,True,81.30000000000001,3,0.0013575968923687,0.036845581721133135,0.7175559836587144,
2769,100,5,53.4,37.6,58.4,3.59,1e-07,50,0.60,0.45,True,79.30000000000001,3,0.005487714678949011,0.07407911094869464,0.6846092113759645,
2783,100,5,59.8,17.8,56.3,2.11,1e-06,25,0.45,0.55,True,53.400000000000006,3,0.0012822722102817418,0.03580882866391669,1.6288396955893354,
2767,100,5,45.1,48.2,58.9,1.95,1e-07,50,0.35,0.40,True,81.4,3,0.0036861275889491026,0.06071348770206751,0.17714405639219866,
2766,100,5,55.8,25.8,54.9,4.56,1e-07,50,center,center,True,88.80000000000001,3,0.0010636533226521107,0.03261369838966612,0.22077603542606217,
2776,100,5,48.6,53.6,65.3,3.21,1e-07,120,center,center,True,82.7,3,0.003792065670629915,0.06157975049178029,0.5762256399651711,
2774,100,5,61.8,45.2,69.6,3.44,1e-07,80,0.60,0.45,True,87.0,3,0.003127714645263942,0.05592597469212264,0.28098800577155847,
2777,100,5,69.7,36.2,71.8,4.73,1e-07,120,0.35,0.40,True,83.5,3,0.0023110945644443113,0.048073844910141224,0.960838946552006,
2765,100,5,14.2,76.1,71.6,1.36,1e-07,25,0.60,0.58,True,99.60000000000001,3,0.004647413805288246,0.06817194294787443,0.2919849186431783,
2787,100,5,11.3,28.2,24.0,2.82,1e-06,50,0.35,0.40,True,39.800000000000004,3,0.0029707167293749736,0.05450428175267493,0.17739743255515833,
2773,100,5,66.6,76.6,94.4,2.3,1e-07,80,0.45,0.55,True,96.4,3,0.003178786980543723,0.056380732351963316,0.2133790640861491,
2789,100,5,9.2,28.2,23.6,1.33,1e-06,50,0.60,0.45,True,37.0,3,0.0018647353879531778,0.04318258199729583,0.9802990641607491,
2762,100,5,76.0,80.6,103.7,3.63,1e-07,25,0.35,0.40,False,117.10000000000001,3,0.019698418234764457,0.14035105355772878,14.23331764248856,vittima non trovata entro 15 minuti
2778,100,5,77.5,11.8,72.8,1.35,1e-07,120,0.45,0.55,False,92.2,3,0.01329297689399029,0.11529517289978054,11.813193352748383,vittima non trovata entro 15 minuti
2771,100,5,77.2,59.1,90.3,2.14,1e-07,80,center,center,True,106.4,3,0.00368697313401867,0.06072045070664965,0.5758083853342618,
2780,100,5,66.0,69.9,89.1,3.93,1e-07,120,0.60,0.58,True,93.60000000000001,3,0.018342035019623427,0.13543276937146131,0.47248902142413407,
2788,100,5,17.8,64.2,60.5,2.67,1e-06,50,0.45,0.55,True,58.800000000000004,3,0.0010462889617157986,0.03234639024243352,0.8746744219248833,
2791,100,5,58.1,27.3,57.6,1.55,1e-06,80,center,center,True,61.900000000000006,3,0.0072595628598832885,0.08520306837129335,0.13369596983299634,
2790,100,5,53.6,59.2,72.8,2.0,1e-06,50,0.60,0.58,True,67.60000000000001,3,0.00266690776228163,0.051642112294924866,0.3297096397010721,
2794,100,5,13.4,59.8,55.5,4.65,1e-06,80,0.60,0.45,True,56.5,3,0.007464540344998151,0.0863975714068292,0.34387866491060487,
2785,100,5,70.8,76.1,96.9,3.28,1e-06,25,0.60,0.58,True,90.9,3,0.0028849741042635347,0.0537119549473256,0.16064153380082344,
2792,100,5,68.3,45.9,75.4,2.64,1e-06,80,0.35,0.40,True,68.10000000000001,3,0.0013070396415068063,0.036153003215594774,1.36046961695419,
2786,100,5,79.8,39.9,82.6,2.21,1e-06,50,center,center,True,85.80000000000001,3,0.02661180409526081,0.16313124806504978,3.31636416583311,
2796,100,5,50.0,37.7,55.6,2.73,1e-06,120,center,center,True,61.400000000000006,3,0.002538903764218059,0.05038753580220071,0.29556860447070327,
2807,100,5,45.3,22.3,43.9,1.21,1e-05,50,0.35,0.40,True,47.400000000000006,3,0.00229954181351813,0.047953538070909116,0.21625534921782563,
2802,100,5,46.1,26.2,46.2,4.03,1e-05,25,0.35,0.40,True,55.6,3,0.002285029542339331,0.04780198261933631,2.4756590188325234,
2795,100,5,33.1,74.7,75.1,4.45,1e-06,80,0.60,0.58,True,66.60000000000001,3,0.02415562971442988,0.1554208149329744,1.6223106844775423,
2793,100,5,66.3,72.7,91.3,4.03,1e-06,80,0.45,0.55,True,70.4,3,0.013805221920848118,0.11749562511365313,7.7093377274972825,
2803,100,5,70.8,57.6,84.2,1.53,1e-05,25,0.45,0.55,True,59.0,3,0.0017028120921249034,0.041265143791399825,0.10666519906719114,
2799,100,5,21.4,77.7,74.5,1.61,1e-06,120,0.60,0.45,True,65.4,3,0.0021375691837595794,0.0462338532220664,0.17044102784152404,
2801,100,5,34.6,51.6,55.2,3.18,1e-05,25,center,center,True,66.0,3,0.006997887186326842,0.08365337522375796,1.9106639550934559,
2797,100,5,50.6,73.9,82.6,3.16,1e-06,120,0.35,0.40,True,72.5,3,0.010331267723642647,0.10164284393720321,3.1059020905461057,
2804,100,5,42.8,72.4,77.3,3.49,1e-05,25,0.60,0.45,True,63.1,3,0.005425909635366011,0.07366077406168096,1.711181730522951,
2811,100,5,18.7,48.0,45.2,3.6,1e-05,80,center,center,True,44.1,3,0.0044163631664016776,0.0664557233532348,6.660631660767853,
2826,100,5,11.5,14.0,11.1,2.31,1e-07,50,center,center,True,0.2,5,0.0001912021678710221,0.013827587203522606,1.0424498592742555,
2798,100,5,73.2,28.3,72.1,1.97,1e-06,120,0.45,0.55,True,73.0,3,0.0051137654125379736,0.0715105965052591,0.24612983319996157,
2805,100,5,41.9,19.8,39.8,4.19,1e-05,25,0.60,0.58,True,61.300000000000004,3,0.0010423795108236195,0.032285902663912305,3.27879692615752,
2806,100,5,63.7,66.1,84.7,3.65,1e-05,50,center,center,True,64.3,3,0.003019680326233937,0.05495161804927983,0.08284402563338361,
2808,100,5,49.5,57.9,69.1,1.61,1e-05,50,0.45,0.55,True,58.800000000000004,3,0.003607392105842422,0.060061569292205665,0.07233065068377095,
2800,100,5,75.4,33.7,76.0,2.39,1e-06,120,0.60,0.58,True,73.9,3,0.004887419290860793,0.06991008003757966,0.14403542322571727,
2809,100,5,61.6,22.3,59.2,3.95,1e-05,50,0.60,0.45,True,64.9,3,0.0038559904072777117,0.06209662154479672,4.527233524819472,
2812,100,5,33.9,38.6,44.3,3.59,1e-05,80,0.35,0.40,True,49.2,3,0.002743646048744368,0.052379824825445606,0.11970007068299263,
2815,100,5,35.6,17.8,33.1,3.48,1e-05,80,0.60,0.58,True,41.400000000000006,3,0.002611287731660399,0.05110076057810098,3.113533113702757,
2810,100,5,48.5,58.1,68.6,3.23,1e-05,50,0.60,0.58,True,68.5,3,0.006126975603869992,0.0782749998650271,0.14878601811256106,
2817,100,5,36.9,51.9,56.7,2.13,1e-05,120,0.35,0.40,True,44.800000000000004,3,0.006997571881822078,0.08365149061327047,0.06687820654461514,
2819,100,5,34.5,19.9,33.1,2.94,1e-05,120,0.60,0.45,True,39.7,3,0.0018950265140024818,0.04353190225573059,2.5143401600542097,
2816,100,5,54.3,27.4,54.1,3.54,1e-05,120,center,center,True,50.7,3,0.0031718076766592746,0.05631880393491391,0.03788635359026146,
2813,100,5,70.7,48.3,78.7,1.58,1e-05,80,0.45,0.55,True,60.1,3,0.00562847464157932,0.07502316070107497,0.1969226362651711,
2840,100,5,22.9,17.0,21.6,2.55,1e-07,120,0.60,0.58,True,13.5,3,0.0015547680198250246,0.03943054678577289,0.9707092205235534,
2820,100,5,50.4,65.9,76.0,1.71,1e-05,120,0.60,0.58,True,59.5,3,0.0015411441021000256,0.039257408244814454,0.25624269527217153,
2814,100,5,58.2,54.3,72.5,4.27,1e-05,80,0.60,0.45,True,73.10000000000001,3,0.0029245282749255997,0.054078907856257595,0.010804799033400739,
2828,100,5,30.3,30.8,36.1,4.21,1e-07,50,0.45,0.55,True,46.7,3,0.00258521669189974,0.05084502622577493,0.7390704877517141,
2833,100,5,13.5,40.2,36.2,3.05,1e-07,80,0.45,0.55,True,50.900000000000006,3,0.024831448111846482,0.15757997370175716,0.8501304894528932,
2825,100,5,42.3,27.2,43.4,2.06,1e-07,25,0.60,0.58,True,56.900000000000006,3,0.005886346071130258,0.07672252649079185,3.7430350611990386,
2818,100,5,74.4,49.9,82.6,3.69,1e-05,120,0.45,0.55,True,79.60000000000001,3,0.0030812941330996867,0.05550940580748173,0.13167124881675704,
2832,100,5,21.1,39.6,38.1,4.77,1e-07,80,0.35,0.40,True,58.400000000000006,3,0.0021524224385221793,0.046394206950029646,0.20335950497255156,
2830,100,5,67.0,17.4,63.2,1.37,1e-07,50,0.60,0.58,False,64.3,3,0.04776663695039478,0.21855579825388935,27.374934670277256,vittima non trovata entro 15 minuti
2821,100,5,28.7,58.2,58.2,3.01,1e-07,25,center,center,True,80.30000000000001,3,0.022428388720605114,0.14976110550007674,3.6387069379802224,
2823,100,5,69.6,60.1,84.9,1.97,1e-07,25,0.45,0.55,True,83.80000000000001,3,0.0032800257481105342,0.05727150904341996,0.2492072202398997,
2827,100,5,26.8,44.5,45.1,3.49,1e-07,50,0.35,0.40,True,75.2,3,0.0022153327778693553,0.0470673217622307,0.2288821800772411,
2836,100,5,28.8,33.2,36.9,2.9,1e-07,120,center,center,True,57.300000000000004,3,0.01603874649804748,0.1266441727757242,1.792678610518915,
2837,100,5,44.9,20.2,42.7,3.9,1e-07,120,0.35,0.40,True,56.2,3,0.07350031080008318,0.27110940743560186,9.332099302115804,
2824,100,5,19.8,71.1,67.7,1.42,1e-07,25,0.60,0.45,True,89.7,3,0.0035761996069162308,0.05980133449109836,0.05913783480081528,
2831,100,5,46.3,39.2,53.6,1.7,1e-07,80,center,center,True,77.5,3,0.0057994761465290715,0.07615429171444688,0.19281225070086286,
2829,100,5,41.9,45.3,54.6,1.08,1e-07,50,0.60,0.45,True,80.80000000000001,3,0.004543570698234119,0.06740601381356207,0.28808784152831685,
2834,100,5,36.6,44.3,50.4,1.38,1e-07,80,0.60,0.45,True,81.7,3,0.006497770463255954,0.08060874929718209,0.5034374977486195,
2849,100,5,13.8,19.8,17.2,1.6,1e-06,50,0.60,0.45,True,26.900000000000002,3,0.01816825339589728,0.13478966353506963,3.127994220176114,
2842,100,5,40.8,48.2,56.1,4.52,1e-06,25,0.35,0.40,True,66.8,3,0.0048345549002512195,0.06953096360795828,0.11815111818699117,
2843,100,5,39.0,40.4,49.1,1.44,1e-06,25,0.45,0.55,True,58.5,3,0.002104616725215673,0.04587610189647408,0.17891358924417539,
2822,100,5,80.8,34.5,81.4,2.95,1e-07,25,0.35,0.40,True,103.80000000000001,3,0.002647560788103836,0.051454453530319764,1.2502555267469306,
2841,100,5,80.8,39.2,83.2,3.35,1e-06,25,center,center,True,76.4,3,0.0026465183621819125,0.05144432293442992,0.0480380049534104,
2835,100,5,36.6,49.6,54.6,2.42,1e-07,80,0.60,0.58,True,83.60000000000001,3,0.005856472555613936,0.07652759342625336,0.1303743665949051,
2844,100,5,25.2,61.6,60.1,1.62,1e-06,25,0.60,0.45,True,61.7,3,0.004229892532454032,0.06503762397608043,0.1900108979680423,
2838,100,5,56.3,40.4,62.3,4.5,1e-07,120,0.45,0.55,True,82.0,3,0.00547761671467619,0.07401092294165902,0.2388040416621801,
2845,100,5,60.4,55.1,74.7,1.07,1e-06,25,0.60,0.58,True,70.9,3,0.004505205444022521,0.06712082720007644,0.17371807290732874,
2493,100,5,75.4,13.5,70.9,2.36,1e-06,80,0.45,0.55,False,900.0,2,1.5777218104420236e-30,1.2560739669470201e-15,0.13674714498613166,vittima non trovata entro 15 minuti
2492,100,5,78.8,11.1,74.1,2.73,1e-06,80,0.35,0.40,False,900.0,2,0.0,0.0,1.1677170780162538,vittima non trovata entro 15 minuti
2850,100,5,22.2,62.3,59.8,3.17,1e-06,50,0.60,0.58,True,60.800000000000004,3,0.0018666669312438562,0.04320494105127163,0.16597074581494764,
2853,100,5,18.6,37.9,35.6,1.63,1e-06,80,0.45,0.55,True,50.800000000000004,3,0.007495015263345135,0.08657375620443608,0.46933353222066304,
2846,100,5,67.9,69.3,90.0,1.93,1e-06,50,center,center,True,83.2,3,0.025277913533349246,0.15899029383377228,3.8625203783645246,
2839,100,5,76.6,67.3,94.9,1.05,1e-07,120,0.60,0.45,True,108.10000000000001,3,0.008624900033752917,0.0928703399032916,0.3600902930816253,
2848,100,5,76.2,40.5,79.6,1.26,1e-06,50,0.45,0.55,True,74.60000000000001,3,0.02116607995521197,0.1454856692434412,1.5181526039988378,
2847,100,5,57.0,68.0,81.7,3.14,1e-06,50,0.35,0.40,True,76.10000000000001,3,0.016309016260263706,0.12770675886680277,0.20543231168291176,
2857,100,5,34.7,12.4,30.6,4.62,1e-06,120,0.35,0.40,True,48.300000000000004,3,1.2931665836268005e-06,0.0011371748254454107,4.033470781189303,
2866,100,5,35.7,13.5,31.9,2.17,1e-05,50,center,center,True,38.2,3,0.0033841615180850953,0.05817354654896928,0.11576844824368493,
2854,100,5,66.1,10.6,61.3,1.39,1e-06,80,0.60,0.45,True,59.2,3,0.0014302611551622153,0.03781879367671866,2.110444636660329,
2852,100,5,60.7,50.1,71.7,2.99,1e-06,80,0.35,0.40,True,69.4,3,0.0017735144697605559,0.04211311517521063,1.3588046990633447,
2863,100,5,22.4,56.9,54.7,2.43,1e-05,25,0.45,0.55,True,43.2,3,0.004329710721846524,0.06580053739785507,0.9862651779355619,
2501,100,5,19.4,21.3,21.8,2.99,1e-05,25,center,center,False,900.0,0,nan,nan,nan,vittima non trovata entro 15 minuti
2855,100,5,18.0,77.8,73.9,2.76,1e-06,80,0.60,0.58,False,63.1,3,0.027086159558579646,0.16457873361579753,10.85651322715894,vittima non trovata entro 15 minuti
2859,100,5,10.0,77.4,72.6,2.44,1e-06,120,0.60,0.45,True,60.800000000000004,3,0.009208996208873969,0.09596351498811394,3.2230393482666826,
2851,100,5,76.4,44.2,81.4,3.85,1e-06,80,center,center,True,74.4,3,0.0016847849247732716,0.041046131666373525,0.29320247724813375,
2858,100,5,25.3,62.0,60.5,2.08,1e-06,120,0.45,0.55,True,64.4,3,0.004174917343699815,0.06461360029978067,0.7529095989444614,
2865,100,5,38.1,73.0,75.6,1.4,1e-05,25,0.60,0.58,True,51.900000000000006,3,0.0028583073661544852,0.053463140257138705,0.3613507756424628,
2856,100,5,66.1,60.0,82.3,2.64,1e-06,120,center,center,True,69.4,3,0.00580851004579465,0.07621358176725884,0.09466284903801797,
2874,100,5,10.4,9.6,7.1,4.43,1e-05,80,0.60,0.45,True,19.700000000000003,3,0.024540995554426057,0.15665565918416754,2.1792767767687353,
2861,100,5,52.5,75.6,85.0,1.53,1e-05,25,center,center,True,63.1,3,0.03548666070900504,0.18837903468540504,1.4320664320839942,
2864,100,5,74.2,30.7,73.8,2.93,1e-05,25,0.60,0.45,True,58.300000000000004,3,0.002739220968328073,0.05233756746666846,5.476408070501546,
2871,100,5,21.6,38.5,37.4,3.81,1e-05,80,center,center,True,42.400000000000006,3,0.0024499547204470864,0.04949701728838907,3.994022941629804,
2868,100,5,21.5,59.6,57.0,2.99,1e-05,50,0.45,0.55,True,55.1,3,0.0013391875960772205,0.036594912161080816,1.4389643818165412,
2860,100,5,71.4,46.3,78.2,2.32,1e-06,120,0.60,0.58,True,72.7,3,0.004294069681103909,0.06552915138397497,0.20329051452522692,
2867,100,5,37.3,73.1,75.4,2.85,1e-05,50,0.35,0.40,True,64.0,3,0.0012811236928069766,0.03579278827930253,0.15895209052959852,
2869,100,5,72.6,27.7,71.3,3.81,1e-05,50,0.60,0.45,True,56.1,3,0.0016587068753786684,0.040727225235445,5.2033325170561335,
2873,100,5,52.4,12.6,48.0,2.48,1e-05,80,0.45,0.55,True,43.300000000000004,3,0.004895135792994753,0.069965247037331,0.16927697737024966,
2875,100,5,53.7,45.3,63.2,3.39,1e-05,80,0.60,0.58,True,52.2,3,0.002805842292658875,0.052970201931452694,0.056964995500896384,
2872,100,5,68.1,38.8,71.6,2.69,1e-05,80,0.35,0.40,True,64.60000000000001,3,0.006599771428421164,0.08123897727335791,2.3800150914340956,
2870,100,5,69.2,74.1,94.4,3.75,1e-05,50,0.60,0.58,True,75.2,3,0.0037374095954815674,0.061134356915580355,0.08529213952133179,
2880,100,5,20.5,24.7,25.0,3.76,1e-05,120,0.60,0.58,True,52.800000000000004,3,0.0026955585347352698,0.051918768617285886,1.7870247145822498,
2877,100,5,71.6,40.9,75.7,4.16,1e-05,120,0.35,0.40,True,60.400000000000006,3,0.003200072182640028,0.05656918050175403,3.3928269627319034,
2876,100,5,53.2,68.1,79.4,3.21,1e-05,120,center,center,True,64.7,3,0.037121567580475044,0.1926695813575019,3.466424779181648,
2878,100,5,59.5,31.6,60.7,2.75,1e-05,120,0.45,0.55,True,66.60000000000001,3,0.003978552568288695,0.06307576847164603,0.04481009565734301,
2879,100,5,49.2,64.6,74.2,4.91,1e-05,120,0.60,0.45,True,70.0,3,0.004475825357837141,0.06690160953099067,0.04230376035885244,
2900,200,3,75.3,164.1,174.0,3.15,1e-07,120,0.60,0.58,True,147.9,3,0.012164416559055827,0.11029241387808968,0.34643243266473767,
2569,100,5,12.6,25.9,22.3,2.32,1e-05,50,0.60,0.45,False,900.0,2,1.3686095163718707e-09,3.6994722817881346e-05,40.973402873846496,vittima non trovata entro 15 minuti
2892,200,3,88.3,120.8,142.6,2.2,1e-07,80,0.35,0.40,True,425.0,3,0.001344820585373204,0.0366717955024458,0.3461675155059724,
2624,100,5,25.1,25.5,28.7,4.54,1e-05,25,0.60,0.45,False,900.0,1,nan,nan,28.886095622194578,vittima non trovata entro 15 minuti
2909,200,3,59.7,78.5,91.6,2.79,1e-06,50,0.60,0.45,True,115.9,3,0.004092219794930919,0.06397046033077235,6.124337581077641,
2668,100,5,68.0,19.2,64.6,3.31,1e-06,50,0.45,0.55,False,900.0,2,1.262177448353619e-29,3.552713678800501e-15,2.7709645319812473,vittima non trovata entro 15 minuti
2687,100,5,17.1,29.8,27.6,4.78,1e-05,50,0.35,0.40,False,900.0,2,0.01042931650890613,0.10212402513075035,10.595483714402132,vittima non trovata entro 15 minuti
2693,100,5,11.2,34.0,29.6,4.6,1e-05,80,0.45,0.55,False,900.0,2,0.0,0.0,29.22494729538725,vittima non trovata entro 15 minuti
2891,200,3,166.7,28.3,163.4,2.0,1e-07,80,center,center,False,900.0,1,nan,nan,31.882981318256366,vittima non trovata entro 15 minuti
2881,200,3,132.5,55.7,137.2,1.23,1e-07,25,center,center,False,900.0,2,6.560864885226754,2.5614185298827588,4.570799020404597,vittima non trovata entro 15 minuti
2888,200,3,163.6,121.6,196.9,4.1,1e-07,50,0.45,0.55,False,900.0,2,527.3535899814162,22.964180585891068,28.90029435665465,vittima non trovata entro 15 minuti
2885,200,3,45.5,62.6,70.4,1.4,1e-07,25,0.60,0.58,False,900.0,1,nan,nan,28.923815609981784,vittima non trovata entro 15 minuti
2882,200,3,97.4,47.4,101.7,3.91,1e-07,25,0.35,0.40,False,900.0,1,nan,nan,3.666958286133375,vittima non trovata entro 15 minuti
2886,200,3,29.0,141.4,138.5,4.42,1e-07,50,center,center,False,900.0,1,nan,nan,26.800430559973123,vittima non trovata entro 15 minuti
2883,200,3,128.0,135.5,179.3,1.18,1e-07,25,0.45,0.55,False,900.0,2,4.0389678347315804e-28,2.0097183471152322e-14,0.10396761601141309,vittima non trovata entro 15 minuti
2890,200,3,137.7,83.3,154.1,4.34,1e-07,50,0.60,0.58,False,900.0,2,0.0,0.0,0.23159340761389716,vittima non trovata entro 15 minuti
2887,200,3,144.1,147.0,198.8,2.23,1e-07,50,0.35,0.40,False,900.0,2,4.0389678347315804e-28,2.0097183471152322e-14,0.7782570101924519,vittima non trovata entro 15 minuti
2884,200,3,91.8,156.5,174.6,4.18,1e-07,25,0.60,0.45,False,900.0,2,2.0194839173657902e-28,1.4210854715202004e-14,1.3599930603307966,vittima non trovata entro 15 minuti
2895,200,3,166.6,163.9,226.6,3.16,1e-07,80,0.60,0.58,False,900.0,1,nan,nan,5.109080557540832,vittima non trovata entro 15 minuti
2893,200,3,144.6,21.5,140.5,4.17,1e-07,80,0.45,0.55,False,900.0,1,nan,nan,0.5850068497185998,vittima non trovata entro 15 minuti
2894,200,3,85.2,146.6,162.7,2.0,1e-07,80,0.60,0.45,False,900.0,2,0.0,0.0,0.09939952186607394,vittima non trovata entro 15 minuti
2889,200,3,81.1,23.0,78.2,4.83,1e-07,50,0.60,0.45,False,900.0,2,6.310887241768095e-30,2.5121479338940403e-15,8.13842415164007,vittima non trovata entro 15 minuti
2897,200,3,116.3,36.1,115.6,3.87,1e-07,120,0.35,0.40,False,900.0,2,0.0,0.0,0.4079423383430674,vittima non trovata entro 15 minuti
2896,200,3,170.3,37.1,168.4,2.39,1e-07,120,center,center,False,900.0,1,nan,nan,3.2240386088619832,vittima non trovata entro 15 minuti
2898,200,3,161.7,144.3,209.7,3.74,1e-07,120,0.45,0.55,False,900.0,2,8.077935669463161e-28,2.842170943040401e-14,0.6790087809645022,vittima non trovata entro 15 minuti
2899,200,3,132.2,92.0,154.1,2.73,1e-07,120,0.60,0.45,False,900.0,2,4.0389678347315804e-28,2.0097183471152322e-14,2.1421317596964418,vittima non trovata entro 15 minuti
2901,200,3,154.9,52.1,157.1,4.18,1e-06,25,center,center,False,900.0,1,nan,nan,2.9424992650269393,vittima non trovata entro 15 minuti
2902,200,3,147.8,77.2,160.0,4.63,1e-06,25,0.35,0.40,False,900.0,2,1.5114236857250867,1.2293997257707059,4.085508531374745,vittima non trovata entro 15 minuti
2904,200,3,158.5,68.6,166.2,1.75,1e-06,25,0.60,0.45,False,900.0,1,nan,nan,2.7419238594896425,vittima non trovata entro 15 minuti
2903,200,3,79.2,56.5,90.4,2.73,1e-06,25,0.45,0.55,False,900.0,2,1.5146129380243427e-28,1.2306961192854808e-14,0.24008190000256752,vittima non trovata entro 15 minuti
2906,200,3,103.7,73.8,120.3,4.78,1e-06,50,center,center,False,900.0,1,nan,nan,4.172960343348167,vittima non trovata entro 15 minuti
2919,200,3,100.8,113.2,144.5,3.78,1e-06,120,0.60,0.45,True,119.2,3,0.0050392104300986985,0.07098739627637218,0.05754534808187944,
2905,200,3,79.0,67.5,96.8,3.38,1e-06,25,0.60,0.58,False,900.0,2,0.0,0.0,0.8296112897027886,vittima non trovata entro 15 minuti
2918,200,3,85.9,46.3,90.8,2.85,1e-06,120,0.45,0.55,True,126.30000000000001,3,0.0035869454700306266,0.059891113447911676,0.3461455943232965,
2915,200,3,58.4,160.6,164.5,4.29,1e-06,80,0.60,0.58,True,139.1,3,0.0025531070573040536,0.05052827977780417,0.22093140068966008,
2923,200,3,88.9,134.3,154.1,2.65,1e-05,25,0.45,0.55,True,115.9,3,0.0022067828260680087,0.04697640712174579,1.6585431316020354,
2920,200,3,122.6,124.5,167.7,1.84,1e-06,120,0.60,0.58,True,138.70000000000002,3,0.0030791090953132347,0.05548972062745707,0.7303526210127613,
2921,200,3,74.8,163.9,173.6,4.92,1e-05,25,center,center,True,130.4,3,0.0034114953013171965,0.05840800716782928,4.553854309040311,
2933,200,3,74.1,78.1,100.6,2.27,1e-05,80,0.45,0.55,True,106.30000000000001,3,0.012334549093053251,0.11106101518108526,1.2988148004534346,
2907,200,3,30.2,157.9,155.0,1.12,1e-06,50,0.35,0.40,False,900.0,1,nan,nan,24.313276652633927,vittima non trovata entro 15 minuti
2908,200,3,117.6,28.6,115.1,3.24,1e-06,50,0.45,0.55,False,900.0,1,2.0194839173657902e-28,1.4210854715202004e-14,0.23719556798309915,vittima non trovata entro 15 minuti
2940,200,3,69.3,81.9,100.3,2.5,1e-05,120,0.60,0.58,True,110.10000000000001,3,0.0060474483580060644,0.07776534162469849,1.4417974574579244,
2938,200,3,109.9,126.3,160.4,2.51,1e-05,120,0.45,0.55,True,186.20000000000002,3,0.0023629412070655755,0.04861009367472537,1.040856970100926,
2948,200,3,40.4,166.9,165.7,2.65,1e-07,50,0.45,0.55,True,141.70000000000002,3,0.033607479208948174,0.18332342787802156,2.9253750622006787,
2911,200,3,104.8,75.5,122.2,1.92,1e-06,80,center,center,False,900.0,1,nan,nan,9.650382360883075,vittima non trovata entro 15 minuti
2910,200,3,147.8,117.9,182.0,1.16,1e-06,50,0.60,0.58,False,900.0,2,6.058451752097371e-28,2.4613922385709617e-14,0.13388265627782853,vittima non trovata entro 15 minuti
2862,100,5,14.0,33.7,30.1,4.61,1e-05,25,0.35,0.40,False,900.0,2,1.9721522630525295e-31,4.440892098500626e-16,19.60565136054853,vittima non trovata entro 15 minuti
2912,200,3,160.5,32.7,158.0,1.42,1e-06,80,0.35,0.40,False,900.0,2,0.0,0.0,0.15835286876857305,vittima non trovata entro 15 minuti
2913,200,3,143.5,25.6,140.1,2.99,1e-06,80,0.45,0.55,False,900.0,2,4.165185579566942e-28,2.040878629308206e-14,0.06415035832295499,vittima non trovata entro 15 minuti
2914,200,3,143.7,104.0,170.4,2.4,1e-06,80,0.60,0.45,False,900.0,2,0.0,0.0,0.5474495739008727,vittima non trovata entro 15 minuti
2916,200,3,168.6,93.9,186.2,4.21,1e-06,120,center,center,False,900.0,2,0.0,0.0,2.510495725117476,vittima non trovata entro 15 minuti
2917,200,3,86.0,24.7,83.3,3.59,1e-06,120,0.35,0.40,False,900.0,2,2.145701662201152e-28,1.464821375527116e-14,0.433312318598012,vittima non trovata entro 15 minuti
2922,200,3,168.7,148.3,217.5,4.89,1e-05,25,0.35,0.40,False,900.0,1,20.865629285423186,4.567891120136642,8.447999560971695,vittima non trovata entro 15 minuti
2925,200,3,90.5,28.0,88.5,4.34,1e-05,25,0.60,0.58,False,900.0,0,nan,nan,nan,vittima non trovata entro 15 minuti
2926,200,3,128.8,52.8,132.8,2.17,1e-05,50,center,center,False,900.0,1,nan,nan,24.148956275532832,vittima non trovata entro 15 minuti
2929,200,3,34.6,45.2,49.9,3.03,1e-05,50,0.60,0.45,False,900.0,1,nan,nan,24.635552782280897,vittima non trovata entro 15 minuti
2924,200,3,139.1,119.2,176.2,1.53,1e-05,25,0.60,0.45,False,900.0,2,0.0014025346027528368,0.037450428605729426,9.850381667075187,vittima non trovata entro 15 minuti
2927,200,3,95.9,154.0,174.6,2.63,1e-05,50,0.35,0.40,False,900.0,2,3.890873200028483e-05,0.006237686430102497,20.90203901581353,vittima non trovata entro 15 minuti
2928,200,3,102.5,124.7,154.4,3.33,1e-05,50,0.45,0.55,False,900.0,2,0.0,0.0,26.432024623382315,vittima non trovata entro 15 minuti
2932,200,3,163.5,138.7,207.4,4.64,1e-05,80,0.35,0.40,False,900.0,1,8.077935669463161e-28,2.842170943040401e-14,40.36651832851327,vittima non trovata entro 15 minuti
2931,200,3,153.8,169.4,221.7,4.81,1e-05,80,center,center,False,900.0,2,0.0019028892890982291,0.04362211926417869,1.4754972557460624,vittima non trovata entro 15 minuti
2930,200,3,146.4,45.8,147.2,2.86,1e-05,50,0.60,0.58,False,900.0,2,0.0,0.0,25.86411817286095,vittima non trovata entro 15 minuti
2936,200,3,33.2,62.6,64.1,2.18,1e-05,120,center,center,False,900.0,1,5.094088669888516e-22,2.257008788172637e-11,27.881518826391865,vittima non trovata entro 15 minuti
2934,200,3,91.7,145.3,164.9,3.93,1e-05,80,0.60,0.45,False,900.0,2,8.077935669463161e-28,2.842170943040401e-14,31.55787511136423,vittima non trovata entro 15 minuti
2935,200,3,57.5,76.9,89.0,4.35,1e-05,80,0.60,0.58,False,900.0,2,3.702387181837282e-28,1.924158824483385e-14,24.380412067765736,vittima non trovata entro 15 minuti
2941,200,3,87.7,170.9,185.4,2.54,1e-07,25,center,center,False,900.0,1,nan,nan,39.87855544466661,vittima non trovata entro 15 minuti
2939,200,3,30.9,90.2,89.0,2.44,1e-05,120,0.60,0.45,False,900.0,2,0.0018913457811759178,0.04348960543826442,9.418784154139155,vittima non trovata entro 15 minuti
2937,200,3,131.8,58.7,137.7,4.49,1e-05,120,0.35,0.40,False,900.0,2,2.0194839173657902e-28,1.4210854715202004e-14,15.538080803153699,vittima non trovata entro 15 minuti
2942,200,3,143.1,111.4,174.3,1.03,1e-07,25,0.35,0.40,False,900.0,2,5.048709793414476e-28,2.2469334198890888e-14,1.4220549116902192,vittima non trovata entro 15 minuti
2943,200,3,161.0,122.1,195.0,1.75,1e-07,25,0.45,0.55,False,900.0,1,nan,nan,33.80817526491144,vittima non trovata entro 15 minuti
2959,200,3,92.6,151.2,170.4,1.79,1e-07,120,0.60,0.45,True,167.20000000000002,3,0.02213371192634237,0.14877402974424794,0.613810661622099,
2944,200,3,169.3,23.7,165.3,4.19,1e-07,25,0.60,0.45,False,900.0,1,nan,nan,13.968503252703332,vittima non trovata entro 15 minuti
2945,200,3,83.3,124.1,142.6,4.53,1e-07,25,0.60,0.58,False,900.0,1,nan,nan,8.818242362218637,vittima non trovata entro 15 minuti
2968,200,3,106.7,97.2,137.3,2.34,1e-06,50,0.45,0.55,True,133.4,3,0.002804979858219136,0.052962060554883394,0.15049034850906293,
2969,200,3,94.4,90.4,123.6,2.6,1e-06,50,0.60,0.45,True,127.7,3,0.014197648514084147,0.11915388585389965,0.14624983830962437,
2946,200,3,63.1,149.0,155.3,2.05,1e-07,50,center,center,False,900.0,2,4.0389678347315804e-28,2.0097183471152322e-14,1.4354287266420744,vittima non trovata entro 15 minuti
2947,200,3,140.8,133.2,186.8,3.7,1e-07,50,0.35,0.40,False,900.0,2,4.0389678347315804e-28,2.0097183471152322e-14,1.6517604307770228,vittima non trovata entro 15 minuti
2973,200,3,87.8,54.1,96.2,2.01,1e-06,80,0.45,0.55,True,122.5,3,0.0009203443261239433,0.030337177293280653,0.3799595140365549,
2977,200,3,76.2,122.0,137.0,1.11,1e-06,120,0.35,0.40,True,114.10000000000001,3,0.007418031431793845,0.08612799447214503,0.38465368669352407,
2979,200,3,25.7,79.3,77.1,3.89,1e-06,120,0.60,0.45,True,103.80000000000001,3,0.002827313369828991,0.0531724869629867,3.742679574252655,
2978,200,3,96.1,169.4,188.0,3.6,1e-06,120,0.45,0.55,True,128.4,3,0.00939366758631978,0.09692093471649858,8.013056380165175,
2971,200,3,102.7,20.1,98.8,2.04,1e-06,80,center,center,True,206.8,3,0.0015736050805346142,0.03966869143965571,0.30866515386647286,
2949,200,3,163.2,159.4,221.1,2.07,1e-07,50,0.60,0.45,False,900.0,2,0.0006249996518281,0.02499999303656103,0.3389353077085321,vittima non trovata entro 15 minuti
2980,200,3,32.3,140.3,138.1,2.08,1e-06,120,0.60,0.58,True,124.2,3,0.009305341726699888,0.09646419919690355,0.7610672009093374,
2950,200,3,81.9,46.7,87.5,3.18,1e-07,50,0.60,0.58,False,900.0,2,0.0,0.0,3.126701606972037,vittima non trovata entro 15 minuti
2990,200,3,83.1,114.4,134.4,4.76,1e-05,50,0.60,0.58,True,110.10000000000001,3,0.004785261079301823,0.06917558152485473,0.07543924051131883,
2983,200,3,58.3,69.9,84.0,4.07,1e-05,25,0.45,0.55,True,194.5,3,0.003295291142931635,0.05740462649413926,1.2018259526534636,
2987,200,3,110.7,53.5,116.3,2.03,1e-05,50,0.35,0.40,True,194.5,3,0.0011286432996305657,0.03359528686632346,1.2889522806773872,
2951,200,3,100.7,37.7,101.1,1.13,1e-07,80,center,center,False,900.0,2,0.0,0.0,14.815736952711154,vittima non trovata entro 15 minuti
2952,200,3,42.0,116.9,117.8,3.22,1e-07,80,0.35,0.40,False,900.0,1,nan,nan,44.852627086394705,vittima non trovata entro 15 minuti
2992,200,3,107.1,97.5,137.8,1.7,1e-05,80,0.35,0.40,True,175.60000000000002,3,0.0004741878567742444,0.021775854903407225,0.8226549102356326,
2994,200,3,65.3,165.3,171.2,3.19,1e-05,80,0.60,0.45,True,122.80000000000001,3,0.005106261527134749,0.07145811029641597,0.1412955088580365,
2997,200,3,65.5,109.3,120.6,1.01,1e-05,120,0.35,0.40,True,93.9,3,0.0016133434234424674,0.04016644648761535,0.08057860995494719,
2953,200,3,144.0,25.5,140.5,2.82,1e-07,80,0.45,0.55,False,900.0,1,nan,nan,0.7045105166577829,vittima non trovata entro 15 minuti
2998,200,3,86.0,125.5,145.2,4.06,1e-05,120,0.45,0.55,True,113.9,3,0.0027064449615790834,0.05202350393407852,1.680736625033934,
2954,200,3,144.1,36.8,142.7,1.49,1e-07,80,0.60,0.45,False,900.0,1,nan,nan,7.8981260091152645,vittima non trovata entro 15 minuti
2955,200,3,54.2,61.7,75.0,1.42,1e-07,80,0.60,0.58,False,900.0,2,5.048709793414476e-29,7.105427357601002e-15,0.7807874327683977,vittima non trovata entro 15 minuti
2956,200,3,163.9,66.6,170.5,4.31,1e-07,120,center,center,False,900.0,1,nan,nan,8.390306574763258,vittima non trovata entro 15 minuti
2957,200,3,132.8,78.8,147.6,2.06,1e-07,120,0.35,0.40,False,900.0,2,0.0,0.0,0.693333094913877,vittima non trovata entro 15 minuti
2970,200,3,51.3,62.1,73.5,3.0,1e-06,50,0.60,0.58,False,900.0,1,13.824256937808084,3.71809856483231,7.582842743576193,vittima non trovata entro 15 minuti
2958,200,3,122.4,85.4,142.3,4.38,1e-07,120,0.45,0.55,False,900.0,2,3.0292258760486853e-28,1.7404671430534633e-14,0.15257255390526306,vittima non trovata entro 15 minuti
2960,200,3,21.8,150.9,146.9,1.92,1e-07,120,0.60,0.58,False,900.0,2,0.0,0.0,4.512829195645967,vittima non trovata entro 15 minuti
2961,200,3,39.5,117.0,117.2,3.41,1e-06,25,center,center,False,900.0,1,nan,nan,4.063215113500168,vittima non trovata entro 15 minuti
2962,200,3,81.2,69.3,99.7,4.08,1e-06,25,0.35,0.40,False,900.0,2,2.0194839173657902e-28,1.4210854715202004e-14,3.2092032269250943,vittima non trovata entro 15 minuti
2963,200,3,94.1,29.8,92.5,4.23,1e-06,25,0.45,0.55,False,900.0,2,0.0,0.0,0.0948955223000174,vittima non trovata entro 15 minuti
2966,200,3,42.0,94.8,97.1,1.29,1e-06,50,center,center,False,900.0,1,nan,nan,31.068087836174332,vittima non trovata entro 15 minuti
2967,200,3,111.0,56.6,117.9,1.36,1e-06,50,0.35,0.40,False,900.0,1,nan,nan,14.991975362527786,vittima non trovata entro 15 minuti
2965,200,3,48.7,114.3,117.7,4.43,1e-06,25,0.60,0.58,False,900.0,2,5.048709793414476e-28,2.2469334198890888e-14,133.89538386681164,vittima non trovata entro 15 minuti
2964,200,3,169.4,128.9,205.8,2.84,1e-06,25,0.60,0.45,False,900.0,2,0.0,0.0,0.7349841623556993,vittima non trovata entro 15 minuti
2972,200,3,157.3,75.5,167.8,1.44,1e-06,80,0.35,0.40,False,900.0,2,1.0097419586828951e-28,1.0048591735576161e-14,0.6194083827075202,vittima non trovata entro 15 minuti
2974,200,3,127.7,124.6,171.3,4.66,1e-06,80,0.60,0.45,False,900.0,2,0.0,0.0,0.10543274489283437,vittima non trovata entro 15 minuti
2976,200,3,170.5,78.1,180.9,2.53,1e-06,120,center,center,False,900.0,2,1.0097419586828951e-28,1.0048591735576161e-14,3.2837408010585474,vittima non trovata entro 15 minuti
2975,200,3,123.2,127.2,170.0,3.85,1e-06,80,0.60,0.58,False,900.0,2,2.0194839173657902e-28,1.4210854715202004e-14,1.0601597967784555,vittima non trovata entro 15 minuti
2981,200,3,135.0,59.9,141.2,1.7,1e-05,25,center,center,False,900.0,1,2.0194839173657902e-28,1.4210854715202004e-14,26.627381347554856,vittima non trovata entro 15 minuti
3012,200,3,30.8,153.9,151.1,4.28,1e-07,80,0.35,0.40,False,175.8,3,0.010927157139280972,0.10453304328910056,13.587145387667212,vittima non trovata entro 15 minuti
2982,200,3,24.7,154.7,151.0,2.3,1e-05,25,0.35,0.40,False,900.0,2,363.6519070320532,19.069659331830056,26.43500925544861,vittima non trovata entro 15 minuti
2984,200,3,54.0,83.0,92.1,1.12,1e-05,25,0.60,0.45,False,900.0,1,nan,nan,28.003364559560005,vittima non trovata entro 15 minuti
2986,200,3,103.5,95.1,133.5,3.73,1e-05,50,center,center,False,900.0,1,3.0292258760486853e-28,1.7404671430534633e-14,25.977249508857952,vittima non trovata entro 15 minuti
3017,200,3,67.1,81.6,98.6,3.67,1e-07,120,0.35,0.40,True,115.60000000000001,3,0.0065059407199099355,0.08065941184951658,0.11642107500375828,
2985,200,3,67.4,138.6,147.4,4.94,1e-05,25,0.60,0.58,False,900.0,0,nan,nan,nan,vittima non trovata entro 15 minuti
3018,200,3,96.7,144.5,167.0,2.64,1e-07,120,0.45,0.55,True,137.5,3,0.024858725250374327,0.15766650008918928,4.91294717092502,
2988,200,3,113.0,52.1,117.9,4.51,1e-05,50,0.45,0.55,False,900.0,1,nan,nan,33.67754225490114,vittima non trovata entro 15 minuti
2989,200,3,92.5,119.9,144.4,1.93,1e-05,50,0.60,0.45,False,900.0,2,1.0097419586828951e-28,1.0048591735576161e-14,35.21074453197266,vittima non trovata entro 15 minuti
2991,200,3,90.2,127.6,149.3,2.28,1e-05,80,center,center,False,900.0,1,3.553955872614089e-05,0.005961506414165876,26.591017331379213,vittima non trovata entro 15 minuti
2993,200,3,147.4,23.2,143.5,1.68,1e-05,80,0.45,0.55,False,900.0,2,4.047785581904128e-06,0.0020119109279250233,0.5534854144276619,vittima non trovata entro 15 minuti
2996,200,3,32.1,135.1,132.9,2.36,1e-05,120,center,center,False,900.0,2,5.503836368742998e-05,0.007418784515500499,5.263949417791568,vittima non trovata entro 15 minuti
2995,200,3,129.9,55.6,134.8,2.11,1e-05,80,0.60,0.58,False,900.0,1,4.712129140520177e-28,2.1707439140811097e-14,24.557621551831073,vittima non trovata entro 15 minuti
2999,200,3,94.8,136.3,159.1,4.2,1e-05,120,0.60,0.45,False,900.0,1,451.1443963573668,21.240159988977645,25.098364274509592,vittima non trovata entro 15 minuti
3000,200,3,105.0,114.0,147.9,4.14,1e-05,120,0.60,0.58,False,900.0,1,4.712129140520177e-28,2.1707439140811097e-14,35.13112937393275,vittima non trovata entro 15 minuti
3001,200,3,147.1,117.7,181.4,2.26,1e-07,25,center,center,False,900.0,1,nan,nan,26.198893663007528,vittima non trovata entro 15 minuti
3003,200,3,79.4,65.0,95.6,2.24,1e-07,25,0.45,0.55,False,900.0,2,2.0194839173657902e-28,1.4210854715202004e-14,0.10796227273417566,vittima non trovata entro 15 minuti
3002,200,3,62.0,76.1,91.1,4.35,1e-07,25,0.35,0.40,False,900.0,2,1.5146129380243427e-28,1.2306961192854808e-14,0.05149650324588257,vittima non trovata entro 15 minuti
3004,200,3,67.4,58.1,81.9,1.39,1e-07,25,0.60,0.45,False,900.0,2,2.524354896707238e-29,5.0242958677880805e-15,2.4551994147099254,vittima non trovata entro 15 minuti
3036,200,3,93.5,62.5,105.5,4.13,1e-06,120,center,center,True,118.30000000000001,3,0.004583753323860295,0.06770342180318728,0.09600745815423369,
3038,200,3,64.3,136.5,144.3,4.72,1e-06,120,0.45,0.55,True,125.9,3,0.0075913330651121505,0.08712825641037557,1.288657633627572,
3005,200,3,149.6,54.3,152.8,4.17,1e-07,25,0.60,0.58,False,900.0,1,nan,nan,11.07069338748738,vittima non trovata entro 15 minuti
3037,200,3,85.8,21.4,82.5,4.87,1e-06,120,0.35,0.40,True,131.70000000000002,3,0.0002753260789723413,0.01659295268999286,1.8378007633226254,
3039,200,3,102.2,44.3,104.8,1.84,1e-06,120,0.60,0.45,True,138.8,3,0.0028225342225576765,0.053127527916868825,2.6317541413319825,
3006,200,3,123.1,163.0,197.2,3.03,1e-07,50,center,center,False,900.0,2,0.0,0.0,1.623713006439486,vittima non trovata entro 15 minuti
3007,200,3,79.3,125.9,141.9,2.79,1e-07,50,0.35,0.40,False,900.0,1,nan,nan,11.977734718948012,vittima non trovata entro 15 minuti
3008,200,3,170.4,159.3,226.2,2.38,1e-07,50,0.45,0.55,False,900.0,2,0.0,0.0,0.2511666760874757,vittima non trovata entro 15 minuti
3010,200,3,96.7,91.4,126.0,3.57,1e-07,50,0.60,0.58,False,900.0,1,nan,nan,8.627955618438804,vittima non trovata entro 15 minuti
3009,200,3,116.5,46.1,118.8,1.16,1e-07,50,0.60,0.45,False,900.0,2,2.0194839173657902e-28,1.4210854715202004e-14,5.253055347438584,vittima non trovata entro 15 minuti
3013,200,3,101.7,92.5,130.4,2.46,1e-07,80,0.45,0.55,False,900.0,1,nan,nan,3.803230765847085,vittima non trovata entro 15 minuti
3014,200,3,166.9,113.4,194.8,4.74,1e-07,80,0.60,0.45,False,900.0,1,nan,nan,24.308026115881034,vittima non trovata entro 15 minuti
3040,200,3,112.1,35.5,111.4,4.89,1e-06,120,0.60,0.58,False,223.20000000000002,3,0.024390649985191575,0.1561750619823523,10.631446674839133,vittima non trovata entro 15 minuti
3011,200,3,140.1,28.2,137.1,1.15,1e-07,80,center,center,False,900.0,2,0.0,0.0,0.10806801886969421,vittima non trovata entro 15 minuti
3015,200,3,33.7,81.3,81.5,4.83,1e-07,80,0.60,0.58,False,900.0,1,nan,nan,78.63567858529986,vittima non trovata entro 15 minuti
3016,200,3,102.4,88.7,128.5,1.32,1e-07,120,center,center,False,900.0,2,3.0292258760486853e-28,1.7404671430534633e-14,0.6414061093973675,vittima non trovata entro 15 minuti
3043,200,3,54.8,37.0,59.2,2.13,1e-05,25,0.45,0.55,True,190.9,3,0.0050255134546294475,0.07089085593099753,1.075338866049378,
3019,200,3,157.7,61.7,162.8,4.41,1e-07,120,0.60,0.45,False,900.0,1,nan,nan,38.227553442963,vittima non trovata entro 15 minuti
3027,200,3,51.1,60.7,72.3,3.69,1e-06,50,0.35,0.40,False,900.0,2,9.011248774043933,3.001874210229991,17.933346529318126,vittima non trovata entro 15 minuti
3052,200,3,70.4,151.1,160.0,2.48,1e-05,80,0.35,0.40,True,113.2,3,0.0032633512759429025,0.05712574967510626,0.11822312675376621,
3020,200,3,148.7,42.1,148.4,1.68,1e-07,120,0.60,0.58,False,900.0,1,nan,nan,0.15937176198184602,vittima non trovata entro 15 minuti
3021,200,3,43.2,144.6,144.8,1.8,1e-06,25,center,center,False,900.0,1,nan,nan,7.389513523595414,vittima non trovata entro 15 minuti
3026,200,3,108.9,169.0,194.2,4.36,1e-06,50,center,center,False,900.0,1,nan,nan,6.667079309479991,vittima non trovata entro 15 minuti
3022,200,3,126.0,20.2,121.9,4.84,1e-06,25,0.35,0.40,False,900.0,2,0.0,0.0,0.6887112746804617,vittima non trovata entro 15 minuti
3024,200,3,110.3,143.3,173.8,4.69,1e-06,25,0.60,0.45,False,900.0,1,nan,nan,2.429027562235354,vittima non trovata entro 15 minuti
3023,200,3,118.3,144.8,180.0,2.28,1e-06,25,0.45,0.55,False,900.0,1,nan,nan,2.470663017590451,vittima non trovata entro 15 minuti
3025,200,3,128.9,32.3,126.9,2.8,1e-06,25,0.60,0.58,False,900.0,2,0.0,0.0,0.6574169815640805,vittima non trovata entro 15 minuti
3028,200,3,94.7,159.7,178.8,2.5,1e-06,50,0.45,0.55,False,900.0,2,4.0389678347315804e-28,2.0097183471152322e-14,0.13828457550838388,vittima non trovata entro 15 minuti
3058,200,3,106.1,133.9,163.8,2.8,1e-05,120,0.45,0.55,True,156.4,3,0.001287639116786647,0.03588368872881726,1.4495535940951454,
3065,200,3,64.4,21.1,61.5,3.55,1e-07,25,0.60,0.58,True,63.5,3,0.02423082338833311,0.15566253045718198,6.046949696999892,
3029,200,3,31.3,75.7,75.4,1.86,1e-06,50,0.60,0.45,False,900.0,2,1.0097419586828951e-28,1.0048591735576161e-14,0.8281331285509657,vittima non trovata entro 15 minuti
3060,200,3,85.6,71.3,104.3,1.27,1e-05,120,0.60,0.58,True,112.5,3,0.0010162664553209813,0.03187893435046067,1.0230385742169181,
3031,200,3,165.8,93.9,183.7,2.22,1e-06,80,center,center,False,900.0,0,nan,nan,nan,vittima non trovata entro 15 minuti
3067,200,3,43.2,19.3,40.8,2.31,1e-07,50,0.35,0.40,True,72.60000000000001,3,0.0023718759780558514,0.04870190938819392,0.4010986102303832,
3030,200,3,24.4,146.7,143.0,3.07,1e-06,50,0.60,0.58,False,900.0,2,0.0,0.0,0.23776340912438249,vittima non trovata entro 15 minuti
3073,200,3,27.5,26.9,31.5,1.04,1e-07,80,0.45,0.55,True,55.900000000000006,3,0.008092889859221492,0.08996049054569173,0.6489698787968974,
3032,200,3,141.4,96.4,164.2,3.81,1e-06,80,0.35,0.40,False,900.0,2,4.0389678347315804e-28,2.0097183471152322e-14,0.8463769860819563,vittima non trovata entro 15 minuti
3033,200,3,147.6,64.6,154.5,3.65,1e-06,80,0.45,0.55,False,900.0,2,0.0,0.0,0.18365549472221251,vittima non trovata entro 15 minuti
3034,200,3,132.4,63.3,140.1,3.6,1e-06,80,0.60,0.45,False,900.0,2,2.524354896707238e-29,5.0242958677880805e-15,2.2200147656915092,vittima non trovata entro 15 minuti
3035,200,3,132.0,73.3,144.2,4.39,1e-06,80,0.60,0.58,False,900.0,2,0.0,0.0,0.4577663232556337,vittima non trovata entro 15 minuti
3041,200,3,21.1,86.3,82.9,1.8,1e-05,25,center,center,False,900.0,2,2.524354896707238e-29,5.0242958677880805e-15,34.05981075817877,vittima non trovata entro 15 minuti
3042,200,3,129.1,162.4,200.4,2.19,1e-05,25,0.35,0.40,False,900.0,1,nan,nan,41.72124507914409,vittima non trovata entro 15 minuti
3044,200,3,114.1,141.7,174.9,4.41,1e-05,25,0.60,0.45,False,900.0,0,nan,nan,nan,vittima non trovata entro 15 minuti
3046,200,3,45.8,105.8,108.8,4.29,1e-05,50,center,center,False,900.0,0,nan,nan,nan,vittima non trovata entro 15 minuti
3045,200,3,87.0,64.2,101.2,1.62,1e-05,25,0.60,0.58,False,900.0,1,0.0,0.0,28.975318044064647,vittima non trovata entro 15 minuti
3047,200,3,104.3,100.5,137.8,4.44,1e-05,50,0.35,0.40,False,900.0,2,8.077935669463161e-28,2.842170943040401e-14,48.741899162243186,vittima non trovata entro 15 minuti
3048,200,3,109.5,128.4,161.7,4.85,1e-05,50,0.45,0.55,False,900.0,2,2.0194839173657902e-28,1.4210854715202004e-14,15.74272063959396,vittima non trovata entro 15 minuti
3049,200,3,61.1,61.8,79.8,3.48,1e-05,50,0.60,0.45,False,900.0,1,nan,nan,30.2602420605189,vittima non trovata entro 15 minuti
3053,200,3,168.2,25.9,164.5,1.01,1e-05,80,0.45,0.55,False,900.0,1,nan,nan,38.55914832927005,vittima non trovata entro 15 minuti
3055,200,3,147.8,28.9,144.8,4.59,1e-05,80,0.60,0.58,False,900.0,2,4.291403324402304e-28,2.07157025572446e-14,29.314274685422642,vittima non trovata entro 15 minuti
3050,200,3,170.3,107.7,194.6,4.63,1e-05,50,0.60,0.58,False,900.0,2,4.638230840496165e-06,0.002153655227861731,3.6193343949238588,vittima non trovata entro 15 minuti
3051,200,3,41.9,106.5,108.0,4.52,1e-05,80,center,center,False,900.0,2,0.0,0.0,26.56168022584232,vittima non trovata entro 15 minuti
3056,200,3,170.3,95.9,188.7,3.76,1e-05,120,center,center,False,900.0,2,2.0194839173657902e-28,1.4210854715202004e-14,25.7415044465658,vittima non trovata entro 15 minuti
3054,200,3,69.9,31.0,69.9,4.66,1e-05,80,0.60,0.45,False,900.0,2,2.524354896707238e-28,1.5888218580782548e-14,29.037454949195926,vittima non trovata entro 15 minuti
3057,200,3,157.7,163.2,219.8,3.55,1e-05,120,0.35,0.40,False,900.0,2,1.0770580892617547e-27,3.2818563180946156e-14,20.541972414462144,vittima non trovata entro 15 minuti
3085,200,3,92.0,111.9,137.9,1.2,1e-06,25,0.60,0.58,True,111.2,3,0.002976734143880834,0.054559455128152023,0.11075844924159226,
3059,200,3,111.9,135.9,169.0,2.49,1e-05,120,0.60,0.45,False,900.0,0,nan,nan,nan,vittima non trovata entro 15 minuti
3087,200,3,50.0,143.6,145.7,2.69,1e-06,50,0.35,0.40,True,159.3,3,0.001814013456781349,0.04259123685432661,0.16629893303045817,
3061,200,3,161.9,66.1,168.4,4.18,1e-07,25,center,center,False,900.0,1,nan,nan,16.51033257377661,vittima non trovata entro 15 minuti
3064,200,3,168.8,165.0,229.0,2.89,1e-07,25,0.60,0.45,False,900.0,2,81.95837224052889,9.053086337847933,12.038878967209644,vittima non trovata entro 15 minuti
3063,200,3,65.8,57.3,80.2,1.85,1e-07,25,0.45,0.55,False,900.0,2,94.59728549442603,9.72611358634198,47.16491796187477,vittima non trovata entro 15 minuti
3096,200,3,89.9,96.0,124.4,3.47,1e-06,120,center,center,True,110.5,3,0.00398382046680974,0.06311751315450997,2.792200840164586,
3062,200,3,140.5,49.6,142.7,3.51,1e-07,25,0.35,0.40,False,900.0,2,1.5146129380243427e-28,1.2306961192854808e-14,22.22794295352882,vittima non trovata entro 15 minuti
3066,200,3,164.6,143.1,211.0,4.59,1e-07,50,center,center,False,900.0,2,127.13280452132797,11.275318377825434,7.987487412011748,vittima non trovata entro 15 minuti
3068,200,3,44.5,113.0,115.0,3.03,1e-07,50,0.45,0.55,False,900.0,1,nan,nan,97.12754775245013,vittima non trovata entro 15 minuti
3097,200,3,129.5,140.8,184.2,4.41,1e-06,120,0.35,0.40,True,142.20000000000002,3,0.005318635433867719,0.07292897526955743,0.0685603109159929,
3069,200,3,89.8,166.7,182.6,4.47,1e-07,50,0.60,0.45,False,900.0,2,3.9502032002891925e-08,0.0001987511811358411,4.29362504506804,vittima non trovata entro 15 minuti
3071,200,3,85.1,76.5,107.4,3.51,1e-07,80,center,center,False,900.0,1,nan,nan,15.313807027946423,vittima non trovata entro 15 minuti
3070,200,3,87.7,157.0,173.0,1.76,1e-07,50,0.60,0.58,False,900.0,2,0.0,0.0,0.04521849018656974,vittima non trovata entro 15 minuti
3072,200,3,109.3,85.5,131.8,3.43,1e-07,80,0.35,0.40,False,900.0,1,nan,nan,10.395151540003312,vittima non trovata entro 15 minuti
3099,200,3,77.4,31.0,76.9,2.71,1e-06,120,0.60,0.45,True,131.6,3,0.005087823150229501,0.07132897833440137,3.8892709343178344,
3074,200,3,109.4,160.2,187.1,4.5,1e-07,80,0.60,0.45,False,900.0,2,6.058451752097371e-28,2.4613922385709617e-14,0.8057847838190767,vittima non trovata entro 15 minuti
3076,200,3,95.4,101.2,132.0,3.3,1e-07,120,center,center,False,900.0,2,79.11992175704395,8.894937985002704,13.781868661618397,vittima non trovata entro 15 minuti
3100,200,3,114.2,27.1,111.5,2.16,1e-06,120,0.60,0.58,False,224.5,3,0.028690758907812364,0.1693834670439012,15.291860064058373,vittima non trovata entro 15 minuti
3101,200,3,82.7,122.6,140.9,1.78,1e-05,25,center,center,True,184.9,3,0.0034193990434413647,0.05847562777295653,3.27404088669032,
3075,200,3,23.3,76.1,73.4,2.94,1e-07,80,0.60,0.58,False,900.0,1,nan,nan,14.987299446648445,vittima non trovata entro 15 minuti
3077,200,3,130.1,87.3,149.8,2.16,1e-07,120,0.35,0.40,False,900.0,2,0.0,0.0,0.311485499612364,vittima non trovata entro 15 minuti
3078,200,3,142.9,24.4,139.3,2.71,1e-07,120,0.45,0.55,False,900.0,1,nan,nan,1.591512025428912,vittima non trovata entro 15 minuti
3079,200,3,157.4,57.0,161.0,2.07,1e-07,120,0.60,0.45,False,900.0,1,nan,nan,2.1730011105168616,vittima non trovata entro 15 minuti
3118,200,3,47.8,159.4,160.3,2.85,1e-05,120,0.45,0.55,True,150.9,3,0.0030200081411591237,0.05495460072786557,0.9152981833533693,
3119,200,3,72.3,103.0,118.9,4.67,1e-05,120,0.60,0.45,True,102.0,3,0.004308777392842402,0.065641278117069,0.08460013336609871,
3080,200,3,139.5,46.1,140.7,1.49,1e-07,120,0.60,0.58,False,900.0,2,4.0389678347315804e-28,2.0097183471152322e-14,0.5669518579682717,vittima non trovata entro 15 minuti
3082,200,3,90.5,106.8,132.9,3.4,1e-06,25,0.35,0.40,False,900.0,2,2.0194839173657902e-28,1.4210854715202004e-14,0.08263214838890136,vittima non trovata entro 15 minuti
3081,200,3,85.8,21.8,82.5,2.32,1e-06,25,center,center,False,900.0,1,0.0,0.0,0.9513630897913207,vittima non trovata entro 15 minuti
3084,200,3,44.2,167.0,166.7,3.05,1e-06,25,0.60,0.45,False,900.0,1,nan,nan,0.3948455269883229,vittima non trovata entro 15 minuti
3083,200,3,35.3,57.8,60.9,1.45,1e-06,25,0.45,0.55,False,900.0,2,2.524354896707238e-29,5.0242958677880805e-15,0.16704893413157437,vittima non trovata entro 15 minuti
3086,200,3,41.6,106.8,108.2,1.5,1e-06,50,center,center,False,900.0,2,707.6206724611116,26.601140435348096,23.51752061804366,vittima non trovata entro 15 minuti
3088,200,3,112.9,144.5,176.4,2.88,1e-06,50,0.45,0.55,False,900.0,1,nan,nan,2.8235994598787055,vittima non trovata entro 15 minuti
3089,200,3,142.1,135.4,189.2,4.61,1e-06,50,0.60,0.45,False,900.0,2,0.0,0.0,10.875567905736942,vittima non trovata entro 15 minuti
3092,200,3,45.9,112.7,115.3,2.86,1e-06,80,0.35,0.40,False,900.0,1,nan,nan,16.922046254645597,vittima non trovata entro 15 minuti
3090,200,3,125.0,40.7,125.2,3.37,1e-06,50,0.60,0.58,False,900.0,2,1.5146129380243427e-28,1.2306961192854808e-14,0.5894062157940391,vittima non trovata entro 15 minuti
3091,200,3,85.6,54.4,94.6,1.73,1e-06,80,center,center,False,900.0,2,0.0,0.0,1.2172361875034856,vittima non trovata entro 15 minuti
3093,200,3,149.6,31.0,146.9,3.99,1e-06,80,0.45,0.55,False,900.0,2,1.262177448353619e-29,3.552713678800501e-15,0.10779858621805473,vittima non trovata entro 15 minuti
3095,200,3,170.0,90.6,185.9,1.43,1e-06,80,0.60,0.58,False,900.0,2,38.88452125777587,6.235745445235548,9.87624024705408,vittima non trovata entro 15 minuti
3094,200,3,153.8,114.3,184.6,4.01,1e-06,80,0.60,0.45,False,900.0,2,2.0194839173657902e-28,1.4210854715202004e-14,0.5469472213245614,vittima non trovata entro 15 minuti
3098,200,3,109.8,105.8,145.4,4.9,1e-06,120,0.45,0.55,False,900.0,2,2.0194839173657902e-28,1.4210854715202004e-14,0.696329191618416,vittima non trovata entro 15 minuti
3133,200,3,47.3,38.2,53.7,1.1,1e-07,80,0.45,0.55,True,96.9,3,0.0013544655476489332,0.03680306437851247,0.44614044960523785,
3102,200,3,166.7,135.9,208.0,1.65,1e-05,25,0.35,0.40,False,900.0,1,nan,nan,28.198977336938196,vittima non trovata entro 15 minuti
3107,200,3,146.5,79.5,160.0,3.2,1e-05,50,0.35,0.40,False,900.0,1,nan,nan,26.613754322413044,vittima non trovata entro 15 minuti
3103,200,3,64.1,71.6,89.0,2.29,1e-05,25,0.45,0.55,False,900.0,2,3.829361853484773e-05,0.006188183783215212,21.975103777411412,vittima non trovata entro 15 minuti
3105,200,3,115.2,77.3,131.8,3.15,1e-05,25,0.60,0.58,False,900.0,2,0.0004529189288245294,0.02128189204052425,15.911604973410777,vittima non trovata entro 15 minuti
3104,200,3,130.0,119.6,169.6,1.08,1e-05,25,0.60,0.45,False,900.0,0,nan,nan,nan,vittima non trovata entro 15 minuti
3108,200,3,151.3,91.2,169.8,3.25,1e-05,50,0.45,0.55,False,900.0,2,1.0097419586828951e-28,1.0048591735576161e-14,25.80421894507344,vittima non trovata entro 15 minuti
3106,200,3,78.2,146.7,159.5,4.8,1e-05,50,center,center,False,900.0,2,1.0097419586828951e-28,1.0048591735576161e-14,33.79779256747591,vittima non trovata entro 15 minuti
3110,200,3,53.4,84.4,93.0,1.2,1e-05,50,0.60,0.58,False,900.0,1,nan,nan,5.9290292481364215,vittima non trovata entro 15 minuti
3109,200,3,34.8,88.2,88.4,3.06,1e-05,50,0.60,0.45,False,900.0,2,1.262177448353619e-29,3.552713678800501e-15,33.617523482177894,vittima non trovata entro 15 minuti
3111,200,3,52.0,35.0,55.8,3.69,1e-05,80,center,center,False,900.0,0,nan,nan,nan,vittima non trovata entro 15 minuti
3112,200,3,104.7,153.3,178.7,4.98,1e-05,80,0.35,0.40,False,900.0,2,1.2790064809983337e-27,3.576320009448726e-14,25.505578736435734,vittima non trovata entro 15 minuti
3138,200,3,92.6,113.5,139.5,3.51,1e-07,120,0.45,0.55,True,145.3,3,0.011709141012958238,0.10820878436133657,0.9323161426027656,
3113,200,3,145.9,106.0,173.4,3.12,1e-05,80,0.45,0.55,False,900.0,2,0.0019458206916779426,0.044111457600922034,1.767798477623484,vittima non trovata entro 15 minuti
3114,200,3,22.8,146.0,142.1,3.14,1e-05,80,0.60,0.45,False,900.0,2,0.0,0.0,30.14897863638586,vittima non trovata entro 15 minuti
3115,200,3,160.0,90.7,177.1,2.89,1e-05,80,0.60,0.58,False,900.0,1,nan,nan,32.05112643619846,vittima non trovata entro 15 minuti
3143,200,3,82.8,127.0,144.7,3.51,1e-06,25,0.45,0.55,False,111.30000000000001,3,0.024789763014568988,0.15744765166419278,16.352539939789953,vittima non trovata entro 15 minuti
3116,200,3,96.7,128.2,153.6,1.0,1e-05,120,center,center,False,900.0,1,2.0194839173657902e-28,1.4210854715202004e-14,27.1255232452387,vittima non trovata entro 15 minuti
3117,200,3,40.0,74.9,78.2,4.47,1e-05,120,0.35,0.40,False,900.0,2,3.8488000601002194e-05,0.006203869808514859,16.99633091474533,vittima non trovata entro 15 minuti
3149,200,3,57.4,39.3,62.7,2.72,1e-06,50,0.60,0.45,True,131.5,3,0.0014951415375175077,0.038667060109575276,4.99651154964323,
3152,200,3,84.9,23.1,81.9,4.95,1e-06,80,0.35,0.40,True,131.5,3,0.0009048824917513329,0.030081264796403308,2.902370185764121,
3153,200,3,78.4,162.9,174.1,2.37,1e-06,80,0.45,0.55,True,126.10000000000001,3,0.0013486420710228533,0.0367238624197245,0.7697356585267858,
3154,200,3,87.0,60.3,98.9,2.72,1e-06,80,0.60,0.45,True,119.5,3,0.000570432252082099,0.023883723580758905,3.3699733270676284,
3156,200,3,135.2,87.0,153.8,4.65,1e-06,120,center,center,True,130.1,3,0.005522732471502223,0.0743150891239607,0.12747325386953803,
3159,200,3,38.8,101.5,102.2,3.08,1e-06,120,0.60,0.45,True,110.60000000000001,3,0.003701101321426621,0.060836677435792144,1.9999225758976407,
3120,200,3,116.8,149.9,183.1,4.93,1e-05,120,0.60,0.58,False,900.0,0,nan,nan,nan,vittima non trovata entro 15 minuti
3121,200,3,143.0,87.4,160.7,1.65,1e-07,25,center,center,False,900.0,1,nan,nan,17.256528822659003,vittima non trovata entro 15 minuti
3158,200,3,107.4,37.4,107.4,4.56,1e-06,120,0.45,0.55,True,236.60000000000002,3,0.005230013525722681,0.07231883244164469,0.14375952466431094,
3122,200,3,26.3,117.4,114.4,4.75,1e-07,25,0.35,0.40,False,900.0,1,nan,nan,27.34526678730648,vittima non trovata entro 15 minuti
3123,200,3,131.9,55.0,136.3,3.06,1e-07,25,0.45,0.55,False,900.0,2,4.0389678347315804e-28,2.0097183471152322e-14,0.5495081652564191,vittima non trovata entro 15 minuti
3124,200,3,160.8,119.1,193.1,2.23,1e-07,25,0.60,0.45,False,900.0,1,nan,nan,23.2819721808751,vittima non trovata entro 15 minuti
3160,200,3,147.6,127.6,188.1,2.74,1e-06,120,0.60,0.58,True,160.8,3,0.0041528377765870286,0.06444251528755708,0.14468756896996154,
3125,200,3,127.1,123.5,170.2,2.36,1e-07,25,0.60,0.58,False,900.0,2,12.410642962023609,3.5228742472622563,1.8720072062539455,vittima non trovata entro 15 minuti
3126,200,3,72.7,126.6,139.1,4.88,1e-07,50,center,center,False,900.0,2,1.0097419586828951e-28,1.0048591735576161e-14,6.002476365813673,vittima non trovata entro 15 minuti
3128,200,3,62.7,115.6,124.7,1.46,1e-07,50,0.45,0.55,False,900.0,2,1.262177448353619e-28,1.1234667099445444e-14,0.1882254466927951,vittima non trovata entro 15 minuti
3127,200,3,153.3,126.0,191.4,2.24,1e-07,50,0.35,0.40,False,900.0,2,103.67378498407108,10.182032458407853,16.324154461962554,vittima non trovata entro 15 minuti
3163,200,3,77.4,149.2,161.3,1.37,1e-05,25,0.45,0.55,True,110.7,3,0.0015898055618457294,0.03987236589225336,0.6245895935788994,
3129,200,3,148.5,19.9,144.2,2.08,1e-07,50,0.60,0.45,False,900.0,1,nan,nan,31.25251089279956,vittima non trovata entro 15 minuti
3164,200,3,87.2,155.3,171.3,2.19,1e-05,25,0.60,0.45,True,118.2,3,0.004287974905158632,0.06548263056077262,1.4177911807732568,
3130,200,3,138.3,117.5,174.4,3.01,1e-07,50,0.60,0.58,False,900.0,2,5.048709793414476e-28,2.2469334198890888e-14,0.06564356891902241,vittima non trovata entro 15 minuti
3131,200,3,36.3,57.3,60.9,4.8,1e-07,80,center,center,False,900.0,1,nan,nan,48.540374984831075,vittima non trovata entro 15 minuti
3134,200,3,93.4,75.6,113.1,1.55,1e-07,80,0.60,0.45,False,900.0,1,nan,nan,2.90915978325625,vittima non trovata entro 15 minuti
3132,200,3,126.5,134.7,177.7,1.88,1e-07,80,0.35,0.40,False,900.0,2,2.2990082303166895e-09,4.7947974204513474e-05,105.86774857352218,vittima non trovata entro 15 minuti
3172,200,3,71.5,148.2,157.9,2.93,1e-05,80,0.35,0.40,True,112.80000000000001,3,0.0165860442417223,0.12878681703389636,0.4226102911817574,
3173,200,3,78.9,167.0,178.1,2.18,1e-05,80,0.45,0.55,True,116.9,3,0.0026064719590612787,0.05105361847177219,0.5617172065901777,
3174,200,3,77.0,115.5,131.9,3.53,1e-05,80,0.60,0.45,True,108.0,3,0.0038517633179609885,0.062062575824412804,0.1407988389764021,
3136,200,3,24.3,97.4,94.4,3.01,1e-07,120,center,center,False,900.0,2,1.0097419586828951e-28,1.0048591735576161e-14,82.99769139165828,vittima non trovata entro 15 minuti
3135,200,3,96.8,152.2,173.4,3.68,1e-07,80,0.60,0.58,False,900.0,1,nan,nan,115.32808775380619,vittima non trovata entro 15 minuti
3179,200,3,67.3,147.8,155.8,2.58,1e-05,120,0.60,0.45,True,104.4,3,0.0030650590829612895,0.05536297574156658,0.1574315083028699,
3176,200,3,114.8,104.4,148.1,3.93,1e-05,120,center,center,True,170.9,3,0.0031799327829893182,0.056390892730912835,0.09870488463084086,
3137,200,3,132.4,107.6,163.5,3.64,1e-07,120,0.35,0.40,False,900.0,2,0.0,0.0,0.3763401803251467,vittima non trovata entro 15 minuti
3141,200,3,48.6,45.0,59.2,2.14,1e-06,25,center,center,False,900.0,1,5.048709793414476e-29,7.105427357601002e-15,4.921816280043559,vittima non trovata entro 15 minuti
3139,200,3,155.4,80.5,168.3,3.76,1e-07,120,0.60,0.45,False,900.0,1,nan,nan,2.1812311430197933,vittima non trovata entro 15 minuti
3140,200,3,100.9,70.4,116.1,3.37,1e-07,120,0.60,0.58,False,900.0,2,0.0005474589430272305,0.023397840563334698,2.0503915630769955,vittima non trovata entro 15 minuti
3177,200,3,116.3,121.1,160.8,2.52,1e-05,120,0.35,0.40,True,230.20000000000002,3,0.005002243356661273,0.07072653926682171,0.3315435483659691,
3151,200,3,107.9,130.7,162.5,1.66,1e-06,80,center,center,False,900.0,1,nan,nan,1.3156172292470836,vittima non trovata entro 15 minuti
3144,200,3,127.7,23.9,124.2,3.73,1e-06,25,0.60,0.45,False,900.0,2,82.41017436266456,9.078004977012547,9.147667637102462,vittima non trovata entro 15 minuti
3142,200,3,24.5,100.3,97.2,1.22,1e-06,25,0.35,0.40,False,900.0,2,6.310887241768095e-30,2.5121479338940403e-15,3.12170484121434,vittima non trovata entro 15 minuti
3145,200,3,125.5,156.9,193.9,3.16,1e-06,25,0.60,0.58,False,900.0,2,2.0194839173657902e-28,1.4210854715202004e-14,4.585020150928355,vittima non trovata entro 15 minuti
3146,200,3,119.1,101.3,149.3,2.89,1e-06,50,center,center,False,900.0,1,nan,nan,8.10652022482593,vittima non trovata entro 15 minuti
3184,200,3,40.3,166.2,165.1,1.55,1e-07,25,0.60,0.45,False,143.20000000000002,3,0.006579824779635141,0.08111611911103206,36.95260762181646,vittima non trovata entro 15 minuti
3147,200,3,29.8,165.1,162.0,3.44,1e-06,50,0.35,0.40,False,900.0,1,nan,nan,23.718622970471827,vittima non trovata entro 15 minuti
3148,200,3,156.5,75.4,167.1,3.96,1e-06,50,0.45,0.55,False,900.0,2,0.0,0.0,0.15048626984090888,vittima non trovata entro 15 minuti
3150,200,3,23.3,158.7,154.8,1.19,1e-06,50,0.60,0.58,False,900.0,2,4.0389678347315804e-28,2.0097183471152322e-14,0.3718808633148796,vittima non trovata entro 15 minuti
3155,200,3,96.1,75.3,115.0,1.49,1e-06,80,0.60,0.58,False,900.0,2,1.0097419586828951e-28,1.0048591735576161e-14,0.9665479503809185,vittima non trovata entro 15 minuti
3198,200,3,55.7,102.6,110.0,1.12,1e-07,120,0.45,0.55,True,120.30000000000001,3,0.019427886786713824,0.13938395455257332,0.5860618128961294,
3199,200,3,60.6,70.3,85.7,2.82,1e-07,120,0.60,0.45,True,106.5,3,0.01690008779373714,0.13000033766778124,0.4151153070888304,
3157,200,3,108.4,110.0,147.3,1.18,1e-06,120,0.35,0.40,False,900.0,2,2.0194839173657902e-28,1.4210854715202004e-14,0.09722589262001954,vittima non trovata entro 15 minuti
3200,200,3,60.6,136.3,142.6,2.7,1e-07,120,0.60,0.58,False,130.8,3,0.029357682772954356,0.17134083801871158,28.501478128890437,vittima non trovata entro 15 minuti
3202,200,3,77.5,81.5,105.4,3.11,1e-06,25,0.35,0.40,True,156.9,3,0.004540411321782461,0.0673825743184576,0.10203724429326641,
3161,200,3,168.1,167.9,230.5,3.98,1e-05,25,center,center,False,900.0,1,nan,nan,3.9702647796735713,vittima non trovata entro 15 minuti
3162,200,3,92.6,132.6,154.8,1.59,1e-05,25,0.35,0.40,False,900.0,1,nan,nan,43.716616902477675,vittima non trovata entro 15 minuti
3168,200,3,33.1,167.3,164.7,1.22,1e-05,50,0.45,0.55,False,900.0,1,5.706085234832743e-05,0.0075538634054586554,0.20842459376565628,vittima non trovata entro 15 minuti
3166,200,3,44.6,53.5,62.6,4.32,1e-05,50,center,center,False,900.0,0,nan,nan,nan,vittima non trovata entro 15 minuti
3167,200,3,156.7,121.2,191.1,3.49,1e-05,50,0.35,0.40,False,900.0,1,0.0,0.0,19.295600786459094,vittima non trovata entro 15 minuti
3165,200,3,134.4,22.9,130.6,3.97,1e-05,25,0.60,0.58,False,900.0,2,0.00555076706881176,0.07450347017966183,0.5074191568859309,vittima non trovata entro 15 minuti
3169,200,3,169.6,50.0,170.6,4.14,1e-05,50,0.60,0.45,False,900.0,0,nan,nan,nan,vittima non trovata entro 15 minuti
3170,200,3,127.5,143.7,185.1,4.99,1e-05,50,0.60,0.58,False,900.0,2,4.0389678347315804e-28,2.0097183471152322e-14,31.480483105320832,vittima non trovata entro 15 minuti
3171,200,3,95.5,81.9,118.8,2.17,1e-05,80,center,center,False,900.0,2,0.00013358159140797272,0.011557750274511589,0.17062823581551273,vittima non trovata entro 15 minuti
3175,200,3,58.8,86.1,97.3,3.86,1e-05,80,0.60,0.58,False,900.0,2,3.0292258760486853e-28,1.7404671430534633e-14,23.564460929218114,vittima non trovata entro 15 minuti
3178,200,3,40.3,99.9,101.3,4.18,1e-05,120,0.45,0.55,False,900.0,2,6.310887241768095e-30,2.5121479338940403e-15,24.339043163965716,vittima non trovata entro 15 minuti
3180,200,3,164.1,133.7,204.6,2.95,1e-05,120,0.60,0.58,False,900.0,2,2.692645223154387e-28,1.6409281590473078e-14,27.49430147682483,vittima non trovata entro 15 minuti
3212,200,3,64.1,21.0,61.2,2.35,1e-06,80,0.35,0.40,True,130.1,3,0.002462437107954343,0.04962294940805457,1.2952541782541394,
3205,200,3,92.5,89.9,121.9,3.56,1e-06,25,0.60,0.58,True,338.3,3,0.0014403252476934006,0.037951617194704634,2.3770375213910104,
3213,200,3,64.0,146.9,153.7,4.83,1e-06,80,0.45,0.55,True,131.1,3,0.0012188816348117448,0.034912485371450495,1.1666824231066497,
3181,200,3,81.4,90.1,114.4,4.15,1e-07,25,center,center,False,900.0,1,nan,nan,7.126511112362579,vittima non trovata entro 15 minuti
3182,200,3,135.9,160.2,203.1,2.02,1e-07,25,0.35,0.40,False,900.0,2,1.8172863462711877,1.348067634160537,83.11646320754377,vittima non trovata entro 15 minuti
3183,200,3,62.1,161.5,166.6,1.35,1e-07,25,0.45,0.55,False,900.0,2,2.524354896707238e-29,5.0242958677880805e-15,0.14488890352371175,vittima non trovata entro 15 minuti
3207,200,3,128.7,31.2,126.4,1.29,1e-06,50,0.35,0.40,False,286.2,3,0.0016115587036796184,0.040144223789726194,12.449397376385033,vittima non trovata entro 15 minuti
3218,200,3,65.0,88.5,102.8,4.24,1e-06,120,0.45,0.55,True,115.30000000000001,3,0.003703374772426363,0.060855359438806725,1.4812685902691929,
3217,200,3,37.8,144.1,142.9,4.63,1e-06,120,0.35,0.40,True,131.6,3,0.0017145279912033741,0.041406859228917306,0.6015394994387001,
3219,200,3,136.5,78.7,150.7,1.18,1e-06,120,0.60,0.45,True,135.8,3,0.004803862647901796,0.06930990295694979,3.0384586777625224,
3185,200,3,92.2,117.7,142.5,4.64,1e-07,25,0.60,0.58,False,900.0,1,nan,nan,1.9247808200600653,vittima non trovata entro 15 minuti
3186,200,3,42.3,166.5,165.7,1.68,1e-07,50,center,center,False,900.0,2,0.0,0.0,18.099569706269936,vittima non trovata entro 15 minuti
3187,200,3,71.8,140.5,151.1,2.86,1e-07,50,0.35,0.40,False,900.0,2,4.0389678347315804e-28,2.0097183471152322e-14,32.164471732480635,vittima non trovata entro 15 minuti
3190,200,3,27.2,139.7,136.5,4.36,1e-07,50,0.60,0.58,False,900.0,1,nan,nan,46.534146864874906,vittima non trovata entro 15 minuti
3188,200,3,155.4,23.5,151.6,1.43,1e-07,50,0.45,0.55,False,900.0,2,132.64693030997063,11.517244909698267,11.398698626773893,vittima non trovata entro 15 minuti
3189,200,3,103.4,28.8,101.3,3.77,1e-07,50,0.60,0.45,False,900.0,2,0.0,0.0,4.520950332731265,vittima non trovata entro 15 minuti
3191,200,3,110.5,136.8,168.8,1.68,1e-07,80,center,center,False,900.0,1,nan,nan,4.842590513617001,vittima non trovata entro 15 minuti
3192,200,3,71.4,134.9,145.9,3.13,1e-07,80,0.35,0.40,False,900.0,2,4.0389678347315804e-28,2.0097183471152322e-14,0.29870468524266974,vittima non trovata entro 15 minuti
3193,200,3,33.5,99.2,98.4,4.34,1e-07,80,0.45,0.55,False,900.0,1,nan,nan,10.661647366420768,vittima non trovata entro 15 minuti
3194,200,3,133.8,35.8,132.4,4.04,1e-07,80,0.60,0.45,False,900.0,2,0.0,0.0,9.923739105548252,vittima non trovata entro 15 minuti
3223,200,3,47.6,97.0,101.4,4.9,1e-05,25,0.45,0.55,True,168.3,3,0.002606596923239445,0.051054842309417085,4.230240603546908,
3195,200,3,160.7,91.8,178.2,3.53,1e-07,80,0.60,0.58,False,900.0,1,nan,nan,4.692776885627596,vittima non trovata entro 15 minuti
3197,200,3,96.6,108.1,137.9,2.29,1e-07,120,0.35,0.40,False,900.0,2,0.0,0.0,0.023645002536495586,vittima non trovata entro 15 minuti
3196,200,3,71.4,48.7,79.4,2.8,1e-07,120,center,center,False,900.0,2,1.262177448353619e-28,1.1234667099445444e-14,5.960977912574536,vittima non trovata entro 15 minuti
3228,200,3,39.6,153.9,152.9,4.25,1e-05,50,0.45,0.55,True,149.4,3,0.002548207557360044,0.05047977374513523,1.1789355562708645,
3230,200,3,44.1,155.4,155.4,2.96,1e-05,50,0.60,0.58,True,149.20000000000002,3,0.0017988896173596332,0.0424133188675401,1.8236778827292663,
3231,200,3,113.0,123.5,160.4,2.91,1e-05,80,center,center,True,185.10000000000002,3,0.010491343710690467,0.10242726058374532,4.786519547397765,
3238,200,3,66.1,94.0,107.9,2.92,1e-05,120,0.45,0.55,True,102.7,3,0.004423613595327746,0.06651025180622719,1.2593392919532198,
3236,200,3,137.4,32.2,135.2,2.28,1e-05,120,center,center,True,168.4,3,0.001451408385255174,0.03809735404532937,0.26731773992877755,
3242,200,3,59.9,123.1,130.2,3.04,1e-07,25,0.35,0.40,True,131.3,3,0.029154701843043678,0.17074747975605284,0.9857691937491059,
3201,200,3,120.9,52.4,125.2,4.65,1e-06,25,center,center,False,900.0,1,0.08276367934195204,0.2876867729701038,2.6138300395191223,vittima non trovata entro 15 minuti
3243,200,3,19.3,159.7,155.4,3.43,1e-07,25,0.45,0.55,False,153.8,3,0.017051782777204337,0.1305824750003014,15.183430653037552,vittima non trovata entro 15 minuti
3247,200,3,63.8,21.7,61.1,1.37,1e-07,50,0.35,0.40,True,62.7,3,0.0033431051663451025,0.05781959154426035,7.549129846430782,
3203,200,3,79.5,75.8,102.8,1.73,1e-06,25,0.45,0.55,False,900.0,2,1.0097419586828951e-28,1.0048591735576161e-14,0.10703280231393428,vittima non trovata entro 15 minuti
3204,200,3,104.7,82.0,125.9,3.49,1e-06,25,0.60,0.45,False,900.0,1,nan,nan,3.993662697814235,vittima non trovata entro 15 minuti
3206,200,3,20.0,142.7,138.5,4.3,1e-06,50,center,center,False,900.0,1,nan,nan,24.143870359107844,vittima non trovata entro 15 minuti
3209,200,3,44.2,25.6,44.3,3.54,1e-06,50,0.60,0.45,False,900.0,0,nan,nan,70.26285621575344,vittima non trovata entro 15 minuti
3208,200,3,29.9,160.9,157.9,5.0,1e-06,50,0.45,0.55,False,900.0,2,0.0,0.0,3.5066950415166276,vittima non trovata entro 15 minuti
3211,200,3,143.3,143.1,195.4,2.21,1e-06,80,center,center,False,900.0,2,4.0389678347315804e-28,2.0097183471152322e-14,5.288501959151147,vittima non trovata entro 15 minuti
3253,200,3,49.6,159.5,160.8,2.9,1e-07,80,0.45,0.55,False,127.5,3,0.017687272822665596,0.13299350669361867,16.14668021150801,vittima non trovata entro 15 minuti
3210,200,3,158.4,58.6,162.5,2.59,1e-06,50,0.60,0.58,False,900.0,2,4.0389678347315804e-28,2.0097183471152322e-14,0.2069999770047181,vittima non trovata entro 15 minuti
3216,200,3,76.6,23.0,73.8,2.44,1e-06,120,center,center,False,900.0,2,0.4583702069579536,0.6770304328152122,1.6570938516589055,vittima non trovata entro 15 minuti
3214,200,3,124.0,104.5,155.1,2.34,1e-06,80,0.60,0.45,False,900.0,2,1.0097419586828951e-28,1.0048591735576161e-14,0.21695117041622147,vittima non trovata entro 15 minuti
3215,200,3,39.1,92.3,93.7,3.29,1e-06,80,0.60,0.58,False,900.0,2,0.0,0.0,1.3965866498716237,vittima non trovata entro 15 minuti
3256,200,3,55.0,162.3,165.1,4.44,1e-07,120,center,center,False,144.3,3,0.0018517431596915242,0.04303188538388161,14.057498159406546,vittima non trovata entro 15 minuti
3220,200,3,115.1,162.4,192.1,3.37,1e-06,120,0.60,0.58,False,900.0,2,1.0097419586828951e-28,1.0048591735576161e-14,0.01654359518310244,vittima non trovata entro 15 minuti
3221,200,3,33.3,168.2,165.6,1.18,1e-05,25,center,center,False,900.0,1,nan,nan,14.359863719699401,vittima non trovata entro 15 minuti
3222,200,3,76.3,34.3,77.1,3.61,1e-05,25,0.35,0.40,False,900.0,2,0.0,0.0,16.353490982677332,vittima non trovata entro 15 minuti
3225,200,3,72.0,77.2,98.5,1.06,1e-05,25,0.60,0.58,False,900.0,2,0.0,0.0,30.617921449206317,vittima non trovata entro 15 minuti
3224,200,3,80.0,76.4,103.5,4.04,1e-05,25,0.60,0.45,False,900.0,2,2.0194839173657902e-28,1.4210854715202004e-14,43.50291819699084,vittima non trovata entro 15 minuti
3226,200,3,52.8,86.8,94.8,2.7,1e-05,50,center,center,False,900.0,0,nan,nan,nan,vittima non trovata entro 15 minuti
3227,200,3,94.9,112.5,140.1,1.35,1e-05,50,0.35,0.40,False,900.0,2,4.0389678347315804e-28,2.0097183471152322e-14,40.71192098745275,vittima non trovata entro 15 minuti
3229,200,3,96.9,170.3,189.1,2.76,1e-05,50,0.60,0.45,False,900.0,2,2.1712135803860032e-20,1.4735038447136823e-10,40.608214747214426,vittima non trovata entro 15 minuti
3233,200,3,113.4,39.5,113.7,3.35,1e-05,80,0.45,0.55,False,900.0,1,1.0097419586828951e-28,1.0048591735576161e-14,30.870066702876205,vittima non trovata entro 15 minuti
3232,200,3,155.6,24.7,151.8,1.2,1e-05,80,0.35,0.40,False,900.0,0,nan,nan,nan,vittima non trovata entro 15 minuti
3235,200,3,163.4,153.5,217.1,3.36,1e-05,80,0.60,0.58,False,900.0,2,0.0,0.0,28.179601705726725,vittima non trovata entro 15 minuti
3234,200,3,148.2,143.5,199.2,1.62,1e-05,80,0.60,0.45,False,900.0,2,8.077935669463161e-28,2.842170943040401e-14,42.56472563399562,vittima non trovata entro 15 minuti
3265,200,3,89.3,78.1,111.6,3.72,1e-06,25,0.60,0.58,True,140.9,3,0.0006322768212417593,0.02514511525608422,0.7528962540476044,
3268,200,3,106.1,122.2,154.8,3.12,1e-06,50,0.45,0.55,True,120.30000000000001,3,0.030729002276456842,0.17529689750950198,0.30912607383819013,
3240,200,3,117.8,64.2,127.4,1.76,1e-05,120,0.60,0.58,False,900.0,2,2.709494195648601e-06,0.001646054129015386,1.8435943098134646,vittima non trovata entro 15 minuti
3237,200,3,71.8,54.9,83.4,3.78,1e-05,120,0.35,0.40,False,900.0,2,2.692645223154387e-28,1.6409281590473078e-14,34.26410309954609,vittima non trovata entro 15 minuti
3239,200,3,39.9,96.1,97.6,1.47,1e-05,120,0.60,0.45,False,900.0,2,0.0016384306263076305,0.04047753236435777,1.823987273906157,vittima non trovata entro 15 minuti
3241,200,3,81.8,83.3,109.7,2.95,1e-07,25,center,center,False,900.0,1,nan,nan,7.154573648251487,vittima non trovata entro 15 minuti
3274,200,3,88.9,158.4,174.9,2.82,1e-06,80,0.60,0.45,True,117.5,3,0.03308296496933464,0.18188723146316413,1.4029455619192726,
3244,200,3,142.4,116.1,176.7,1.92,1e-07,25,0.60,0.45,False,900.0,2,4.0389678347315804e-28,2.0097183471152322e-14,1.6287792192875181,vittima non trovata entro 15 minuti
3275,200,3,67.8,23.5,65.4,2.44,1e-06,80,0.60,0.58,True,132.0,3,0.0035909348478596194,0.05992440944940233,1.0099846279007947,
3245,200,3,66.5,69.1,88.8,3.69,1e-07,25,0.60,0.58,False,900.0,2,2.0194839173657902e-28,1.4210854715202004e-14,0.8532618262112256,vittima non trovata entro 15 minuti
3277,200,3,68.6,36.7,71.1,4.08,1e-06,120,0.35,0.40,True,130.3,3,0.0024647395804950224,0.049646143661869875,0.6685713264587235,
3278,200,3,144.7,93.2,165.2,2.6,1e-06,120,0.45,0.55,True,130.1,3,0.0021381353943765793,0.046239976150259626,0.26077359832701713,
3246,200,3,114.0,79.3,131.9,4.5,1e-07,50,center,center,False,900.0,1,nan,nan,8.52392658499241,vittima non trovata entro 15 minuti
3280,200,3,56.2,165.1,168.1,2.44,1e-06,120,0.60,0.58,True,150.70000000000002,3,0.004157660627238951,0.0644799242186198,0.4229030272187447,
3249,200,3,169.1,63.0,174.1,4.86,1e-07,50,0.60,0.45,False,900.0,1,nan,nan,4.48958678286374,vittima non trovata entro 15 minuti
3248,200,3,35.7,110.2,109.6,2.09,1e-07,50,0.45,0.55,False,900.0,1,nan,nan,95.3259627579565,vittima non trovata entro 15 minuti
3250,200,3,110.0,55.5,116.5,1.24,1e-07,50,0.60,0.58,False,900.0,1,nan,nan,9.11134767080173,vittima non trovata entro 15 minuti
3284,200,3,76.2,164.6,174.7,1.29,1e-05,25,0.60,0.45,True,122.2,3,0.002098525818183661,0.04580966948345798,0.29250927687092554,
3251,200,3,75.1,106.6,123.4,2.47,1e-07,80,center,center,False,900.0,2,0.0,0.0,1.5038142451291447,vittima non trovata entro 15 minuti
3252,200,3,143.8,40.7,143.3,1.55,1e-07,80,0.35,0.40,False,900.0,1,nan,nan,2.4073312685423858,vittima non trovata entro 15 minuti
3290,200,3,81.5,141.5,156.4,4.96,1e-05,50,0.60,0.58,True,119.7,3,0.0021214421886513184,0.04605911623827924,0.07395875158255284,
3259,200,3,75.6,132.9,146.1,4.22,1e-07,120,0.60,0.45,True,674.1,3,106.75599979410714,10.332279506193546,7.437212339340417,
3296,200,3,79.7,36.0,80.9,2.55,1e-05,120,center,center,True,126.2,3,0.002827951892819896,0.053178490885130394,0.05605487420715881,
3254,200,3,137.3,89.8,157.2,4.43,1e-07,80,0.60,0.45,False,900.0,2,2.0194839173657902e-28,1.4210854715202004e-14,0.11681494267467578,vittima non trovata entro 15 minuti
3255,200,3,133.6,67.2,142.8,2.52,1e-07,80,0.60,0.58,False,900.0,2,4.0389678347315804e-28,2.0097183471152322e-14,0.09105465524427765,vittima non trovata entro 15 minuti
3257,200,3,94.5,32.2,93.5,2.08,1e-07,120,0.35,0.40,False,900.0,2,1.0097419586828951e-28,1.0048591735576161e-14,3.3960160166508815,vittima non trovata entro 15 minuti
3261,200,3,55.8,48.8,67.0,4.87,1e-06,25,center,center,False,900.0,1,6.731613057885967e-29,8.204640795236539e-15,4.58425336414099,vittima non trovata entro 15 minuti
3258,200,3,111.5,35.6,110.8,3.76,1e-07,120,0.45,0.55,False,900.0,2,1.262177448353619e-29,3.552713678800501e-15,5.200688221300828,vittima non trovata entro 15 minuti
3297,200,3,29.6,159.5,156.4,2.87,1e-05,120,0.35,0.40,True,151.3,3,0.0016650078825817117,0.04080450811591425,0.5272039975861961,
3260,200,3,28.5,140.9,137.9,3.56,1e-07,120,0.60,0.58,False,900.0,2,4.0389678347315804e-28,2.0097183471152322e-14,0.9116371457131626,vittima non trovata entro 15 minuti
3266,200,3,54.2,23.6,52.6,3.22,1e-06,50,center,center,False,900.0,1,36.52610329598961,6.043682924838927,25.898060942759248,vittima non trovata entro 15 minuti
3298,200,3,131.9,133.0,180.2,2.05,1e-05,120,0.45,0.55,True,126.7,3,0.006285352665878929,0.0792802161064091,0.061371308842453724,
3263,200,3,153.8,108.5,181.3,2.95,1e-06,25,0.45,0.55,False,900.0,2,1.0097419586828951e-28,1.0048591735576161e-14,0.19557165076785823,vittima non trovata entro 15 minuti
3262,200,3,159.9,123.5,195.1,2.44,1e-06,25,0.35,0.40,False,900.0,2,0.0,0.0,0.08430123503153768,vittima non trovata entro 15 minuti
3302,200,3,76.8,88.2,109.9,2.99,1e-07,25,0.35,0.40,True,117.10000000000001,3,0.0022742606143325936,0.04768920857314151,0.1232318228707844,
3264,200,3,158.9,106.4,184.3,4.32,1e-06,25,0.60,0.45,False,900.0,1,nan,nan,4.424838995197511,vittima non trovata entro 15 minuti
3267,200,3,43.0,30.6,45.8,4.93,1e-06,50,0.35,0.40,False,900.0,1,nan,nan,20.376939999479326,vittima non trovata entro 15 minuti
3308,200,3,54.6,77.3,87.7,2.59,1e-07,50,0.45,0.55,True,108.2,3,0.002115869751870593,0.04599858423767619,0.9378832306032114,
3269,200,3,169.0,100.9,190.0,3.78,1e-06,50,0.60,0.45,False,900.0,2,1.0097419586828951e-27,3.1776437161565096e-14,3.1794625727639376,vittima non trovata entro 15 minuti
3276,200,3,91.2,29.0,89.4,1.42,1e-06,120,center,center,False,900.0,2,0.0022494534316047188,0.04742840321584439,0.642616065003062,vittima non trovata entro 15 minuti
3271,200,3,163.8,96.3,183.1,2.1,1e-06,80,center,center,False,900.0,2,0.0,0.0,0.263038629953804,vittima non trovata entro 15 minuti
3270,200,3,139.0,154.2,200.6,4.68,1e-06,50,0.60,0.58,False,900.0,2,8.077935669463161e-28,2.842170943040401e-14,1.7054343810342292,vittima non trovata entro 15 minuti
3272,200,3,160.8,20.3,156.6,4.36,1e-06,80,0.35,0.40,False,900.0,2,8.077935669463161e-28,2.842170943040401e-14,0.33738740568150266,vittima non trovata entro 15 minuti
3273,200,3,128.8,69.7,139.7,3.02,1e-06,80,0.45,0.55,False,900.0,2,4.0389678347315804e-28,2.0097183471152322e-14,0.7616690605354737,vittima non trovata entro 15 minuti
3279,200,3,51.3,73.3,82.6,1.78,1e-06,120,0.60,0.45,False,900.0,2,0.0,0.0,23.528495041494242,vittima non trovata entro 15 minuti
3318,200,3,19.1,42.2,39.8,4.63,1e-07,120,0.45,0.55,True,66.10000000000001,3,0.004174302523962559,0.06460884245954697,1.5508911313564848,
3282,200,3,80.7,20.4,77.3,4.8,1e-05,25,0.35,0.40,False,900.0,2,1.0097419586828951e-28,1.0048591735576161e-14,28.29073230768,vittima non trovata entro 15 minuti
3281,200,3,167.9,137.1,209.8,2.42,1e-05,25,center,center,False,900.0,1,nan,nan,3.083796582131418,vittima non trovata entro 15 minuti
3283,200,3,31.6,24.3,32.9,3.63,1e-05,25,0.45,0.55,False,900.0,1,nan,nan,18.774411630022996,vittima non trovata entro 15 minuti
3286,200,3,50.4,67.0,76.8,1.58,1e-05,50,center,center,False,900.0,0,nan,nan,nan,vittima non trovata entro 15 minuti
3285,200,3,155.0,100.1,177.6,1.86,1e-05,25,0.60,0.58,False,900.0,2,638.7004873525121,25.272524356551962,4.49034854075142,vittima non trovata entro 15 minuti
3320,200,3,68.0,34.9,69.7,3.57,1e-07,120,0.60,0.58,True,96.7,3,0.029682594845156333,0.17228637451974063,0.09057580471814371,
3287,200,3,44.5,68.7,75.0,2.85,1e-05,50,0.35,0.40,False,900.0,1,nan,nan,34.48602249132179,vittima non trovata entro 15 minuti
3288,200,3,99.5,135.3,161.0,1.2,1e-05,50,0.45,0.55,False,900.0,1,1.0097419586828951e-28,1.0048591735576161e-14,24.017980637125664,vittima non trovata entro 15 minuti
3289,200,3,150.1,90.2,168.3,2.01,1e-05,50,0.60,0.45,False,900.0,1,nan,nan,17.644874165224827,vittima non trovata entro 15 minuti
3293,200,3,165.5,67.7,172.3,4.59,1e-05,80,0.45,0.55,False,900.0,1,nan,nan,8.915163304310147,vittima non trovata entro 15 minuti
3292,200,3,139.5,161.9,206.6,1.6,1e-05,80,0.35,0.40,False,900.0,2,0.0,0.0,54.31039662633912,vittima non trovata entro 15 minuti
3323,200,3,58.8,165.1,168.9,3.31,1e-06,25,0.45,0.55,True,149.3,3,0.0012968902730950268,0.03601236278134256,0.3709255227322051,
3291,200,3,149.7,93.3,169.5,2.2,1e-05,80,center,center,False,900.0,2,6.058451752097371e-28,2.4613922385709617e-14,21.691399201065305,vittima non trovata entro 15 minuti
3294,200,3,53.0,27.9,53.2,2.24,1e-05,80,0.60,0.45,False,900.0,1,0.0,0.0,37.18020264420495,vittima non trovata entro 15 minuti
3328,200,3,103.7,25.2,100.7,4.25,1e-06,50,0.45,0.55,True,140.1,3,0.002736835472039774,0.05231477298086817,0.2593270649605521,
3295,200,3,103.1,151.0,175.9,2.89,1e-05,80,0.60,0.58,False,900.0,2,2.0194839173657902e-28,1.4210854715202004e-14,25.621037490342612,vittima non trovata entro 15 minuti
3335,200,3,39.1,157.7,156.4,4.29,1e-06,80,0.60,0.58,True,127.9,3,0.0006326373928124232,0.02515228404762524,2.634781497020869,
3300,200,3,137.6,78.3,151.5,1.41,1e-05,120,0.60,0.58,True,767.3000000000001,3,0.004528172672316479,0.06729169839078576,0.1743723129072193,
3299,200,3,38.6,82.3,84.3,3.88,1e-05,120,0.60,0.45,False,900.0,2,3.864580718748578e-05,0.006216575197605654,22.68519968243047,vittima non trovata entro 15 minuti
3338,200,3,106.2,120.0,153.2,2.21,1e-06,120,0.45,0.55,True,118.4,3,0.005597112980711252,0.07481385553967428,0.5610264383478819,
3337,200,3,67.2,26.1,65.7,1.35,1e-06,120,0.35,0.40,True,127.5,3,0.005106616693024074,0.07146059538671697,0.7140440537387123,
3301,200,3,59.8,72.5,87.0,4.41,1e-07,25,center,center,False,900.0,2,0.17406501856230552,0.41721100004950196,3.169683974466793,vittima non trovata entro 15 minuti
3305,200,3,82.2,143.0,158.1,1.58,1e-07,25,0.60,0.58,False,900.0,2,0.22170368814548663,0.4708542111370425,0.8141447354733906,vittima non trovata entro 15 minuti
3304,200,3,160.3,103.5,183.9,3.08,1e-07,25,0.60,0.45,False,900.0,1,nan,nan,21.94041467462597,vittima non trovata entro 15 minuti
3303,200,3,158.7,40.5,157.8,4.77,1e-07,25,0.45,0.55,False,900.0,1,nan,nan,19.59487089328817,vittima non trovata entro 15 minuti
3306,200,3,52.8,103.9,109.9,1.97,1e-07,50,center,center,False,900.0,2,2.524354896707238e-28,1.5888218580782548e-14,1.3406218661939644,vittima non trovata entro 15 minuti
3339,200,3,125.1,92.9,148.8,4.35,1e-06,120,0.60,0.45,True,132.3,3,0.0009613428144364679,0.03100552877208302,0.380860613302935,
3340,200,3,98.4,77.5,118.2,5.0,1e-06,120,0.60,0.58,True,113.80000000000001,3,0.0016405506450874463,0.040503711497681866,1.5422749762186765,
3307,200,3,21.5,143.5,139.5,2.75,1e-07,50,0.35,0.40,False,900.0,1,nan,nan,41.560394631530365,vittima non trovata entro 15 minuti
3341,200,3,89.5,165.2,181.1,4.47,1e-05,25,center,center,True,116.5,3,0.0030630435824217997,0.0553447701451709,4.886841807339083,
3309,200,3,96.6,116.5,144.3,4.38,1e-07,50,0.60,0.45,False,900.0,1,nan,nan,0.3867753644064298,vittima non trovata entro 15 minuti
3310,200,3,164.8,111.8,192.2,2.44,1e-07,50,0.60,0.58,False,900.0,1,nan,nan,6.681838996325319,vittima non trovata entro 15 minuti
3343,200,3,41.7,107.8,109.2,1.05,1e-05,25,0.45,0.55,True,163.20000000000002,3,0.0044051340833054795,0.06637118413366963,1.0885835503235683,
3311,200,3,142.4,65.4,150.1,4.6,1e-07,80,center,center,False,900.0,2,0.0,0.0,0.41865416325049815,vittima non trovata entro 15 minuti
3312,200,3,23.0,155.4,151.4,4.94,1e-07,80,0.35,0.40,False,900.0,2,4.0389678347315804e-28,2.0097183471152322e-14,1.6573975528230267,vittima non trovata entro 15 minuti
3314,200,3,164.1,94.8,182.7,1.18,1e-07,80,0.60,0.45,False,900.0,1,nan,nan,22.326386709268842,vittima non trovata entro 15 minuti
3313,200,3,139.0,38.7,138.2,3.22,1e-07,80,0.45,0.55,False,900.0,2,2.524354896707238e-29,5.0242958677880805e-15,0.28867987346653506,vittima non trovata entro 15 minuti
3316,200,3,40.1,54.2,60.5,3.84,1e-07,120,center,center,False,900.0,2,1.0097419586828951e-28,1.0048591735576161e-14,13.183201752978173,vittima non trovata entro 15 minuti
3352,200,3,40.0,169.7,168.4,2.27,1e-05,80,0.35,0.40,True,126.2,3,0.0008460096573603578,0.029086245157468466,0.26646949848383933,
3315,200,3,119.9,95.5,146.2,4.08,1e-07,80,0.60,0.58,False,900.0,2,0.0,0.0,0.7444752687199684,vittima non trovata entro 15 minuti
3317,200,3,27.8,120.4,117.6,2.31,1e-07,120,0.35,0.40,False,900.0,2,0.0,0.0,15.996426549187932,vittima non trovata entro 15 minuti
3319,200,3,80.8,64.9,96.6,2.69,1e-07,120,0.60,0.45,False,900.0,1,nan,nan,13.329829120309267,vittima non trovata entro 15 minuti
3359,200,3,138.2,86.7,156.3,4.73,1e-05,120,0.60,0.45,True,137.6,3,0.0026091647113369834,0.05107998347040633,4.0785336470885865,
3357,200,3,27.4,165.4,161.9,1.66,1e-05,120,0.35,0.40,True,151.0,3,0.0014150437006570198,0.037617066614198134,0.04152462151821826,
3360,200,3,145.5,65.0,152.8,4.96,1e-05,120,0.60,0.58,True,144.20000000000002,3,0.0017597342715150843,0.04194918678014014,0.21983788183390648,
3321,200,3,126.6,76.7,141.2,1.81,1e-06,25,center,center,False,900.0,1,0.013849197251674925,0.11768261235915407,0.18190917306120769,vittima non trovata entro 15 minuti
3322,200,3,46.2,104.2,107.5,2.75,1e-06,25,0.35,0.40,False,900.0,1,nan,nan,29.01704081272792,vittima non trovata entro 15 minuti
3324,200,3,100.3,20.8,96.6,1.78,1e-06,25,0.60,0.45,False,900.0,2,0.0,0.0,1.9957853465275663,vittima non trovata entro 15 minuti
3325,200,3,49.8,162.2,163.5,1.36,1e-06,25,0.60,0.58,False,900.0,2,7.5995657150920685e-06,0.0027567309834461667,0.02630326632308772,vittima non trovata entro 15 minuti
3327,200,3,118.3,29.3,115.8,2.61,1e-06,50,0.35,0.40,False,900.0,2,5.89819570869471e-15,7.679971164460652e-08,0.8690398038756814,vittima non trovata entro 15 minuti
3326,200,3,31.1,105.4,103.7,2.61,1e-06,50,center,center,False,900.0,2,2.145701662201152e-28,1.464821375527116e-14,1.6304550088325103,vittima non trovata entro 15 minuti
3329,200,3,166.0,170.0,230.5,4.84,1e-06,50,0.60,0.45,False,900.0,2,8.077935669463161e-28,2.842170943040401e-14,0.24547400783947781,vittima non trovata entro 15 minuti
3330,200,3,162.3,145.9,211.2,3.1,1e-06,50,0.60,0.58,False,900.0,2,4.0389678347315804e-28,2.0097183471152322e-14,2.542612843169022,vittima non trovata entro 15 minuti
3331,200,3,144.9,87.3,162.3,3.87,1e-06,80,center,center,False,900.0,2,0.0,0.0,1.2763737887561126,vittima non trovata entro 15 minuti
3332,200,3,37.5,60.9,64.6,1.88,1e-06,80,0.35,0.40,False,900.0,2,7.573064690121713e-29,8.702335715267317e-15,0.09163422917675396,vittima non trovata entro 15 minuti
3333,200,3,142.1,116.4,176.7,2.75,1e-06,80,0.45,0.55,False,900.0,2,1.0097419586828951e-28,1.0048591735576161e-14,0.3462328889273304,vittima non trovata entro 15 minuti
3334,200,3,136.4,63.9,144.0,2.21,1e-06,80,0.60,0.45,False,900.0,2,4.291403324402304e-28,2.07157025572446e-14,1.0630798221170585,vittima non trovata entro 15 minuti
3374,200,3,22.2,37.4,36.7,4.03,1e-07,80,0.60,0.45,True,54.6,3,0.002790309087131032,0.05282337633217922,4.816045899808974,
3336,200,3,39.2,169.0,167.6,3.93,1e-06,120,center,center,False,900.0,2,0.0,0.0,1.8880404409051554,vittima non trovata entro 15 minuti
3377,200,3,59.9,25.2,58.5,4.9,1e-07,120,0.35,0.40,True,78.80000000000001,3,0.001809577310737697,0.042539126821523936,0.6994207232553079,
3380,200,3,37.2,22.5,36.7,3.13,1e-07,120,0.60,0.58,True,71.3,3,0.014382977389974006,0.11992905148450898,0.221161747685331,
3379,200,3,64.8,21.9,62.2,2.35,1e-07,120,0.60,0.45,True,94.2,3,0.001605608101630741,0.040070039950451025,4.682588669880208,
3342,200,3,65.5,107.0,118.6,1.66,1e-05,25,0.35,0.40,False,900.0,2,3.904853012695218e-05,0.0062488823102177385,28.241929820262932,vittima non trovata entro 15 minuti
3345,200,3,53.1,130.4,134.3,4.43,1e-05,25,0.60,0.58,False,900.0,0,nan,nan,nan,vittima non trovata entro 15 minuti
3344,200,3,90.6,150.9,169.2,2.87,1e-05,25,0.60,0.45,False,900.0,2,507.1650846632011,22.520326033679023,8.7095097102444,vittima non trovata entro 15 minuti
3347,200,3,52.1,32.9,54.7,1.18,1e-05,50,0.35,0.40,False,900.0,1,5.048709793414476e-29,7.105427357601002e-15,35.67842240151933,vittima non trovata entro 15 minuti
3346,200,3,54.7,42.2,62.1,3.44,1e-05,50,center,center,False,900.0,1,nan,nan,19.441438028346656,vittima non trovata entro 15 minuti
3348,200,3,64.2,61.3,81.7,2.38,1e-05,50,0.45,0.55,False,900.0,0,nan,nan,nan,vittima non trovata entro 15 minuti
3349,200,3,109.1,81.9,129.4,1.19,1e-05,50,0.60,0.45,False,900.0,1,0.0,0.0,37.020149502825504,vittima non trovata entro 15 minuti
3350,200,3,135.4,122.6,175.6,4.41,1e-05,50,0.60,0.58,False,900.0,2,0.0,0.0,32.2571079343729,vittima non trovata entro 15 minuti
3351,200,3,102.6,40.9,104.0,1.48,1e-05,80,center,center,False,900.0,2,5.6208209236984595e-11,7.497213431468027e-06,22.59885314162828,vittima non trovata entro 15 minuti
3353,200,3,103.4,20.1,99.5,1.17,1e-05,80,0.45,0.55,False,900.0,1,nan,nan,51.38427930789465,vittima non trovata entro 15 minuti
3388,200,3,107.9,95.9,137.3,3.62,1e-06,50,0.45,0.55,True,132.70000000000002,3,0.002622350851752403,0.051208894264106145,0.12148142613139361,
3389,200,3,95.7,157.5,177.4,2.88,1e-06,50,0.60,0.45,True,122.7,3,0.024096216561338573,0.15522956084888784,0.8075010579616951,
3354,200,3,46.2,123.1,125.1,1.06,1e-05,80,0.60,0.45,False,900.0,0,nan,nan,nan,vittima non trovata entro 15 minuti
3384,200,3,46.1,158.5,158.9,2.22,1e-06,25,0.60,0.45,True,177.20000000000002,3,0.003516211916831375,0.05929765523889941,0.26830086405215675,
3392,200,3,31.3,20.0,30.3,4.15,1e-06,80,0.35,0.40,True,53.1,3,0.003715981562547088,0.060958851388023115,0.2352292963784045,
3356,200,3,90.2,60.3,101.5,4.2,1e-05,120,center,center,False,900.0,0,nan,nan,nan,vittima non trovata entro 15 minuti
3358,200,3,54.0,57.5,71.8,1.77,1e-05,120,0.45,0.55,False,900.0,2,0.00018707559209687617,0.013677557972711217,3.068641477596475,vittima non trovata entro 15 minuti
3355,200,3,37.5,139.5,138.4,3.75,1e-05,80,0.60,0.58,False,900.0,2,0.0,0.0,29.787775703459957,vittima non trovata entro 15 minuti
3398,200,3,85.2,87.3,114.9,1.53,1e-06,120,0.45,0.55,True,111.10000000000001,3,0.0016764975194864216,0.040945054884398695,0.33674121165996096,
3361,200,3,167.1,40.5,166.0,2.17,1e-07,25,center,center,False,900.0,1,nan,nan,11.466756926806866,vittima non trovata entro 15 minuti
3394,200,3,121.7,75.7,136.5,2.89,1e-06,80,0.60,0.45,True,140.1,3,0.0006697305449717188,0.02587915270969509,1.4595260704956943,
3362,200,3,104.5,130.7,160.3,4.99,1e-07,25,0.35,0.40,False,900.0,2,1.0097419586828951e-28,1.0048591735576161e-14,0.06346877286770508,vittima non trovata entro 15 minuti
3396,200,3,124.5,58.6,131.0,4.78,1e-06,120,center,center,True,139.6,3,0.004999245704539561,0.07070534424313031,0.024339893665355175,
3397,200,3,145.2,64.5,152.3,4.02,1e-06,120,0.35,0.40,True,139.0,3,0.0007536389751211472,0.02745248577307977,1.332371235584801,
3399,200,3,119.9,85.1,140.1,2.15,1e-06,120,0.60,0.45,True,135.1,3,0.002332303064340098,0.04829392367927975,0.8381043575145318,
3365,200,3,30.6,124.6,122.3,3.48,1e-07,25,0.60,0.58,False,900.0,1,nan,nan,66.9066874469087,vittima non trovata entro 15 minuti
3363,200,3,169.9,20.3,165.7,4.09,1e-07,25,0.45,0.55,False,900.0,1,nan,nan,18.339009691989464,vittima non trovata entro 15 minuti
3366,200,3,156.3,106.2,182.0,4.64,1e-07,50,center,center,False,900.0,1,nan,nan,15.184740077398663,vittima non trovata entro 15 minuti
3364,200,3,112.7,67.6,124.5,3.21,1e-07,25,0.60,0.45,False,900.0,2,1.0097419586828951e-28,1.0048591735576161e-14,2.915221746070688,vittima non trovata entro 15 minuti
3404,200,3,79.7,130.9,146.4,4.59,1e-05,25,0.60,0.45,True,106.9,3,0.005007616423122181,0.07076451386904442,0.019916465675888183,
3367,200,3,60.2,145.8,151.2,3.55,1e-07,50,0.35,0.40,False,900.0,2,2.524354896707238e-29,5.0242958677880805e-15,17.622579565428886,vittima non trovata entro 15 minuti
3407,200,3,67.0,79.8,97.1,3.26,1e-05,50,0.35,0.40,True,122.30000000000001,3,0.004939141451110896,0.07027902568413208,0.040277269116608456,
3368,200,3,126.5,97.4,152.6,2.77,1e-07,50,0.45,0.55,False,900.0,2,0.0,0.0,0.1115096778198214,vittima non trovata entro 15 minuti
3369,200,3,133.5,121.2,173.3,4.9,1e-07,50,0.60,0.45,False,900.0,2,0.0,0.0,0.5602432003232832,vittima non trovata entro 15 minuti
3371,200,3,158.9,144.6,207.8,3.0,1e-07,80,center,center,False,900.0,1,nan,nan,6.97861122824503,vittima non trovata entro 15 minuti
3370,200,3,125.6,51.4,129.2,4.58,1e-07,50,0.60,0.58,False,900.0,2,4.0389678347315804e-28,2.0097183471152322e-14,42.47537371549135,vittima non trovata entro 15 minuti
3409,200,3,75.5,137.7,150.3,2.02,1e-05,50,0.60,0.45,True,110.9,3,0.005580277995459654,0.07470125832581172,0.033137556026153585,
3411,200,3,72.8,128.3,140.7,1.93,1e-05,80,center,center,True,109.0,3,0.001052491801658862,0.03244213004195103,2.1406984594626564,
3415,200,3,20.7,68.9,65.8,3.29,1e-05,80,0.60,0.58,True,78.9,3,0.0035430394297464246,0.05952343597060258,1.1872954039492258,
3414,200,3,32.9,158.4,156.0,1.5,1e-05,80,0.60,0.45,True,128.8,3,0.001760446090025726,0.04195767021684743,0.49539208375564575,
3420,200,3,63.3,53.3,75.7,1.41,1e-05,120,0.60,0.58,True,74.8,3,0.002997020000237667,0.05474504544009135,1.2980824477348898,
3373,200,3,124.7,164.1,199.2,2.47,1e-07,80,0.45,0.55,False,900.0,2,0.0,0.0,0.1942751575658858,vittima non trovata entro 15 minuti
3372,200,3,160.6,157.2,217.6,1.69,1e-07,80,0.35,0.40,False,900.0,2,4.0389678347315804e-28,2.0097183471152322e-14,10.96179664000232,vittima non trovata entro 15 minuti
3375,200,3,166.0,117.3,196.3,4.96,1e-07,80,0.60,0.58,False,900.0,1,nan,nan,3.7485560472317703,vittima non trovata entro 15 minuti
3417,200,3,130.7,98.6,156.8,3.18,1e-05,120,0.35,0.40,True,131.0,3,0.0017181257265943802,0.04145028017510111,2.0239881047785895,
3376,200,3,104.7,64.3,116.0,2.07,1e-07,120,center,center,False,900.0,2,2.524354896707238e-29,5.0242958677880805e-15,1.0732896964246732,vittima non trovata entro 15 minuti
3378,200,3,83.3,40.9,86.1,1.11,1e-07,120,0.45,0.55,False,900.0,2,0.0,0.0,0.048707689705740256,vittima non trovata entro 15 minuti
3419,200,3,95.1,84.6,120.2,3.56,1e-05,120,0.60,0.45,True,181.3,3,0.005249344565470889,0.07245236066182309,3.5483282510204788,
3423,200,3,40.2,26.0,41.0,1.71,1e-07,25,0.45,0.55,True,71.10000000000001,3,0.004063688032732954,0.0637470629341694,0.4587830445558081,
3381,200,3,112.8,37.3,112.5,3.5,1e-06,25,center,center,False,900.0,0,nan,nan,20.072231638925572,vittima non trovata entro 15 minuti
3382,200,3,170.8,68.9,177.7,4.3,1e-06,25,0.35,0.40,False,900.0,2,18.088152102960915,4.253016823733585,11.756055611387799,vittima non trovata entro 15 minuti
3387,200,3,44.2,78.6,83.4,4.11,1e-06,50,0.35,0.40,False,900.0,2,6.775642316966837,2.6030063997168424,16.020467481110416,vittima non trovata entro 15 minuti
3386,200,3,33.8,112.9,111.7,3.75,1e-06,50,center,center,False,900.0,2,5.534854882271352e-08,0.00023526272297734192,2.0139098821386257,vittima non trovata entro 15 minuti
3383,200,3,54.5,22.6,52.5,2.01,1e-06,25,0.45,0.55,False,900.0,1,nan,nan,5.545383194837671,vittima non trovata entro 15 minuti
3385,200,3,126.2,171.0,205.5,1.83,1e-06,25,0.60,0.58,False,900.0,2,1.0097419586828951e-28,1.0048591735576161e-14,0.08714798280300949,vittima non trovata entro 15 minuti
3391,200,3,49.9,128.3,131.3,2.3,1e-06,80,center,center,False,900.0,2,0.00013109511094285784,0.01144967732920268,1.3005870511230366,vittima non trovata entro 15 minuti
3390,200,3,48.7,73.6,81.3,4.83,1e-06,50,0.60,0.58,False,900.0,1,1.0097419586828951e-28,1.0048591735576161e-14,7.633217123627956,vittima non trovata entro 15 minuti
3438,200,3,27.2,35.1,37.4,2.28,1e-07,120,0.45,0.55,True,66.9,3,0.004726960160874579,0.06875289201826043,0.7860509980914778,
3436,200,3,76.9,73.9,99.6,3.67,1e-07,120,center,center,True,109.9,3,0.0029901224614228934,0.05468201222909498,0.26226013561160366,
3393,200,3,134.0,20.7,129.9,4.81,1e-06,80,0.45,0.55,False,900.0,2,4.0389678347315804e-28,2.0097183471152322e-14,0.5985377259574429,vittima non trovata entro 15 minuti
3395,200,3,141.3,134.6,188.1,1.82,1e-06,80,0.60,0.58,False,900.0,2,0.0,0.0,0.10362223824038125,vittima non trovata entro 15 minuti
3400,200,3,151.7,168.8,219.9,3.18,1e-06,120,0.60,0.58,False,900.0,2,4.0389678347315804e-28,2.0097183471152322e-14,0.31624314098076295,vittima non trovata entro 15 minuti
3401,200,3,150.2,162.0,213.8,3.77,1e-05,25,center,center,False,900.0,1,1.2116903504194741e-27,3.4809342861069267e-14,22.583822913323555,vittima non trovata entro 15 minuti
3402,200,3,35.2,150.5,148.6,4.18,1e-05,25,0.35,0.40,False,900.0,1,2.0194839173657902e-28,1.4210854715202004e-14,31.78103902279716,vittima non trovata entro 15 minuti
3403,200,3,148.4,79.0,161.4,2.05,1e-05,25,0.45,0.55,False,900.0,2,0.0,0.0,19.681142457573156,vittima non trovata entro 15 minuti
3405,200,3,106.8,24.6,103.7,1.17,1e-05,25,0.60,0.58,False,900.0,0,nan,nan,20.62770118188153,vittima non trovata entro 15 minuti
3406,200,3,91.6,93.7,124.0,4.0,1e-05,50,center,center,False,900.0,2,4.0389678347315804e-28,2.0097183471152322e-14,21.230037061141267,vittima non trovata entro 15 minuti
3410,200,3,123.7,132.2,174.0,2.74,1e-05,50,0.60,0.58,False,900.0,1,1.0097419586828951e-27,3.1776437161565096e-14,39.27649746885697,vittima non trovata entro 15 minuti
3408,200,3,54.0,81.6,91.0,1.73,1e-05,50,0.45,0.55,False,900.0,2,1.0097419586828951e-28,1.0048591735576161e-14,36.34079928516828,vittima non trovata entro 15 minuti
3412,200,3,104.6,46.5,107.8,4.82,1e-05,80,0.35,0.40,False,900.0,2,0.03256497066828103,0.18045767001787713,0.48157627222779587,vittima non trovata entro 15 minuti
3416,200,3,116.5,96.9,144.5,2.91,1e-05,120,center,center,False,900.0,0,nan,nan,nan,vittima non trovata entro 15 minuti
3447,200,3,54.2,134.4,138.4,1.98,1e-06,50,0.35,0.40,True,162.4,3,0.0021204307945711844,0.04604813562535604,0.6089326895456176,
3413,200,3,139.9,152.0,199.6,1.85,1e-05,80,0.45,0.55,False,900.0,2,3.901889861046129e-05,0.006246510914939739,10.318503442762259,vittima non trovata entro 15 minuti
3418,200,3,160.3,42.6,159.8,1.55,1e-05,120,0.45,0.55,False,900.0,2,4.291403324402304e-28,2.07157025572446e-14,22.301316362591407,vittima non trovata entro 15 minuti
3421,200,3,45.9,143.8,144.7,3.13,1e-07,25,center,center,False,900.0,1,0.001267692576961392,0.035604670718339636,21.396183411856317,vittima non trovata entro 15 minuti
3422,200,3,63.0,69.6,86.8,3.39,1e-07,25,0.35,0.40,False,900.0,2,0.0,0.0,0.12153993572116922,vittima non trovata entro 15 minuti
3424,200,3,135.0,106.1,164.7,4.21,1e-07,25,0.60,0.45,False,900.0,2,0.0,0.0,0.12069619833548255,vittima non trovata entro 15 minuti
3425,200,3,152.1,44.4,152.3,3.34,1e-07,25,0.60,0.58,False,900.0,1,nan,nan,14.635130419974757,vittima non trovata entro 15 minuti
3426,200,3,61.1,71.1,86.7,4.92,1e-07,50,center,center,False,900.0,2,5.048709793414476e-29,7.105427357601002e-15,4.893157948353609,vittima non trovata entro 15 minuti
3427,200,3,133.1,24.3,129.5,4.65,1e-07,50,0.35,0.40,False,900.0,2,6.310887241768095e-30,2.5121479338940403e-15,3.4454368404489473,vittima non trovata entro 15 minuti
3428,200,3,155.3,143.7,204.5,3.49,1e-07,50,0.45,0.55,False,900.0,1,nan,nan,0.4121445972565898,vittima non trovata entro 15 minuti
3430,200,3,162.8,24.7,159.0,3.93,1e-07,50,0.60,0.58,False,900.0,1,nan,nan,3.2536723940674346,vittima non trovata entro 15 minuti
3429,200,3,121.6,57.1,127.7,3.54,1e-07,50,0.60,0.45,False,900.0,2,2.0194839173657902e-28,1.4210854715202004e-14,6.373627210479832,vittima non trovata entro 15 minuti
3431,200,3,32.3,56.5,58.3,4.74,1e-07,80,center,center,False,900.0,1,nan,nan,117.22071503561959,vittima non trovata entro 15 minuti
3460,200,3,31.0,130.5,128.2,4.3,1e-06,120,0.60,0.58,True,123.5,3,0.014270278856421958,0.11945827244867539,1.6348130219053194,
3458,200,3,144.6,137.6,192.5,2.69,1e-06,120,0.45,0.55,True,142.1,3,0.002849455344233953,0.053380289847788885,0.20314938533002727,
3459,200,3,117.9,66.0,128.3,1.09,1e-06,120,0.60,0.45,True,143.6,3,0.0018325390845022218,0.04280816609599414,1.8304815142457909,
3457,200,3,116.3,70.5,129.1,3.58,1e-06,120,0.35,0.40,True,239.0,3,0.0008763609703319717,0.029603394574473578,1.7745255385704997,
3432,200,3,109.0,150.6,178.9,2.73,1e-07,80,0.35,0.40,False,900.0,2,0.0,0.0,65.15822252871473,vittima non trovata entro 15 minuti
3433,200,3,128.0,59.5,134.5,4.38,1e-07,80,0.45,0.55,False,900.0,2,1.262177448353619e-28,1.1234667099445444e-14,0.3757194128866149,vittima non trovata entro 15 minuti
3434,200,3,86.0,121.1,141.6,2.63,1e-07,80,0.60,0.45,False,900.0,2,0.0,0.0,0.18491138125912787,vittima non trovata entro 15 minuti
3435,200,3,123.3,169.9,203.0,3.73,1e-07,80,0.60,0.58,False,900.0,2,1.0097419586828951e-28,1.0048591735576161e-14,0.10187941473494193,vittima non trovata entro 15 minuti
3437,200,3,126.4,110.7,161.0,1.16,1e-07,120,0.35,0.40,False,900.0,2,1.0097419586828951e-28,1.0048591735576161e-14,0.21725168562959032,vittima non trovata entro 15 minuti
3439,200,3,77.7,130.7,145.2,1.55,1e-07,120,0.60,0.45,False,900.0,2,1.0097419586828951e-28,1.0048591735576161e-14,0.7380103565358493,vittima non trovata entro 15 minuti
3440,200,3,31.8,80.3,79.9,1.93,1e-07,120,0.60,0.58,False,900.0,2,1.262177448353619e-29,3.552713678800501e-15,0.6948589834179272,vittima non trovata entro 15 minuti
3441,200,3,54.9,126.7,131.6,4.11,1e-06,25,center,center,False,900.0,2,2.524354896707238e-28,1.5888218580782548e-14,1.3363089692562697,vittima non trovata entro 15 minuti
3443,200,3,27.3,159.8,156.4,4.89,1e-06,25,0.45,0.55,False,900.0,1,nan,nan,47.23265771246191,vittima non trovata entro 15 minuti
3442,200,3,159.0,131.1,199.0,3.44,1e-06,25,0.35,0.40,False,900.0,2,0.0,0.0,0.3306032105974281,vittima non trovata entro 15 minuti
3478,200,3,84.7,134.8,152.3,1.4,1e-05,120,0.45,0.55,True,105.10000000000001,3,0.0032833226923492972,0.05730028527284395,0.9521394374358718,
3444,200,3,141.8,165.1,210.6,4.24,1e-06,25,0.60,0.45,False,900.0,2,0.0,0.0,2.059162650842784,vittima non trovata entro 15 minuti
3451,200,3,56.9,43.9,64.9,2.76,1e-06,80,center,center,False,900.0,1,nan,nan,22.149686420937208,vittima non trovata entro 15 minuti
3477,200,3,141.8,51.1,144.3,4.37,1e-05,120,0.35,0.40,True,170.8,3,0.001920089957394669,0.04381883108202076,2.0136818201225055,
3445,200,3,61.6,51.0,73.0,1.14,1e-06,25,0.60,0.58,False,900.0,2,0.09451938206495764,0.30744004629351335,1.0129574618414763,vittima non trovata entro 15 minuti
3449,200,3,26.2,90.8,88.4,2.28,1e-06,50,0.60,0.45,False,900.0,2,0.0,0.0,1.5288614089446406,vittima non trovata entro 15 minuti
3448,200,3,152.7,73.4,162.7,3.95,1e-06,50,0.45,0.55,False,900.0,2,4.0389678347315804e-28,2.0097183471152322e-14,1.761693544916393,vittima non trovata entro 15 minuti
3446,200,3,138.0,135.1,186.0,3.06,1e-06,50,center,center,False,900.0,2,4.0389678347315804e-28,2.0097183471152322e-14,0.2872386723152853,vittima non trovata entro 15 minuti
3450,200,3,37.2,144.4,143.1,4.13,1e-06,50,0.60,0.58,False,900.0,2,4.0389678347315804e-28,2.0097183471152322e-14,0.4216603299745507,vittima non trovata entro 15 minuti
3480,200,3,119.5,126.6,167.0,2.97,1e-05,120,0.60,0.58,True,253.5,3,0.0001773495389940964,0.013317264696404305,0.12099420733988356,
3452,200,3,84.1,130.1,148.0,4.22,1e-06,80,0.35,0.40,False,900.0,2,0.0,0.0,0.9000829210789805,vittima non trovata entro 15 minuti
3454,200,3,124.7,136.7,178.0,4.64,1e-06,80,0.60,0.45,False,900.0,2,3.864412779358147e-05,0.006216440122254976,0.4512270117294952,vittima non trovata entro 15 minuti
3453,200,3,167.6,134.4,207.8,2.23,1e-06,80,0.45,0.55,False,900.0,2,0.0,0.0,0.12645349841135936,vittima non trovata entro 15 minuti
3455,200,3,19.1,126.3,122.1,4.62,1e-06,80,0.60,0.58,False,900.0,1,nan,nan,3.4458820906640786,vittima non trovata entro 15 minuti
3456,200,3,157.2,60.9,162.2,4.29,1e-06,120,center,center,False,900.0,2,0.0008514680227724587,0.02917992499600468,1.0612174562606445,vittima non trovata entro 15 minuti
3479,200,3,117.0,94.3,143.3,3.17,1e-05,120,0.60,0.45,True,339.90000000000003,3,0.0028498100665399666,0.05338361234067967,0.04963232983040319,
3495,200,3,70.5,23.6,68.1,3.72,1e-07,80,0.60,0.58,True,95.60000000000001,3,0.001674881598181583,0.040925317325362094,2.577747129341975,
3461,200,3,65.2,32.7,66.3,3.97,1e-05,25,center,center,False,900.0,1,nan,nan,2.1550048447979555,vittima non trovata entro 15 minuti
3462,200,3,26.0,159.9,156.3,4.47,1e-05,25,0.35,0.40,False,900.0,2,529.3151668893449,23.006850433932605,27.63840399470375,vittima non trovata entro 15 minuti
3465,200,3,122.8,46.0,124.7,2.76,1e-05,25,0.60,0.58,False,900.0,0,nan,nan,27.72289189477069,vittima non trovata entro 15 minuti
3463,200,3,127.3,130.4,175.1,2.25,1e-05,25,0.45,0.55,False,900.0,2,0.0,0.0,41.186923365221006,vittima non trovata entro 15 minuti
3466,200,3,148.1,37.1,146.7,3.65,1e-05,50,center,center,False,900.0,1,0.0,0.0,23.91812113477009,vittima non trovata entro 15 minuti
3464,200,3,151.6,141.4,200.2,2.24,1e-05,25,0.60,0.45,False,900.0,2,0.0018901238641162344,0.043475554787906205,11.646166542295871,vittima non trovata entro 15 minuti
3499,200,3,51.3,39.3,57.7,2.78,1e-07,120,0.60,0.45,True,80.4,3,5.453254928825302e-07,0.0007384615717033149,7.4118019597332445,
3469,200,3,146.6,29.5,143.7,1.4,1e-05,50,0.60,0.45,False,900.0,1,nan,nan,16.796685715367786,vittima non trovata entro 15 minuti
3467,200,3,27.2,143.5,140.3,2.11,1e-05,50,0.35,0.40,False,900.0,1,nan,nan,27.771559730043688,vittima non trovata entro 15 minuti
3468,200,3,23.9,135.9,132.3,1.65,1e-05,50,0.45,0.55,False,900.0,2,3.875988334344577e-05,0.006225743597631192,47.53603178716166,vittima non trovata entro 15 minuti
3470,200,3,55.6,144.4,148.3,3.13,1e-05,50,0.60,0.58,False,900.0,1,nan,nan,7.615915869449023,vittima non trovata entro 15 minuti
3500,200,3,62.4,129.8,137.3,2.33,1e-07,120,0.60,0.58,False,125.4,3,0.01618181577912645,0.12720776619030164,22.761987654213247,vittima non trovata entro 15 minuti
3471,200,3,120.5,169.5,201.0,2.94,1e-05,80,center,center,False,900.0,0,nan,nan,nan,vittima non trovata entro 15 minuti
3472,200,3,168.3,96.9,187.4,3.96,1e-05,80,0.35,0.40,False,900.0,2,8.077935669463161e-28,2.842170943040401e-14,37.580098432935735,vittima non trovata entro 15 minuti
3473,200,3,134.1,148.3,192.9,3.09,1e-05,80,0.45,0.55,False,900.0,2,5.794541240328484e-15,7.612188410916064e-08,12.069949765734647,vittima non trovata entro 15 minuti
3509,200,3,59.5,56.3,74.8,1.11,1e-06,50,0.60,0.45,True,120.0,3,0.0027907521716802955,0.05282757018527632,2.1618728506492286,
3510,200,3,65.9,47.7,74.4,1.23,1e-06,50,0.60,0.58,True,122.60000000000001,3,0.003573423327984963,0.059778117467723615,0.5862363140523583,
3474,200,3,57.8,141.5,146.3,4.3,1e-05,80,0.60,0.45,False,900.0,0,nan,nan,nan,vittima non trovata entro 15 minuti
3475,200,3,48.6,149.7,151.1,1.06,1e-05,80,0.60,0.58,False,900.0,2,8.330371159133885e-28,2.886238236725078e-14,31.11499285527087,vittima non trovata entro 15 minuti
3476,200,3,56.6,55.9,72.5,2.46,1e-05,120,center,center,False,900.0,0,nan,nan,nan,vittima non trovata entro 15 minuti
3502,200,3,90.9,30.1,89.5,2.6,1e-06,25,0.35,0.40,True,315.8,3,0.003063289300637668,0.05534698998714987,0.7442426836983288,
3514,200,3,95.6,150.8,171.7,1.07,1e-06,80,0.60,0.45,True,115.80000000000001,3,0.026709395780990495,0.16343009447770168,0.4529348458146379,
3483,200,3,102.8,116.4,148.2,4.03,1e-07,25,0.45,0.55,False,900.0,1,nan,nan,5.942964408255445,vittima non trovata entro 15 minuti
3481,200,3,169.1,74.6,178.2,2.77,1e-07,25,center,center,False,900.0,1,nan,nan,18.29350443633673,vittima non trovata entro 15 minuti
3519,200,3,164.6,64.9,170.5,1.32,1e-06,120,0.60,0.45,True,159.9,3,0.01774980127781623,0.1332283801515887,0.9179738114833897,
3482,200,3,153.8,136.5,198.6,2.03,1e-07,25,0.35,0.40,False,900.0,2,9.133608878367108,3.0221861091546147,4.819719971015572,vittima non trovata entro 15 minuti
3484,200,3,45.5,119.8,121.7,2.3,1e-07,25,0.60,0.45,False,900.0,1,nan,nan,3.531842913083882,vittima non trovata entro 15 minuti
3485,200,3,65.8,53.3,77.7,3.92,1e-07,25,0.60,0.58,False,900.0,2,5.048709793414476e-29,7.105427357601002e-15,0.4310537917732414,vittima non trovata entro 15 minuti
3486,200,3,151.6,85.6,167.3,1.67,1e-07,50,center,center,False,900.0,1,nan,nan,13.213702315858466,vittima non trovata entro 15 minuti
3520,200,3,119.4,79.8,136.7,2.07,1e-06,120,0.60,0.58,True,138.0,3,0.0058226087411899245,0.07630602034695509,0.14159189087204815,
3488,200,3,108.9,90.9,134.8,1.1,1e-07,50,0.45,0.55,False,900.0,1,nan,nan,28.574305793623967,vittima non trovata entro 15 minuti
3487,200,3,68.7,122.6,133.7,3.22,1e-07,50,0.35,0.40,False,900.0,2,2.0194839173657902e-28,1.4210854715202004e-14,0.6523095377846194,vittima non trovata entro 15 minuti
3489,200,3,121.0,111.8,157.6,4.76,1e-07,50,0.60,0.45,False,900.0,2,2.0194839173657902e-28,1.4210854715202004e-14,0.25793349248833486,vittima non trovata entro 15 minuti
3523,200,3,138.1,142.3,191.3,3.12,1e-05,25,0.45,0.55,True,152.9,3,0.0032400942427129723,0.05692182571486066,3.483198337617488,
3490,200,3,33.2,59.5,61.3,4.44,1e-07,50,0.60,0.58,False,900.0,1,nan,nan,16.353353246353485,vittima non trovata entro 15 minuti
3492,200,3,63.8,93.2,106.0,1.26,1e-07,80,0.35,0.40,False,900.0,2,1.262177448353619e-28,1.1234667099445444e-14,0.7919088070937952,vittima non trovata entro 15 minuti
3493,200,3,89.1,44.6,93.0,4.8,1e-07,80,0.45,0.55,False,900.0,2,5.048709793414476e-29,7.105427357601002e-15,0.8782634293427395,vittima non trovata entro 15 minuti
3491,200,3,34.7,52.1,55.7,1.79,1e-07,80,center,center,False,900.0,1,nan,nan,16.434696339685658,vittima non trovata entro 15 minuti
3494,200,3,154.3,26.9,150.9,4.61,1e-07,80,0.60,0.45,False,900.0,1,nan,nan,4.502249582450887,vittima non trovata entro 15 minuti
3525,200,3,47.0,111.9,114.9,3.67,1e-05,25,0.60,0.58,True,175.0,3,0.005792463539837173,0.07610823568995127,2.0675681994579427,
3496,200,3,169.5,116.5,198.7,2.7,1e-07,120,center,center,False,900.0,1,nan,nan,13.222333186096094,vittima non trovata entro 15 minuti
3531,200,3,76.3,145.4,157.5,1.24,1e-05,80,center,center,True,110.60000000000001,3,0.004821121775591184,0.0694342982652751,1.7704252645484464,
3497,200,3,151.9,112.1,181.8,1.91,1e-07,120,0.35,0.40,False,900.0,1,nan,nan,63.43659976413844,vittima non trovata entro 15 minuti
3498,200,3,29.7,77.1,76.2,2.46,1e-07,120,0.45,0.55,False,900.0,2,0.0,0.0,14.697984586694432,vittima non trovata entro 15 minuti
3536,200,3,102.5,124.0,153.8,2.05,1e-05,120,center,center,True,182.60000000000002,3,0.0027254362375901523,0.05220571077564362,0.7520603616933846,
3537,200,3,93.1,44.8,96.6,3.96,1e-05,120,0.35,0.40,True,197.4,3,0.005094833515389317,0.07137810249221618,3.0015690072669265,
3503,200,3,111.2,42.6,112.7,3.05,1e-06,25,0.45,0.55,False,900.0,0,nan,nan,nan,vittima non trovata entro 15 minuti
3501,200,3,166.8,138.0,209.4,3.91,1e-06,25,center,center,False,900.0,2,4.0389678347315804e-28,2.0097183471152322e-14,0.2686633558807872,vittima non trovata entro 15 minuti
3504,200,3,127.2,99.3,154.4,2.42,1e-06,25,0.60,0.45,False,900.0,2,0.21666396043195013,0.4654717611541544,0.13203039742130762,vittima non trovata entro 15 minuti
3505,200,3,119.3,93.0,144.2,2.21,1e-06,25,0.60,0.58,False,900.0,2,2.692645223154387e-28,1.6409281590473078e-14,0.0354794016155659,vittima non trovata entro 15 minuti
3506,200,3,125.9,111.9,161.4,3.22,1e-06,50,center,center,False,900.0,2,2.0194839173657902e-28,1.4210854715202004e-14,0.2577599763685701,vittima non trovata entro 15 minuti
3507,200,3,28.8,75.3,74.3,2.07,1e-06,50,0.35,0.40,False,900.0,2,0.0,0.0,4.360145098913774,vittima non trovata entro 15 minuti
3508,200,3,148.1,24.2,144.3,1.27,1e-06,50,0.45,0.55,False,900.0,1,4.165185579566942e-28,2.040878629308206e-14,0.35385552995934555,vittima non trovata entro 15 minuti
3540,200,3,102.4,158.1,181.5,1.86,1e-05,120,0.60,0.58,True,187.3,3,0.0011933881219694839,0.03454545009070636,1.058740792125806,
3511,200,3,171.0,134.4,210.5,1.88,1e-06,80,center,center,False,900.0,0,nan,nan,64.028494610701,vittima non trovata entro 15 minuti
3551,200,3,55.9,19.7,53.0,1.54,1e-07,80,center,center,True,60.5,3,0.02571826154222415,0.1603691414899517,6.034105098172135,
3512,200,3,25.4,128.6,125.3,2.97,1e-06,80,0.35,0.40,False,900.0,1,nan,nan,22.096671332351452,vittima non trovata entro 15 minuti
3513,200,3,64.4,27.8,63.6,1.27,1e-06,80,0.45,0.55,False,900.0,2,6.310887241768095e-30,2.5121479338940403e-15,1.3977048842589204,vittima non trovata entro 15 minuti
3553,200,3,56.4,25.3,55.3,4.06,1e-07,80,0.45,0.55,True,92.30000000000001,3,0.0013441721704708315,0.036662953651756314,0.47373272354006346,
3515,200,3,55.9,147.4,151.2,3.7,1e-06,80,0.60,0.58,False,900.0,2,4.291403324402304e-28,2.07157025572446e-14,2.2193898790432405,vittima non trovata entro 15 minuti
3516,200,3,26.9,34.5,36.7,2.04,1e-06,120,center,center,False,900.0,2,0.0,0.0,1.3782750203388392,vittima non trovata entro 15 minuti
3518,200,3,161.3,168.0,225.8,1.75,1e-06,120,0.45,0.55,False,900.0,2,5.759953435350286e-08,0.00023999902990117034,0.22382271677676935,vittima non trovata entro 15 minuti
3517,200,3,38.9,108.0,108.4,2.9,1e-06,120,0.35,0.40,False,900.0,2,0.0,0.0,4.267529283178409,vittima non trovata entro 15 minuti
3522,200,3,48.8,62.3,72.2,4.36,1e-05,25,0.35,0.40,False,900.0,2,3.905749965973948e-05,0.006249599959976597,17.614486428963893,vittima non trovata entro 15 minuti
3521,200,3,76.8,26.1,74.8,3.71,1e-05,25,center,center,False,900.0,2,3.310285092308888e-05,0.005753507706007604,24.06116354454192,vittima non trovata entro 15 minuti
3524,200,3,49.2,60.8,71.2,2.59,1e-05,25,0.60,0.45,False,900.0,1,nan,nan,31.896162029333457,vittima non trovata entro 15 minuti
3526,200,3,84.0,79.2,108.4,4.26,1e-05,50,center,center,False,900.0,2,2.524354896707238e-28,1.5888218580782548e-14,32.259054101247365,vittima non trovata entro 15 minuti
3529,200,3,130.0,30.7,127.6,4.77,1e-05,50,0.60,0.45,False,900.0,1,4.291403324402304e-28,2.07157025572446e-14,30.93223730608575,vittima non trovata entro 15 minuti
3528,200,3,29.5,150.3,147.4,2.3,1e-05,50,0.45,0.55,False,900.0,2,1.4411247295923125e-13,3.796214864298796e-07,37.784031341112495,vittima non trovata entro 15 minuti
3527,200,3,127.5,123.4,170.4,1.3,1e-05,50,0.35,0.40,False,900.0,2,0.0,0.0,51.771454566845684,vittima non trovata entro 15 minuti
3530,200,3,52.7,32.2,54.9,1.11,1e-05,50,0.60,0.58,False,900.0,1,0.0,0.0,23.218787046821284,vittima non trovata entro 15 minuti
3563,200,3,79.3,130.4,145.7,3.96,1e-06,25,0.45,0.55,False,114.30000000000001,3,0.01979241657638086,0.14068552369160398,14.939675716919176,vittima non trovata entro 15 minuti
3532,200,3,94.4,34.2,94.1,1.56,1e-05,80,0.35,0.40,False,900.0,1,nan,nan,7.134069266853366,vittima non trovata entro 15 minuti
3533,200,3,148.1,41.6,147.7,3.91,1e-05,80,0.45,0.55,False,900.0,2,0.0,0.0,42.89202527703415,vittima non trovata entro 15 minuti
3534,200,3,34.6,61.9,64.2,3.2,1e-05,80,0.60,0.45,False,900.0,2,0.0,0.0,16.74916762168412,vittima non trovata entro 15 minuti
3538,200,3,167.1,159.0,223.6,3.41,1e-05,120,0.45,0.55,False,900.0,2,5.587746921223904e-11,7.47512335766033e-06,22.1014542779391,vittima non trovata entro 15 minuti
3535,200,3,142.9,151.1,200.8,4.74,1e-05,80,0.60,0.58,False,900.0,2,8.077935669463161e-28,2.842170943040401e-14,31.355501156441385,vittima non trovata entro 15 minuti
3566,200,3,82.8,68.5,100.5,3.78,1e-06,50,center,center,True,136.70000000000002,3,0.0006488419656399763,0.025472376521243092,0.5579595850191047,
3565,200,3,75.9,97.1,116.2,3.67,1e-06,25,0.60,0.58,True,168.3,3,0.0042594433207236645,0.06526441082798239,0.16397058572961154,
3539,200,3,114.8,65.7,125.5,3.65,1e-05,120,0.60,0.45,False,900.0,2,5.521008836937005e-05,0.007430349141821672,11.49295615509662,vittima non trovata entro 15 minuti
3571,200,3,98.3,117.9,146.5,1.38,1e-06,80,center,center,True,121.7,3,0.0059345636314962966,0.07703611900593316,0.725558548231342,
3574,200,3,78.4,37.7,80.3,4.17,1e-06,80,0.60,0.45,True,128.20000000000002,3,0.004024673376979739,0.06344031350001149,4.751079450712579,
3575,200,3,29.2,170.4,167.2,2.77,1e-06,80,0.60,0.58,False,133.6,3,0.021943704480223123,0.14813407602649406,12.98372372447326,vittima non trovata entro 15 minuti
3541,200,3,121.3,58.5,128.0,4.5,1e-07,25,center,center,False,900.0,2,2.271919407036514e-28,1.507288760336424e-14,0.07935007581570704,vittima non trovata entro 15 minuti
3576,200,3,133.1,121.7,173.3,2.39,1e-06,120,center,center,True,158.70000000000002,3,0.004956747271997549,0.07040417084234107,0.060212969149320415,
3578,200,3,74.8,72.1,96.9,1.44,1e-06,120,0.45,0.55,True,115.9,3,0.002999767805728415,0.054770136075496606,0.3777183068629264,
3543,200,3,19.0,129.4,125.2,3.32,1e-07,25,0.45,0.55,False,900.0,1,nan,nan,77.4518387349715,vittima non trovata entro 15 minuti
3542,200,3,139.7,160.1,205.4,2.35,1e-07,25,0.35,0.40,False,900.0,2,4.0389678347315804e-28,2.0097183471152322e-14,0.8836001332445188,vittima non trovata entro 15 minuti
3544,200,3,58.7,69.0,83.6,2.04,1e-07,25,0.60,0.45,False,900.0,2,1.0097419586828951e-28,1.0048591735576161e-14,2.049420879330839,vittima non trovata entro 15 minuti
3545,200,3,101.2,64.1,112.9,3.38,1e-07,25,0.60,0.58,False,900.0,1,nan,nan,4.042543857143623,vittima non trovata entro 15 minuti
3546,200,3,82.4,140.0,155.6,1.31,1e-07,50,center,center,False,900.0,1,nan,nan,65.92784322517312,vittima non trovata entro 15 minuti
3547,200,3,139.3,61.6,145.7,2.2,1e-07,50,0.35,0.40,False,900.0,2,0.0006249998369672559,0.024999996739344905,0.3735021081933158,vittima non trovata entro 15 minuti
3580,200,3,142.2,114.4,175.5,3.28,1e-06,120,0.60,0.58,True,155.60000000000002,3,0.0038054593465442097,0.061688405284495804,0.3674705931871099,
3550,200,3,30.3,74.5,73.9,2.74,1e-07,50,0.60,0.58,False,900.0,1,nan,nan,39.05106107760875,vittima non trovata entro 15 minuti
3548,200,3,115.0,125.4,163.1,2.09,1e-07,50,0.45,0.55,False,900.0,2,2.0194839173657902e-28,1.4210854715202004e-14,111.23894420989927,vittima non trovata entro 15 minuti
3549,200,3,112.5,49.3,116.3,4.13,1e-07,50,0.60,0.45,False,900.0,2,1.0097419586828951e-28,1.0048591735576161e-14,4.541086452104906,vittima non trovata entro 15 minuti
3552,200,3,36.5,95.7,96.0,2.57,1e-07,80,0.35,0.40,False,900.0,1,nan,nan,12.678302404234142,vittima non trovata entro 15 minuti
3583,200,3,135.1,159.2,201.8,1.57,1e-05,25,0.45,0.55,True,144.70000000000002,3,0.026190823835445937,0.16183579281310403,2.167477020083379,
3585,200,3,32.7,144.4,142.1,1.23,1e-05,25,0.60,0.58,True,155.8,3,0.000391293980154941,0.019781152144274637,0.8008809395889068,
3554,200,3,60.8,97.0,107.6,3.38,1e-07,80,0.60,0.45,False,900.0,2,0.0,0.0,44.8964852169606,vittima non trovata entro 15 minuti
3593,200,3,77.0,162.9,173.6,3.87,1e-05,80,0.45,0.55,True,119.0,3,0.007576224571856026,0.08704151062485087,1.209260982895141,
3555,200,3,32.5,128.1,126.1,1.18,1e-07,80,0.60,0.58,False,900.0,1,nan,nan,32.76701845883069,vittima non trovata entro 15 minuti
3592,200,3,32.0,148.0,145.6,4.47,1e-05,80,0.35,0.40,True,160.20000000000002,3,0.003712093960286235,0.0609269559414077,0.03487303981065084,
3556,200,3,130.5,42.9,131.1,3.32,1e-07,120,center,center,False,900.0,2,4.291403324402304e-28,2.07157025572446e-14,0.441293887733955,vittima non trovata entro 15 minuti
3594,200,3,104.9,118.3,151.0,4.66,1e-05,80,0.60,0.45,True,177.8,3,0.0003828878089632652,0.019567519233752273,0.12432170639761611,
3557,200,3,110.1,24.9,106.9,1.1,1e-07,120,0.35,0.40,False,900.0,2,1.072850831100576e-28,1.03578512786223e-14,0.40285107808034837,vittima non trovata entro 15 minuti
3597,200,3,79.4,80.7,106.1,3.02,1e-05,120,0.35,0.40,True,111.80000000000001,3,0.004431303018217136,0.06656803300546844,0.018003551750561522,
3558,200,3,32.3,65.0,65.9,3.17,1e-07,120,0.45,0.55,False,900.0,2,9.860761315262648e-32,3.1401849173675503e-16,148.10361989719627,vittima non trovata entro 15 minuti
3598,200,3,102.4,111.0,143.9,2.27,1e-05,120,0.45,0.55,True,159.0,3,0.004469646717508955,0.06685541651585872,0.029440801512567588,
3568,200,3,154.1,153.6,210.5,4.59,1e-06,50,0.45,0.55,True,647.5,3,0.001841693500335273,0.042914956604140624,8.50493593900342,
3560,200,3,140.5,33.4,138.4,4.83,1e-07,120,0.60,0.58,False,900.0,2,4.0389678347315804e-28,2.0097183471152322e-14,1.3530392124622146,vittima non trovata entro 15 minuti
3559,200,3,81.7,22.5,78.7,4.58,1e-07,120,0.60,0.45,False,900.0,2,0.0,0.0,4.140139749601085,vittima non trovata entro 15 minuti
3599,200,3,57.3,21.0,54.7,1.8,1e-05,120,0.60,0.45,True,206.0,3,0.00022704412205966357,0.015067983344152713,3.275235848943762,
3600,200,3,123.4,21.2,119.5,2.23,1e-05,120,0.60,0.58,True,212.60000000000002,3,0.0036665137853433465,0.06055174469281085,0.30667152635739153,
3561,200,3,32.9,100.1,99.1,2.11,1e-06,25,center,center,False,900.0,1,nan,nan,16.643777520883557,vittima non trovata entro 15 minuti
3611,200,3,45.6,36.1,51.1,2.02,1e-07,80,center,center,True,100.60000000000001,3,0.003699932236940578,0.060827068291514574,3.2791520287218012,
3562,200,3,25.0,138.0,134.5,3.1,1e-06,25,0.35,0.40,False,900.0,1,nan,nan,63.31513978341437,vittima non trovata entro 15 minuti
3564,200,3,105.5,133.8,163.4,3.15,1e-06,25,0.60,0.45,False,900.0,2,0.0,0.0,2.1275633233224935,vittima non trovata entro 15 minuti
3567,200,3,149.4,93.2,169.2,4.3,1e-06,50,0.35,0.40,False,900.0,2,4.0389678347315804e-28,2.0097183471152322e-14,0.4440518720405663,vittima non trovata entro 15 minuti
3569,200,3,42.1,86.3,89.3,3.74,1e-06,50,0.60,0.45,False,900.0,0,nan,nan,27.619680849464046,vittima non trovata entro 15 minuti
3570,200,3,128.4,27.1,125.4,3.88,1e-06,50,0.60,0.58,False,900.0,2,4.0389678347315804e-28,2.0097183471152322e-14,0.21065133461832394,vittima non trovata entro 15 minuti
3573,200,3,23.8,116.9,113.5,2.5,1e-06,80,0.45,0.55,False,900.0,2,0.0,0.0,0.2946917278599273,vittima non trovata entro 15 minuti
3572,200,3,126.5,90.6,148.7,2.93,1e-06,80,0.35,0.40,False,900.0,2,1.0097419586828951e-28,1.0048591735576161e-14,0.6653219697235595,vittima non trovata entro 15 minuti
3577,200,3,43.7,64.0,70.6,3.97,1e-06,120,0.35,0.40,False,900.0,2,1.0097419586828951e-28,1.0048591735576161e-14,0.19254183930498056,vittima non trovata entro 15 minuti
3618,200,3,96.6,146.6,168.6,3.29,1e-07,120,0.45,0.55,True,138.1,3,0.0212492907004486,0.14577136447344038,6.6973791002649685,
3579,200,3,52.8,29.1,53.6,1.94,1e-06,120,0.60,0.45,False,900.0,2,1.262177448353619e-29,3.552713678800501e-15,1.8765136103044093,vittima non trovata entro 15 minuti
3581,200,3,169.9,77.6,180.2,4.59,1e-05,25,center,center,False,900.0,1,nan,nan,1.4925841789587895,vittima non trovata entro 15 minuti
3584,200,3,170.3,27.1,166.8,3.76,1e-05,25,0.60,0.45,False,900.0,0,nan,nan,38.389750480259394,vittima non trovata entro 15 minuti
3582,200,3,169.2,60.5,173.3,2.4,1e-05,25,0.35,0.40,False,900.0,0,nan,nan,nan,vittima non trovata entro 15 minuti
3586,200,3,75.5,117.9,133.2,3.36,1e-05,50,center,center,False,900.0,1,0.0,0.0,39.241895882076626,vittima non trovata entro 15 minuti
3587,200,3,115.2,157.2,187.9,1.34,1e-05,50,0.35,0.40,False,900.0,0,nan,nan,nan,vittima non trovata entro 15 minuti
3588,200,3,31.9,22.0,31.9,1.54,1e-05,50,0.45,0.55,False,900.0,2,2.603240987229339e-29,5.102196573270515e-15,29.956444503390816,vittima non trovata entro 15 minuti
3589,200,3,102.0,74.0,119.0,2.73,1e-05,50,0.60,0.45,False,900.0,2,0.0,0.0,40.31975506709512,vittima non trovata entro 15 minuti
3590,200,3,106.0,126.2,157.7,2.68,1e-05,50,0.60,0.58,False,900.0,2,4.0389678347315804e-28,2.0097183471152322e-14,34.05153572334512,vittima non trovata entro 15 minuti
3591,200,3,163.1,29.1,159.9,4.39,1e-05,80,center,center,False,900.0,1,nan,nan,7.345763333416441,vittima non trovata entro 15 minuti
3595,200,3,24.3,83.5,80.8,4.53,1e-05,80,0.60,0.58,False,900.0,1,nan,nan,32.1754477482594,vittima non trovata entro 15 minuti
3596,200,3,157.1,38.7,155.8,3.11,1e-05,120,center,center,False,900.0,0,nan,nan,nan,vittima non trovata entro 15 minuti
3627,200,3,47.1,124.2,126.5,2.22,1e-06,50,0.35,0.40,True,171.3,3,0.00139553479130533,0.03735685735317319,0.2997231741278443,
3633,200,3,105.1,55.3,112.0,2.89,1e-06,80,0.45,0.55,True,131.4,3,0.0011441788482675667,0.0338257128271906,0.19783584889022957,
3603,200,3,80.1,90.3,113.7,1.13,1e-07,25,0.45,0.55,False,900.0,2,1.0097419586828951e-28,1.0048591735576161e-14,0.9673223958048459,vittima non trovata entro 15 minuti
3601,200,3,95.3,72.3,112.7,1.33,1e-07,25,center,center,False,900.0,1,nan,nan,0.41076441344857956,vittima non trovata entro 15 minuti
3604,200,3,34.8,129.5,128.1,4.51,1e-07,25,0.60,0.45,False,900.0,1,nan,nan,9.77530995327297,vittima non trovata entro 15 minuti
3602,200,3,166.2,89.7,182.1,4.35,1e-07,25,0.35,0.40,False,900.0,1,nan,nan,28.311666332533203,vittima non trovata entro 15 minuti
3607,200,3,122.8,104.2,154.0,2.74,1e-07,50,0.35,0.40,False,900.0,2,2.0194839173657902e-28,1.4210854715202004e-14,4.484729274869185,vittima non trovata entro 15 minuti
3605,200,3,116.9,155.8,187.8,3.88,1e-07,25,0.60,0.58,False,900.0,2,0.0,0.0,2.8032125246023987,vittima non trovata entro 15 minuti
3606,200,3,160.4,21.0,156.3,4.92,1e-07,50,center,center,False,900.0,1,nan,nan,0.4808445934873487,vittima non trovata entro 15 minuti
3608,200,3,56.0,118.6,124.5,4.24,1e-07,50,0.45,0.55,False,900.0,2,2.524354896707238e-29,5.0242958677880805e-15,0.40412005477761875,vittima non trovata entro 15 minuti
3609,200,3,31.4,90.6,89.6,4.7,1e-07,50,0.60,0.45,False,900.0,1,nan,nan,16.027630874621487,vittima non trovata entro 15 minuti
3636,200,3,150.6,128.3,190.8,4.13,1e-06,120,center,center,True,157.5,3,0.004670948835755343,0.06834434018816293,0.18887432882977262,
3637,200,3,82.0,167.8,180.1,1.81,1e-06,120,0.35,0.40,True,128.4,3,0.010612168396263832,0.10301537941620093,3.202999681520596,
3610,200,3,79.1,147.9,161.0,2.63,1e-07,50,0.60,0.58,False,900.0,2,1.0097419586828951e-28,1.0048591735576161e-14,1.2079805541108768,vittima non trovata entro 15 minuti
3638,200,3,48.0,167.5,168.1,1.22,1e-06,120,0.45,0.55,True,165.3,3,0.0055705450021206636,0.07463608378070666,0.40453442182146965,
3640,200,3,150.3,136.7,196.1,2.31,1e-06,120,0.60,0.58,True,164.4,3,0.004358182637728682,0.06601653306353403,0.18014131758279264,
3612,200,3,132.8,93.0,155.2,2.98,1e-07,80,0.35,0.40,False,900.0,2,2.0194839173657902e-28,1.4210854715202004e-14,0.4311870565580395,vittima non trovata entro 15 minuti
3613,200,3,161.6,124.5,197.0,2.04,1e-07,80,0.45,0.55,False,900.0,1,nan,nan,23.03588792604213,vittima non trovata entro 15 minuti
3643,200,3,73.0,91.6,110.1,4.35,1e-05,25,0.45,0.55,True,193.70000000000002,3,0.006451511246341765,0.08032130007875722,1.3619054274477573,
3614,200,3,143.8,57.9,148.5,3.66,1e-07,80,0.60,0.45,False,900.0,1,nan,nan,10.750252931816869,vittima non trovata entro 15 minuti
3615,200,3,155.3,100.2,177.9,2.11,1e-07,80,0.60,0.58,False,900.0,1,nan,nan,6.1216997629637895,vittima non trovata entro 15 minuti
3616,200,3,150.2,144.4,201.3,2.3,1e-07,120,center,center,False,900.0,2,8.077935669463161e-28,2.842170943040401e-14,0.9240680661052305,vittima non trovata entro 15 minuti
3617,200,3,41.7,55.9,62.8,4.33,1e-07,120,0.35,0.40,False,900.0,1,nan,nan,14.443511434126513,vittima non trovata entro 15 minuti
3619,200,3,159.5,64.9,165.7,4.26,1e-07,120,0.60,0.45,False,900.0,1,nan,nan,10.950485761304996,vittima non trovata entro 15 minuti
3620,200,3,86.4,70.6,104.5,1.32,1e-07,120,0.60,0.58,False,900.0,2,1.0097419586828951e-28,1.0048591735576161e-14,0.7828196444295796,vittima non trovata entro 15 minuti
3622,200,3,47.7,125.9,128.2,1.05,1e-06,25,0.35,0.40,False,900.0,1,0.0,0.0,0.965425358742039,vittima non trovata entro 15 minuti
3621,200,3,114.5,114.8,155.0,3.09,1e-06,25,center,center,False,900.0,1,nan,nan,4.969614347430734,vittima non trovata entro 15 minuti
3659,200,3,148.2,76.4,160.1,3.3,1e-05,120,0.60,0.45,True,140.6,3,0.01160668170014003,0.1077343106913486,2.777471356140884,
3623,200,3,98.6,105.6,137.4,4.8,1e-06,25,0.45,0.55,False,900.0,2,1.0097419586828951e-28,1.0048591735576161e-14,0.057252721742785895,vittima non trovata entro 15 minuti
3626,200,3,49.0,57.1,68.2,1.77,1e-06,50,center,center,False,900.0,1,5.048709793414476e-29,7.105427357601002e-15,10.514777555570948,vittima non trovata entro 15 minuti
3624,200,3,65.3,97.4,110.3,4.44,1e-06,25,0.60,0.45,False,900.0,2,2.0194839173657902e-28,1.4210854715202004e-14,1.5939672427120153,vittima non trovata entro 15 minuti
3625,200,3,53.0,147.2,150.1,4.88,1e-06,25,0.60,0.58,False,900.0,2,1.0097419586828951e-28,1.0048591735576161e-14,50.61902185300024,vittima non trovata entro 15 minuti
3662,200,3,27.4,39.9,41.5,3.12,1e-07,25,0.35,0.40,True,67.3,3,0.004073693396642472,0.06382549174618611,0.23791628852860186,
3629,200,3,39.1,108.3,108.8,2.42,1e-06,50,0.60,0.45,False,900.0,2,2.0194839173657902e-28,1.4210854715202004e-14,0.22666272951962085,vittima non trovata entro 15 minuti
3628,200,3,133.1,162.2,202.8,2.56,1e-06,50,0.45,0.55,False,900.0,2,0.0,0.0,0.2656118518428941,vittima non trovata entro 15 minuti
3630,200,3,161.2,121.5,194.9,3.48,1e-06,50,0.60,0.58,False,900.0,2,0.0004036449417117602,0.020090916895745704,8.023505634234587,vittima non trovata entro 15 minuti
3664,200,3,77.5,168.1,178.5,4.67,1e-07,25,0.60,0.45,True,154.70000000000002,3,0.022970011134932983,0.15155860627141232,0.1636798512653734,
3631,200,3,33.6,91.4,91.0,1.55,1e-06,80,center,center,False,900.0,2,2.0194839173657902e-28,1.4210854715202004e-14,6.48753909810934,vittima non trovata entro 15 minuti
3632,200,3,147.9,48.0,149.2,2.47,1e-06,80,0.35,0.40,False,900.0,2,2.524354896707238e-29,5.0242958677880805e-15,5.159862090790524,vittima non trovata entro 15 minuti
3634,200,3,154.6,92.3,173.2,3.46,1e-06,80,0.60,0.45,False,900.0,2,6.058451752097371e-28,2.4613922385709617e-14,0.7995968456315167,vittima non trovata entro 15 minuti
3669,200,3,49.5,21.0,47.3,4.23,1e-07,50,0.60,0.45,True,84.80000000000001,3,0.007196082658647618,0.08482972744650084,3.7237524374660453,
3635,200,3,144.5,90.9,163.9,3.54,1e-06,80,0.60,0.58,False,900.0,2,0.0,0.0,0.06657823111494822,vittima non trovata entro 15 minuti
3672,200,3,73.8,40.1,77.2,4.0,1e-07,80,0.35,0.40,True,110.7,3,0.003143909700567421,0.056070577851199475,1.2769686412091301,
3639,200,3,23.4,68.0,65.6,1.54,1e-06,120,0.60,0.45,False,900.0,2,1.135959703518257e-28,1.0658141036401503e-14,3.7220736354554056,vittima non trovata entro 15 minuti
3660,200,3,100.2,86.6,125.4,1.95,1e-05,120,0.60,0.58,True,506.70000000000005,3,0.0057278588071405165,0.0756826189236374,0.16519733360051392,
3641,200,3,41.7,76.2,80.1,4.01,1e-05,25,center,center,False,900.0,1,nan,nan,14.887968663533371,vittima non trovata entro 15 minuti
3646,200,3,148.9,28.0,145.8,4.45,1e-05,50,center,center,False,900.0,1,5.048709793414476e-29,7.105427357601002e-15,28.06927846830657,vittima non trovata entro 15 minuti
3677,200,3,69.3,78.5,97.7,2.18,1e-07,120,0.35,0.40,True,116.4,3,0.002172390519487657,0.04660891030143976,0.03779609390574677,
3642,200,3,62.3,158.7,164.0,4.84,1e-05,25,0.35,0.40,False,900.0,2,2.524354896707238e-29,5.0242958677880805e-15,29.40011650802418,vittima non trovata entro 15 minuti
3645,200,3,127.2,140.3,182.3,3.55,1e-05,25,0.60,0.58,False,900.0,2,0.0,0.0,38.922716901122385,vittima non trovata entro 15 minuti
3644,200,3,156.5,170.7,224.5,2.36,1e-05,25,0.60,0.45,False,900.0,2,4.0389678347315804e-28,2.0097183471152322e-14,42.018758893886286,vittima non trovata entro 15 minuti
3647,200,3,44.1,43.1,54.6,2.95,1e-05,50,0.35,0.40,False,900.0,1,nan,nan,32.34134739788635,vittima non trovata entro 15 minuti
3648,200,3,86.4,65.4,101.4,4.87,1e-05,50,0.45,0.55,False,900.0,2,2.524354896707238e-28,1.5888218580782548e-14,28.799840536589443,vittima non trovata entro 15 minuti
3649,200,3,19.5,26.1,25.6,3.03,1e-05,50,0.60,0.45,False,900.0,0,nan,nan,nan,vittima non trovata entro 15 minuti
3679,200,3,66.6,67.7,87.9,3.87,1e-07,120,0.60,0.45,True,110.10000000000001,3,0.026775201455546023,0.16363129729836534,1.7974287670162417,
3680,200,3,76.0,116.3,132.0,2.91,1e-07,120,0.60,0.58,True,120.10000000000001,3,0.004965322699567474,0.07046504594171123,0.1684424780470889,
3650,200,3,27.0,111.0,108.3,2.33,1e-05,50,0.60,0.58,False,900.0,1,nan,nan,4.344526119053471,vittima non trovata entro 15 minuti
3685,200,3,76.4,124.5,139.2,3.47,1e-06,25,0.60,0.58,True,109.5,3,0.002056223457769349,0.04534560020298937,0.8312056585746849,
3652,200,3,120.6,70.4,132.8,1.03,1e-05,80,0.35,0.40,False,900.0,1,0.0,0.0,34.58045309812093,vittima non trovata entro 15 minuti
3653,200,3,91.0,69.5,107.5,3.59,1e-05,80,0.45,0.55,False,900.0,0,nan,nan,nan,vittima non trovata entro 15 minuti
3651,200,3,42.4,41.8,52.4,2.8,1e-05,80,center,center,False,900.0,2,1.0097419586828951e-28,1.0048591735576161e-14,30.34654777142492,vittima non trovata entro 15 minuti
3654,200,3,161.1,84.9,175.4,3.36,1e-05,80,0.60,0.45,False,900.0,1,nan,nan,31.56601715770234,vittima non trovata entro 15 minuti
3655,200,3,162.3,169.8,227.8,3.86,1e-05,80,0.60,0.58,False,900.0,1,0.0,0.0,26.087572988311642,vittima non trovata entro 15 minuti
3656,200,3,161.8,91.6,179.1,3.13,1e-05,120,center,center,False,900.0,2,0.02641451047162814,0.16252541484834962,0.36957034145123174,vittima non trovata entro 15 minuti
3692,200,3,98.4,31.9,97.2,3.39,1e-06,80,0.35,0.40,True,132.70000000000002,3,0.0023743558428119087,0.04872736236255672,2.369924312843749,
3657,200,3,32.5,72.5,72.9,3.27,1e-05,120,0.35,0.40,False,900.0,2,0.0,0.0,20.142322685729646,vittima non trovata entro 15 minuti
3693,200,3,103.7,169.1,191.4,2.92,1e-06,80,0.45,0.55,True,129.6,3,0.024508324848414614,0.15655134891917927,0.7632311529310025,
3694,200,3,79.4,64.6,95.4,4.92,1e-06,80,0.60,0.45,True,117.80000000000001,3,0.0075957453802405804,0.08715357353683542,4.073714238476538,
3696,200,3,72.8,135.6,147.1,2.27,1e-06,120,center,center,True,119.2,3,0.003184832082432444,0.056434316531986495,5.435113217136095,
3697,200,3,148.6,140.1,197.1,3.29,1e-06,120,0.35,0.40,True,165.5,3,0.004715295983472266,0.06866801281144129,0.9817462877249655,
3658,200,3,126.0,56.2,131.4,1.76,1e-05,120,0.45,0.55,False,900.0,2,5.048709793414476e-29,7.105427357601002e-15,29.393171585853253,vittima non trovata entro 15 minuti
3699,200,3,160.5,47.8,161.2,3.94,1e-06,120,0.60,0.45,True,147.3,3,0.009003872796800032,0.09488873904104761,2.2031459249744616,
3661,200,3,96.1,98.5,130.5,1.2,1e-07,25,center,center,False,900.0,1,nan,nan,0.7850100692287157,vittima non trovata entro 15 minuti
3698,200,3,107.5,25.1,104.4,2.94,1e-06,120,0.45,0.55,True,238.5,3,0.002722563703052967,0.052178191833877945,0.19884921083787552,
3700,200,3,102.9,35.3,102.4,2.72,1e-06,120,0.60,0.58,True,237.3,3,0.001152121772187227,0.03394291932328784,1.7726324552788668,
3663,200,3,44.8,144.1,144.6,1.44,1e-07,25,0.45,0.55,False,900.0,2,13.146638666907966,3.6258293764196856,117.19471064906561,vittima non trovata entro 15 minuti
3665,200,3,48.2,121.6,124.3,3.64,1e-07,25,0.60,0.58,False,900.0,2,0.0006208266708547753,0.02491639361654843,6.986516422001859,vittima non trovata entro 15 minuti
3666,200,3,163.2,170.2,228.7,2.84,1e-07,50,center,center,False,900.0,2,71.23422478126552,8.440037013026988,12.125247323562176,vittima non trovata entro 15 minuti
3667,200,3,131.2,95.5,155.3,2.03,1e-07,50,0.35,0.40,False,900.0,2,0.000624403105114727,0.024988059250664645,0.7822871478401459,vittima non trovata entro 15 minuti
3668,200,3,170.8,42.6,170.1,2.77,1e-07,50,0.45,0.55,False,900.0,1,nan,nan,10.901556419181363,vittima non trovata entro 15 minuti
3670,200,3,131.4,33.3,129.5,4.56,1e-07,50,0.60,0.58,False,900.0,2,1.262177448353619e-29,3.552713678800501e-15,11.795292967881569,vittima non trovata entro 15 minuti
3671,200,3,37.7,167.4,165.7,4.62,1e-07,80,center,center,False,900.0,2,2.524354896707238e-29,5.0242958677880805e-15,0.8173047053371766,vittima non trovata entro 15 minuti
3712,200,3,25.8,103.9,101.0,2.29,1e-05,80,0.35,0.40,True,160.10000000000002,3,0.0010199423301027633,0.031936535975317724,0.2842822734521237,
3673,200,3,118.4,36.9,117.8,1.22,1e-07,80,0.45,0.55,False,900.0,2,0.0,0.0,0.11021215493792468,vittima non trovata entro 15 minuti
3710,200,3,103.6,122.5,153.4,2.37,1e-05,50,0.60,0.58,True,194.20000000000002,3,0.0049536105387366905,0.07038189070163355,1.1765690909195514,
3674,200,3,124.3,145.8,184.6,2.46,1e-07,80,0.60,0.45,False,900.0,2,5.048709793414476e-28,2.2469334198890888e-14,27.73484656259496,vittima non trovata entro 15 minuti
3675,200,3,44.5,92.5,96.0,3.37,1e-07,80,0.60,0.58,False,900.0,1,nan,nan,27.90929304458529,vittima non trovata entro 15 minuti
3714,200,3,41.8,162.6,161.8,2.38,1e-05,80,0.60,0.45,True,125.60000000000001,3,0.0027182242496078275,0.05213659223240264,0.07302102957837411,
3676,200,3,142.3,67.8,150.9,4.78,1e-07,120,center,center,False,900.0,2,1.0097419586828951e-28,1.0048591735576161e-14,3.931954286668383,vittima non trovata entro 15 minuti
3719,200,3,134.1,76.7,147.6,3.0,1e-05,120,0.60,0.45,True,137.70000000000002,3,0.007271272410896302,0.08527175623203911,1.2087309482821607,
3718,200,3,147.3,126.3,187.0,3.81,1e-05,120,0.45,0.55,True,152.3,3,0.0017393621782471377,0.04170566122539166,0.1352679106166079,
3681,200,3,106.4,29.9,104.4,3.29,1e-06,25,center,center,False,900.0,1,680.6472841249432,26.089217775260018,17.27534831462488,vittima non trovata entro 15 minuti
3717,200,3,31.2,146.5,143.9,4.58,1e-05,120,0.35,0.40,True,161.10000000000002,3,0.004656291762372162,0.06823702633008095,0.12704850200162157,
3678,200,3,136.2,31.1,133.8,1.11,1e-07,120,0.45,0.55,False,900.0,2,0.0,0.0,0.16113175336812638,vittima non trovata entro 15 minuti
3682,200,3,34.4,95.4,95.1,3.47,1e-06,25,0.35,0.40,False,900.0,2,2.0194839173657902e-28,1.4210854715202004e-14,2.3978625713386617,vittima non trovata entro 15 minuti
3684,200,3,116.5,167.9,197.4,2.88,1e-06,25,0.60,0.45,False,900.0,1,nan,nan,4.6012255206721004,vittima non trovata entro 15 minuti
3683,200,3,168.8,136.7,210.1,3.46,1e-06,25,0.45,0.55,False,900.0,2,1.2116903504194741e-27,3.4809342861069267e-14,0.14503113047087082,vittima non trovata entro 15 minuti
3686,200,3,122.4,78.0,138.2,3.39,1e-06,50,center,center,False,900.0,2,1.0097419586828951e-28,1.0048591735576161e-14,0.7058180523310341,vittima non trovata entro 15 minuti
3687,200,3,160.4,169.9,226.6,3.43,1e-06,50,0.35,0.40,False,900.0,1,nan,nan,15.073299652722694,vittima non trovata entro 15 minuti
3688,200,3,149.1,157.5,209.8,1.99,1e-06,50,0.45,0.55,False,900.0,2,4.0389678347315804e-28,2.0097183471152322e-14,0.5526917801780371,vittima non trovata entro 15 minuti
3690,200,3,117.1,73.9,131.6,2.02,1e-06,50,0.60,0.58,False,900.0,2,2.0194839173657902e-28,1.4210854715202004e-14,0.7772729751668166,vittima non trovata entro 15 minuti
3732,200,3,39.3,30.9,43.0,1.83,1e-07,80,0.35,0.40,True,69.9,3,0.006256325793168207,0.07909693921491658,0.10005084137991899,
3689,200,3,134.7,145.8,191.5,1.53,1e-06,50,0.60,0.45,False,900.0,2,0.0,0.0,0.22750230232780383,vittima non trovata entro 15 minuti
3728,200,3,22.1,163.3,159.2,4.04,1e-07,50,0.45,0.55,False,146.9,3,0.024492009170861233,0.15649923057594,28.399604573084293,vittima non trovata entro 15 minuti
3691,200,3,161.5,29.5,158.4,3.98,1e-06,80,center,center,False,900.0,2,0.0,0.0,0.4234480188453722,vittima non trovata entro 15 minuti
3695,200,3,161.2,86.1,176.0,1.99,1e-06,80,0.60,0.58,False,900.0,2,2.0194839173657902e-28,1.4210854715202004e-14,0.11952839358786797,vittima non trovata entro 15 minuti
3736,200,3,119.2,154.3,188.0,4.51,1e-07,120,center,center,False,171.3,3,0.027926103899881267,0.16711105259641346,14.41796918455356,vittima non trovata entro 15 minuti
3703,200,3,131.9,68.3,141.8,1.13,1e-05,25,0.45,0.55,False,900.0,2,598.8088535170201,24.470571172676376,22.30434635319335,vittima non trovata entro 15 minuti
3702,200,3,150.4,33.1,148.1,1.54,1e-05,25,0.35,0.40,False,900.0,1,nan,nan,15.08203362111605,vittima non trovata entro 15 minuti
3701,200,3,136.0,169.7,210.5,1.52,1e-05,25,center,center,False,900.0,2,4.0389678347315804e-28,2.0097183471152322e-14,35.31100540298327,vittima non trovata entro 15 minuti
3704,200,3,126.0,49.0,128.7,3.47,1e-05,25,0.60,0.45,False,900.0,0,nan,nan,nan,vittima non trovata entro 15 minuti
3705,200,3,35.6,140.5,138.9,3.83,1e-05,25,0.60,0.58,False,900.0,2,0.000669422314229435,0.02587319683049304,26.511164740136117,vittima non trovata entro 15 minuti
3706,200,3,35.7,160.0,158.0,1.36,1e-05,50,center,center,False,900.0,1,nan,nan,13.76275673552097,vittima non trovata entro 15 minuti
3707,200,3,155.7,81.1,168.8,4.09,1e-05,50,0.35,0.40,False,900.0,0,nan,nan,nan,vittima non trovata entro 15 minuti
3708,200,3,62.1,97.6,108.8,4.27,1e-05,50,0.45,0.55,False,900.0,0,nan,nan,nan,vittima non trovata entro 15 minuti
3709,200,3,136.9,114.7,171.5,3.18,1e-05,50,0.60,0.45,False,900.0,2,1.2116903504194741e-27,3.4809342861069267e-14,53.20034897889317,vittima non trovata entro 15 minuti
3711,200,3,120.5,21.7,116.7,3.07,1e-05,80,center,center,False,900.0,2,0.00017156397818273667,0.013098243324306381,0.11183023651336477,vittima non trovata entro 15 minuti
3748,200,3,78.3,169.8,180.4,3.33,1e-06,50,0.45,0.55,True,129.6,3,0.0018380877986030352,0.042872926172621284,0.6018077769784791,
3749,200,3,58.8,30.7,59.6,2.0,1e-06,50,0.60,0.45,True,134.0,3,0.008261112688492549,0.09089066337359712,2.503658504716318,
3713,200,3,118.3,160.7,192.6,2.3,1e-05,80,0.45,0.55,False,900.0,0,nan,nan,nan,vittima non trovata entro 15 minuti
3715,200,3,51.2,126.7,130.2,3.37,1e-05,80,0.60,0.58,False,900.0,1,4.0389678347315804e-28,2.0097183471152322e-14,23.459978017399692,vittima non trovata entro 15 minuti
3716,200,3,27.2,21.4,27.6,3.28,1e-05,120,center,center,False,900.0,1,3.843515333756112e-05,0.006199609127804842,39.23477872396043,vittima non trovata entro 15 minuti
3723,200,3,111.8,114.9,153.3,3.75,1e-07,25,0.45,0.55,False,900.0,1,nan,nan,10.75977912407215,vittima non trovata entro 15 minuti
3720,200,3,72.4,35.4,74.0,3.61,1e-05,120,0.60,0.58,False,900.0,2,1.262177448353619e-29,3.552713678800501e-15,19.878417082011925,vittima non trovata entro 15 minuti
3754,200,3,98.8,57.2,107.4,4.4,1e-06,80,0.60,0.45,True,182.60000000000002,3,0.012044212302380307,0.10974612659397281,3.919193951620005,
3721,200,3,135.7,99.2,161.1,1.63,1e-07,25,center,center,False,900.0,2,0.0,0.0,0.13107456886489624,vittima non trovata entro 15 minuti
3722,200,3,44.8,134.4,135.4,4.43,1e-07,25,0.35,0.40,False,900.0,1,nan,nan,17.490092382415686,vittima non trovata entro 15 minuti
3726,200,3,162.7,30.0,159.6,2.88,1e-07,50,center,center,False,900.0,1,nan,nan,6.484947173783179,vittima non trovata entro 15 minuti
3727,200,3,166.0,153.4,219.0,4.38,1e-07,50,0.35,0.40,False,900.0,2,197.68880588794204,14.060185129931329,14.82499073043679,vittima non trovata entro 15 minuti
3759,200,3,56.9,117.4,123.8,2.27,1e-06,120,0.60,0.45,True,122.4,3,0.0016065590463372331,0.04008190422543861,1.066385155466889,
3724,200,3,24.8,98.7,95.8,1.53,1e-07,25,0.60,0.45,False,900.0,1,nan,nan,22.386584434249027,vittima non trovata entro 15 minuti
3725,200,3,71.6,125.6,137.7,3.66,1e-07,25,0.60,0.58,False,900.0,2,0.0,0.0,0.04713248034727733,vittima non trovata entro 15 minuti
3731,200,3,106.8,96.1,136.6,3.64,1e-07,80,center,center,False,900.0,1,nan,nan,6.041345799323546,vittima non trovata entro 15 minuti
3729,200,3,156.2,31.3,153.5,4.97,1e-07,50,0.60,0.45,False,900.0,1,nan,nan,17.548923962100947,vittima non trovata entro 15 minuti
3730,200,3,106.8,21.9,103.2,4.2,1e-07,50,0.60,0.58,False,900.0,2,2.3515971733511485e-07,0.00048493269361336616,3.2903239971003195,vittima non trovata entro 15 minuti
3733,200,3,136.8,40.1,136.4,1.81,1e-07,80,0.45,0.55,False,900.0,2,0.0,0.0,4.839096152264034,vittima non trovata entro 15 minuti
3763,200,3,141.7,143.3,194.5,2.7,1e-05,25,0.45,0.55,True,153.0,3,0.003838915886673106,0.061958985520044675,2.7131766542872753,
3734,200,3,47.0,155.2,156.0,2.2,1e-07,80,0.60,0.45,False,900.0,2,5.048709793414476e-29,7.105427357601002e-15,0.21767364217406374,vittima non trovata entro 15 minuti
3735,200,3,151.3,150.3,206.2,1.24,1e-07,80,0.60,0.58,False,900.0,1,nan,nan,6.781176139616795,vittima non trovata entro 15 minuti
3738,200,3,111.6,109.4,149.2,4.61,1e-07,120,0.45,0.55,False,900.0,2,4.0389678347315804e-28,2.0097183471152322e-14,1.0215275938779644,vittima non trovata entro 15 minuti
3737,200,3,123.4,87.2,144.2,3.8,1e-07,120,0.35,0.40,False,900.0,2,1.0097419586828951e-28,1.0048591735576161e-14,0.7404555693373881,vittima non trovata entro 15 minuti
3739,200,3,25.1,105.3,102.3,4.88,1e-07,120,0.60,0.45,False,900.0,1,nan,nan,2.6232947193049445,vittima non trovata entro 15 minuti
3767,200,3,76.7,109.6,126.8,4.48,1e-05,50,0.35,0.40,True,130.3,3,0.0017560656685022657,0.04190543721884149,0.22436218532731078,
3769,200,3,73.7,149.2,159.8,3.53,1e-05,50,0.60,0.45,True,116.7,3,0.004647893355615802,0.06817546006897057,0.15371639710518006,
3771,200,3,82.3,48.1,88.5,1.87,1e-05,80,center,center,True,125.80000000000001,3,0.00401908143373681,0.06339622570576903,0.6293361021831524,
3740,200,3,30.0,62.7,62.9,2.0,1e-07,120,0.60,0.58,False,900.0,2,1.262177448353619e-28,1.1234667099445444e-14,11.25761018238455,vittima non trovata entro 15 minuti
3741,200,3,70.4,24.3,68.2,1.17,1e-06,25,center,center,False,900.0,2,1.0097419586828951e-28,1.0048591735576161e-14,1.529764012087557,vittima non trovata entro 15 minuti
3778,200,3,89.8,153.2,170.8,2.51,1e-05,120,0.45,0.55,True,131.70000000000002,3,0.003801067909184061,0.06165280130848931,1.1047458388953977,
3777,200,3,90.5,103.7,130.6,1.83,1e-05,120,0.35,0.40,True,175.8,3,0.005012123936454845,0.07079635538963037,0.045686197874598815,
3743,200,3,124.5,90.1,146.7,1.74,1e-06,25,0.45,0.55,False,900.0,1,1.0097419586828951e-28,1.0048591735576161e-14,1.413512248867181,vittima non trovata entro 15 minuti
3742,200,3,164.4,159.9,222.3,3.01,1e-06,25,0.35,0.40,False,900.0,2,0.0,0.0,0.3650284094839869,vittima non trovata entro 15 minuti
3745,200,3,131.2,89.7,152.0,1.13,1e-06,25,0.60,0.58,False,900.0,2,0.0,0.0,0.1699188942131313,vittima non trovata entro 15 minuti
3744,200,3,89.3,57.5,99.3,3.1,1e-06,25,0.60,0.45,False,900.0,2,2.524354896707238e-29,5.0242958677880805e-15,2.910274222713779,vittima non trovata entro 15 minuti
3746,200,3,160.8,128.3,198.7,1.07,1e-06,50,center,center,False,900.0,2,8.077935669463161e-28,2.842170943040401e-14,0.228255198205742,vittima non trovata entro 15 minuti
3747,200,3,154.6,47.7,155.5,1.61,1e-06,50,0.35,0.40,False,900.0,2,4.0389678347315804e-28,2.0097183471152322e-14,0.25801231118907825,vittima non trovata entro 15 minuti
3779,200,3,124.6,116.0,163.2,2.86,1e-05,120,0.60,0.45,True,247.5,3,0.0008599988160775454,0.029325736411513103,0.20590265967911728,
3785,200,3,52.9,33.0,55.5,2.52,1e-07,25,0.60,0.58,True,97.60000000000001,3,0.008919801747696497,0.09444470206261703,0.3514072720866003,
3782,200,3,78.1,167.0,177.7,4.99,1e-07,25,0.35,0.40,False,154.4,3,0.0043193250160304,0.06572157192300257,25.891108468035252,vittima non trovata entro 15 minuti
3751,200,3,167.5,37.7,165.8,2.01,1e-06,80,center,center,False,900.0,0,nan,nan,nan,vittima non trovata entro 15 minuti
3787,200,3,43.5,37.3,50.3,2.85,1e-07,50,0.35,0.40,True,98.80000000000001,3,0.0037145857337108974,0.06094740136963099,0.17843490675549717,
3750,200,3,31.4,85.4,84.6,1.05,1e-06,50,0.60,0.58,False,900.0,2,0.007352150330459901,0.08574468106220876,12.372666634347729,vittima non trovata entro 15 minuti
3752,200,3,84.2,151.9,166.9,4.35,1e-06,80,0.35,0.40,False,900.0,2,0.0,0.0,0.2463523035570851,vittima non trovata entro 15 minuti
3753,200,3,129.1,129.7,175.9,2.43,1e-06,80,0.45,0.55,False,900.0,2,0.0,0.0,0.15497485929920363,vittima non trovata entro 15 minuti
3755,200,3,117.1,88.4,139.7,4.23,1e-06,80,0.60,0.58,False,900.0,2,2.0194839173657902e-28,1.4210854715202004e-14,0.6266893491693196,vittima non trovata entro 15 minuti
3756,200,3,46.4,36.7,52.1,2.64,1e-06,120,center,center,False,900.0,2,0.0,0.0,1.203937717505585,vittima non trovata entro 15 minuti
3757,200,3,44.5,96.9,100.0,3.65,1e-06,120,0.35,0.40,False,900.0,2,0.0,0.0,0.9544336727077761,vittima non trovata entro 15 minuti
3758,200,3,20.9,59.2,56.4,1.27,1e-06,120,0.45,0.55,False,900.0,2,0.0,0.0,0.126707349920297,vittima non trovata entro 15 minuti
3760,200,3,50.0,93.2,99.0,2.62,1e-06,120,0.60,0.58,False,900.0,2,5.703461640495282e-08,0.0002388192128053202,0.3742791554858678,vittima non trovata entro 15 minuti
3761,200,3,125.1,117.9,164.9,3.69,1e-05,25,center,center,False,900.0,0,nan,nan,nan,vittima non trovata entro 15 minuti
3799,200,3,47.9,155.5,156.5,4.52,1e-07,120,0.60,0.45,False,141.8,3,0.02016748124059802,0.1420122573604054,18.503042301273716,vittima non trovata entro 15 minuti
3762,200,3,131.3,105.3,161.3,1.09,1e-05,25,0.35,0.40,False,900.0,1,nan,nan,15.539964120517094,vittima non trovata entro 15 minuti
3764,200,3,67.7,65.3,87.0,2.53,1e-05,25,0.60,0.45,False,900.0,1,2.0194839173657902e-28,1.4210854715202004e-14,28.327542186528383,vittima non trovata entro 15 minuti
3766,200,3,123.5,139.6,179.3,3.1,1e-05,50,center,center,False,900.0,1,8.077935669463161e-28,2.842170943040401e-14,19.62912008659126,vittima non trovata entro 15 minuti
3803,200,3,81.2,130.7,147.0,2.48,1e-06,25,0.45,0.55,False,112.10000000000001,3,0.019465784428283395,0.13951983525034495,14.729980329536444,vittima non trovata entro 15 minuti
3765,200,3,24.2,131.2,127.6,1.13,1e-05,25,0.60,0.58,False,900.0,2,0.0,0.0,29.373964947011437,vittima non trovata entro 15 minuti
3805,200,3,69.9,157.9,166.1,4.19,1e-06,25,0.60,0.58,True,125.9,3,0.005481222864618456,0.07403528121523181,0.09999849270218612,
3768,200,3,60.5,157.8,162.5,1.23,1e-05,50,0.45,0.55,False,900.0,0,nan,nan,nan,vittima non trovata entro 15 minuti
3770,200,3,165.0,29.0,161.8,4.96,1e-05,50,0.60,0.58,False,900.0,2,4.354512196819985e-28,2.086746797486457e-14,15.424221718192136,vittima non trovata entro 15 minuti
3773,200,3,61.5,48.1,71.0,1.46,1e-05,80,0.45,0.55,False,900.0,1,0.0,0.0,24.016295773272322,vittima non trovata entro 15 minuti
3772,200,3,156.8,167.3,222.2,1.63,1e-05,80,0.35,0.40,False,900.0,1,0.0,0.0,37.62718588280798,vittima non trovata entro 15 minuti
3808,200,3,97.6,64.6,110.1,1.81,1e-06,50,0.45,0.55,True,130.70000000000002,3,0.006456810414290531,0.08035428062207098,0.5932717911209786,
3774,200,3,132.8,23.9,129.2,1.54,1e-05,80,0.60,0.45,False,900.0,2,1.3631516442219084e-27,3.692088357856443e-14,11.171333802375203,vittima non trovata entro 15 minuti
3775,200,3,19.8,147.2,142.9,4.72,1e-05,80,0.60,0.58,False,900.0,2,0.005570054686106034,0.07463279899686219,0.32923485600101554,vittima non trovata entro 15 minuti
3776,200,3,24.4,153.9,150.2,4.07,1e-05,120,center,center,False,900.0,2,0.0,0.0,38.10921883431935,vittima non trovata entro 15 minuti
3811,200,3,98.3,128.6,154.9,4.78,1e-06,80,center,center,True,124.9,3,0.001070281550998893,0.03271515781711733,3.0740789953123238,
3780,200,3,153.3,75.0,164.0,2.68,1e-05,120,0.60,0.58,False,900.0,0,nan,nan,nan,vittima non trovata entro 15 minuti
3812,200,3,73.9,30.5,73.5,1.9,1e-06,80,0.35,0.40,True,128.5,3,0.0026191655522120314,0.05117778377589275,1.0344113196815643,
3816,200,3,71.0,84.3,103.2,3.68,1e-06,120,center,center,True,112.10000000000001,3,0.0007174915572967497,0.02678603287716846,2.994044405851836,
3817,200,3,92.0,126.5,149.4,1.79,1e-06,120,0.35,0.40,False,107.4,3,0.010679788299989891,0.10334306120872311,10.413705567037438,vittima non trovata entro 15 minuti
3781,200,3,166.3,102.3,188.4,4.45,1e-07,25,center,center,False,900.0,1,nan,nan,23.518019165201956,vittima non trovata entro 15 minuti
3820,200,3,161.8,43.2,161.4,2.52,1e-06,120,0.60,0.58,True,158.10000000000002,3,0.001012145907649145,0.031814240642346704,0.2807594609081273,
3786,200,3,50.9,112.8,117.2,4.11,1e-07,50,center,center,False,900.0,1,nan,nan,46.07840598053881,vittima non trovata entro 15 minuti
3783,200,3,135.0,109.5,166.8,2.76,1e-07,25,0.45,0.55,False,900.0,2,0.0,0.0,0.5594247610681087,vittima non trovata entro 15 minuti
3784,200,3,91.3,36.7,92.0,4.73,1e-07,25,0.60,0.45,False,900.0,2,0.0,0.0,14.538215188558553,vittima non trovata entro 15 minuti
3818,200,3,113.1,56.3,119.7,4.62,1e-06,120,0.45,0.55,True,229.10000000000002,3,0.010805265803120691,0.10394838047377501,0.2463540216404905,
3821,200,3,101.4,106.4,139.9,4.53,1e-05,25,center,center,True,182.5,3,0.0037032640655247744,0.06085444984160792,0.059817451796324646,
3788,200,3,134.7,149.2,193.9,1.44,1e-07,50,0.45,0.55,False,900.0,2,8.077935669463161e-28,2.842170943040401e-14,0.32097018764662866,vittima non trovata entro 15 minuti
3791,200,3,31.3,155.2,152.4,2.04,1e-07,80,center,center,False,900.0,1,nan,nan,3.0467209670614497,vittima non trovata entro 15 minuti
3789,200,3,61.1,101.6,111.7,1.24,1e-07,50,0.60,0.45,False,900.0,2,5.048709793414476e-29,7.105427357601002e-15,0.0795667053297539,vittima non trovata entro 15 minuti
3790,200,3,143.2,54.8,146.9,4.88,1e-07,50,0.60,0.58,False,900.0,2,5.048709793414476e-29,7.105427357601002e-15,0.32126145021476954,vittima non trovata entro 15 minuti
3792,200,3,41.9,129.9,130.3,3.31,1e-07,80,0.35,0.40,False,900.0,1,nan,nan,11.375867827649461,vittima non trovata entro 15 minuti
3793,200,3,41.9,131.8,132.0,2.92,1e-07,80,0.45,0.55,False,900.0,1,nan,nan,16.036623462666984,vittima non trovata entro 15 minuti
3794,200,3,107.0,24.8,103.9,1.33,1e-07,80,0.60,0.45,False,900.0,2,0.0,0.0,3.2155252507739207,vittima non trovata entro 15 minuti
3825,200,3,102.3,129.9,158.3,3.02,1e-05,25,0.60,0.58,True,185.5,3,0.005594285944287573,0.07479495935079832,0.12379222106215818,
3831,200,3,76.0,146.3,158.1,1.11,1e-05,80,center,center,True,111.9,3,0.001929292959432095,0.04392371750469323,1.653254937544436,
3795,200,3,81.2,36.1,82.4,4.85,1e-07,80,0.60,0.58,False,900.0,2,0.0,0.0,1.1062731349033674,vittima non trovata entro 15 minuti
3797,200,3,122.9,107.5,156.2,1.57,1e-07,120,0.35,0.40,False,900.0,2,1.0097419586828951e-28,1.0048591735576161e-14,0.30919762508833976,vittima non trovata entro 15 minuti
3796,200,3,48.0,100.4,104.7,4.36,1e-07,120,center,center,False,900.0,2,0.0,0.0,62.23558987862388,vittima non trovata entro 15 minuti
3838,200,3,87.2,76.4,108.9,2.57,1e-05,120,0.45,0.55,True,108.4,3,0.001090502083151352,0.033022750993085846,0.9432165321176832,
3833,200,3,104.2,86.9,128.6,2.63,1e-05,80,0.45,0.55,True,175.8,3,0.001650238942541715,0.04062313309607858,0.06307239851666539,
3839,200,3,86.3,74.7,107.1,4.52,1e-05,120,0.60,0.45,True,112.2,3,0.002226993033925712,0.047191027048854445,5.926083030357681,
3835,200,3,104.1,112.5,146.2,4.04,1e-05,80,0.60,0.58,True,183.10000000000002,3,0.0011269663957113759,0.03357032016099006,0.06780044218341855,
3837,200,3,89.4,40.3,91.5,2.88,1e-05,120,0.35,0.40,True,201.70000000000002,3,0.0031160908387656058,0.055821956601015035,2.1760051159540152,
3798,200,3,33.7,116.4,115.0,1.15,1e-07,120,0.45,0.55,False,900.0,2,1.0097419586828951e-28,1.0048591735576161e-14,14.343144666351943,vittima non trovata entro 15 minuti
3800,200,3,42.3,109.7,111.1,2.02,1e-07,120,0.60,0.58,False,900.0,2,0.0,0.0,0.28041322484536907,vittima non trovata entro 15 minuti
3843,200,4,80.6,23.9,77.9,1.0,1e-07,25,0.45,0.55,True,101.80000000000001,3,0.004969062641140997,0.07049157851219531,0.38786509136123154,
3849,200,4,24.6,22.3,26.2,4.0,1e-07,50,0.60,0.45,True,29.8,3,0.025482877295093166,0.1596335719549405,6.100492433787323,
3802,200,3,104.6,55.9,111.9,4.27,1e-06,25,0.35,0.40,False,900.0,0,nan,nan,nan,vittima non trovata entro 15 minuti
3801,200,3,106.9,104.5,142.4,3.58,1e-06,25,center,center,False,900.0,0,nan,nan,0.7953055230721294,vittima non trovata entro 15 minuti
3845,200,4,75.0,90.8,110.7,3.33,1e-07,25,0.60,0.58,True,133.5,3,0.003024163378829131,0.054992393827047854,0.4776875278986437,
3804,200,3,62.9,76.1,91.7,2.42,1e-06,25,0.60,0.45,False,900.0,2,1.0097419586828951e-28,1.0048591735576161e-14,3.3466454972296598,vittima non trovata entro 15 minuti
3806,200,3,52.9,95.6,102.5,4.87,1e-06,50,center,center,False,900.0,2,0.0,0.0,4.922685074195916,vittima non trovata entro 15 minuti
3807,200,3,153.8,109.3,181.6,4.45,1e-06,50,0.35,0.40,False,900.0,2,1.0097419586828951e-28,1.0048591735576161e-14,0.6457955827409093,vittima non trovata entro 15 minuti
3809,200,3,60.3,123.4,130.7,4.84,1e-06,50,0.60,0.45,False,900.0,2,0.0,0.0,34.6814538911901,vittima non trovata entro 15 minuti
3854,200,4,62.3,146.8,152.9,1.5,1e-07,80,0.60,0.45,True,122.80000000000001,3,0.0018537256125634924,0.0430549139188954,0.47282811343722403,
3810,200,3,137.2,20.3,133.1,3.36,1e-06,50,0.60,0.58,False,900.0,2,1.262177448353619e-29,3.552713678800501e-15,0.22818187206890367,vittima non trovata entro 15 minuti
3857,200,4,35.1,19.6,33.4,2.59,1e-07,120,0.35,0.40,True,43.1,3,0.0064698218714535774,0.08043520293660965,0.13038097576740315,
3814,200,3,49.3,125.0,127.9,2.38,1e-06,80,0.60,0.45,False,900.0,2,0.0,0.0,0.7569629964902157,vittima non trovata entro 15 minuti
3813,200,3,146.2,97.9,169.0,3.51,1e-06,80,0.45,0.55,False,900.0,2,0.0,0.0,0.20211509876538045,vittima non trovata entro 15 minuti
3815,200,3,52.1,76.4,85.5,4.31,1e-06,80,0.60,0.58,False,900.0,2,68.93662755680054,8.302808413832066,21.705678473169883,vittima non trovata entro 15 minuti
3856,200,4,29.1,85.6,84.1,1.12,1e-07,120,center,center,True,111.4,3,0.030152884378076956,0.1736458590870423,3.1625458934134674,
3858,200,4,115.1,65.4,125.6,3.6,1e-07,120,0.45,0.55,True,121.9,3,0.0023033786838447382,0.047993527520330675,0.25923212868092066,
3860,200,4,61.9,89.8,102.2,2.67,1e-07,120,0.60,0.58,True,111.7,3,0.0017861184184270495,0.04226249422865443,0.9418113257944546,
3819,200,3,123.3,168.9,202.2,4.04,1e-06,120,0.60,0.45,False,900.0,2,2.0194839173657902e-28,1.4210854715202004e-14,0.8564280130913909,vittima non trovata entro 15 minuti
3822,200,3,129.0,71.0,140.4,4.0,1e-05,25,0.35,0.40,False,900.0,2,204.06124382740995,14.285000658992283,4.859494499968156,vittima non trovata entro 15 minuti
3823,200,3,28.4,23.1,29.6,1.76,1e-05,25,0.45,0.55,False,900.0,1,nan,nan,18.636018530509613,vittima non trovata entro 15 minuti
3824,200,3,55.9,97.1,105.2,3.52,1e-05,25,0.60,0.45,False,900.0,1,nan,nan,23.546141348568362,vittima non trovata entro 15 minuti
3846,200,4,85.5,170.4,184.0,2.54,1e-07,50,center,center,True,412.40000000000003,3,0.001180786417605219,0.03436257291887816,3.911507254885083,
3868,200,4,65.1,23.9,63.0,2.53,1e-06,50,0.45,0.55,True,82.30000000000001,3,0.0007154316933522262,0.02674755490418192,0.17353537025836593,
3867,200,4,74.8,45.1,80.5,2.95,1e-06,50,0.35,0.40,True,85.9,3,0.0007839523465073073,0.02799914903184215,0.9633586240831596,
3826,200,3,59.0,160.3,164.5,2.05,1e-05,50,center,center,False,900.0,0,nan,nan,5.696650854264774,vittima non trovata entro 15 minuti
3827,200,3,159.4,116.1,190.2,4.21,1e-05,50,0.35,0.40,False,900.0,1,4.0389678347315804e-28,2.0097183471152322e-14,29.41575039253109,vittima non trovata entro 15 minuti
3870,200,4,29.6,58.1,58.5,4.86,1e-06,50,0.60,0.58,True,74.2,3,0.0016551949391157743,0.04068408705029246,1.336180303855221,
3828,200,3,139.8,54.6,143.7,1.42,1e-05,50,0.45,0.55,False,900.0,2,5.048709793414476e-28,2.2469334198890888e-14,37.778371189575566,vittima non trovata entro 15 minuti
3830,200,3,52.7,59.3,72.3,1.73,1e-05,50,0.60,0.58,False,900.0,1,nan,nan,5.460188392412231,vittima non trovata entro 15 minuti
3829,200,3,61.4,30.7,62.0,4.29,1e-05,50,0.60,0.45,False,900.0,2,0.0,0.0,28.811316293167067,vittima non trovata entro 15 minuti
3873,200,4,28.9,105.7,103.5,1.33,1e-06,80,0.45,0.55,True,87.5,3,0.002534833656512094,0.05034713156190821,0.7584997495516703,
3872,200,4,72.2,110.0,124.7,3.79,1e-06,80,0.35,0.40,True,110.9,3,0.004358864000277109,0.06602169340661529,0.23036020301006935,
3836,200,3,53.7,159.6,162.1,3.86,1e-05,120,center,center,False,900.0,0,nan,nan,nan,vittima non trovata entro 15 minuti
3874,200,4,76.4,129.3,143.4,3.92,1e-06,80,0.60,0.45,True,121.4,3,0.0024963129148859275,0.0499631155442285,0.2961268318271452,
3832,200,3,36.7,104.7,104.6,2.39,1e-05,80,0.35,0.40,False,900.0,2,3.566343141601429e-05,0.005971886755123065,7.687027569197784,vittima non trovata entro 15 minuti
3834,200,3,32.6,94.4,93.5,3.73,1e-05,80,0.60,0.45,False,900.0,2,6.310887241768095e-30,2.5121479338940403e-15,29.622516889551264,vittima non trovata entro 15 minuti
3876,200,4,29.6,149.8,146.8,4.05,1e-06,120,center,center,True,109.60000000000001,3,0.027725786383818608,0.16651061943257134,3.356874310067486,
3877,200,4,91.0,63.2,103.9,4.99,1e-06,120,0.35,0.40,True,115.5,3,0.008430277249057006,0.09181654126058662,1.2874372122381137,
3840,200,3,56.9,55.1,72.1,4.82,1e-05,120,0.60,0.58,False,900.0,1,0.0,0.0,27.57628161414779,vittima non trovata entro 15 minuti
3875,200,4,101.9,161.0,183.6,1.48,1e-06,80,0.60,0.58,True,142.6,3,0.0025465069124193185,0.0504629261182833,0.621087501132702,
3880,200,4,92.7,66.5,107.1,2.55,1e-06,120,0.60,0.58,True,94.10000000000001,3,0.006250728288843781,0.07906154747311604,1.41373229980045,
3882,200,4,51.4,156.0,158.0,1.31,1e-05,25,0.35,0.40,True,105.9,3,0.0028885102145826584,0.05374486221568214,0.2473265672912072,
3884,200,4,112.6,159.8,188.5,1.66,1e-05,25,0.60,0.45,True,121.0,3,0.004547346858649097,0.06743401855628282,0.13025825732710083,
3885,200,4,92.9,105.5,133.6,1.45,1e-05,25,0.60,0.58,True,122.80000000000001,3,0.002297775969824954,0.047935122507666066,0.0708707930616008,
3887,200,4,94.7,119.6,145.5,3.11,1e-05,50,0.35,0.40,True,120.60000000000001,3,0.002438690761317161,0.04938310198151956,0.32606606753713624,
3886,200,4,49.4,56.9,68.3,4.15,1e-05,50,center,center,True,166.5,3,0.00855975842161433,0.0925189624975028,3.7858185042573904,
3889,200,4,103.0,170.2,192.0,2.71,1e-05,50,0.60,0.45,True,134.70000000000002,3,0.00525658239305375,0.07250229232964811,0.2713284348430329,
3888,200,4,79.7,115.2,133.1,2.97,1e-05,50,0.45,0.55,True,158.4,3,0.0039619428979728545,0.06294396633493042,1.0785810932361706,
3896,200,4,49.9,89.0,95.3,2.81,1e-05,120,center,center,True,80.5,3,0.021009198414837255,0.14494550153363592,2.6395072946816387,
3894,200,4,151.7,140.2,199.5,4.04,1e-05,80,0.60,0.45,True,134.8,3,0.0038262242900497295,0.061856481390794686,0.11228043080338676,
3893,200,4,36.8,166.3,164.4,3.63,1e-05,80,0.45,0.55,True,144.20000000000002,3,0.004523843593288569,0.06725952418273987,0.9936137847585044,
3892,200,4,134.8,34.8,133.2,2.68,1e-05,80,0.35,0.40,True,201.70000000000002,3,0.0036631569138813,0.060524019313668354,1.3146154252592372,
3895,200,4,90.8,20.4,87.1,3.22,1e-05,80,0.60,0.58,True,182.60000000000002,3,0.007614950719592374,0.08726368499892939,3.296817645844878,
3897,200,4,75.7,142.8,154.9,3.15,1e-05,120,0.35,0.40,True,170.3,3,0.0025190994747754797,0.050190631344659134,0.07945859575332324,
3899,200,4,152.4,82.4,166.5,3.03,1e-05,120,0.60,0.45,True,125.4,3,0.028029783196233244,0.1674209759744377,4.977223631107169,
3841,200,4,65.0,111.9,122.6,3.52,1e-07,25,center,center,False,900.0,2,2.0194839173657902e-28,1.4210854715202004e-14,5.19624547935222,vittima non trovata entro 15 minuti
3844,200,4,44.2,139.6,140.2,4.27,1e-07,25,0.60,0.45,False,900.0,2,5.048709793414476e-29,7.105427357601002e-15,3.480698214860369,vittima non trovata entro 15 minuti
3842,200,4,158.6,93.0,177.1,4.42,1e-07,25,0.35,0.40,False,900.0,2,0.0,0.0,13.091278863887332,vittima non trovata entro 15 minuti
3900,200,4,170.4,167.3,231.7,2.19,1e-05,120,0.60,0.58,True,161.0,3,0.004571145497155292,0.06761024698339219,0.2565590460868307,
3847,200,4,114.8,104.0,147.9,1.32,1e-07,50,0.35,0.40,False,900.0,2,2.0194839173657902e-28,1.4210854715202004e-14,0.4336763548673886,vittima non trovata entro 15 minuti
3903,200,4,39.7,147.9,147.1,4.32,1e-07,25,0.45,0.55,False,133.5,3,0.023972288438973605,0.15482986933719736,32.862886880485185,vittima non trovata entro 15 minuti
3848,200,4,151.0,154.1,208.7,3.47,1e-07,50,0.45,0.55,False,900.0,2,0.0,0.0,43.53277443980588,vittima non trovata entro 15 minuti
3850,200,4,29.2,134.6,131.8,1.81,1e-07,50,0.60,0.58,False,900.0,2,0.0,0.0,26.48898055538243,vittima non trovata entro 15 minuti
3851,200,4,95.0,129.9,154.0,1.92,1e-07,80,center,center,False,900.0,2,4.0389678347315804e-28,2.0097183471152322e-14,0.4238875820478535,vittima non trovata entro 15 minuti
3852,200,4,66.7,100.8,114.0,2.45,1e-07,80,0.35,0.40,False,900.0,2,0.0019915030875544606,0.04462626006685369,5.388157909173213,vittima non trovata entro 15 minuti
3853,200,4,49.2,87.2,93.3,2.93,1e-07,80,0.45,0.55,False,900.0,2,0.0,0.0,0.7189888840826787,vittima non trovata entro 15 minuti
3913,200,4,71.5,19.4,68.1,3.91,1e-07,80,0.45,0.55,False,64.8,3,0.028294398492318927,0.16820938883522205,11.417896821456923,vittima non trovata entro 15 minuti
3855,200,4,71.0,80.3,100.2,1.45,1e-07,80,0.60,0.58,False,900.0,2,2.0194839173657902e-28,1.4210854715202004e-14,0.5187364575800351,vittima non trovata entro 15 minuti
3865,200,4,66.3,72.1,90.9,4.99,1e-06,25,0.60,0.58,False,900.0,1,6.731613057885967e-29,8.204640795236539e-15,1.2188494658649633,vittima non trovata entro 15 minuti
3859,200,4,133.1,112.7,167.4,1.31,1e-07,120,0.60,0.45,False,900.0,2,1.0097419586828951e-28,1.0048591735576161e-14,0.6879734607514562,vittima non trovata entro 15 minuti
3863,200,4,26.0,51.3,50.8,4.0,1e-06,25,0.45,0.55,False,900.0,1,nan,nan,5.362431536453442,vittima non trovata entro 15 minuti
3915,200,4,79.7,167.0,178.4,4.58,1e-07,80,0.60,0.58,False,160.4,3,0.021301774036555057,0.1459512728158102,10.332251881645833,vittima non trovata entro 15 minuti
3862,200,4,138.3,94.2,160.4,3.33,1e-06,25,0.35,0.40,False,900.0,1,nan,nan,21.005957212171552,vittima non trovata entro 15 minuti
3861,200,4,142.4,156.8,204.7,3.63,1e-06,25,center,center,False,900.0,2,4.0389678347315804e-28,2.0097183471152322e-14,6.7626212049131045,vittima non trovata entro 15 minuti
3917,200,4,103.5,152.3,177.2,2.64,1e-07,120,0.35,0.40,True,150.1,3,0.02583423246825292,0.1607303097373141,0.31004269106624494,
3864,200,4,128.5,85.4,147.3,1.65,1e-06,25,0.60,0.45,False,900.0,2,0.0006250001802090214,0.025000003604180168,0.10930519940797045,vittima non trovata entro 15 minuti
3919,200,4,40.3,45.1,53.4,4.57,1e-07,120,0.60,0.45,True,93.10000000000001,3,0.005168450739273684,0.07189193792960157,4.856208346603417,
3866,200,4,137.9,165.1,208.1,2.63,1e-06,50,center,center,False,900.0,2,8.077935669463161e-28,2.842170943040401e-14,14.898298888717452,vittima non trovata entro 15 minuti
3920,200,4,110.0,39.5,110.5,3.16,1e-07,120,0.60,0.58,True,106.10000000000001,3,0.03317776802014526,0.18214765444590622,3.4133937532857694,
3922,200,4,91.5,156.8,174.8,2.84,1e-06,25,0.35,0.40,True,126.4,3,0.009071893260129003,0.09524648686502302,1.3718994610019541,
3921,200,4,45.9,157.1,157.5,2.76,1e-06,25,center,center,True,133.1,3,0.0025418419641263105,0.05041668339078157,2.1217306082279874,
3927,200,4,22.9,30.5,31.2,1.01,1e-06,50,0.35,0.40,True,65.4,3,0.004199520123159082,0.0648037045481127,0.01557498947056868,
3925,200,4,50.2,140.4,142.7,3.66,1e-06,25,0.60,0.58,True,115.9,3,0.005076457328770671,0.07124926195246285,0.13081312248066262,
3869,200,4,97.9,74.6,116.1,4.16,1e-06,50,0.60,0.45,False,900.0,2,0.0,0.0,1.3486771174209229,vittima non trovata entro 15 minuti
3871,200,4,168.7,155.4,222.3,4.97,1e-06,80,center,center,False,900.0,2,4.0389678347315804e-28,2.0097183471152322e-14,0.5136300540416856,vittima non trovata entro 15 minuti
3928,200,4,73.8,142.5,153.8,3.53,1e-06,50,0.45,0.55,True,107.60000000000001,3,0.030406636479866373,0.17437498811431176,0.9754870811231305,
3904,200,4,141.4,134.1,187.8,4.38,1e-07,25,0.60,0.45,False,518.8000000000001,3,0.005002394560505385,0.07072760819160637,10.224917338998404,vittima non trovata entro 15 minuti
3929,200,4,75.9,107.9,125.0,4.72,1e-06,50,0.60,0.45,True,110.7,3,0.0030487094095177176,0.05521511939240662,0.29638283853958364,
3923,200,4,147.5,99.2,170.9,4.94,1e-06,25,0.45,0.55,True,208.4,3,0.005759429722387067,0.07589090671738655,0.09557721169047362,
3881,200,4,170.6,60.3,174.6,2.18,1e-05,25,center,center,False,900.0,0,nan,nan,nan,vittima non trovata entro 15 minuti
3878,200,4,154.2,19.6,149.9,4.03,1e-06,120,0.45,0.55,False,900.0,1,nan,nan,20.861531998628667,vittima non trovata entro 15 minuti
3935,200,4,39.3,126.5,126.2,3.09,1e-06,80,0.60,0.58,True,100.7,3,0.004557981866318964,0.06751282742056477,1.1816966734722776,
3879,200,4,115.6,47.6,118.5,1.17,1e-06,120,0.60,0.45,False,900.0,2,2.524354896707238e-29,5.0242958677880805e-15,2.733384582262098,vittima non trovata entro 15 minuti
3883,200,4,21.0,55.3,52.7,4.5,1e-05,25,0.45,0.55,False,900.0,0,nan,nan,nan,vittima non trovata entro 15 minuti
3936,200,4,46.0,119.1,121.3,1.08,1e-06,120,center,center,True,94.7,3,0.001082084348231021,0.03289505051266863,3.591765963388524,
3933,200,4,34.9,51.4,55.2,1.46,1e-06,80,0.45,0.55,True,182.8,3,0.011705802790069338,0.10819335834546101,1.09148893084285,
3891,200,4,21.4,28.8,28.9,2.82,1e-05,80,center,center,False,900.0,0,nan,nan,nan,vittima non trovata entro 15 minuti
3890,200,4,132.5,146.9,190.8,4.6,1e-05,50,0.60,0.58,False,900.0,2,4.0389678347315804e-28,2.0097183471152322e-14,27.971977564980648,vittima non trovata entro 15 minuti
3939,200,4,99.5,104.3,137.1,1.23,1e-06,120,0.60,0.45,True,130.8,3,0.003640585824153348,0.06033726729106438,0.15930450962436773,
3909,200,4,147.2,101.0,171.6,3.24,1e-07,50,0.60,0.45,True,606.0,3,0.0016165993628906665,0.04020695664795666,0.21287578224614645,
3937,200,4,153.2,169.6,221.5,4.45,1e-06,120,0.35,0.40,True,159.3,3,0.004610333396687324,0.06789943590846188,0.17552757019309378,
3946,200,4,43.4,156.2,156.0,4.52,1e-05,50,center,center,True,127.2,3,0.0013191691176792774,0.03632036780759905,3.754369905184881,
3945,200,4,100.2,35.8,100.1,1.1,1e-05,25,0.60,0.58,True,142.70000000000002,3,0.004268769750527816,0.06533582287327386,2.005462511903883,
3950,200,4,111.1,91.1,136.6,3.07,1e-05,50,0.60,0.58,True,125.2,3,0.004270669191987028,0.0653503572445249,0.1119295645239201,
3898,200,4,72.8,81.0,101.9,3.5,1e-05,120,0.45,0.55,False,900.0,0,nan,nan,nan,vittima non trovata entro 15 minuti
3901,200,4,104.2,87.6,129.1,1.94,1e-07,25,center,center,False,900.0,2,0.000993461658893107,0.031519226813059784,0.8012833782474187,vittima non trovata entro 15 minuti
3953,200,4,60.0,58.8,76.9,3.21,1e-05,80,0.45,0.55,True,87.60000000000001,3,0.002431917307403621,0.04931447360971848,1.907815098428159,
3954,200,4,46.4,34.2,50.7,1.2,1e-05,80,0.60,0.45,True,60.7,3,0.002048151295217302,0.04525650555685118,1.6689804125808547,
3952,200,4,27.8,122.7,119.9,4.66,1e-05,80,0.35,0.40,True,163.0,3,0.0032716038675341874,0.057197935867775745,0.04572404551052385,
3955,200,4,62.0,127.5,135.1,3.25,1e-05,80,0.60,0.58,True,96.80000000000001,3,0.0046345207958543785,0.06807731484021956,0.09424453874344321,
3902,200,4,110.6,99.2,141.5,3.07,1e-07,25,0.35,0.40,False,900.0,2,3.0292258760486853e-28,1.7404671430534633e-14,0.29429464805175976,vittima non trovata entro 15 minuti
3905,200,4,120.8,103.9,152.3,1.32,1e-07,25,0.60,0.58,False,900.0,2,0.0006119361955775812,0.024737344149637026,0.23201346573232853,vittima non trovata entro 15 minuti
3958,200,4,115.6,143.8,177.5,2.09,1e-05,120,0.45,0.55,True,115.0,3,0.0012564788444343195,0.03544684533825711,1.191643853041197,
3906,200,4,91.3,79.2,113.8,3.0,1e-07,50,center,center,False,900.0,2,0.0,0.0,0.16141558730244013,vittima non trovata entro 15 minuti
3956,200,4,35.7,145.1,143.5,2.31,1e-05,120,center,center,True,155.20000000000002,3,0.004469247836835014,0.06685243329030749,1.3454143049834986,
3957,200,4,83.4,82.9,110.5,3.76,1e-05,120,0.35,0.40,True,171.5,3,0.003502952854149627,0.05918574874198709,0.027958294412437645,
3907,200,4,127.3,19.2,123.1,1.56,1e-07,50,0.35,0.40,False,900.0,2,1.072850831100576e-28,1.03578512786223e-14,34.35602054753623,vittima non trovata entro 15 minuti
3965,200,4,22.7,22.3,24.8,1.15,1e-07,25,0.60,0.58,True,30.1,3,0.002767520712024082,0.05260723060591654,1.7272698739205503,
3908,200,4,28.7,137.1,134.2,4.08,1e-07,50,0.45,0.55,False,900.0,2,0.003118246538451173,0.05584126197043878,1.146216297618646,vittima non trovata entro 15 minuti
3959,200,4,43.6,40.9,52.8,3.59,1e-05,120,0.60,0.45,True,163.10000000000002,3,0.00047527488847138027,0.021800800179612223,3.5916648447144586,
3912,200,4,57.0,132.1,137.3,1.49,1e-07,80,0.35,0.40,False,900.0,2,0.0,0.0,5.543208208230008,vittima non trovata entro 15 minuti
3910,200,4,138.9,82.0,154.4,1.98,1e-07,50,0.60,0.58,False,900.0,2,4.0389678347315804e-28,2.0097183471152322e-14,0.0544061668563588,vittima non trovata entro 15 minuti
3964,200,4,62.3,27.9,61.7,3.55,1e-07,25,0.60,0.45,True,77.0,3,0.0018128740797386618,0.042577859031880196,2.657742040772732,
3911,200,4,98.5,92.7,128.2,3.17,1e-07,80,center,center,False,900.0,2,2.0194839173657902e-28,1.4210854715202004e-14,0.30886764338930267,vittima non trovata entro 15 minuti
3968,200,4,55.9,41.1,62.4,2.19,1e-07,50,0.45,0.55,True,81.4,3,0.0028461369612580913,0.05334919831879474,0.5369625179696957,
3914,200,4,84.5,106.1,128.6,2.28,1e-07,80,0.60,0.45,False,900.0,2,0.0,0.0,0.17270199146609733,vittima non trovata entro 15 minuti
3916,200,4,149.0,122.0,185.6,2.8,1e-07,120,center,center,False,900.0,2,1.0097419586828951e-28,1.0048591735576161e-14,9.976215710558126,vittima non trovata entro 15 minuti
3973,200,4,25.7,117.8,114.7,3.92,1e-07,80,0.45,0.55,False,120.0,3,0.010590622177651225,0.10291074860116034,19.37468360354245,vittima non trovata entro 15 minuti
3974,200,4,39.0,169.6,168.1,2.25,1e-07,80,0.60,0.45,False,122.7,3,0.024266467555328193,0.15577698018426275,19.21055612504349,vittima non trovata entro 15 minuti
3918,200,4,142.4,37.3,141.1,4.45,1e-07,120,0.45,0.55,False,900.0,2,0.0,0.0,2.488087783638162,vittima non trovata entro 15 minuti
3976,200,4,42.7,104.7,106.6,2.19,1e-07,120,center,center,True,112.7,3,0.002965328486149896,0.05445482977799027,3.037971463542691,
3977,200,4,76.3,27.5,74.7,1.21,1e-07,120,0.35,0.40,True,98.2,3,0.0010747346098062278,0.03278314520918071,1.3736815091285568,
3978,200,4,109.8,57.5,117.2,3.81,1e-07,120,0.45,0.55,True,118.5,3,0.002086710833600091,0.045680530137029836,0.17451047503401237,
3924,200,4,144.8,117.4,179.3,4.31,1e-06,25,0.60,0.45,False,900.0,1,nan,nan,8.565753927339705,vittima non trovata entro 15 minuti
3980,200,4,106.4,69.4,120.1,3.71,1e-07,120,0.60,0.58,True,119.7,3,0.0017712705338617488,0.04208646497226571,1.6324932982978955,
3926,200,4,81.6,157.8,170.9,4.04,1e-06,50,center,center,False,900.0,2,0.0,0.0,2.99478196351452,vittima non trovata entro 15 minuti
3984,200,4,83.9,38.9,85.9,3.28,1e-06,25,0.60,0.45,True,84.0,3,0.002051954542280702,0.04529850485701158,1.410377493283212,
3982,200,4,61.5,161.1,166.0,3.69,1e-06,25,0.35,0.40,True,148.4,3,0.0027769300210853287,0.05269658452960048,0.30121542850131167,
3931,200,4,133.9,132.9,181.5,1.23,1e-06,80,center,center,False,900.0,2,4.0389678347315804e-28,2.0097183471152322e-14,0.8767480768672679,vittima non trovata entro 15 minuti
3930,200,4,164.0,107.9,189.4,2.98,1e-06,50,0.60,0.58,False,900.0,1,nan,nan,11.71812312472654,vittima non trovata entro 15 minuti
3932,200,4,135.3,126.6,178.2,1.25,1e-06,80,0.35,0.40,False,900.0,1,nan,nan,15.123384394850188,vittima non trovata entro 15 minuti
3934,200,4,130.9,63.5,138.9,2.85,1e-06,80,0.60,0.45,False,900.0,2,2.271919407036514e-28,1.507288760336424e-14,7.16887137965366,vittima non trovata entro 15 minuti
3985,200,4,38.5,88.4,89.9,3.11,1e-06,25,0.60,0.58,True,167.70000000000002,3,0.028245148901177478,0.16806293137148798,1.5453798874084248,
3989,200,4,95.1,113.1,140.7,3.51,1e-06,50,0.60,0.45,True,110.30000000000001,3,0.006227812162851697,0.07891648853599416,1.2468405176527095,
3938,200,4,115.4,29.5,113.1,3.4,1e-06,120,0.45,0.55,False,900.0,2,0.0,0.0,0.37548097700614497,vittima non trovata entro 15 minuti
3992,200,4,20.5,57.1,54.3,1.01,1e-06,80,0.35,0.40,True,75.60000000000001,3,0.0075059742416336344,0.08663702581248756,0.1925409407248402,
3987,200,4,104.0,156.7,181.1,3.81,1e-06,50,0.35,0.40,True,145.5,3,0.0021306418543220857,0.046158876224644874,0.16711741013918338,
3969,200,4,133.1,103.3,161.5,2.84,1e-07,50,0.60,0.45,True,472.40000000000003,3,0.0016326248780945695,0.04040575303214345,1.551015615784184,
3943,200,4,105.9,131.8,162.0,3.17,1e-05,25,0.45,0.55,False,900.0,1,7.404774363674564e-28,2.721171505744275e-14,34.99532889639404,vittima non trovata entro 15 minuti
3983,200,4,166.9,158.0,222.7,3.11,1e-06,25,0.45,0.55,True,233.8,3,0.001116431629218084,0.03341304579379264,0.5726733950062822,
3941,200,4,155.0,164.5,218.9,2.67,1e-05,25,center,center,False,900.0,2,8.077935669463161e-28,2.842170943040401e-14,39.64761311238491,vittima non trovata entro 15 minuti
3990,200,4,93.4,138.7,160.3,3.88,1e-06,50,0.60,0.58,True,133.3,3,0.009208216019320611,0.09595944986983101,1.5466362531138749,
3940,200,4,129.5,43.3,130.2,4.29,1e-06,120,0.60,0.58,False,900.0,2,1.0097419586828951e-28,1.0048591735576161e-14,2.3689918047949465,vittima non trovata entro 15 minuti
3942,200,4,22.9,116.4,112.8,3.13,1e-05,25,0.35,0.40,False,900.0,2,2.7031633685573335e-28,1.6441299731339166e-14,21.277517763987145,vittima non trovata entro 15 minuti
3944,200,4,97.8,29.3,96.0,2.47,1e-05,25,0.60,0.45,False,900.0,2,3.1554436208840472e-30,1.7763568394002505e-15,24.616817217221495,vittima non trovata entro 15 minuti
3947,200,4,25.2,38.9,39.5,4.41,1e-05,50,0.35,0.40,False,900.0,1,nan,nan,26.2786011580753,vittima non trovata entro 15 minuti
4000,200,4,27.0,40.4,41.7,1.22,1e-06,120,0.60,0.58,True,69.5,3,0.003944901589289197,0.06280845157531904,1.291747956128908,
3948,200,4,41.9,31.6,45.5,3.36,1e-05,50,0.45,0.55,False,900.0,2,1.3463226115771934e-28,1.160311428702309e-14,35.28537852171876,vittima non trovata entro 15 minuti
3949,200,4,163.4,29.4,160.2,4.91,1e-05,50,0.60,0.45,False,900.0,1,4.0389678347315804e-28,2.0097183471152322e-14,30.484717086123418,vittima non trovata entro 15 minuti
3994,200,4,88.2,46.4,92.9,2.77,1e-06,80,0.60,0.45,True,120.7,3,0.00013393502053161217,0.01157302987689966,3.5743621390238065,
3995,200,4,65.5,151.7,158.6,3.86,1e-06,80,0.60,0.58,True,129.6,3,0.0014412977586949758,0.03796442754335927,0.05689979242549367,
3999,200,4,50.5,157.0,158.7,3.54,1e-06,120,0.60,0.45,True,126.0,3,0.0020698603991820093,0.04549571847088481,0.6029935655280991,
3951,200,4,140.5,40.7,140.1,1.44,1e-05,80,center,center,False,900.0,0,nan,nan,nan,vittima non trovata entro 15 minuti
4004,200,4,57.5,97.4,106.3,4.85,1e-05,25,0.60,0.45,True,100.4,3,0.0034579418580109747,0.05880426734524438,4.530969665351233,
4003,200,4,32.5,165.4,162.8,1.64,1e-05,25,0.45,0.55,True,113.5,3,0.0040795591090088505,0.06387142638933978,0.3182516794715434,
4009,200,4,62.5,31.0,63.1,3.65,1e-05,50,0.60,0.45,True,66.7,3,0.001759271863370554,0.041943674891103115,2.458206281352642,
4007,200,4,26.3,145.5,142.1,1.45,1e-05,50,0.35,0.40,True,129.70000000000002,3,0.004182360162259689,0.06467116948269676,0.27565470988911484,
4006,200,4,161.2,127.3,198.4,1.33,1e-05,50,center,center,True,136.8,3,0.004259791628045137,0.06526707920571548,0.17151289783070642,
4008,200,4,35.1,92.3,92.3,2.43,1e-05,50,0.45,0.55,True,147.5,3,0.002425901660350497,0.04925344313193238,1.0697869784836547,
4015,200,4,41.9,170.7,169.8,2.63,1e-05,80,0.60,0.58,True,143.3,3,0.0036213734289233025,0.06017784832414086,0.964768536566423,
4013,200,4,25.0,48.6,48.0,3.69,1e-05,80,0.45,0.55,True,182.4,3,0.0020398318655862188,0.045164497844946964,2.4662614506201765,
4012,200,4,96.1,38.3,97.0,4.94,1e-05,80,0.35,0.40,True,175.9,3,0.035645213418580644,0.18879939994232145,1.7677782048509787,
4016,200,4,37.4,70.7,73.2,2.76,1e-05,120,center,center,True,182.10000000000002,3,0.0004149363073782332,0.020369985453559687,1.3286746648550705,
3961,200,4,71.5,74.0,95.8,4.76,1e-07,25,center,center,False,900.0,1,nan,nan,7.895518846688955,vittima non trovata entro 15 minuti
3960,200,4,142.6,136.3,190.2,1.3,1e-05,120,0.60,0.58,False,900.0,2,2.0194839173657902e-28,1.4210854715202004e-14,36.122263541922344,vittima non trovata entro 15 minuti
4019,200,4,79.3,39.7,82.0,4.52,1e-05,120,0.60,0.45,True,167.60000000000002,3,0.005090194620580656,0.07134559986839172,4.68343712970157,
4018,200,4,41.1,57.8,64.0,3.74,1e-05,120,0.45,0.55,True,212.4,3,0.002253803847935003,0.04747424404806255,1.776809676950448,
3962,200,4,132.4,77.1,146.4,1.14,1e-07,25,0.35,0.40,False,900.0,2,0.0,0.0,2.9317963014865542,vittima non trovata entro 15 minuti
3963,200,4,139.4,58.5,144.7,3.24,1e-07,25,0.45,0.55,False,900.0,2,2.524354896707238e-29,5.0242958677880805e-15,2.5446515365216897,vittima non trovata entro 15 minuti
4020,200,4,87.2,52.7,95.0,4.25,1e-05,120,0.60,0.58,True,184.0,3,0.006090721048853552,0.07804307175434314,2.9930554951058985,
3966,200,4,74.3,118.1,132.7,3.72,1e-07,50,center,center,False,900.0,2,2.0194839173657902e-28,1.4210854715202004e-14,2.209759037576495,vittima non trovata entro 15 minuti
3967,200,4,47.2,66.2,74.4,2.98,1e-07,50,0.35,0.40,False,900.0,2,0.0,0.0,0.9277846339912589,vittima non trovata entro 15 minuti
4023,200,4,112.8,131.7,166.4,4.92,1e-07,25,0.45,0.55,True,150.20000000000002,3,0.0257787167691175,0.1605575185692576,2.3588773954672764,
3970,200,4,162.5,146.2,211.5,2.22,1e-07,50,0.60,0.58,False,900.0,2,4.0389678347315804e-28,2.0097183471152322e-14,14.710260284669292,vittima non trovata entro 15 minuti
4027,200,4,24.5,55.0,53.7,2.03,1e-07,50,0.35,0.40,True,103.7,3,0.01397255832883406,0.11820557655556721,0.43004596328949085,
3971,200,4,54.3,125.4,130.1,4.7,1e-07,80,center,center,False,900.0,2,0.0,0.0,6.512151525547983,vittima non trovata entro 15 minuti
3972,200,4,55.6,95.2,103.4,1.67,1e-07,80,0.35,0.40,False,900.0,2,0.0,0.0,3.051794453467836,vittima non trovata entro 15 minuti
3975,200,4,98.8,57.6,107.5,3.87,1e-07,80,0.60,0.58,False,900.0,2,0.0,0.0,1.9395130497617386,vittima non trovata entro 15 minuti
4034,200,4,51.4,69.1,79.2,3.0,1e-07,80,0.60,0.45,True,96.0,3,0.006325836883926022,0.07953512987306943,1.79994919980101,
4035,200,4,81.6,167.8,179.9,3.1,1e-07,80,0.60,0.58,False,146.70000000000002,3,0.025129744837797216,0.15852364125832213,14.834295504794563,vittima non trovata entro 15 minuti
4036,200,4,100.8,149.3,173.2,2.44,1e-07,120,center,center,True,148.6,3,0.001589753765783129,0.03987171636364716,2.7687748420605978,
3979,200,4,153.5,29.6,150.5,3.17,1e-07,120,0.60,0.45,False,900.0,2,2.0194839173657902e-28,1.4210854715202004e-14,38.193743180656035,vittima non trovata entro 15 minuti
3981,200,4,161.0,112.1,189.3,1.02,1e-06,25,center,center,False,900.0,1,nan,nan,30.201700906133045,vittima non trovata entro 15 minuti
4039,200,4,135.8,138.8,187.1,3.43,1e-07,120,0.60,0.45,True,154.5,3,0.010218074882849449,0.10108449378044809,0.6672211408103866,
3986,200,4,97.5,88.3,124.5,1.4,1e-06,50,center,center,False,900.0,2,1.0097419586828951e-28,1.0048591735576161e-14,0.26789273648265116,vittima non trovata entro 15 minuti
4040,200,4,110.8,87.1,133.9,4.38,1e-07,120,0.60,0.58,True,128.1,3,0.0016794696858424862,0.040981333382925526,0.17234019892759356,
4044,200,4,79.9,61.7,93.9,1.39,1e-06,25,0.60,0.45,True,91.30000000000001,3,0.0005273228554279955,0.022963511391509695,1.5593684268869985,
4045,200,4,63.8,56.7,78.3,2.52,1e-06,25,0.60,0.58,True,94.80000000000001,3,0.0011340246026777941,0.03367528177577426,0.8977331282612083,
3988,200,4,109.7,33.0,108.4,4.64,1e-06,50,0.45,0.55,False,900.0,2,2.0194839173657902e-28,1.4210854715202004e-14,0.2410878760892938,vittima non trovata entro 15 minuti
3991,200,4,149.6,38.9,148.5,3.99,1e-06,80,center,center,False,900.0,1,nan,nan,3.1931687889787606,vittima non trovata entro 15 minuti
4046,200,4,38.0,167.1,165.4,3.22,1e-06,50,center,center,True,127.5,3,0.0042141381815534095,0.06491639378118141,5.268813890545108,
3993,200,4,136.4,52.4,139.7,1.84,1e-06,80,0.45,0.55,False,900.0,2,0.0,0.0,0.5368166811862574,vittima non trovata entro 15 minuti
3996,200,4,135.6,61.8,142.4,3.54,1e-06,120,center,center,False,900.0,2,4.543838814073028e-28,2.1316282072803006e-14,0.38424865682853654,vittima non trovata entro 15 minuti
4049,200,4,65.6,105.1,117.0,4.17,1e-06,50,0.60,0.45,False,114.30000000000001,3,0.02561050818365683,0.16003283470480933,19.080289201946666,vittima non trovata entro 15 minuti
3998,200,4,158.5,71.5,167.3,1.26,1e-06,120,0.45,0.55,False,900.0,1,nan,nan,7.699560890220627,vittima non trovata entro 15 minuti
3997,200,4,139.9,51.2,142.6,1.24,1e-06,120,0.35,0.40,False,900.0,2,0.0,0.0,7.826799658271582,vittima non trovata entro 15 minuti
4001,200,4,144.2,130.0,187.1,2.98,1e-05,25,center,center,False,900.0,1,1.0770580892617547e-27,3.2818563180946156e-14,43.91886296807968,vittima non trovata entro 15 minuti
4005,200,4,80.8,161.8,174.1,1.72,1e-05,25,0.60,0.58,False,900.0,1,3.857358406004229e-21,6.210763564976716e-11,46.118478097496315,vittima non trovata entro 15 minuti
4002,200,4,152.1,92.1,171.0,1.56,1e-05,25,0.35,0.40,False,900.0,2,0.0,0.0,26.16932949156189,vittima non trovata entro 15 minuti
4051,200,4,107.3,157.1,183.3,4.89,1e-06,80,center,center,True,142.1,3,0.004695828466676353,0.0685261152165826,3.874396409874677,
4053,200,4,21.9,39.2,38.1,4.38,1e-06,80,0.45,0.55,True,70.7,3,0.004595962722590091,0.06779353009388205,2.3079072939973764,
4010,200,4,95.3,112.1,140.1,2.81,1e-05,50,0.60,0.58,False,900.0,0,nan,nan,nan,vittima non trovata entro 15 minuti
4011,200,4,139.4,114.0,173.0,1.88,1e-05,80,center,center,False,900.0,0,nan,nan,nan,vittima non trovata entro 15 minuti
4055,200,4,49.6,52.2,64.9,4.05,1e-06,80,0.60,0.58,True,100.7,3,0.0037105077558607846,0.06091393728746144,1.7512152093022368,
4014,200,4,121.7,110.8,157.5,1.2,1e-05,80,0.60,0.45,False,900.0,0,nan,nan,nan,vittima non trovata entro 15 minuti
4060,200,4,57.1,38.9,62.1,3.21,1e-06,120,0.60,0.58,True,94.10000000000001,3,0.0034622386555740055,0.058840790745655396,0.9403085011904188,
4054,200,4,164.9,153.9,218.5,4.92,1e-06,80,0.60,0.45,True,151.3,3,0.0021039407600958807,0.04586873401453195,0.2768292322586997,
4058,200,4,160.9,139.5,205.9,2.06,1e-06,120,0.45,0.55,True,149.3,3,0.003994595137053343,0.06320280956613672,0.03483516166327165,
4017,200,4,73.0,66.7,91.8,2.23,1e-05,120,0.35,0.40,False,900.0,0,nan,nan,nan,vittima non trovata entro 15 minuti
4061,200,4,106.0,48.4,110.0,2.03,1e-05,25,center,center,True,135.3,3,0.004777560972522185,0.06911990286829246,0.09843587508596076,
4068,200,4,60.1,45.8,68.6,2.43,1e-05,50,0.45,0.55,True,81.9,3,0.0032344639540679712,0.056872347886015494,0.20281341068641215,
4064,200,4,95.9,71.3,112.5,1.51,1e-05,25,0.60,0.45,True,129.6,3,0.003188225917988903,0.05646437742496505,2.6054519658126414,
4067,200,4,65.7,132.2,140.9,3.04,1e-05,50,0.35,0.40,True,101.80000000000001,3,0.0011302000633397005,0.03361844825895003,0.1895624574537356,
4070,200,4,52.8,26.1,52.3,2.71,1e-05,50,0.60,0.58,True,68.2,3,0.0052520941748624254,0.07247133346960317,1.6978421444757708,
4022,200,4,127.9,51.5,131.4,1.56,1e-07,25,0.35,0.40,False,900.0,2,5.048709793414476e-29,7.105427357601002e-15,0.3493117196958067,vittima non trovata entro 15 minuti
4071,200,4,57.4,21.1,54.8,1.29,1e-05,80,center,center,True,64.8,3,0.00192342507428972,0.04385687032027844,0.10718238355029464,
4021,200,4,45.3,93.9,97.6,4.15,1e-07,25,center,center,False,900.0,2,1.5146129380243427e-28,1.2306961192854808e-14,4.388307555392584,vittima non trovata entro 15 minuti
4072,200,4,52.2,56.6,69.9,3.91,1e-05,80,0.35,0.40,True,72.9,3,0.00650775425048149,0.08067065296922722,0.0861060960983273,
4024,200,4,61.3,64.1,81.6,2.53,1e-07,25,0.60,0.45,False,900.0,2,0.0,0.0,2.734689993269098,vittima non trovata entro 15 minuti
4074,200,4,63.5,34.3,65.5,1.99,1e-05,80,0.60,0.45,True,73.5,3,0.003897521122380352,0.06243012992442313,2.6768163956604454,
4025,200,4,151.5,31.4,148.9,1.59,1e-07,25,0.60,0.58,False,900.0,2,1.0097419586828951e-28,1.0048591735576161e-14,43.59991949954315,vittima non trovata entro 15 minuti
4026,200,4,55.7,149.9,153.5,3.37,1e-07,50,center,center,False,900.0,2,4.291403324402304e-28,2.07157025572446e-14,13.469585280844782,vittima non trovata entro 15 minuti
4073,200,4,115.4,119.9,159.4,3.31,1e-05,80,0.45,0.55,True,123.5,3,0.0017784077491313735,0.042171172015150034,0.17747433053708242,
4028,200,4,151.6,48.5,152.9,2.38,1e-07,50,0.45,0.55,False,900.0,2,0.0,0.0,0.2799528894357048,vittima non trovata entro 15 minuti
4029,200,4,123.8,48.0,126.3,2.37,1e-07,50,0.60,0.45,False,900.0,2,1.0097419586828951e-28,1.0048591735576161e-14,4.234275526050565,vittima non trovata entro 15 minuti
4043,200,4,83.7,62.2,97.3,2.42,1e-06,25,0.45,0.55,True,688.6,3,74.98642324077449,8.659470147807802,5.888886311513966,
4075,200,4,27.8,117.8,115.1,4.25,1e-05,80,0.60,0.58,True,163.10000000000002,3,0.002094021922552963,0.04576048429106671,2.5935963736163816,
4030,200,4,96.3,91.7,125.9,4.69,1e-07,50,0.60,0.58,False,900.0,2,0.0,0.0,0.17701849819713322,vittima non trovata entro 15 minuti
4079,200,4,73.0,162.6,171.6,2.47,1e-05,120,0.60,0.45,True,139.20000000000002,3,0.0022598891088170393,0.047538290974929245,0.4282120515324321,
4031,200,4,106.0,120.3,153.3,2.05,1e-07,80,center,center,False,900.0,2,1.0097419586828951e-28,1.0048591735576161e-14,1.3485480106131138,vittima non trovata entro 15 minuti
4076,200,4,79.8,110.0,128.9,3.7,1e-05,120,center,center,True,184.10000000000002,3,0.0021829899395884637,0.04672247788365321,2.630719256290343,
4032,200,4,100.0,123.6,152.0,3.97,1e-07,80,0.35,0.40,False,900.0,2,0.0,0.0,1.2921937425625458,vittima non trovata entro 15 minuti
4077,200,4,31.5,24.0,32.6,2.99,1e-05,120,0.35,0.40,True,190.9,3,0.004947471604416305,0.07033826557725394,0.16606074699115214,
4086,200,4,20.7,33.1,32.2,1.94,1e-07,50,center,center,True,50.1,3,0.00624690489272452,0.07903736390293215,4.3309680989988575,
4033,200,4,119.0,35.8,118.1,2.94,1e-07,80,0.45,0.55,False,900.0,2,2.0194839173657902e-28,1.4210854715202004e-14,10.78603590619463,vittima non trovata entro 15 minuti
4088,200,4,55.5,23.3,53.7,4.26,1e-07,50,0.45,0.55,True,73.0,3,0.0010285429050603196,0.03207090433804946,0.24221145543887995,
4037,200,4,156.2,61.8,161.5,1.34,1e-07,120,0.35,0.40,False,900.0,2,2.524354896707238e-29,5.0242958677880805e-15,0.13356200980036412,vittima non trovata entro 15 minuti
4038,200,4,137.8,56.8,142.6,3.71,1e-07,120,0.45,0.55,False,900.0,2,0.0,0.0,0.6368901551112446,vittima non trovata entro 15 minuti
4094,200,4,57.9,32.3,59.5,4.3,1e-07,80,0.60,0.45,True,80.30000000000001,3,0.0028479814865061855,0.05336648280059485,2.8972441909347597,
4093,200,4,118.4,46.2,120.6,2.08,1e-07,80,0.45,0.55,True,92.60000000000001,3,0.00305842201112536,0.055303001827435735,2.1389869986713435,
4095,200,4,25.1,56.1,55.0,1.36,1e-07,80,0.60,0.58,True,95.0,3,0.003716066356583526,0.06095954688630425,1.341728242334333,
4041,200,4,152.4,153.0,208.9,4.19,1e-06,25,center,center,False,900.0,1,1.9472654521660706,1.3954445356824723,9.065219303310208,vittima non trovata entro 15 minuti
4096,200,4,39.4,36.8,46.8,3.84,1e-07,120,center,center,True,72.9,3,0.00652159724875696,0.08075640685888,4.196919430775024,
4087,200,4,127.5,162.6,199.6,2.67,1e-07,50,0.35,0.40,False,180.0,3,0.03102112857843452,0.17612815952718783,42.59110062230256,vittima non trovata entro 15 minuti
4042,200,4,138.3,137.2,187.8,2.02,1e-06,25,0.35,0.40,False,900.0,2,0.0,0.0,21.5271868012109,vittima non trovata entro 15 minuti
4097,200,4,129.1,118.1,167.9,3.12,1e-07,120,0.35,0.40,True,143.70000000000002,3,0.02728216137796174,0.16517312547131188,0.907668843759697,
4100,200,4,87.1,23.0,84.0,1.86,1e-07,120,0.60,0.58,True,99.10000000000001,3,0.0031790367033391878,0.056382946919606707,2.757600556050616,
4098,200,4,117.3,165.3,195.7,2.99,1e-07,120,0.45,0.55,True,166.5,3,0.023271714355720535,0.15255069437967345,2.942852261546922,
4099,200,4,55.3,165.7,168.4,3.59,1e-07,120,0.60,0.45,True,141.6,3,0.0011634152000591326,0.03410887274682546,0.558132501241201,
4102,200,4,100.7,142.7,167.7,1.42,1e-06,25,0.35,0.40,False,120.80000000000001,3,0.028116366546306452,0.16767935635106204,25.928085535153205,vittima non trovata entro 15 minuti
4103,200,4,97.4,128.8,154.5,1.12,1e-06,25,0.45,0.55,True,129.9,3,0.0019730894796424286,0.04441947185235805,7.143763366616129,
4105,200,4,38.7,169.3,167.8,2.64,1e-06,25,0.60,0.58,True,141.3,3,0.00398481934921694,0.06312542553691769,3.7537768341246895,
4047,200,4,122.6,29.2,120.1,3.16,1e-06,50,0.35,0.40,False,900.0,2,6.310887241768095e-30,2.5121479338940403e-15,1.0191604549719298,vittima non trovata entro 15 minuti
4109,200,4,65.2,132.5,141.0,3.01,1e-06,50,0.60,0.45,True,119.4,3,0.0019186405255495972,0.04380228904463324,0.2687333745411138,
4108,200,4,102.9,161.8,184.8,2.07,1e-06,50,0.45,0.55,True,135.1,3,0.001013811837618463,0.03184041202023716,0.7346511201076575,
4110,200,4,61.8,134.2,141.1,2.97,1e-06,50,0.60,0.58,True,129.70000000000002,3,0.002662083064073232,0.05159537832086544,0.9221070272407218,
4048,200,4,143.1,48.2,144.7,1.11,1e-06,50,0.45,0.55,False,900.0,2,5.048709793414476e-29,7.105427357601002e-15,0.12151834703196215,vittima non trovata entro 15 minuti
4050,200,4,138.1,165.7,208.7,2.01,1e-06,50,0.60,0.58,False,900.0,2,0.0,0.0,0.13312586543329746,vittima non trovata entro 15 minuti
4112,200,4,58.3,148.9,153.5,3.83,1e-06,80,0.35,0.40,True,125.4,3,0.0014506430023548216,0.03808730762806452,0.024350967528859006,
4052,200,4,137.5,165.6,208.2,4.2,1e-06,80,0.35,0.40,False,900.0,2,4.0389678347315804e-28,2.0097183471152322e-14,4.9592928864044366,vittima non trovata entro 15 minuti
4116,200,4,63.3,31.0,63.8,4.91,1e-06,120,center,center,True,85.7,3,0.0019563951278009683,0.04423115562362087,0.9008273694985446,
4113,200,4,107.1,144.0,172.5,3.83,1e-06,80,0.45,0.55,True,136.8,3,0.001833291816648467,0.04281695711570904,1.3875398078085097,
4065,200,4,150.9,37.5,149.5,3.75,1e-05,25,0.60,0.58,False,900.0,2,71.10756699467052,8.432530284242715,22.466272467778527,vittima non trovata entro 15 minuti
4057,200,4,145.6,68.4,154.2,3.18,1e-06,120,0.35,0.40,False,900.0,1,nan,nan,2.893117266618985,vittima non trovata entro 15 minuti
4056,200,4,142.8,19.3,138.5,2.72,1e-06,120,center,center,False,900.0,2,4.102076707149261e-28,2.0253584144909416e-14,1.561474330752709,vittima non trovata entro 15 minuti
4059,200,4,170.8,22.4,166.7,1.62,1e-06,120,0.60,0.45,False,900.0,1,nan,nan,17.22922128879561,vittima non trovata entro 15 minuti
4117,200,4,169.1,168.5,231.6,2.02,1e-06,120,0.35,0.40,False,160.0,3,0.02622079564546873,0.16192836578397476,14.351578200552959,vittima non trovata entro 15 minuti
4119,200,4,50.3,75.1,83.4,3.62,1e-06,120,0.60,0.45,True,108.60000000000001,3,0.007279050276968698,0.0853173503864759,2.082372791808719,
4062,200,4,163.6,164.6,224.9,2.34,1e-05,25,0.35,0.40,False,900.0,1,nan,nan,27.741204522441638,vittima non trovata entro 15 minuti
4120,200,4,60.8,128.1,135.1,3.54,1e-06,120,0.60,0.58,True,130.70000000000002,3,0.0031624695925747976,0.05623583904037351,0.5668287326325053,
4121,200,4,89.6,167.3,183.0,3.51,1e-05,25,center,center,True,135.8,3,0.009170977788186386,0.09576522222699839,3.2257327779356473,
4063,200,4,104.8,28.4,102.5,1.65,1e-05,25,0.45,0.55,False,900.0,2,0.0,0.0,35.112763912811346,vittima non trovata entro 15 minuti
4066,200,4,128.9,50.7,132.0,1.83,1e-05,50,center,center,False,900.0,1,148.83287610851667,12.199708033740672,23.412302154200724,vittima non trovata entro 15 minuti
4118,200,4,84.5,43.7,88.5,2.39,1e-06,120,0.45,0.55,True,223.3,3,0.015599518578116674,0.12489803272316452,0.5047386868497123,
4123,200,4,49.3,125.7,128.6,1.97,1e-05,25,0.45,0.55,True,102.60000000000001,3,0.0005145597743486744,0.02268391003219406,0.47016346567903183,
4069,200,4,157.2,49.4,158.6,1.82,1e-05,50,0.60,0.45,False,900.0,1,8.220391264683688e-08,0.0002867122471169254,26.092525332192093,vittima non trovata entro 15 minuti
4122,200,4,71.2,119.9,132.6,2.1,1e-05,25,0.35,0.40,True,174.0,3,0.003347400007923143,0.05785671964364332,0.16980729383509988,
4136,200,4,114.9,101.4,146.2,3.57,1e-05,120,center,center,True,114.10000000000001,3,0.003447825088579064,0.05871818362806418,0.14965008559024215,
4133,200,4,152.9,134.8,196.8,2.04,1e-05,80,0.45,0.55,True,131.20000000000002,3,0.005910217998820321,0.07687794221244687,0.03643940345863073,
4124,200,4,103.3,65.9,115.6,4.35,1e-05,25,0.60,0.45,True,209.10000000000002,3,0.0008445286439255102,0.029060775005589755,3.24407117322324,
4130,200,4,133.6,37.5,132.6,1.29,1e-05,50,0.60,0.58,True,182.0,3,0.0015054626053126571,0.03880029130448195,0.11610875336262584,
4078,200,4,36.9,132.0,130.9,3.14,1e-05,120,0.45,0.55,False,900.0,2,7.544310056655175e-05,0.008685798786902201,19.676788364948756,vittima non trovata entro 15 minuti
4137,200,4,156.2,143.9,205.3,1.81,1e-05,120,0.35,0.40,True,146.70000000000002,3,0.005874397026356304,0.07664461511649924,1.1007644652396513,
4135,200,4,45.1,61.9,69.7,2.71,1e-05,80,0.60,0.58,True,165.3,3,0.006073780315078777,0.07793446166541973,0.818729523319574,
4132,200,4,40.5,52.4,59.2,2.74,1e-05,80,0.35,0.40,True,188.70000000000002,3,0.006482987760732497,0.08051700292939683,0.04399580396975956,
4081,200,4,166.8,66.4,173.1,2.25,1e-07,25,center,center,False,900.0,2,0.0,0.0,2.3713486100452483,vittima non trovata entro 15 minuti
4134,200,4,78.9,67.0,96.5,3.24,1e-05,80,0.60,0.45,True,180.0,3,0.005122349130838265,0.07157058844831629,2.8352004384726635,
4080,200,4,156.9,36.6,155.1,3.45,1e-05,120,0.60,0.58,False,900.0,2,1.0518145402946823e-30,1.0255800994045674e-15,29.49184308228386,vittima non trovata entro 15 minuti
4082,200,4,102.9,164.6,187.3,4.23,1e-07,25,0.35,0.40,False,900.0,2,2.0194839173657902e-28,1.4210854715202004e-14,9.557643832289038,vittima non trovata entro 15 minuti
4139,200,4,151.7,101.6,175.6,1.13,1e-05,120,0.60,0.45,True,126.5,3,0.0022975007629101344,0.04793225180304107,0.07409011172969654,
4141,200,4,107.1,45.6,109.9,1.47,1e-07,25,center,center,True,110.2,3,0.004552127706741855,0.0674694575844645,0.2811024917752436,
4083,200,4,39.2,57.0,62.3,4.78,1e-07,25,0.45,0.55,False,900.0,2,7.573064690121713e-29,8.702335715267317e-15,0.9737253106071049,vittima non trovata entro 15 minuti
4084,200,4,61.0,79.2,92.9,4.47,1e-07,25,0.60,0.45,False,900.0,2,1.5146129380243427e-28,1.2306961192854808e-14,0.6013494824548775,vittima non trovata entro 15 minuti
4085,200,4,78.4,60.7,92.2,1.42,1e-07,25,0.60,0.58,False,900.0,2,5.048709793414476e-29,7.105427357601002e-15,2.203061035305464,vittima non trovata entro 15 minuti
4146,200,4,27.7,144.6,141.4,1.72,1e-07,50,center,center,True,134.5,3,0.004877275591117749,0.06983749416407886,9.146156900558363,
4143,200,4,119.6,119.4,162.0,2.94,1e-07,25,0.45,0.55,True,150.1,3,0.004894777249943713,0.06996268469651314,0.2976378494885762,
4148,200,4,69.8,157.6,165.8,3.87,1e-07,50,0.45,0.55,False,123.10000000000001,3,0.017062604787976426,0.13062390588240894,30.39644706005453,vittima non trovata entro 15 minuti
4089,200,4,135.2,149.9,194.8,3.98,1e-07,50,0.60,0.45,False,900.0,2,0.0,0.0,0.18386983771848084,vittima non trovata entro 15 minuti
4091,200,4,98.1,69.9,113.5,2.04,1e-07,80,center,center,False,900.0,2,0.0,0.0,0.2795502957777384,vittima non trovata entro 15 minuti
4090,200,4,44.6,53.9,62.9,3.38,1e-07,50,0.60,0.58,False,900.0,2,5.048709793414476e-29,7.105427357601002e-15,1.4559030488582456,vittima non trovata entro 15 minuti
4092,200,4,150.6,26.7,147.2,4.39,1e-07,80,0.35,0.40,False,900.0,2,0.0,0.0,2.1080965546630135,vittima non trovata entro 15 minuti
4154,200,4,42.3,72.9,77.5,3.27,1e-07,80,0.60,0.45,True,96.9,3,0.01835544986568049,0.13548228616937524,0.8848569395838467,
4158,200,4,24.5,49.6,48.7,4.5,1e-07,120,0.45,0.55,True,75.0,3,0.004996058605278799,0.07068280275483421,0.9794196262256615,
4160,200,4,34.4,68.7,70.2,4.43,1e-07,120,0.60,0.58,True,97.60000000000001,3,0.010198978912935235,0.1009899941228597,1.1919041447476242,
4101,200,4,24.5,144.2,140.6,1.17,1e-06,25,center,center,False,900.0,2,1.262177448353619e-29,3.552713678800501e-15,1.599933414569594,vittima non trovata entro 15 minuti
4159,200,4,28.3,154.3,151.1,1.88,1e-07,120,0.60,0.45,False,128.8,3,0.022380780099101542,0.14960207250937918,20.681534861776612,vittima non trovata entro 15 minuti
4104,200,4,27.0,62.0,61.1,4.27,1e-06,25,0.60,0.45,False,900.0,1,nan,nan,3.110558945641032,vittima non trovata entro 15 minuti
4106,200,4,166.8,136.3,208.3,3.39,1e-06,50,center,center,False,900.0,2,4.0389678347315804e-28,2.0097183471152322e-14,0.1843153829241717,vittima non trovata entro 15 minuti
4107,200,4,24.7,81.4,78.9,1.62,1e-06,50,0.35,0.40,False,900.0,1,nan,nan,5.147500179453542,vittima non trovata entro 15 minuti
4165,200,4,60.3,169.3,173.3,1.84,1e-06,25,0.60,0.58,False,126.60000000000001,3,0.02731414627741397,0.1652699194572744,14.74590158700249,vittima non trovata entro 15 minuti
4167,200,4,93.1,137.9,159.5,3.24,1e-06,50,0.35,0.40,True,130.0,3,0.02648295522322849,0.1627358449243082,4.179525804469613,
4111,200,4,128.4,95.7,153.1,2.25,1e-06,80,center,center,False,900.0,1,nan,nan,66.16844922349777,vittima non trovata entro 15 minuti
4169,200,4,29.8,102.0,100.1,1.19,1e-06,50,0.60,0.45,True,93.30000000000001,3,0.0027425183374950404,0.05236905897087554,5.129233003268374,
4163,200,4,169.4,169.6,232.6,1.78,1e-06,25,0.45,0.55,True,236.60000000000002,3,0.00026754546818912386,0.016356817177835176,0.4502724484550872,
4115,200,4,156.5,92.6,174.9,4.92,1e-06,80,0.60,0.58,False,900.0,1,nan,nan,16.75721264363718,vittima non trovata entro 15 minuti
4114,200,4,157.1,114.4,187.4,3.99,1e-06,80,0.60,0.45,False,900.0,1,nan,nan,9.790497584578901,vittima non trovata entro 15 minuti
4144,200,4,129.5,44.1,130.5,2.05,1e-07,25,0.60,0.45,True,525.6,3,0.0011514047026349211,0.03393235480533176,9.933889913913228,
4175,200,4,43.4,119.2,120.5,3.86,1e-06,80,0.60,0.58,True,96.5,3,0.0030022951021428826,0.05479320306518759,1.4542313710917685,
4173,200,4,113.0,169.6,196.8,1.97,1e-06,80,0.45,0.55,True,146.4,3,0.004138362614559828,0.06433010659527798,0.6428762612565905,
4176,200,4,100.1,114.2,144.8,4.86,1e-06,120,center,center,True,118.0,3,0.0045051802170814476,0.06712063927795568,3.1948124201950883,
4174,200,4,137.6,150.6,196.9,3.98,1e-06,80,0.60,0.45,True,174.20000000000002,3,0.0015864076565298786,0.039829733322354524,0.25558671379099546,
4177,200,4,101.5,139.3,165.4,1.06,1e-06,120,0.35,0.40,True,144.0,3,0.00318105731250299,0.05640086269289673,0.2855485334219561,
4126,200,4,85.4,55.2,94.7,2.43,1e-05,50,center,center,False,900.0,0,nan,nan,nan,vittima non trovata entro 15 minuti
4129,200,4,166.9,89.4,182.6,4.74,1e-05,50,0.60,0.45,False,900.0,2,1.0097419586828951e-28,1.0048591735576161e-14,32.26536320254892,vittima non trovata entro 15 minuti
4127,200,4,35.1,113.8,112.9,2.14,1e-05,50,0.35,0.40,False,900.0,2,6.731613057885967e-29,8.204640795236539e-15,41.96715065946018,vittima non trovata entro 15 minuti
4125,200,4,21.0,48.6,46.5,3.53,1e-05,25,0.60,0.58,False,900.0,0,nan,nan,47.13791968891634,vittima non trovata entro 15 minuti
4128,200,4,125.9,141.5,182.3,2.78,1e-05,50,0.45,0.55,False,900.0,2,3.68303379429586e-26,1.9191231837211128e-13,129.20711123342832,vittima non trovata entro 15 minuti
4180,200,4,72.4,77.7,99.1,1.37,1e-06,120,0.60,0.58,True,98.0,3,0.004267380987975108,0.06532519412887426,0.5553350283598886,
4178,200,4,136.3,148.6,194.6,1.84,1e-06,120,0.45,0.55,True,146.3,3,0.00353873706108014,0.05948728486895448,1.5019730041209245,
4131,200,4,144.6,54.6,148.2,4.18,1e-05,80,center,center,False,900.0,2,2.366002282327119e-22,1.5381814854974427e-11,24.027718293490206,vittima non trovata entro 15 minuti
4179,200,4,152.5,164.0,216.9,1.45,1e-06,120,0.60,0.45,True,157.10000000000002,3,0.0014780256357009693,0.0384450989815473,0.021277563807434095,
4189,200,4,64.5,37.2,67.7,1.07,1e-05,50,0.60,0.45,True,77.5,3,0.001080443616399544,0.0328701021659432,1.7457353622059029,
4182,200,4,102.6,67.0,115.6,4.64,1e-05,25,0.35,0.40,True,139.0,3,0.002891635968047864,0.053773933908984786,2.495097682064411,
4185,200,4,105.2,48.0,109.0,3.49,1e-05,25,0.60,0.58,True,143.20000000000002,3,0.0019651358511952382,0.04432985282171866,4.188215712415156,
4138,200,4,78.9,164.2,175.5,3.87,1e-05,120,0.45,0.55,False,900.0,2,1.0097419586828951e-27,3.1776437161565096e-14,30.281299508668024,vittima non trovata entro 15 minuti
4140,200,4,39.2,83.3,85.5,4.87,1e-05,120,0.60,0.58,False,900.0,2,5.048709793414476e-29,7.105427357601002e-15,32.38582840524591,vittima non trovata entro 15 minuti
4191,200,4,27.0,78.8,77.0,1.42,1e-05,80,center,center,True,160.10000000000002,3,0.003922303923356013,0.06262829970034324,1.3775319244116833,
4192,200,4,115.2,167.2,196.1,2.37,1e-05,80,0.35,0.40,True,120.60000000000001,3,0.003669322323457762,0.06057493147711982,0.25775245989454226,
4194,200,4,19.1,85.9,82.1,1.54,1e-05,80,0.60,0.45,True,78.60000000000001,3,0.0018437913119653732,0.04293939114572275,1.5110044664041447,
4190,200,4,91.4,31.0,90.2,2.81,1e-05,50,0.60,0.58,True,175.3,3,0.0035729756121761344,0.059774372536866786,2.4970172007290614,
4142,200,4,104.8,117.6,150.4,3.78,1e-07,25,0.35,0.40,False,900.0,2,1.0097419586828951e-28,1.0048591735576161e-14,0.06893247388625119,vittima non trovata entro 15 minuti
4145,200,4,169.7,157.4,224.4,1.87,1e-07,25,0.60,0.58,False,900.0,2,0.0,0.0,67.32082017531876,vittima non trovata entro 15 minuti
4147,200,4,107.3,142.7,171.5,3.94,1e-07,50,0.35,0.40,False,900.0,2,0.0003343601916512234,0.018285518632273557,49.557637807347824,vittima non trovata entro 15 minuti
4198,200,4,20.6,115.9,112.0,1.64,1e-05,120,0.45,0.55,True,85.9,3,0.0020066091869330458,0.04479519156040128,0.8376166567769058,
4149,200,4,86.4,101.1,126.0,3.62,1e-07,50,0.60,0.45,False,900.0,2,0.0,0.0,3.66809857648424,vittima non trovata entro 15 minuti
4196,200,4,108.4,51.5,113.3,3.46,1e-05,120,center,center,True,124.80000000000001,3,0.004873831677768589,0.06981283318823688,0.06925011189146074,
4201,200,4,37.8,37.1,45.9,1.65,1e-07,25,center,center,True,76.10000000000001,3,0.014470223830543765,0.12029224343466109,3.277221972116618,
4195,200,4,85.6,131.4,149.9,1.13,1e-05,80,0.60,0.58,True,171.8,3,0.0035198094580340712,0.059327982082943556,0.30009826535191575,
4150,200,4,42.8,56.6,64.0,4.85,1e-07,50,0.60,0.58,False,900.0,2,2.524354896707238e-29,5.0242958677880805e-15,0.9118038494136019,vittima non trovata entro 15 minuti
4151,200,4,39.9,91.2,93.0,1.94,1e-07,80,center,center,False,900.0,2,2.524354896707238e-29,5.0242958677880805e-15,0.8878433749226075,vittima non trovata entro 15 minuti
4153,200,4,132.2,158.9,199.6,1.95,1e-07,80,0.45,0.55,False,900.0,2,4.0389678347315804e-28,2.0097183471152322e-14,28.569371153049193,vittima non trovata entro 15 minuti
4152,200,4,117.8,98.1,146.3,4.45,1e-07,80,0.35,0.40,False,900.0,2,0.0,0.0,0.4186306935686429,vittima non trovata entro 15 minuti
4197,200,4,88.3,105.5,130.6,3.11,1e-05,120,0.35,0.40,True,164.70000000000002,3,0.0011912264879553856,0.03451414909794801,0.10348927501302922,
4156,200,4,119.4,94.1,145.0,3.93,1e-07,120,center,center,False,900.0,2,1.0097419586828951e-28,1.0048591735576161e-14,0.5247028937455575,vittima non trovata entro 15 minuti
4199,200,4,135.4,45.4,136.5,2.15,1e-05,120,0.60,0.45,True,196.8,3,0.0013418033198983582,0.036630633626765975,2.256083350069981,
4155,200,4,151.9,75.6,163.0,2.83,1e-07,80,0.60,0.58,False,900.0,2,4.0389678347315804e-28,2.0097183471152322e-14,1.3013358629928058,vittima non trovata entro 15 minuti
4157,200,4,152.4,114.1,183.4,1.22,1e-07,120,0.35,0.40,False,900.0,2,5.048709793414476e-28,2.2469334198890888e-14,9.667094142558833,vittima non trovata entro 15 minuti
4203,200,4,115.4,140.3,174.6,2.3,1e-07,25,0.45,0.55,True,164.3,3,0.003966226326688181,0.06297798287249426,7.346303983782895,
4162,200,4,166.2,78.8,177.3,3.29,1e-06,25,0.35,0.40,False,900.0,1,nan,nan,5.677413460145966,vittima non trovata entro 15 minuti
4161,200,4,37.2,123.9,123.2,2.0,1e-06,25,center,center,False,900.0,2,1.0097419586828951e-28,1.0048591735576161e-14,3.5557263075956964,vittima non trovata entro 15 minuti
4206,200,4,74.2,138.8,150.6,2.22,1e-07,50,center,center,False,143.4,3,0.01821300124389299,0.13495555284571653,28.35934561099007,vittima non trovata entro 15 minuti
4217,200,4,34.9,68.6,70.3,4.22,1e-07,120,0.35,0.40,True,100.60000000000001,3,0.003689480702324437,0.06074109566285776,0.08481821025521177,
4216,200,4,107.9,160.2,186.2,2.09,1e-07,120,center,center,False,133.6,3,0.02706075899165877,0.16450154707983378,30.450725660693195,vittima non trovata entro 15 minuti
4164,200,4,148.4,21.1,144.3,4.79,1e-06,25,0.60,0.45,False,900.0,1,nan,nan,12.321559531355526,vittima non trovata entro 15 minuti
4166,200,4,119.2,34.4,117.9,2.98,1e-06,50,center,center,False,900.0,2,2.0194839173657902e-28,1.4210854715202004e-14,1.475273809049135,vittima non trovata entro 15 minuti
4220,200,4,54.9,78.3,88.6,2.16,1e-07,120,0.60,0.58,True,107.10000000000001,3,0.0015302471801278649,0.03911837394534524,0.39115680105792344,
4219,200,4,87.3,139.1,157.4,2.89,1e-07,120,0.60,0.45,False,142.20000000000002,3,0.014808533179271496,0.12169031670297968,30.620718239287243,vittima non trovata entro 15 minuti
4218,200,4,131.6,153.8,195.4,2.12,1e-07,120,0.45,0.55,False,160.4,3,0.025460740238227964,0.15956421979324803,19.748800241899005,vittima non trovata entro 15 minuti
4168,200,4,67.4,47.2,75.4,1.55,1e-06,50,0.45,0.55,False,900.0,2,5.048709793414476e-29,7.105427357601002e-15,0.06223063187675678,vittima non trovata entro 15 minuti
4227,200,4,22.7,56.2,54.1,1.17,1e-06,50,0.35,0.40,True,75.0,3,0.007116473588470851,0.08435919385858812,0.05470737803441508,
4225,200,4,62.9,83.5,97.6,1.22,1e-06,25,0.60,0.58,True,103.9,3,0.0027108112607046636,0.05206545169980439,0.5127841094244913,
4224,200,4,55.7,162.4,165.4,4.4,1e-06,25,0.60,0.45,True,125.30000000000001,3,0.002127523095144329,0.04612508097710322,0.2036746187967697,
4170,200,4,110.3,102.5,143.5,4.91,1e-06,50,0.60,0.58,False,900.0,2,0.0,0.0,0.08580395667752863,vittima non trovata entro 15 minuti
4171,200,4,160.8,62.9,166.2,1.79,1e-06,80,center,center,False,900.0,1,nan,nan,10.166586618830015,vittima non trovata entro 15 minuti
4226,200,4,41.0,40.9,50.8,1.79,1e-06,50,center,center,True,121.30000000000001,3,0.0030080805267793374,0.05484597092566908,2.135488875520609,
4172,200,4,149.3,22.1,145.3,2.25,1e-06,80,0.35,0.40,False,900.0,1,nan,nan,1.0983228936978768,vittima non trovata entro 15 minuti
4230,200,4,50.8,91.3,97.8,2.25,1e-06,50,0.60,0.58,True,109.9,3,0.004757679472207354,0.0689759340075026,0.7426652983276469,
4232,200,4,40.2,91.3,93.1,1.64,1e-06,80,0.35,0.40,True,110.60000000000001,3,0.003529115532104044,0.05940635935742944,0.23895781291152735,
4233,200,4,79.9,138.5,153.1,4.15,1e-06,80,0.45,0.55,True,118.80000000000001,3,0.003245435450979459,0.05696872344523317,1.21089519271695,
4229,200,4,156.6,146.6,207.4,1.23,1e-06,50,0.60,0.45,True,151.9,3,0.005962938517351371,0.07722006550988784,0.11941040993361039,
4231,200,4,74.3,59.5,88.2,4.7,1e-06,80,center,center,True,157.5,3,0.0035878940919138076,0.05989903247894583,0.21540720045113332,
4236,200,4,134.8,166.7,207.3,2.13,1e-06,120,center,center,True,147.8,3,0.001979197600374872,0.04448817371363846,0.2830383556238782,
4238,200,4,56.6,44.4,64.9,3.37,1e-06,120,0.45,0.55,True,94.10000000000001,3,0.008700163561621706,0.09327466730909152,1.1439985287575158,
4240,200,4,68.3,83.2,100.6,1.09,1e-06,120,0.60,0.58,True,101.80000000000001,3,0.002190795958468593,0.04680593935034947,0.9431915894545846,
4181,200,4,23.7,88.8,85.9,1.61,1e-05,25,center,center,False,900.0,1,nan,nan,14.805777240751343,vittima non trovata entro 15 minuti
4239,200,4,19.6,158.3,154.0,4.42,1e-06,120,0.60,0.45,True,116.80000000000001,3,0.0037481337282651737,0.06122200362831303,0.0441617859428827,
4241,200,4,116.0,93.2,141.8,2.63,1e-05,25,center,center,True,130.6,3,0.004024319422028136,0.06343752376967543,0.0641639814672945,
4208,200,4,42.9,128.3,129.0,1.99,1e-07,50,0.45,0.55,True,565.0,3,209.79548720942597,14.484318665695877,9.200913760813142,
4184,200,4,34.4,111.8,110.7,3.36,1e-05,25,0.60,0.45,False,900.0,1,nan,nan,27.127718287441276,vittima non trovata entro 15 minuti
4183,200,4,154.7,91.1,172.7,4.71,1e-05,25,0.45,0.55,False,900.0,2,4.0389678347315804e-28,2.0097183471152322e-14,18.618255985916154,vittima non trovata entro 15 minuti
4186,200,4,79.5,145.3,158.9,1.13,1e-05,50,center,center,False,900.0,1,4.712129140520177e-28,2.1707439140811097e-14,22.145843244836104,vittima non trovata entro 15 minuti
4243,200,4,58.1,163.3,166.9,1.31,1e-05,25,0.45,0.55,True,107.10000000000001,3,0.002475181730673622,0.049751198283796365,0.3617522315636959,
4188,200,4,137.8,138.2,188.1,1.89,1e-05,50,0.45,0.55,False,900.0,2,1.0097419586828951e-28,1.0048591735576161e-14,27.398731022927823,vittima non trovata entro 15 minuti
4187,200,4,164.5,111.2,191.6,1.86,1e-05,50,0.35,0.40,False,900.0,0,nan,nan,nan,vittima non trovata entro 15 minuti
4210,200,4,111.2,113.7,151.9,4.83,1e-07,50,0.60,0.58,True,594.2,3,0.0010985884969545521,0.03314496186382709,0.27319134822052243,
4245,200,4,102.9,122.8,153.2,4.76,1e-05,25,0.60,0.58,True,125.2,3,0.0027025920328980204,0.05198646009200877,0.06385328998750175,
4249,200,4,22.1,134.2,130.3,1.49,1e-05,50,0.60,0.45,True,106.30000000000001,3,0.0056903317832996516,0.07543428784909188,0.1628374959262657,
4242,200,4,126.9,21.8,123.1,2.17,1e-05,25,0.35,0.40,True,203.5,3,0.0029784877329059553,0.05457552320322688,1.0206874440972773,
4193,200,4,164.0,47.8,164.7,3.3,1e-05,80,0.45,0.55,False,900.0,2,4.165185579566942e-28,2.040878629308206e-14,38.12437790359545,vittima non trovata entro 15 minuti
4254,200,4,54.9,127.8,132.6,1.53,1e-05,80,0.60,0.45,True,100.4,3,0.006538892287120767,0.08086341748356154,0.14432874455893316,
4247,200,4,81.2,113.6,132.7,4.08,1e-05,50,0.35,0.40,True,177.20000000000002,3,0.004823719484951381,0.06945300198660516,0.09045604134907594,
4248,200,4,93.4,91.1,123.4,2.88,1e-05,50,0.45,0.55,True,178.70000000000002,3,0.0013451190652229244,0.036675864887183295,0.20795767522046876,
4251,200,4,79.9,129.5,145.3,3.18,1e-05,80,center,center,True,165.9,3,0.0057133769227819976,0.0755868832720466,3.185390029650676,
4252,200,4,40.2,78.7,81.7,2.66,1e-05,80,0.35,0.40,True,176.8,3,0.004386801813654346,0.0662329360186784,0.22310989172041637,
4253,200,4,25.7,38.9,39.7,1.43,1e-05,80,0.45,0.55,True,176.10000000000002,3,0.0037651764508252156,0.06136103365186424,0.9651486497434617,
4258,200,4,156.9,154.0,212.7,1.66,1e-05,120,0.45,0.55,True,123.4,3,0.004013320435819797,0.06335077296939476,0.11387488032453745,
4200,200,4,148.2,54.6,151.6,1.42,1e-05,120,0.60,0.58,False,900.0,2,8.24622599591031e-28,2.871624278332789e-14,28.12784706970572,vittima non trovata entro 15 minuti
4256,200,4,86.3,55.8,95.8,4.23,1e-05,120,center,center,True,188.10000000000002,3,0.0017755417782749023,0.04213717810051953,0.1527950046376029,
4257,200,4,91.3,38.8,92.7,2.0,1e-05,120,0.35,0.40,True,166.4,3,0.011272557282506451,0.10617229997747271,1.1600096592375533,
4259,200,4,35.1,32.8,41.0,2.69,1e-05,120,0.60,0.45,True,165.70000000000002,3,0.004501281273298477,0.06709158869261092,2.8573517811218387,
4202,200,4,82.0,77.8,106.0,2.99,1e-07,25,0.35,0.40,False,900.0,2,0.0,0.0,0.29045920579581197,vittima non trovata entro 15 minuti
4205,200,4,170.0,105.9,193.4,4.97,1e-07,25,0.60,0.58,False,900.0,2,0.0,0.0,0.11104484351388212,vittima non trovata entro 15 minuti
4204,200,4,107.7,103.3,142.1,3.64,1e-07,25,0.60,0.45,False,900.0,2,0.0,0.0,0.03936113973701712,vittima non trovata entro 15 minuti
4268,200,4,37.9,23.2,37.6,4.33,1e-07,50,0.45,0.55,True,57.5,3,0.0028441317672838603,0.053330401904390895,0.6934906090831795,
4207,200,4,122.3,63.1,130.9,1.8,1e-07,50,0.35,0.40,False,900.0,2,1.5146129380243427e-28,1.2306961192854808e-14,2.529016727607866,vittima non trovata entro 15 minuti
4209,200,4,98.6,112.6,142.6,2.07,1e-07,50,0.60,0.45,False,900.0,2,0.0,0.0,2.3764498550224427,vittima non trovata entro 15 minuti
4211,200,4,131.9,83.8,149.4,4.14,1e-07,80,center,center,False,900.0,2,4.0389678347315804e-28,2.0097183471152322e-14,1.6809961416803563,vittima non trovata entro 15 minuti
4212,200,4,114.0,99.6,144.3,2.21,1e-07,80,0.35,0.40,False,900.0,2,0.0,0.0,0.9216766725034526,vittima non trovata entro 15 minuti
4213,200,4,19.1,143.2,138.9,4.06,1e-07,80,0.45,0.55,False,900.0,2,2.8638028989858568e-05,0.005351451110666953,0.5515881996281062,vittima non trovata entro 15 minuti
4214,200,4,129.3,71.2,140.9,4.97,1e-07,80,0.60,0.45,False,900.0,2,0.0,0.0,2.8701306217208953,vittima non trovata entro 15 minuti
4215,200,4,49.2,59.0,69.8,3.46,1e-07,80,0.60,0.58,False,900.0,2,2.524354896707238e-29,5.0242958677880805e-15,0.49995402245425175,vittima non trovata entro 15 minuti
4275,200,4,92.5,31.1,91.3,3.16,1e-07,80,0.60,0.58,False,88.9,3,0.004659289455344015,0.0682589880920016,14.016315481863762,vittima non trovata entro 15 minuti
4276,200,4,114.3,82.8,134.1,2.38,1e-07,120,center,center,True,109.80000000000001,3,0.0016832192102707014,0.04102705461364124,0.530203065973341,
4223,200,4,77.4,102.2,121.2,2.09,1e-06,25,0.45,0.55,False,900.0,1,2.0194839173657902e-28,1.4210854715202004e-14,0.33403771478177746,vittima non trovata entro 15 minuti
4221,200,4,135.5,74.9,148.0,3.03,1e-06,25,center,center,False,900.0,2,0.0,0.0,1.9110871556286388,vittima non trovata entro 15 minuti
4222,200,4,70.6,54.9,82.4,4.29,1e-06,25,0.35,0.40,False,900.0,2,2.524354896707238e-29,5.0242958677880805e-15,0.4619892014455508,vittima non trovata entro 15 minuti
4279,200,4,145.2,165.6,213.2,3.66,1e-07,120,0.60,0.45,True,180.9,3,0.031442656543778265,0.17732077301821766,7.062444918703324,
4280,200,4,110.9,164.2,191.2,2.76,1e-07,120,0.60,0.58,True,169.3,3,0.02335836501505777,0.1528344366138004,4.664608256539459,
4228,200,4,144.0,50.4,146.2,1.02,1e-06,50,0.45,0.55,False,900.0,1,nan,nan,2.876936914772039,vittima non trovata entro 15 minuti
4286,200,4,57.2,85.4,95.9,3.26,1e-06,50,center,center,True,108.4,3,0.0015614850174777025,0.0395156300402474,2.0663395051239952,
4234,200,4,148.5,69.7,157.4,2.4,1e-06,80,0.60,0.45,False,900.0,1,nan,nan,2.9694533631469615,vittima non trovata entro 15 minuti
4288,200,4,115.4,152.9,184.6,3.53,1e-06,50,0.45,0.55,True,139.4,3,0.003175673318834953,0.0563531127697038,1.40515079288791,
4235,200,4,129.3,85.5,148.1,4.26,1e-06,80,0.60,0.58,False,900.0,2,0.0,0.0,0.9788332732061883,vittima non trovata entro 15 minuti
4289,200,4,78.8,118.1,135.1,4.52,1e-06,50,0.60,0.45,True,112.0,3,0.004309608583166393,0.06564760911995496,0.269702011559326,
4237,200,4,127.9,30.7,125.6,3.16,1e-06,120,0.35,0.40,False,900.0,2,1.262177448353619e-29,3.552713678800501e-15,1.4795280462846994,vittima non trovata entro 15 minuti
4294,200,4,55.4,140.7,144.7,2.31,1e-06,80,0.60,0.45,True,129.3,3,0.0030167551813492614,0.054924995961304006,0.4619878370243553,
4295,200,4,75.4,145.9,157.5,4.82,1e-06,80,0.60,0.58,True,125.9,3,0.003414167509610161,0.05843087804928282,8.926583154395667,
4244,200,4,49.6,82.1,89.1,4.79,1e-05,25,0.60,0.45,False,900.0,0,nan,nan,nan,vittima non trovata entro 15 minuti
4246,200,4,150.4,32.9,148.0,1.78,1e-05,50,center,center,False,900.0,1,8.077935669463161e-28,2.842170943040401e-14,26.636637011311244,vittima non trovata entro 15 minuti
4296,200,4,24.0,144.0,140.3,2.66,1e-06,120,center,center,True,109.10000000000001,3,0.026976908580986635,0.16424648727137708,2.740514520238287,
4250,200,4,152.7,121.6,188.1,3.44,1e-05,50,0.60,0.58,False,900.0,2,5.048709793414476e-28,2.2469334198890888e-14,30.745136722420906,vittima non trovata entro 15 minuti
4255,200,4,129.7,94.6,153.5,3.45,1e-05,80,0.60,0.58,False,900.0,2,1.0097419586828951e-28,1.0048591735576161e-14,25.796442132196717,vittima non trovata entro 15 minuti
4298,200,4,42.5,155.9,155.5,4.45,1e-06,120,0.45,0.55,True,109.7,3,0.005276486108773353,0.07263942530591326,0.8748546752908778,
4261,200,4,135.4,150.3,195.2,2.91,1e-07,25,center,center,False,900.0,1,7.726949364624987e-23,8.790306800462078e-12,1.0560598904242036,vittima non trovata entro 15 minuti
4272,200,4,48.1,142.1,143.7,3.83,1e-07,80,0.35,0.40,False,732.8000000000001,3,884.1044080990333,29.73389325498821,13.869839366817665,vittima non trovata entro 15 minuti
4299,200,4,159.6,166.8,223.8,3.84,1e-06,120,0.60,0.45,True,159.60000000000002,3,0.01106603405739933,0.10519521879533941,3.8982614091583048,
4260,200,4,78.1,137.0,150.9,1.95,1e-05,120,0.60,0.58,False,900.0,0,nan,nan,nan,vittima non trovata entro 15 minuti
4262,200,4,153.3,70.1,161.9,3.76,1e-07,25,0.35,0.40,False,900.0,2,0.0,0.0,2.4538908472430507,vittima non trovata entro 15 minuti
4264,200,4,167.6,37.5,165.8,2.41,1e-07,25,0.60,0.45,False,900.0,1,nan,nan,16.286915796921637,vittima non trovata entro 15 minuti
4263,200,4,49.1,52.7,64.9,2.59,1e-07,25,0.45,0.55,False,900.0,2,2.524354896707238e-29,5.0242958677880805e-15,0.40025664505448016,vittima non trovata entro 15 minuti
4265,200,4,168.5,57.2,171.6,3.04,1e-07,25,0.60,0.58,False,900.0,2,58.188562963429774,7.628142825316643,1.4336132876927852,vittima non trovata entro 15 minuti
4304,200,4,103.1,76.7,121.5,1.76,1e-05,25,0.60,0.45,True,131.5,3,0.002051306516002885,0.04529135144818363,0.8059936371701143,
4267,200,4,21.1,126.5,122.6,4.84,1e-07,50,0.35,0.40,False,900.0,1,nan,nan,3.427339960960255,vittima non trovata entro 15 minuti
4269,200,4,64.9,122.3,131.7,2.37,1e-07,50,0.60,0.45,False,900.0,2,0.0,0.0,0.06871735592099575,vittima non trovata entro 15 minuti
4266,200,4,90.3,122.6,145.2,1.08,1e-07,50,center,center,False,900.0,2,0.0,0.0,0.2946263069259823,vittima non trovata entro 15 minuti
4270,200,4,163.4,57.4,166.8,3.5,1e-07,50,0.60,0.58,False,900.0,2,0.00031471411831894515,0.017740183717170045,0.07302363613845682,vittima non trovata entro 15 minuti
4271,200,4,162.3,131.6,201.9,3.02,1e-07,80,center,center,False,900.0,2,8.077935669463161e-28,2.842170943040401e-14,1.8711496571248922,vittima non trovata entro 15 minuti
4311,200,4,108.8,138.1,168.8,4.94,1e-05,80,center,center,True,113.5,3,0.002017712288694644,0.04491895244431513,4.770762369762599,
4309,200,4,30.2,159.8,156.8,1.39,1e-05,50,0.60,0.45,True,122.4,3,0.0025692641674669656,0.05068790948014098,0.43600794686303684,
4273,200,4,106.7,78.6,125.5,4.03,1e-07,80,0.45,0.55,False,900.0,2,1.0097419586828951e-28,1.0048591735576161e-14,0.11922013141636705,vittima non trovata entro 15 minuti
4312,200,4,58.7,95.5,105.2,1.52,1e-05,80,0.35,0.40,True,101.60000000000001,3,0.0005700479403007267,0.0238756767506332,0.30384719350471545,
4274,200,4,149.2,167.3,217.1,3.42,1e-07,80,0.60,0.45,False,900.0,2,8.077935669463161e-28,2.842170943040401e-14,0.14351302194060972,vittima non trovata entro 15 minuti
4308,200,4,120.4,47.6,123.0,4.13,1e-05,50,0.45,0.55,True,176.0,3,0.003302449260857162,0.057466940590718434,0.03731553688962374,
4313,200,4,91.4,146.8,166.0,3.02,1e-05,80,0.45,0.55,True,168.0,3,0.0017711209733709803,0.0420846881106535,1.194330142691044,
4319,200,4,57.9,61.0,77.0,2.92,1e-05,120,0.60,0.45,True,89.5,3,0.0014605102037832634,0.03821662208755849,1.3618790749794423,
4277,200,4,157.0,32.5,154.5,1.34,1e-07,120,0.35,0.40,False,900.0,2,2.524354896707238e-29,5.0242958677880805e-15,1.2381725400843027,vittima non trovata entro 15 minuti
4315,200,4,106.2,23.5,102.9,3.31,1e-05,80,0.60,0.58,True,144.1,3,0.0009020774514864525,0.030034604233890823,3.1770106558864146,
4317,200,4,67.9,116.3,127.8,3.4,1e-05,120,0.35,0.40,True,103.0,3,0.006040638769442068,0.07772154636548392,0.13436400359158568,
4278,200,4,119.6,33.6,118.1,3.04,1e-07,120,0.45,0.55,False,900.0,2,0.0,0.0,0.19583366595887836,vittima non trovata entro 15 minuti
4320,200,4,101.2,143.9,169.0,2.45,1e-05,120,0.60,0.58,True,124.4,3,0.006313696934479562,0.07945877506279317,0.11365387822628883,
4281,200,4,156.9,25.8,153.3,4.55,1e-06,25,center,center,False,900.0,1,nan,nan,4.021607313866212,vittima non trovata entro 15 minuti
4282,200,4,144.3,125.5,184.2,3.75,1e-06,25,0.35,0.40,False,900.0,2,0.0,0.0,17.105543589250374,vittima non trovata entro 15 minuti
4283,200,4,152.4,25.2,148.8,3.78,1e-06,25,0.45,0.55,False,900.0,1,5.621743907228472,2.3710217011298047,2.2704290033847765,vittima non trovata entro 15 minuti
4318,200,4,139.9,81.0,154.9,3.9,1e-05,120,0.45,0.55,True,213.20000000000002,3,0.0033801029482733256,0.0581386527903195,0.10769452594093352,
4284,200,4,84.3,113.0,134.1,1.74,1e-06,25,0.60,0.45,False,900.0,1,nan,nan,18.110171739602087,vittima non trovata entro 15 minuti
4285,200,4,96.2,48.9,101.2,2.69,1e-06,25,0.60,0.58,False,900.0,2,0.38636921620795756,0.621586048916767,4.281816273752809,vittima non trovata entro 15 minuti
4287,200,4,138.2,58.6,143.6,2.92,1e-06,50,0.35,0.40,False,900.0,1,nan,nan,15.772672115010293,vittima non trovata entro 15 minuti
4316,200,4,155.3,42.8,154.9,4.96,1e-05,120,center,center,True,327.6,3,0.0019861107019386983,0.04456580193308203,0.10203859026680365,
4336,200,4,91.0,146.7,165.7,3.82,1e-07,120,center,center,False,139.4,3,0.011492074922474586,0.10720109571489736,19.787083838313013,vittima non trovata entro 15 minuti
4290,200,4,119.7,151.2,185.8,3.63,1e-06,50,0.60,0.58,False,900.0,2,1.0097419586828951e-28,1.0048591735576161e-14,1.7762915575709082,vittima non trovata entro 15 minuti
4337,200,4,62.7,141.7,148.4,4.39,1e-07,120,0.35,0.40,True,131.9,3,0.0018918095331062691,0.04349493686748228,0.39507026057575323,
4338,200,4,108.5,31.6,106.8,1.86,1e-07,120,0.45,0.55,True,107.0,3,0.00864291947997416,0.09296730328440295,0.4586722559877463,
4292,200,4,110.5,98.1,140.7,2.27,1e-06,80,0.35,0.40,False,900.0,2,1.0097419586828951e-28,1.0048591735576161e-14,0.6544938107932428,vittima non trovata entro 15 minuti
4291,200,4,113.5,54.6,119.3,1.02,1e-06,80,center,center,False,900.0,2,2.271919407036514e-28,1.507288760336424e-14,0.47765410742026587,vittima non trovata entro 15 minuti
4293,200,4,102.8,95.3,133.1,1.21,1e-06,80,0.45,0.55,False,900.0,2,0.0,0.0,1.05038408421241,vittima non trovata entro 15 minuti
4340,200,4,80.3,159.6,172.0,3.03,1e-07,120,0.60,0.58,True,142.9,3,0.02247031928540276,0.149901031635552,0.612454642892535,
4343,200,4,56.8,115.5,122.0,1.95,1e-06,25,0.45,0.55,True,120.0,3,0.0017470623688056026,0.04179787517094143,0.6442434865202326,
4297,200,4,166.0,45.5,166.1,4.52,1e-06,120,0.35,0.40,False,900.0,1,nan,nan,10.484304197220316,vittima non trovata entro 15 minuti
4347,200,4,77.4,147.4,159.7,3.87,1e-06,50,0.35,0.40,True,124.4,3,0.004292490086700142,0.06551709766694601,0.12936845768520838,
4303,200,4,77.2,95.8,116.0,1.89,1e-05,25,0.45,0.55,False,900.0,0,nan,nan,nan,vittima non trovata entro 15 minuti
4300,200,4,109.5,29.3,107.3,4.41,1e-06,120,0.60,0.58,False,900.0,2,6.310887241768095e-30,2.5121479338940403e-15,0.40542323884776243,vittima non trovata entro 15 minuti
4301,200,4,156.1,20.6,151.9,5.0,1e-05,25,center,center,False,900.0,2,0.0,0.0,25.65874399653883,vittima non trovata entro 15 minuti
4348,200,4,69.2,153.6,161.9,2.09,1e-06,50,0.45,0.55,True,124.7,3,0.004155740951158409,0.06446503665676774,0.6360246245740683,
4302,200,4,66.6,93.1,107.5,4.49,1e-05,25,0.35,0.40,False,900.0,2,0.004678419800557922,0.06839897514259934,12.95461176360538,vittima non trovata entro 15 minuti
4305,200,4,168.9,156.9,223.5,1.63,1e-05,25,0.60,0.58,False,900.0,0,nan,nan,nan,vittima non trovata entro 15 minuti
4306,200,4,117.9,46.8,120.4,4.52,1e-05,50,center,center,False,900.0,2,4.0389678347315804e-28,2.0097183471152322e-14,38.160654604054116,vittima non trovata entro 15 minuti
4307,200,4,169.3,151.8,220.3,3.86,1e-05,50,0.35,0.40,False,900.0,0,nan,nan,nan,vittima non trovata entro 15 minuti
4354,200,4,70.8,34.5,72.1,4.16,1e-06,80,0.60,0.45,True,84.2,3,0.0025491816724401914,0.05048942139141814,1.853802055194222,
4355,200,4,21.1,92.9,89.4,4.6,1e-06,80,0.60,0.58,True,88.7,3,0.023685104703977073,0.1538996579072776,1.799531844061454,
4353,200,4,22.2,148.4,144.4,1.56,1e-06,80,0.45,0.55,True,109.10000000000001,3,0.02107241908493376,0.14516342199374385,2.914569845464117,
4352,200,4,118.9,155.4,188.7,4.42,1e-06,80,0.35,0.40,True,143.4,3,0.004076798223094523,0.06384980989082523,0.5410706525011648,
4310,200,4,165.7,34.3,163.4,1.85,1e-05,50,0.60,0.58,False,900.0,1,0.0,0.0,28.812654993945095,vittima non trovata entro 15 minuti
4357,200,4,21.6,29.5,29.6,2.85,1e-06,120,0.35,0.40,True,67.60000000000001,3,0.0024898056781434406,0.04989795264480739,0.08551642800782505,
4314,200,4,155.7,41.4,155.0,2.95,1e-05,80,0.60,0.45,False,900.0,2,8.077935669463161e-28,2.842170943040401e-14,22.84031065601377,vittima non trovata entro 15 minuti
4356,200,4,85.4,125.1,144.5,1.77,1e-06,120,center,center,True,111.9,3,0.0031266856872664978,0.05591677465006809,2.3274911889793826,
4358,200,4,31.1,145.2,142.6,1.2,1e-06,120,0.45,0.55,True,108.5,3,0.0020272628476615514,0.04502513573173935,3.7974617632507073,
4359,200,4,51.8,153.3,155.6,4.53,1e-06,120,0.60,0.45,True,124.60000000000001,3,0.0007183752896701348,0.026802523942161396,0.6696847193305417,
4363,200,4,56.7,133.5,138.5,2.63,1e-05,25,0.45,0.55,True,97.9,3,0.02037480316414859,0.14274033474862174,0.798654923343735,
4321,200,4,162.7,128.2,200.2,3.88,1e-07,25,center,center,False,900.0,2,1.0097419586828951e-28,1.0048591735576161e-14,1.482393216635546,vittima non trovata entro 15 minuti
4360,200,4,158.7,163.7,220.9,2.85,1e-06,120,0.60,0.58,True,156.0,3,0.020775897219010814,0.14413846543865663,0.5851227086705888,
4322,200,4,96.1,135.8,159.4,3.12,1e-07,25,0.35,0.40,False,900.0,2,6.058451752097371e-28,2.4613922385709617e-14,0.7411047044196916,vittima non trovata entro 15 minuti
4323,200,4,170.6,52.6,172.3,1.1,1e-07,25,0.45,0.55,False,900.0,2,80.44339155208297,8.969024002202412,9.875689904399971,vittima non trovata entro 15 minuti
4362,200,4,37.7,97.6,98.2,2.46,1e-05,25,0.35,0.40,True,153.3,3,0.004487740726181421,0.06699060177503574,0.055926417512487586,
4324,200,4,120.5,110.1,156.1,1.81,1e-07,25,0.60,0.45,False,900.0,2,92.74624673287622,9.630485280237762,26.614508947132915,vittima non trovata entro 15 minuti
4325,200,4,118.0,129.9,168.5,2.07,1e-07,25,0.60,0.58,False,900.0,2,0.20417287361897146,0.4518549254118754,0.7605406352861249,vittima non trovata entro 15 minuti
4326,200,4,98.3,137.9,162.4,3.68,1e-07,50,center,center,False,900.0,2,1.0097419586828951e-28,1.0048591735576161e-14,13.148680263710895,vittima non trovata entro 15 minuti
4328,200,4,93.7,60.7,104.8,1.45,1e-07,50,0.45,0.55,False,900.0,2,0.0,0.0,0.08250197148430176,vittima non trovata entro 15 minuti
4369,200,4,69.2,121.3,132.8,4.66,1e-05,50,0.60,0.45,True,103.60000000000001,3,0.005599253414451381,0.07482815923468505,0.021506671220032823,
4373,200,4,56.6,24.9,55.4,1.2,1e-05,80,0.45,0.55,True,65.60000000000001,3,0.004209305937500135,0.06487916412454876,0.11536072962793215,
4330,200,4,22.6,145.8,141.9,1.55,1e-07,50,0.60,0.58,False,900.0,2,4928.576852454409,70.20382363129809,69.99063269383151,vittima non trovata entro 15 minuti
4327,200,4,96.8,78.5,117.6,4.81,1e-07,50,0.35,0.40,False,900.0,2,0.0,0.0,1.381805373734006,vittima non trovata entro 15 minuti
4329,200,4,108.0,102.0,141.4,3.11,1e-07,50,0.60,0.45,False,900.0,2,3.0292258760486853e-28,1.7404671430534633e-14,0.05759518891544555,vittima non trovata entro 15 minuti
4368,200,4,33.2,111.5,110.1,3.58,1e-05,50,0.45,0.55,True,139.5,3,0.000702056375695373,0.02649634645937762,1.1026868845187445,
4365,200,4,142.7,26.8,139.4,4.61,1e-05,25,0.60,0.58,True,201.3,3,0.005807873039046936,0.07620940256324632,0.4829189683205363,
4371,200,4,21.3,149.1,145.0,2.55,1e-05,80,center,center,True,110.9,3,0.00495429646641482,0.0703867634318756,2.4216513042240915,
4331,200,4,129.2,167.0,204.1,3.03,1e-07,80,center,center,False,900.0,2,1.2116903504194741e-27,3.4809342861069267e-14,0.6359101492218754,vittima non trovata entro 15 minuti
4374,200,4,61.1,139.9,146.1,2.39,1e-05,80,0.60,0.45,True,101.60000000000001,3,0.003664310672631485,0.06053354997545977,0.096100814848118,
4332,200,4,129.4,141.9,185.0,4.46,1e-07,80,0.35,0.40,False,900.0,2,0.0,0.0,129.26698309796984,vittima non trovata entro 15 minuti
4370,200,4,80.3,138.4,153.2,2.5,1e-05,50,0.60,0.58,True,156.70000000000002,3,0.0038747862696832617,0.06224778124305526,0.08938662734455911,
4372,200,4,91.3,142.4,162.2,3.87,1e-05,80,0.35,0.40,True,158.5,3,0.004489187176713965,0.06700139682658836,0.16471836400395587,
4379,200,4,66.1,76.8,94.3,4.36,1e-05,120,0.60,0.45,True,90.4,3,0.0013450812862830209,0.03667534984540735,1.6323342939127858,
4378,200,4,109.7,99.0,140.7,4.33,1e-05,120,0.45,0.55,True,106.0,3,0.0026556567539706257,0.051533064666974986,0.5340044344902598,
4333,200,4,29.7,150.0,147.0,4.62,1e-07,80,0.45,0.55,False,900.0,2,1.262177448353619e-29,3.552713678800501e-15,3.7632665665977294,vittima non trovata entro 15 minuti
4335,200,4,156.3,156.5,214.2,4.19,1e-07,80,0.60,0.58,False,900.0,2,8.077935669463161e-28,2.842170943040401e-14,32.52642045798263,vittima non trovata entro 15 minuti
4380,200,4,58.5,170.9,174.3,4.61,1e-05,120,0.60,0.58,True,114.60000000000001,3,0.029032601224884283,0.17038955726476984,7.422127859805192,
4334,200,4,47.6,110.4,113.6,4.04,1e-07,80,0.60,0.45,False,900.0,2,1.0097419586828951e-28,1.0048591735576161e-14,1.3764581936094975,vittima non trovata entro 15 minuti
4377,200,4,132.2,142.1,187.0,1.55,1e-05,120,0.35,0.40,True,156.10000000000002,3,0.00378999476484459,0.06156293336777082,0.07418768429080463,
4375,200,4,29.5,27.3,33.1,1.27,1e-05,80,0.60,0.58,True,175.8,3,0.0014293664964376736,0.03780696359716915,2.3540011475525024,
4376,200,4,79.9,148.7,162.0,2.14,1e-05,120,center,center,True,170.8,3,0.0006763694709316804,0.02600710423964345,1.3433090272117214,
4385,200,4,114.0,44.4,115.9,2.86,1e-07,25,0.60,0.58,True,113.2,3,0.008201088778816626,0.09055986295714358,1.7075558053248623,
4383,200,4,46.9,123.5,125.7,3.65,1e-07,25,0.45,0.55,True,124.30000000000001,3,0.004376364489788488,0.0661540965457808,1.024408505505705,
4339,200,4,143.7,37.0,142.3,2.03,1e-07,120,0.60,0.45,False,900.0,2,0.0,0.0,37.66250019196402,vittima non trovata entro 15 minuti
4397,200,4,78.8,141.2,155.0,2.63,1e-07,120,0.35,0.40,False,137.70000000000002,3,0.02077045012525936,0.14411956884913082,28.48805835590181,vittima non trovata entro 15 minuti
4396,200,4,122.4,164.3,197.9,3.08,1e-07,120,center,center,True,165.3,3,0.02486768532462462,0.15769491217101653,8.410022488042467,
4400,200,4,97.7,150.3,172.3,3.61,1e-07,120,0.60,0.58,True,138.1,3,0.02536691430960165,0.15926994163872119,1.4203910976784873,
4398,200,4,134.0,143.0,188.9,2.35,1e-07,120,0.45,0.55,True,153.60000000000002,3,0.002496545978612053,0.04996544784760818,0.16701229607241164,
4342,200,4,137.2,122.8,177.1,4.95,1e-06,25,0.35,0.40,False,900.0,1,nan,nan,28.003354937748117,vittima non trovata entro 15 minuti
4341,200,4,102.3,102.2,137.5,3.25,1e-06,25,center,center,False,900.0,2,3.6842271800853475e-05,0.00606978350527047,0.07151027421966233,vittima non trovata entro 15 minuti
4344,200,4,147.0,68.9,155.7,4.84,1e-06,25,0.60,0.45,False,900.0,1,nan,nan,1.6100854665106568,vittima non trovata entro 15 minuti
4345,200,4,128.4,49.0,131.0,3.75,1e-06,25,0.60,0.58,False,900.0,1,nan,nan,11.717599106654465,vittima non trovata entro 15 minuti
4404,200,4,66.6,55.2,79.4,1.12,1e-06,25,0.60,0.45,True,89.0,3,0.0032597940557292713,0.05709460618770631,1.0014624450627927,
4346,200,4,147.6,108.0,175.9,3.04,1e-06,50,center,center,False,900.0,1,nan,nan,8.48180655571258,vittima non trovata entro 15 minuti
4407,200,4,39.8,110.0,110.6,4.93,1e-06,50,0.35,0.40,True,93.4,3,0.006009247176695256,0.0775193342121516,0.041070602561374625,
4402,200,4,157.3,151.8,211.5,4.76,1e-06,25,0.35,0.40,False,151.4,3,0.012249287368388076,0.11067649871760525,16.284204555316148,vittima non trovata entro 15 minuti
4408,200,4,83.9,32.4,83.6,2.29,1e-06,50,0.45,0.55,True,171.5,3,0.0033382555329964083,0.0577776386934981,0.1539078590520673,
4411,200,4,60.5,51.1,72.2,3.94,1e-06,80,center,center,True,120.0,3,0.006322223730648912,0.07951241243132365,3.300337983676241,
4412,200,4,93.7,106.7,135.0,2.73,1e-06,80,0.35,0.40,True,119.30000000000001,3,0.00644460719880459,0.0802783108865937,0.7134741904704295,
4413,200,4,68.8,150.6,159.0,4.75,1e-06,80,0.45,0.55,True,123.80000000000001,3,0.009291564761135247,0.09639276301224718,1.5713193336225861,
4414,200,4,67.0,154.4,161.7,4.42,1e-06,80,0.60,0.45,True,125.2,3,0.0016425710983776231,0.04052864540516526,0.25160564263176965,
4349,200,4,125.0,75.2,139.0,2.23,1e-06,50,0.60,0.45,False,900.0,2,0.0,0.0,20.239326659181316,vittima non trovata entro 15 minuti
4419,200,4,25.1,44.1,43.9,1.89,1e-06,120,0.60,0.45,True,70.60000000000001,3,0.0017545567297552452,0.0418874292569411,3.3254960491320995,
4418,200,4,31.6,162.9,160.1,3.47,1e-06,120,0.45,0.55,True,114.7,3,0.0018267257615683975,0.04274021246517613,4.02922246663389,
4351,200,4,37.6,147.0,145.7,2.87,1e-06,80,center,center,False,900.0,2,2.524354896707238e-29,5.0242958677880805e-15,0.8114167875437346,vittima non trovata entro 15 minuti
4350,200,4,112.8,66.4,124.1,2.94,1e-06,50,0.60,0.58,False,900.0,2,0.0,0.0,45.79192130873422,vittima non trovata entro 15 minuti
4387,200,4,83.5,128.1,146.0,4.61,1e-07,50,0.35,0.40,True,529.9,3,92.17075327383934,9.600560050009548,6.4459809959882675,
4417,200,4,87.7,111.3,134.7,4.84,1e-06,120,0.35,0.40,True,123.0,3,0.004586655832779591,0.06772485387787552,0.13279708456070893,
4420,200,4,114.7,105.5,148.8,1.75,1e-06,120,0.60,0.58,True,125.30000000000001,3,0.0047680137148516525,0.06905080531645993,0.5251311056482758,
4421,200,4,61.6,122.0,130.0,3.74,1e-05,25,center,center,True,110.0,3,0.01068692022843438,0.10337756153263812,3.6927193160784575,
4361,200,4,120.4,45.4,122.2,1.19,1e-05,25,center,center,False,900.0,0,nan,nan,nan,vittima non trovata entro 15 minuti
4426,200,4,110.2,53.7,115.9,2.96,1e-05,50,center,center,True,134.70000000000002,3,0.001824207568147913,0.04271074300627318,0.09448111820725184,
4364,200,4,124.2,145.3,184.1,4.96,1e-05,25,0.60,0.45,False,900.0,0,nan,nan,nan,vittima non trovata entro 15 minuti
4427,200,4,63.2,159.6,165.2,4.62,1e-05,50,0.35,0.40,True,104.0,3,0.002727784381576324,0.052228195273973654,0.026821718314712376,
4422,200,4,77.4,72.3,98.8,1.47,1e-05,25,0.35,0.40,True,189.4,3,0.0040784666918898815,0.06386287412800869,0.553233093374544,
4367,200,4,71.3,66.8,90.7,4.48,1e-05,50,0.35,0.40,False,900.0,0,nan,nan,nan,vittima non trovata entro 15 minuti
4429,200,4,53.5,67.7,79.2,3.25,1e-05,50,0.60,0.45,True,93.10000000000001,3,0.007484526915105211,0.08651316035786238,2.5999907620964144,
4366,200,4,165.6,115.4,194.9,1.5,1e-05,50,center,center,False,900.0,2,0.0,0.0,26.288766799838378,vittima non trovata entro 15 minuti
4428,200,4,34.4,114.1,113.0,2.9,1e-05,50,0.45,0.55,True,138.0,3,0.002935597333410401,0.05418115293541105,0.9515383895994161,
4430,200,4,26.1,108.8,106.0,2.87,1e-05,50,0.60,0.58,True,150.20000000000002,3,0.004818825890653876,0.06941776350944963,1.466703956299118,
4432,200,4,147.0,90.0,165.5,2.48,1e-05,80,0.35,0.40,True,139.9,3,0.003769278706972029,0.06139445176049729,1.3369751573000468,
4435,200,4,106.6,145.6,173.5,1.66,1e-05,80,0.60,0.58,True,117.2,3,0.005697483734548166,0.07548167813812942,0.05813542652446661,
4431,200,4,127.9,55.4,132.9,3.56,1e-05,80,center,center,True,195.8,3,0.004157871613215236,0.06448156025729554,0.24525047247952786,
4434,200,4,34.5,140.9,139.1,3.18,1e-05,80,0.60,0.45,True,133.8,3,0.0019338393107416172,0.043975439858421166,0.2821594494723724,
4382,200,4,104.3,137.1,165.3,1.76,1e-07,25,0.35,0.40,False,900.0,2,2.524354896707238e-28,1.5888218580782548e-14,54.88156295972077,vittima non trovata entro 15 minuti
4436,200,4,83.8,74.0,104.7,4.72,1e-05,120,center,center,True,173.5,3,0.003982572004097043,0.06310762239299658,4.00983744986704,
4384,200,4,167.1,71.1,175.1,3.14,1e-07,25,0.60,0.45,False,900.0,1,nan,nan,21.964547640387313,vittima non trovata entro 15 minuti
4381,200,4,158.3,120.3,191.8,4.05,1e-07,25,center,center,False,900.0,2,0.0,0.0,1.3690434444679234,vittima non trovata entro 15 minuti
4437,200,4,33.7,101.3,100.5,3.53,1e-05,120,0.35,0.40,True,150.1,3,0.0031027599240824114,0.05570242296419799,0.16563453271851586,
4438,200,4,59.3,106.5,115.2,4.01,1e-05,120,0.45,0.55,True,105.4,3,0.001787741664070357,0.04228169419583796,1.7302626474029634,
4386,200,4,115.6,52.7,120.5,3.22,1e-07,50,center,center,True,892.2,3,149.72270409195485,12.236122919125766,9.24481563878385,
4439,200,4,157.1,76.4,168.0,3.15,1e-05,120,0.60,0.45,True,126.9,3,0.0046097543484915505,0.06789517176126407,1.601004448517035,
4389,200,4,147.3,120.3,183.1,1.85,1e-07,50,0.60,0.45,False,900.0,2,1.0097419586828951e-28,1.0048591735576161e-14,28.493137042304674,vittima non trovata entro 15 minuti
4388,200,4,157.8,126.1,195.0,3.75,1e-07,50,0.45,0.55,False,900.0,2,5.048709793414476e-28,2.2469334198890888e-14,0.627080412370985,vittima non trovata entro 15 minuti
4390,200,4,132.3,94.3,155.5,4.93,1e-07,50,0.60,0.58,False,900.0,2,2.0194839173657902e-28,1.4210854715202004e-14,0.4646364049310259,vittima non trovata entro 15 minuti
4392,200,4,110.3,55.7,116.9,4.29,1e-07,80,0.35,0.40,False,900.0,2,1.262177448353619e-28,1.1234667099445444e-14,0.6203175084355638,vittima non trovata entro 15 minuti
4391,200,4,107.2,124.0,156.9,3.4,1e-07,80,center,center,False,900.0,2,0.0,0.0,1.0350080685143206,vittima non trovata entro 15 minuti
4395,200,4,161.0,112.7,189.6,2.42,1e-07,80,0.60,0.58,False,900.0,2,0.0,0.0,0.1842834707121202,vittima non trovata entro 15 minuti
4393,200,4,170.8,32.7,168.1,1.65,1e-07,80,0.45,0.55,False,900.0,1,nan,nan,24.004953664446905,vittima non trovata entro 15 minuti
4394,200,4,19.1,68.0,64.5,3.11,1e-07,80,0.60,0.45,False,900.0,1,nan,nan,69.64309351357238,vittima non trovata entro 15 minuti
4401,200,4,157.4,79.2,169.5,3.69,1e-06,25,center,center,False,900.0,1,nan,nan,10.554122584201323,vittima non trovata entro 15 minuti
4443,200,4,36.9,154.6,153.0,2.57,1e-07,25,0.45,0.55,False,131.9,3,0.016568324265192096,0.12871800287913146,28.70543615659304,vittima non trovata entro 15 minuti
4399,200,4,163.2,75.2,173.1,1.05,1e-07,120,0.60,0.45,False,900.0,2,3.0292258760486853e-28,1.7404671430534633e-14,39.13623761688165,vittima non trovata entro 15 minuti
4450,200,4,111.3,32.2,109.7,1.93,1e-07,50,0.60,0.58,True,105.2,3,0.03253947768251309,0.18038702193481962,3.4237266736682237,
4445,200,4,21.5,157.7,153.6,2.17,1e-07,25,0.60,0.58,False,144.70000000000002,3,0.03324636023512538,0.1823358446250363,33.85272380512449,vittima non trovata entro 15 minuti
4451,200,4,76.1,67.3,94.5,1.51,1e-07,80,center,center,True,123.0,3,0.0037892524042619654,0.0615569037904114,0.10882072040894639,
4456,200,4,52.4,46.0,62.7,1.62,1e-07,120,center,center,True,84.9,3,0.027561730797705714,0.16601726054150429,2.6730996765663586,
4455,200,4,26.9,95.4,93.0,3.72,1e-07,80,0.60,0.58,False,111.10000000000001,3,0.005766877081441469,0.07593995708085086,11.081462770647912,vittima non trovata entro 15 minuti
4458,200,4,65.3,115.6,126.0,2.42,1e-07,120,0.45,0.55,True,121.5,3,0.0020410396613506393,0.04517786694113213,1.0356364113205385,
4457,200,4,81.6,149.4,163.5,3.54,1e-07,120,0.35,0.40,False,138.8,3,0.0054673720381326375,0.07394167997910676,29.64551680676947,vittima non trovata entro 15 minuti
4403,200,4,27.5,101.7,99.3,4.66,1e-06,25,0.45,0.55,False,900.0,1,nan,nan,14.608019019609465,vittima non trovata entro 15 minuti
4405,200,4,101.5,120.3,150.3,1.84,1e-06,25,0.60,0.58,False,900.0,2,82.245291220854,9.068918966495069,22.7805313318195,vittima non trovata entro 15 minuti
4406,200,4,145.1,170.1,216.6,1.26,1e-06,50,center,center,False,900.0,2,4.0389678347315804e-28,2.0097183471152322e-14,7.520654482470907,vittima non trovata entro 15 minuti
4409,200,4,36.7,117.9,117.3,2.86,1e-06,50,0.60,0.45,False,900.0,1,nan,nan,2.1757962588395174,vittima non trovata entro 15 minuti
4465,200,4,46.9,116.2,118.8,1.54,1e-06,25,0.60,0.58,True,106.30000000000001,3,0.00789513305056838,0.0888545612254564,0.8549305213348993,
4410,200,4,147.2,66.0,154.8,3.35,1e-06,50,0.60,0.58,False,900.0,1,nan,nan,2.937244447660139,vittima non trovata entro 15 minuti
4469,200,4,59.2,153.8,158.4,4.62,1e-06,50,0.60,0.45,True,117.9,3,0.0024327249341114104,0.049322661466220684,0.1528557288614573,
4464,200,4,140.1,154.4,201.4,4.67,1e-06,25,0.60,0.45,True,170.20000000000002,3,0.0013536573342342825,0.036792082493850256,0.28359715373143324,
4468,200,4,109.8,136.3,168.0,2.37,1e-06,50,0.45,0.55,True,135.70000000000002,3,0.03332122749125751,0.18254102961048924,1.3522718654394685,
4470,200,4,89.5,153.2,170.6,3.2,1e-06,50,0.60,0.58,True,136.8,3,0.0027754073917862047,0.05268213541406807,0.2590117727551252,
4472,200,4,94.4,96.1,127.7,3.82,1e-06,80,0.35,0.40,True,111.5,3,0.0012123697915772111,0.034819100958772775,0.18783930014395606,
4474,200,4,160.7,155.5,216.6,3.8,1e-06,80,0.60,0.45,True,151.0,3,0.00625752249750215,0.07910450364866814,0.044156852447418495,
4476,200,4,65.2,133.1,141.5,3.65,1e-06,120,center,center,True,124.9,3,0.002486557279802164,0.049865391603818414,2.993135143527708,
4415,200,4,119.6,77.6,135.7,4.39,1e-06,80,0.60,0.58,False,900.0,2,1.0097419586828951e-28,1.0048591735576161e-14,0.17777157408497118,vittima non trovata entro 15 minuti
4416,200,4,156.5,29.6,153.4,3.78,1e-06,120,center,center,False,900.0,1,nan,nan,2.1799435695158866,vittima non trovata entro 15 minuti
4441,200,4,39.3,154.3,153.2,1.7,1e-07,25,center,center,False,514.7,3,129.5593408659212,11.382413666086872,25.60971622760812,vittima non trovata entro 15 minuti
4478,200,4,122.1,141.2,179.6,4.65,1e-06,120,0.45,0.55,True,140.1,3,0.02821780082097479,0.16798154904921786,2.254133990297863,
4479,200,4,99.6,32.0,98.4,1.74,1e-06,120,0.60,0.45,True,159.60000000000002,3,0.001251357554017135,0.03537453256252491,1.5601021561427253,
4425,200,4,54.9,85.2,94.5,1.77,1e-05,25,0.60,0.58,False,900.0,1,0.0,0.0,20.67250317081913,vittima non trovata entro 15 minuti
4483,200,4,26.1,117.8,114.7,1.5,1e-05,25,0.45,0.55,True,88.80000000000001,3,0.003511236732992825,0.059255689456733394,0.6493899982933105,
4424,200,4,158.3,111.4,186.6,1.1,1e-05,25,0.60,0.45,False,900.0,1,8.077935669463161e-28,2.842170943040401e-14,29.316875539742984,vittima non trovata entro 15 minuti
4423,200,4,164.9,84.3,178.5,3.96,1e-05,25,0.45,0.55,False,900.0,1,nan,nan,30.361201077144027,vittima non trovata entro 15 minuti
4481,200,4,103.6,74.4,120.6,4.59,1e-05,25,center,center,True,130.0,3,0.004016932481429254,0.06337927485723747,0.13471175480177344,
4485,200,4,112.4,75.5,128.5,2.23,1e-05,25,0.60,0.58,True,128.8,3,0.0047145197305505405,0.06866236036250531,2.664089142197136,
4489,200,4,47.4,159.6,160.3,3.71,1e-05,50,0.60,0.45,True,118.80000000000001,3,0.0016003171947920663,0.040003964738411446,5.989048074920839,
4491,200,4,96.0,68.1,110.7,1.53,1e-05,80,center,center,True,130.70000000000002,3,0.0006788289518056818,0.02605434612124591,0.2500266041639439,
4487,200,4,35.5,97.6,97.5,1.73,1e-05,50,0.35,0.40,True,167.20000000000002,3,0.0012320370681730007,0.0351003855843921,0.6532086713683481,
4447,200,4,135.8,90.6,156.3,4.34,1e-07,50,0.35,0.40,True,693.8000000000001,3,0.001632652417001813,0.040406093810238734,3.7331788327956597,
4490,200,4,37.6,72.4,74.9,3.75,1e-05,50,0.60,0.58,True,171.9,3,0.0020082689717751544,0.04481371410377803,0.9018677564711312,
4433,200,4,164.7,100.2,185.9,1.38,1e-05,80,0.45,0.55,False,900.0,2,5.728527397075215e-08,0.00023934342266031074,33.50071527616064,vittima non trovata entro 15 minuti
4493,200,4,52.4,126.0,130.0,4.61,1e-05,80,0.45,0.55,True,98.30000000000001,3,0.0013494630288002946,0.0367350381624995,2.1818176755350787,
4492,200,4,136.6,40.4,136.3,1.84,1e-05,80,0.35,0.40,True,195.4,3,0.00575325863074688,0.07585023817198519,0.9183426943353221,
4498,200,4,53.4,159.2,161.6,2.57,1e-05,120,0.45,0.55,True,110.2,3,0.006486527812875287,0.08053898318749304,0.4697930346485477,
4496,200,4,161.1,95.5,180.4,3.67,1e-05,120,center,center,True,140.5,3,0.0023457858893181516,0.048433313837875594,0.14380043813019122,
4442,200,4,147.8,53.8,150.9,1.58,1e-07,25,0.35,0.40,False,900.0,2,5.048709793414476e-29,7.105427357601002e-15,0.6672226545689068,vittima non trovata entro 15 minuti
4440,200,4,86.3,46.2,91.1,4.56,1e-05,120,0.60,0.58,False,900.0,0,nan,nan,nan,vittima non trovata entro 15 minuti
4500,200,4,108.5,50.9,113.2,3.6,1e-05,120,0.60,0.58,True,97.80000000000001,3,0.003213649803903699,0.05668906247155353,2.856375048915859,
4499,200,4,43.0,142.6,142.7,2.73,1e-05,120,0.60,0.45,True,139.5,3,0.001653847873192382,0.04066752848640279,0.20745901702499683,
4444,200,4,90.0,121.8,144.4,3.02,1e-07,25,0.60,0.45,False,900.0,2,0.0,0.0,0.516238545810613,vittima non trovata entro 15 minuti
4446,200,4,19.6,71.0,67.6,1.76,1e-07,50,center,center,False,900.0,1,nan,nan,44.38785111151078,vittima non trovata entro 15 minuti
4448,200,4,135.4,103.3,163.3,1.04,1e-07,50,0.45,0.55,False,900.0,2,0.0,0.0,0.2063187365948863,vittima non trovata entro 15 minuti
4449,200,4,170.4,39.1,168.9,1.75,1e-07,50,0.60,0.45,False,900.0,1,nan,nan,64.94673790235741,vittima non trovata entro 15 minuti
4504,200,4,24.8,73.3,71.1,1.35,1e-07,25,0.60,0.45,True,112.2,3,0.010920533286027568,0.10450135542674825,1.2115362883563572,
4502,200,4,67.6,142.9,151.5,3.09,1e-07,25,0.35,0.40,False,142.6,3,0.018654768052795645,0.13658245880344827,38.299831962412014,vittima non trovata entro 15 minuti
4452,200,4,108.3,138.7,169.0,3.43,1e-07,80,0.35,0.40,False,900.0,2,0.0,0.0,7.644224672212585,vittima non trovata entro 15 minuti
4454,200,4,96.5,123.4,149.6,2.68,1e-07,80,0.60,0.45,False,900.0,2,0.0,0.0,0.9519349883441673,vittima non trovata entro 15 minuti
4453,200,4,160.9,83.7,174.7,2.46,1e-07,80,0.45,0.55,False,900.0,2,4.0389678347315804e-28,2.0097183471152322e-14,14.228693572677363,vittima non trovata entro 15 minuti
4503,200,4,115.0,127.1,164.3,2.9,1e-07,25,0.45,0.55,True,161.5,3,0.004190789669564285,0.06473630874219108,0.19828087354181223,
4462,200,4,131.9,45.9,133.3,4.28,1e-06,25,0.35,0.40,False,900.0,1,nan,nan,14.485510775909173,vittima non trovata entro 15 minuti
4461,200,4,134.8,121.3,174.3,3.31,1e-06,25,center,center,False,900.0,2,2.0194839173657902e-28,1.4210854715202004e-14,2.390005764399466,vittima non trovata entro 15 minuti
4459,200,4,19.1,57.2,54.0,4.77,1e-07,120,0.60,0.45,False,900.0,1,nan,nan,18.223507004862384,vittima non trovata entro 15 minuti
4460,200,4,162.3,80.2,174.4,4.94,1e-07,120,0.60,0.58,False,900.0,2,0.0,0.0,15.832130430477546,vittima non trovata entro 15 minuti
4463,200,4,85.9,35.8,86.6,1.94,1e-06,25,0.45,0.55,False,900.0,2,2.0194839173657902e-28,1.4210854715202004e-14,0.19307317018709852,vittima non trovata entro 15 minuti
4466,200,4,29.2,125.8,123.2,1.91,1e-06,50,center,center,False,900.0,2,0.0,0.0,1.337850285525068,vittima non trovata entro 15 minuti
4515,200,4,82.5,130.9,147.8,1.62,1e-07,80,0.60,0.58,True,128.20000000000002,3,0.0259947680076405,0.16122893043012007,1.447844009858526,
4519,200,4,43.9,101.5,104.0,1.05,1e-07,120,0.60,0.45,True,106.5,3,0.005456448257885082,0.07386777550383579,0.03848837910413346,
4467,200,4,142.1,72.9,153.0,4.1,1e-06,50,0.35,0.40,False,900.0,2,4.0389678347315804e-28,2.0097183471152322e-14,0.65223937248485,vittima non trovata entro 15 minuti
4471,200,4,126.5,128.2,173.0,3.7,1e-06,80,center,center,False,900.0,2,0.0,0.0,0.06980992695821435,vittima non trovata entro 15 minuti
4473,200,4,163.7,35.1,161.5,1.18,1e-06,80,0.45,0.55,False,900.0,1,nan,nan,5.215619828001092,vittima non trovata entro 15 minuti
4475,200,4,164.3,76.7,174.7,2.8,1e-06,80,0.60,0.58,False,900.0,1,nan,nan,12.42000226131959,vittima non trovata entro 15 minuti
4524,200,4,75.2,167.6,177.1,4.05,1e-06,25,0.60,0.45,True,138.9,3,0.005108898615876633,0.07147655990516495,0.07392871898235631,
4477,200,4,154.3,52.5,156.6,3.94,1e-06,120,0.35,0.40,False,900.0,1,nan,nan,7.958915980991308,vittima non trovata entro 15 minuti
4528,200,4,37.3,156.1,154.5,4.93,1e-06,50,0.45,0.55,True,121.80000000000001,3,0.002773286125643322,0.052661998876261065,1.3019744007591902,
4484,200,4,24.6,65.3,63.4,1.57,1e-05,25,0.60,0.45,False,900.0,1,nan,nan,28.592789796042798,vittima non trovata entro 15 minuti
4480,200,4,107.7,68.4,120.7,1.31,1e-06,120,0.60,0.58,False,900.0,2,2.0194839173657902e-28,1.4210854715202004e-14,0.4258585593457547,vittima non trovata entro 15 minuti
4482,200,4,145.4,115.9,178.9,3.76,1e-05,25,0.35,0.40,False,900.0,2,1.0097419586828951e-28,1.0048591735576161e-14,37.01827615264093,vittima non trovata entro 15 minuti
4509,200,4,112.3,115.9,154.3,2.22,1e-07,50,0.60,0.45,True,438.40000000000003,3,0.0022526065356194037,0.04746163224773674,7.918615203604658,
4534,200,4,48.8,22.4,47.1,1.2,1e-06,80,0.60,0.45,True,89.30000000000001,3,0.0014948059853084495,0.03866272087306388,3.1944373801677792,
4488,200,4,169.4,114.4,197.5,1.74,1e-05,50,0.45,0.55,False,900.0,1,nan,nan,45.186263946454,vittima non trovata entro 15 minuti
4486,200,4,67.9,66.7,88.1,3.05,1e-05,50,center,center,False,900.0,2,0.00010323480749848542,0.010160453114821475,30.220622120482226,vittima non trovata entro 15 minuti
4533,200,4,63.6,168.4,173.6,1.87,1e-06,80,0.45,0.55,True,129.0,3,0.007754700294526072,0.08806077614083396,0.4301163118580726,
4535,200,4,109.2,166.2,191.9,3.94,1e-06,80,0.60,0.58,True,139.1,3,0.0019018330466824384,0.04361001085395919,0.008880495217998436,
4538,200,4,77.3,81.1,105.0,3.38,1e-06,120,0.45,0.55,True,96.9,3,0.008637849011482061,0.09294002911276746,1.5905921304642343,
4494,200,4,154.7,21.8,150.7,1.64,1e-05,80,0.60,0.45,False,900.0,2,2.692645223154387e-28,1.6409281590473078e-14,36.347406557986865,vittima non trovata entro 15 minuti
4539,200,4,96.9,129.0,154.4,3.79,1e-06,120,0.60,0.45,True,125.5,3,0.0033993414161598715,0.05830387136511495,0.0797878016924601,
4540,200,4,29.7,148.4,145.5,4.99,1e-06,120,0.60,0.58,True,112.80000000000001,3,0.028312535183605308,0.16826329125393127,4.0015159454211755,
4495,200,4,169.9,84.1,182.8,4.8,1e-05,80,0.60,0.58,False,900.0,0,nan,nan,nan,vittima non trovata entro 15 minuti
4497,200,4,132.1,135.4,182.1,4.35,1e-05,120,0.35,0.40,False,900.0,2,2.0194839173657902e-28,1.4210854715202004e-14,20.76793030383311,vittima non trovata entro 15 minuti
4541,200,4,99.6,39.9,100.8,4.23,1e-05,25,center,center,True,139.70000000000002,3,0.0014372904588989214,0.03791161377334024,0.1799387672427485,
4546,200,4,19.3,155.5,151.2,1.35,1e-05,50,center,center,True,101.9,3,0.0022755384715509447,0.047702604452492366,2.2298246202448486,
4501,200,4,143.8,35.5,142.1,1.6,1e-07,25,center,center,False,900.0,2,0.0,0.0,11.526857188375752,vittima non trovata entro 15 minuti
4505,200,4,45.3,120.6,122.4,3.55,1e-07,25,0.60,0.58,False,900.0,2,0.0005183108888378275,0.022766442164682373,1.1453088606587236,vittima non trovata entro 15 minuti
4506,200,4,71.2,154.1,163.1,4.25,1e-07,50,center,center,False,900.0,2,2.0194839173657902e-28,1.4210854715202004e-14,47.85711981662819,vittima non trovata entro 15 minuti
4547,200,4,25.6,140.1,136.6,4.35,1e-05,50,0.35,0.40,True,152.5,3,0.005021399067934003,0.07086183082544512,0.1891276780371623,
4507,200,4,123.3,62.2,131.4,2.29,1e-07,50,0.35,0.40,False,900.0,2,5.048709793414476e-29,7.105427357601002e-15,0.9995245140910954,vittima non trovata entro 15 minuti
4508,200,4,21.5,126.2,122.3,4.46,1e-07,50,0.45,0.55,False,900.0,1,nan,nan,67.36334411789267,vittima non trovata entro 15 minuti
4548,200,4,88.1,126.1,146.9,1.95,1e-05,50,0.45,0.55,True,145.4,3,0.000328637863197744,0.018128371774589796,1.1837729716518872,
4510,200,4,57.1,111.9,119.0,1.24,1e-07,50,0.60,0.58,False,900.0,2,1.5146129380243427e-28,1.2306961192854808e-14,0.42290978914857086,vittima non trovata entro 15 minuti
4511,200,4,140.5,41.4,140.3,4.14,1e-07,80,center,center,False,900.0,2,2.0352611354702105e-28,1.4266257867675778e-14,31.774911879808997,vittima non trovata entro 15 minuti
4512,200,4,98.2,86.0,123.5,3.8,1e-07,80,0.35,0.40,False,900.0,2,2.0194839173657902e-28,1.4210854715202004e-14,52.13399748558556,vittima non trovata entro 15 minuti
4513,200,4,115.8,49.9,119.5,2.1,1e-07,80,0.45,0.55,False,900.0,2,0.0,0.0,0.1354366851445959,vittima non trovata entro 15 minuti
4514,200,4,35.6,52.1,56.1,1.78,1e-07,80,0.60,0.45,False,900.0,2,2.524354896707238e-29,5.0242958677880805e-15,2.826333378951083,vittima non trovata entro 15 minuti
4551,200,4,152.2,123.2,188.8,3.32,1e-05,80,center,center,True,140.9,3,0.003881683563043108,0.062303158531836156,0.1118450445517311,
4521,200,4,127.7,24.6,124.3,3.22,1e-06,25,center,center,False,900.0,1,nan,nan,10.244138164448975,vittima non trovata entro 15 minuti
4549,200,4,22.6,31.2,31.5,1.71,1e-05,50,0.60,0.45,True,182.3,3,0.00045507712370163847,0.021332536738551244,2.7162774651001875,
4516,200,4,147.0,21.9,143.0,2.54,1e-07,120,center,center,False,900.0,2,0.0,0.0,65.82599364952938,vittima non trovata entro 15 minuti
4517,200,4,152.9,97.6,174.5,1.08,1e-07,120,0.35,0.40,False,900.0,2,0.0,0.0,0.28952720849665636,vittima non trovata entro 15 minuti
4518,200,4,139.2,34.8,137.4,1.04,1e-07,120,0.45,0.55,False,900.0,2,2.524354896707238e-29,5.0242958677880805e-15,1.0724248434563504,vittima non trovata entro 15 minuti
4550,200,4,80.8,19.6,77.2,3.49,1e-05,50,0.60,0.58,True,207.60000000000002,3,0.004237702740749446,0.06509764005514675,2.146643757340798,
4520,200,4,155.4,109.7,183.3,3.1,1e-07,120,0.60,0.58,False,900.0,2,0.00022482148285985225,0.0149940482478833,6.937477729574583,vittima non trovata entro 15 minuti
4552,200,4,85.6,19.5,81.9,4.92,1e-05,80,0.35,0.40,True,191.70000000000002,3,0.0020585556643617103,0.0453713088235474,2.8585251877005544,
4553,200,4,92.1,131.4,153.5,1.21,1e-05,80,0.45,0.55,True,164.10000000000002,3,0.0008878268280298338,0.029796423074420087,0.574743842257101,
4523,200,4,107.5,140.2,169.7,3.68,1e-06,25,0.45,0.55,False,900.0,1,8.077935669463161e-28,2.842170943040401e-14,16.285387138616844,vittima non trovata entro 15 minuti
4558,200,4,150.3,99.0,173.1,2.39,1e-05,120,0.45,0.55,True,123.80000000000001,3,0.006033373391211122,0.07767479250832358,0.2565141459927822,
4559,200,4,93.3,161.2,179.5,3.34,1e-05,120,0.60,0.45,True,122.9,3,0.0009689983194916281,0.03112873783968165,0.056152729119306174,
4522,200,4,132.2,108.5,164.0,4.61,1e-06,25,0.35,0.40,False,900.0,1,nan,nan,25.001467361066425,vittima non trovata entro 15 minuti
4563,200,4,93.3,169.2,186.4,2.84,1e-07,25,0.45,0.55,False,127.30000000000001,3,0.026518507889056294,0.1628450425682535,36.475947794530974,vittima non trovata entro 15 minuti
4560,200,4,41.7,103.1,104.8,2.61,1e-05,120,0.60,0.58,True,162.9,3,0.012511944126523945,0.1118568018786696,0.865615232894874,
4561,200,4,22.7,165.0,161.0,2.86,1e-07,25,center,center,True,135.1,3,0.02897455823606675,0.17021914767753582,7.454018756930147,
4525,200,4,164.7,101.8,186.7,3.04,1e-06,25,0.60,0.58,False,900.0,1,nan,nan,1.2874723354488016,vittima non trovata entro 15 minuti
4526,200,4,46.2,124.3,126.2,1.99,1e-06,50,center,center,False,900.0,1,nan,nan,5.966894501945837,vittima non trovata entro 15 minuti
4527,200,4,21.4,99.4,95.8,2.33,1e-06,50,0.35,0.40,False,900.0,1,nan,nan,6.743511586883382,vittima non trovata entro 15 minuti
4569,200,4,113.3,163.5,192.0,1.75,1e-07,50,0.60,0.45,False,132.4,3,0.014989101547199965,0.12242998630727672,18.338957119897813,vittima non trovata entro 15 minuti
4576,200,4,44.7,167.9,167.7,4.37,1e-07,120,center,center,False,132.1,3,0.007460301204312798,0.08637303516904335,11.863885877092523,vittima non trovata entro 15 minuti
4578,200,4,23.5,90.5,87.5,1.4,1e-07,120,0.45,0.55,True,134.0,3,0.008646337543768095,0.09298568461740815,0.41354201424521597,
4575,200,4,77.6,163.1,174.0,4.71,1e-07,80,0.60,0.58,False,147.70000000000002,3,0.020392285678995984,0.14280156049215983,10.145423647889219,vittima non trovata entro 15 minuti
4579,200,4,67.0,81.1,98.2,1.86,1e-07,120,0.60,0.45,True,94.2,3,0.0015116711108575662,0.03888021490240976,2.567175799254319,
4529,200,4,141.5,121.4,179.4,3.45,1e-06,50,0.60,0.45,False,900.0,2,4.0389678347315804e-28,2.0097183471152322e-14,0.26378496041135024,vittima non trovata entro 15 minuti
4577,200,4,154.8,156.1,212.8,1.21,1e-07,120,0.35,0.40,False,181.20000000000002,3,0.006559697497589837,0.0809919594625901,20.640295828206902,vittima non trovata entro 15 minuti
4530,200,4,143.9,151.6,202.0,2.71,1e-06,50,0.60,0.58,False,900.0,2,4.0389678347315804e-28,2.0097183471152322e-14,8.240433745792224,vittima non trovata entro 15 minuti
4583,200,4,31.4,45.3,48.2,2.07,1e-06,25,0.45,0.55,True,73.4,3,0.006466596354492816,0.0804151500309041,0.8681311108864115,
4580,200,4,152.5,148.1,205.6,3.05,1e-07,120,0.60,0.58,False,157.3,3,0.009568467158033361,0.09781854199502955,19.07118430106967,vittima non trovata entro 15 minuti
4532,200,4,162.9,131.3,202.2,3.9,1e-06,80,0.35,0.40,False,900.0,1,nan,nan,40.44786298205694,vittima non trovata entro 15 minuti
4531,200,4,160.6,82.5,173.8,3.26,1e-06,80,center,center,False,900.0,1,nan,nan,25.642423339018464,vittima non trovata entro 15 minuti
4587,200,4,69.9,74.8,95.3,1.59,1e-06,50,0.35,0.40,True,93.9,3,0.006298729113627069,0.07936453309651025,0.03474466806200705,
4584,200,4,91.4,166.9,183.6,2.06,1e-06,25,0.60,0.45,True,137.9,3,0.035029885288952005,0.18716272409043422,0.3954457102031603,
4582,200,4,33.9,155.9,153.7,4.1,1e-06,25,0.35,0.40,True,153.20000000000002,3,0.005029519866252477,0.07091910790649074,0.07774411707317962,
4585,200,4,163.6,137.6,206.7,2.61,1e-06,25,0.60,0.58,True,153.60000000000002,3,0.00619719719782261,0.07872227891659775,0.11104391928800812,
4537,200,4,169.1,136.5,210.3,4.21,1e-06,120,0.35,0.40,False,900.0,2,0.0,0.0,4.831685951108544,vittima non trovata entro 15 minuti
4536,200,4,151.0,102.1,175.3,2.66,1e-06,120,center,center,False,900.0,1,nan,nan,9.405758212099924,vittima non trovata entro 15 minuti
4588,200,4,159.6,164.1,221.9,2.45,1e-06,50,0.45,0.55,True,181.3,3,0.008280912097532369,0.0909995170181269,1.1619504811031345,
4594,200,4,95.8,46.3,99.8,2.37,1e-06,80,0.60,0.45,True,127.60000000000001,3,0.000552926645473311,0.02351439230499719,2.9125614329170535,
4591,200,4,75.3,49.2,83.1,2.34,1e-06,80,center,center,True,160.3,3,0.003764448099420701,0.06135509839793838,0.12263865420001617,
4593,200,4,91.4,164.7,181.6,4.75,1e-06,80,0.45,0.55,True,136.9,3,0.0008937889024663801,0.029896302488207134,1.3756141891069231,
4596,200,4,92.8,25.2,90.1,4.7,1e-06,120,center,center,True,129.1,3,0.0032538704997349503,0.05704270768235805,0.09970869041108472,
4598,200,4,50.5,54.9,67.5,3.97,1e-06,120,0.45,0.55,True,97.2,3,0.0028905163686577975,0.053763522658562816,2.0121468934190685,
4543,200,4,109.6,142.8,173.0,3.78,1e-05,25,0.45,0.55,False,900.0,1,0.0,0.0,25.361768827324457,vittima non trovata entro 15 minuti
4544,200,4,145.3,162.8,211.2,4.18,1e-05,25,0.60,0.45,False,900.0,2,7.288545884865346e-06,0.002699730705990015,11.393605782016754,vittima non trovata entro 15 minuti
4545,200,4,20.8,36.9,35.6,2.93,1e-05,25,0.60,0.58,False,900.0,0,nan,nan,46.731860907680925,vittima non trovata entro 15 minuti
4542,200,4,19.8,140.1,135.9,3.05,1e-05,25,0.35,0.40,False,900.0,2,0.006831705084907683,0.08265412926713149,20.862955913989587,vittima non trovata entro 15 minuti
4597,200,4,150.9,126.7,190.0,1.59,1e-06,120,0.35,0.40,True,157.10000000000002,3,0.001913544329432369,0.043744077649807284,1.8682921629006026,
4602,200,4,36.4,167.7,165.7,2.81,1e-05,25,0.35,0.40,True,123.10000000000001,3,0.004049636830659289,0.06363675691500384,0.10510872271427968,
4604,200,4,55.2,67.0,79.7,3.35,1e-05,25,0.60,0.45,True,89.9,3,0.003467848696438459,0.058888442808741844,3.0000712160824072,
4599,200,4,140.1,104.9,168.1,2.72,1e-06,120,0.60,0.45,True,169.5,3,0.0011525185691327426,0.03394876388224971,0.2204659790112542,
4608,200,4,96.3,99.2,131.2,4.38,1e-05,50,0.45,0.55,True,115.60000000000001,3,0.0037482757049215297,0.06122316314044489,0.04726467584937735,
4606,200,4,42.0,102.9,104.7,4.57,1e-05,50,center,center,True,152.4,3,0.0005117069416021946,0.02262094033417255,4.017067354096243,
4611,200,4,50.2,145.8,147.9,3.77,1e-05,80,center,center,True,96.30000000000001,3,0.003658811859210066,0.06048811337122415,3.7989838113516856,
4609,200,4,91.8,157.0,175.0,1.23,1e-05,50,0.60,0.45,True,130.8,3,0.0019518979673195536,0.04418028935305374,1.0778530178790815,
4607,200,4,86.3,94.1,120.7,2.56,1e-05,50,0.35,0.40,True,180.3,3,0.0010762099796395,0.032805639448721315,0.10210002494011768,
4612,200,4,96.5,168.2,187.1,3.07,1e-05,80,0.35,0.40,True,132.4,3,0.004832358800002308,0.06951516956752898,0.5015433522884544,
4613,200,4,52.3,78.6,87.5,2.47,1e-05,80,0.45,0.55,True,99.10000000000001,3,0.0024933861283271273,0.049933817482014406,1.2849379296543078,
4610,200,4,164.7,113.0,192.8,4.32,1e-05,50,0.60,0.58,True,179.5,3,0.0030384780368891942,0.05512239142933835,0.8954178547589748,
4614,200,4,46.2,152.6,153.3,2.53,1e-05,80,0.60,0.45,True,128.1,3,0.004123658816991979,0.0642157209489388,0.05201305371053261,
4554,200,4,72.5,46.0,78.9,4.25,1e-05,80,0.60,0.45,False,900.0,0,nan,nan,nan,vittima non trovata entro 15 minuti
4616,200,4,157.7,138.2,202.7,4.81,1e-05,120,center,center,True,134.8,3,0.0028302254299511147,0.05319986306327409,0.018200805320746548,
4617,200,4,118.8,144.6,180.1,1.62,1e-05,120,0.35,0.40,True,116.4,3,0.023154233587840366,0.15216515234389366,3.258758782842311,
4556,200,4,170.7,167.2,231.9,2.33,1e-05,120,center,center,False,900.0,1,nan,nan,28.95528645417919,vittima non trovata entro 15 minuti
4555,200,4,170.0,96.0,188.5,3.58,1e-05,80,0.60,0.58,False,900.0,0,nan,nan,nan,vittima non trovata entro 15 minuti
4557,200,4,120.9,40.8,121.3,1.7,1e-05,120,0.35,0.40,False,900.0,0,nan,nan,nan,vittima non trovata entro 15 minuti
4564,200,4,160.1,138.8,204.8,4.31,1e-07,25,0.60,0.45,False,900.0,2,8.142483449741128,2.8535037146885105,19.965177032801343,vittima non trovata entro 15 minuti
4562,200,4,165.2,128.9,202.5,4.4,1e-07,25,0.35,0.40,False,900.0,2,0.0,0.0,90.53815961228658,vittima non trovata entro 15 minuti
4622,200,4,57.9,43.6,65.5,2.41,1e-07,25,0.35,0.40,True,83.7,3,0.002600824655028194,0.050998280902675476,0.5156660804262292,
4619,200,4,73.9,112.3,127.5,1.02,1e-05,120,0.60,0.45,True,165.3,3,0.0017409483834878647,0.04172467355759497,0.5808185562307626,
4565,200,4,125.5,21.4,121.6,4.87,1e-07,25,0.60,0.58,False,900.0,2,0.0,0.0,2.0228045777451804,vittima non trovata entro 15 minuti
4566,200,4,86.1,70.2,104.0,1.2,1e-07,50,center,center,False,900.0,2,0.0015930157100511979,0.03991260089309137,0.039430207406096554,vittima non trovata entro 15 minuti
4567,200,4,70.0,82.8,101.4,2.5,1e-07,50,0.35,0.40,False,900.0,1,nan,nan,21.177008711924778,vittima non trovata entro 15 minuti
4624,200,4,90.6,40.0,92.5,3.45,1e-07,25,0.60,0.45,True,106.7,3,0.0013150176991552638,0.036263172767358125,4.165031635850604,
4568,200,4,96.6,146.4,168.4,1.05,1e-07,50,0.45,0.55,False,900.0,2,5.048709793414476e-28,2.2469334198890888e-14,7.449082883724882,vittima non trovata entro 15 minuti
4581,200,4,124.8,151.8,189.5,3.48,1e-06,25,center,center,False,900.0,1,0.1619871264223677,0.4024762433018472,1.3606444739498873,vittima non trovata entro 15 minuti
4571,200,4,159.1,113.8,188.6,3.49,1e-07,80,center,center,False,900.0,2,0.0,0.0,0.8131360238071098,vittima non trovata entro 15 minuti
4570,200,4,66.5,138.6,147.1,4.58,1e-07,50,0.60,0.58,False,900.0,2,0.0,0.0,0.17732053065047693,vittima non trovata entro 15 minuti
4572,200,4,168.4,33.2,165.8,3.19,1e-07,80,0.35,0.40,False,900.0,1,nan,nan,46.16444157647423,vittima non trovata entro 15 minuti
4573,200,4,163.3,108.7,189.2,2.47,1e-07,80,0.45,0.55,False,900.0,2,1.0097419586828951e-28,1.0048591735576161e-14,233.82769629214826,vittima non trovata entro 15 minuti
4625,200,4,74.4,160.7,170.4,3.21,1e-07,25,0.60,0.58,True,159.20000000000002,3,0.031520048895896956,0.17753886587419937,2.633383278887824,
4574,200,4,142.6,165.2,211.1,4.52,1e-07,80,0.60,0.45,False,900.0,2,0.0,0.0,0.21648592593530422,vittima non trovata entro 15 minuti
4636,200,4,68.1,103.2,116.7,4.63,1e-07,120,center,center,True,101.4,3,0.0036586362475660482,0.06048666173269978,2.698834469605513,
4623,200,4,125.1,148.4,187.1,4.75,1e-07,25,0.45,0.55,False,227.0,3,0.02134770702313346,0.1461085453460319,38.30862710157014,vittima non trovata entro 15 minuti
4637,200,4,104.1,29.7,102.1,3.19,1e-07,120,0.35,0.40,True,94.80000000000001,3,0.001762016273476543,0.04197637756496555,2.813366196479609,
4628,200,4,170.3,167.7,231.9,4.39,1e-07,50,0.45,0.55,False,211.9,3,111.28391474278877,10.549119145349946,18.04553474856763,vittima non trovata entro 15 minuti
4638,200,4,25.9,133.1,129.8,4.03,1e-07,120,0.45,0.55,False,125.4,3,0.013756653988857075,0.11728876326765951,15.863067374398991,vittima non trovata entro 15 minuti
4640,200,4,45.2,89.8,93.9,2.51,1e-07,120,0.60,0.58,True,106.80000000000001,3,0.0059765159574752666,0.07730792946053637,0.3772240029096872,
4639,200,4,38.5,167.6,166.0,4.49,1e-07,120,0.60,0.45,False,130.6,3,0.026620920682562495,0.16315918816469546,18.70905559515285,vittima non trovata entro 15 minuti
4644,200,4,47.4,57.4,67.4,4.63,1e-06,25,0.60,0.45,True,107.5,3,0.0025069089374451514,0.05006904170687863,4.786900092262145,
4586,200,4,22.3,147.7,143.7,3.99,1e-06,50,center,center,False,900.0,2,4.0389678347315804e-28,2.0097183471152322e-14,0.40310129263163275,vittima non trovata entro 15 minuti
4648,200,4,34.3,155.0,152.9,4.5,1e-06,50,0.45,0.55,True,120.4,3,0.0023456544465510713,0.04843195687303035,1.081758369136012,
4590,200,4,89.0,93.3,121.9,2.13,1e-06,50,0.60,0.58,False,900.0,1,nan,nan,1.3327481919892386,vittima non trovata entro 15 minuti
4650,200,4,75.8,157.8,168.5,2.39,1e-06,50,0.60,0.58,True,128.20000000000002,3,0.0047540086762259,0.06894931962119641,0.16942584240996508,
4589,200,4,99.5,111.4,142.3,3.63,1e-06,50,0.60,0.45,False,900.0,2,4.0389678347315804e-28,2.0097183471152322e-14,3.3296074582250736,vittima non trovata entro 15 minuti
4592,200,4,144.4,129.6,186.9,3.32,1e-06,80,0.35,0.40,False,900.0,1,nan,nan,1.7677440342739785,vittima non trovata entro 15 minuti
4651,200,4,66.1,116.7,127.4,4.06,1e-06,80,center,center,True,121.0,3,0.0036089680685004845,0.060074687419082624,3.6570893334293255,
4595,200,4,145.9,25.8,142.5,4.08,1e-06,80,0.60,0.58,False,900.0,1,nan,nan,10.503154708990843,vittima non trovata entro 15 minuti
4654,200,4,29.7,106.1,104.0,2.04,1e-06,80,0.60,0.45,False,97.10000000000001,3,0.027352159134636067,0.16538488182006258,15.929853174374388,vittima non trovata entro 15 minuti
4652,200,4,94.9,170.0,187.9,2.38,1e-06,80,0.35,0.40,True,147.0,3,0.006648488929681598,0.08153826665855486,0.27922842909602685,
4653,200,4,97.2,45.1,100.6,1.12,1e-06,80,0.45,0.55,True,132.20000000000002,3,0.0012586398331121086,0.03547731434469228,0.04453470712677971,
4657,200,4,31.7,93.9,92.9,1.73,1e-06,120,0.35,0.40,True,84.9,3,0.0028622641141336,0.05350013190762804,0.19152612018256493,
4658,200,4,87.1,44.9,91.3,3.55,1e-06,120,0.45,0.55,True,104.60000000000001,3,0.0023239809118606775,0.04820768519500472,0.14866888202988157,
4659,200,4,23.6,53.5,52.0,3.07,1e-06,120,0.60,0.45,True,74.7,3,0.0009236003919270333,0.030390794526090188,2.9393649372630946,
4656,200,4,40.8,45.7,54.2,2.1,1e-06,120,center,center,True,123.5,3,0.001948508053458756,0.04414190813114852,2.5651985425307275,
4601,200,4,80.7,56.7,91.7,3.48,1e-05,25,center,center,False,900.0,0,nan,nan,nan,vittima non trovata entro 15 minuti
4660,200,4,26.6,151.4,148.0,4.54,1e-06,120,0.60,0.58,True,113.80000000000001,3,0.0053071444728022355,0.07285015080836989,2.839425476129756,
4600,200,4,145.1,51.9,147.7,3.99,1e-06,120,0.60,0.58,False,900.0,2,4.543838814073028e-28,2.1316282072803006e-14,9.620753947269227,vittima non trovata entro 15 minuti
4605,200,4,158.1,79.0,170.1,2.37,1e-05,25,0.60,0.58,False,900.0,1,nan,nan,32.00491503712506,vittima non trovata entro 15 minuti
4661,200,4,65.4,112.8,123.6,4.45,1e-05,25,center,center,True,105.10000000000001,3,0.0022767901200408404,0.04771572193775172,4.885315556319556,
4603,200,4,111.7,165.5,192.8,1.91,1e-05,25,0.45,0.55,False,900.0,1,nan,nan,47.74931848388204,vittima non trovata entro 15 minuti
4665,200,4,96.2,56.3,104.6,1.34,1e-05,25,0.60,0.58,True,83.5,3,0.007019325347731404,0.08378141409484209,2.067706530556676,
4664,200,4,67.3,105.0,117.8,2.41,1e-05,25,0.60,0.45,True,97.4,3,0.007144084457851512,0.08452268605440502,0.018854416045123345,
4662,200,4,91.5,83.2,116.6,3.61,1e-05,25,0.35,0.40,True,129.3,3,0.0017774918577296893,0.04216031140456258,2.657017492047124,
4667,200,4,60.9,50.1,71.8,2.73,1e-05,50,0.35,0.40,True,80.2,3,0.010214846516805935,0.10106852386774992,1.3624740565435842,
4670,200,4,68.3,93.3,108.7,4.37,1e-05,50,0.60,0.58,True,96.2,3,0.001370457815456342,0.03701969496708937,2.104426501672199,
4673,200,4,115.8,121.5,160.8,3.09,1e-05,80,0.45,0.55,True,122.5,3,0.0025475602878333235,0.05047336216097877,0.15384592996466617,
4674,200,4,161.3,104.5,185.3,1.97,1e-05,80,0.60,0.45,True,135.1,3,0.005592087624655379,0.0747802622665592,0.035292353473317155,
4672,200,4,75.9,30.9,75.5,3.79,1e-05,80,0.35,0.40,True,176.8,3,0.0023824997656359467,0.04881085704672626,2.5765673195865206,
4668,200,4,132.7,26.3,129.4,3.95,1e-05,50,0.45,0.55,True,193.70000000000002,3,0.0035323865301454915,0.059433883687215756,0.038780927476885475,
4677,200,4,58.4,143.3,148.2,1.48,1e-05,120,0.35,0.40,True,98.4,3,0.0027995728847206173,0.05291099020733422,0.19800863118469422,
4676,200,4,162.3,59.9,166.6,2.07,1e-05,120,center,center,True,153.0,3,0.005043343251617418,0.07101649985473389,0.18267692407552574,
4675,200,4,79.6,102.5,122.8,3.83,1e-05,80,0.60,0.58,True,169.4,3,0.0016505501933560492,0.04062696387076013,0.03692689102415191,
4615,200,4,169.1,30.6,166.1,2.29,1e-05,80,0.60,0.58,False,900.0,0,nan,nan,nan,vittima non trovata entro 15 minuti
4681,200,4,34.3,31.0,39.2,3.63,1e-07,25,center,center,True,61.300000000000004,3,0.0025341359550684855,0.05034020217548282,3.8913407361484755,
4643,200,4,85.9,52.7,93.9,1.82,1e-06,25,0.45,0.55,True,607.6,3,0.0014973743616175192,0.03869592176983925,2.4366261952304313,
4618,200,4,167.1,33.2,164.5,2.51,1e-05,120,0.45,0.55,False,900.0,0,nan,nan,nan,vittima non trovata entro 15 minuti
4679,200,4,157.1,112.3,186.1,2.88,1e-05,120,0.60,0.45,True,129.70000000000002,3,0.004626105911382978,0.068015482879878,0.12184847116462787,
4620,200,4,84.6,136.1,153.4,3.94,1e-05,120,0.60,0.58,False,900.0,2,0.00012769521561771768,0.011300230777188476,19.8205956606093,vittima non trovata entro 15 minuti
4621,200,4,55.8,70.9,83.2,2.31,1e-07,25,center,center,False,900.0,2,1.0097419586828951e-28,1.0048591735576161e-14,5.415560442931616,vittima non trovata entro 15 minuti
4626,200,4,136.5,111.6,169.2,1.63,1e-07,50,center,center,False,900.0,2,0.0,0.0,3.2318607542888995,vittima non trovata entro 15 minuti
4627,200,4,124.6,70.1,136.1,1.88,1e-07,50,0.35,0.40,False,900.0,2,0.0,0.0,0.5477075952567632,vittima non trovata entro 15 minuti
4690,200,4,60.2,166.2,170.4,3.87,1e-07,50,0.60,0.58,True,143.4,3,0.0011630701328595912,0.03410381405150443,1.068014633979986,
4629,200,4,109.4,122.1,156.8,3.72,1e-07,50,0.60,0.45,False,900.0,2,4.0389678347315804e-28,2.0097183471152322e-14,2.4728858355056733,vittima non trovata entro 15 minuti
4632,200,4,50.3,71.8,80.7,3.71,1e-07,80,0.35,0.40,False,900.0,2,2.524354896707238e-29,5.0242958677880805e-15,1.3565734319378016,vittima non trovata entro 15 minuti
4630,200,4,24.7,142.0,138.4,3.18,1e-07,50,0.60,0.58,False,900.0,1,nan,nan,6.247213002239067,vittima non trovata entro 15 minuti
4631,200,4,158.3,37.7,156.7,3.86,1e-07,80,center,center,False,900.0,2,4.0389678347315804e-28,2.0097183471152322e-14,21.753137655057266,vittima non trovata entro 15 minuti
4634,200,4,156.1,159.8,216.3,3.75,1e-07,80,0.60,0.45,False,900.0,2,0.0,0.0,1.6249132177673793,vittima non trovata entro 15 minuti
4633,200,4,151.5,127.7,191.1,3.54,1e-07,80,0.45,0.55,False,900.0,2,2.0194839173657902e-28,1.4210854715202004e-14,39.541467220517774,vittima non trovata entro 15 minuti
4635,200,4,96.0,78.3,116.8,4.72,1e-07,80,0.60,0.58,False,900.0,2,1.0097419586828951e-28,1.0048591735576161e-14,0.28564555778048756,vittima non trovata entro 15 minuti
4641,200,4,166.9,47.4,167.3,2.85,1e-06,25,center,center,False,900.0,1,nan,nan,14.094698405430096,vittima non trovata entro 15 minuti
4642,200,4,130.8,52.0,134.3,1.87,1e-06,25,0.35,0.40,False,900.0,1,nan,nan,14.57907602891968,vittima non trovata entro 15 minuti
4696,200,4,40.6,143.6,143.0,1.64,1e-07,120,center,center,False,121.60000000000001,3,0.011876463186085963,0.10897918693991969,14.20303540831998,vittima non trovata entro 15 minuti
4701,200,4,61.7,74.7,89.9,1.67,1e-06,25,center,center,True,102.4,3,0.0014789775389413818,0.03845747702256847,2.8214512206436737,
4700,200,4,27.1,135.9,132.8,3.72,1e-07,120,0.60,0.58,False,126.2,3,0.019228785882108093,0.1386678978066232,25.777566853157257,vittima non trovata entro 15 minuti
4647,200,4,127.0,130.1,174.7,4.94,1e-06,50,0.35,0.40,False,900.0,2,0.0,0.0,79.82428817408538,vittima non trovata entro 15 minuti
4646,200,4,94.7,87.8,122.0,2.56,1e-06,50,center,center,False,900.0,2,0.0005757018301301405,0.023993787323599844,0.434326145912201,vittima non trovata entro 15 minuti
4645,200,4,106.8,43.3,108.8,3.09,1e-06,25,0.60,0.58,False,900.0,2,2.0194839173657902e-28,1.4210854715202004e-14,0.35423609348957347,vittima non trovata entro 15 minuti
4698,200,4,162.4,140.0,207.3,2.13,1e-07,120,0.45,0.55,True,177.70000000000002,3,0.005726102757750374,0.0756710166295549,7.84007864838002,
4649,200,4,147.9,118.5,182.5,1.45,1e-06,50,0.60,0.45,False,900.0,2,0.3298594682756034,0.5743339344628727,6.973345968220911,vittima non trovata entro 15 minuti
4704,200,4,65.7,147.2,154.6,2.52,1e-06,25,0.60,0.45,True,139.4,3,0.0044654444169334485,0.06682398085218695,0.2016841520361105,
4708,200,4,167.1,148.2,216.3,4.24,1e-06,50,0.45,0.55,True,174.3,3,0.0017107792495545794,0.041361567300509536,0.14198392479658822,
4655,200,4,104.4,106.2,141.8,4.95,1e-06,80,0.60,0.58,False,900.0,2,0.0,0.0,0.5299631150649192,vittima non trovata entro 15 minuti
4663,200,4,150.8,127.3,190.3,1.35,1e-05,25,0.45,0.55,False,900.0,0,nan,nan,nan,vittima non trovata entro 15 minuti
4666,200,4,158.9,52.6,161.1,2.89,1e-05,50,center,center,False,900.0,1,4.0389678347315804e-28,2.0097183471152322e-14,24.787677319273687,vittima non trovata entro 15 minuti
4669,200,4,129.9,78.5,144.9,4.92,1e-05,50,0.60,0.45,False,900.0,2,486.7170066263278,22.06166373205629,23.34569036689936,vittima non trovata entro 15 minuti
4714,200,4,152.1,158.4,212.6,3.17,1e-06,80,0.60,0.45,True,153.20000000000002,3,0.0004617205345493047,0.02148768332206394,1.274661174477566,
4671,200,4,162.8,64.4,168.6,3.6,1e-05,80,center,center,False,900.0,2,0.0,0.0,29.814072244383077,vittima non trovata entro 15 minuti
4702,200,4,169.3,112.9,196.6,4.42,1e-06,25,0.35,0.40,True,426.0,3,11.426529925655938,3.3803150630756207,3.6135392912350435,
4718,200,4,63.4,118.4,127.5,1.85,1e-06,120,0.45,0.55,True,121.10000000000001,3,0.005702902959702322,0.07551756722579404,0.5263992651899488,
4720,200,4,27.7,91.9,89.8,1.99,1e-06,120,0.60,0.58,True,86.10000000000001,3,0.0046897316296911785,0.06848161526783067,0.6100661876303118,
4719,200,4,71.0,113.1,126.7,2.62,1e-06,120,0.60,0.45,True,115.5,3,0.03687154722348482,0.19201965322196793,0.496959188117044,
4678,200,4,121.6,91.2,145.0,1.36,1e-05,120,0.45,0.55,False,900.0,0,nan,nan,nan,vittima non trovata entro 15 minuti
4680,200,4,25.5,25.0,28.7,2.34,1e-05,120,0.60,0.58,False,900.0,2,3.3658065289429835e-29,5.801557143511545e-15,28.359179228627713,vittima non trovata entro 15 minuti
4683,200,4,152.6,79.1,165.2,1.98,1e-07,25,0.45,0.55,False,900.0,2,8.077935669463161e-28,2.842170943040401e-14,13.212898003168863,vittima non trovata entro 15 minuti
4682,200,4,123.4,24.0,119.9,2.86,1e-07,25,0.35,0.40,False,900.0,2,1.0097419586828951e-28,1.0048591735576161e-14,1.207320222261439,vittima non trovata entro 15 minuti
4684,200,4,126.3,113.0,162.4,4.98,1e-07,25,0.60,0.45,False,900.0,2,1.0097419586828951e-28,1.0048591735576161e-14,0.4149347271292222,vittima non trovata entro 15 minuti
4721,200,4,97.7,28.0,95.5,3.27,1e-05,25,center,center,True,146.20000000000002,3,0.0038340344263584,0.06191958031477927,0.02985310738243405,
4686,200,4,164.5,81.0,176.6,1.23,1e-07,50,center,center,False,900.0,2,4.0389678347315804e-28,2.0097183471152322e-14,6.643809525311076,vittima non trovata entro 15 minuti
4685,200,4,160.9,51.9,162.8,2.34,1e-07,25,0.60,0.58,False,900.0,2,4.0389678347315804e-28,2.0097183471152322e-14,0.4791474554937112,vittima non trovata entro 15 minuti
4723,200,4,37.8,97.6,98.2,1.85,1e-05,25,0.45,0.55,True,144.20000000000002,3,0.006904005260162247,0.08309034396464036,0.7988985082833032,
4687,200,4,163.0,134.0,204.0,1.55,1e-07,50,0.35,0.40,False,900.0,2,4.0389678347315804e-28,2.0097183471152322e-14,62.129492428555764,vittima non trovata entro 15 minuti
4722,200,4,72.7,133.2,144.9,2.38,1e-05,25,0.35,0.40,True,170.4,3,0.003279588526590172,0.05726769182174336,0.0987598017849452,
4689,200,4,143.4,156.2,204.9,1.07,1e-07,50,0.60,0.45,False,900.0,2,8.077935669463161e-28,2.842170943040401e-14,26.64444016119861,vittima non trovata entro 15 minuti
4688,200,4,135.9,47.7,137.7,3.42,1e-07,50,0.45,0.55,False,900.0,2,4.0389678347315804e-28,2.0097183471152322e-14,0.33629772244122175,vittima non trovata entro 15 minuti
4699,200,4,22.6,52.2,50.3,1.43,1e-07,120,0.60,0.45,False,900.0,2,2.524354896707238e-29,5.0242958677880805e-15,5.944792367508886,vittima non trovata entro 15 minuti
4691,200,4,136.4,53.2,140.0,1.2,1e-07,80,center,center,False,900.0,2,0.0,0.0,3.166259913677547,vittima non trovata entro 15 minuti
4727,200,4,91.5,91.9,122.6,3.93,1e-05,50,0.35,0.40,True,169.0,3,0.002875220424654673,0.053621081904924976,0.12132728473542957,
4734,200,4,69.3,81.4,99.8,2.65,1e-05,80,0.60,0.45,True,92.5,3,0.004772502967342474,0.06908330454851211,1.8235717626707886,
4729,200,4,114.7,76.0,130.7,4.0,1e-05,50,0.60,0.45,True,140.9,3,0.00033533340327887,0.01831211083624359,1.972382126365274,
4735,200,4,151.3,54.4,154.4,3.53,1e-05,80,0.60,0.58,True,111.7,3,0.003305210181177005,0.05749095738615774,1.509662522017072,
4693,200,4,29.8,165.5,162.4,4.13,1e-07,80,0.45,0.55,False,900.0,2,0.0,0.0,25.09791266490326,vittima non trovata entro 15 minuti
4692,200,4,132.5,140.5,186.0,2.34,1e-07,80,0.35,0.40,False,900.0,2,5.8878890432582374e-15,7.67325813670975e-08,130.56230991437027,vittima non trovata entro 15 minuti
4694,200,4,47.0,116.5,119.2,1.94,1e-07,80,0.60,0.45,False,900.0,2,0.0,0.0,0.27084336716638885,vittima non trovata entro 15 minuti
4738,200,4,68.5,168.5,175.4,2.24,1e-05,120,0.45,0.55,True,101.60000000000001,3,0.004219785114386721,0.06495987310937977,0.7482821744222093,
4736,200,4,43.0,101.6,103.8,1.55,1e-05,120,center,center,True,170.9,3,0.0015848125401392785,0.0398097040950982,1.055418131151401,
4697,200,4,168.2,23.0,164.2,1.65,1e-07,120,0.35,0.40,False,900.0,1,nan,nan,49.946365407573154,vittima non trovata entro 15 minuti
4695,200,4,135.3,63.1,142.6,1.12,1e-07,80,0.60,0.58,False,900.0,2,2.524354896707238e-29,5.0242958677880805e-15,0.15074641051697601,vittima non trovata entro 15 minuti
4737,200,4,125.6,163.4,199.1,3.07,1e-05,120,0.35,0.40,True,150.5,3,0.0058855919221681395,0.07671761155150843,0.5810877307004128,
4739,200,4,43.8,162.0,161.7,3.27,1e-05,120,0.60,0.45,True,136.0,3,0.002431181420024899,0.04930701187483277,0.021502558935004464,
4740,200,4,39.6,81.7,84.2,2.89,1e-05,120,0.60,0.58,True,170.70000000000002,3,0.004559860959727123,0.06752674255231865,0.5712897207022353,
4703,200,4,31.7,99.7,98.3,4.94,1e-06,25,0.45,0.55,False,900.0,1,nan,nan,5.717362034287572,vittima non trovata entro 15 minuti
4705,200,4,132.0,29.7,129.4,2.19,1e-06,25,0.60,0.58,False,900.0,1,nan,nan,12.630034432425754,vittima non trovata entro 15 minuti
4706,200,4,87.0,52.4,94.7,1.2,1e-06,50,center,center,False,900.0,2,2713.5267509718,52.09152283214419,30.128750867224237,vittima non trovata entro 15 minuti
4707,200,4,107.5,67.4,120.0,1.93,1e-06,50,0.35,0.40,False,900.0,2,1.0097419586828951e-28,1.0048591735576161e-14,1.4536392049318674,vittima non trovata entro 15 minuti
4709,200,4,25.6,62.4,61.0,4.39,1e-06,50,0.60,0.45,False,900.0,1,nan,nan,2.359400904082818,vittima non trovata entro 15 minuti
4710,200,4,156.7,122.2,191.7,3.92,1e-06,50,0.60,0.58,False,900.0,1,nan,nan,12.882027446329367,vittima non trovata entro 15 minuti
4753,200,4,57.3,165.9,169.2,4.73,1e-07,80,0.45,0.55,True,137.8,3,0.0012201614962300152,0.03493081012845272,0.4185483845346203,
4711,200,4,123.4,29.5,120.9,2.53,1e-06,80,center,center,False,900.0,2,0.0,0.0,0.6459508250261609,vittima non trovata entro 15 minuti
4755,200,4,70.1,28.7,69.3,4.78,1e-07,80,0.60,0.58,True,82.7,3,0.029895669909267605,0.17290364342392442,2.974471110756453,
4712,200,4,155.4,33.0,153.0,2.93,1e-06,80,0.35,0.40,False,900.0,1,nan,nan,4.68068888815789,vittima non trovata entro 15 minuti
4756,200,4,59.7,98.6,108.5,1.8,1e-07,120,center,center,True,118.5,3,0.0018870409708713776,0.04344008483959692,2.3407657904799093,
4757,200,4,97.1,19.8,93.3,4.81,1e-07,120,0.35,0.40,True,93.9,3,0.003943842820403467,0.0628000224554376,1.5305006561608285,
4713,200,4,111.7,131.1,165.2,3.22,1e-06,80,0.45,0.55,False,900.0,2,0.0,0.0,8.793046813144928,vittima non trovata entro 15 minuti
4760,200,4,118.8,151.9,185.8,3.53,1e-07,120,0.60,0.58,True,155.5,3,0.011608127068966946,0.10774101850719134,0.668312130294504,
4763,200,4,44.4,85.9,90.0,3.05,1e-06,25,0.45,0.55,True,119.2,3,0.008806326049882742,0.09384202709811176,0.5762892264035016,
4715,200,4,162.5,57.4,166.0,2.76,1e-06,80,0.60,0.58,False,900.0,1,nan,nan,5.238914472573883,vittima non trovata entro 15 minuti
4767,200,4,20.2,56.2,53.4,3.72,1e-06,50,0.35,0.40,True,73.4,3,0.0048439199977918,0.06959827582484929,0.20840077319340455,
4716,200,4,139.0,114.2,172.9,4.33,1e-06,120,center,center,False,900.0,2,4.0389678347315804e-28,2.0097183471152322e-14,2.0560480901453917,vittima non trovata entro 15 minuti
4717,200,4,119.9,85.8,140.4,4.74,1e-06,120,0.35,0.40,False,900.0,2,1.0097419586828951e-28,1.0048591735576161e-14,0.9459208529640876,vittima non trovata entro 15 minuti
4741,200,4,118.8,143.8,179.5,1.23,1e-07,25,center,center,False,527.5,3,298.91655861749587,17.28920352756297,41.45438226284052,vittima non trovata entro 15 minuti
4772,200,4,60.5,28.3,60.2,3.89,1e-06,80,0.35,0.40,True,83.80000000000001,3,0.0012952318716384697,0.035989329969290475,0.7752011969311515,
4724,200,4,147.0,22.9,143.1,2.41,1e-05,25,0.60,0.45,False,900.0,2,1.9721522630525295e-31,4.440892098500626e-16,25.81409900526801,vittima non trovata entro 15 minuti
4725,200,4,38.5,31.8,42.9,3.2,1e-05,25,0.60,0.58,False,900.0,0,nan,nan,59.10754996055465,vittima non trovata entro 15 minuti
4726,200,4,133.3,34.3,131.6,4.16,1e-05,50,center,center,False,900.0,1,8.063639499311706e-05,0.008979777001302263,27.009381318178594,vittima non trovata entro 15 minuti
4749,200,4,39.5,106.2,106.9,1.74,1e-07,50,0.60,0.45,False,636.3000000000001,3,203.0447445674092,14.249376988746182,10.121331375256094,vittima non trovata entro 15 minuti
4774,200,4,23.7,101.7,98.5,3.75,1e-06,80,0.60,0.45,True,98.4,3,0.002781749941113307,0.05274229745766966,2.2886355186273946,
4728,200,4,48.0,85.5,91.3,3.11,1e-05,50,0.45,0.55,False,900.0,0,nan,nan,nan,vittima non trovata entro 15 minuti
4730,200,4,25.8,25.7,29.3,4.28,1e-05,50,0.60,0.58,False,900.0,1,0.00042718630497348107,0.02066848579295254,19.423017782242347,vittima non trovata entro 15 minuti
4732,200,4,142.7,161.1,208.2,2.12,1e-05,80,0.35,0.40,False,900.0,2,0.0,0.0,19.653661311919844,vittima non trovata entro 15 minuti
4731,200,4,92.5,56.7,101.6,3.45,1e-05,80,center,center,False,900.0,0,nan,nan,nan,vittima non trovata entro 15 minuti
4775,200,4,21.1,169.1,164.9,2.41,1e-06,80,0.60,0.58,True,121.30000000000001,3,0.036378500663640345,0.19073148839046045,1.892081052514224,
4733,200,4,154.5,86.1,170.1,1.36,1e-05,80,0.45,0.55,False,900.0,2,1.0097419586828951e-28,1.0048591735576161e-14,29.811879011965196,vittima non trovata entro 15 minuti
4776,200,4,92.7,46.4,97.0,3.92,1e-06,120,center,center,True,122.7,3,0.003056866316438857,0.05528893484630407,0.06776257826891584,
4777,200,4,71.8,105.4,120.6,4.43,1e-06,120,0.35,0.40,True,112.80000000000001,3,0.020299476529170555,0.1424762314534272,4.605004121738465,
4779,200,4,30.8,61.1,61.8,4.47,1e-06,120,0.60,0.45,True,75.3,3,0.0017420195165836765,0.0417375073115738,4.793867706936979,
4780,200,4,97.0,40.0,98.5,4.79,1e-06,120,0.60,0.58,True,122.4,3,0.003055415219392595,0.05527581043632553,3.8782335239326855,
4751,200,4,39.6,142.6,141.8,1.05,1e-07,80,center,center,False,796.1,3,807.840477608424,28.42253467951836,17.06806685102539,vittima non trovata entro 15 minuti
4742,200,4,114.7,147.4,179.8,1.19,1e-07,25,0.35,0.40,False,900.0,2,2.0194839173657902e-28,1.4210854715202004e-14,1.8098976026371094,vittima non trovata entro 15 minuti
4745,200,4,20.3,127.0,122.9,4.67,1e-07,25,0.60,0.58,False,900.0,2,18.43073432525422,4.293103111416522,3.8586481201587306,vittima non trovata entro 15 minuti
4743,200,4,28.3,93.9,91.9,3.92,1e-07,25,0.45,0.55,False,900.0,2,0.0,0.0,3.7847741098313996,vittima non trovata entro 15 minuti
4744,200,4,141.6,41.0,141.3,3.73,1e-07,25,0.60,0.45,False,900.0,2,0.0,0.0,5.741084263209,vittima non trovata entro 15 minuti
4746,200,4,154.9,80.9,168.0,2.06,1e-07,50,center,center,False,900.0,2,1.0097419586828951e-28,1.0048591735576161e-14,18.404086955706045,vittima non trovata entro 15 minuti
4788,200,4,22.8,166.7,162.7,4.64,1e-05,50,0.45,0.55,True,123.2,3,0.0018195435897369328,0.04265610846920911,0.7971509294980628,
4747,200,4,45.5,151.3,151.8,3.21,1e-07,50,0.35,0.40,False,900.0,2,5.048709793414476e-29,7.105427357601002e-15,0.9194562188335412,vittima non trovata entro 15 minuti
4790,200,4,63.7,39.4,68.0,1.79,1e-05,50,0.60,0.58,True,74.7,3,0.002433229970716246,0.04932778092227792,0.39550809926119646,
4786,200,4,36.4,61.8,64.9,3.38,1e-05,50,center,center,True,181.10000000000002,3,0.0027048356810120224,0.052008034773600345,2.7368874570552966,
4748,200,4,130.8,77.0,144.9,3.86,1e-07,50,0.45,0.55,False,900.0,2,4.0389678347315804e-28,2.0097183471152322e-14,1.1359600398716332,vittima non trovata entro 15 minuti
4750,200,4,139.1,95.5,161.8,3.5,1e-07,50,0.60,0.58,False,900.0,2,4.0389678347315804e-28,2.0097183471152322e-14,0.23556880658297194,vittima non trovata entro 15 minuti
4789,200,4,118.7,73.4,132.7,1.36,1e-05,50,0.60,0.45,True,138.6,3,0.00022530818679790147,0.015010269377925949,1.904509368354987,
4792,200,4,59.7,55.3,74.3,3.78,1e-05,80,0.35,0.40,True,87.5,3,0.023591270493852092,0.1535945002070455,0.654757307451721,
4752,200,4,125.2,19.8,121.1,4.58,1e-07,80,0.35,0.40,False,900.0,2,0.0,0.0,2.325669407965551,vittima non trovata entro 15 minuti
4794,200,4,61.1,140.5,146.7,4.14,1e-05,80,0.60,0.45,True,101.60000000000001,3,0.0021031487828745915,0.04586010011845364,0.13784381103229984,
4791,200,4,113.6,129.7,165.3,4.11,1e-05,80,center,center,True,122.30000000000001,3,0.0023264534273640756,0.04823332278999733,0.15263509906164272,
4759,200,4,152.1,109.0,180.2,3.74,1e-07,120,0.60,0.45,False,800.9000000000001,3,124.0982178121338,11.13993796266989,18.164247408342746,vittima non trovata entro 15 minuti
4796,200,4,113.7,168.5,196.3,3.31,1e-05,120,center,center,True,120.7,3,0.002456388668883455,0.04956196796822595,3.607982049202389,
4754,200,4,150.5,24.1,146.7,1.43,1e-07,80,0.60,0.45,False,900.0,2,1.0097419586828951e-28,1.0048591735576161e-14,87.82050117347417,vittima non trovata entro 15 minuti
4793,200,4,89.9,68.9,106.3,1.57,1e-05,80,0.45,0.55,True,177.4,3,0.0038066476273779523,0.06169803584700207,0.3940166936370908,
4797,200,4,79.5,33.9,79.9,2.35,1e-05,120,0.35,0.40,True,170.0,3,0.0018142179768173034,0.042593637750458734,1.1071184036179367,
4800,200,4,91.7,119.8,143.8,1.48,1e-05,120,0.60,0.58,True,172.60000000000002,3,0.003088194808609766,0.05557152875897662,0.289445328046091,
4808,200,5,21.9,29.7,29.9,4.16,1e-07,50,0.45,0.55,True,33.800000000000004,3,0.0057654793869689885,0.07593075389438056,0.7998861515208533,
4758,200,4,146.7,63.9,153.5,1.61,1e-07,120,0.45,0.55,False,900.0,2,0.0,0.0,0.12667457009290056,vittima non trovata entro 15 minuti
4761,200,4,29.8,31.1,36.0,4.89,1e-06,25,center,center,False,900.0,1,nan,nan,2.57001117244813,vittima non trovata entro 15 minuti
4798,200,4,139.4,102.8,166.3,2.45,1e-05,120,0.45,0.55,True,200.8,3,0.004911666766069408,0.07008328449829822,0.052372756920924544,
4762,200,4,163.4,59.6,167.6,1.32,1e-06,25,0.35,0.40,False,900.0,1,nan,nan,2.466269208131948,vittima non trovata entro 15 minuti
4764,200,4,136.8,136.9,186.5,1.8,1e-06,25,0.60,0.45,False,900.0,1,0.000621480466751969,0.02492950995811929,0.73686110622986,vittima non trovata entro 15 minuti
4803,200,5,92.9,143.0,163.6,3.5,1e-07,25,0.45,0.55,False,118.9,3,0.01293486432327614,0.11373154497884982,20.484184658267274,vittima non trovata entro 15 minuti
4805,200,5,93.8,45.9,97.8,2.77,1e-07,25,0.60,0.58,True,105.60000000000001,3,0.029433793305434688,0.17156279697368743,0.6711881234535193,
4809,200,5,30.7,36.1,40.4,4.42,1e-07,50,0.60,0.45,True,58.6,3,0.03258400266565703,0.18051039489640763,5.074634832047001,
4804,200,5,80.9,150.1,163.8,1.28,1e-07,25,0.60,0.45,False,125.2,3,0.008405375146601689,0.09168083303832752,11.92863970867087,vittima non trovata entro 15 minuti
4806,200,5,97.4,64.7,110.0,2.91,1e-07,50,center,center,True,117.80000000000001,3,0.0012060314109518162,0.034727962954250804,0.2998925153477713,
4819,200,5,22.1,27.1,27.9,3.54,1e-07,120,0.60,0.45,True,31.5,3,0.04001650104151499,0.2000412483502215,6.886050958905493,
4811,200,5,19.7,45.8,43.4,4.53,1e-07,80,center,center,True,67.10000000000001,3,0.0071371966026709584,0.08448193062821753,4.793089654380634,
4810,200,5,100.5,79.8,121.3,3.49,1e-07,50,0.60,0.58,True,128.1,3,0.002183742237044267,0.04673052789177827,0.276718052690831,
4765,200,4,90.4,86.9,118.3,3.77,1e-06,25,0.60,0.58,False,900.0,1,nan,nan,13.170709631693645,vittima non trovata entro 15 minuti
4818,200,5,75.2,52.9,85.0,4.05,1e-07,120,0.45,0.55,True,105.2,3,0.0013376162542514509,0.036573436456688764,0.24356698428149487,
4766,200,4,166.4,144.4,213.2,2.73,1e-06,50,center,center,False,900.0,2,0.0,0.0,1.121020469396771,vittima non trovata entro 15 minuti
4813,200,5,93.0,159.8,178.0,4.78,1e-07,80,0.45,0.55,False,141.6,3,0.007128599895331277,0.08443103632747426,33.41120433409658,vittima non trovata entro 15 minuti
4823,200,5,60.9,47.8,70.4,3.78,1e-06,25,0.45,0.55,True,81.0,3,0.004561962070935167,0.06754229838356973,1.6113050248768248,
4816,200,5,95.7,142.6,164.8,2.67,1e-07,120,center,center,False,131.5,3,0.02554015313725306,0.15981286912277454,21.105165774474266,vittima non trovata entro 15 minuti
4768,200,4,138.8,67.9,147.8,2.6,1e-06,50,0.45,0.55,False,900.0,1,nan,nan,37.32087162018133,vittima non trovata entro 15 minuti
4769,200,4,149.1,84.2,164.5,4.73,1e-06,50,0.60,0.45,False,900.0,1,nan,nan,9.096969617500491,vittima non trovata entro 15 minuti
4826,200,5,77.7,41.6,81.4,1.24,1e-06,50,center,center,True,83.4,3,0.000999406923693386,0.031613397851122965,0.2210581745095576,
4825,200,5,90.5,38.1,91.7,3.64,1e-06,25,0.60,0.58,True,94.4,3,0.005900658391223465,0.07681574312094797,3.558008518235499,
4770,200,4,87.2,101.9,127.1,3.36,1e-06,50,0.60,0.58,False,900.0,2,0.9851355354401048,0.9925399414835178,1.1929478767215493,vittima non trovata entro 15 minuti
4820,200,5,150.9,147.6,204.0,2.78,1e-07,120,0.60,0.58,False,165.5,3,0.015819378831271304,0.12577511212982997,13.292529525939468,vittima non trovata entro 15 minuti
4827,200,5,95.7,37.8,96.5,3.05,1e-06,50,0.35,0.40,True,89.7,3,0.0021325252108825303,0.046179272524397026,1.0243005304008719,
4771,200,4,105.9,93.6,134.3,3.96,1e-06,80,center,center,False,900.0,2,2.0194839173657902e-28,1.4210854715202004e-14,0.08160619685492602,vittima non trovata entro 15 minuti
4831,200,5,84.7,89.8,116.4,1.02,1e-06,80,center,center,True,107.0,3,0.0048145337985331296,0.069386841681497,0.49854338061596193,
4829,200,5,90.2,96.5,125.0,1.46,1e-06,50,0.60,0.45,True,113.9,3,0.005572152196565862,0.07464684987704345,0.32369556321714843,
4833,200,5,26.3,100.7,98.0,3.81,1e-06,80,0.45,0.55,True,85.7,3,0.002192087681470388,0.04681973602521044,1.4910555343223055,
4832,200,5,43.3,158.4,158.1,3.9,1e-06,80,0.35,0.40,True,112.0,3,0.0021494285429877846,0.0463619298885172,0.24393407985386878,
4836,200,5,41.8,70.4,75.0,3.57,1e-06,120,center,center,True,96.60000000000001,3,0.0026971571272950273,0.05193416146714056,3.096542211506022,
4815,200,5,65.9,138.8,147.0,3.96,1e-07,80,0.60,0.58,False,282.5,3,0.03010552077368879,0.17350942560474572,82.64012570663893,vittima non trovata entro 15 minuti
4837,200,5,28.2,145.8,142.7,1.18,1e-06,120,0.35,0.40,True,98.4,3,0.0016560269811706158,0.0406943114104492,0.14557874412207927,
4839,200,5,108.5,33.6,107.4,3.26,1e-06,120,0.60,0.45,True,86.2,3,0.0035810705728379906,0.05984204686370605,2.4395529966679605,
4838,200,5,39.8,150.9,150.0,3.25,1e-06,120,0.45,0.55,True,98.60000000000001,3,0.001684553133056597,0.04104330801795339,1.074060179870064,
4773,200,4,141.2,23.5,137.5,4.45,1e-06,80,0.45,0.55,False,900.0,2,0.0,0.0,0.7470651274733634,vittima non trovata entro 15 minuti
4834,200,5,90.3,128.2,149.9,1.05,1e-06,80,0.60,0.45,True,132.3,3,0.036489171856396205,0.1910213910963801,1.020757244610104,
4843,200,5,96.2,52.7,103.0,1.82,1e-05,25,0.45,0.55,True,84.0,3,0.0004099038628397057,0.02024608265417549,0.4620756009631381,
4840,200,5,142.7,107.6,171.7,3.16,1e-06,120,0.60,0.58,True,127.7,3,0.001225161787957733,0.03500231118023113,0.15508392035974908,
4850,200,5,37.7,42.3,49.6,2.75,1e-05,50,0.60,0.58,True,54.6,3,0.0037973593703926516,0.06162271797310349,2.0318820721829254,
4849,200,5,47.6,112.1,115.3,2.48,1e-05,50,0.60,0.45,True,74.60000000000001,3,0.002947336926912475,0.05428938134582559,0.22665921398839864,
4845,200,5,135.3,144.2,190.7,1.38,1e-05,25,0.60,0.58,True,113.7,3,0.0037505079165958545,0.06124139055080195,0.15897101964035348,
4781,200,4,137.7,100.1,163.3,4.27,1e-05,25,center,center,False,900.0,1,nan,nan,26.908106988404427,vittima non trovata entro 15 minuti
4846,200,5,88.1,106.4,131.1,1.28,1e-05,50,center,center,True,110.4,3,0.002611748274540241,0.05110526660277041,1.4258929517530685,
4778,200,4,140.6,87.2,158.6,2.73,1e-06,120,0.45,0.55,False,900.0,2,0.0,0.0,0.2575959436486451,vittima non trovata entro 15 minuti
4782,200,4,116.2,114.7,156.2,2.39,1e-05,25,0.35,0.40,False,900.0,2,3.736045247126712e-26,1.9328852131274408e-13,30.304881813799913,vittima non trovata entro 15 minuti
4785,200,4,72.9,169.8,178.2,4.5,1e-05,25,0.60,0.58,False,900.0,1,2.692645223154387e-28,1.6409281590473078e-14,23.432594920596316,vittima non trovata entro 15 minuti
4844,200,5,121.6,23.8,118.1,3.69,1e-05,25,0.60,0.45,True,153.1,3,0.004935207055885448,0.0702510288599779,2.8419706540046192,
4784,200,4,33.0,70.9,71.6,4.24,1e-05,25,0.60,0.45,False,900.0,1,nan,nan,27.480598208497952,vittima non trovata entro 15 minuti
4848,200,5,58.2,140.1,145.2,3.42,1e-05,50,0.45,0.55,True,145.9,3,0.0015216736546399617,0.03900863564186732,1.441721982945271,
4851,200,5,136.2,156.8,200.7,2.78,1e-05,80,center,center,True,117.80000000000001,3,0.004216226210262546,0.06493247423487378,0.07626689065544008,
4852,200,5,38.3,164.5,163.0,3.82,1e-05,80,0.35,0.40,True,91.9,3,0.00470596619050504,0.0686000451202843,0.04823227350307647,
4854,200,5,53.9,62.7,75.7,1.66,1e-05,80,0.60,0.45,True,74.60000000000001,3,0.001929890972224051,0.043930524379115383,3.1416519250563155,
4783,200,4,103.8,36.7,103.8,1.59,1e-05,25,0.45,0.55,False,900.0,2,0.004063295299933501,0.06374398246057036,17.39020751459079,vittima non trovata entro 15 minuti
4787,200,4,136.8,107.2,166.8,2.72,1e-05,50,0.35,0.40,False,900.0,2,0.0,0.0,26.62481595973965,vittima non trovata entro 15 minuti
4853,200,5,76.4,165.5,175.7,4.26,1e-05,80,0.45,0.55,True,117.0,3,0.0011890233119524122,0.03448221732940636,1.385998664550702,
4858,200,5,45.4,46.5,58.0,1.28,1e-05,120,0.45,0.55,True,73.10000000000001,3,0.006546211691189609,0.0809086626461568,0.9295745924751204,
4857,200,5,88.2,104.3,129.6,1.16,1e-05,120,0.35,0.40,True,102.0,3,0.004500079901466074,0.06708263487271557,0.22253058282006852,
4856,200,5,157.5,77.4,168.8,1.44,1e-05,120,center,center,True,111.0,3,0.005614248729996197,0.07492829058504002,0.5413300124936993,
4855,200,5,112.5,167.5,194.8,4.2,1e-05,80,0.60,0.58,True,152.4,3,0.003915696496486876,0.06257552633807306,0.01149407350737285,
4863,200,5,63.4,45.1,70.9,2.71,1e-07,25,0.45,0.55,True,99.80000000000001,3,0.005702487753754313,0.07551481810713917,0.3331535577935096,
4869,200,5,85.8,36.3,86.7,3.08,1e-07,50,0.60,0.45,True,90.10000000000001,3,0.02027772204073708,0.14239986671600882,4.849818268758879,
4795,200,4,26.4,94.4,91.9,2.62,1e-05,80,0.60,0.58,False,900.0,0,nan,nan,nan,vittima non trovata entro 15 minuti
4861,200,5,140.1,76.9,153.1,2.8,1e-07,25,center,center,True,135.8,3,0.004898013106953424,0.06998580646783621,0.2857206921573972,
4867,200,5,19.3,152.8,148.5,2.16,1e-07,50,0.35,0.40,False,132.1,3,0.014496089441980317,0.12039970698461154,27.36474619613183,vittima non trovata entro 15 minuti
4865,200,5,137.0,89.9,157.0,3.47,1e-07,25,0.60,0.58,True,141.1,3,0.0017544845457475129,0.041886567605230116,0.14540861895197427,
4859,200,5,64.1,78.8,94.5,2.21,1e-05,120,0.60,0.45,True,165.5,3,0.004122867965625153,0.06420956288299394,1.8990626297713589,
4872,200,5,125.9,30.2,123.5,2.94,1e-07,80,0.35,0.40,False,99.60000000000001,3,7.763152782341242e-07,0.0008810875542385808,22.97989640048424,vittima non trovata entro 15 minuti
4860,200,5,100.5,110.8,142.6,1.77,1e-05,120,0.60,0.58,True,181.5,3,0.003314742108862806,0.05757379706830883,0.1639052739318959,
4876,200,5,24.4,23.7,26.9,1.12,1e-07,120,center,center,True,29.900000000000002,3,0.018838797745986378,0.13725449991161084,2.1452028114940003,
4868,200,5,125.5,62.8,133.6,4.02,1e-07,50,0.45,0.55,True,139.20000000000002,3,0.0032290924379418024,0.05682510394131983,0.24177049765033126,
4799,200,4,168.9,107.9,193.5,3.81,1e-05,120,0.60,0.45,False,900.0,1,nan,nan,30.736094636686904,vittima non trovata entro 15 minuti
4828,200,5,136.5,98.4,161.3,1.18,1e-06,50,0.45,0.55,True,458.20000000000005,3,0.0016335035386451165,0.04041662453304477,5.192346151524932,
4871,200,5,83.0,164.2,177.3,2.94,1e-07,80,center,center,True,151.20000000000002,3,0.024022510399190497,0.1549919688215828,3.194073860003272,
4873,200,5,51.6,152.6,154.8,3.57,1e-07,80,0.45,0.55,False,125.7,3,0.01782046668357078,0.1334933207451623,28.296877201489746,vittima non trovata entro 15 minuti
4874,200,5,45.0,167.2,167.0,1.85,1e-07,80,0.60,0.45,False,136.20000000000002,3,0.012654943891340338,0.11249419492285075,17.43421733033321,vittima non trovata entro 15 minuti
4879,200,5,93.1,49.8,98.8,3.55,1e-07,120,0.60,0.45,True,102.80000000000001,3,0.001166380803676252,0.034152317691135574,4.025250052609556,
4877,200,5,73.3,79.4,101.0,3.96,1e-07,120,0.35,0.40,True,114.5,3,0.0011091147150624199,0.03330337392911445,0.3481591082742059,
4886,200,5,73.3,32.4,73.6,2.5,1e-06,50,center,center,True,74.9,3,0.0014809626478765592,0.03848327750954379,0.1534058934549327,
4875,200,5,100.9,86.3,125.7,3.97,1e-07,80,0.60,0.58,True,124.60000000000001,3,0.004276346252998422,0.0653937783967131,0.07097800460806097,
4883,200,5,91.8,53.7,99.5,1.34,1e-06,25,0.45,0.55,True,99.2,3,0.002068508231917419,0.045480855663866074,0.317880348421707,
4878,200,5,37.7,159.1,157.5,4.01,1e-07,120,0.45,0.55,False,128.70000000000002,3,0.01135580179641091,0.10656360446423961,13.75258833210885,vittima non trovata entro 15 minuti
4880,200,5,142.8,135.6,189.9,4.98,1e-07,120,0.60,0.58,True,155.8,3,0.0322308886990065,0.179529631813265,0.46639304722083486,
4887,200,5,52.9,129.6,133.5,3.61,1e-06,50,0.35,0.40,True,109.5,3,0.004437563137802672,0.06661503687458765,0.1584176086985021,
4892,200,5,35.6,79.9,80.9,3.8,1e-06,80,0.35,0.40,True,76.10000000000001,3,0.0035031824936563164,0.059187688700069345,1.0547976096652214,
4889,200,5,71.0,106.5,121.1,4.6,1e-06,50,0.60,0.45,False,96.10000000000001,3,0.0038077594683289607,0.061707045532329294,14.165386776473504,vittima non trovata entro 15 minuti
4891,200,5,83.9,37.0,85.2,4.71,1e-06,80,center,center,True,93.9,3,0.0009026324223936501,0.030043841671691225,0.18341213608530188,
4890,200,5,56.3,158.9,162.2,4.6,1e-06,50,0.60,0.58,True,106.2,3,0.010701235026228755,0.10344677388023638,0.2787791240775396,
4801,200,5,71.4,55.5,83.4,2.78,1e-07,25,center,center,False,900.0,2,0.0,0.0,0.3981519560058426,vittima non trovata entro 15 minuti
4895,200,5,73.4,122.0,135.5,1.76,1e-06,80,0.60,0.58,False,101.30000000000001,3,0.02826683132620903,0.16812742585970034,14.981313108911854,vittima non trovata entro 15 minuti
4893,200,5,64.6,167.3,172.9,2.49,1e-06,80,0.45,0.55,True,122.10000000000001,3,0.022330096012176347,0.1494325801563245,0.5144406806183095,
4894,200,5,99.7,132.2,158.6,2.52,1e-06,80,0.60,0.45,True,121.0,3,0.030744565693470297,0.17534128348301292,0.8433145936539852,
4897,200,5,45.6,39.7,53.4,1.85,1e-06,120,0.35,0.40,True,75.10000000000001,3,0.0038627397802204772,0.062150943518344735,0.22114910728142054,
4896,200,5,84.8,81.9,110.8,1.88,1e-06,120,center,center,True,102.9,3,0.005173446597402904,0.07192667514492036,0.20885130749503378,
4802,200,5,143.5,122.8,181.9,4.63,1e-07,25,0.35,0.40,False,900.0,2,4.0389678347315804e-28,2.0097183471152322e-14,28.86413390022858,vittima non trovata entro 15 minuti
4898,200,5,22.4,137.6,133.7,3.19,1e-06,120,0.45,0.55,True,97.30000000000001,3,0.005427639853811476,0.07367251762910967,0.6117938817941347,
4866,200,5,165.7,146.4,214.0,3.72,1e-07,50,center,center,False,381.3,3,0.003148049345489402,0.05610748029888173,17.097322675637056,vittima non trovata entro 15 minuti
4907,200,5,38.3,53.0,58.4,4.01,1e-05,50,0.35,0.40,True,55.6,3,0.002371906111189102,0.04870221875016684,0.08653663399265542,
4807,200,5,160.3,143.6,208.1,4.3,1e-07,50,0.35,0.40,False,900.0,2,3.0292258760486853e-28,1.7404671430534633e-14,74.66251521602403,vittima non trovata entro 15 minuti
4906,200,5,90.3,24.5,87.5,2.73,1e-05,50,center,center,True,76.7,3,0.005514950116052963,0.07426271013135033,0.18893581017262287,
4899,200,5,165.0,139.9,209.3,1.0,1e-06,120,0.60,0.45,True,145.0,3,0.003792182060286368,0.06158069551642274,0.1674832792135807,
4900,200,5,155.1,139.7,201.7,3.22,1e-06,120,0.60,0.58,True,146.70000000000002,3,0.007781455945802591,0.08821256115657561,3.895773420039922,
4909,200,5,54.7,92.5,100.6,3.72,1e-05,50,0.60,0.45,True,81.10000000000001,3,0.0007108315606838447,0.02666142458091549,1.713829771446892,
4904,200,5,121.9,90.0,144.6,4.46,1e-05,25,0.60,0.45,True,129.5,3,0.008909462630841945,0.09438994984023429,0.08742992730145456,
4814,200,5,122.9,51.9,126.9,2.1,1e-07,80,0.60,0.45,False,900.0,2,1.0097419586828951e-28,1.0048591735576161e-14,2.377780461495905,vittima non trovata entro 15 minuti
4908,200,5,114.1,103.9,147.3,2.9,1e-05,50,0.45,0.55,True,108.0,3,0.004441077354167964,0.0666414087048583,0.018121222889650603,
4812,200,5,118.3,54.3,123.6,3.96,1e-07,80,0.35,0.40,False,900.0,2,1.262177448353619e-28,1.1234667099445444e-14,0.801901457011126,vittima non trovata entro 15 minuti
4821,200,5,57.0,113.1,119.9,3.97,1e-06,25,center,center,False,900.0,1,1.1780322851300441e-28,1.0853719570405549e-14,5.000346301039159,vittima non trovata entro 15 minuti
4822,200,5,164.1,103.4,187.1,4.13,1e-06,25,0.35,0.40,False,900.0,2,654.3678445633134,25.58061462442436,38.66845869985688,vittima non trovata entro 15 minuti
4911,200,5,39.9,152.3,151.4,1.92,1e-05,80,center,center,True,90.10000000000001,3,0.0053017607993245015,0.07281319110796135,2.691696069656274,
4824,200,5,159.9,51.4,161.7,3.09,1e-06,25,0.60,0.45,False,900.0,1,nan,nan,12.406338794182641,vittima non trovata entro 15 minuti
4817,200,5,165.3,92.3,182.5,3.03,1e-07,120,0.35,0.40,False,900.0,2,1.0097419586828951e-28,1.0048591735576161e-14,14.832640613735675,vittima non trovata entro 15 minuti
4916,200,5,156.4,26.2,152.9,3.43,1e-05,120,center,center,True,95.0,3,0.0017043042839140687,0.0412832203675303,1.2234577667027726,
4902,200,5,117.7,51.2,121.8,3.8,1e-05,25,0.35,0.40,True,228.60000000000002,3,0.0006647289610101175,0.0257823381602623,1.3361458552283672,
4912,200,5,70.9,28.9,70.1,1.55,1e-05,80,0.35,0.40,True,160.20000000000002,3,0.004908842686005534,0.07006313357255393,1.0667215271324637,
4915,200,5,109.3,146.4,175.7,1.99,1e-05,80,0.60,0.58,True,131.5,3,0.0018348551915904907,0.04283520971806361,0.27501484023454775,
4913,200,5,64.7,21.2,61.9,2.17,1e-05,80,0.45,0.55,True,161.8,3,0.003478094119984765,0.058975368756666244,0.07555712914888005,
4914,200,5,134.9,76.6,148.4,2.84,1e-05,80,0.60,0.45,True,140.4,3,0.004712922491336244,0.06865072826515567,2.574566535473957,
4918,200,5,85.3,168.8,182.4,4.9,1e-05,120,0.45,0.55,True,113.10000000000001,3,0.0011679623446449049,0.034175464073585085,1.7955559674696127,
4917,200,5,155.0,120.6,189.4,2.89,1e-05,120,0.35,0.40,True,134.3,3,0.003843972292140161,0.06199977654911477,1.281142532692324,
4920,200,5,142.9,159.7,207.2,3.3,1e-05,120,0.60,0.58,True,153.4,3,0.0029716533039984283,0.05451287282833687,0.09748151371782976,
4924,200,5,89.8,74.2,109.4,4.54,1e-07,25,0.60,0.45,True,118.80000000000001,3,0.0047046806440603295,0.06859067461441336,1.1490089334772267,
4919,200,5,101.7,123.3,152.8,3.05,1e-05,120,0.60,0.45,True,159.5,3,0.0015742439716327134,0.039676743460530045,0.3430498249875033,
4922,200,5,82.8,158.6,172.2,1.9,1e-07,25,0.35,0.40,True,140.3,3,0.023749372400097852,0.15410831385781187,0.8640179244583293,
4830,200,5,149.1,37.8,147.8,2.32,1e-06,50,0.60,0.58,False,900.0,2,0.0,0.0,0.09826100444820081,vittima non trovata entro 15 minuti
4926,200,5,62.5,42.8,68.8,3.54,1e-07,50,center,center,True,86.0,4,0.002591292829637136,0.050904742702788865,0.940183415336488,
4925,200,5,50.4,112.2,116.4,1.07,1e-07,25,0.60,0.58,True,118.9,3,0.0039510445066091105,0.06285733454903342,0.42431512560516016,
4928,200,5,52.5,66.4,77.7,1.23,1e-07,50,0.45,0.55,True,95.80000000000001,3,0.002725645134254916,0.0522077114443347,0.4956739503700349,
4932,200,5,66.6,43.8,72.8,3.0,1e-07,80,0.35,0.40,True,89.4,3,8.65222136040235e-06,0.002941465852326413,4.118097908876742,
4929,200,5,100.1,52.0,106.0,3.7,1e-07,50,0.60,0.45,True,109.4,3,0.003073580409254887,0.05543988103572091,4.173466273192449,
4835,200,5,125.0,66.1,134.7,4.46,1e-06,80,0.60,0.58,False,900.0,1,3.0292258760486853e-28,1.7404671430534633e-14,0.5711373110631557,vittima non trovata entro 15 minuti
4931,200,5,72.3,37.0,74.5,4.0,1e-07,80,center,center,True,111.9,3,0.0014147976658029685,0.03761379621632159,0.017728490780551602,
4842,200,5,145.8,19.0,141.5,2.39,1e-05,25,0.35,0.40,False,900.0,2,5.048709793414476e-29,7.105427357601002e-15,23.318473908148334,vittima non trovata entro 15 minuti
4888,200,5,152.8,63.9,159.1,2.39,1e-06,50,0.45,0.55,False,482.8,3,0.0009024110699157083,0.030040157621352592,16.071078323123388,vittima non trovata entro 15 minuti
4841,200,5,74.0,137.0,149.0,3.0,1e-05,25,center,center,False,900.0,1,2.0194839173657902e-28,1.4210854715202004e-14,21.409578889681104,vittima non trovata entro 15 minuti
4933,200,5,133.5,103.2,161.8,3.89,1e-07,80,0.45,0.55,True,136.4,3,0.003957940465950662,0.06291216468975346,0.10564302162022343,
4938,200,5,103.2,68.7,117.0,1.39,1e-07,120,0.45,0.55,True,121.5,3,0.0014359459259397549,0.03789387715633958,0.264975983094207,
4940,200,5,78.6,57.9,90.6,2.62,1e-07,120,0.60,0.58,True,107.5,3,0.0012351431457046144,0.035144603365305095,1.1084728352967048,
4937,200,5,64.3,154.5,160.8,2.45,1e-07,120,0.35,0.40,False,137.20000000000002,3,0.010648428231595132,0.10319122167895452,21.64461016252546,vittima non trovata entro 15 minuti
4944,200,5,58.7,48.3,69.0,2.57,1e-06,25,0.60,0.45,True,81.60000000000001,3,0.004588785363447232,0.06774057398226879,2.1929701509778035,
4864,200,5,147.9,81.0,161.9,2.63,1e-07,25,0.60,0.45,False,766.7,3,210.46722153497757,14.507488464064949,11.829995261210083,vittima non trovata entro 15 minuti
4936,200,5,114.3,124.7,162.1,2.03,1e-07,120,center,center,True,146.20000000000002,3,0.0011213702724416556,0.033486867163735334,0.7072519556289175,
4947,200,5,77.2,29.9,76.4,4.82,1e-06,50,0.35,0.40,True,72.7,3,0.0014580215232226645,0.038184048020379724,1.1158621214073443,
4847,200,5,120.3,34.3,119.0,2.04,1e-05,50,0.35,0.40,False,900.0,2,6.731613057885967e-29,8.204640795236539e-15,35.97805259710077,vittima non trovata entro 15 minuti
4946,200,5,82.9,111.7,132.2,4.61,1e-06,50,center,center,True,127.7,3,0.003594191713842558,0.05995157807633222,0.09375691213012544,
4953,200,5,65.7,67.2,86.9,3.31,1e-06,80,0.45,0.55,True,85.9,3,0.004260615705258326,0.06527339201587677,1.5183321989022829,
4956,200,5,66.6,49.3,75.9,3.67,1e-06,120,center,center,True,82.5,3,0.0025229939944960826,0.05022941363878422,3.7534943613004095,
4955,200,5,26.3,102.2,99.5,3.25,1e-06,80,0.60,0.58,True,85.7,3,0.004692886853093173,0.06850464840500367,1.2655054304066504,
4957,200,5,69.8,29.4,69.2,4.25,1e-06,120,0.35,0.40,True,72.10000000000001,3,0.0067192349001391274,0.08197093936352766,1.9533559019606972,
4951,200,5,98.1,85.9,123.4,2.84,1e-06,80,center,center,True,111.4,3,0.005334396046811289,0.07303694987341194,0.18722849582245749,
4950,200,5,93.7,112.8,139.6,3.28,1e-06,50,0.60,0.58,True,120.10000000000001,3,0.003954436477550501,0.0628843102653635,0.23462142239063738,
4954,200,5,82.3,55.1,92.1,3.58,1e-06,80,0.60,0.45,True,104.30000000000001,3,0.004700483617458273,0.06856007305610368,2.985505143449837,
4949,200,5,128.8,159.5,198.0,1.73,1e-06,50,0.60,0.45,True,162.8,3,3.0457195849352967,1.745199010123286,1.2644529138338423,
4952,200,5,107.0,143.7,172.1,1.83,1e-06,80,0.35,0.40,True,133.4,3,0.02584881859788392,0.16077567788034333,0.1468632981887332,
4862,200,5,70.1,68.8,91.2,1.85,1e-07,25,0.35,0.40,False,900.0,2,2.0194839173657902e-28,1.4210854715202004e-14,0.10941558178016306,vittima non trovata entro 15 minuti
4962,200,5,114.3,23.0,110.8,1.18,1e-05,25,0.35,0.40,True,70.7,3,0.0013814698674647053,0.03716812972782872,0.7136737604144344,
4959,200,5,99.9,28.9,97.9,1.89,1e-06,120,0.60,0.45,True,86.5,3,0.0026605414456979826,0.05158043665672076,1.4136199615392884,
4965,200,5,47.7,21.4,45.8,3.87,1e-05,25,0.60,0.58,True,69.10000000000001,3,0.0012242102034494564,0.034988715372952124,2.2621394334916536,
4958,200,5,94.4,118.8,144.7,3.38,1e-06,120,0.45,0.55,True,120.10000000000001,3,0.0024412893869840357,0.04940940585540405,2.0306332510697294,
4963,200,5,52.8,122.7,127.1,1.51,1e-05,25,0.45,0.55,True,92.30000000000001,3,0.0014715098413129741,0.03836026383268205,0.49100604873039566,
4960,200,5,105.5,109.2,144.8,1.78,1e-06,120,0.60,0.58,True,112.2,3,0.0018116546119373062,0.042563536177546456,0.18538416199304303,
4870,200,5,106.0,91.7,133.2,4.13,1e-07,50,0.60,0.58,False,900.0,2,0.0,0.0,0.10572766508073968,vittima non trovata entro 15 minuti
4966,200,5,165.1,156.7,220.6,2.03,1e-05,50,center,center,True,138.1,3,0.000742492988686671,0.027248724533208358,0.14477939381868093,
4968,200,5,115.9,94.9,142.7,1.66,1e-05,50,0.45,0.55,True,98.60000000000001,3,0.004296877656181862,0.06555057327119163,0.13070406523146727,
4974,200,5,36.8,69.8,72.2,3.61,1e-05,80,0.60,0.45,True,67.3,3,0.004730772586981424,0.06878061199917768,4.037237288086208,
4975,200,5,80.8,33.5,81.0,3.88,1e-05,80,0.60,0.58,True,63.400000000000006,3,0.0027047966714504766,0.05200765973825852,2.4984595713392745,
4972,200,5,81.8,99.7,121.9,2.36,1e-05,80,0.35,0.40,True,105.30000000000001,3,0.0028107077535125054,0.05301610843425331,0.03415451796657012,
4971,200,5,133.5,130.9,179.9,3.67,1e-05,80,center,center,True,119.2,3,0.002266451378564565,0.0476072618259501,0.05049960769935746,
4970,200,5,154.5,135.1,198.2,1.02,1e-05,50,0.60,0.58,True,129.70000000000002,3,0.004876723020789514,0.06983353793693624,0.060869435784434114,
4882,200,5,121.4,114.6,159.9,3.22,1e-06,25,0.35,0.40,False,900.0,2,3.0292258760486853e-28,1.7404671430534633e-14,1.186180371197582,vittima non trovata entro 15 minuti
4881,200,5,157.0,64.5,163.2,4.97,1e-06,25,center,center,False,900.0,2,0.0,0.0,0.058430734924849514,vittima non trovata entro 15 minuti
4884,200,5,154.9,138.6,200.8,1.37,1e-06,25,0.60,0.45,False,900.0,2,4.0389678347315804e-28,2.0097183471152322e-14,8.813813265870406,vittima non trovata entro 15 minuti
4885,200,5,143.7,26.3,140.3,2.99,1e-06,25,0.60,0.58,False,900.0,2,4.165185579566942e-28,2.040878629308206e-14,0.4419213216298569,vittima non trovata entro 15 minuti
4981,200,5,19.1,39.0,36.8,3.16,1e-07,25,center,center,True,53.5,3,0.005049747715778015,0.07106157692999794,4.205421376422135,
4978,200,5,95.8,55.5,103.9,3.2,1e-05,120,0.45,0.55,True,95.60000000000001,3,0.0016285635900527761,0.040355465429762746,0.12124293174623826,
4977,200,5,81.7,153.4,167.0,4.48,1e-05,120,0.35,0.40,True,108.0,3,0.0013351534462625902,0.03653975159005039,0.09075621569459433,
4973,200,5,142.2,34.4,140.3,4.64,1e-05,80,0.45,0.55,True,184.70000000000002,3,0.0021515401885206747,0.04638469778408257,0.10863976273202727,
4984,200,5,21.8,47.3,45.5,3.64,1e-07,25,0.60,0.45,True,78.30000000000001,3,0.01595656603891646,0.12631930192538454,5.763782925422038,
4976,200,5,69.2,41.8,74.0,3.32,1e-05,120,center,center,True,162.60000000000002,3,0.001551098810854529,0.03938399180954781,0.8830901889754705,
4980,200,5,163.5,55.3,166.3,1.29,1e-05,120,0.60,0.58,True,143.4,3,0.005622500766522148,0.07498333659235329,0.8324323846750222,
4979,200,5,168.5,117.5,198.4,4.96,1e-05,120,0.60,0.45,True,159.3,3,0.001411658375875219,0.03757204247675682,0.07261379458770566,
4983,200,5,130.6,88.7,151.0,2.93,1e-07,25,0.45,0.55,True,136.4,3,0.0015608656981503752,0.0395077928787521,0.04474482436878756,
4986,200,5,61.7,154.4,159.8,3.26,1e-07,50,center,center,False,131.6,3,0.02003532051587892,0.14154617803345634,31.398437413216985,vittima non trovata entro 15 minuti
4901,200,5,165.4,138.1,208.4,3.08,1e-05,25,center,center,False,900.0,1,1.3463226115771934e-27,3.669226909823367e-14,43.7777007132309,vittima non trovata entro 15 minuti
4905,200,5,29.1,146.5,143.5,3.89,1e-05,25,0.60,0.58,False,900.0,1,nan,nan,24.880588137191204,vittima non trovata entro 15 minuti
4903,200,5,74.2,60.4,88.6,3.97,1e-05,25,0.45,0.55,False,900.0,0,nan,nan,nan,vittima non trovata entro 15 minuti
4988,200,5,128.7,145.5,187.2,1.24,1e-07,50,0.45,0.55,False,138.70000000000002,3,0.029502847556302676,0.17176392973003,22.083387745464663,vittima non trovata entro 15 minuti
4985,200,5,140.3,170.8,214.0,3.04,1e-07,25,0.60,0.58,False,173.20000000000002,3,0.02644519049857961,0.16261977277864956,16.081938028972814,vittima non trovata entro 15 minuti
4989,200,5,127.4,110.9,161.9,2.91,1e-07,50,0.60,0.45,True,143.4,3,0.001265859178344515,0.03557891479998392,0.16264517871811301,
4995,200,5,54.5,34.2,57.5,4.22,1e-07,80,0.60,0.58,True,77.60000000000001,3,0.02937855614923028,0.17140173904960906,2.403059436985094,
4993,200,5,101.9,101.1,136.5,2.68,1e-07,80,0.45,0.55,True,137.3,3,0.0016641805658259511,0.04079436929069931,0.24084453130231384,
4996,200,5,51.0,125.5,129.0,3.59,1e-07,120,center,center,True,124.30000000000001,3,0.002150639856040833,0.04637499170933439,3.917406315967125,
5002,200,5,79.7,22.3,76.7,1.11,1e-06,25,0.35,0.40,True,85.60000000000001,3,0.00411514695382458,0.06414941117285941,0.7696518376762236,
4999,200,5,37.2,123.3,122.6,1.91,1e-07,120,0.60,0.45,False,106.2,3,0.02538302702128374,0.15932051663638222,22.081569473957092,vittima non trovata entro 15 minuti
4910,200,5,144.8,48.9,146.5,3.25,1e-05,50,0.60,0.58,False,900.0,2,2.524354896707238e-28,1.5888218580782548e-14,26.780399159292926,vittima non trovata entro 15 minuti
4997,200,5,129.0,148.7,189.8,3.07,1e-07,120,0.35,0.40,False,151.6,3,0.02848688395185072,0.1687805793089084,35.18356926502826,vittima non trovata entro 15 minuti
4998,200,5,105.3,121.3,153.6,1.46,1e-07,120,0.45,0.55,True,140.5,3,0.001630830171908157,0.04038353837776176,0.44408329268231,
4921,200,5,117.1,53.0,121.9,2.03,1e-07,25,center,center,False,900.0,2,0.18328147492292413,0.4281138574292172,2.3881559974904056,vittima non trovata entro 15 minuti
5000,200,5,156.3,145.2,206.3,3.89,1e-07,120,0.60,0.58,False,161.3,3,0.013052330815033566,0.11424679783273388,18.70634237654014,vittima non trovata entro 15 minuti
5006,200,5,107.8,19.7,103.8,1.58,1e-06,50,center,center,True,81.0,3,0.0005760951810005337,0.024001982855600363,6.000278796099212,
5008,200,5,103.6,59.4,112.6,3.26,1e-06,50,0.45,0.55,True,95.9,3,0.0059079335963828535,0.07686308344311236,0.22751207170406057,
4923,200,5,103.8,107.2,142.2,3.83,1e-07,25,0.45,0.55,False,900.0,2,2.0194839173657902e-28,1.4210854715202004e-14,0.5191529496481853,vittima non trovata entro 15 minuti
5004,200,5,165.2,145.2,212.9,3.46,1e-06,25,0.60,0.45,True,162.60000000000002,3,0.0057059090166706895,0.07553746763474858,0.26785180297661676,
5005,200,5,90.1,146.2,164.9,4.41,1e-06,25,0.60,0.58,True,131.0,3,0.002199686190000412,0.04690081225309869,1.2070313404083708,
5007,200,5,89.1,137.9,157.3,3.86,1e-06,50,0.35,0.40,True,130.3,3,0.004035117550358977,0.06352257512380127,0.08063297248421566,
4927,200,5,69.6,137.9,147.8,4.41,1e-07,50,0.35,0.40,False,900.0,2,1.0097419586828951e-28,1.0048591735576161e-14,73.62997681548184,vittima non trovata entro 15 minuti
5016,200,5,60.5,19.1,57.2,2.33,1e-06,120,center,center,True,55.900000000000006,3,0.005446345717993094,0.07379936123025113,0.12047968781722708,
5011,200,5,56.1,165.3,168.3,1.03,1e-06,80,center,center,True,123.5,3,0.004930210865771184,0.07021546030448839,1.3826081669625885,
5013,200,5,58.6,103.8,112.4,3.32,1e-06,80,0.45,0.55,True,100.60000000000001,3,0.008276952217873262,0.09097775672038337,1.0993047969229657,
5015,200,5,79.6,22.6,76.7,3.21,1e-06,80,0.60,0.58,True,89.9,3,0.006627553403239668,0.08140978690083685,2.4091734501722266,
5018,200,5,31.2,66.3,66.7,3.11,1e-06,120,0.45,0.55,True,72.4,3,0.005579485531283587,0.07469595391507887,2.0170074577312334,
4930,200,5,24.9,71.9,69.8,1.51,1e-07,50,0.60,0.58,False,900.0,2,0.0,0.0,1.0702802507817848,vittima non trovata entro 15 minuti
4935,200,5,107.2,83.0,128.5,3.26,1e-07,80,0.60,0.58,False,900.0,2,0.0,0.0,0.2257483983403566,vittima non trovata entro 15 minuti
5017,200,5,112.3,131.0,165.4,4.54,1e-06,120,0.35,0.40,False,115.9,3,0.028323995271243713,0.16829734184247747,15.547389520535322,vittima non trovata entro 15 minuti
4987,200,5,148.2,107.8,176.3,4.95,1e-07,50,0.35,0.40,True,439.8,3,195.21135040345308,13.97180555273559,8.916985563406337,
5019,200,5,62.8,86.8,100.2,5.0,1e-06,120,0.60,0.45,True,91.80000000000001,3,0.003266479575756921,0.05715312393698984,3.665003645974284,
4941,200,5,151.3,101.0,175.0,3.61,1e-06,25,center,center,False,900.0,2,2.0194839173657902e-28,1.4210854715202004e-14,1.1197008982735432,vittima non trovata entro 15 minuti
4943,200,5,167.2,70.2,174.8,3.2,1e-06,25,0.45,0.55,False,900.0,1,nan,nan,6.188944288593572,vittima non trovata entro 15 minuti
4934,200,5,162.2,58.4,166.0,2.9,1e-07,80,0.60,0.45,False,900.0,2,0.0,0.0,1.478749383621473,vittima non trovata entro 15 minuti
4942,200,5,122.8,91.4,146.1,4.02,1e-06,25,0.35,0.40,False,900.0,2,0.0,0.0,0.1294034007785746,vittima non trovata entro 15 minuti
5020,200,5,81.0,75.5,103.7,3.01,1e-06,120,0.60,0.58,True,113.80000000000001,3,0.004114882230076788,0.06414734780235881,1.3493881685546762,
4982,200,5,79.8,70.8,99.6,3.44,1e-07,25,0.35,0.40,False,554.1,3,0.0016774428563325334,0.04095659722599686,43.28398152774673,vittima non trovata entro 15 minuti
4939,200,5,155.5,63.2,161.4,3.86,1e-07,120,0.60,0.45,False,900.0,2,4.291403324402304e-28,2.07157025572446e-14,5.87892525769162,vittima non trovata entro 15 minuti
4945,200,5,141.1,121.3,179.0,2.93,1e-06,25,0.60,0.58,False,900.0,2,6.058451752097371e-28,2.4613922385709617e-14,5.2094019307759085,vittima non trovata entro 15 minuti
5026,200,5,37.2,92.3,93.0,3.58,1e-05,50,center,center,True,78.5,3,0.010472047417534743,0.10233302212646093,2.3350358042180925,
5024,200,5,117.8,111.3,155.0,2.61,1e-05,25,0.60,0.45,True,117.10000000000001,3,0.004310154678602215,0.06565176828237161,0.06420514070905267,
5027,200,5,46.2,164.6,164.8,4.91,1e-05,50,0.35,0.40,True,94.10000000000001,3,0.0027457993856600097,0.052400375816018814,0.08102337989560993,
4948,200,5,161.5,117.2,192.6,1.08,1e-06,50,0.45,0.55,False,900.0,1,nan,nan,2.6909531818794328,vittima non trovata entro 15 minuti
5031,200,5,119.9,81.9,138.3,1.14,1e-05,80,center,center,True,91.0,3,0.005956903912486062,0.07718098154653166,0.04000685516051324,
5034,200,5,115.9,49.8,119.6,1.98,1e-05,80,0.60,0.45,True,79.80000000000001,3,0.0037926693849791165,0.06158465218688108,6.014264000943234,
5029,200,5,128.4,138.3,181.7,1.68,1e-05,50,0.60,0.45,True,117.9,3,0.0031641117216068193,0.056250437523692375,0.09318545191338633,
5028,200,5,162.0,169.1,227.1,3.45,1e-05,50,0.45,0.55,True,144.3,3,0.011133967554257692,0.1055176172696185,0.2992611587852045,
5038,200,5,91.4,34.6,91.3,3.12,1e-05,120,0.45,0.55,True,77.5,3,0.0037946863710222895,0.06160102573027733,0.0832624859861527,
5032,200,5,153.0,159.1,213.7,1.84,1e-05,80,0.35,0.40,True,137.1,3,0.0039843582830669175,0.06312177344678235,0.2003046925590826,
5033,200,5,71.4,29.8,70.9,3.62,1e-05,80,0.45,0.55,True,162.10000000000002,3,0.003217800695140602,0.056725661698569914,0.17790338148245374,
4961,200,5,161.5,91.0,178.6,3.55,1e-05,25,center,center,False,900.0,1,1.0097419586828951e-28,1.0048591735576161e-14,17.936671795278524,vittima non trovata entro 15 minuti
4964,200,5,153.6,87.2,169.8,1.23,1e-05,25,0.60,0.45,False,900.0,1,2.62869489910447e-26,1.6213250442475963e-13,30.79483715044398,vittima non trovata entro 15 minuti
5035,200,5,135.8,53.2,139.4,3.77,1e-05,80,0.60,0.58,True,183.3,3,0.0026119117861278275,0.051106866330541414,0.04874201332525591,
5036,200,5,142.3,71.8,152.7,1.09,1e-05,120,center,center,True,180.0,3,0.0020048513144298647,0.04477556604254004,0.7308669256630634,
5044,200,5,96.1,94.0,127.4,1.08,1e-07,25,0.60,0.45,True,105.10000000000001,3,0.0036159752059807455,0.06013297935393477,0.3799739495045114,
5037,200,5,104.4,92.4,132.4,2.21,1e-05,120,0.35,0.40,True,179.3,3,0.024095158668989432,0.1552261533021721,1.5672181164114454,
5042,200,5,125.3,105.4,156.6,2.51,1e-07,25,0.35,0.40,True,123.30000000000001,3,0.00407216520654548,0.0638135189951587,0.43340156256446905,
5039,200,5,156.6,35.8,154.7,4.71,1e-05,120,0.60,0.45,True,163.8,3,0.0013083262689834343,0.03617079303780101,3.8657337435556225,
5040,200,5,66.3,115.9,126.7,1.85,1e-05,120,0.60,0.58,True,167.3,3,0.00367432235386725,0.06061618887613481,0.18371002719072357,
4967,200,5,144.5,120.5,181.1,1.2,1e-05,50,0.35,0.40,False,900.0,2,0.0002444132539210946,0.015633721691302255,0.8370673689849485,vittima non trovata entro 15 minuti
4969,200,5,144.7,100.4,169.2,1.15,1e-05,50,0.60,0.45,False,900.0,2,0.0,0.0,23.99965770912583,vittima non trovata entro 15 minuti
5054,200,5,87.7,40.2,89.8,2.28,1e-07,80,0.60,0.45,True,80.4,3,0.019752780258094182,0.14054458459184468,4.777963773037446,
5046,200,5,153.4,158.5,213.5,1.71,1e-07,50,center,center,False,171.70000000000002,3,0.02635466613704094,0.16234120283230916,15.561611066722113,vittima non trovata entro 15 minuti
5053,200,5,89.8,67.6,105.4,3.06,1e-07,80,0.45,0.55,True,116.0,3,0.0027546577431421197,0.05248483345826792,0.216335963357311,
5058,200,5,28.4,67.8,67.0,2.0,1e-07,120,0.45,0.55,True,97.80000000000001,3,0.013846967828818401,0.11767313979332072,0.4969350558040097,
5052,200,5,137.4,88.7,156.6,1.26,1e-07,80,0.35,0.40,True,138.5,3,0.004221672402298501,0.06497439805260609,0.9163440516025539,
5057,200,5,98.8,137.0,161.9,1.56,1e-07,120,0.35,0.40,True,140.4,3,0.003044930494759304,0.05518088885437877,0.08496921083625189,
5059,200,5,47.0,104.5,108.0,2.97,1e-07,120,0.60,0.45,True,115.0,3,0.0025462441856347337,0.05046032288476495,0.6132198223103337,
5063,200,5,19.5,104.9,100.9,3.47,1e-06,25,0.45,0.55,True,89.5,3,0.010776748861429514,0.10381112108743222,0.9010126424312854,
5064,200,5,26.7,132.1,128.9,3.59,1e-06,25,0.60,0.45,True,95.0,3,0.002458611633751204,0.04958438901258343,0.16656389815514447,
5060,200,5,140.2,150.3,198.5,3.5,1e-07,120,0.60,0.58,False,160.5,3,0.02111786023969381,0.14531985493969435,10.407393304084914,vittima non trovata entro 15 minuti
4990,200,5,160.0,150.3,212.4,1.79,1e-07,50,0.60,0.58,False,900.0,2,4.0389678347315804e-28,2.0097183471152322e-14,2.066691885181633,vittima non trovata entro 15 minuti
5067,200,5,63.2,69.3,86.7,4.11,1e-06,50,0.35,0.40,True,86.60000000000001,3,0.0046326693267807325,0.06806371519966224,0.12253233741837341,
4992,200,5,102.4,46.8,106.0,4.76,1e-07,80,0.35,0.40,False,900.0,2,1.0097419586828951e-28,1.0048591735576161e-14,0.8719695970963199,vittima non trovata entro 15 minuti
4991,200,5,106.3,75.3,123.3,3.71,1e-07,80,center,center,False,900.0,2,2.0194839173657902e-28,1.4210854715202004e-14,0.36744511984717576,vittima non trovata entro 15 minuti
5065,200,5,154.2,158.0,213.7,4.53,1e-06,25,0.60,0.58,True,152.3,3,0.0008471374654586122,0.029105626010423005,0.2578775282315545,
5068,200,5,61.9,55.4,76.0,1.29,1e-06,50,0.45,0.55,True,85.30000000000001,3,0.00028204645669373376,0.016794238794709742,0.6783103819609672,
5045,200,5,74.8,54.9,85.8,4.54,1e-07,25,0.60,0.58,True,409.0,3,0.0022417608045796696,0.04734723650414741,5.916614049771102,
5069,200,5,109.8,35.0,109.0,3.99,1e-06,50,0.60,0.45,True,93.2,3,0.001834585844304156,0.042832065608655344,2.9544223191509675,
5001,200,5,167.2,142.2,212.4,4.35,1e-06,25,center,center,False,900.0,2,0.0006578095207726052,0.025647797581324704,0.3281510865625754,vittima non trovata entro 15 minuti
4994,200,5,41.5,146.7,146.3,4.89,1e-07,80,0.60,0.45,False,900.0,2,0.0,0.0,2.16271708813365,vittima non trovata entro 15 minuti
5075,200,5,39.7,52.1,58.5,3.19,1e-06,80,0.60,0.58,True,68.7,3,0.0004541285809286527,0.021310292840049212,0.9048239767955976,
5071,200,5,70.2,121.1,133.2,4.16,1e-06,80,center,center,True,103.5,3,0.0019558613138869097,0.044225120846493,3.909586284091991,
5072,200,5,91.1,65.3,105.1,3.89,1e-06,80,0.35,0.40,True,105.4,3,0.0029681521331811245,0.0544807501158081,1.0895596198876054,
5003,200,5,125.6,110.7,160.3,3.74,1e-06,25,0.45,0.55,False,900.0,2,3.0292258760486853e-28,1.7404671430534633e-14,0.08777708148331034,vittima non trovata entro 15 minuti
5078,200,5,28.1,123.9,121.1,2.83,1e-06,120,0.45,0.55,True,91.4,3,0.006390407832253494,0.07994002647143353,0.7120360286093158,
5076,200,5,47.6,108.7,112.2,4.46,1e-06,120,center,center,True,113.4,3,0.005577514356187476,0.0746827580917274,3.382673869570218,
5079,200,5,68.6,116.4,128.3,4.24,1e-06,120,0.60,0.45,True,99.9,3,0.0018132327734098708,0.04258207103241775,0.13201331863572915,
5074,200,5,166.7,157.5,222.3,3.51,1e-06,80,0.60,0.45,True,152.70000000000002,3,0.0029156448218026956,0.05399671121283865,0.29973058515719236,
5009,200,5,128.9,99.3,155.7,3.2,1e-06,50,0.60,0.45,False,900.0,1,nan,nan,49.03890925641018,vittima non trovata entro 15 minuti
5080,200,5,147.6,127.6,188.1,1.58,1e-06,120,0.60,0.58,True,132.1,3,0.008402063233788856,0.09166276907113845,0.9950241633018476,
5010,200,5,165.0,61.2,169.6,2.5,1e-06,50,0.60,0.58,False,900.0,1,nan,nan,3.3691913914998595,vittima non trovata entro 15 minuti
5085,200,5,92.9,96.2,126.7,2.24,1e-05,25,0.60,0.58,True,99.80000000000001,3,0.005205487964154347,0.07214906765963332,0.02632509106076566,
5021,200,5,101.0,160.3,182.6,1.91,1e-05,25,center,center,False,900.0,1,70.48642220742238,8.39561922715784,13.472614636867362,vittima non trovata entro 15 minuti
5083,200,5,21.6,84.5,81.2,3.36,1e-05,25,0.45,0.55,True,176.10000000000002,3,0.0014461646075334359,0.038028471012301245,1.1384456746506961,
5022,200,5,20.4,72.4,69.2,1.14,1e-05,25,0.35,0.40,False,900.0,1,278.6722003364677,16.693477778356065,23.409950599616963,vittima non trovata entro 15 minuti
5012,200,5,154.0,109.4,182.0,4.33,1e-06,80,0.35,0.40,False,900.0,2,1.0097419586828951e-28,1.0048591735576161e-14,45.43513568849582,vittima non trovata entro 15 minuti
5089,200,5,52.9,145.4,148.4,2.73,1e-05,50,0.60,0.45,True,98.9,3,0.006191232732631885,0.07868438684155761,0.02894578217438756,
5094,200,5,47.6,35.4,52.3,3.53,1e-05,80,0.60,0.45,True,43.1,3,0.009278173755609924,0.09632327733009256,2.5591803235052706,
5091,200,5,122.4,117.8,162.8,1.63,1e-05,80,center,center,True,121.9,3,0.0039145173759446185,0.06256610404959397,0.6042862275062415,
5014,200,5,150.2,28.8,147.1,2.84,1e-06,80,0.60,0.45,False,900.0,2,4.0389678347315804e-28,2.0097183471152322e-14,2.371584493034707,vittima non trovata entro 15 minuti
5093,200,5,44.0,44.6,55.6,2.11,1e-05,80,0.45,0.55,True,73.10000000000001,3,0.00845283346651509,0.0919392922885264,1.1632867307371735,
5023,200,5,161.8,51.3,163.5,3.73,1e-05,25,0.45,0.55,False,900.0,1,nan,nan,25.082524376119366,vittima non trovata entro 15 minuti
5025,200,5,67.5,74.3,93.3,1.25,1e-05,25,0.60,0.58,False,900.0,1,842.7994274708274,29.03100803401128,3.9196595850944083,vittima non trovata entro 15 minuti
5088,200,5,29.1,45.1,46.8,3.82,1e-05,50,0.45,0.55,True,182.4,3,0.0035915741659250785,0.05992974358300791,2.3379787944370425,
5092,200,5,119.1,169.1,199.8,1.36,1e-05,80,0.35,0.40,True,128.1,3,0.00731557537111688,0.0855311368515401,0.07391205930326877,
5098,200,5,41.3,47.8,56.1,2.26,1e-05,120,0.45,0.55,True,54.7,3,0.005019571478888731,0.07084893421138197,1.3546432531259534,
5095,200,5,132.7,169.1,207.9,4.64,1e-05,80,0.60,0.58,True,124.60000000000001,3,0.0031902017209702108,0.0564818707283161,0.08905242403863324,
5097,200,5,54.1,89.2,97.5,3.06,1e-05,120,0.35,0.40,True,81.5,3,0.004869937459949989,0.06978493719958476,0.2155075419240988,
5096,200,5,157.6,84.7,172.2,2.3,1e-05,120,center,center,True,114.9,3,0.005650552119998162,0.07517015444974263,0.3263002562008415,
5101,200,5,22.8,46.9,45.5,3.04,1e-07,25,center,center,True,77.9,3,0.03662105011052898,0.1913662721341694,4.246214930480073,
5104,200,5,38.3,28.7,40.9,4.68,1e-07,25,0.60,0.45,True,57.6,3,0.010500467724067493,0.10247178989393858,5.3340085039968885,
5030,200,5,133.2,93.9,156.1,4.2,1e-05,50,0.60,0.58,False,900.0,2,0.0,0.0,34.55703104322323,vittima non trovata entro 15 minuti
5100,200,5,33.9,128.0,126.3,4.82,1e-05,120,0.60,0.58,True,150.5,3,0.001849130483857491,0.04300151722738967,3.146079117105154,
5099,200,5,110.3,32.1,108.7,1.5,1e-05,120,0.60,0.45,True,174.70000000000002,3,0.0028741269405941398,0.05361088453471123,1.6306433919779413,
5041,200,5,160.5,62.3,165.8,3.59,1e-07,25,center,center,False,900.0,2,0.0,0.0,2.519526592419804,vittima non trovata entro 15 minuti
5102,200,5,70.8,157.1,165.7,2.77,1e-07,25,0.35,0.40,True,144.1,3,0.007817257926919039,0.08841525845078461,7.167542182300581,
5043,200,5,45.3,87.6,91.9,4.16,1e-07,25,0.45,0.55,False,900.0,2,5.048709793414476e-29,7.105427357601002e-15,1.312961229203605,vittima non trovata entro 15 minuti
5108,200,5,133.6,165.5,205.7,3.12,1e-07,50,0.45,0.55,False,150.5,3,0.028754941264940687,0.16957281994748064,27.149582495059114,vittima non trovata entro 15 minuti
5111,200,5,61.2,100.1,110.5,1.34,1e-07,80,center,center,True,118.2,3,0.001366971519717939,0.03697257794255006,1.896339734435519,
5112,200,5,92.1,47.9,97.1,3.3,1e-07,80,0.35,0.40,True,103.0,3,0.004083183648821023,0.06389979380890852,0.9432144386738477,
5047,200,5,146.3,71.4,156.1,3.42,1e-07,50,0.35,0.40,False,900.0,2,1.2484333603383593,1.1173331465316687,4.7677501964873015,vittima non trovata entro 15 minuti
5048,200,5,26.7,126.2,123.2,4.38,1e-07,50,0.45,0.55,False,900.0,2,1.072850831100576e-28,1.03578512786223e-14,13.786149791319103,vittima non trovata entro 15 minuti
5114,200,5,79.5,158.6,170.8,2.24,1e-07,80,0.60,0.45,True,143.8,3,0.017725817564995694,0.13313833995132918,2.039588299602263,
5118,200,5,64.8,49.2,74.3,1.08,1e-07,120,0.45,0.55,True,80.80000000000001,3,0.004163776474959298,0.06452733122452298,0.23711488486720428,
5050,200,5,148.5,58.0,152.9,3.99,1e-07,50,0.60,0.58,False,900.0,2,4.0389678347315804e-28,2.0097183471152322e-14,0.23592731716270882,vittima non trovata entro 15 minuti
5051,200,5,162.8,98.1,183.2,3.12,1e-07,80,center,center,False,900.0,2,0.0,0.0,22.721074841549665,vittima non trovata entro 15 minuti
5049,200,5,19.7,51.6,48.8,2.9,1e-07,50,0.60,0.45,False,900.0,2,0.0,0.0,4.782358867806529,vittima non trovata entro 15 minuti
5055,200,5,79.8,87.7,111.5,4.74,1e-07,80,0.60,0.58,False,900.0,2,1.0097419586828951e-28,1.0048591735576161e-14,0.40666708250002354,vittima non trovata entro 15 minuti
5117,200,5,19.6,139.5,135.3,2.34,1e-07,120,0.35,0.40,False,119.9,3,0.010490482473534336,0.10242305635712272,18.681549803092995,vittima non trovata entro 15 minuti
5119,200,5,86.3,75.1,107.4,2.62,1e-07,120,0.60,0.45,True,93.10000000000001,3,0.007739481387272898,0.08797432231778145,0.6837173406846687,
5061,200,5,135.8,109.0,167.1,2.57,1e-06,25,center,center,False,900.0,1,2.0194839173657902e-28,1.4210854715202004e-14,2.5750445834726117,vittima non trovata entro 15 minuti
5056,200,5,168.4,122.4,201.3,4.72,1e-07,120,center,center,False,900.0,2,2.0194839173657902e-28,1.4210854715202004e-14,0.835470349147703,vittima non trovata entro 15 minuti
5062,200,5,63.6,75.4,91.6,3.66,1e-06,25,0.35,0.40,False,900.0,2,22.464696520461143,4.739693715891476,9.805171105027762,vittima non trovata entro 15 minuti
5127,200,5,37.2,46.5,52.6,2.42,1e-06,50,0.35,0.40,True,66.10000000000001,3,0.006411893074096934,0.08007429721263205,0.4382963417033354,
5123,200,5,61.6,25.7,60.3,1.38,1e-06,25,0.45,0.55,True,74.5,3,0.006792070584691796,0.08241401934556884,0.02742712513632592,
5126,200,5,45.9,68.0,75.1,1.72,1e-06,50,center,center,True,87.4,3,0.003943252522526082,0.062795322457378,2.2323194457601225,
5124,200,5,63.9,168.7,174.0,2.02,1e-06,25,0.60,0.45,True,107.0,3,0.002781568340621741,0.05274057584651253,0.07543024749941389,
5121,200,5,156.7,140.3,203.2,3.02,1e-06,25,center,center,True,147.20000000000002,3,0.0012717690555015021,0.03566187117218476,0.15584052080121535,
5129,200,5,37.2,150.3,148.9,4.58,1e-06,50,0.60,0.45,False,99.10000000000001,3,0.02160364528712857,0.1469817855624586,11.99557980858143,vittima non trovata entro 15 minuti
5130,200,5,99.8,66.2,112.8,2.69,1e-06,50,0.60,0.58,True,100.60000000000001,3,0.002121076364242194,0.046055144818382604,1.579736321844252,
5131,200,5,55.1,67.9,80.5,1.71,1e-06,80,center,center,True,91.2,3,0.029611428542082104,0.17207971566132396,2.1024572269894235,
5134,200,5,26.0,81.4,79.3,3.7,1e-06,80,0.60,0.45,True,79.0,3,0.0036606759870327827,0.06050352045156367,3.2162114708355545,
5132,200,5,45.2,67.8,74.6,2.44,1e-06,80,0.35,0.40,True,84.9,3,0.004322114251013601,0.06574278858562056,0.18157665220570843,
5135,200,5,60.4,84.8,97.1,2.86,1e-06,80,0.60,0.58,True,92.60000000000001,3,0.0042955809704656065,0.06554068179738144,1.0589188134011918,
5066,200,5,168.4,69.1,175.5,4.9,1e-06,50,center,center,False,900.0,1,nan,nan,11.889243249449981,vittima non trovata entro 15 minuti
5137,200,5,42.9,108.5,110.2,2.98,1e-06,120,0.35,0.40,True,98.10000000000001,3,0.007562587570525925,0.08696313914829619,0.32732958330891343,
5138,200,5,89.9,58.4,100.3,4.27,1e-06,120,0.45,0.55,True,104.0,3,0.005119928568341825,0.07155367613436661,0.024463499377742674,
5136,200,5,107.7,162.9,188.4,1.87,1e-06,120,center,center,True,120.80000000000001,3,0.0015122701959717564,0.03888791838054277,1.484373975369211,
5142,200,5,48.3,87.7,93.3,2.53,1e-05,25,0.35,0.40,True,85.2,3,0.004533834963880922,0.06733375798127506,0.17071146461686212,
5144,200,5,51.3,68.5,78.6,1.98,1e-05,25,0.60,0.45,True,78.5,3,0.004651119361432143,0.06819911554728655,1.7404477808786483,
5139,200,5,136.9,140.3,189.0,1.91,1e-06,120,0.60,0.45,True,128.0,3,0.0020528130894223173,0.04530798041650408,0.1421040861500961,
5070,200,5,158.8,167.8,223.9,2.43,1e-06,50,0.60,0.58,False,900.0,0,4.0389678347315804e-28,2.0097183471152322e-14,16.937486612662664,vittima non trovata entro 15 minuti
5073,200,5,149.1,123.3,186.4,4.17,1e-06,80,0.45,0.55,False,900.0,2,6.058451752097371e-28,2.4613922385709617e-14,1.1194822879018806,vittima non trovata entro 15 minuti
5147,200,5,92.4,142.9,163.3,4.16,1e-05,50,0.35,0.40,True,114.10000000000001,3,0.0047473901619321975,0.06890130740364944,0.05574270467089119,
5082,200,5,146.3,80.1,160.0,3.88,1e-05,25,0.35,0.40,False,900.0,1,1.0097419586828951e-28,1.0048591735576161e-14,34.06805639627353,vittima non trovata entro 15 minuti
5081,200,5,129.5,56.4,134.7,2.21,1e-05,25,center,center,False,900.0,2,4.291403324402304e-28,2.07157025572446e-14,23.833206078028418,vittima non trovata entro 15 minuti
5146,200,5,102.4,135.6,162.9,3.24,1e-05,50,center,center,True,171.8,3,0.012627944871305726,0.11237412901244541,2.695534499786152,
5077,200,5,163.9,34.3,161.6,3.25,1e-06,120,0.35,0.40,False,900.0,1,nan,nan,4.544108119871316,vittima non trovata entro 15 minuti
5149,200,5,114.2,161.7,191.0,2.42,1e-05,50,0.60,0.45,True,139.4,3,0.006598872748514661,0.08123344599679778,0.032102104536097235,
5084,200,5,134.5,95.0,157.7,2.28,1e-05,25,0.60,0.45,False,900.0,2,1.0097419586828951e-28,1.0048591735576161e-14,35.124788973838186,vittima non trovata entro 15 minuti
5115,200,5,113.3,49.3,117.0,3.69,1e-07,80,0.60,0.58,False,530.2,3,430.663281340459,20.75242832394462,14.390711853986742,vittima non trovata entro 15 minuti
5086,200,5,166.1,63.3,171.3,4.68,1e-05,50,center,center,False,900.0,1,1.0097419586828951e-28,1.0048591735576161e-14,32.775167918275145,vittima non trovata entro 15 minuti
5153,200,5,95.8,105.2,135.2,2.08,1e-05,80,0.45,0.55,True,116.10000000000001,3,0.005745292141783844,0.07579770538600654,2.230035979954295,
5151,200,5,26.4,64.8,63.5,2.2,1e-05,80,center,center,True,157.20000000000002,3,0.013553127908463209,0.11641790201022868,1.8491218492002257,
5087,200,5,152.8,88.2,169.6,1.32,1e-05,50,0.35,0.40,False,900.0,2,8.077935669463161e-28,2.842170943040401e-14,27.037686942504624,vittima non trovata entro 15 minuti
5156,200,5,95.9,152.9,173.6,1.12,1e-05,120,center,center,True,111.80000000000001,3,0.004711101985494687,0.06863746779634784,2.3564644956019793,
5152,200,5,60.9,135.5,142.0,4.82,1e-05,80,0.35,0.40,True,152.70000000000002,3,0.004822688496490831,0.06944557938768192,0.15487100408073903,
5154,200,5,22.2,98.1,94.7,1.29,1e-05,80,0.60,0.45,True,147.1,3,0.0021811642169231437,0.046702935849078524,0.44608976127072664,
5158,200,5,132.9,58.4,138.6,2.58,1e-05,120,0.45,0.55,True,109.30000000000001,3,0.004457067356957196,0.06676127138511666,0.07019769029693981,
5090,200,5,167.8,81.5,179.9,2.15,1e-05,50,0.60,0.58,False,900.0,1,4.0389678347315804e-28,2.0097183471152322e-14,20.521810656407638,vittima non trovata entro 15 minuti
5155,200,5,28.5,26.9,32.1,3.78,1e-05,80,0.60,0.58,True,175.4,3,0.003529183001324735,0.059406927216653235,4.060616222048097,
5157,200,5,27.5,63.7,62.9,2.26,1e-05,120,0.35,0.40,True,172.20000000000002,3,0.0039005302907803106,0.06245422556385045,0.055467488686432226,
5160,200,5,28.4,114.9,112.3,2.93,1e-05,120,0.60,0.58,True,154.0,3,0.004232278563780056,0.06505596485934288,1.7145569851460047,
5163,200,5,88.8,55.7,98.0,4.34,1e-07,25,0.45,0.55,True,119.9,3,0.0007265526945824636,0.026954641429306078,0.26107837246181015,
5159,200,5,21.3,20.5,22.5,1.5,1e-05,120,0.60,0.45,True,170.8,3,0.0037375130473971305,0.06113520301264346,1.9945504970247794,
5165,200,5,139.3,65.9,147.4,1.55,1e-07,25,0.60,0.58,True,135.8,3,0.005250837162035493,0.07246266046755041,0.02334285496809022,
5169,200,5,54.7,106.5,113.0,4.64,1e-07,50,0.60,0.45,True,111.60000000000001,3,0.004077133499775009,0.0638524353472521,0.4442193424881994,
5170,200,5,74.4,33.1,74.8,3.0,1e-07,50,0.60,0.58,True,84.4,3,0.0034800853324516334,0.058992248070840914,8.489020661231653,
5168,200,5,109.6,107.6,146.6,1.31,1e-07,50,0.45,0.55,True,121.7,3,0.004839085336856071,0.06956353453395012,0.09740584007183861,
5103,200,5,48.9,68.6,77.2,1.72,1e-07,25,0.45,0.55,False,900.0,2,5.048709793414476e-29,7.105427357601002e-15,0.6711195280708453,vittima non trovata entro 15 minuti
5173,200,5,109.3,42.3,110.8,4.63,1e-07,80,0.45,0.55,False,88.80000000000001,3,0.02537677721294376,0.15930090148189294,10.562192224203327,vittima non trovata entro 15 minuti
5164,200,5,167.7,164.7,228.0,2.51,1e-07,25,0.60,0.45,False,212.20000000000002,3,0.020544241966899326,0.14333262701457516,19.751242906520382,vittima non trovata entro 15 minuti
5174,200,5,67.5,38.0,70.7,4.93,1e-07,80,0.60,0.45,True,85.2,3,2.3839787885931065e-08,0.0001544013856347509,4.314214665137619,
5105,200,5,113.2,120.3,158.1,3.18,1e-07,25,0.60,0.58,False,900.0,2,1.0097419586828951e-28,1.0048591735576161e-14,0.4323800423849145,vittima non trovata entro 15 minuti
5172,200,5,56.5,146.8,150.9,3.24,1e-07,80,0.35,0.40,False,128.5,3,0.016208704502829237,0.12731341053804676,28.678676275109346,vittima non trovata entro 15 minuti
5107,200,5,106.4,55.9,113.5,1.29,1e-07,50,0.35,0.40,False,900.0,2,2.271919407036514e-28,1.507288760336424e-14,1.5565450170209605,vittima non trovata entro 15 minuti
5106,200,5,161.5,125.8,197.7,4.85,1e-07,50,center,center,False,900.0,2,2.0194839173657902e-28,1.4210854715202004e-14,1.2688405280942974,vittima non trovata entro 15 minuti
5177,200,5,24.5,152.2,148.5,2.11,1e-07,120,0.35,0.40,False,125.30000000000001,3,0.010096323961921484,0.10048046557376954,19.258236381893585,vittima non trovata entro 15 minuti
5178,200,5,117.7,57.1,124.2,4.85,1e-07,120,0.45,0.55,True,123.7,3,0.0015370962576533973,0.039205819181001654,0.13731592431470885,
5175,200,5,133.8,131.9,180.8,1.34,1e-07,80,0.60,0.58,True,138.20000000000002,3,0.018065863104260182,0.1344093118212432,9.534858101196239,
5179,200,5,23.3,84.9,82.0,4.95,1e-07,120,0.60,0.45,True,98.30000000000001,3,0.01388716732572684,0.11784382599749059,1.95274527235265,
5110,200,5,109.1,147.9,176.8,2.64,1e-07,50,0.60,0.58,False,900.0,2,2.0194839173657902e-28,1.4210854715202004e-14,1.1140809936107456,vittima non trovata entro 15 minuti
5183,200,5,22.0,71.5,68.6,1.87,1e-06,25,0.45,0.55,True,76.9,3,0.0019801674189569647,0.04449907211343811,0.6977747360045509,
5176,200,5,116.9,134.6,171.3,3.56,1e-07,120,center,center,True,150.20000000000002,3,0.0012863750353970162,0.03586607081068424,0.305321576472378,
5109,200,5,154.6,92.8,173.4,1.98,1e-07,50,0.60,0.45,False,900.0,2,6.058451752097371e-28,2.4613922385709617e-14,1.7681976546508875,vittima non trovata entro 15 minuti
5180,200,5,19.8,112.8,108.8,4.36,1e-07,120,0.60,0.58,False,111.5,3,0.021705436457233367,0.14732765000920012,25.50162368176307,vittima non trovata entro 15 minuti
5113,200,5,32.6,51.1,53.7,2.28,1e-07,80,0.45,0.55,True,836.7,3,191.32002108760298,13.83184807202577,8.938039035016962,
5116,200,5,144.8,101.0,169.6,4.68,1e-07,120,center,center,False,900.0,2,6.058451752097371e-28,2.4613922385709617e-14,1.2021430716424497,vittima non trovata entro 15 minuti
5162,200,5,68.0,135.2,144.6,3.19,1e-07,25,0.35,0.40,False,329.70000000000005,3,0.02737365420001173,0.16544985403442256,51.150564536994715,vittima non trovata entro 15 minuti
5184,200,5,59.0,117.8,125.0,3.18,1e-06,25,0.60,0.45,True,111.4,3,0.0038136173664520615,0.06175449268233091,0.21569832237278752,
5189,200,5,71.7,76.3,97.6,3.59,1e-06,50,0.60,0.45,True,87.10000000000001,3,0.0035114885297153104,0.059257814081480516,1.6544558922823263,
5190,200,5,55.3,64.1,77.6,2.52,1e-06,50,0.60,0.58,True,87.4,3,0.004330094018409367,0.06580344989747397,0.9172417970683239,
5191,200,5,49.9,21.7,47.9,4.02,1e-06,80,center,center,True,82.80000000000001,3,0.003209906732115049,0.05665603879654003,0.0044573505454328834,
5195,200,5,22.9,84.9,81.9,1.04,1e-06,80,0.60,0.58,True,80.9,3,0.01297690176038881,0.11391620499467496,0.36911545198795825,
5187,200,5,82.5,68.2,100.0,1.07,1e-06,50,0.35,0.40,True,109.30000000000001,3,0.0035702371927275826,0.05975146184594635,0.30642673076904536,
5186,200,5,83.1,111.6,132.2,1.85,1e-06,50,center,center,True,124.0,3,0.008817879941465236,0.09390356724568687,4.6802896302229655,
5185,200,5,141.2,159.9,206.2,2.66,1e-06,25,0.60,0.58,True,147.9,3,0.003935279439603841,0.0627318056459707,0.4171625467858503,
5197,200,5,58.5,84.4,95.7,4.66,1e-06,120,0.35,0.40,True,92.80000000000001,3,0.004179202360508547,0.06464675057965827,0.16773186556061612,
5188,200,5,117.7,155.2,187.8,2.83,1e-06,50,0.45,0.55,False,139.1,3,0.026460765253450265,0.1626676527569334,10.55900194414511,vittima non trovata entro 15 minuti
5194,200,5,97.7,132.5,157.6,2.54,1e-06,80,0.60,0.45,True,123.2,3,0.010281999587990583,0.10140019520686626,5.343108097010109,
5196,200,5,139.2,107.6,168.9,3.8,1e-06,120,center,center,True,128.1,3,0.005305073221988586,0.07283593359042352,0.13208599354224565,
5199,200,5,133.0,109.7,165.4,1.04,1e-06,120,0.60,0.45,True,127.2,3,0.0025545977669051327,0.05054302886556298,0.21880976652456935,
5122,200,5,143.2,80.1,157.3,1.16,1e-06,25,0.35,0.40,False,900.0,2,0.0,0.0,0.39065374416101123,vittima non trovata entro 15 minuti
5120,200,5,168.0,42.8,167.4,3.13,1e-07,120,0.60,0.58,False,900.0,2,0.0,0.0,0.3454298199622243,vittima non trovata entro 15 minuti
5205,200,5,99.5,63.7,111.2,4.28,1e-05,25,0.60,0.58,True,94.5,3,0.002503135273920957,0.050031342915426096,2.4525895439162193,
5125,200,5,149.3,84.0,164.5,3.1,1e-06,25,0.60,0.58,False,900.0,2,0.0,0.0,1.2786660427833416,vittima non trovata entro 15 minuti
5209,200,5,48.2,35.3,52.8,4.41,1e-05,50,0.60,0.45,True,70.3,3,0.004211772257333881,0.06489816836655624,5.802109147544788,
5206,200,5,94.5,77.3,115.1,4.86,1e-05,50,center,center,True,106.60000000000001,3,0.0020831750689258304,0.045641812726115845,0.052862507474494135,
5207,200,5,88.4,124.2,145.5,3.96,1e-05,50,0.35,0.40,True,110.80000000000001,3,0.0046674388236622715,0.06831865648314721,0.06442117752846475,
5128,200,5,144.9,126.9,185.6,2.63,1e-06,50,0.45,0.55,False,900.0,2,2.0194839173657902e-28,1.4210854715202004e-14,0.13698931096322575,vittima non trovata entro 15 minuti
5167,200,5,104.4,72.5,120.1,3.44,1e-07,50,0.35,0.40,True,484.6,3,0.0016325338415765624,0.04040462648727943,1.2157803657193464,
5212,200,5,52.6,89.1,96.7,1.38,1e-05,80,0.35,0.40,True,82.9,3,0.0010573000168786983,0.03251615009312601,0.5158360253914432,
5214,200,5,77.3,77.7,102.5,1.7,1e-05,80,0.60,0.45,True,76.0,3,0.0047195920488108094,0.06869928710555015,4.284599161996236,
5216,200,5,41.4,103.3,104.8,2.28,1e-05,120,center,center,True,73.8,3,0.00192193873742967,0.043839921731564147,2.3251771424958223,
5208,200,5,100.2,138.2,163.8,2.64,1e-05,50,0.45,0.55,True,156.5,3,0.0007889662716885181,0.02808854342411721,0.945484843316612,
5213,200,5,116.6,31.7,114.7,3.38,1e-05,80,0.45,0.55,True,136.5,3,0.0028620230917286746,0.05349787931991954,0.07532253372080738,
5211,200,5,130.3,79.3,145.7,3.68,1e-05,80,center,center,True,156.20000000000002,3,0.005220202633973459,0.072250969778775,0.062286567591538645,
5133,200,5,140.4,81.7,155.7,4.82,1e-06,80,0.45,0.55,False,900.0,2,4.0389678347315804e-28,2.0097183471152322e-14,0.4382085334631268,vittima non trovata entro 15 minuti
5218,200,5,73.4,123.0,136.4,4.97,1e-05,120,0.45,0.55,True,114.2,3,0.0022568025321925604,0.04750581577230898,2.6932400351981105,
5220,200,5,74.6,138.3,150.4,1.36,1e-05,120,0.60,0.58,True,96.2,3,0.004709978561871744,0.06862928355936512,0.08246135679324061,
5161,200,5,166.3,88.3,181.5,2.6,1e-07,25,center,center,False,616.3000000000001,3,307.4822207814402,17.53517096527548,15.164532618989087,vittima non trovata entro 15 minuti
5215,200,5,69.6,143.3,152.7,3.56,1e-05,80,0.60,0.58,True,149.4,3,0.002903361101911078,0.05388284608213525,0.23290932515189433,
5210,200,5,103.1,19.9,99.3,2.02,1e-05,50,0.60,0.58,True,202.4,3,0.001261529551061241,0.03551801727378995,2.2369633658842645,
5143,200,5,78.0,141.3,154.6,4.0,1e-05,25,0.45,0.55,False,900.0,0,nan,nan,nan,vittima non trovata entro 15 minuti
5141,200,5,157.0,159.3,216.6,1.58,1e-05,25,center,center,False,900.0,2,2.692645223154387e-28,1.6409281590473078e-14,18.566556851649874,vittima non trovata entro 15 minuti
5217,200,5,34.8,100.0,99.5,3.81,1e-05,120,0.35,0.40,True,149.70000000000002,3,0.003627288743472328,0.06022697687475546,0.05163729721409572,
5145,200,5,63.2,104.5,115.2,3.88,1e-05,25,0.60,0.58,False,900.0,1,2.0194839173657902e-28,1.4210854715202004e-14,29.846288580520948,vittima non trovata entro 15 minuti
5148,200,5,126.8,155.1,193.3,2.27,1e-05,50,0.45,0.55,False,900.0,0,nan,nan,43.23994851493673,vittima non trovata entro 15 minuti
5222,200,5,56.4,95.7,104.3,4.78,1e-07,25,0.35,0.40,True,111.30000000000001,3,0.0020150363833568953,0.04488915663450245,0.23177441637716698,
5140,200,5,134.2,83.6,151.2,4.67,1e-06,120,0.60,0.58,False,900.0,2,2.0194839173657902e-28,1.4210854715202004e-14,0.11444732572585682,vittima non trovata entro 15 minuti
5219,200,5,169.1,37.5,167.3,2.13,1e-05,120,0.60,0.45,True,153.20000000000002,3,0.004732628745131952,0.06879410399977567,1.2889696222469944,
5224,200,5,79.0,144.8,158.2,4.55,1e-07,25,0.60,0.45,False,136.5,3,0.020767239025025804,0.14410842801524762,11.43061631681306,vittima non trovata entro 15 minuti
5235,200,5,24.8,35.8,36.6,4.49,1e-07,80,0.60,0.58,True,51.0,3,0.019007142622703734,0.13786639410205714,3.186179858809558,
5236,200,5,40.1,51.3,58.1,1.88,1e-07,120,center,center,True,96.5,3,0.012639093430767015,0.1124237227224175,1.750507810983625,
5238,200,5,99.1,19.4,95.2,1.91,1e-07,120,0.45,0.55,False,74.9,3,0.06618651082643544,0.25726739168894963,22.14222652288292,vittima non trovata entro 15 minuti
5150,200,5,167.1,26.0,163.5,3.51,1e-05,50,0.60,0.58,False,900.0,1,8.204153414298523e-28,2.864289338439558e-14,29.13570060734295,vittima non trovata entro 15 minuti
5231,200,5,46.5,164.5,164.8,3.33,1e-07,80,center,center,True,138.1,3,0.0025689066372196106,0.050684382577078024,4.5399999789582415,
5232,200,5,78.7,149.2,161.9,1.96,1e-07,80,0.35,0.40,True,140.8,3,0.012192444158159753,0.11041940118547897,3.417705313096024,
5239,200,5,52.9,138.6,142.0,3.53,1e-07,120,0.60,0.45,False,106.0,3,0.016564944920026733,0.1287048752768392,16.028002507692946,vittima non trovata entro 15 minuti
5229,200,5,135.9,124.8,177.5,1.02,1e-07,50,0.60,0.45,False,150.3,3,0.02832583852205696,0.1683028179266674,39.76704056775177,vittima non trovata entro 15 minuti
5237,200,5,91.4,92.8,123.1,3.6,1e-07,120,0.35,0.40,True,123.4,3,0.0025553005956201326,0.05054998116340037,0.27111489249501375,
5240,200,5,119.1,69.3,130.9,3.79,1e-07,120,0.60,0.58,True,129.0,3,0.0015031344106339532,0.03877027741239355,0.2855682256775702,
5243,200,5,101.9,43.9,104.4,1.91,1e-06,25,0.45,0.55,True,92.4,3,0.002135833487606403,0.04621507857405852,0.1380785324940015,
5247,200,5,66.7,49.5,76.1,4.25,1e-06,50,0.35,0.40,True,82.0,3,0.011211149727019256,0.1058827168475538,2.46180383731695,
5248,200,5,75.0,46.1,81.2,1.44,1e-06,50,0.45,0.55,True,82.2,3,0.006182217684169832,0.07862707984002605,0.1944903671550484,
5246,200,5,39.7,140.2,139.5,1.05,1e-06,50,center,center,True,103.80000000000001,3,0.03180816357034978,0.1783484330470828,2.4641300777004465,
5252,200,5,27.7,31.9,35.2,3.98,1e-06,80,0.35,0.40,True,62.900000000000006,3,0.00120808660576487,0.034757540272074346,0.2111917240390653,
5251,200,5,90.1,83.6,115.8,4.24,1e-06,80,center,center,True,115.9,3,0.005196369097788714,0.0720858453358821,0.14361629336087167,
5254,200,5,83.7,35.2,84.3,2.32,1e-06,80,0.60,0.45,True,95.60000000000001,3,0.00820576250330404,0.09058566389503385,1.0084035371784135,
5253,200,5,47.5,77.1,83.7,2.45,1e-06,80,0.45,0.55,True,98.0,3,0.003562069511361751,0.059683075585644466,0.7918247232804231,
5257,200,5,35.5,37.1,44.2,1.46,1e-06,120,0.35,0.40,True,61.400000000000006,3,0.006662017807167856,0.0816211847939483,0.1858771872061255,
5166,200,5,106.2,133.0,163.2,1.42,1e-07,50,center,center,False,900.0,2,4.0389678347315804e-28,2.0097183471152322e-14,1.8523795536753789,vittima non trovata entro 15 minuti
5228,200,5,66.7,109.1,121.0,3.22,1e-07,50,0.45,0.55,True,385.3,3,0.0015938563661570748,0.039923130715877914,1.6184791964541456,
5256,200,5,170.3,145.0,216.6,2.02,1e-06,120,center,center,True,147.1,3,0.006215336905052563,0.0788374080310392,0.13173815645518341,
5258,200,5,116.5,112.4,154.8,1.75,1e-06,120,0.45,0.55,False,110.5,3,0.018075619713636415,0.13444560131754557,10.670963456883305,vittima non trovata entro 15 minuti
5260,200,5,116.3,50.6,120.3,2.1,1e-06,120,0.60,0.58,True,90.4,3,0.0012760093491241075,0.0357212730613581,0.3865209413990661,
5171,200,5,42.8,96.6,99.1,3.82,1e-07,80,center,center,False,900.0,2,0.0,0.0,3.957055363603205,vittima non trovata entro 15 minuti
5226,200,5,117.6,118.3,159.7,4.68,1e-07,50,center,center,True,439.5,3,0.011837942925235658,0.10880231121274794,0.29432046533385353,
5181,200,5,164.9,25.2,161.2,1.52,1e-06,25,center,center,False,900.0,1,nan,nan,8.438188296826988,vittima non trovata entro 15 minuti
5182,200,5,162.5,81.8,175.2,1.27,1e-06,25,0.35,0.40,False,900.0,2,78.89383628585202,8.882220234032255,8.998525095642083,vittima non trovata entro 15 minuti
5264,200,5,105.4,121.2,153.6,1.19,1e-05,25,0.60,0.45,True,143.3,3,0.0028538612850483097,0.05342154326719053,0.1618971226226179,
5266,200,5,168.1,157.8,223.5,3.51,1e-05,50,center,center,True,138.9,3,0.0008398733198019071,0.02898056796893234,0.0672624188581026,
5267,200,5,64.6,147.9,154.8,3.72,1e-05,50,0.35,0.40,True,147.5,3,0.003943317275538566,0.06279583804312644,0.062366903151857056,
5227,200,5,170.4,32.3,167.6,3.65,1e-07,50,0.35,0.40,False,591.8000000000001,3,303.00014659320334,17.406899396308447,11.325007310065008,vittima non trovata entro 15 minuti
5193,200,5,134.0,61.9,141.0,1.72,1e-06,80,0.45,0.55,False,900.0,2,4.291403324402304e-28,2.07157025572446e-14,1.514990469697847,vittima non trovata entro 15 minuti
5192,200,5,140.1,49.9,142.4,2.54,1e-06,80,0.35,0.40,False,900.0,2,4.0389678347315804e-28,2.0097183471152322e-14,0.46440080697815866,vittima non trovata entro 15 minuti
5201,200,5,98.8,44.6,101.8,2.07,1e-05,25,center,center,False,900.0,1,466.47388491033564,21.59800650315523,8.020047111725978,vittima non trovata entro 15 minuti
5202,200,5,100.6,77.5,119.9,2.03,1e-05,25,0.35,0.40,False,900.0,0,nan,nan,nan,vittima non trovata entro 15 minuti
5269,200,5,96.5,88.8,124.0,3.23,1e-05,50,0.60,0.45,True,155.5,3,0.0035926460599052714,0.059938685837322724,0.042737875622286876,
5204,200,5,26.8,68.9,67.5,3.58,1e-05,25,0.60,0.45,False,900.0,0,nan,nan,nan,vittima non trovata entro 15 minuti
5203,200,5,147.6,158.7,209.7,4.1,1e-05,25,0.45,0.55,False,900.0,1,nan,nan,34.63748663030277,vittima non trovata entro 15 minuti
5250,200,5,154.3,91.7,172.7,1.66,1e-06,50,0.60,0.58,False,497.5,3,0.0021310652715149318,0.046163462516528496,10.94899445490591,vittima non trovata entro 15 minuti
5198,200,5,158.9,99.9,180.8,3.17,1e-06,120,0.45,0.55,False,900.0,2,2.0194839173657902e-28,1.4210854715202004e-14,0.5430460438924483,vittima non trovata entro 15 minuti
5200,200,5,137.5,54.7,141.5,2.44,1e-06,120,0.60,0.58,False,900.0,2,2.524354896707238e-29,5.0242958677880805e-15,0.2463334477012408,vittima non trovata entro 15 minuti
5271,200,5,65.2,65.4,85.3,3.44,1e-05,80,center,center,True,157.4,3,0.011336764792478823,0.10647424473777131,3.4050883899807554,
5261,200,5,132.8,45.2,134.0,2.75,1e-05,25,center,center,True,356.8,3,0.02811039550369862,0.16766155046312384,1.0694023083338093,
5274,200,5,89.4,88.1,118.5,4.64,1e-05,80,0.60,0.45,True,98.4,3,0.003034168756259361,0.05508328926506986,5.2921366103104095,
5278,200,5,88.6,77.3,110.5,3.34,1e-05,120,0.45,0.55,True,93.5,3,0.0030428417957430462,0.05516195968004623,0.035098039043198324,
5279,200,5,133.1,45.2,134.3,4.44,1e-05,120,0.60,0.45,True,106.5,3,0.004389178829775701,0.06625087795475393,4.113901142010744,
5273,200,5,164.7,154.0,218.4,4.1,1e-05,80,0.45,0.55,True,146.1,3,0.0023060290734553857,0.048021131530352194,0.20266383539218408,
5275,200,5,108.3,158.5,185.1,4.89,1e-05,80,0.60,0.58,True,149.3,3,0.004580114012739278,0.06767653960375987,0.12092835720668965,
5283,200,5,50.3,32.9,53.2,3.43,1e-07,25,0.45,0.55,True,75.60000000000001,3,1.4676609151771522e-05,0.0038310062844860385,0.6801064523996042,
5284,200,5,43.1,35.4,48.7,1.65,1e-07,25,0.60,0.45,True,75.9,4,2.060482461068353e-05,0.004539253750417961,4.8820368037393225,
5281,200,5,69.6,37.1,72.1,3.48,1e-07,25,center,center,True,113.2,3,0.0017935635572635354,0.042350484734693834,0.07650799903734638,
5276,200,5,66.5,90.9,105.6,2.76,1e-05,120,center,center,True,176.3,3,0.013186967405040492,0.11483452183485805,2.252722522390554,
5282,200,5,99.9,89.7,127.2,1.89,1e-07,25,0.35,0.40,True,119.60000000000001,3,0.0015617426254966073,0.03951888947701602,0.2603075829828185,
5280,200,5,110.3,148.5,178.0,2.84,1e-05,120,0.60,0.58,True,155.8,3,0.004826181182510721,0.06947072176471697,0.06345589653799179,
5277,200,5,137.4,86.9,155.7,4.26,1e-05,120,0.35,0.40,True,195.3,3,0.0048103628369574845,0.06935677931505675,2.281671442239094,
5221,200,5,49.0,146.0,147.7,3.59,1e-07,25,center,center,False,900.0,2,5.385290446308774e-28,2.320622857404618e-14,4.938843427121661,vittima non trovata entro 15 minuti
5223,200,5,103.3,89.2,129.4,2.28,1e-07,25,0.45,0.55,False,900.0,2,0.0,0.0,0.05931839107237606,vittima non trovata entro 15 minuti
5295,200,5,26.4,36.9,38.4,2.1,1e-07,80,0.60,0.58,True,58.1,3,0.015489671610832485,0.12445750925851154,1.5388368694505032,
5288,200,5,135.6,160.0,202.7,3.05,1e-07,50,0.45,0.55,False,149.6,3,0.027019340409820927,0.16437560770935852,29.9047714745893,vittima non trovata entro 15 minuti
5294,200,5,137.1,36.1,135.7,1.43,1e-07,80,0.60,0.45,False,95.7,3,0.00024207553634911555,0.015558776826894702,22.40709985481643,vittima non trovata entro 15 minuti
5225,200,5,144.7,88.6,162.8,1.07,1e-07,25,0.60,0.58,False,900.0,2,2.0194839173657902e-28,1.4210854715202004e-14,0.38876571139312754,vittima non trovata entro 15 minuti
5293,200,5,98.2,67.3,112.1,2.16,1e-07,80,0.45,0.55,True,116.5,3,0.002304386697933188,0.04800402793446804,0.15787232518390243,
5296,200,5,124.7,65.7,134.2,4.53,1e-07,120,center,center,True,113.60000000000001,3,0.0012416824752171892,0.035237515168030635,0.544430190503143,
5292,200,5,49.8,168.1,169.2,3.97,1e-07,80,0.35,0.40,False,132.0,3,0.014532553034872712,0.12055103912813324,33.21906333712231,vittima non trovata entro 15 minuti
5297,200,5,38.5,135.4,134.7,2.14,1e-07,120,0.35,0.40,True,122.9,3,0.026507857939124406,0.16281233964022632,0.7559294022019896,
5299,200,5,50.4,95.0,100.8,4.95,1e-07,120,0.60,0.45,True,90.2,3,0.003181419182218378,0.05640407061745081,1.1047797797013743,
5230,200,5,43.2,119.0,120.2,2.53,1e-07,50,0.60,0.58,False,900.0,2,1.5146129380243427e-28,1.2306961192854808e-14,0.6758373664362629,vittima non trovata entro 15 minuti
5241,200,5,110.3,161.0,188.2,2.8,1e-06,25,center,center,False,900.0,0,nan,nan,36.759379010392344,vittima non trovata entro 15 minuti
5233,200,5,150.7,49.2,152.2,1.7,1e-07,80,0.45,0.55,False,900.0,2,0.0,0.0,1.4131110345319844,vittima non trovata entro 15 minuti
5303,200,5,38.9,86.2,87.9,3.57,1e-06,25,0.45,0.55,True,82.30000000000001,3,0.0053109884040875984,0.07287652848542937,1.2715733974262537,
5300,200,5,25.4,121.2,118.0,4.21,1e-07,120,0.60,0.58,False,114.30000000000001,3,0.028016477080895316,0.1673812327619059,17.457126677955213,vittima non trovata entro 15 minuti
5234,200,5,148.3,150.8,204.5,4.8,1e-07,80,0.60,0.45,False,900.0,2,4.0389678347315804e-28,2.0097183471152322e-14,17.99001106305964,vittima non trovata entro 15 minuti
5242,200,5,168.4,115.8,197.4,3.32,1e-06,25,0.35,0.40,False,900.0,1,841.3257343613029,29.00561556597796,51.71878168447703,vittima non trovata entro 15 minuti
5304,200,5,102.7,23.5,99.4,1.15,1e-06,25,0.60,0.45,True,84.5,3,0.0010677027720170187,0.032675721446006646,1.6258445007654232,
5306,200,5,30.1,87.2,85.9,2.98,1e-06,50,center,center,True,82.2,3,0.00126964270480121,0.03563204603725711,2.854608869291913,
5298,200,5,123.5,151.7,188.6,3.71,1e-07,120,0.45,0.55,True,155.3,3,0.009150113474951305,0.09565622548977827,7.137478355252414,
5245,200,5,161.7,61.7,166.7,4.23,1e-06,25,0.60,0.58,False,900.0,1,nan,nan,2.651793309386439,vittima non trovata entro 15 minuti
5308,200,5,35.4,75.4,76.7,2.22,1e-06,50,0.45,0.55,True,76.3,3,0.01281539195622853,0.11320508803153916,1.0604425103365331,
5244,200,5,169.5,103.3,191.6,1.13,1e-06,25,0.60,0.45,False,900.0,1,nan,nan,26.664488949416675,vittima non trovata entro 15 minuti
5307,200,5,60.3,163.2,167.6,4.18,1e-06,50,0.35,0.40,True,109.9,3,0.005303114247263235,0.07282248448977305,0.15313412085679193,
5309,200,5,37.9,167.3,165.6,1.01,1e-06,50,0.60,0.45,True,104.10000000000001,3,0.019211717445732388,0.13860633984682083,8.424265710549557,
5310,200,5,29.6,137.5,134.8,4.05,1e-06,50,0.60,0.58,True,97.60000000000001,3,0.017712116796628135,0.1330868768760772,1.8315159611855754,
5314,200,5,101.4,36.3,101.3,5.0,1e-06,80,0.60,0.45,True,89.4,3,0.0028482474193729625,0.053368974314417575,2.823378698778213,
5319,200,5,68.5,33.4,69.6,2.81,1e-06,120,0.60,0.45,True,73.7,3,0.0038217387808755833,0.06182021336808523,2.322514882060864,
5249,200,5,137.8,117.7,174.2,4.78,1e-06,50,0.60,0.45,False,900.0,2,1.0097419586828951e-28,1.0048591735576161e-14,2.659138001128053,vittima non trovata entro 15 minuti
5313,200,5,94.4,144.3,165.5,2.31,1e-06,80,0.45,0.55,True,128.3,3,0.02412858734700779,0.15533379331944414,0.7478842343573335,
5285,200,5,144.2,132.5,188.8,1.46,1e-07,25,0.60,0.58,True,387.3,3,0.02589803028688565,0.16092864967707163,1.3064657528865316,
5318,200,5,46.3,126.4,128.3,3.21,1e-06,120,0.45,0.55,True,115.10000000000001,3,0.012933750136501545,0.11372664655436537,0.5923376954397184,
5316,200,5,93.4,116.1,142.0,2.85,1e-06,120,center,center,True,124.7,3,0.004847786471624613,0.06962604736465092,0.7520299841064407,
5320,200,5,119.2,21.2,115.3,2.57,1e-06,120,0.60,0.58,True,98.10000000000001,3,0.0059457097106676415,0.07710842827258017,0.1999537487344237,
5323,200,5,94.9,57.1,103.9,4.62,1e-05,25,0.45,0.55,True,87.0,3,0.0008734801136561867,0.02955469698129532,0.23593809090977494,
5328,200,5,50.1,109.8,114.1,4.4,1e-05,50,0.45,0.55,True,91.2,3,0.0028262119526552163,0.05316212893268305,2.3146537385820203,
5332,200,5,113.3,35.8,112.6,3.78,1e-05,80,0.35,0.40,True,76.60000000000001,3,0.0026799017584881388,0.05176776756330274,2.1344251167916557,
5326,200,5,26.3,162.5,158.9,3.52,1e-05,50,center,center,True,117.30000000000001,3,0.0019434734668649395,0.044084843958722815,2.9966326865712087,
5330,200,5,44.1,106.1,108.4,3.77,1e-05,50,0.60,0.58,True,95.30000000000001,3,0.0020639684160049703,0.04543091916310928,2.4504027492966527,
5333,200,5,76.8,56.2,88.2,2.05,1e-05,80,0.45,0.55,True,69.7,3,0.005256969223159314,0.07250495999005388,0.08264656436204137,
5255,200,5,131.6,22.4,127.8,2.06,1e-06,80,0.60,0.58,False,900.0,2,4.0389678347315804e-28,2.0097183471152322e-14,4.169904460376699,vittima non trovata entro 15 minuti
5329,200,5,143.5,147.1,198.5,2.02,1e-05,50,0.60,0.45,True,150.6,3,0.0021723785862704397,0.04660878228693,0.16921668723452246,
5335,200,5,44.3,56.1,64.5,2.87,1e-05,80,0.60,0.58,True,76.9,3,0.0020495416251716013,0.04527186350451681,1.5417843001113212,
5262,200,5,142.3,84.8,158.8,1.31,1e-05,25,0.35,0.40,False,900.0,1,0.0,0.0,32.648893616057805,vittima non trovata entro 15 minuti
5331,200,5,137.1,101.9,163.8,1.45,1e-05,80,center,center,True,170.10000000000002,3,0.0046881061702504405,0.06846974638663736,0.03889091335945907,
5327,200,5,100.3,20.6,96.6,1.71,1e-05,50,0.35,0.40,True,195.60000000000002,3,0.0020517302045617324,0.04529602857383561,0.9706153071322741,
5259,200,5,143.6,25.3,140.1,2.14,1e-06,120,0.60,0.45,False,900.0,2,4.0389678347315804e-28,2.0097183471152322e-14,2.7728960992836105,vittima non trovata entro 15 minuti
5338,200,5,77.1,97.1,117.0,3.36,1e-05,120,0.45,0.55,True,83.80000000000001,3,0.0032709258958579187,0.05719200902099802,1.83443279504159,
5339,200,5,55.2,119.6,125.2,3.06,1e-05,120,0.60,0.45,True,93.10000000000001,3,0.005376295977223885,0.07332322945168117,0.1466721753761383,
5337,200,5,115.3,61.3,123.8,4.48,1e-05,120,0.35,0.40,True,109.30000000000001,3,0.001360907995042562,0.0368904865113292,3.040110913238317,
5263,200,5,154.2,89.6,171.5,2.67,1e-05,25,0.45,0.55,False,900.0,1,6.731613057885967e-29,8.204640795236539e-15,34.15117120162423,vittima non trovata entro 15 minuti
5336,200,5,166.4,157.0,221.7,4.68,1e-05,120,center,center,True,138.3,3,0.0015052160732315144,0.03879711423845225,0.16687320006174272,
5334,200,5,33.1,88.8,88.4,3.27,1e-05,80,0.60,0.45,True,151.0,3,0.004414365920632028,0.06644069476331527,2.578625018637141,
5265,200,5,143.8,80.1,157.8,4.87,1e-05,25,0.60,0.58,False,900.0,1,0.0,0.0,21.102850687435293,vittima non trovata entro 15 minuti
5340,200,5,168.7,43.0,168.1,2.38,1e-05,120,0.60,0.58,True,147.4,3,0.002429441476255339,0.049289364737794494,0.6043176067794381,
5343,200,5,135.5,156.0,199.6,2.02,1e-07,25,0.45,0.55,False,136.1,3,0.027905077636509186,0.16704812970072183,36.00255682388877,vittima non trovata entro 15 minuti
5342,200,5,110.2,152.5,181.2,4.77,1e-07,25,0.35,0.40,False,149.8,3,0.013395976046687338,0.11574098689179792,12.034360831081115,vittima non trovata entro 15 minuti
5347,200,5,86.3,113.7,135.7,3.47,1e-07,50,0.35,0.40,True,122.0,3,0.0030874464493740356,0.05556479505382914,0.27569540644480334,
5349,200,5,117.6,33.9,116.3,1.65,1e-07,50,0.60,0.45,True,102.60000000000001,3,0.0013403099721737278,0.0366102440878742,4.536040322433868,
5350,200,5,100.5,43.7,103.0,3.77,1e-07,50,0.60,0.58,True,100.10000000000001,3,0.005517650161833663,0.07428088692142591,1.6058533278024774,
5352,200,5,55.5,94.0,102.3,1.22,1e-07,80,0.35,0.40,True,109.10000000000001,3,0.0041722929478982314,0.06459328872180323,0.26282907267789574,
5268,200,5,117.8,72.6,131.5,1.16,1e-05,50,0.45,0.55,False,900.0,2,2.692645223154387e-28,1.6409281590473078e-14,29.145182836243347,vittima non trovata entro 15 minuti
5351,200,5,77.0,157.1,168.3,3.02,1e-07,80,center,center,True,145.4,3,0.01304835520660107,0.11422939729597224,3.209015491863976,
5302,200,5,144.4,106.0,172.1,3.86,1e-06,25,0.35,0.40,False,555.3000000000001,3,9.436548219215942,3.071896518311765,17.141811344983203,vittima non trovata entro 15 minuti
5270,200,5,161.3,68.0,168.5,3.52,1e-05,50,0.60,0.58,False,900.0,1,8.077935669463161e-28,2.842170943040401e-14,33.88297865653386,vittima non trovata entro 15 minuti
5358,200,5,21.4,67.6,64.7,3.43,1e-07,120,0.45,0.55,True,97.2,3,0.0234407442934189,0.15310370437523352,4.435934116356748,
5353,200,5,101.5,119.0,149.4,4.46,1e-07,80,0.45,0.55,True,140.5,3,0.0024978436921009265,0.04997843226933921,0.1791471704114775,
5355,200,5,58.0,161.8,165.5,2.06,1e-07,80,0.60,0.58,False,132.70000000000002,3,0.027157683458913756,0.16479588422929062,29.42292191654659,vittima non trovata entro 15 minuti
5272,200,5,164.4,62.5,169.5,3.52,1e-05,80,0.35,0.40,False,900.0,2,8.077935669463161e-28,2.842170943040401e-14,33.47322814642446,vittima non trovata entro 15 minuti
5362,200,5,24.3,95.6,92.6,2.09,1e-06,25,0.35,0.40,True,86.7,3,0.0010653249528018787,0.03263931605903957,0.2143468238442717,
5360,200,5,78.9,70.2,98.5,1.28,1e-07,120,0.60,0.58,True,112.9,3,0.0013929033911548858,0.037321620960977644,0.4592713973202376,
5357,200,5,112.3,154.7,184.2,3.94,1e-07,120,0.35,0.40,False,152.9,3,0.014400273207406519,0.1200011383587944,12.29926132418254,vittima non trovata entro 15 minuti
5363,200,5,109.4,69.2,122.6,2.92,1e-06,25,0.45,0.55,True,110.0,3,0.004452450002613268,0.06672668133972548,0.24661638976136835,
5365,200,5,39.8,81.7,84.2,4.41,1e-06,25,0.60,0.58,True,91.0,3,0.004012877308635955,0.06334727546340059,1.2066460911339245,
5368,200,5,37.2,94.5,95.1,2.12,1e-06,50,0.45,0.55,True,83.80000000000001,3,0.0018088560043088265,0.042530647823761474,0.8485149521735759,
5286,200,5,155.3,105.1,180.5,2.42,1e-07,50,center,center,False,900.0,2,4.0389678347315804e-28,2.0097183471152322e-14,6.014838485732099,vittima non trovata entro 15 minuti
5366,200,5,50.6,161.3,162.9,1.43,1e-06,50,center,center,True,128.20000000000002,3,0.0012669701860179114,0.0355945246634635,2.0945239377679514,
5367,200,5,43.4,140.3,140.7,4.46,1e-06,50,0.35,0.40,True,122.30000000000001,3,0.0024578675235628253,0.04957688497236212,0.14501619223052825,
5287,200,5,46.9,84.6,89.9,2.55,1e-07,50,0.35,0.40,False,900.0,2,2.271919407036514e-28,1.507288760336424e-14,3.0418944926800253,vittima non trovata entro 15 minuti
5370,200,5,99.5,105.1,137.6,3.54,1e-06,50,0.60,0.58,True,113.9,3,0.0016446442414504545,0.04055421360907464,0.48451389228365926,
5371,200,5,106.0,54.7,112.6,2.95,1e-06,80,center,center,True,94.80000000000001,3,0.005417504592797876,0.07360369958635148,0.1601921736986645,
5373,200,5,110.2,24.1,106.9,3.19,1e-06,80,0.45,0.55,True,84.2,3,0.00523097847557706,0.07232550363168624,0.44190854408000196,
5291,200,5,121.7,103.1,152.5,3.78,1e-07,80,center,center,False,900.0,2,1.0097419586828951e-28,1.0048591735576161e-14,0.025035524413591737,vittima non trovata entro 15 minuti
5290,200,5,81.3,94.6,117.7,4.09,1e-07,50,0.60,0.58,False,900.0,2,3.0292258760486853e-28,1.7404671430534633e-14,43.823554694838734,vittima non trovata entro 15 minuti
5289,200,5,31.9,135.3,133.0,3.59,1e-07,50,0.60,0.45,False,900.0,2,2.524354896707238e-29,5.0242958677880805e-15,1.0600759365825752,vittima non trovata entro 15 minuti
5376,200,5,58.5,45.6,67.2,4.72,1e-06,120,center,center,True,86.0,3,0.0026319560500036405,0.05130259301442414,1.869407828315503,
5375,200,5,113.1,67.8,125.0,3.39,1e-06,80,0.60,0.58,True,97.5,3,0.0035231690693320462,0.059356289214640486,0.823035706293039,
5377,200,5,25.2,68.4,66.5,2.46,1e-06,120,0.35,0.40,True,74.0,3,0.001402747486716504,0.03745327070786347,0.18345927475529117,
5301,200,5,51.6,163.9,165.6,4.19,1e-06,25,center,center,False,900.0,2,13.192399274580366,3.6321342588869654,13.203353394639725,vittima non trovata entro 15 minuti
5378,200,5,71.7,115.7,129.3,4.16,1e-06,120,0.45,0.55,False,99.5,3,0.027707507585463753,0.16645572259752367,15.390322039695285,vittima non trovata entro 15 minuti
5379,200,5,22.4,161.4,157.3,4.14,1e-06,120,0.60,0.45,True,105.7,3,0.008815737889436329,0.0938921609583906,7.555893672666413,
5382,200,5,37.4,72.8,75.2,3.58,1e-05,25,0.35,0.40,True,65.10000000000001,3,0.003727991482186408,0.0610572803372899,0.1431180532785172,
5380,200,5,46.9,77.0,83.4,3.06,1e-06,120,0.60,0.58,True,98.4,3,0.003300857332252499,0.057453088100227465,1.0355081834383146,
5344,200,5,43.2,86.5,90.0,1.5,1e-07,25,0.60,0.45,False,517.7,3,364.4169388274952,19.089707667418462,14.563061539220879,vittima non trovata entro 15 minuti
5305,200,5,128.0,122.5,170.1,3.01,1e-06,25,0.60,0.58,False,900.0,2,1.0097419586828951e-28,1.0048591735576161e-14,1.113290530607227,vittima non trovata entro 15 minuti
5384,200,5,127.8,164.9,201.6,3.21,1e-05,25,0.60,0.45,True,124.0,3,0.003824731445989884,0.06184441321566471,0.11740824773529991,
5388,200,5,39.3,75.3,78.2,4.96,1e-05,50,0.45,0.55,True,92.0,3,0.0016131911476040613,0.04016455088263855,3.0017556511966923,
5389,200,5,130.1,166.3,204.1,2.01,1e-05,50,0.60,0.45,True,127.0,3,0.0029636541486668536,0.054439453971057185,0.1985369006081385,
5391,200,5,156.4,158.5,215.6,3.69,1e-05,80,center,center,True,126.0,3,0.004422287798323067,0.06650028419731052,0.03795497012073508,
5386,200,5,105.1,53.8,111.4,2.35,1e-05,50,center,center,True,169.60000000000002,3,0.0006249345484819316,0.024998690935365626,0.14072583242076855,
5311,200,5,166.3,53.0,168.3,4.74,1e-06,80,center,center,False,900.0,1,nan,nan,9.30103314520541,vittima non trovata entro 15 minuti
5387,200,5,33.4,49.1,52.4,1.74,1e-05,50,0.35,0.40,True,170.0,3,0.0024743775681182944,0.049743115786189895,0.1583415888901596,
5394,200,5,116.4,72.3,130.1,3.92,1e-05,80,0.60,0.45,True,87.30000000000001,3,0.0017123228294130205,0.04138022268443006,3.7941430844829602,
5325,200,5,145.0,80.1,158.9,4.6,1e-05,25,0.60,0.58,False,900.0,1,94.78059266568523,9.735532479822828,8.194097180213014,vittima non trovata entro 15 minuti
5392,200,5,21.6,48.8,46.9,3.8,1e-05,80,0.35,0.40,True,159.10000000000002,3,0.0027396895563960235,0.052342043869111794,0.18611085233002173,
5312,200,5,163.5,125.0,198.8,2.14,1e-06,80,0.35,0.40,False,900.0,2,2.0194839173657902e-28,1.4210854715202004e-14,9.342794356970924,vittima non trovata entro 15 minuti
5315,200,5,148.2,103.2,173.6,3.09,1e-06,80,0.60,0.58,False,900.0,2,4.0389678347315804e-28,2.0097183471152322e-14,0.4337033006060375,vittima non trovata entro 15 minuti
5322,200,5,168.1,104.9,191.2,1.02,1e-05,25,0.35,0.40,False,900.0,2,8.077935669463161e-28,2.842170943040401e-14,41.239204251460365,vittima non trovata entro 15 minuti
5317,200,5,134.0,22.9,130.3,3.28,1e-06,120,0.35,0.40,False,900.0,2,0.0,0.0,1.4072185625546454,vittima non trovata entro 15 minuti
5405,200,5,20.3,25.3,25.4,4.67,1e-07,25,0.60,0.58,True,18.1,3,0.03914940622039115,0.1978620888912051,3.6978293654276246,
5321,200,5,86.5,86.1,115.0,4.74,1e-05,25,center,center,False,900.0,1,0.022067216211267622,0.1485503827368601,2.5204047221193,vittima non trovata entro 15 minuti
5393,200,5,110.2,49.7,114.3,1.02,1e-05,80,0.45,0.55,True,174.4,3,0.0077130114693930146,0.08782375230763609,0.15228497125159984,
5324,200,5,110.9,79.8,129.7,4.14,1e-05,25,0.60,0.45,False,900.0,2,0.004488460488101019,0.0669959736708186,0.07263744259199809,vittima non trovata entro 15 minuti
5395,200,5,106.0,123.0,155.4,1.75,1e-05,80,0.60,0.58,True,170.4,3,0.0032848779126984284,0.0573138544568277,0.3561344719867179,
5398,200,5,70.9,36.3,73.0,2.12,1e-05,120,0.45,0.55,True,159.10000000000002,3,0.0029546401758855463,0.05435660195307968,0.11897705077569097,
5400,200,5,25.2,138.3,134.9,4.56,1e-05,120,0.60,0.58,True,146.3,3,0.007136032174250734,0.08447503876442279,3.1026464825550955,
5401,200,5,83.8,21.7,80.5,3.97,1e-07,25,center,center,True,111.9,3,0.005760704774994539,0.07589930681498046,2.10745100393773,
5399,200,5,29.6,72.0,71.4,2.81,1e-05,120,0.60,0.45,True,156.9,3,0.0012735505102494582,0.03568683945447478,2.7584015405973403,
5397,200,5,167.8,19.0,163.4,3.53,1e-05,120,0.35,0.40,True,164.20000000000002,3,0.0031285479865176213,0.05593342459136238,1.7938347944569364,
5406,200,5,57.6,107.7,115.4,4.82,1e-07,50,center,center,True,111.4,3,0.005392099845795732,0.07343091886797912,4.61750722877558,
5396,200,5,138.5,108.2,168.8,1.46,1e-05,120,center,center,True,193.8,3,0.006132280908395746,0.07830888141453526,0.6189489835410887,
5407,200,5,94.5,95.2,127.1,3.22,1e-07,50,0.35,0.40,True,123.5,3,0.002317578819120394,0.04814123823833776,0.038745785169832944,
5409,200,5,106.0,37.7,106.2,4.83,1e-07,50,0.60,0.45,True,121.4,3,0.004408440791081155,0.06639609017917512,6.660936379560747,
5410,200,5,140.2,126.5,181.8,3.59,1e-07,50,0.60,0.58,False,129.9,3,0.017647354389588157,0.13284334529658667,26.25402437367596,vittima non trovata entro 15 minuti
5411,200,5,61.6,144.0,150.1,3.39,1e-07,80,center,center,True,133.9,3,0.0028240782938037112,0.053142057673783306,6.762330105180126,
5415,200,5,57.4,39.0,62.4,4.35,1e-07,80,0.60,0.58,True,80.9,4,0.00239543537415623,0.048943185165620656,2.2831624906491466,
5420,200,5,26.1,35.3,36.9,1.26,1e-07,120,0.60,0.58,True,57.7,3,0.013190013281451113,0.11484778309332364,1.389148364099773,
5416,200,5,102.9,88.5,128.7,2.45,1e-07,120,center,center,True,129.4,3,0.0013207415977520478,0.036342008719277584,0.21840349902913955,
5341,200,5,55.3,80.8,90.9,1.5,1e-07,25,center,center,False,900.0,2,2.524354896707238e-28,1.5888218580782548e-14,1.992225938561343,vittima non trovata entro 15 minuti
5421,200,5,79.0,20.4,75.5,3.09,1e-06,25,center,center,True,74.9,3,0.0008623844457934342,0.02936638291981895,2.373431363095891,
5417,200,5,124.6,104.5,155.6,3.46,1e-07,120,0.35,0.40,True,142.1,3,0.0023041197528091174,0.04800124740888634,1.8688880406321553,
5418,200,5,56.0,159.6,162.8,2.9,1e-07,120,0.45,0.55,False,130.8,3,0.014021412981456888,0.11841204745065803,17.99571595748724,vittima non trovata entro 15 minuti
5345,200,5,142.0,42.0,141.9,4.64,1e-07,25,0.60,0.58,False,900.0,2,4.291403324402304e-28,2.07157025572446e-14,0.35017633569785905,vittima non trovata entro 15 minuti
5346,200,5,83.4,126.1,144.3,4.79,1e-07,50,center,center,False,900.0,2,1.0097419586828951e-28,1.0048591735576161e-14,3.0252820460203997,vittima non trovata entro 15 minuti
5424,200,5,19.3,76.9,73.3,3.54,1e-06,25,0.60,0.45,True,86.9,3,0.002704238579117994,0.052002293979381276,3.1827153053774295,
5348,200,5,114.9,62.0,123.9,2.73,1e-07,50,0.45,0.55,False,900.0,2,5.048709793414476e-29,7.105427357601002e-15,0.42701370198919564,vittima non trovata entro 15 minuti
5419,200,5,163.5,142.5,209.8,1.41,1e-07,120,0.60,0.45,True,181.0,3,0.029462556950689993,0.17164660483298233,7.098277133067288,
5423,200,5,114.9,125.3,163.0,4.71,1e-06,25,0.45,0.55,True,127.7,3,0.014656351825676223,0.12106342067559558,6.674447155675358,
5359,200,5,169.4,97.7,188.8,4.27,1e-07,120,0.60,0.45,False,776.6,3,150.27858140583518,12.258816476554136,27.822619650784276,vittima non trovata entro 15 minuti
5431,200,5,72.0,27.3,70.6,2.27,1e-06,80,center,center,True,73.60000000000001,3,0.005426908198635975,0.07366755187079299,0.07177127150316531,
5428,200,5,83.3,42.7,86.9,2.91,1e-06,50,0.45,0.55,True,101.0,3,0.005829177562865691,0.07634905083146543,0.47529780461564247,
5432,200,5,51.2,52.1,66.0,2.03,1e-06,80,0.35,0.40,True,84.10000000000001,3,0.0043808233293738865,0.06618778837046821,0.07519578801108957,
5427,200,5,97.7,148.2,170.5,3.33,1e-06,50,0.35,0.40,True,127.60000000000001,3,0.011609454200867671,0.10774717722923265,0.4556071357605599,
5434,200,5,49.3,32.1,52.0,4.68,1e-06,80,0.60,0.45,True,81.7,3,0.0011329508246911654,0.033659334881889234,3.8598633159409204,
5430,200,5,111.8,128.9,163.6,1.68,1e-06,50,0.60,0.58,True,118.9,3,0.0030849672650697913,0.05554248162505697,0.6397554618318116,
5433,200,5,59.2,93.9,104.1,2.15,1e-06,80,0.45,0.55,True,98.9,3,0.004680508366268713,0.06841424096099227,0.39825192230944606,
5426,200,5,116.0,160.4,190.9,1.58,1e-06,50,center,center,True,144.9,3,0.027523937902531426,0.16590339930975323,1.981681039972039,
5435,200,5,71.7,41.0,75.8,4.78,1e-06,80,0.60,0.58,True,76.80000000000001,3,0.003138696575371158,0.05602407139231456,4.306725829370555,
5402,200,5,113.6,62.0,122.6,3.43,1e-07,25,0.35,0.40,True,391.1,3,0.002149012804897838,0.0463574460566783,1.030646355971337,
5436,200,5,74.0,104.2,120.8,3.21,1e-06,120,center,center,False,97.7,3,0.006669718696822225,0.0816683457455961,15.10731135282074,vittima non trovata entro 15 minuti
5354,200,5,157.6,93.7,176.5,3.02,1e-07,80,0.60,0.45,False,900.0,2,2.0194839173657902e-28,1.4210854715202004e-14,8.553774380412163,vittima non trovata entro 15 minuti
5439,200,5,19.4,102.2,98.2,1.95,1e-06,120,0.60,0.45,True,87.2,3,0.011026381069648506,0.1050065763161932,5.622592283051661,
5437,200,5,65.8,133.8,142.4,4.97,1e-06,120,0.35,0.40,True,106.5,3,0.006176445162784441,0.07859036304016187,0.18044987856567168,
5361,200,5,91.8,117.2,141.9,1.47,1e-06,25,center,center,False,900.0,0,nan,nan,37.075990966988435,vittima non trovata entro 15 minuti
5442,200,5,47.2,30.1,49.1,3.88,1e-05,25,0.35,0.40,True,66.8,3,0.001718618023826837,0.04145621815634944,1.716217050937826,
5440,200,5,107.1,94.9,136.0,2.42,1e-06,120,0.60,0.58,True,105.4,3,0.0044483767236700635,0.06669615224036589,0.16056987920366622,
5356,200,5,166.2,111.1,193.0,1.0,1e-07,120,center,center,False,900.0,2,0.00023974420220526128,0.015483675345513457,0.3998585408900594,vittima non trovata entro 15 minuti
5438,200,5,136.5,165.9,207.8,1.4,1e-06,120,0.45,0.55,False,131.5,3,0.025202703148385786,0.15875359255269086,16.283435500468435,vittima non trovata entro 15 minuti
5364,200,5,126.4,40.3,126.4,3.34,1e-06,25,0.60,0.45,False,900.0,1,nan,nan,4.802495488154825,vittima non trovata entro 15 minuti
5454,200,5,86.7,41.2,89.3,2.4,1e-05,80,0.60,0.45,True,58.2,3,0.010040365128098614,0.10020162238256732,0.7422918377113917,
5450,200,5,115.1,43.7,116.7,3.47,1e-05,50,0.60,0.58,True,79.5,3,0.027475857169744215,0.16575843016192032,2.5758798107829177,
5447,200,5,156.5,158.1,215.4,3.73,1e-05,50,0.35,0.40,True,127.60000000000001,3,0.022415958286377848,0.1497195988719508,5.35669307882168,
5448,200,5,133.2,114.5,168.7,3.83,1e-05,50,0.45,0.55,True,123.2,3,0.0005731411603385834,0.023940366754471067,0.3480070104714975,
5444,200,5,117.9,143.5,178.7,2.79,1e-05,25,0.60,0.45,True,154.10000000000002,3,0.0037329372239956597,0.061097767749694915,0.06296921909452692,
5455,200,5,47.1,136.6,138.2,3.07,1e-05,80,0.60,0.58,True,94.10000000000001,3,0.03999767537234572,0.19999418834642602,1.89789795782935,
5453,200,5,118.8,143.9,179.5,2.39,1e-05,80,0.45,0.55,True,120.10000000000001,3,0.0027480258687924168,0.05242161642674152,1.5544725251668465,
5412,200,5,84.7,152.4,167.6,4.66,1e-07,80,0.35,0.40,False,465.40000000000003,3,2699.7811903811485,51.959418687867824,57.08417293467532,vittima non trovata entro 15 minuti
5446,200,5,107.2,22.6,103.7,2.66,1e-05,50,center,center,True,187.0,3,0.0011168269019282576,0.03341896021614463,1.097599063853625,
5451,200,5,103.4,74.2,120.3,3.24,1e-05,80,center,center,True,166.20000000000002,3,0.004206170436769867,0.0648549954650362,0.08463669840756291,
5369,200,5,160.7,82.1,173.7,4.82,1e-06,50,0.60,0.45,False,900.0,1,nan,nan,21.213862957739547,vittima non trovata entro 15 minuti
5452,200,5,58.7,63.9,79.7,4.64,1e-05,80,0.35,0.40,True,170.8,3,0.0030936298921028986,0.05562040895303538,0.043730115363322615,
5449,200,5,142.3,21.7,138.3,3.71,1e-05,50,0.60,0.45,True,182.10000000000002,3,0.012069652158265822,0.10986196866188873,3.2023293321755166,
5457,200,5,26.0,69.4,67.7,1.8,1e-05,120,0.35,0.40,True,157.9,3,0.005216671309944416,0.0722265277439281,0.04701120358955857,
5456,200,5,141.2,134.4,187.9,4.66,1e-05,120,center,center,True,184.8,3,0.0015403994075129967,0.03924792233371082,0.641575237032076,
5458,200,5,31.5,109.1,107.4,3.51,1e-05,120,0.45,0.55,True,146.3,3,0.004782504251589251,0.0691556523473624,1.826704725912869,
5372,200,5,154.1,95.7,174.5,4.54,1e-06,80,0.35,0.40,False,900.0,2,1.0097419586828951e-28,1.0048591735576161e-14,2.5610597486004667,vittima non trovata entro 15 minuti
5462,200,5,90.0,71.7,108.0,3.94,1e-07,25,0.35,0.40,True,115.30000000000001,3,0.0024556923978252183,0.04955494322290379,1.5744519609709011,
5374,200,5,153.2,93.8,172.8,3.13,1e-06,80,0.60,0.45,False,900.0,2,4.0389678347315804e-28,2.0097183471152322e-14,0.04786005642244669,vittima non trovata entro 15 minuti
5464,200,5,96.5,20.4,92.8,3.3,1e-07,25,0.60,0.45,True,92.9,3,0.0020263542843078916,0.045015045088368975,5.110136585942755,
5459,200,5,165.4,30.8,162.4,1.58,1e-05,120,0.60,0.45,True,154.8,3,0.0016626748901658833,0.04077591066016654,0.84215153359662,
5463,200,5,29.5,150.0,147.1,2.24,1e-07,25,0.45,0.55,False,124.60000000000001,3,0.016021737512448394,0.12657700230471725,26.117625733851007,vittima non trovata entro 15 minuti
5381,200,5,108.5,71.9,123.2,2.15,1e-05,25,center,center,False,900.0,1,395.0973794418365,19.877056609111836,18.037405037892373,vittima non trovata entro 15 minuti
5460,200,5,146.7,90.3,165.4,1.64,1e-05,120,0.60,0.58,True,175.9,3,0.005605941561899057,0.07487283594134161,0.05960122027410058,
5383,200,5,82.6,160.1,173.4,3.7,1e-05,25,0.45,0.55,False,900.0,0,nan,nan,nan,vittima non trovata entro 15 minuti
5469,200,5,53.3,122.5,127.0,4.66,1e-07,50,0.60,0.45,True,117.2,3,0.003112105641392378,0.055786249572743085,0.1024354573980876,
5477,200,5,54.5,41.2,61.3,4.9,1e-07,120,0.35,0.40,True,81.4,3,0.0025056823656770377,0.05005679140413454,0.5502543349067692,
5385,200,5,127.4,79.9,143.5,2.24,1e-05,25,0.60,0.58,False,900.0,2,2.4963338841924813e-22,1.579979077137568e-11,42.656338599509276,vittima non trovata entro 15 minuti
5474,200,5,91.3,58.0,101.2,4.55,1e-07,80,0.60,0.45,True,103.0,3,0.011527776510335194,0.10736748348701852,4.899640430092077,
5478,200,5,99.2,54.0,106.2,1.1,1e-07,120,0.45,0.55,True,114.60000000000001,3,0.002371654183891606,0.04869963227675961,0.41931256195565275,
5473,200,5,75.6,156.9,167.5,2.46,1e-07,80,0.45,0.55,False,141.0,3,0.010591609639286542,0.1029155461496782,26.30204219195259,vittima non trovata entro 15 minuti
5480,200,5,73.5,65.1,91.1,3.64,1e-07,120,0.60,0.58,True,110.10000000000001,3,0.0015764667318488219,0.03970474445011354,0.9803754736761885,
5390,200,5,61.1,161.0,165.7,4.87,1e-05,50,0.60,0.58,False,900.0,2,0.017839281946931525,0.1335637748303466,10.895115383055735,vittima non trovata entro 15 minuti
5484,200,5,20.0,79.8,76.3,2.43,1e-06,25,0.60,0.45,True,71.60000000000001,3,0.006539229237673839,0.0808655009115373,1.3190197076885875,
5482,200,5,47.2,108.7,112.0,2.32,1e-06,25,0.35,0.40,True,109.5,3,0.004122751212644085,0.06420865372085047,0.1776126559696895,
5479,200,5,137.0,126.7,179.5,1.47,1e-07,120,0.60,0.45,False,147.6,3,0.01986972693400973,0.1409600189202943,30.38787037735769,vittima non trovata entro 15 minuti
5486,200,5,36.6,88.9,89.7,4.76,1e-06,50,center,center,True,82.60000000000001,3,0.0049674848622360355,0.0704803863655417,4.264293429821431,
5483,200,5,107.3,132.5,163.5,4.24,1e-06,25,0.45,0.55,False,119.9,3,0.012769753659301428,0.11300333472646472,13.435019309236708,vittima non trovata entro 15 minuti
5485,200,5,115.7,130.4,167.3,1.75,1e-06,25,0.60,0.58,True,113.9,3,0.001051492468247562,0.03242672459943437,0.3960976933463648,
5489,200,5,51.0,102.3,107.6,1.48,1e-06,50,0.60,0.45,True,105.2,3,0.003559301471309588,0.05965988158980529,1.1988468393030676,
5488,200,5,106.1,144.3,172.1,4.37,1e-06,50,0.45,0.55,True,114.9,3,0.002430064606938065,0.04929568547994911,1.3456004793554066,
5492,200,5,84.3,31.0,83.5,1.98,1e-06,80,0.35,0.40,True,96.9,3,0.004144138744978035,0.064374985397886,1.0283563177887651,
5491,200,5,99.7,61.6,110.3,1.55,1e-06,80,center,center,True,99.4,3,0.00540358196078863,0.07350906039930473,0.586874876807178,
5493,200,5,99.8,50.6,105.2,1.85,1e-06,80,0.45,0.55,True,94.5,3,0.004534017819725113,0.0673351157994483,0.48933343341775964,
5404,200,5,39.7,44.0,52.2,4.04,1e-07,25,0.60,0.45,False,900.0,2,2.524354896707238e-29,5.0242958677880805e-15,6.18800398398788,vittima non trovata entro 15 minuti
5495,200,5,94.6,76.0,114.3,4.57,1e-06,80,0.60,0.58,True,108.7,3,0.004226169715449708,0.06500899718846391,1.9628355120446253,
5403,200,5,166.5,62.8,171.6,2.27,1e-07,25,0.45,0.55,False,900.0,2,0.0,0.0,16.152391337676235,vittima non trovata entro 15 minuti
5496,200,5,37.2,158.4,156.7,4.42,1e-06,120,center,center,False,103.60000000000001,3,0.001824741617423484,0.04271699448022396,13.507739743767557,vittima non trovata entro 15 minuti
5501,200,5,34.0,153.4,151.2,1.08,1e-05,25,center,center,True,96.30000000000001,3,0.005074201288019749,0.07123342816416846,1.4958842251865958,
5408,200,5,113.8,45.4,116.1,4.08,1e-07,50,0.45,0.55,False,900.0,2,2.524354896707238e-28,1.5888218580782548e-14,1.9296180016355842,vittima non trovata entro 15 minuti
5499,200,5,81.3,107.2,127.6,2.31,1e-06,120,0.60,0.45,True,122.9,3,0.003962607704845435,0.062949247055429,0.1582584437871629,
5497,200,5,121.5,142.7,180.4,4.7,1e-06,120,0.35,0.40,True,146.4,3,0.005888841456660599,0.07673878717220255,0.058537284457349036,
5500,200,5,88.8,163.9,179.6,4.03,1e-06,120,0.60,0.58,True,136.5,3,0.002671770422797295,0.05168917123341498,0.2478120103640095,
5414,200,5,66.7,136.9,145.6,3.6,1e-07,80,0.60,0.45,False,900.0,2,3.944304526105059e-31,6.280369834735101e-16,153.9005808575661,vittima non trovata entro 15 minuti
5413,200,5,70.9,130.1,141.4,1.4,1e-07,80,0.45,0.55,False,900.0,2,0.0044481326033013165,0.06669432212191168,7.251500225013876,vittima non trovata entro 15 minuti
5508,200,5,56.3,29.9,57.0,1.23,1e-05,50,0.45,0.55,True,62.900000000000006,3,0.007989276507265702,0.08938275285123916,0.5735090587854405,
5504,200,5,72.4,156.0,165.4,3.7,1e-05,25,0.60,0.45,True,143.5,3,0.005874523178368091,0.07664543807930183,0.041048801742845545,
5507,200,5,29.0,121.2,118.7,2.85,1e-05,50,0.35,0.40,True,145.8,3,0.005345478381223621,0.073112778508436,0.05750911289917005,
5422,200,5,150.4,85.3,166.1,4.36,1e-06,25,0.35,0.40,False,900.0,2,7.404774363674564e-28,2.721171505744275e-14,9.974987671330744,vittima non trovata entro 15 minuti
5506,200,5,116.7,55.6,122.6,4.69,1e-05,50,center,center,True,151.70000000000002,3,0.005200314781098835,0.0721132080904659,0.04044770881232075,
5512,200,5,88.6,75.7,109.5,1.18,1e-05,80,0.35,0.40,True,91.9,3,0.0024727961516851286,0.04972721741345607,0.6794135062361712,
5514,200,5,113.6,109.9,151.0,2.1,1e-05,80,0.60,0.45,True,99.80000000000001,3,0.0034310969719101967,0.05857556633879178,0.04256810094881381,
5425,200,5,124.2,75.1,138.3,1.57,1e-06,25,0.60,0.58,False,900.0,2,2.0194839173657902e-28,1.4210854715202004e-14,0.04757782491312084,vittima non trovata entro 15 minuti
5509,200,5,57.4,165.1,168.4,4.77,1e-05,50,0.60,0.45,True,163.3,3,0.00587652305579091,0.07665848326043836,0.09450903322289206,
5511,200,5,163.1,109.3,189.4,1.7,1e-05,80,center,center,True,146.0,3,0.004396648895402882,0.06630723109437524,0.07096215118223029,
5510,200,5,67.5,46.7,75.1,3.62,1e-05,50,0.60,0.58,True,190.3,3,0.0013456376239252238,0.036682933687550455,1.914216460691141,
5513,200,5,160.4,78.4,171.9,2.45,1e-05,80,0.45,0.55,True,144.3,3,0.0020134010146356644,0.04487093730507158,0.128631342863032,
5429,200,5,147.4,125.6,186.6,1.71,1e-06,50,0.60,0.45,False,900.0,2,4.0389678347315804e-28,2.0097183471152322e-14,6.542389959985286,vittima non trovata entro 15 minuti
5520,200,5,41.9,20.9,40.2,1.31,1e-05,120,0.60,0.58,True,43.800000000000004,3,0.0020990619680446095,0.045815521038667775,1.6309445142817545,
5518,200,5,57.4,150.2,154.4,2.4,1e-05,120,0.45,0.55,True,91.5,3,0.0076753760634292656,0.0876092236207425,0.9944464479718506,
5515,200,5,122.4,104.2,153.8,4.74,1e-05,80,0.60,0.58,True,115.2,3,0.002557296190957138,0.05056971614471588,0.1966667166163709,
5519,200,5,41.8,159.6,158.9,4.41,1e-05,120,0.60,0.45,True,89.9,3,0.0015492958701087032,0.03936109589567729,0.12785316677287492,
5517,200,5,29.3,165.5,162.4,4.2,1e-05,120,0.35,0.40,True,140.0,3,0.0031663543259013178,0.056270368098150184,0.073847553554136,
5441,200,5,72.8,170.2,178.6,4.53,1e-05,25,center,center,False,900.0,0,nan,nan,nan,vittima non trovata entro 15 minuti
5445,200,5,146.8,115.7,179.9,1.93,1e-05,25,0.60,0.58,False,900.0,1,401.98809193472704,20.049640693407127,4.6275822717506685,vittima non trovata entro 15 minuti
5443,200,5,114.7,63.1,124.1,3.52,1e-05,25,0.45,0.55,False,900.0,1,0.002428969008672932,0.04928457171035305,19.812148488061883,vittima non trovata entro 15 minuti
5526,200,5,102.7,33.0,101.6,2.07,1e-07,50,center,center,False,93.30000000000001,3,0.010106833295149002,0.100532747376907,14.844294725000948,vittima non trovata entro 15 minuti
5516,200,5,143.0,145.6,197.1,1.66,1e-05,120,center,center,True,184.70000000000002,3,0.0009993236177063345,0.031612080249587095,0.08401273149099353,
5523,200,5,136.5,136.1,185.7,3.1,1e-07,25,0.45,0.55,False,126.0,3,0.009989196597197067,0.09994596838891034,19.386416172123216,vittima non trovata entro 15 minuti
5529,200,5,30.1,88.7,87.4,2.71,1e-07,50,0.60,0.45,True,96.30000000000001,3,0.0020361035446926413,0.04512320406057887,1.3330126580596495,
5528,200,5,118.6,34.0,117.2,2.03,1e-07,50,0.45,0.55,False,99.30000000000001,3,1.282810603924385e-08,0.00011326122919712575,21.950933627868466,vittima non trovata entro 15 minuti
5536,200,5,70.8,25.3,68.8,4.24,1e-07,120,center,center,True,80.7,3,0.0026254546060375146,0.051239190138384454,0.6224240990232117,
5530,200,5,132.7,159.2,200.2,3.34,1e-07,50,0.60,0.58,True,147.4,3,0.02546886523503035,0.15958967772080482,2.7263822358092282,
5461,200,5,164.2,37.2,162.4,1.48,1e-07,25,center,center,False,900.0,2,2.524354896707238e-29,5.0242958677880805e-15,0.5004672377493404,vittima non trovata entro 15 minuti
5538,200,5,43.6,80.8,85.1,4.47,1e-07,120,0.45,0.55,True,106.5,3,0.00444235428063068,0.06665098859454885,1.3263167260932858,
5466,200,5,107.2,163.8,188.8,3.47,1e-07,50,center,center,False,900.0,2,378.244159523601,19.44850018699645,16.483889506419732,vittima non trovata entro 15 minuti
5521,200,5,64.2,89.2,103.0,4.3,1e-07,25,center,center,True,296.1,3,174.91883889082,13.225688597983094,6.573296724539131,
5539,200,5,79.2,23.2,76.4,4.89,1e-07,120,0.60,0.45,False,69.8,3,0.021399092875275635,0.14628428786194242,10.415254887938731,vittima non trovata entro 15 minuti
5533,200,5,108.4,169.7,194.5,4.51,1e-07,80,0.45,0.55,False,185.70000000000002,3,0.004434827495401325,0.06659450048916446,25.80086798288042,vittima non trovata entro 15 minuti
5465,200,5,149.9,143.5,200.4,3.76,1e-07,25,0.60,0.58,False,900.0,2,4.0389678347315804e-28,2.0097183471152322e-14,9.118574843304309,vittima non trovata entro 15 minuti
5537,200,5,107.6,164.4,189.6,1.63,1e-07,120,0.35,0.40,False,154.5,3,0.004799278613366741,0.06927682594754714,24.498830266477285,vittima non trovata entro 15 minuti
5467,200,5,104.8,97.5,136.1,3.65,1e-07,50,0.35,0.40,False,900.0,2,4.0389678347315804e-28,2.0097183471152322e-14,0.6911644631292726,vittima non trovata entro 15 minuti
5468,200,5,71.2,60.8,86.6,4.41,1e-07,50,0.45,0.55,False,900.0,2,5.048709793414476e-29,7.105427357601002e-15,0.19413919032358548,vittima non trovata entro 15 minuti
5540,200,5,109.0,83.2,130.1,3.24,1e-07,120,0.60,0.58,True,128.4,3,0.0013743091261676373,0.03707167552414697,0.022621900094064475,
5476,200,5,160.1,95.6,179.6,3.09,1e-07,120,center,center,False,900.0,2,1.0097419586828951e-28,1.0048591735576161e-14,18.086955968808308,vittima non trovata entro 15 minuti
5547,200,5,19.0,38.0,35.8,1.41,1e-06,50,0.35,0.40,True,65.9,3,0.003210060267163037,0.05665739375547588,0.30222117027208195,
5542,200,5,26.3,159.5,156.0,2.9,1e-06,25,0.35,0.40,True,117.9,3,0.01723631693705867,0.1312871545013398,5.396230444575856,
5470,200,5,27.0,94.4,92.1,1.85,1e-07,50,0.60,0.58,False,900.0,2,2.145701662201152e-28,1.464821375527116e-14,1.2972207178347634,vittima non trovata entro 15 minuti
5543,200,5,117.7,88.3,140.1,3.55,1e-06,25,0.45,0.55,True,121.4,3,0.005991147999216057,0.07740250641430196,0.08621767660917577,
5471,200,5,48.7,136.6,138.6,2.34,1e-07,80,center,center,False,900.0,2,9.155882701562049e-05,0.009568637678145227,0.981357554767,vittima non trovata entro 15 minuti
5544,200,5,93.8,97.5,128.2,4.69,1e-06,25,0.60,0.45,True,118.4,3,0.01049658110155513,0.10245282378517016,0.5077995230782218,
5472,200,5,107.7,62.8,117.9,4.38,1e-07,80,0.35,0.40,False,900.0,2,2.524354896707238e-29,5.0242958677880805e-15,0.6881191133488955,vittima non trovata entro 15 minuti
5481,200,5,129.5,78.6,144.6,3.51,1e-06,25,center,center,False,900.0,1,0.0,0.0,2.7342006585561114,vittima non trovata entro 15 minuti
5546,200,5,74.2,165.0,174.4,3.19,1e-06,50,center,center,True,129.1,3,0.003605550281545754,0.06004623453261457,3.40218782896506,
5475,200,5,152.5,111.8,182.1,3.03,1e-07,80,0.60,0.58,False,900.0,2,2.0194839173657902e-28,1.4210854715202004e-14,15.283759748556868,vittima non trovata entro 15 minuti
5548,200,5,162.8,131.6,202.4,4.79,1e-06,50,0.45,0.55,True,142.70000000000002,3,0.0026623738160885912,0.0515981958607914,0.2201912947948174,
5559,200,5,37.2,20.5,35.7,2.36,1e-06,120,0.60,0.45,True,42.2,3,0.01382656914947415,0.11758643267602836,1.5176246048334667,
5558,200,5,29.9,83.1,81.9,4.55,1e-06,120,0.45,0.55,True,78.80000000000001,3,0.006213529285540601,0.07882594297273329,2.444365889517922,
5555,200,5,110.1,106.4,146.1,3.87,1e-06,80,0.60,0.58,True,111.4,3,0.0041470324809775045,0.06439745710024197,0.22637479020427942,
5557,200,5,73.7,115.1,129.8,3.18,1e-06,120,0.35,0.40,False,98.10000000000001,3,0.02775649908533736,0.16660281835952645,13.34787241028429,vittima non trovata entro 15 minuti
5552,200,5,129.5,169.4,206.2,1.92,1e-06,80,0.35,0.40,True,165.5,3,0.01304175000509032,0.11420048163247964,9.713871975575264,
5562,200,5,86.5,126.7,146.4,2.4,1e-05,25,0.35,0.40,True,102.10000000000001,3,0.004839840036956002,0.06956895886065856,0.04028230657674792,
5556,200,5,155.2,107.7,182.0,4.39,1e-06,120,center,center,True,147.9,3,0.0034319049062617978,0.058582462446211646,0.27855262942018894,
5487,200,5,126.4,19.6,122.2,2.76,1e-06,50,0.35,0.40,False,900.0,2,0.0,0.0,7.886643987627901,vittima non trovata entro 15 minuti
5490,200,5,135.1,78.0,149.2,2.45,1e-06,50,0.60,0.58,False,900.0,2,1.0097419586828951e-28,1.0048591735576161e-14,0.06049034963796828,vittima non trovata entro 15 minuti
5551,200,5,127.4,128.5,173.9,4.08,1e-06,80,center,center,True,220.5,3,0.005117214896586293,0.07153471113093485,0.29626601195202124,
5567,200,5,92.4,22.3,89.1,4.43,1e-05,50,0.35,0.40,True,103.2,3,0.0045268053343051635,0.06728153784141058,2.636774073581938,
5494,200,5,145.0,89.6,163.5,3.64,1e-06,80,0.60,0.45,False,900.0,2,0.0,0.0,0.8838332455672515,vittima non trovata entro 15 minuti
5563,200,5,65.2,32.3,66.1,4.11,1e-05,25,0.45,0.55,True,195.60000000000002,3,0.0012410017093393568,0.03522785416881586,0.2634724026445552,
5560,200,5,152.6,93.7,172.2,3.76,1e-06,120,0.60,0.58,True,215.10000000000002,3,0.0055383368264468845,0.07442000286513623,0.23372183877701996,
5505,200,5,114.0,99.7,144.4,2.01,1e-05,25,0.60,0.58,False,900.0,1,nan,nan,30.050318008556886,vittima non trovata entro 15 minuti
5571,200,5,126.7,90.8,148.9,3.09,1e-05,80,center,center,True,129.4,3,0.00454972501484092,0.06745164945974946,0.17126771457894704,
5503,200,5,77.9,167.1,177.7,2.04,1e-05,25,0.45,0.55,False,900.0,0,nan,nan,nan,vittima non trovata entro 15 minuti
5573,200,5,78.9,127.4,142.9,3.25,1e-05,80,0.45,0.55,True,105.0,3,0.001746436033228419,0.04179038206607376,1.4301315263110213,
5574,200,5,94.8,73.9,113.2,4.73,1e-05,80,0.60,0.45,True,89.7,3,0.0022978771568792013,0.04793617795443439,3.8119311008567456,
5502,200,5,154.6,90.0,172.0,4.36,1e-05,25,0.35,0.40,False,900.0,2,0.0,0.0,28.569878039745117,vittima non trovata entro 15 minuti
5525,200,5,84.9,70.8,103.5,4.04,1e-07,25,0.60,0.58,True,640.8000000000001,3,3.532506783771587,1.879496417600094,1.3771509974676892,
5498,200,5,120.7,33.1,119.1,2.48,1e-06,120,0.45,0.55,False,900.0,2,2.271919407036514e-28,1.507288760336424e-14,0.15647142597193572,vittima non trovata entro 15 minuti
5568,200,5,28.0,40.7,42.5,1.57,1e-05,50,0.45,0.55,True,181.4,3,0.004513930825883,0.0671857933337324,0.4573366405052482,
5575,200,5,80.7,43.6,84.9,4.4,1e-05,80,0.60,0.58,True,88.9,3,0.007238994292260926,0.08508227954316296,2.9849246583657343,
5572,200,5,102.4,76.0,120.6,1.3,1e-05,80,0.35,0.40,True,166.10000000000002,3,0.0009167344891104741,0.030277623571054485,0.7719798564555894,
5577,200,5,150.7,108.2,178.5,1.25,1e-05,120,0.35,0.40,True,122.4,3,0.003638135663673036,0.06031696000026059,0.8512826154573832,
5579,200,5,128.6,61.6,135.9,3.86,1e-05,120,0.60,0.45,True,113.60000000000001,3,0.0013231961715907032,0.03637576351900676,1.6500190207404755,
5578,200,5,32.9,114.5,113.0,3.32,1e-05,120,0.45,0.55,True,144.6,3,0.002763480988094225,0.052568821444790116,1.5262654732057226,
5586,200,5,105.2,32.1,103.8,4.34,1e-07,50,center,center,True,103.7,3,0.012097985906523402,0.10999084464864975,6.891958395026894,
5576,200,5,109.8,50.6,114.2,3.24,1e-05,120,center,center,True,171.20000000000002,3,0.0024801059482334985,0.049800662126456695,0.09034924465928061,
5584,200,5,127.4,99.6,154.7,1.46,1e-07,25,0.60,0.45,True,132.0,3,0.003597149656817838,0.059976242436633506,0.1703944497399602,
5580,200,5,103.8,126.6,156.7,4.48,1e-05,120,0.60,0.58,True,169.9,3,0.0005586540370988782,0.023635863366902387,0.0863420406031264,
5587,200,5,19.6,165.3,160.9,1.06,1e-07,50,0.35,0.40,False,134.1,3,0.005444593532601297,0.0737874889978057,23.32732338642077,vittima non trovata entro 15 minuti
5585,200,5,122.8,124.5,167.8,2.1,1e-07,25,0.60,0.58,True,146.0,3,0.00815586237335019,0.09030981327270138,0.32240567034699164,
5590,200,5,110.8,34.0,109.7,4.2,1e-07,50,0.60,0.58,False,95.9,3,0.0005350076128041656,0.023130231576967957,15.551417381179792,vittima non trovata entro 15 minuti
5592,200,5,49.2,77.4,84.8,3.82,1e-07,80,0.35,0.40,True,100.7,3,0.004092391459387104,0.06397180206455891,0.22432575345118824,
5589,200,5,135.3,105.6,164.7,4.39,1e-07,50,0.60,0.45,True,140.20000000000002,3,0.003973508960049474,0.06303577523953738,0.058423438410702425,
5522,200,5,158.5,74.1,168.4,4.28,1e-07,25,0.35,0.40,False,900.0,2,0.00056358661448453,0.02373997924355727,7.334551042972077,vittima non trovata entro 15 minuti
5595,200,5,101.7,77.1,120.6,1.16,1e-07,80,0.60,0.58,True,125.4,3,0.00197319082431011,0.04442061260620017,0.10129319735289066,
5598,200,5,67.4,23.1,65.0,4.68,1e-07,120,0.45,0.55,False,77.60000000000001,3,0.04027738560328842,0.2006922659279336,10.832671745224742,vittima non trovata entro 15 minuti
5599,200,5,52.2,51.1,66.0,2.48,1e-07,120,0.60,0.45,True,78.0,3,0.008559640968748191,0.09251832774509162,1.509715530368747,
5594,200,5,132.9,147.6,191.5,1.51,1e-07,80,0.60,0.45,False,154.0,3,0.011875005421666302,0.10897249846482507,23.909215447557756,vittima non trovata entro 15 minuti
5524,200,5,82.1,116.5,135.6,2.0,1e-07,25,0.60,0.45,False,900.0,2,0.0,0.0,1.165653756417615,vittima non trovata entro 15 minuti
5596,200,5,65.3,164.7,170.7,1.18,1e-07,120,center,center,False,142.20000000000002,3,0.0015998236030089152,0.03999779497683485,17.834260819395205,vittima non trovata entro 15 minuti
5597,200,5,94.8,153.6,173.7,1.01,1e-07,120,0.35,0.40,False,142.20000000000002,3,0.03141950520268892,0.17725548003570699,29.889073860183437,vittima non trovata entro 15 minuti
5527,200,5,40.2,61.0,66.2,3.9,1e-07,50,0.35,0.40,False,900.0,2,0.0004087346510569958,0.02021718702136862,2.9567828786257344,vittima non trovata entro 15 minuti
5600,200,5,75.0,139.4,151.5,4.07,1e-07,120,0.60,0.58,True,134.4,3,0.033897427660504215,0.18411254074751185,2.5791857517706602,
5602,200,5,53.8,34.8,57.2,3.68,1e-06,25,0.35,0.40,True,78.30000000000001,3,0.00237313728496591,0.04871485692235901,1.2760042680354462,
5604,200,5,42.3,35.0,47.9,1.23,1e-06,25,0.60,0.45,True,75.9,3,0.003943008635134023,0.06279338050411065,1.2456071294400417,
5531,200,5,82.4,88.4,113.7,3.3,1e-07,80,center,center,False,900.0,2,0.0,0.0,2.6511558370392554,vittima non trovata entro 15 minuti
5605,200,5,46.6,146.6,147.6,4.06,1e-06,25,0.60,0.58,True,105.5,3,0.0007827280973091437,0.02797727823268632,1.031155676068956,
5603,200,5,107.5,129.0,160.8,1.77,1e-06,25,0.45,0.55,False,117.80000000000001,3,0.02850298525470768,0.168828271491204,11.30925454195746,vittima non trovata entro 15 minuti
5535,200,5,107.4,51.7,112.6,3.93,1e-07,80,0.60,0.58,False,900.0,2,2.0194839173657902e-28,1.4210854715202004e-14,1.272200749996894,vittima non trovata entro 15 minuti
5532,200,5,19.4,115.4,111.4,2.91,1e-07,80,0.35,0.40,False,900.0,2,3.944304526105059e-31,6.280369834735101e-16,34.952940817257385,vittima non trovata entro 15 minuti
5534,200,5,148.7,62.4,154.7,2.44,1e-07,80,0.60,0.45,False,900.0,2,2.524354896707238e-29,5.0242958677880805e-15,5.421079224005394,vittima non trovata entro 15 minuti
5616,200,5,29.6,27.3,33.2,2.61,1e-06,120,center,center,True,62.1,3,0.0013421720556997874,0.036635666442686524,3.227402558413437,
5609,200,5,80.4,160.1,172.4,2.04,1e-06,50,0.60,0.45,True,126.2,3,0.004288350991391957,0.06548550214659697,0.039446589959527004,
5610,200,5,86.7,94.5,121.2,3.32,1e-06,50,0.60,0.58,True,116.7,3,0.004213568548776527,0.06491200619898084,0.17837727018093522,
5614,200,5,42.5,71.2,76.1,3.79,1e-06,80,0.60,0.45,True,88.10000000000001,3,0.0027914493611853673,0.05283416850093666,2.0058476806460432,
5617,200,5,106.3,23.5,103.0,1.5,1e-06,120,0.35,0.40,True,82.10000000000001,3,0.001874453133918229,0.04329495506312749,0.6491401363095218,
5611,200,5,92.2,142.1,162.5,3.75,1e-06,80,center,center,True,133.5,3,0.004146281950979462,0.06439162951020468,2.9136696806079243,
5541,200,5,91.5,70.7,108.6,4.44,1e-06,25,center,center,False,900.0,1,nan,nan,1.5561606795598608,vittima non trovata entro 15 minuti
5612,200,5,138.9,161.5,206.0,2.19,1e-06,80,0.35,0.40,True,144.9,3,0.02082118563548656,0.14429548030165934,4.536348276003915,
5615,200,5,62.3,115.9,124.9,2.41,1e-06,80,0.60,0.58,True,102.5,3,0.004370711362856597,0.066111355778388,0.21759646081533554,
5545,200,5,67.8,44.1,74.0,1.57,1e-06,25,0.60,0.58,False,900.0,1,0.000597674076885637,0.024447373619381634,1.222398903330979,vittima non trovata entro 15 minuti
5613,200,5,155.6,168.3,222.1,1.83,1e-06,80,0.45,0.55,True,171.0,3,0.009785662368761492,0.09892250688676209,0.8038157851722912,
5618,200,5,120.4,167.7,199.5,2.98,1e-06,120,0.45,0.55,True,138.5,3,0.0016562132352307727,0.04069659979937848,0.7191423069862927,
5588,200,5,110.0,74.6,126.0,3.92,1e-07,50,0.45,0.55,True,522.9,3,13.86212528396818,3.7231875166271413,3.9007172822565064,
5620,200,5,152.2,157.5,212.0,1.08,1e-06,120,0.60,0.58,True,149.8,3,0.0022172741932473703,0.04708794105975935,2.6594152420586856,
5629,200,5,34.6,75.7,76.7,1.59,1e-05,50,0.60,0.45,True,66.9,3,0.0066424992501374035,0.08150152912760228,1.7424462126224878,
5626,200,5,123.1,98.3,150.6,2.0,1e-05,50,center,center,True,136.0,3,0.0024702636864648696,0.049701747318025645,0.36355703527879246,
5628,200,5,51.5,122.4,126.3,4.18,1e-05,50,0.45,0.55,True,100.7,3,0.00195557731310866,0.04422190987631199,1.8207140982591077,
5549,200,5,157.8,100.6,180.2,2.42,1e-06,50,0.60,0.45,False,900.0,1,nan,nan,30.15303236569528,vittima non trovata entro 15 minuti
5550,200,5,159.1,133.9,200.9,3.82,1e-06,50,0.60,0.58,False,900.0,2,4.0389678347315804e-28,2.0097183471152322e-14,1.4723853292882982,vittima non trovata entro 15 minuti
5630,200,5,49.2,105.1,109.5,1.31,1e-05,50,0.60,0.58,True,90.4,3,0.0036190615121047035,0.060158636222114474,1.1835952385785615,
5553,200,5,163.8,49.1,164.8,4.37,1e-06,80,0.45,0.55,False,900.0,1,nan,nan,14.844153373221431,vittima non trovata entro 15 minuti
5631,200,5,90.6,41.5,93.1,2.28,1e-05,80,center,center,True,83.10000000000001,3,0.003150787010050983,0.05613187160652122,0.04507981662372705,
5623,200,5,63.2,26.4,62.0,3.78,1e-05,25,0.45,0.55,True,197.10000000000002,3,0.0010305548224191854,0.03210225572166519,0.3178234507587528,
5561,200,5,97.8,37.1,98.3,3.41,1e-05,25,center,center,False,900.0,1,261.76739770646753,16.17922735196176,6.055304844685793,vittima non trovata entro 15 minuti
5554,200,5,126.3,70.1,137.7,4.62,1e-06,80,0.60,0.45,False,900.0,2,2.0194839173657902e-28,1.4210854715202004e-14,2.334439435561616,vittima non trovata entro 15 minuti
5635,200,5,95.8,43.6,98.7,1.54,1e-05,80,0.60,0.58,True,80.0,3,0.0024080464284186556,0.049071849653530036,2.530191255231447,
5564,200,5,151.3,55.0,154.6,4.32,1e-05,25,0.60,0.45,False,900.0,1,0.0055185058843197675,0.07428664674300334,2.7242333506686944,vittima non trovata entro 15 minuti
5632,200,5,92.2,147.0,166.6,4.16,1e-05,80,0.35,0.40,True,119.0,3,0.003557276000038698,0.05964290402083636,0.06496550829318633,
5634,200,5,153.6,98.4,175.5,2.68,1e-05,80,0.60,0.45,True,119.2,3,0.002198281327945071,0.04688583291299272,0.2958518509844956,
5638,200,5,54.2,96.2,103.6,3.42,1e-05,120,0.45,0.55,True,84.80000000000001,3,0.0039620030511257134,0.06294444416408579,1.7699200197240688,
5636,200,5,87.7,121.2,142.7,3.2,1e-05,120,center,center,True,112.9,3,0.0027655196045406703,0.05258820784682314,2.712882024384983,
5565,200,5,89.1,67.1,104.6,4.71,1e-05,25,0.60,0.58,False,900.0,2,4.0389678347315804e-28,2.0097183471152322e-14,25.2859961075968,vittima non trovata entro 15 minuti
5633,200,5,157.6,145.0,207.1,4.45,1e-05,80,0.45,0.55,True,146.5,3,0.001575629007119132,0.039694193619711333,0.07064105888387436,
5640,200,5,111.9,134.5,168.0,2.39,1e-05,120,0.60,0.58,True,108.80000000000001,3,0.005400288211877782,0.07348665329076963,0.041143879688538366,
5639,200,5,122.3,101.7,152.1,2.87,1e-05,120,0.60,0.45,True,115.9,3,0.0029563622528205502,0.05437244019556737,0.18594731653844085,
5566,200,5,148.0,165.7,215.1,1.73,1e-05,50,center,center,False,900.0,2,0.0,0.0,28.890438982522955,vittima non trovata entro 15 minuti
5643,200,5,102.6,30.4,100.8,3.41,1e-07,25,0.45,0.55,True,91.9,3,0.01049299738455005,0.10243533269604804,1.1914841092701909,
5637,200,5,107.5,142.1,171.2,4.96,1e-05,120,0.35,0.40,True,162.9,3,0.00433860582231661,0.06586809411480349,0.36077904106718134,
5644,200,5,128.0,26.1,124.8,3.77,1e-07,25,0.60,0.45,False,100.60000000000001,3,0.01022877002747579,0.10113738194889065,23.745630693399544,vittima non trovata entro 15 minuti
5569,200,5,169.3,69.3,176.5,2.51,1e-05,50,0.60,0.45,False,900.0,2,0.0,0.0,30.19808865351751,vittima non trovata entro 15 minuti
5570,200,5,150.1,170.3,220.0,3.9,1e-05,50,0.60,0.58,False,900.0,2,0.003670245417762242,0.060582550439563385,3.56812782858934,vittima non trovata entro 15 minuti
5649,200,5,93.3,23.7,90.3,3.81,1e-07,50,0.60,0.45,False,86.60000000000001,3,3.6049447236530286e-06,0.0018986691980576891,16.619585309349436,vittima non trovata entro 15 minuti
5650,200,5,76.3,126.2,140.6,1.79,1e-07,50,0.60,0.58,True,115.9,3,0.0020410145926006125,0.045177589495242136,0.14060766878977374,
5651,200,5,136.5,38.7,135.8,2.01,1e-07,80,center,center,False,106.80000000000001,3,0.0010783308832109147,0.032837948827704126,11.224196323875647,vittima non trovata entro 15 minuti
5652,200,5,132.8,42.3,133.1,3.06,1e-07,80,0.35,0.40,True,108.2,3,0.007399444438752244,0.08602002347565504,4.080603300777832,
5654,200,5,59.6,151.0,155.9,1.93,1e-07,80,0.60,0.45,False,131.8,3,0.01406559382949557,0.11859845626944547,28.172204270753884,vittima non trovata entro 15 minuti
5657,200,5,76.5,82.5,105.4,2.63,1e-07,120,0.35,0.40,True,117.2,3,0.0014623657578873939,0.038240891175381805,0.2189607015744249,
5582,200,5,144.9,93.6,165.6,3.28,1e-07,25,0.35,0.40,False,900.0,2,0.0,0.0,0.9827879449987154,vittima non trovata entro 15 minuti
5581,200,5,60.6,137.7,143.9,3.81,1e-07,25,center,center,False,900.0,2,0.0,0.0,4.438747602064997,vittima non trovata entro 15 minuti
5656,200,5,90.4,162.2,178.9,1.16,1e-07,120,center,center,True,148.1,3,0.014401585592272304,0.12000660645261287,2.170911793091092,
5663,200,5,50.1,26.9,50.2,3.16,1e-06,25,0.45,0.55,True,81.10000000000001,3,0.003566559434531172,0.059720678450024094,0.3670668996376796,
5583,200,5,41.7,112.6,113.7,4.27,1e-07,25,0.45,0.55,False,900.0,2,0.0,0.0,0.9479444168352518,vittima non trovata entro 15 minuti
5659,200,5,95.2,156.8,176.6,3.07,1e-07,120,0.60,0.45,False,122.4,3,0.009050805386884516,0.09513572087751539,17.795124344760122,vittima non trovata entro 15 minuti
5660,200,5,67.3,106.9,119.5,1.75,1e-07,120,0.60,0.58,True,121.10000000000001,3,0.007812571605150805,0.08838875270729192,0.08173161907018182,
5658,200,5,112.4,153.1,182.9,1.47,1e-07,120,0.45,0.55,False,152.9,3,0.024390215518851458,0.15617367101676088,19.172433308337137,vittima non trovata entro 15 minuti
5642,200,5,144.1,126.9,185.0,1.71,1e-07,25,0.35,0.40,False,299.2,3,0.014479116923691984,0.12032920228976832,24.781117592762648,vittima non trovata entro 15 minuti
5591,200,5,70.0,111.1,124.4,2.73,1e-07,80,center,center,False,900.0,2,1.0097419586828951e-28,1.0048591735576161e-14,3.326584313727759,vittima non trovata entro 15 minuti
5671,200,5,72.0,19.8,68.6,1.31,1e-06,80,center,center,True,53.0,3,0.00787989085517474,0.08876874931626974,1.225855872615387,
5664,200,5,49.6,163.3,164.4,1.39,1e-06,25,0.60,0.45,True,112.80000000000001,3,0.000983810731141339,0.03136575730221317,0.5149526168636667,
5666,200,5,60.5,75.3,89.6,1.99,1e-06,50,center,center,True,91.80000000000001,3,0.007259273114828865,0.08520136803378726,1.6852253638408936,
5669,200,5,60.6,58.7,77.3,2.55,1e-06,50,0.60,0.45,True,84.80000000000001,3,0.006055435294170368,0.07781667748092544,2.194228170344465,
5668,200,5,77.8,100.9,120.4,2.15,1e-06,50,0.45,0.55,True,106.2,3,0.005762790656896238,0.07591304668432323,0.7362799068166904,
5667,200,5,95.1,150.6,171.2,2.9,1e-06,50,0.35,0.40,True,118.0,3,0.003275895315310135,0.057235437582935755,0.1946776693713817,
5675,200,5,27.9,120.4,117.7,1.93,1e-06,80,0.60,0.58,True,91.0,3,0.0026680996990135417,0.05165365136186929,0.5933441827718018,
5673,200,5,72.2,137.2,148.3,4.32,1e-06,80,0.45,0.55,True,120.5,3,0.028554842295580092,0.16898178095753427,1.5347849269846536,
5674,200,5,43.5,128.8,129.7,3.41,1e-06,80,0.60,0.45,True,119.10000000000001,3,0.003387834201757259,0.05820510460223621,0.12290340387935718,
5593,200,5,141.9,111.8,173.7,2.46,1e-07,80,0.45,0.55,False,900.0,2,0.0,0.0,2.0274837204481475,vittima non trovata entro 15 minuti
5678,200,5,19.0,144.4,140.1,2.18,1e-06,120,0.45,0.55,True,100.10000000000001,3,0.009181036509347635,0.0958177254444481,0.4309091825269517,
5677,200,5,119.2,150.0,184.6,1.01,1e-06,120,0.35,0.40,False,122.5,3,0.02152251181601762,0.14670552755781774,14.425297470758114,vittima non trovata entro 15 minuti
5665,200,5,47.5,135.4,137.1,3.55,1e-06,25,0.60,0.58,True,207.4,3,0.003043349135137472,0.055166558122992156,0.8622135756573465,
5619,200,5,142.5,94.8,164.2,1.86,1e-06,120,0.60,0.45,True,612.8000000000001,3,107.63853505077459,10.3748992790665,7.449744251114521,
5676,200,5,121.1,156.6,190.9,3.41,1e-06,120,center,center,True,140.20000000000002,3,0.02651117752916752,0.16282253384948756,1.8568989050232938,
5679,200,5,164.0,168.1,227.8,4.15,1e-06,120,0.60,0.45,True,154.4,3,0.004485430893065774,0.06697335957726605,0.17679224415004144,
5685,200,5,154.1,22.4,150.1,1.56,1e-05,25,0.60,0.58,True,93.4,3,0.0024815611724041315,0.04981527047406379,0.353710812455977,
5607,200,5,149.0,168.1,217.6,3.4,1e-06,50,0.35,0.40,False,900.0,2,59.633585862035964,7.722278540821741,5.541235623698269,vittima non trovata entro 15 minuti
5601,200,5,133.5,54.2,137.6,4.86,1e-06,25,center,center,False,900.0,1,0.0,0.0,1.1903290227639178,vittima non trovata entro 15 minuti
5687,200,5,94.2,79.6,116.3,3.87,1e-05,50,0.35,0.40,True,89.60000000000001,3,0.006202270856669381,0.07875449737424131,2.566232617132426,
5641,200,5,27.7,94.5,92.3,1.06,1e-07,25,center,center,False,531.5,3,358.25251658282406,18.92755971019043,10.594618294811971,vittima non trovata entro 15 minuti
5686,200,5,115.2,162.2,191.9,2.18,1e-05,50,center,center,True,137.1,3,0.0037613389244706193,0.061329755620503,2.760050093504169,
5684,200,5,125.6,47.4,127.8,3.24,1e-05,25,0.60,0.45,True,171.3,3,0.0268673672549355,0.16391268180020574,1.6922580067752295,
5608,200,5,131.0,118.2,169.4,4.91,1e-06,50,0.45,0.55,False,900.0,2,2.0194839173657902e-28,1.4210854715202004e-14,0.14288037766773315,vittima non trovata entro 15 minuti
5645,200,5,37.0,102.4,102.5,4.48,1e-07,25,0.60,0.58,True,522.4,3,254.48074499626563,15.952452632628804,9.552793904903671,
5688,200,5,29.9,126.7,124.3,4.25,1e-05,50,0.45,0.55,True,142.4,3,0.0017457715933355891,0.04178243163502561,1.4353483475547517,
5690,200,5,156.9,169.3,223.8,4.26,1e-05,50,0.60,0.58,True,131.3,3,0.0015762645327688422,0.03970219808485221,0.7538802217086247,
5694,200,5,40.2,130.3,130.2,1.97,1e-05,80,0.60,0.45,True,79.4,3,0.0040719084584558375,0.06381150725735787,0.0730919907426103,
5606,200,5,138.6,128.0,181.6,4.82,1e-06,50,center,center,False,900.0,2,5.048709793414476e-28,2.2469334198890888e-14,0.7625420202887677,vittima non trovata entro 15 minuti
5692,200,5,109.1,144.0,173.6,2.77,1e-05,80,0.35,0.40,True,146.5,3,0.005225788502840403,0.07228961545644301,0.24832138109283072,
5700,200,5,40.3,119.1,119.4,1.09,1e-05,120,0.60,0.58,True,77.4,3,0.0018034953646404118,0.042467580159933904,1.0711127407060208,
5691,200,5,103.3,146.1,172.0,2.91,1e-05,80,center,center,True,172.5,3,0.007555694315819471,0.08692349691435262,2.437732385357262,
5695,200,5,23.1,91.5,88.3,2.48,1e-05,80,0.60,0.58,True,147.1,3,0.003887977156954054,0.06235364589945045,1.1292315100113386,
5696,200,5,40.4,38.2,48.5,4.43,1e-05,120,center,center,True,168.9,3,0.0016816903696071006,0.04100841827731351,4.2621488980786735,
5697,200,5,168.8,32.2,166.1,2.91,1e-05,120,0.35,0.40,True,152.8,3,0.004239360530020253,0.0651103719081703,1.452458991642254,
5622,200,5,19.0,119.6,115.4,4.35,1e-05,25,0.35,0.40,False,900.0,1,3.0292258760486853e-28,1.7404671430534633e-14,28.70966262047923,vittima non trovata entro 15 minuti
5621,200,5,135.8,98.8,161.0,4.86,1e-05,25,center,center,False,900.0,2,0.0,0.0,38.93328573393584,vittima non trovata entro 15 minuti
5624,200,5,73.5,27.2,72.1,4.55,1e-05,25,0.60,0.45,False,900.0,1,195.13989590164977,13.969248222493928,15.048751368259145,vittima non trovata entro 15 minuti
5699,200,5,25.9,44.6,44.8,1.56,1e-05,120,0.60,0.45,True,164.0,3,0.004465998969352796,0.066828130075237,1.8446125621079723,
5625,200,5,151.5,157.2,211.2,4.26,1e-05,25,0.60,0.58,False,900.0,2,1.0097419586828951e-28,1.0048591735576161e-14,36.74105624328395,vittima non trovata entro 15 minuti
5698,200,5,64.1,74.1,90.9,3.19,1e-05,120,0.45,0.55,True,180.0,3,0.0018133924237595152,0.04258394561051753,1.5856688375339298,
5704,200,5,105.6,170.4,193.6,3.71,1e-07,25,0.60,0.45,True,164.0,3,0.03210346724945075,0.17917440456005637,3.697058507685225,
5627,200,5,147.9,96.2,169.6,4.16,1e-05,50,0.35,0.40,False,900.0,2,1.0097419586828951e-28,1.0048591735576161e-14,25.142639912153566,vittima non trovata entro 15 minuti
5707,200,5,130.3,22.6,126.5,1.63,1e-07,50,0.35,0.40,True,124.10000000000001,3,0.03756607106931979,0.19381968700139776,1.4232512463773785,
5712,200,5,26.7,48.3,48.4,4.4,1e-07,80,0.35,0.40,True,76.10000000000001,3,0.0033594312980742857,0.057960601257011524,0.25127293210824253,
5708,200,5,115.2,155.0,186.1,1.93,1e-07,50,0.45,0.55,False,140.1,3,0.027795202410977056,0.1667189323711529,36.70989137122966,vittima non trovata entro 15 minuti
5709,200,5,56.9,109.8,116.9,4.76,1e-07,50,0.60,0.45,True,117.10000000000001,3,0.0019134421020860519,0.04374290916349817,0.14169666910017337,
5719,200,5,34.7,57.3,60.1,1.16,1e-07,120,0.60,0.45,True,96.9,3,0.0013453691121233895,0.036679273604085856,2.641795813079029,
5722,200,5,118.1,19.1,113.9,1.14,1e-06,25,0.35,0.40,True,81.80000000000001,3,0.003238522741346531,0.056908020009015695,0.606350636149791,
5715,200,5,128.9,150.3,191.0,2.13,1e-07,80,0.60,0.58,False,151.70000000000002,3,0.019039694784177476,0.13798440051026592,12.140133231582135,vittima non trovata entro 15 minuti
5716,200,5,145.7,123.0,183.7,2.64,1e-07,120,center,center,True,148.4,3,0.0007417894581822081,0.027235812052924142,0.288540858222009,
5718,200,5,63.3,157.8,163.5,1.99,1e-07,120,0.45,0.55,False,140.0,3,0.016535759962426275,0.128591445914673,11.713725705080325,vittima non trovata entro 15 minuti
5720,200,5,59.0,153.1,157.7,3.31,1e-07,120,0.60,0.58,False,130.20000000000002,3,0.03287732336323232,0.18132105052429054,28.661160466034254,vittima non trovata entro 15 minuti
5721,200,5,126.4,147.3,187.0,2.54,1e-06,25,center,center,True,129.8,3,0.004566637951719148,0.06757690398145766,0.2639728054520739,
5724,200,5,80.5,119.3,137.0,4.04,1e-06,25,0.60,0.45,True,98.9,3,0.020750092122072492,0.14404892266890612,7.594642690030457,
5646,200,5,33.8,60.3,62.4,4.57,1e-07,50,center,center,False,900.0,2,6.310887241768095e-30,2.5121479338940403e-15,3.8617849506096116,vittima non trovata entro 15 minuti
5647,200,5,42.2,124.4,125.1,3.74,1e-07,50,0.35,0.40,False,900.0,2,2.524354896707238e-28,1.5888218580782548e-14,1.0412275748376827,vittima non trovata entro 15 minuti
5648,200,5,24.7,129.9,126.5,3.36,1e-07,50,0.45,0.55,False,900.0,2,0.0,0.0,58.013517290578754,vittima non trovata entro 15 minuti
5729,200,5,27.8,151.2,147.9,1.95,1e-06,50,0.60,0.45,True,100.60000000000001,3,0.0034879466602190474,0.059058840660980196,0.3863976075144805,
5727,200,5,123.7,158.1,193.7,3.19,1e-06,50,0.35,0.40,True,147.1,3,0.003915021239320705,0.06257013056819288,0.02861998718298926,
5653,200,5,25.6,102.2,99.3,3.28,1e-07,80,0.45,0.55,False,900.0,2,6.310887241768095e-30,2.5121479338940403e-15,1.1184401790649217,vittima non trovata entro 15 minuti
5655,200,5,155.1,95.0,175.0,3.66,1e-07,80,0.60,0.58,False,900.0,2,0.0,0.0,0.9209430346263074,vittima non trovata entro 15 minuti
5732,200,5,99.2,73.1,116.2,3.96,1e-06,80,0.35,0.40,True,99.5,3,0.0016960185267205776,0.04118274549760588,1.2765577164621438,
5661,200,5,149.4,110.1,178.6,4.78,1e-06,25,center,center,False,900.0,2,0.0,0.0,0.8946889633716204,vittima non trovata entro 15 minuti
5662,200,5,59.9,99.3,109.2,4.96,1e-06,25,0.35,0.40,False,900.0,1,nan,nan,16.67974692230635,vittima non trovata entro 15 minuti
5731,200,5,68.1,170.7,177.3,4.38,1e-06,80,center,center,True,128.6,3,0.014509321172898677,0.12045464363360459,3.6416074619975034,
5733,200,5,89.3,49.9,95.5,3.61,1e-06,80,0.45,0.55,True,101.4,3,0.005537504202100834,0.07441440856514842,0.49328983174567437,
5737,200,5,107.5,33.9,106.5,4.51,1e-06,120,0.35,0.40,True,86.10000000000001,3,0.0035543559897971387,0.05961841988678615,1.606940530105529,
5735,200,5,82.6,100.3,122.9,3.12,1e-06,80,0.60,0.58,True,120.80000000000001,3,0.00414754929640849,0.06440146967584273,0.19172935291003307,
5738,200,5,75.4,110.5,126.8,1.44,1e-06,120,0.45,0.55,False,96.7,3,0.027877027553999498,0.16696415050542884,11.491045533474551,vittima non trovata entro 15 minuti
5740,200,5,87.7,46.7,92.6,4.75,1e-06,120,0.60,0.58,True,103.4,3,0.009526783894259495,0.09760524521899167,4.293975226631711,
5672,200,5,126.2,56.9,131.9,1.5,1e-06,80,0.35,0.40,False,900.0,2,5.048709793414476e-29,7.105427357601002e-15,0.39778331250039695,vittima non trovata entro 15 minuti
5713,200,5,74.3,115.8,130.6,1.85,1e-07,80,0.45,0.55,True,487.8,3,1.6905786348368723,1.3002225328138535,1.6449097745558046,
5670,200,5,158.6,53.3,161.1,3.1,1e-06,50,0.60,0.58,False,900.0,1,nan,nan,3.653128055022223,vittima non trovata entro 15 minuti
5744,200,5,95.6,68.8,110.8,1.76,1e-05,25,0.60,0.45,True,90.4,3,0.0014995016263960772,0.03872339895200416,1.7578261320494357,
5743,200,5,81.9,73.2,102.8,1.51,1e-05,25,0.45,0.55,True,102.2,3,0.0017692612707332618,0.04206258754205763,0.16345243179039634,
5741,200,5,24.7,44.2,43.9,3.72,1e-05,25,center,center,True,164.9,3,0.0015987399399961498,0.03998424614765358,4.829671346397004,
5682,200,5,162.1,22.6,158.1,3.97,1e-05,25,0.35,0.40,False,900.0,2,0.0,0.0,25.34021111754533,vittima non trovata entro 15 minuti
5681,200,5,122.1,113.4,159.6,1.84,1e-05,25,center,center,False,900.0,2,6.058451752097371e-28,2.4613922385709617e-14,32.008409161389174,vittima non trovata entro 15 minuti
5683,200,5,152.5,152.8,208.8,1.27,1e-05,25,0.45,0.55,False,900.0,1,nan,nan,34.44583591254645,vittima non trovata entro 15 minuti
5746,200,5,118.4,77.8,134.7,4.67,1e-05,50,center,center,True,132.4,3,0.0027899674151434808,0.05282014213482846,0.1268406069812765,
5680,200,5,144.7,69.1,153.7,1.76,1e-06,120,0.60,0.58,False,900.0,2,5.048709793414476e-28,2.2469334198890888e-14,0.11963718739173122,vittima non trovata entro 15 minuti
5749,200,5,152.2,121.1,187.5,3.66,1e-05,50,0.60,0.45,True,115.30000000000001,3,0.003260159792609866,0.057097809000082184,1.4295215935738688,
5750,200,5,20.5,150.8,146.6,3.31,1e-05,50,0.60,0.58,True,99.30000000000001,3,0.0022373880535957805,0.04730103649599848,2.769041442391429,
5689,200,5,148.7,152.3,205.8,4.26,1e-05,50,0.60,0.45,False,900.0,2,426.49539788399153,20.65176500650711,11.446685984724002,vittima non trovata entro 15 minuti
5747,200,5,59.4,82.1,94.3,2.3,1e-05,50,0.35,0.40,True,180.3,3,0.003900135933961481,0.062451068317215204,0.18647585505293549,
5752,200,5,102.8,49.1,107.3,1.11,1e-05,80,0.35,0.40,True,169.5,3,0.0008805068346769851,0.02967333541543628,0.7086453952041901,
5751,200,5,137.0,55.9,141.5,3.27,1e-05,80,center,center,True,182.20000000000002,3,0.0027253015255837114,0.05220442055596165,0.06660261636282763,
5754,200,5,159.4,144.4,208.1,1.38,1e-05,80,0.60,0.45,True,132.9,3,0.006179903006963314,0.0786123591235075,0.06373967093767084,
5757,200,5,76.5,44.7,81.8,4.99,1e-05,120,0.35,0.40,True,94.60000000000001,3,0.0010348502913146063,0.032169089065663736,3.8426879736123336,
5753,200,5,167.5,88.4,182.7,1.15,1e-05,80,0.45,0.55,True,153.4,3,0.005604503056542287,0.07486322900157517,0.19423365600876724,
5758,200,5,93.8,103.0,132.2,4.55,1e-05,120,0.45,0.55,True,100.10000000000001,3,0.0017012164316235912,0.04124580501849359,0.18580621079275014,
5756,200,5,169.8,126.4,204.7,2.95,1e-05,120,center,center,True,129.9,3,0.0022741673395693363,0.0476882306189833,0.15606611743665733,
5702,200,5,19.7,83.5,79.9,4.6,1e-07,25,0.35,0.40,True,827.1,3,113.29213291481712,10.643877719835809,7.257871043030473,
5755,200,5,69.1,85.9,103.3,3.03,1e-05,80,0.60,0.58,True,171.0,3,0.004489359864469213,0.0670026855019201,2.065096121706109,
5693,200,5,148.1,153.5,206.2,2.17,1e-05,80,0.45,0.55,False,900.0,2,8.077964891663503e-08,0.0002842176083859602,27.372350711513718,vittima non trovata entro 15 minuti
5760,200,5,156.8,145.9,207.1,3.32,1e-05,120,0.60,0.58,True,120.4,3,0.004549462372193109,0.06744970253598684,0.0380870251184071,
5759,200,5,22.4,68.6,65.9,3.58,1e-05,120,0.60,0.45,True,157.9,3,0.002594527527768374,0.050936504864079295,3.987242511571032,
5701,200,5,149.8,82.5,164.2,3.27,1e-07,25,center,center,False,900.0,2,0.0,0.0,15.546551567495937,vittima non trovata entro 15 minuti
5705,200,5,108.2,81.3,128.4,3.43,1e-07,25,0.60,0.58,False,900.0,2,3.0292258760486853e-28,1.7404671430534633e-14,0.2469392844164254,vittima non trovata entro 15 minuti
5703,200,5,150.9,22.4,146.9,4.63,1e-07,25,0.45,0.55,False,900.0,2,1.262177448353619e-29,3.552713678800501e-15,0.8860939434217834,vittima non trovata entro 15 minuti
5706,200,5,139.8,98.8,164.2,1.14,1e-07,50,center,center,False,900.0,2,0.0,0.0,4.78684479261219,vittima non trovata entro 15 minuti
5710,200,5,170.5,39.9,169.2,3.99,1e-07,50,0.60,0.58,False,900.0,2,0.0,0.0,0.02111481401654468,vittima non trovata entro 15 minuti
5711,200,5,46.3,91.1,95.5,2.14,1e-07,80,center,center,False,900.0,2,2.524354896707238e-28,1.5888218580782548e-14,2.731848528222695,vittima non trovata entro 15 minuti
5714,200,5,143.7,46.2,144.7,2.33,1e-07,80,0.60,0.45,False,900.0,2,0.0,0.0,4.165062625800655,vittima non trovata entro 15 minuti
5717,200,5,166.0,53.9,168.3,1.35,1e-07,120,0.35,0.40,False,900.0,2,8.582806648804608e-28,2.929642751054232e-14,0.25084426774528745,vittima non trovata entro 15 minuti
5725,200,5,169.3,92.2,186.0,4.34,1e-06,25,0.60,0.58,False,900.0,1,nan,nan,7.4319873345029235,vittima non trovata entro 15 minuti
5723,200,5,166.1,103.8,189.0,4.49,1e-06,25,0.45,0.55,False,900.0,1,nan,nan,3.3897715536368955,vittima non trovata entro 15 minuti
5726,200,5,158.0,26.7,154.5,2.21,1e-06,50,center,center,False,900.0,1,nan,nan,1.9834783983703088,vittima non trovata entro 15 minuti
5728,200,5,156.2,70.1,164.6,4.05,1e-06,50,0.45,0.55,False,900.0,2,5.048709793414476e-28,2.2469334198890888e-14,0.2217910805446448,vittima non trovata entro 15 minuti
5730,200,5,164.1,96.6,183.6,3.2,1e-06,50,0.60,0.58,False,900.0,1,nan,nan,15.111322472633303,vittima non trovata entro 15 minuti
5734,200,5,146.0,81.6,160.5,2.65,1e-06,80,0.60,0.45,False,900.0,2,4.0389678347315804e-28,2.0097183471152322e-14,0.18542488181028471,vittima non trovata entro 15 minuti
5742,200,5,62.7,40.2,67.6,4.5,1e-05,25,0.35,0.40,False,900.0,0,nan,nan,nan,vittima non trovata entro 15 minuti
5739,200,5,161.5,45.8,161.8,3.05,1e-06,120,0.60,0.45,False,900.0,1,nan,nan,2.6399934421569067,vittima non trovata entro 15 minuti
5736,200,5,128.9,93.1,152.0,2.26,1e-06,120,center,center,False,900.0,2,0.0,0.0,2.2550006216688536,vittima non trovata entro 15 minuti
5745,200,5,42.4,90.8,93.6,3.27,1e-05,25,0.60,0.58,False,900.0,2,2.692645223154387e-28,1.6409281590473078e-14,31.465229320576334,vittima non trovata entro 15 minuti
5748,200,5,150.4,163.6,215.1,2.13,1e-05,50,0.45,0.55,False,900.0,0,nan,nan,nan,vittima non trovata entro 15 minuti
