run_id,area_size_m,n_drones,victim_x_m,victim_y_m,victim_dist_m,victim_depth_m,artva_noise_std,comm_radius_m,workspace_frac_r,workspace_frac_c,found,time_found_s,n_drones_stopped,pos_variance_m2,pos_std_m,est_error_2d_m,note
2,100,3,12.9,14.8,12.6,1.12,1e-07,25,0.35,0.40,True,15.600000000000001,3,0.004058504216001847,0.0637063906998493,0.11284330211022747,
23,100,3,11.2,24.8,20.7,2.18,1e-06,25,0.45,0.55,True,43.900000000000006,3,0.004094480558124635,0.0639881282592688,0.7633962976949142,
14,100,3,28.7,19.8,28.0,2.64,1e-07,80,0.60,0.45,True,55.800000000000004,3,0.004383673100788592,0.06620931279501843,0.8942410572609238,
6,100,3,15.6,47.7,43.9,4.27,1e-07,50,center,center,True,82.0,3,0.003143613609764348,0.05606793744881604,4.572694146530163,
7,100,3,16.6,50.5,47.0,2.56,1e-07,50,0.35,0.40,True,84.60000000000001,3,0.003919608754708381,0.06260677882392912,0.14766292354457528,
24,100,3,42.6,20.5,40.7,2.38,1e-06,25,0.60,0.45,True,83.0,3,0.0019175059300082788,0.04378933580231925,1.5677738931645826,
22,100,3,24.8,52.8,51.7,4.58,1e-06,25,0.35,0.40,True,91.30000000000001,3,0.002860301091655235,0.05348178280176564,0.03193897396220049,
30,100,3,30.2,43.1,45.7,3.05,1e-06,50,0.60,0.58,True,89.0,3,0.0027375595219135767,0.05232169265145745,0.4094679849162769,
19,100,3,73.1,48.3,80.7,3.03,1e-07,120,0.60,0.45,True,99.60000000000001,3,0.006877058985056334,0.08292803497645615,8.861488528026452,
9,100,3,76.7,44.9,82.1,1.78,1e-07,50,0.60,0.45,True,102.80000000000001,3,0.00034063261217978213,0.018456235048887465,0.4389162079664043,
3,100,3,47.2,26.5,47.4,2.59,1e-07,25,0.45,0.55,True,93.30000000000001,3,0.004571070356634901,0.0676096912922615,0.3485946503698582,
4,100,3,50.3,17.4,46.9,4.04,1e-07,25,0.60,0.45,True,96.7,3,0.0038110862732367353,0.06173399608997246,1.8902220374738266,
12,100,3,74.5,49.1,82.3,2.24,1e-07,80,0.35,0.40,True,107.10000000000001,3,0.0005763369302668024,0.024007018354364675,3.1114947575564003,
1,100,3,46.7,37.3,52.8,1.06,1e-07,25,center,center,True,99.9,3,0.006584243676796152,0.08114335263468075,0.16550755960290037,
27,100,3,42.2,55.3,62.6,2.31,1e-06,50,0.35,0.40,True,107.2,3,0.003092773120359056,0.05561270646497126,0.20338786369729042,
17,100,3,56.8,44.8,65.3,2.96,1e-07,120,0.35,0.40,True,106.7,3,0.007322026864683309,0.08556884283828611,1.381054392849485,
20,100,3,60.4,62.9,80.2,4.07,1e-07,120,0.60,0.58,True,111.5,3,0.0026721710733405776,0.051693046663362545,0.2588886988117816,
32,100,3,47.7,62.7,71.8,2.7,1e-06,80,0.35,0.40,True,112.30000000000001,3,0.0046658201252176585,0.06830680877641451,0.1554578748747806,
28,100,3,56.1,36.3,59.9,3.35,1e-06,50,0.45,0.55,True,106.5,3,0.004364082332288496,0.06606120141420754,0.05588089827514165,
18,100,3,78.9,76.2,102.7,2.23,1e-07,120,0.45,0.55,True,115.2,3,0.0021452626155740086,0.04631697977603903,0.8054268497510165,
15,100,3,19.7,56.2,53.2,4.24,1e-07,80,0.60,0.58,True,112.60000000000001,3,0.0007583022991973346,0.027537289249258624,0.4464349711086078,
5,100,3,78.8,36.8,80.4,4.73,1e-07,25,0.60,0.58,True,118.80000000000001,3,0.012677652737298716,0.11259508309557179,2.271327225538789,
10,100,3,23.3,56.9,55.0,1.8,1e-07,50,0.60,0.58,True,112.30000000000001,3,0.0013631453879548228,0.03692079885315082,0.24069401386254996,
21,100,3,44.5,52.7,61.9,1.08,1e-06,25,center,center,True,116.60000000000001,3,0.001006454994189911,0.03172467484766252,1.2482731156982696,
29,100,3,65.6,79.7,96.2,1.96,1e-06,50,0.60,0.45,True,117.7,3,0.0026546323841382196,0.05152312475130191,0.1199709746703389,
26,100,3,70.2,55.5,82.5,2.24,1e-06,50,center,center,True,122.0,3,0.0039867043267248995,0.06314035418593167,0.11746397860892686,
13,100,3,29.1,71.9,71.1,1.45,1e-07,80,0.45,0.55,True,111.9,3,0.005975997576697746,0.07730457668662151,0.5396871965925107,
31,100,3,60.4,20.1,57.4,3.35,1e-06,80,center,center,True,114.60000000000001,3,0.0010542514716560033,0.032469238852427744,3.606200322306445,
16,100,3,63.5,29.5,63.5,4.71,1e-07,120,center,center,True,112.30000000000001,3,0.013340393569179763,0.11550062150992853,3.712995660089749,
11,100,3,70.3,55.1,82.4,4.92,1e-07,80,center,center,True,126.4,3,0.001475888317247311,0.038417291904132324,0.537874921435234,
8,100,3,14.8,70.2,66.0,3.92,1e-07,50,0.45,0.55,True,117.9,3,0.0008316869814172969,0.028838983709855256,1.0217930694892299,
33,100,3,55.7,41.0,62.2,2.73,1e-06,80,0.45,0.55,True,105.80000000000001,3,0.0015801854816261836,0.039751546908594435,0.6105199012840212,
25,100,3,73.1,20.1,69.8,3.67,1e-06,25,0.60,0.58,True,128.0,3,0.0034196418122647105,0.058477703548144834,0.09820284310221886,
37,100,3,24.4,28.6,30.5,3.24,1e-06,120,0.35,0.40,True,62.5,3,0.0042990398905803605,0.06556706406863404,0.277377153828289,
34,100,3,77.0,17.2,73.0,3.38,1e-06,80,0.60,0.45,True,114.5,3,0.005719658993486895,0.07562842715201008,4.324727136011984,
65,100,3,15.0,20.1,18.2,2.73,1e-07,25,0.60,0.58,True,27.400000000000002,3,0.003784547123715564,0.06151867296777105,0.6806478415366395,
38,100,3,38.3,12.4,34.1,3.19,1e-06,120,0.45,0.55,True,68.5,3,0.003964517585649702,0.06296441523312753,0.12287860189890719,
64,100,3,10.1,30.2,25.7,3.36,1e-07,25,0.60,0.45,True,41.800000000000004,3,0.004149901774585407,0.0644197312520427,1.2719557073012182,
40,100,3,37.6,20.7,36.2,4.24,1e-06,120,0.60,0.58,True,69.5,3,0.0032099159283456337,0.05665611995491426,1.2761125752553049,
35,100,3,49.9,63.9,74.1,3.52,1e-06,80,0.60,0.58,True,112.80000000000001,3,0.0045637504989518764,0.06755553640488599,0.08227859836557987,
50,100,3,39.5,20.3,37.7,4.51,1e-05,50,0.60,0.58,True,65.9,3,0.0007709835605382742,0.02776659072587548,2.6095272573170467,
47,100,3,67.7,39.3,71.5,2.53,1e-05,50,0.35,0.40,False,86.2,3,0.005619622246336747,0.07496413973585468,15.09480780688902,vittima non trovata entro 15 minuti
43,100,3,70.5,17.4,66.7,4.72,1e-05,25,0.45,0.55,True,93.60000000000001,3,0.02482206627758655,0.15755020240414339,5.7169823679924345,
52,100,3,33.2,45.2,49.1,1.36,1e-05,80,0.35,0.40,True,70.60000000000001,3,0.003682641448352498,0.06068477114031574,0.20982012193604554,
58,100,3,20.3,47.3,45.0,2.02,1e-05,120,0.45,0.55,True,65.10000000000001,3,0.0069054852895592865,0.08309924963294968,0.8801269128965242,
39,100,3,44.3,76.7,81.8,1.87,1e-06,120,0.60,0.45,True,97.0,3,0.003802256154468409,0.06166243714343773,0.24104292141789052,
36,100,3,47.6,36.0,52.7,2.16,1e-06,120,center,center,True,101.9,3,0.0024496674450133135,0.049494115256395015,0.5074836518476834,
57,100,3,38.0,13.3,34.1,1.73,1e-05,120,0.35,0.40,True,70.10000000000001,3,0.0011230852729697549,0.03351246444190213,7.812241781995246,
44,100,3,11.0,78.5,73.7,2.26,1e-05,25,0.60,0.45,True,91.10000000000001,3,0.028035409299240123,0.16743777739578403,1.1351833081954448,
55,100,3,48.0,43.6,57.7,2.55,1e-05,80,0.60,0.58,True,80.10000000000001,3,0.003941997173875736,0.06278532610312489,0.22070678168947674,
49,100,3,53.4,46.4,63.7,1.69,1e-05,50,0.60,0.45,True,88.4,3,0.004468601149791019,0.06684759643989467,0.17027816844579546,
56,100,3,64.0,43.1,70.2,2.37,1e-05,120,center,center,True,83.80000000000001,3,0.019974039458637436,0.14132954205910891,3.5707062383869674,
48,100,3,53.4,45.3,63.0,4.29,1e-05,50,0.45,0.55,True,87.5,3,0.007198245317152404,0.08484247354451899,0.0787873202576,
46,100,3,46.3,70.3,77.3,4.52,1e-05,50,center,center,True,96.9,3,0.0073596752983567295,0.08578854992571404,0.47575575697015177,
42,100,3,73.0,71.0,94.8,4.29,1e-05,25,0.35,0.40,True,101.7,3,0.003479389481939707,0.05898634996284909,6.889533908241492,
60,100,3,35.6,49.5,54.0,2.0,1e-05,120,0.60,0.58,True,73.2,3,0.004086513035409902,0.0639258401228322,0.21904935135470666,
45,100,3,69.1,76.4,96.0,1.66,1e-05,25,0.60,0.58,True,104.4,3,0.003679348448478851,0.06065763306030702,0.2654180101865219,
41,100,3,72.6,48.2,80.2,1.51,1e-05,25,center,center,True,111.10000000000001,3,0.0034201413971199964,0.05848197497622662,0.19981807935206947,
53,100,3,49.6,71.4,80.0,2.38,1e-05,80,0.45,0.55,True,93.2,3,0.0032776037778201278,0.05725036050384423,0.40975813253144017,
54,100,3,48.5,75.2,82.6,2.43,1e-05,80,0.60,0.45,True,91.0,3,0.003995141035889544,0.06320712804652291,0.2615194468089021,
51,100,3,15.1,73.8,69.5,4.67,1e-05,80,center,center,True,100.30000000000001,3,0.007808872711862922,0.08836782622574192,3.5506667904704567,
59,100,3,19.5,75.2,71.7,4.85,1e-05,120,0.60,0.45,True,90.9,3,0.007346908412616628,0.08571410859722352,0.38717342242311403,
67,100,3,11.0,38.3,33.8,3.92,1e-07,50,0.35,0.40,True,67.8,3,0.004663824307538483,0.06829219799902829,0.3266258548929174,
61,100,3,36.6,44.6,50.6,4.85,1e-07,25,center,center,True,97.10000000000001,3,0.003556308900249942,0.059634796052723635,4.087307228108752,
63,100,3,43.6,42.7,53.9,2.81,1e-07,25,0.45,0.55,True,101.80000000000001,3,0.006737180829197607,0.08208033156120659,0.4195251480961555,
83,100,3,10.3,22.2,18.0,2.31,1e-06,25,0.45,0.55,True,32.7,3,0.0032183179564324016,0.05673022083891796,0.9250397628189947,
69,100,3,43.7,16.6,40.4,1.37,1e-07,50,0.60,0.45,True,78.4,3,0.00801976657789258,0.08955314945825513,2.036354294102739,
66,100,3,37.6,37.2,45.8,4.61,1e-07,50,center,center,True,94.80000000000001,3,0.002683027448598481,0.0517979483049134,0.3746155675650943,
88,100,3,28.5,9.3,23.9,1.83,1e-06,50,0.45,0.55,True,54.6,3,0.007274711069932915,0.08529191679129339,0.09456333081232352,
87,100,3,30.9,16.6,28.4,4.06,1e-06,50,0.35,0.40,True,57.800000000000004,3,0.007708132876961942,0.08779597301107803,2.420359861986813,
62,100,3,10.6,60.1,55.4,3.55,1e-07,25,0.35,0.40,True,130.4,3,0.0015526710603841955,0.039403947269076936,0.2672961730575387,
76,100,3,35.4,14.7,31.9,2.29,1e-07,120,center,center,True,67.8,3,0.0033455477704966777,0.05784071032150866,0.08667362498424412,
71,100,3,35.9,42.5,48.6,4.78,1e-07,80,center,center,True,96.2,3,0.007321589440415309,0.08556628682147724,4.479278418678602,
94,100,3,16.4,32.5,29.8,2.05,1e-06,80,0.60,0.45,True,53.300000000000004,3,0.0054019603080037604,0.07349802927972804,1.6586635696441405,
72,100,3,41.1,41.3,51.2,4.2,1e-07,80,0.35,0.40,True,94.4,3,0.003647201169535206,0.06039206214011247,0.1663591876113326,
77,100,3,38.5,27.2,40.2,2.43,1e-07,120,0.35,0.40,True,81.80000000000001,3,0.00368093222478741,0.060670686701136074,0.6624435791908726,
70,100,3,56.2,30.1,57.0,3.66,1e-07,50,0.60,0.58,True,104.80000000000001,3,0.008462326317792385,0.09199090345133254,0.2733046264944566,
68,100,3,46.8,80.8,86.6,3.5,1e-07,50,0.45,0.55,True,115.80000000000001,3,0.01740606985528797,0.1319320653036553,1.8327490717913548,
85,100,3,47.3,11.5,42.8,2.34,1e-06,25,0.60,0.58,True,84.2,3,0.0027384925735660965,0.05233060838138705,2.729764487463376,
84,100,3,49.5,20.0,47.0,3.28,1e-06,25,0.60,0.45,True,89.4,3,0.001785571894553667,0.042256027907905246,1.3910393265758276,
78,100,3,68.1,26.8,66.8,1.55,1e-07,120,0.45,0.55,True,101.80000000000001,3,0.0030346359454698595,0.05508752985449483,1.6079047431503688,
73,100,3,53.1,55.2,69.5,3.14,1e-07,80,0.45,0.55,True,112.5,3,0.002581175997036644,0.050805275287480176,0.523498284443569,
92,100,3,56.0,13.2,51.7,1.94,1e-06,80,0.35,0.40,True,88.5,3,0.018348560279124307,0.13545685763048065,8.591783992576588,
79,100,3,45.7,79.0,84.4,2.29,1e-07,120,0.60,0.45,True,105.2,3,0.003916079404904038,0.06257858583336666,0.07124817833137069,
74,100,3,54.1,40.8,60.7,3.38,1e-07,80,0.60,0.45,True,109.7,3,0.004127210175873942,0.0642433667850148,0.16095504818657516,
80,100,3,55.3,76.4,87.3,1.83,1e-07,120,0.60,0.58,True,104.0,3,0.0038328431047763545,0.061909959657363324,0.5126929901619188,
98,100,3,36.2,20.4,34.8,1.09,1e-06,120,0.45,0.55,True,65.2,3,0.003314449900259902,0.05757125932494357,0.09706256670126084,
75,100,3,57.7,36.4,61.3,2.44,1e-07,80,0.60,0.58,True,107.30000000000001,3,0.0036326052808767443,0.060271098221923454,0.1617774859233615,
86,100,3,34.2,52.9,56.1,2.67,1e-06,50,center,center,True,103.2,3,0.005975390654873567,0.07730065106371076,3.863433248200723,
89,100,3,72.3,43.8,77.7,1.87,1e-06,50,0.60,0.45,True,105.9,3,0.006284106364887032,0.07927235561585787,0.07767644844456505,
90,100,3,73.7,23.7,71.1,2.51,1e-06,50,0.60,0.58,True,106.30000000000001,3,0.004356282651671476,0.06600214126580649,0.21162359345779944,
82,100,3,57.4,33.6,59.7,1.08,1e-06,25,0.35,0.40,True,113.10000000000001,3,0.0005954628801257903,0.024402108108230944,3.0811679164958004,
81,100,3,31.1,70.8,70.8,1.2,1e-06,25,center,center,True,116.5,3,0.01258356083621173,0.11217647184776196,2.817331382678557,
104,100,3,56.3,28.9,56.6,1.2,1e-05,25,0.60,0.45,True,69.2,3,0.011669214663780708,0.10802413926424366,4.796827268332608,
103,100,3,28.1,29.1,33.4,4.26,1e-05,25,0.45,0.55,True,59.0,3,0.017644150045495174,0.13283128413704046,1.7045788826453903,
91,100,3,28.6,74.6,73.5,4.56,1e-06,80,center,center,True,111.80000000000001,3,0.0019256647178150376,0.04388239644567098,4.810280216372988,
101,100,3,44.1,11.3,39.6,1.71,1e-05,25,center,center,True,68.9,3,0.016917139226523194,0.13006590339717475,7.171177408887249,
93,100,3,33.8,79.0,79.4,3.8,1e-06,80,0.45,0.55,True,113.0,3,0.0037646760790114994,0.061356956239789956,1.9374924985713782,
95,100,3,18.0,60.3,56.8,3.96,1e-06,80,0.60,0.58,True,101.2,3,0.0019150181192254302,0.0437609199997604,0.23153572809003375,
106,100,3,21.6,45.8,44.1,3.55,1e-05,50,center,center,True,61.800000000000004,3,0.011704230707291992,0.10818609294771668,3.736256400733081,
100,100,3,15.2,41.5,37.9,4.07,1e-06,120,0.60,0.58,True,84.0,3,0.0007580595374837008,0.027532881024035623,0.9679865684393416,
102,100,3,54.1,37.3,58.8,2.34,1e-05,25,0.35,0.40,True,85.30000000000001,3,0.03274180859179614,0.18094697729389164,1.298155627355731,
116,100,3,23.1,26.5,28.1,2.92,1e-05,120,center,center,True,42.2,3,0.005546397296030153,0.0744741384376493,2.4047950475559365,
96,100,3,58.7,66.1,81.3,4.84,1e-06,120,center,center,True,115.30000000000001,3,0.0066723489850720324,0.08168444763277788,0.1056496226830327,
112,100,3,14.1,40.9,37.0,1.97,1e-05,80,0.35,0.40,True,58.7,3,0.002690286404063056,0.05186797088823753,0.24020435380985136,
97,100,3,49.2,58.2,69.1,1.78,1e-06,120,0.35,0.40,True,111.60000000000001,3,0.0037197468370045632,0.06098972730718316,0.04659572781611887,
110,100,3,16.2,60.6,56.7,4.74,1e-05,50,0.60,0.58,True,81.0,3,0.005756622113399637,0.07587240679851692,0.6658469793109172,
113,100,3,53.8,26.3,53.3,2.62,1e-05,80,0.45,0.55,True,69.9,3,0.004205066072752463,0.06484648080468564,0.18323189239534626,
99,100,3,25.0,80.7,78.3,1.51,1e-06,120,0.60,0.45,True,110.10000000000001,3,0.003941534272951746,0.06278163961662475,0.25234133118783697,
108,100,3,74.2,52.9,84.1,1.83,1e-05,50,0.45,0.55,True,90.7,3,0.013490719982903753,0.11614955868578991,0.4800755559450357,
105,100,3,13.8,78.0,73.6,3.39,1e-05,25,0.60,0.58,False,93.4,3,0.027610355314896626,0.16616364017105736,14.71796095391468,vittima non trovata entro 15 minuti
109,100,3,37.2,57.4,61.5,4.61,1e-05,50,0.60,0.45,True,85.7,3,0.0071578113628200535,0.08460384957447299,0.07780465422608902,
111,100,3,60.4,22.2,58.0,1.94,1e-05,80,center,center,True,89.2,3,0.006078889712171528,0.07796723486293154,0.6834238396022071,
115,100,3,35.6,39.5,46.2,3.22,1e-05,80,0.60,0.58,True,70.2,3,0.007788583348936201,0.08825295093613698,0.12031043932225442,
117,100,3,19.8,43.5,41.3,2.21,1e-05,120,0.35,0.40,True,67.5,3,0.003032226505995074,0.05506565632038788,0.2374041859035695,
107,100,3,45.3,77.8,83.2,1.22,1e-05,50,0.35,0.40,True,99.5,3,0.006767847629089517,0.08226692913370182,0.27779123861897653,
140,100,3,11.0,13.1,10.1,4.47,1e-07,120,0.60,0.58,True,12.100000000000001,3,0.006579295203507602,0.08111285473651882,0.7983969343054484,
118,100,3,65.0,43.0,71.0,1.23,1e-05,120,0.45,0.55,True,82.60000000000001,3,0.005813639890530982,0.07624722874000721,3.9905829471339236,
114,100,3,59.7,79.2,92.2,3.59,1e-05,80,0.60,0.45,True,90.5,3,0.004108643009587726,0.06409869740944606,0.1900784468327949,
120,100,3,38.7,59.0,63.7,4.06,1e-05,120,0.60,0.58,True,82.0,3,0.001571087973021481,0.03963695211568973,0.07580672394161339,
121,100,3,42.6,14.2,38.7,1.78,1e-07,25,center,center,True,71.0,3,0.0025493764251520437,0.050491350003263366,0.5527326687287566,
125,100,3,19.0,39.7,37.4,1.17,1e-07,25,0.60,0.58,True,69.7,3,0.00426723597399358,0.06532408418028973,0.5779944244848352,
119,100,3,58.7,80.1,92.4,3.13,1e-05,120,0.60,0.45,True,92.30000000000001,3,0.001720269129126158,0.041476127219476,0.8030858450325011,
126,100,3,35.8,27.2,38.0,1.91,1e-07,50,center,center,True,74.4,3,0.0038855962205251874,0.06233455077663741,0.5025382767028648,
124,100,3,54.2,24.3,52.9,4.62,1e-07,25,0.60,0.45,True,95.7,3,0.0019135713255637207,0.04374438621770479,0.9288981302068468,
122,100,3,28.3,70.8,69.8,4.31,1e-07,25,0.35,0.40,True,106.0,3,0.003171671627560916,0.056317596074059444,0.08981434682334889,
123,100,3,49.5,61.9,72.2,3.45,1e-07,25,0.45,0.55,True,110.5,3,0.008379769318127856,0.0915410799484464,1.5928311229843697,
146,100,3,28.1,22.9,29.2,3.1,1e-06,50,center,center,True,55.1,3,0.0019051327504775095,0.043647826411833034,2.451096794713067,
134,100,3,9.6,49.6,44.8,4.96,1e-07,80,0.60,0.45,True,83.0,3,0.007317573844843425,0.08554281878009062,0.8517001883702312,
129,100,3,33.2,51.1,54.0,3.8,1e-07,50,0.60,0.45,True,100.7,3,0.003930684776618595,0.06269517347147702,0.19495259354573688,
138,100,3,32.1,32.3,38.4,2.02,1e-07,120,0.45,0.55,True,79.60000000000001,3,0.003320004995214806,0.05761948451014471,0.5995901416316708,
155,100,3,22.3,19.9,22.9,3.72,1e-06,80,0.60,0.58,True,39.0,3,0.0034934164845047333,0.05910513077986321,1.143546351484822,
130,100,3,62.0,42.1,68.0,1.27,1e-07,50,0.60,0.58,True,103.80000000000001,3,0.0009512192376607622,0.030841842319497745,0.16333675940406503,
127,100,3,31.0,78.7,78.2,3.34,1e-07,50,0.35,0.40,True,110.80000000000001,3,0.002526584578632945,0.0502651427793948,0.2631782462996892,
137,100,3,46.9,13.1,42.7,2.76,1e-07,120,0.35,0.40,True,87.60000000000001,3,0.0032839217810982134,0.0573055126588901,1.4335137117042946,
135,100,3,32.4,45.8,49.2,2.31,1e-07,80,0.60,0.58,True,95.7,3,0.007170310431021418,0.0846776855554131,0.11603590222832268,
156,100,3,13.5,27.2,23.7,2.85,1e-06,120,center,center,True,42.800000000000004,3,0.0028114473453963447,0.05302308313740672,2.8887599920288065,
133,100,3,78.8,53.3,88.3,2.19,1e-07,80,0.45,0.55,True,109.5,3,0.005289975997235976,0.07273222117628456,2.9166793565981948,
131,100,3,47.0,48.8,60.7,3.12,1e-07,80,center,center,True,106.5,3,0.003421853976796846,0.0584966150883694,0.15613630501421505,
144,100,3,34.5,34.0,41.4,3.31,1e-06,25,0.60,0.45,True,75.4,3,0.003224080557177566,0.05678098763827172,1.2334302631434957,
150,100,3,42.6,10.0,37.9,4.24,1e-06,50,0.60,0.58,True,69.2,3,0.0029604694598696097,0.054410196285894885,2.015846243229111,
132,100,3,55.9,41.2,62.4,2.73,1e-07,80,0.35,0.40,True,108.10000000000001,3,0.0035590991256160636,0.05965818573855614,0.9310490342862412,
128,100,3,69.7,69.8,91.5,2.33,1e-07,50,0.45,0.55,True,124.7,3,0.006120125907534909,0.07823123358055215,0.0629898496927484,
136,100,3,66.0,21.8,63.3,4.4,1e-07,120,center,center,True,110.80000000000001,3,0.0008966611351360191,0.029944300545112407,8.981166033362621,
142,100,3,50.4,27.8,50.9,1.34,1e-06,25,0.35,0.40,True,91.10000000000001,3,0.004143561879420286,0.0643705047317503,0.624807839710239,
139,100,3,24.2,74.4,72.0,2.49,1e-07,120,0.60,0.45,True,106.5,3,0.007850671454419238,0.08860401488882566,0.0807033697548883,
149,100,3,11.6,56.0,51.5,1.72,1e-06,50,0.60,0.45,True,88.30000000000001,3,0.0025602307508777833,0.0505987228186422,0.22194379952292223,
145,100,3,24.4,54.6,53.2,3.78,1e-06,25,0.60,0.58,True,103.30000000000001,3,0.0015699963041617463,0.03962317887501893,0.16565081864171344,
147,100,3,53.6,61.9,74.8,3.71,1e-06,50,0.35,0.40,True,104.4,3,0.005437182680541951,0.07373725435993635,0.5018043197426627,
141,100,3,53.6,29.7,54.5,4.0,1e-06,25,center,center,True,112.2,3,0.00039879491747438743,0.019969850211616198,1.014823448504513,
163,100,3,17.3,23.6,22.3,3.5,1e-05,25,0.45,0.55,True,48.5,3,0.002110723386301197,0.04594260970277153,1.2312116246045095,
154,100,3,39.4,43.9,51.9,2.23,1e-06,80,0.60,0.45,True,91.60000000000001,3,0.0037908065398869597,0.06156952606514817,0.27058933481882713,
152,100,3,62.3,23.7,60.3,4.05,1e-06,80,0.35,0.40,True,98.80000000000001,3,0.003717550322402306,0.060971717397513954,2.5862676644257068,
148,100,3,35.0,64.1,66.2,4.49,1e-06,50,0.45,0.55,True,109.80000000000001,3,0.003817304482584015,0.06178433848949113,1.9557494327277107,
153,100,3,41.9,63.1,68.8,3.72,1e-06,80,0.45,0.55,True,108.9,3,0.003898237770013011,0.06243586925808762,3.3717755057256316,
151,100,3,53.5,58.1,71.9,3.89,1e-06,80,center,center,True,115.10000000000001,3,0.005335507434832763,0.07304455787279955,0.15041484454349435,
143,100,3,71.9,27.8,70.7,1.59,1e-06,25,0.45,0.55,True,125.5,3,0.0046820057057895634,0.06842518327187413,0.20659522810897943,
177,100,3,11.7,27.4,23.4,2.52,1e-05,120,0.35,0.40,True,41.7,3,0.003776951648439199,0.06145690887474897,0.21256807103220654,
158,100,3,45.7,15.3,42.0,1.45,1e-06,120,0.45,0.55,True,81.9,3,0.002084135857827367,0.04565233682767364,0.5495997482463374,
167,100,3,30.3,38.0,41.6,4.71,1e-05,50,0.35,0.40,True,66.8,3,0.006224347374328386,0.07889453323474566,0.12226956380849743,
165,100,3,57.7,46.6,67.1,4.0,1e-05,25,0.60,0.58,True,80.5,3,0.005665855338571756,0.07527187614621915,0.025251410165320315,
161,100,3,20.4,53.2,50.6,1.6,1e-05,25,center,center,True,87.7,3,0.0008996779382849962,0.02999463182446146,2.7055110673328846,
178,100,3,26.6,25.0,29.4,1.23,1e-05,120,0.45,0.55,True,51.300000000000004,3,0.00728595379490136,0.08535779867652024,0.3050266723830809,
171,100,3,25.2,51.7,50.9,2.36,1e-05,80,center,center,True,69.5,3,0.0013809469458370192,0.03716109451882465,3.2357251661536264,
170,100,3,43.1,34.3,48.0,2.56,1e-05,50,0.60,0.58,True,75.4,3,0.014513219820155654,0.12047082559755144,0.9880719711392497,
162,100,3,72.5,47.9,80.0,2.59,1e-05,25,0.35,0.40,True,96.80000000000001,3,0.017232079251387197,0.13127101451343778,1.695801729507887,
172,100,3,9.3,67.2,62.3,4.83,1e-05,80,0.35,0.40,True,74.10000000000001,3,0.008463218831263058,0.09199575441977231,7.165346969741436,
173,100,3,31.8,17.0,29.4,2.81,1e-05,80,0.45,0.55,True,67.9,3,0.00030698890444332813,0.017521098836640586,1.7023957872241255,
164,100,3,10.6,70.0,65.3,3.25,1e-05,25,0.60,0.45,True,88.0,3,0.01207902348133846,0.10990461082838363,0.6772908804635117,
157,100,3,75.2,25.3,73.0,2.86,1e-06,120,0.35,0.40,True,114.60000000000001,3,0.025068329403224232,0.15832981211137792,9.199172680457526,
168,100,3,51.9,50.8,65.6,2.16,1e-05,50,0.45,0.55,True,86.9,3,0.0006552556891381517,0.025597962597405124,0.2584517434577195,
184,100,3,22.2,17.6,21.3,3.96,1e-07,25,0.60,0.45,True,40.7,3,0.0023693439424337546,0.048675907207095324,1.646166318853145,
169,100,3,22.7,79.1,76.2,1.33,1e-05,50,0.60,0.45,True,86.80000000000001,3,0.007872828813938488,0.0887289626555979,0.6678716775642055,
166,100,3,46.1,77.2,83.1,3.69,1e-05,50,center,center,True,102.0,3,0.003758600951292846,0.061307429821293655,1.976683964416361,
176,100,3,27.8,43.1,44.4,4.17,1e-05,120,center,center,True,75.9,3,0.001061787349328182,0.032585078630075176,4.070424845784585,
180,100,3,19.0,42.3,39.8,1.69,1e-05,120,0.60,0.58,True,63.7,3,0.004962356157959149,0.07044399305802553,0.6280514890864052,
160,100,3,70.7,78.3,98.5,2.27,1e-06,120,0.60,0.58,True,115.0,3,0.005953585629363234,0.077159481785217,0.29550827229279436,
179,100,3,30.2,46.0,48.1,3.74,1e-05,120,0.60,0.45,True,69.60000000000001,3,0.00860082734942342,0.09274064561681367,0.5857464291857981,
174,100,3,40.8,78.6,81.9,1.87,1e-05,80,0.60,0.45,True,86.30000000000001,3,0.0012029159058694777,0.03468307809104431,0.4674341193866243,
175,100,3,61.5,78.0,92.3,2.21,1e-05,80,0.60,0.58,True,88.10000000000001,3,0.001292026425136816,0.035944769092829294,2.143269905936996,
159,100,3,76.7,75.3,100.4,1.19,1e-06,120,0.60,0.45,True,122.5,3,0.006129150516209678,0.07828889139724536,0.08302387627332078,
205,100,3,23.7,16.9,22.2,2.05,1e-06,25,0.60,0.58,True,40.1,3,0.003829811923212458,0.06188547425052553,1.306524687968517,
183,100,3,28.3,46.8,47.8,1.87,1e-07,25,0.45,0.55,True,85.0,3,0.004388438976725017,0.06624529399681926,0.9474148969076492,
201,100,3,11.6,34.1,29.9,4.07,1e-06,25,center,center,True,55.800000000000004,3,0.002166488961467535,0.04654555791337703,3.1908900170939494,
186,100,3,40.5,48.3,56.0,4.11,1e-07,50,center,center,True,103.2,3,0.014543874518636098,0.12059798720806288,4.652994598151516,
185,100,3,39.7,61.5,66.3,1.46,1e-07,25,0.60,0.58,True,106.0,3,0.0028765049532342188,0.053633058399034254,0.24711833385806706,
188,100,3,71.6,19.3,68.1,1.11,1e-07,50,0.45,0.55,True,103.10000000000001,3,0.007418616118504759,0.08613138869485827,1.4757974559425557,
189,100,3,32.9,75.0,75.4,2.24,1e-07,50,0.60,0.45,True,99.7,3,0.004220231282857112,0.064963307203814,0.14498689817986649,
194,100,3,30.5,33.6,38.4,3.51,1e-07,80,0.60,0.45,True,78.80000000000001,3,0.0013245697554082338,0.036394639102596334,1.7135364989157509,
190,100,3,65.7,21.4,62.9,1.18,1e-07,50,0.60,0.58,False,99.9,3,0.012411843403393904,0.1114084530158906,11.585753331449917,vittima non trovata entro 15 minuti
187,100,3,78.8,36.6,80.3,1.05,1e-07,50,0.35,0.40,True,109.9,3,0.0005880206409347979,0.024249136911131456,0.6946349400968562,
181,100,3,39.8,79.7,82.5,2.92,1e-07,25,center,center,True,124.30000000000001,3,4.562315046833795e-05,0.006754491133189676,2.6513195873342195,
191,100,3,27.5,47.4,48.0,2.34,1e-07,80,center,center,True,98.60000000000001,3,0.0021459799161176064,0.0463247225152791,4.0178395425684235,
200,100,3,17.1,42.8,39.7,3.83,1e-07,120,0.60,0.58,True,80.80000000000001,3,0.004134684312488017,0.06430151096582426,0.7823479618012262,
192,100,3,68.5,50.7,78.2,2.59,1e-07,80,0.35,0.40,True,107.80000000000001,3,0.0023973408158936373,0.04896264714957349,1.3584138177282046,
203,100,3,11.4,58.7,54.1,3.43,1e-06,25,0.45,0.55,True,92.4,3,0.0040852659115168544,0.06391608492012675,1.0379555195821608,
195,100,3,51.4,24.0,50.1,1.75,1e-07,80,0.60,0.58,True,92.10000000000001,3,0.0010029324844431809,0.03166910930928088,0.4193885402191169,
193,100,3,38.9,46.7,53.7,4.84,1e-07,80,0.45,0.55,True,102.30000000000001,3,0.008539953311807963,0.09241186780824183,2.4516218881386833,
182,100,3,58.4,52.8,71.6,2.22,1e-07,25,0.35,0.40,True,142.4,3,0.004399712488794128,0.0663303285744472,0.14308964371293964,
197,100,3,67.1,27.1,65.9,1.26,1e-07,120,0.35,0.40,True,101.30000000000001,3,0.030843994890206037,0.1756245850961819,1.7052571384662512,
208,100,3,15.9,42.1,38.7,4.6,1e-06,50,0.45,0.55,True,85.60000000000001,3,0.0013118054953258312,0.036218855522032044,1.724070580127226,
218,100,3,12.2,22.2,18.6,4.85,1e-06,120,0.45,0.55,True,32.800000000000004,3,0.003824195335372792,0.061840078714154235,2.0044215674597075,
199,100,3,44.4,51.4,60.8,1.89,1e-07,120,0.60,0.45,True,105.30000000000001,3,0.00732318289346429,0.08557559753495321,0.05989716067041612,
211,100,3,32.9,32.2,38.9,4.81,1e-06,80,center,center,True,89.10000000000001,3,0.0035922693920328944,0.05993554364509339,4.069561735165198,
204,100,3,78.7,34.0,79.2,4.53,1e-06,25,0.60,0.45,True,109.80000000000001,3,0.005557966409522702,0.07455176999590755,1.146677560370307,
196,100,3,42.0,64.3,69.9,2.13,1e-07,120,center,center,True,108.60000000000001,3,0.012502888965060615,0.11181631797309646,2.5615732523985457,
209,100,3,54.1,76.9,87.1,2.17,1e-06,50,0.60,0.45,True,97.2,3,0.004349617893030512,0.0659516329822887,0.29116720212926955,
225,100,3,17.5,20.0,19.5,1.95,1e-05,25,0.60,0.58,True,34.9,3,0.00636834734899946,0.07980192572237502,0.9451730875687406,
198,100,3,69.0,60.2,84.5,4.26,1e-07,120,0.45,0.55,True,119.10000000000001,3,0.002679659066741403,0.05176542346722765,0.37046390339646934,
202,100,3,39.8,61.1,66.0,3.45,1e-06,25,0.35,0.40,True,117.4,3,0.004875329418989848,0.0698235591973787,0.3804004931777714,
213,100,3,57.1,26.9,56.5,3.26,1e-06,80,0.45,0.55,True,96.7,3,0.0009718887126989802,0.03117512971422862,8.575984390731753,
210,100,3,73.9,44.1,79.3,1.43,1e-06,50,0.60,0.58,True,111.10000000000001,3,0.004212770913207957,0.0649058619325555,0.23908851156016264,
212,100,3,36.3,67.3,69.7,4.93,1e-06,80,0.35,0.40,True,107.10000000000001,3,0.002862027810053202,0.05349792341814028,0.4573847106852413,
207,100,3,63.6,11.4,59.0,2.19,1e-06,50,0.35,0.40,True,116.30000000000001,3,0.006692884087884484,0.08181004881971703,1.3696098477652863,
206,100,3,65.4,54.9,78.4,4.9,1e-06,50,center,center,True,123.80000000000001,3,0.003810920457824263,0.061732653092381046,0.28468677073431925,
222,100,3,36.9,37.6,45.6,3.63,1e-05,25,0.35,0.40,True,67.60000000000001,3,0.005583959889802046,0.07472589838738672,0.12810048523729933,
216,100,3,47.1,21.0,45.0,3.64,1e-06,120,center,center,True,88.0,3,0.0021488787699571257,0.046356000366264624,0.3122342157246897,
214,100,3,70.1,25.2,68.2,3.96,1e-06,80,0.60,0.45,True,102.7,3,0.005999196088942786,0.07745447752675623,1.820676993845041,
223,100,3,26.4,54.6,54.0,3.03,1e-05,25,0.45,0.55,True,78.7,3,0.0017316130440620894,0.04161265485476851,1.1704943796698095,
231,100,3,13.3,35.8,31.9,4.31,1e-05,80,center,center,True,61.0,3,0.0018706991812334458,0.04325158010100262,3.160419196647625,
229,100,3,47.6,25.7,47.3,1.37,1e-05,50,0.60,0.45,True,67.4,3,0.004290811435752339,0.06550428562889865,0.07572126953703696,
233,100,3,20.9,37.5,36.2,4.84,1e-05,80,0.45,0.55,True,62.300000000000004,3,0.001782300851787313,0.04221730512227555,1.9710743824426527,
236,100,3,44.9,17.8,41.9,3.83,1e-05,120,center,center,True,67.9,3,0.0027484127296266516,0.05242530619487741,0.2739870755382482,
215,100,3,54.1,79.9,89.5,4.36,1e-06,80,0.60,0.58,True,119.60000000000001,3,0.0036944537226228555,0.06078201808613182,0.4647449976323052,
224,100,3,43.5,79.5,83.9,1.67,1e-05,25,0.60,0.45,True,98.80000000000001,3,0.0033744575025389965,0.05809008093073203,0.1321517725532808,
228,100,3,63.5,67.1,85.3,3.77,1e-05,50,0.45,0.55,True,87.10000000000001,3,0.004051246480013749,0.06364940282527204,0.11577556998045639,
217,100,3,43.3,47.7,57.4,4.45,1e-06,120,0.35,0.40,True,106.0,3,0.0029794690299031943,0.05458451272937402,0.09629161457777448,
237,100,3,17.2,53.2,49.7,4.14,1e-05,120,0.35,0.40,True,69.0,3,0.0030585369982185713,0.055304041427535575,0.07578640762389956,
221,100,3,12.9,68.3,63.8,2.28,1e-05,25,center,center,True,101.0,3,0.005322022486304683,0.07295219315623543,6.896889427697227,
239,100,3,9.6,42.9,38.2,4.75,1e-05,120,0.60,0.45,True,74.2,3,0.0015428396906194183,0.039278998085738114,1.9677118581919164,
226,100,3,55.0,72.9,84.3,1.12,1e-05,50,center,center,True,95.7,3,0.004607301962989355,0.06787710927101533,0.09519829458766886,
219,100,3,73.0,68.7,93.2,4.5,1e-06,120,0.60,0.45,True,109.4,3,0.00229218424335357,0.047876760994803834,0.23048157299565553,
220,100,3,27.6,58.4,58.0,2.39,1e-06,120,0.60,0.58,True,102.4,3,0.004865121597520679,0.06975042363685456,0.11825194397274122,
235,100,3,39.5,52.6,58.8,1.01,1e-05,80,0.60,0.58,True,76.80000000000001,3,0.004002995442941106,0.06326922982731105,0.11726012706275397,
227,100,3,67.6,80.1,97.8,1.37,1e-05,50,0.35,0.40,True,104.4,3,0.015292426185104992,0.12366254964662904,2.0275980549073447,
238,100,3,40.3,48.2,55.7,2.37,1e-05,120,0.45,0.55,True,80.60000000000001,3,0.013400312434738777,0.11575971853256545,0.6462592600136462,
230,100,3,38.0,75.2,77.6,1.15,1e-05,50,0.60,0.58,True,90.9,3,0.004390287591764526,0.06625924533047842,0.13545435451704915,
240,100,3,58.5,64.4,79.9,3.1,1e-05,120,0.60,0.58,True,87.60000000000001,3,0.005946494096695351,0.07711351435834934,0.07484695232042429,
232,100,3,73.0,62.5,89.1,3.4,1e-05,80,0.35,0.40,True,106.5,3,0.00538948806169642,0.07341313276040207,0.577939339746575,
234,100,3,54.6,78.2,88.4,4.71,1e-05,80,0.60,0.45,True,106.0,3,0.0036916945703700734,0.06075931673718915,0.2670416198392113,
252,100,3,11.0,31.3,26.9,1.98,1e-07,80,0.35,0.40,True,52.900000000000006,3,0.0024923141654951755,0.04992308249192127,0.39965742060338305,
244,100,3,54.8,46.7,65.0,3.11,1e-07,25,0.60,0.45,True,87.9,3,0.0036792196794627396,0.060656571609865484,0.19436630977485675,
249,100,3,42.1,13.7,38.1,1.26,1e-07,50,0.60,0.45,True,68.4,3,0.022448917463137485,0.14982962812186876,5.232945292699426,
248,100,3,10.5,37.0,32.5,2.94,1e-07,50,0.45,0.55,True,67.10000000000001,3,0.0021385070738804113,0.046243995003464086,1.2260627047950108,
260,100,3,26.4,9.1,21.8,4.37,1e-07,120,0.60,0.58,True,40.0,3,0.001553773554677897,0.03941793442936726,2.855915816973838,
262,100,3,22.5,10.7,18.4,2.07,1e-06,25,0.35,0.40,True,42.0,3,0.0037256692238533014,0.06103826032787387,0.33532007081939014,
241,100,3,54.1,31.5,55.8,2.82,1e-07,25,center,center,True,102.80000000000001,3,0.004086273106010044,0.06392396347231642,0.25294474688609164,
263,100,3,23.6,16.3,21.7,2.05,1e-06,25,0.45,0.55,True,44.0,3,0.008478724202119928,0.09207998806537677,0.4619740893720079,
254,100,3,31.9,16.8,29.3,1.15,1e-07,80,0.60,0.45,True,54.5,3,0.0015261547048890632,0.03906603006307479,0.8456627377507058,
242,100,3,61.1,69.3,85.3,2.68,1e-07,25,0.35,0.40,True,120.4,3,0.0032790245827015825,0.05726276785749692,0.33633478237651965,
245,100,3,55.6,77.9,88.7,4.52,1e-07,25,0.60,0.58,True,116.10000000000001,3,0.003576830470781853,0.05980660892227425,0.1381784442311672,
247,100,3,53.3,79.8,89.0,3.1,1e-07,50,0.35,0.40,True,113.0,3,0.0033055441701369597,0.05749386202141025,0.22528683041548686,
243,100,3,32.5,78.5,78.5,2.9,1e-07,25,0.45,0.55,True,125.0,3,0.00525781126017685,0.0725107665121315,1.3180701590599275,
267,100,3,41.1,11.7,36.8,2.22,1e-06,50,0.35,0.40,True,70.5,3,0.0045201955958769635,0.06723239989675338,0.8523287382895468,
270,100,3,33.3,17.6,31.0,2.9,1e-06,50,0.60,0.58,True,57.1,3,0.003094271534949366,0.055626176706199806,0.8309641177010433,
250,100,3,24.6,64.1,62.2,4.5,1e-07,50,0.60,0.58,True,106.7,3,0.0036599627738378698,0.06049762618349475,0.16247947443052238,
276,100,3,24.7,12.6,21.1,4.92,1e-06,120,center,center,True,44.400000000000006,3,0.004201622962344736,0.06481992720101386,3.1360681975767077,
251,100,3,46.4,52.9,63.3,1.71,1e-07,80,center,center,True,108.30000000000001,3,0.00382806517722439,0.06187135991090215,0.3343296618799913,
246,100,3,73.6,51.8,83.0,3.23,1e-07,50,center,center,True,140.9,3,0.004168106888829562,0.06456087738584074,0.17447921495056673,
256,100,3,42.6,41.7,52.5,3.33,1e-07,120,center,center,True,102.0,3,0.0028171966234009868,0.053077270308494455,0.11716877353961214,
253,100,3,51.2,75.7,84.4,1.62,1e-07,80,0.45,0.55,True,116.9,3,0.004625134886139889,0.06800834423907032,0.9118762692374535,
255,100,3,78.1,44.9,83.3,3.48,1e-07,80,0.60,0.58,True,108.10000000000001,3,0.0007594280751005256,0.027557722603664576,3.2664256057411736,
264,100,3,68.1,74.6,93.9,3.14,1e-06,25,0.60,0.45,True,108.2,3,0.0025166648101546175,0.05016637130742683,0.19316753869364905,
259,100,3,42.8,68.0,73.4,2.84,1e-07,120,0.60,0.45,True,109.5,3,0.004345944819019979,0.06592378037567308,0.05416948145661616,
269,100,3,42.9,79.8,83.8,3.88,1e-06,50,0.60,0.45,True,103.9,3,0.0040445786721726275,0.06359700206906477,0.03213286605498933,
275,100,3,40.2,16.9,37.1,3.67,1e-06,80,0.60,0.58,True,67.4,3,0.004015920319114472,0.06337128939128879,1.4869637199511223,
296,100,3,9.4,10.4,7.0,3.01,1e-05,120,center,center,True,0.30000000000000004,3,0.0001229750572707823,0.01108941194431798,1.019014340575829,
258,100,3,38.4,80.0,82.1,3.98,1e-07,120,0.45,0.55,True,113.80000000000001,3,0.003888141877175675,0.06235496674023389,1.486923844348804,
257,100,3,59.1,74.0,87.7,2.06,1e-07,120,0.35,0.40,True,119.0,3,0.003105362914537082,0.055725783211517825,0.12973016435419346,
283,100,3,18.4,30.3,28.6,2.87,1e-05,25,0.45,0.55,True,49.6,3,0.004574867568216411,0.06763776732134504,1.0557544675177815,
281,100,3,34.7,23.6,35.1,4.51,1e-05,25,center,center,True,71.8,3,0.0005088125258710565,0.022556873140376892,0.2910176870295793,
268,100,3,52.9,40.3,59.5,3.73,1e-06,50,0.45,0.55,True,107.60000000000001,3,0.0035859002451718064,0.05988238676916449,0.07525805540982532,
273,100,3,32.9,42.9,47.0,2.36,1e-06,80,0.45,0.55,True,89.10000000000001,3,0.005699831928211928,0.07549723126189416,1.3384384797875981,
304,100,3,9.0,11.5,7.7,2.31,1e-07,25,0.60,0.45,True,0.30000000000000004,3,0.003665457632230739,0.06054302298556572,2.5634018649412953,
266,100,3,37.4,67.3,70.2,3.6,1e-06,50,center,center,True,121.5,3,0.006032105855432351,0.07766663283181749,4.037260677795729,
277,100,3,44.5,29.5,46.4,1.37,1e-06,120,0.35,0.40,True,85.80000000000001,3,0.003682584891171046,0.06068430514697393,0.6222137143133404,
271,100,3,42.4,50.9,59.2,2.13,1e-06,80,center,center,True,104.30000000000001,3,0.002012658640279355,0.0448626642128993,0.6274281894628989,
261,100,3,16.3,65.0,61.1,1.04,1e-06,25,center,center,True,133.4,3,0.0015722513994331478,0.03965162543242266,2.39332236518112,
265,100,3,28.6,77.9,76.7,3.36,1e-06,25,0.60,0.58,True,128.4,3,0.0041352537201189265,0.06430593845142862,0.0963156346493918,
279,100,3,30.4,47.8,49.8,1.1,1e-06,120,0.60,0.45,True,87.9,3,0.0037237037765473937,0.06102215807841766,0.5297803624131406,
287,100,3,11.4,40.4,35.9,2.94,1e-05,50,0.35,0.40,True,64.0,3,0.004295520974211962,0.0655402240933914,0.25413918444237193,
297,100,3,16.4,23.0,21.3,2.17,1e-05,120,0.35,0.40,True,37.2,3,0.0033634486137275287,0.05799524647527182,0.14428489745000977,
293,100,3,23.6,9.1,19.0,4.45,1e-05,80,0.45,0.55,True,43.1,3,0.005922136047521693,0.07695541597263764,0.07125190373113274,
272,100,3,52.2,51.5,66.3,4.4,1e-06,80,0.35,0.40,True,113.80000000000001,3,0.0032875534359602535,0.057337190687722514,0.21410822011824854,
274,100,3,67.9,79.5,97.6,4.64,1e-06,80,0.60,0.45,True,116.5,3,0.0017985041514740317,0.04240877446324088,0.15140338346099602,
288,100,3,32.8,31.7,38.5,2.22,1e-05,50,0.45,0.55,True,64.4,3,0.004126025047892268,0.06423414238465605,0.5769672714401523,
285,100,3,53.3,40.8,60.1,3.97,1e-05,25,0.60,0.58,True,84.80000000000001,3,0.0015821175339854772,0.039775841084576415,0.22216161250399102,
295,100,3,24.5,25.3,28.1,4.38,1e-05,80,0.60,0.58,True,48.400000000000006,3,0.003995962393419372,0.06321362506152746,1.02630922641481,
278,100,3,41.3,79.3,82.7,2.3,1e-06,120,0.45,0.55,True,115.0,3,0.0040668631183480965,0.06377196185117795,0.9711318092439489,
282,100,3,19.0,79.3,75.6,4.69,1e-05,25,0.35,0.40,True,94.7,3,0.003176516105785801,0.05636059000565733,4.935792232797801,
286,100,3,18.9,61.5,58.2,1.34,1e-05,50,center,center,True,77.9,3,0.0015960233885577667,0.03995026143290888,2.395266403754858,
298,100,3,10.0,31.9,27.3,4.42,1e-05,120,0.45,0.55,True,52.300000000000004,3,0.0013601660618185619,0.03688042925209198,1.5347917159440396,
289,100,3,66.2,49.0,75.4,1.77,1e-05,50,0.60,0.45,True,83.30000000000001,3,0.011558141576528753,0.10750879767037093,2.006956688603968,
284,100,3,35.0,13.9,31.3,2.55,1e-05,25,0.60,0.45,True,93.30000000000001,3,0.004502389688470225,0.06709984864714842,2.5724949151401852,
280,100,3,71.1,59.8,85.8,3.7,1e-06,120,0.60,0.58,True,120.10000000000001,3,0.0020486240339536413,0.04526172813706566,0.030763545434405654,
294,100,3,31.6,36.5,41.2,3.06,1e-05,80,0.60,0.45,True,64.5,3,0.0034416578760072787,0.05866564476767709,1.2956198478355965,
290,100,3,9.2,80.5,75.7,2.05,1e-05,50,0.60,0.58,True,89.30000000000001,3,0.01143978317670207,0.10695692206071597,8.053621610020283,
299,100,3,18.2,45.8,42.9,4.7,1e-05,120,0.60,0.45,True,63.6,3,0.0039343532924788665,0.06272442341288492,1.0807276349685713,
291,100,3,19.8,78.6,75.1,2.55,1e-05,80,center,center,True,94.80000000000001,3,0.016793780585182792,0.12959081983374746,2.598198968102927,
322,100,3,14.7,19.1,17.1,4.69,1e-06,25,0.35,0.40,True,30.900000000000002,3,0.003625413423128038,0.06021140608828229,0.12146030928572527,
292,100,3,39.9,71.0,74.6,3.73,1e-05,80,0.35,0.40,True,94.7,3,0.005782557668160732,0.07604313031537255,0.1971539700959753,
311,100,3,26.3,17.5,24.8,2.41,1e-07,80,center,center,True,53.2,3,0.018928319101305553,0.13758022787197857,1.435577434032573,
300,100,3,35.7,66.3,68.5,2.72,1e-05,120,0.60,0.58,True,87.30000000000001,3,0.004553600739412269,0.06748037299402151,0.2426744110117813,
308,100,3,15.9,40.2,36.9,1.17,1e-07,50,0.45,0.55,True,69.4,3,0.003995363831218764,0.06320889044445223,0.6779478247202283,
302,100,3,40.0,25.4,40.5,3.53,1e-07,25,0.35,0.40,True,81.7,3,0.0030604008618696325,0.05532088992297243,1.34277153262993,
318,100,3,15.5,44.7,41.0,1.63,1e-07,120,0.45,0.55,True,82.9,3,0.001263460084902785,0.03554518370894691,1.043903633793731,
305,100,3,62.5,42.4,68.6,1.1,1e-07,25,0.60,0.58,True,107.10000000000001,3,0.0021055538752489593,0.04588631468367185,0.07522915808361892,
303,100,3,25.8,67.4,65.8,4.62,1e-07,25,0.45,0.55,True,116.30000000000001,3,0.0004882701085023474,0.022096834807328117,1.618652416937569,
309,100,3,77.3,34.0,77.9,1.44,1e-07,50,0.60,0.45,True,107.30000000000001,3,0.0076729077158795254,0.0875951352295293,4.555072856563864,
310,100,3,62.9,33.2,64.4,1.1,1e-07,50,0.60,0.58,True,103.5,3,0.005230593822173262,0.07232284440046079,0.9858464371557696,
306,100,3,22.5,59.1,56.8,2.42,1e-07,50,center,center,True,113.7,3,0.00041487231467334223,0.02036841463328313,3.3380014135730005,
301,100,3,47.2,66.9,74.9,4.09,1e-07,25,center,center,True,128.20000000000002,3,0.020361650998880106,0.1426942570634155,3.4277765922080894,
316,100,3,78.1,19.4,74.5,1.26,1e-07,120,center,center,True,103.30000000000001,3,0.02769285184306528,0.16641169382908547,3.364669274404432,
313,100,3,26.4,47.0,47.1,2.4,1e-07,80,0.45,0.55,True,97.60000000000001,3,0.0015308900232650284,0.03912658972188898,1.1298111124927486,
315,100,3,34.3,42.7,47.7,2.85,1e-07,80,0.60,0.58,True,94.2,3,0.005342100154567127,0.07308967201025825,0.10414047836050144,
319,100,3,70.1,21.7,67.2,2.49,1e-07,120,0.60,0.45,False,99.60000000000001,3,0.01699990454561843,0.13038368205269565,10.110061533511168,vittima non trovata entro 15 minuti
314,100,3,52.8,17.6,49.5,1.4,1e-07,80,0.60,0.45,True,95.7,3,0.00455860834626271,0.06751746697161194,1.339851651608144,
312,100,3,50.0,40.9,57.5,1.68,1e-07,80,0.35,0.40,True,106.4,3,0.0029228540854507492,0.05406342650490024,1.016170313952417,
335,100,3,31.1,15.0,28.0,3.84,1e-06,80,0.60,0.58,True,54.1,3,0.003480406539904284,0.058994970462779996,1.424283859852911,
327,100,3,39.6,23.7,39.3,3.25,1e-06,50,0.35,0.40,True,82.9,3,0.0010285930413393516,0.032071685975940706,1.0855325867676728,
317,100,3,60.1,44.7,67.9,3.02,1e-07,120,0.35,0.40,True,107.30000000000001,3,0.0029609776926850283,0.05441486646758428,1.4555158761337126,
307,100,3,59.4,30.1,59.9,4.36,1e-07,50,0.35,0.40,True,128.1,3,0.006730120848592863,0.08203731375778257,8.424377982138614,
323,100,3,46.6,42.1,55.8,4.94,1e-06,25,0.45,0.55,True,104.5,3,0.002762810445615573,0.052562443299523025,0.14964748614136927,
324,100,3,11.8,61.1,56.5,4.66,1e-06,25,0.60,0.45,True,103.30000000000001,3,0.004800437082514855,0.06928518660229512,0.2206809634854473,
326,100,3,41.5,45.7,54.7,2.29,1e-06,50,center,center,True,102.80000000000001,3,0.0029993108356179974,0.05476596420787273,0.31445508158641705,
339,100,3,19.3,19.0,20.0,2.55,1e-06,120,0.60,0.45,True,35.9,3,0.002342424281614042,0.04839859793025044,1.6622270038177367,
320,100,3,77.1,76.5,101.5,1.39,1e-07,120,0.60,0.58,True,119.30000000000001,3,0.0034825118933696927,0.059012811264755834,0.6257967041309584,
325,100,3,18.9,73.3,69.7,2.68,1e-06,25,0.60,0.58,True,107.4,3,0.004463975621343446,0.06681298991471228,0.2085823262099928,
321,100,3,80.5,51.5,88.6,1.3,1e-06,25,center,center,True,123.4,3,0.007706430313304303,0.08778627633807179,0.08783240531039115,
336,100,3,54.2,14.0,50.0,4.0,1e-06,120,center,center,True,88.0,3,0.017277946260942926,0.13144560190794868,7.9946157917796485,
334,100,3,53.5,70.8,81.8,2.99,1e-06,80,0.60,0.45,True,95.10000000000001,3,0.0034641279348701743,0.058856842719179,0.20822621750582926,
328,100,3,75.1,32.1,75.2,1.74,1e-06,50,0.45,0.55,True,117.10000000000001,3,0.00019880891819000894,0.014099961637891394,0.32675554083927644,
329,100,3,60.1,63.2,80.2,2.64,1e-06,50,0.60,0.45,True,118.30000000000001,3,0.0034234344550320853,0.058510122671483825,0.10998328810762567,
331,100,3,80.0,68.1,98.0,1.38,1e-06,80,center,center,True,111.0,3,0.002941168367549746,0.054232539748288996,0.842311848360502,
330,100,3,14.4,80.8,76.4,2.23,1e-06,50,0.60,0.58,True,124.60000000000001,3,0.003700781181817021,0.06083404623906765,0.11078701980738344,
352,100,3,10.5,37.2,32.7,2.78,1e-05,80,0.35,0.40,True,53.7,3,0.0010663267413798614,0.03265465880054271,0.09659961331322695,
366,100,3,14.0,10.1,10.3,1.61,1e-07,50,center,center,True,15.4,3,0.003948734689859576,0.06283895837662792,0.7004906083079144,
333,100,3,64.9,70.5,88.7,1.39,1e-06,80,0.45,0.55,True,119.60000000000001,3,0.007108679184557272,0.08431298348746337,0.06913384857951603,
351,100,3,34.5,30.7,39.1,1.48,1e-05,80,center,center,True,64.3,3,0.0006476016587000227,0.025448018757852697,0.4931536118105343,
343,100,3,47.0,15.7,43.3,2.62,1e-05,25,0.45,0.55,True,67.9,3,0.0021790090488724525,0.046679856992844916,0.20550928502753557,
348,100,3,41.3,29.2,43.6,1.28,1e-05,50,0.45,0.55,True,64.8,3,0.0055588725419982365,0.07455784695119781,0.03367136944355386,
344,100,3,51.2,49.2,64.0,2.34,1e-05,25,0.60,0.45,True,71.0,3,0.002632297716388585,0.051305922819773794,0.045956650263348574,
332,100,3,24.1,78.5,76.0,1.13,1e-06,80,0.35,0.40,True,120.5,3,0.001135859894346747,0.03370252059337323,0.7977875988130693,
345,100,3,10.1,52.3,47.5,1.44,1e-05,25,0.60,0.58,True,70.0,3,0.023680055551539538,0.15388325299245378,3.669576532938884,
349,100,3,60.3,26.9,59.5,3.67,1e-05,50,0.60,0.45,False,77.5,3,0.02741000639189077,0.1655596762254951,10.01301878214877,vittima non trovata entro 15 minuti
347,100,3,57.1,33.0,59.1,1.56,1e-05,50,0.35,0.40,True,78.80000000000001,3,4.37796390084714e-05,0.006616618396769712,0.3714342654037722,
338,100,3,15.8,43.2,39.7,3.91,1e-06,120,0.45,0.55,True,85.30000000000001,3,0.0007327112167602798,0.027068638989802937,1.34385949404581,
337,100,3,72.7,49.7,81.1,3.96,1e-06,120,0.35,0.40,True,110.0,3,0.027189658130722404,0.16489286864725958,2.1554338120195324,
355,100,3,34.4,26.7,36.6,4.26,1e-05,80,0.60,0.58,True,65.10000000000001,3,0.0007242839656404192,0.026912524326796607,2.1924113903087954,
346,100,3,60.1,55.5,74.7,2.95,1e-05,50,center,center,True,90.7,3,0.004097063512103402,0.06400830814904736,0.1678417285033997,
350,100,3,27.4,69.4,68.2,2.32,1e-05,50,0.60,0.58,True,83.5,3,0.0016881486820000883,0.04108708656013576,0.3580028470222204,
342,100,3,45.5,67.6,74.6,3.74,1e-05,25,0.35,0.40,True,99.7,3,0.0010102514003909717,0.03178445218013001,0.22130025349275778,
340,100,3,72.5,16.6,68.5,2.41,1e-06,120,0.60,0.58,False,100.7,3,0.027531162764276283,0.16592517218395852,15.54491580939476,vittima non trovata entro 15 minuti
359,100,3,9.4,57.9,53.1,2.56,1e-05,120,0.60,0.45,False,69.4,3,0.029626425716030663,0.1721232863851683,15.645247735506024,vittima non trovata entro 15 minuti
341,100,3,67.2,75.7,94.2,2.47,1e-05,25,center,center,True,106.4,3,0.004310626173035214,0.06565535905800238,0.31349020517884296,
356,100,3,27.6,61.1,60.5,1.05,1e-05,120,center,center,True,79.10000000000001,3,0.001314180452576363,0.03625162689558033,1.8357877085375303,
353,100,3,78.9,58.4,91.2,1.48,1e-05,80,0.45,0.55,True,102.30000000000001,3,0.00831497227018088,0.09118646977584383,0.12285696204393065,
358,100,3,70.6,68.3,91.1,4.25,1e-05,120,0.45,0.55,True,90.30000000000001,3,0.0035098620817441907,0.05924408900256793,0.04782839182356735,
354,100,3,74.7,48.9,82.4,2.72,1e-05,80,0.60,0.45,True,110.4,3,0.0031919647191758892,0.05649747533453056,0.7587170349399889,
385,100,3,17.4,10.9,13.7,4.66,1e-06,25,0.60,0.58,True,28.700000000000003,3,0.0061859401023131,0.07865074762717199,1.3959802492580882,
363,100,3,32.9,31.4,38.4,1.27,1e-07,25,0.45,0.55,True,79.2,3,0.004746699223041204,0.06889629324601726,0.44771197236774996,
364,100,3,12.5,45.4,41.1,1.41,1e-07,25,0.60,0.45,True,81.5,3,0.0023812272114412426,0.04879781974065279,1.0011928188814494,
357,100,3,60.3,76.4,90.3,4.47,1e-05,120,0.35,0.40,True,107.10000000000001,3,0.006170999626128411,0.0785557103343125,0.250580416851227,
365,100,3,55.1,41.4,61.9,3.01,1e-07,25,0.60,0.58,True,92.60000000000001,3,0.00418624501872135,0.06470119796975439,0.19385868963092995,
370,100,3,40.8,14.3,37.0,1.52,1e-07,50,0.60,0.58,True,66.7,3,0.004536925724172207,0.06735670511665641,3.2796035018869545,
360,100,3,80.2,35.4,81.2,2.92,1e-05,120,0.60,0.58,True,120.7,3,0.0007528357861342579,0.02743785316190496,3.1673486249145983,
381,100,3,34.0,19.8,32.6,3.66,1e-06,25,center,center,True,68.60000000000001,3,0.00298310516573786,0.05461780996834146,0.07228394786066428,
361,100,3,61.8,76.0,90.9,1.01,1e-07,25,center,center,True,120.30000000000001,3,0.004028231661397234,0.06346835165180544,0.47542934157548294,
367,100,3,44.4,47.1,57.7,1.28,1e-07,50,0.35,0.40,True,104.9,3,0.007356299486730453,0.08576887248139883,0.09051786403869042,
368,100,3,53.9,16.7,50.3,2.67,1e-07,50,0.45,0.55,True,96.0,3,0.004248427761810162,0.06517996442013575,0.1790368338775734,
371,100,3,63.1,10.2,58.4,3.06,1e-07,80,center,center,False,101.10000000000001,3,0.007072672415760465,0.08409918201600099,11.542044787926383,vittima non trovata entro 15 minuti
379,100,3,61.4,19.9,58.3,3.15,1e-07,120,0.60,0.45,True,98.80000000000001,3,0.004340938036974957,0.06588579541126416,7.211247396837013,
376,100,3,75.1,33.6,75.7,3.38,1e-07,120,center,center,True,109.4,3,0.0008370255698965551,0.02893139419206332,0.5191329916349335,
388,100,3,37.0,27.9,39.4,1.66,1e-06,50,0.45,0.55,True,74.3,3,0.004187946683421124,0.06471434681290636,0.10493752071323237,
375,100,3,40.3,69.8,73.8,3.76,1e-07,80,0.60,0.58,True,109.80000000000001,3,0.00453043354462957,0.06730849533773259,0.19435005418388457,
377,100,3,10.2,59.9,55.1,2.67,1e-07,120,0.35,0.40,True,103.80000000000001,3,0.005450027113145899,0.07382429893433394,0.3160925016629209,
369,100,3,53.1,32.8,55.5,3.83,1e-07,50,0.60,0.45,True,110.5,3,0.0011063880459357192,0.03326241190797383,0.69886070486815,
372,100,3,12.0,79.7,75.0,1.44,1e-07,80,0.35,0.40,True,112.10000000000001,3,0.02712991390621415,0.16471160829223347,0.5128981303112903,
390,100,3,44.7,10.8,40.1,2.06,1e-06,50,0.60,0.58,True,72.5,3,0.006377990644631301,0.07986232306057281,0.9012226586903327,
373,100,3,65.1,66.4,85.9,2.63,1e-07,80,0.45,0.55,True,120.4,3,0.006982334492327784,0.08356036436210522,0.08542580634643289,
374,100,3,65.1,42.0,70.6,4.43,1e-07,80,0.60,0.45,True,121.60000000000001,3,0.005174021673010509,0.07193067268565274,0.03894397679490276,
380,100,3,29.5,78.9,77.9,3.41,1e-07,120,0.60,0.58,True,110.9,3,0.0028105659740375933,0.053014771281573905,0.363309458419394,
378,100,3,13.2,72.6,68.1,1.98,1e-07,120,0.45,0.55,True,119.0,3,0.006371102523433991,0.07981918643680848,0.6334539192050632,
386,100,3,17.9,57.9,54.4,1.44,1e-06,50,center,center,True,102.5,3,0.00092762073544953,0.030456866802898983,2.2101707769995764,
393,100,3,25.0,29.1,31.3,4.93,1e-06,80,0.45,0.55,True,67.10000000000001,3,0.00872567208009069,0.09341130595431524,2.4176119843280177,
384,100,3,61.9,79.4,93.7,3.64,1e-06,25,0.60,0.45,True,118.30000000000001,3,0.0035418967161012335,0.05951383634165448,0.2003960862329978,
387,100,3,42.8,69.7,75.0,2.58,1e-06,50,0.35,0.40,True,110.7,3,0.0032609333142374175,0.057104582252542724,0.22902168860818467,
382,100,3,51.9,51.8,66.2,3.31,1e-06,25,0.35,0.40,True,121.0,3,0.014461931537243362,0.12025777121352017,0.4556720935408375,
389,100,3,16.4,70.8,66.8,2.86,1e-06,50,0.60,0.45,True,106.9,3,0.005207281469513884,0.07216149575441105,0.05738433940438103,
383,100,3,47.0,71.8,78.9,4.91,1e-06,25,0.45,0.55,True,125.0,3,0.026611820133655106,0.16313129722298877,2.6853768970398937,
391,100,3,58.0,46.0,67.0,1.76,1e-06,80,center,center,True,104.60000000000001,3,0.003380347059985176,0.05814075214499014,0.0692557073490729,
395,100,3,9.3,52.3,47.5,2.01,1e-06,80,0.60,0.58,True,90.0,3,0.001927438231885879,0.04390259937504702,0.6761605704714363,
406,100,3,23.3,17.8,22.3,2.76,1e-05,50,center,center,True,48.1,3,0.012642942572747767,0.1124408403239133,2.6366624943875063,
394,100,3,51.0,37.2,56.2,4.11,1e-06,80,0.60,0.45,True,94.7,3,0.003624077459609038,0.060200311125516937,1.7891710901170124,
403,100,3,41.5,17.2,38.5,3.24,1e-05,25,0.45,0.55,True,68.4,3,0.005400331961150234,0.07348695095831799,0.36137366461906695,
392,100,3,36.2,77.6,79.0,3.78,1e-06,80,0.35,0.40,True,111.4,3,0.004357369769743926,0.06601037622786228,0.11088275747877285,
396,100,3,39.4,43.7,51.7,1.68,1e-06,120,center,center,True,102.60000000000001,3,0.0027034470970546754,0.05199468335373027,1.004874063783534,
408,100,3,23.0,35.2,35.2,4.58,1e-05,50,0.45,0.55,True,61.900000000000006,3,0.0118520276818357,0.10886701833813443,1.782515735656512,
402,100,3,59.9,42.1,66.2,1.33,1e-05,25,0.35,0.40,True,84.5,3,0.0027078827475525086,0.05203732071842774,0.7025361351433902,
414,100,3,21.6,34.4,33.7,1.72,1e-05,80,0.60,0.45,True,52.400000000000006,3,0.0030765936457323906,0.05546705009041305,1.425191380643417,
397,100,3,54.2,67.9,79.8,1.92,1e-06,120,0.35,0.40,True,106.60000000000001,3,0.001989751638648552,0.044606632227153754,0.3274108452748568,
407,100,3,17.4,53.6,50.2,3.92,1e-05,50,0.35,0.40,True,69.0,3,0.003113588498649308,0.055799538516454666,0.1185922539509417,
404,100,3,36.4,61.8,64.9,2.39,1e-05,25,0.60,0.45,True,77.80000000000001,3,0.004032283944554503,0.06350026727939422,0.08028845164712163,
409,100,3,63.5,17.0,59.8,1.52,1e-05,50,0.60,0.45,True,77.9,3,0.0007327004630229415,0.027068440350765343,3.5054031898290408,
411,100,3,50.5,13.2,46.2,3.25,1e-05,80,center,center,True,69.10000000000001,3,0.0031094128529153622,0.05576210947332751,0.29829937245810706,
412,100,3,44.7,41.4,53.9,1.84,1e-05,80,0.35,0.40,True,71.0,3,0.003651012098642764,0.060423605475366696,0.6538345787089193,
401,100,3,50.6,57.9,69.8,4.85,1e-05,25,center,center,True,90.2,3,0.0014147603702697375,0.03761330044372253,0.6125337154419034,
398,100,3,72.2,76.2,98.0,3.29,1e-06,120,0.45,0.55,True,118.2,3,0.004631866406342028,0.06805781664395374,0.04696579192711389,
399,100,3,66.3,40.9,71.0,4.0,1e-06,120,0.60,0.45,True,107.5,3,0.005976324162635039,0.0773066889902487,0.08320476081043911,
417,100,3,45.8,31.7,48.7,3.34,1e-05,120,0.35,0.40,True,70.3,3,0.004399406721863007,0.06632802365413135,1.59814821643609,
400,100,3,59.3,61.4,78.3,4.59,1e-06,120,0.60,0.58,True,106.2,3,0.003919492041708775,0.06260584670546973,0.18548243083683988,
419,100,3,42.3,33.8,47.1,3.54,1e-05,120,0.60,0.45,True,66.2,3,0.008104465259811216,0.09002480358107545,2.79202253144147,
424,100,3,23.1,18.7,22.6,4.95,1e-07,25,0.60,0.45,True,42.2,3,0.0026751067778269123,0.05172143441385701,2.1243294501270387,
415,100,3,22.3,61.1,58.8,2.95,1e-05,80,0.60,0.58,True,78.2,3,0.0057182611113697325,0.07561918481026976,0.06597500915486428,
413,100,3,28.8,75.7,74.6,1.41,1e-05,80,0.45,0.55,True,85.0,3,0.0020316001127115334,0.04507327492773887,0.7967989506698065,
422,100,3,30.4,18.6,28.8,3.26,1e-07,25,0.35,0.40,True,58.1,3,0.01142934277420014,0.10690810434293622,0.3666139584783358,
405,100,3,80.3,68.4,98.4,2.07,1e-05,25,0.60,0.58,True,111.10000000000001,3,0.0013468483503987021,0.036699432562353085,1.5557547688969342,
416,100,3,28.2,67.6,66.8,4.3,1e-05,120,center,center,True,89.60000000000001,3,0.009206660257639806,0.09595134317788263,3.304879775929496,
410,100,3,75.4,80.0,102.8,3.75,1e-05,50,0.60,0.58,True,107.5,3,0.005028804828293507,0.07091406650512652,0.10560847527030899,
418,100,3,46.8,63.9,72.3,3.05,1e-05,120,0.45,0.55,True,82.80000000000001,3,0.02715582802087292,0.16479025462955302,0.7571445575268244,
451,100,3,10.1,12.8,9.4,2.32,1e-06,80,center,center,True,5.5,3,0.006330848969246459,0.07956663226030407,2.5724495842620883,
420,100,3,13.4,69.5,65.1,2.73,1e-05,120,0.60,0.58,False,87.2,3,0.0326816895010758,0.18078077746562493,15.223740007827788,vittima non trovata entro 15 minuti
425,100,3,41.5,14.1,37.6,3.03,1e-07,25,0.60,0.58,True,67.7,3,0.001870885201335947,0.04325373049039755,3.105276521876883,
426,100,3,10.3,38.9,34.3,3.84,1e-07,50,center,center,True,67.9,3,0.004130563618519476,0.06426946101002774,3.718942909573942,
432,100,3,26.0,13.9,22.8,2.8,1e-07,80,0.35,0.40,True,55.300000000000004,3,0.004002636377488114,0.06326639216430881,0.10759162556684852,
442,100,3,18.2,23.9,23.1,4.85,1e-06,25,0.35,0.40,True,40.6,3,0.002929367100823757,0.054123627934791634,0.34718506068620125,
431,100,3,15.0,37.9,34.4,1.4,1e-07,80,center,center,True,70.3,3,0.007656207810495705,0.0874997589167862,2.907848538022017,
421,100,3,48.2,45.0,58.9,1.38,1e-07,25,center,center,True,112.7,3,0.0008490562653403282,0.029138570063411282,0.2644751814839904,
423,100,3,48.1,56.3,67.0,4.54,1e-07,25,0.45,0.55,True,110.4,3,0.0034803180076401173,0.05899422012061959,0.3102264888353775,
434,100,3,41.9,28.8,43.9,4.44,1e-07,80,0.60,0.45,True,82.80000000000001,3,0.0026758006761766055,0.051728142013575215,1.7087233881347785,
428,100,3,33.4,37.6,43.2,2.8,1e-07,50,0.45,0.55,True,93.10000000000001,3,0.0005031675898180378,0.022431397411174316,0.8342174361089137,
427,100,3,37.1,49.2,54.6,3.71,1e-07,50,0.35,0.40,True,102.2,3,0.0039544553317159056,0.06288446017670746,0.04076996074933382,
439,100,3,42.8,21.6,41.3,1.12,1e-07,120,0.60,0.45,True,81.60000000000001,3,0.0029194768082648663,0.054032183078836137,1.0562759307921084,
429,100,3,16.0,61.8,57.8,4.73,1e-07,50,0.60,0.45,True,103.80000000000001,3,0.004302057680951633,0.06559007303663897,0.29936524001211434,
440,100,3,44.2,24.2,43.6,1.86,1e-07,120,0.60,0.58,True,83.5,3,0.0032972146098700305,0.05742137763821093,0.6416683381734877,
430,100,3,11.5,78.8,74.1,4.26,1e-07,50,0.60,0.58,True,113.0,3,0.0036250224527349965,0.06020815935348793,0.36825668099483844,
444,100,3,20.0,53.8,51.1,3.24,1e-06,25,0.60,0.45,True,88.7,3,0.004315872304984068,0.0656952989565012,0.23086941199251249,
436,100,3,14.0,61.4,57.1,2.94,1e-07,120,center,center,True,106.0,3,0.003043548561785331,0.055168365589215444,2.7167765878717485,
437,100,3,43.6,54.7,63.0,1.96,1e-07,120,0.35,0.40,True,107.5,3,0.00407288230114332,0.06381913742086553,0.13676435740445533,
433,100,3,52.2,49.9,65.1,4.3,1e-07,80,0.45,0.55,True,109.9,3,0.0036339833322541286,0.060282529245662284,0.6501355024658462,
435,100,3,18.0,62.3,58.8,4.84,1e-07,80,0.60,0.58,True,114.5,3,0.000804161769645406,0.028357746201794775,0.6771849447242994,
438,100,3,63.9,26.6,62.8,4.19,1e-07,120,0.45,0.55,True,109.4,3,0.0004900862462811365,0.022137891640378413,5.137673139149551,
445,100,3,46.7,45.8,58.3,4.58,1e-06,25,0.60,0.58,True,106.10000000000001,3,0.004581481419071186,0.06768664136350086,0.26962444392820006,
446,100,3,76.9,52.2,86.0,4.89,1e-06,50,center,center,True,106.2,3,0.021042538464667963,0.14506046485747923,3.4734306083117295,
448,100,3,46.3,49.2,60.5,3.98,1e-06,50,0.45,0.55,True,106.2,3,0.0032123737975874,0.0566778069228812,0.16335736123881567,
443,100,3,41.3,74.6,78.5,3.54,1e-06,25,0.45,0.55,True,123.60000000000001,3,0.0013527333932689225,0.03677952410335025,1.7864194099496606,
447,100,3,51.7,53.0,67.0,1.69,1e-06,50,0.35,0.40,True,111.30000000000001,3,0.006998245885755552,0.08365551915896256,0.1514020865344975,
452,100,3,10.5,64.0,59.3,4.46,1e-06,80,0.35,0.40,True,105.2,3,0.0026740144150431836,0.05171087327674116,0.34058948319152943,
454,100,3,30.9,60.5,61.3,1.89,1e-06,80,0.60,0.45,True,102.4,3,0.0035596435069547073,0.05966274806740557,0.16585631918996535,
441,100,3,30.0,70.3,69.9,4.18,1e-06,25,center,center,True,129.5,3,0.0004245695603902226,0.02060508578944098,4.714682810847419,
453,100,3,65.2,37.9,68.6,4.57,1e-06,80,0.45,0.55,True,106.5,3,0.0022584163518388407,0.047522798232415155,0.3411202066470457,
450,100,3,53.7,74.1,84.6,2.69,1e-06,50,0.60,0.58,True,111.7,3,0.0014270566702944644,0.037776403617793795,1.3465350870564843,
449,100,3,64.6,67.9,86.7,1.78,1e-06,50,0.60,0.45,True,122.2,3,0.004631879551933293,0.06805791322053074,0.13537036036363803,
455,100,3,18.1,58.6,55.2,1.68,1e-06,80,0.60,0.58,True,102.9,3,0.007085305916287577,0.08417425922624788,0.12104121184793622,
466,100,3,9.5,46.0,41.3,1.95,1e-05,50,center,center,True,66.9,3,0.002424598027001631,0.04924020742240665,2.463132600105857,
462,100,3,66.7,35.3,68.7,2.87,1e-05,25,0.35,0.40,True,84.80000000000001,3,0.0028580347195746193,0.05346059034068572,4.689587213276999,
464,100,3,27.8,59.9,59.5,4.34,1e-05,25,0.60,0.45,True,72.9,3,0.004114139096183342,0.06414155514316239,0.1581105566285728,
456,100,3,72.4,51.3,81.8,3.83,1e-06,120,center,center,True,109.10000000000001,3,0.0028405757456926705,0.05329705194185388,0.24120045339687188,
461,100,3,58.1,20.6,55.3,2.7,1e-05,25,center,center,True,89.30000000000001,3,0.00025385102801068544,0.015932703098052302,0.5242864874159154,
467,100,3,46.7,20.3,44.4,2.64,1e-05,50,0.35,0.40,True,68.2,3,0.0017898085538399936,0.042306129033982696,1.4164659772554307,
457,100,3,33.6,76.0,76.6,1.83,1e-06,120,0.35,0.40,True,109.7,3,0.002790159091549344,0.05282195652897897,0.29417403265449454,
481,100,3,16.8,9.0,12.4,1.36,1e-07,25,center,center,True,19.6,3,0.008327535163572968,0.09125532950777707,0.6376842978282604,
465,100,3,61.8,62.3,80.7,1.31,1e-05,25,0.60,0.58,True,85.30000000000001,3,0.002326802270045356,0.04823693885442313,2.2750675358323273,
469,100,3,25.0,48.3,47.7,4.02,1e-05,50,0.60,0.45,True,65.4,3,0.0021835954408957283,0.04672895719889037,0.528956392550865,
458,100,3,14.1,62.9,58.6,1.1,1e-06,120,0.45,0.55,True,115.5,3,0.0004042732011231688,0.020106546225624352,0.42810010644707264,
463,100,3,49.2,43.3,58.5,1.42,1e-05,25,0.45,0.55,True,82.2,3,0.006749268371746912,0.08215393095736145,0.05169113808985029,
474,100,3,14.7,41.8,38.0,1.13,1e-05,80,0.60,0.45,True,59.400000000000006,3,0.0016573535075428687,0.04071060681865193,1.6429696803628329,
459,100,3,25.5,69.6,67.8,2.94,1e-06,120,0.60,0.45,True,106.60000000000001,3,0.0039128357538221895,0.06255266384273486,0.028751798533042747,
460,100,3,78.7,57.1,90.3,2.54,1e-06,120,0.60,0.58,True,109.5,3,0.008511191517826446,0.09225611913486523,2.8808486380693195,
470,100,3,60.4,42.0,66.7,3.28,1e-05,50,0.60,0.58,True,79.9,3,0.001334246877336434,0.03652734424149166,0.18033261812289436,
471,100,3,64.6,52.7,76.3,1.97,1e-05,80,center,center,True,89.7,3,0.0022539914071602963,0.04747621938571243,3.2048868640686776,
473,100,3,72.9,13.7,68.4,1.31,1e-05,80,0.45,0.55,True,95.30000000000001,3,0.015069538266903226,0.12275804766655107,1.284985047301354,
480,100,3,32.6,10.0,28.0,2.2,1e-05,120,0.60,0.58,True,59.5,3,0.0024644065382005884,0.04964278938779114,2.3401453360671636,
490,100,3,10.3,27.7,23.3,4.06,1e-07,50,0.60,0.58,True,39.300000000000004,3,0.0041029157417749595,0.06405400644592779,0.6011252403524245,
493,100,3,11.6,25.0,21.1,4.0,1e-07,80,0.45,0.55,True,43.7,3,0.0032202465844452174,0.05674721653478008,1.6516635896304608,
472,100,3,60.9,79.2,92.9,3.73,1e-05,80,0.35,0.40,True,107.30000000000001,3,0.003884325579642206,0.06232435783577883,0.15001503492118115,
494,100,3,9.5,25.9,21.4,2.12,1e-07,80,0.60,0.45,True,44.5,3,0.0021467517685385107,0.04633305265723931,2.2277729516224327,
468,100,3,77.9,79.7,104.4,3.93,1e-05,50,0.45,0.55,True,112.7,3,0.0030418219457549384,0.05515271476323662,0.0579698018566714,
476,100,3,54.2,66.4,78.7,2.48,1e-05,120,center,center,True,83.9,3,0.003025051940246342,0.05500047218203078,0.22312792385500932,
477,100,3,9.5,74.6,69.7,4.23,1e-05,120,0.35,0.40,True,85.7,3,0.016479726639802083,0.1283733875840397,5.137026484474385,
479,100,3,63.2,62.4,81.7,2.77,1e-05,120,0.60,0.45,True,85.5,3,0.0012262046063849755,0.03501720443417743,2.317515113408988,
513,100,3,10.3,11.1,8.0,1.15,1e-06,80,0.45,0.55,True,0.30000000000000004,3,0.00016107608100833447,0.012691575198072715,0.35633160891665056,
475,100,3,54.8,60.6,74.6,2.12,1e-05,80,0.60,0.58,True,98.7,3,0.004116480346224574,0.06415980319658543,0.17608046661739246,
478,100,3,59.7,49.8,70.7,2.38,1e-05,120,0.45,0.55,True,93.10000000000001,3,0.003991063088279704,0.06317486120506878,0.20003189126560547,
491,100,3,31.3,27.1,34.4,3.5,1e-07,80,center,center,True,66.4,3,0.004565696553581508,0.06756993823869833,3.045616900991303,
482,100,3,42.1,19.7,39.9,1.37,1e-07,25,0.35,0.40,True,80.80000000000001,3,0.007111901145609081,0.08433208846939035,0.6733202636827211,
502,100,3,26.8,17.0,24.9,1.64,1e-06,25,0.35,0.40,True,54.7,3,0.0034596568487604683,0.05881884773404243,0.27481946516191214,
483,100,3,66.3,11.1,61.6,3.54,1e-07,25,0.45,0.55,True,101.7,3,0.004941113782291097,0.07029305643014178,0.2166835788252442,
484,100,3,69.7,70.5,92.1,3.96,1e-07,25,0.60,0.45,True,103.2,3,0.002008105533045888,0.044811890531932345,0.9987014308961782,
497,100,3,37.5,25.9,38.6,4.8,1e-07,120,0.35,0.40,True,82.10000000000001,3,0.0030276556776878366,0.05502413722801873,2.101172480251485,
488,100,3,48.4,14.3,44.4,2.89,1e-07,50,0.45,0.55,True,91.10000000000001,3,0.0033650883887693765,0.05800938190301097,5.580463740607229,
486,100,3,76.6,71.6,97.8,2.62,1e-07,50,center,center,True,112.7,3,0.0014432825054273674,0.037990558108921844,1.338802556146636,
517,100,3,13.9,25.3,22.1,2.24,1e-06,120,0.35,0.40,True,41.7,3,0.003904000347648021,0.06248200018923867,0.14821254363299552,
492,100,3,51.7,47.8,63.3,1.48,1e-07,80,0.35,0.40,True,101.7,3,0.0013071304097242496,0.03615425852820452,0.32540682697140355,
485,100,3,71.6,40.8,75.6,2.99,1e-07,25,0.60,0.58,True,117.5,3,0.002632092055275852,0.05130391851774923,0.3852813925411965,
499,100,3,78.0,48.4,84.9,3.35,1e-07,120,0.60,0.45,False,101.4,3,0.014928424968320721,0.12218193388680963,11.643949583944142,vittima non trovata entro 15 minuti
489,100,3,65.1,66.5,86.0,1.51,1e-07,50,0.60,0.45,True,117.7,3,0.0022179858870624487,0.04709549752431169,0.18299067649381548,
487,100,3,68.0,36.0,70.2,4.18,1e-07,50,0.35,0.40,True,121.60000000000001,3,0.0017538938244433223,0.04187951557078141,1.984572607284612,
512,100,3,27.6,26.6,31.2,4.77,1e-06,80,0.35,0.40,True,58.2,3,0.002281696973556455,0.047767111840223864,0.18244948860528712,
516,100,3,33.5,9.2,28.8,4.65,1e-06,120,center,center,True,50.800000000000004,3,0.0017645172016916046,0.04200615671174411,1.575899480483669,
495,100,3,39.9,77.1,80.1,4.6,1e-07,80,0.60,0.58,True,113.4,3,0.004295822388070457,0.06554252351008814,0.13179162504058686,
498,100,3,77.4,61.6,91.9,3.43,1e-07,120,0.45,0.55,True,109.30000000000001,3,0.0018935905921083065,0.04351540637645829,2.0360342343101245,
496,100,3,20.4,53.3,50.7,2.33,1e-07,120,center,center,True,110.10000000000001,3,0.005793501954980109,0.07611505734728254,3.3360836047021936,
501,100,3,64.8,9.4,60.0,3.8,1e-06,25,center,center,True,107.2,3,0.002759797920826325,0.05253377885538337,0.15288817317069994,
500,100,3,64.7,60.7,81.6,3.3,1e-07,120,0.60,0.58,True,114.9,3,0.0024238864932895586,0.04923298176313881,0.2864596857614178,
506,100,3,50.5,19.0,47.6,3.25,1e-06,50,center,center,True,94.5,3,0.00018672407095925863,0.013664701641794402,5.878875569476649,
522,100,3,19.1,25.3,24.7,4.32,1e-05,25,0.35,0.40,True,46.400000000000006,3,0.004023667560613256,0.06343238573956726,0.20978950649437528,
504,100,3,56.5,48.6,67.5,2.59,1e-06,25,0.60,0.45,True,104.60000000000001,3,0.003986833710300175,0.06314137874880604,0.22366033838404173,
505,100,3,53.2,60.7,73.6,4.43,1e-06,25,0.60,0.58,True,104.4,3,0.003501202052257837,0.05917095615466964,0.5309938253497228,
531,100,3,11.0,22.9,18.9,4.2,1e-05,80,center,center,True,29.700000000000003,3,0.0021769459749253705,0.04665775364208365,3.477058720786732,
503,100,3,48.6,68.9,77.3,3.09,1e-06,25,0.45,0.55,True,114.80000000000001,3,0.0074188862857942385,0.08613295702455732,1.4814367641627706,
514,100,3,16.7,44.5,41.2,4.65,1e-06,80,0.60,0.45,True,86.10000000000001,3,0.0013356303322535502,0.036546276585358875,1.4408717966868605,
507,100,3,41.7,46.8,55.6,1.08,1e-06,50,0.35,0.40,True,103.0,3,0.007138083573709887,0.08448717993701699,0.05309516478040151,
509,100,3,62.7,26.5,61.6,1.39,1e-06,50,0.60,0.45,True,103.5,3,0.006084018978301339,0.07800012165568294,1.5461538311714316,
527,100,3,22.2,11.8,18.5,2.02,1e-05,50,0.35,0.40,True,41.2,3,0.0036482181887758694,0.06040048169324372,0.28086563565694267,
508,100,3,77.5,71.4,98.3,2.46,1e-06,50,0.45,0.55,True,113.0,3,0.0011661077939364123,0.03414832051413967,0.9947279253281661,
518,100,3,40.9,25.1,41.1,2.67,1e-06,120,0.45,0.55,True,86.5,3,0.0017309278459510726,0.04160442099045572,0.209979397859642,
510,100,3,19.0,53.4,50.4,1.06,1e-06,50,0.60,0.58,True,100.7,3,0.005510171145319628,0.07423052704460362,0.10381145535631635,
515,100,3,45.1,36.9,51.2,2.27,1e-06,80,0.60,0.58,True,98.80000000000001,3,0.0018293081662708267,0.04277041227613813,0.18991920840892393,
519,100,3,78.9,19.8,75.4,2.06,1e-06,120,0.60,0.45,True,104.5,3,0.001212176578956626,0.03481632632769612,8.058048719789008,
511,100,3,77.0,32.2,76.9,1.61,1e-06,80,center,center,True,125.30000000000001,3,0.0037584360915847103,0.06130608527368805,0.04623973458812123,
532,100,3,48.6,21.3,46.5,4.27,1e-05,80,0.35,0.40,True,70.0,3,0.021488120620789246,0.14658826904220285,2.157985788307603,
534,100,3,42.0,35.1,47.7,2.1,1e-05,80,0.60,0.45,True,67.3,3,0.001858506144791381,0.04311039485775305,2.1040039793231258,
529,100,3,48.9,71.1,79.4,3.26,1e-05,50,0.60,0.45,True,78.4,3,0.004451839135971644,0.06672210380354957,0.27196507820455273,
524,100,3,54.9,66.9,79.6,4.31,1e-05,25,0.60,0.45,True,94.0,3,0.004536515166271488,0.06735365740827656,0.17850931433814954,
525,100,3,49.3,52.2,64.7,4.68,1e-05,25,0.60,0.58,True,83.80000000000001,3,0.0015188289117508695,0.03897215559538463,0.24241585038606292,
526,100,3,72.3,30.8,72.1,2.32,1e-05,50,center,center,True,87.10000000000001,3,0.003071391624717367,0.05542013735743865,3.1097030221118307,
521,100,3,53.1,81.0,89.9,2.21,1e-05,25,center,center,True,104.5,3,0.006798036868206661,0.08245020841821239,0.1929292485943902,
520,100,3,65.3,64.4,84.6,4.4,1e-06,120,0.60,0.58,True,107.2,3,0.006540222637210177,0.08087164297335733,0.592985015195657,
533,100,3,62.0,37.8,65.7,4.75,1e-05,80,0.45,0.55,True,84.30000000000001,3,0.018671103813315847,0.13664224754195112,6.736496446790814,
523,100,3,76.4,29.4,75.4,3.41,1e-05,25,0.45,0.55,True,114.7,3,0.0037468290195587462,0.06121134714706699,0.203979567385265,
539,100,3,45.9,24.9,45.5,4.81,1e-05,120,0.60,0.45,True,68.0,3,0.016995196869233373,0.1303656276371704,8.438209718727519,
530,100,3,55.0,75.8,86.7,4.01,1e-05,50,0.60,0.58,True,96.7,3,0.003218025245950599,0.05672764093412134,0.4051852181050799,
536,100,3,66.0,63.4,84.4,1.4,1e-05,120,center,center,True,87.7,3,0.0018147171459096377,0.042599497014749334,0.5945878178272713,
547,100,3,30.0,15.3,27.1,3.72,1e-07,50,0.35,0.40,True,56.2,3,0.011422599233443919,0.10687656072986218,2.2479264921684075,
537,100,3,41.7,54.3,61.5,3.19,1e-05,120,0.35,0.40,True,83.7,3,0.0061229116714619225,0.0782490362334382,0.09410737318515668,
528,100,3,75.3,60.1,89.3,1.63,1e-05,50,0.45,0.55,True,106.2,3,0.00395487569956586,0.06288780247047801,0.19292494679638675,
551,100,3,34.8,11.8,30.6,3.06,1e-07,80,center,center,True,58.7,3,0.004220877193591897,0.0649682783640747,0.3369545878403447,
542,100,3,30.9,22.5,31.3,1.32,1e-07,25,0.35,0.40,True,67.8,3,0.008535554709888203,0.09238806584125572,0.535213105469596,
540,100,3,40.5,57.7,63.5,1.08,1e-05,120,0.60,0.58,True,82.0,3,0.007002646788849152,0.08368181874725926,0.032073573180430935,
562,100,3,17.9,16.1,17.0,1.16,1e-06,25,0.35,0.40,True,27.1,3,0.003962445500312409,0.06294795866676225,0.1581988479541444,
538,100,3,55.4,77.2,88.0,3.41,1e-05,120,0.45,0.55,True,92.7,3,0.004242056571263684,0.06513107224101015,0.29915068514240684,
550,100,3,10.1,42.7,38.1,4.98,1e-07,50,0.60,0.58,True,68.8,3,0.0021977958583160274,0.04688065548087001,0.7746664050413321,
556,100,3,25.9,12.8,22.4,4.67,1e-07,120,center,center,True,44.300000000000004,3,0.007335041016129059,0.08564485399677589,2.417687464572365,
535,100,3,73.6,16.1,69.5,4.57,1e-05,80,0.60,0.58,True,133.3,3,0.020840673401569282,0.14436299180042397,1.2129375342334672,
566,100,3,18.9,22.5,22.4,4.55,1e-06,50,center,center,True,40.0,3,0.0021825143830005236,0.04671738844371037,3.6928124089525634,
544,100,3,78.3,35.3,79.3,2.46,1e-07,25,0.60,0.45,False,111.4,3,0.010098415728716675,0.10049087385786172,13.499000612384002,vittima non trovata entro 15 minuti
548,100,3,21.1,46.0,44.0,4.57,1e-07,50,0.45,0.55,True,84.0,3,0.0040816801547468575,0.0638880282584058,2.0009503046826413,
563,100,3,28.1,22.2,28.8,4.47,1e-06,25,0.45,0.55,True,53.300000000000004,3,0.03953872480273821,0.19884346809170828,1.5674151755316337,
543,100,3,61.6,34.8,64.0,3.36,1e-07,25,0.45,0.55,True,106.30000000000001,3,0.0022174563648254472,0.04708987539615546,0.09862715016251102,
549,100,3,24.8,54.8,53.6,1.72,1e-07,50,0.60,0.45,True,99.5,3,0.007214797223926495,0.08493996246718323,0.1045148169461769,
545,100,3,48.1,67.9,76.3,3.45,1e-07,25,0.60,0.58,True,114.2,3,0.003365477291510429,0.058012733873783515,0.2386499709986345,
553,100,3,42.1,26.2,42.7,1.07,1e-07,80,0.45,0.55,True,81.9,3,0.003607893557103714,0.06006574362399681,0.32258745727930105,
546,100,3,48.8,77.9,85.1,2.6,1e-07,50,center,center,True,117.9,3,0.021990587271247808,0.14829223604507355,1.4493400033785588,
569,100,3,12.2,33.0,28.9,4.17,1e-06,50,0.60,0.45,True,53.5,3,0.0030028791055431068,0.0547985319652188,1.3701717327118013,
555,100,3,46.4,14.3,42.4,2.12,1e-07,80,0.60,0.58,True,80.5,3,0.0025031542995909753,0.050031533052575704,2.5882585006086924,
554,100,3,11.4,50.3,45.7,3.49,1e-07,80,0.60,0.45,True,84.30000000000001,3,0.006850383033200685,0.0827670407420773,0.49818809557228794,
541,100,3,64.8,26.3,63.5,3.57,1e-07,25,center,center,True,135.8,3,0.00018873336741926484,0.013738026329108007,1.8460090677593766,
559,100,3,38.8,30.4,42.2,4.64,1e-07,120,0.60,0.45,True,80.7,3,0.004061465672911816,0.06372962947414504,1.2961736562327268,
552,100,3,69.7,48.9,78.2,4.48,1e-07,80,0.35,0.40,True,107.10000000000001,3,0.0023034522528159692,0.04799429396101133,2.5412434164816133,
577,100,3,16.6,26.6,24.5,4.43,1e-06,120,0.35,0.40,True,41.7,3,0.003981075353869195,0.06309576335911307,0.3233136216447466,
558,100,3,38.3,57.4,62.1,2.65,1e-07,120,0.45,0.55,True,105.60000000000001,3,0.00272519410165592,0.052203391668127465,2.393020806038067,
564,100,3,72.2,40.4,75.9,2.96,1e-06,25,0.60,0.45,True,92.9,3,0.003537805577348693,0.059479455086178225,0.15448691020222954,
565,100,3,74.5,22.4,71.6,1.43,1e-06,25,0.60,0.58,True,102.4,3,0.00013619732001771126,0.011670360749253266,2.0280287321855672,
560,100,3,23.9,67.9,65.7,3.83,1e-07,120,0.60,0.58,True,106.60000000000001,3,0.004593325225991131,0.06777407488111609,0.05542219640881042,
572,100,3,30.6,30.6,36.2,4.28,1e-06,80,0.35,0.40,True,74.3,3,0.0037847677158574563,0.061520465829327534,0.2356584630051203,
557,100,3,74.5,27.2,73.0,1.99,1e-07,120,0.35,0.40,True,121.7,3,0.004956532140984807,0.07040264299715464,1.1002874328032937,
574,100,3,23.1,41.6,40.8,3.66,1e-06,80,0.60,0.45,True,74.8,3,0.003068522951975077,0.05539425017070885,1.250829999515793,
570,100,3,73.9,22.4,71.0,2.42,1e-06,50,0.60,0.58,True,105.60000000000001,3,0.0027865009816432497,0.05278731837897479,0.1360862747424528,
568,100,3,28.1,58.5,58.2,3.81,1e-06,50,0.45,0.55,True,106.30000000000001,3,0.005687207175492454,0.07541357421242183,1.967019421780852,
585,100,3,27.7,24.9,30.2,4.62,1e-05,25,0.60,0.58,True,55.900000000000006,3,0.0017062875566328625,0.04130723370830904,0.5309528964627673,
567,100,3,53.7,63.3,76.0,3.28,1e-06,50,0.35,0.40,True,117.10000000000001,3,0.006134154294136963,0.07832084201626642,0.1427235714460671,
583,100,3,40.6,53.2,59.9,1.4,1e-05,25,0.45,0.55,True,75.8,3,0.003956546702290372,0.06290108665428898,0.4306952778118316,
573,100,3,69.9,55.1,82.0,1.58,1e-06,80,0.45,0.55,True,111.2,3,0.0029147233906481416,0.05398817824902172,0.2922772514456879,
582,100,3,43.6,50.5,59.6,1.99,1e-05,25,0.35,0.40,True,82.10000000000001,3,0.006725165652468031,0.08200710732898724,0.07687926652710618,
571,100,3,32.3,65.5,66.3,3.29,1e-06,80,center,center,True,118.80000000000001,3,0.0005827155121365338,0.024139501074722607,3.765732799494445,
575,100,3,12.7,62.9,58.4,1.46,1e-06,80,0.60,0.58,True,104.9,3,0.0049392133875587555,0.07027953747399562,0.1800125919419244,
576,100,3,45.7,56.0,65.2,2.25,1e-06,120,center,center,True,108.4,3,0.0029329577056258138,0.05415678817679104,2.125618947968414,
591,100,3,23.1,42.7,41.9,4.13,1e-05,80,center,center,True,64.8,3,0.001167978547525996,0.034175701127058034,3.5859772809880317,
581,100,3,46.4,74.1,80.6,4.32,1e-05,25,center,center,True,97.4,3,0.001861961179221289,0.043150448192588786,1.480750404156658,
561,100,3,24.3,69.2,67.0,4.83,1e-06,25,center,center,True,148.70000000000002,3,0.002850152597415148,0.05338682044676521,4.699720046915179,
590,100,3,25.0,50.5,49.7,2.2,1e-05,50,0.60,0.58,True,68.60000000000001,3,0.003056881553824644,0.05528907264391983,0.06651837931736818,
586,100,3,10.9,57.2,52.5,1.32,1e-05,50,center,center,True,83.60000000000001,3,0.00759963998452132,0.08717591401597875,5.7889863901038945,
588,100,3,19.5,73.0,69.6,2.28,1e-05,50,0.45,0.55,True,89.4,3,0.007286257982458729,0.08535958049603296,1.4547498968939432,
587,100,3,39.8,59.4,64.6,3.69,1e-05,50,0.35,0.40,True,87.7,3,0.00459727230606192,0.06780318802284978,0.172382299169092,
578,100,3,30.8,58.1,59.0,2.88,1e-06,120,0.45,0.55,True,108.0,3,0.0038056300930974373,0.0616897892126196,1.1146925614269962,
595,100,3,20.6,45.3,43.2,4.72,1e-05,80,0.60,0.58,True,62.800000000000004,3,0.00525856721003886,0.07251597899800333,0.3934643511947846,
579,100,3,50.3,58.7,70.3,1.35,1e-06,120,0.60,0.45,True,112.80000000000001,3,0.0037532196810932637,0.06126352651531957,0.218201726744666,
580,100,3,43.9,77.5,82.3,3.63,1e-06,120,0.60,0.58,True,114.2,3,0.003496434904608029,0.059130659598959565,0.2018828248863806,
598,100,3,23.4,39.8,39.4,2.91,1e-05,120,0.45,0.55,True,62.300000000000004,3,0.009824388990905389,0.09911805582690467,1.1927799305076858,
589,100,3,73.4,51.3,82.6,3.45,1e-05,50,0.60,0.45,True,107.2,3,0.0031151338717967884,0.0558133843427971,0.3114788874889968,
593,100,3,53.7,67.1,78.9,3.94,1e-05,80,0.45,0.55,True,94.30000000000001,3,0.03200764757276166,0.1789068125387115,0.7379592270567222,
597,100,3,42.1,39.9,51.0,1.27,1e-05,120,0.35,0.40,True,78.5,3,0.0010576213728577858,0.032521091200293166,0.3312186578772231,
584,100,3,80.3,54.4,90.0,4.97,1e-05,25,0.60,0.45,True,120.80000000000001,3,0.0028583139051359856,0.053463201411213544,0.311225216156812,
606,100,4,17.8,19.0,18.9,2.17,1e-07,50,center,center,True,30.1,3,0.01898587278109691,0.13778923318277417,1.4438547739658776,
592,100,3,52.9,76.7,86.3,2.52,1e-05,80,0.35,0.40,True,103.9,3,0.0036335338199722815,0.06027880075094628,0.05982542090468143,
596,100,3,61.6,75.8,90.7,1.87,1e-05,120,center,center,True,89.2,3,0.0040651334063049015,0.06375839871189443,0.14839217699912755,
599,100,3,58.3,55.5,73.4,2.6,1e-05,120,0.60,0.45,True,92.30000000000001,3,0.00344163375848548,0.058665439216675774,0.07317893077289117,
594,100,3,76.1,66.5,94.0,1.91,1e-05,80,0.60,0.45,True,104.10000000000001,3,0.016332734794210074,0.1277995883960902,1.8570963231467164,
619,100,4,23.3,14.1,20.4,2.39,1e-07,120,0.60,0.45,True,33.9,3,0.004593260097185222,0.06777359439475836,1.992845461224953,
600,100,3,56.7,75.0,87.0,2.2,1e-05,120,0.60,0.58,True,104.30000000000001,3,0.005421171673156697,0.07362860635077033,0.3232868448560865,
623,100,4,25.6,12.7,22.0,4.05,1e-06,25,0.45,0.55,True,35.2,3,0.0011010888318145602,0.03318265860075953,0.7965361727740679,
605,100,4,38.8,28.6,41.2,1.99,1e-07,25,0.60,0.58,True,77.80000000000001,3,0.004545224105326372,0.06741827723493364,0.592545513485122,
608,100,4,22.7,46.7,45.3,3.3,1e-07,50,0.45,0.55,True,83.0,3,0.004133393211589732,0.06429147075304571,1.2151031660180374,
628,100,4,30.8,20.7,30.1,3.49,1e-06,50,0.45,0.55,True,57.900000000000006,3,0.004908092939181699,0.07005778285944894,0.14720402215201506,
362,100,3,61.8,50.6,72.8,3.46,1e-07,25,0.35,0.40,False,900.0,1,1.1780322851300441e-28,1.0853719570405549e-14,1.1229119656554114,vittima non trovata entro 15 minuti
602,100,4,10.9,78.9,74.1,2.06,1e-07,25,0.35,0.40,True,106.2,3,0.014432082847067759,0.12013360415415729,0.24886536349211463,
613,100,4,40.4,31.8,44.4,3.54,1e-07,80,0.45,0.55,True,84.60000000000001,3,0.004460941202372352,0.0667902777533703,0.2377940053709299,
601,100,4,58.6,51.0,70.6,3.78,1e-07,25,center,center,True,110.0,3,0.0063550772009854485,0.07971873807948447,0.10318483338413184,
604,100,4,62.9,39.9,67.6,4.42,1e-07,25,0.60,0.45,True,109.30000000000001,3,0.004339123714924122,0.06587202528330309,0.07079427612331549,
603,100,4,49.2,76.6,84.1,4.92,1e-07,25,0.45,0.55,True,109.4,3,0.002800120874577991,0.052916168366369754,1.7308866672736778,
626,100,4,42.4,23.1,41.6,3.27,1e-06,50,center,center,True,73.10000000000001,3,0.007905286546760265,0.0889116783485739,0.09096858531480682,
610,100,4,71.2,43.9,76.8,2.14,1e-07,50,0.60,0.58,True,101.5,3,0.006461793178450548,0.08038527961294001,0.4105784045863869,
617,100,4,38.7,36.3,46.0,3.39,1e-07,120,0.35,0.40,True,87.4,3,0.004653508822625651,0.06821663156903639,0.31304318732953607,
609,100,4,61.9,50.5,72.9,2.53,1e-07,50,0.60,0.45,True,105.30000000000001,3,0.012403139072517463,0.11136938121637142,0.1727558946841968,
615,100,4,48.6,73.7,81.3,1.98,1e-07,80,0.60,0.58,True,102.4,3,0.001550890378159545,0.039381345560551194,0.05027255512206359,
611,100,4,35.8,74.6,76.1,1.12,1e-07,80,center,center,True,104.0,3,0.00333955005036887,0.057788840188819066,2.145086836189871,
629,100,4,29.6,37.0,40.3,4.5,1e-06,50,0.60,0.45,True,75.5,3,0.002350462545138702,0.04848156912826463,1.4005744990621052,
614,100,4,66.1,29.5,65.8,2.19,1e-07,80,0.60,0.45,True,106.5,3,0.006803525498103579,0.08248348621453618,0.09829164643360565,
625,100,4,57.6,11.2,53.0,2.67,1e-06,25,0.60,0.58,False,88.7,3,0.016419609994501518,0.12813902604008476,11.50376806789449,vittima non trovata entro 15 minuti
621,100,4,30.2,47.1,49.1,3.67,1e-06,25,center,center,True,96.5,3,0.0006612214652223195,0.02571422690306515,3.822162955986972,
616,100,4,40.2,51.3,58.1,4.02,1e-07,120,center,center,True,101.10000000000001,3,0.036084637779210865,0.18995956880139223,2.377793392323594,
620,100,4,15.1,72.9,68.7,3.1,1e-07,120,0.60,0.58,True,104.10000000000001,3,0.006112614755673273,0.0781832127484748,0.06178746652718136,
630,100,4,42.1,23.6,41.5,3.13,1e-06,50,0.60,0.58,True,81.9,3,0.005998732508326958,0.07745148486844496,0.6585389528941651,
622,100,4,50.2,40.8,57.7,1.65,1e-06,25,0.35,0.40,True,101.9,3,0.005180934379664603,0.07197870782158153,0.4204590467588945,
633,100,4,25.4,33.7,35.2,4.99,1e-06,80,0.45,0.55,True,66.4,3,0.0061914301708196635,0.07868564145267969,1.741358064092082,
624,100,4,61.1,42.8,67.6,1.7,1e-06,25,0.60,0.45,True,103.10000000000001,3,0.003972342986393286,0.06302652605366478,0.20104359102793057,
618,100,4,12.6,76.3,71.7,3.51,1e-07,120,0.45,0.55,True,110.4,3,0.003681434836080447,0.06067482868604119,1.2136466552962129,
612,100,4,68.5,19.1,65.1,1.99,1e-07,80,0.35,0.40,True,128.8,3,0.0017707675549144789,0.042080489005172916,0.8971859786236012,
607,100,4,79.6,62.4,94.1,1.13,1e-07,50,0.35,0.40,True,138.0,3,0.008954652324226342,0.09462902474519297,0.5954559012446085,
627,100,4,38.7,58.6,63.3,4.8,1e-06,50,0.35,0.40,True,103.4,3,0.0035695174007211662,0.059745438325625885,0.10968374545431196,
632,100,4,25.0,47.4,46.9,2.42,1e-06,80,0.35,0.40,True,84.7,3,0.0014198632690587654,0.037681073087941185,0.29347836728033083,
631,100,4,54.4,43.7,62.7,3.85,1e-06,80,center,center,True,102.0,3,0.002169734703433856,0.0465804111556978,0.1702932552177588,
664,100,4,16.7,13.6,14.6,1.35,1e-07,25,0.60,0.45,True,20.200000000000003,3,0.001699118640588488,0.04122036681773329,2.0666519148972466,
645,100,4,35.6,25.8,37.1,3.78,1e-05,25,0.60,0.58,True,61.1,3,0.004532187506032594,0.06732152334901963,0.6627199414053192,
654,100,4,22.8,36.8,36.5,4.48,1e-05,80,0.60,0.45,True,45.2,3,0.003217677372203946,0.056724574676271886,1.3313615357901052,
657,100,4,29.1,10.1,24.7,4.14,1e-05,120,0.35,0.40,True,43.0,3,0.00757244705836525,0.08701980842523874,1.8676762430742562,
650,100,4,30.8,43.6,46.5,3.11,1e-05,50,0.60,0.58,True,60.1,3,0.003774897814053957,0.06144019705415956,0.3449910550551654,
646,100,4,62.7,21.5,60.0,4.42,1e-05,50,center,center,True,76.7,3,0.0024278147993701416,0.049272860677761966,0.14462324096586424,
634,100,4,73.9,63.8,90.6,1.41,1e-06,80,0.60,0.45,True,110.7,3,0.005565001093516129,0.07459893493553463,0.35456382238375356,
653,100,4,58.0,32.9,59.9,1.54,1e-05,80,0.45,0.55,True,67.60000000000001,3,0.004685224355197205,0.06844869871076589,0.07714964205287339,
635,100,4,65.4,16.4,61.5,1.2,1e-06,80,0.60,0.58,True,100.9,3,0.0025890076763498446,0.05088229236531944,0.1155522142893506,
656,100,4,24.9,44.2,43.9,3.18,1e-05,120,center,center,True,62.2,3,0.05057091935765881,0.22487978868199518,3.189455050588591,
652,100,4,48.3,53.6,65.1,1.72,1e-05,80,0.35,0.40,True,73.8,3,0.002682603342926899,0.05179385429688448,0.18347670997923166,
643,100,4,39.4,74.9,77.9,2.96,1e-05,25,0.45,0.55,True,87.9,3,0.002026943428384748,0.04502158847025223,0.9354891381455035,
655,100,4,41.5,26.1,42.1,2.08,1e-05,80,0.60,0.58,True,65.60000000000001,3,0.004668981647390106,0.06832994692951332,0.5057379367979589,
647,100,4,66.1,55.3,79.2,3.84,1e-05,50,0.35,0.40,True,90.0,3,0.00915021948590103,0.0956567796128483,1.0704184703797157,
641,100,4,77.1,27.9,75.7,4.57,1e-05,25,center,center,True,108.0,3,0.048642185496619236,0.22054973474620013,1.28970093770605,
637,100,4,23.9,63.3,61.3,2.62,1e-06,120,0.35,0.40,True,100.5,3,0.0069356484295020485,0.08328054052119288,0.5905794026054355,
651,100,4,70.7,67.8,90.9,1.69,1e-05,80,center,center,True,89.7,3,0.034153653189997184,0.18480707018400888,1.1857703238631072,
636,100,4,74.9,32.3,75.1,2.37,1e-06,120,center,center,True,108.5,3,0.039980137240761666,0.19995033693585432,1.4614443721446189,
660,100,4,56.6,34.7,59.5,2.94,1e-05,120,0.60,0.58,True,69.3,3,0.004918365923124897,0.070131062469671,0.15343768754832926,
640,100,4,26.5,65.4,64.1,1.08,1e-06,120,0.60,0.58,True,102.60000000000001,3,0.006598940171363132,0.08123386099012611,0.19427000971901956,
638,100,4,42.7,60.4,67.0,3.42,1e-06,120,0.45,0.55,True,103.30000000000001,3,0.013438040066992896,0.11592256064715313,1.4746537133132749,
644,100,4,67.9,78.1,96.4,3.6,1e-05,25,0.60,0.45,True,109.2,3,0.00371640829310101,0.06096235144005692,0.028916768130269714,
642,100,4,70.4,34.6,71.7,4.57,1e-05,25,0.35,0.40,True,113.80000000000001,3,0.01616926302334266,0.12715841703694908,7.417289118088964,
639,100,4,66.3,61.4,83.3,4.22,1e-06,120,0.60,0.45,True,107.4,3,0.003860515531274625,0.062133047014246975,0.10701485432159119,
649,100,4,65.8,65.7,85.9,2.91,1e-05,50,0.60,0.45,True,99.80000000000001,3,0.006117012123363259,0.07821132989128403,0.8988767961481579,
658,100,4,62.4,40.6,67.5,3.65,1e-05,120,0.45,0.55,True,80.80000000000001,3,0.006590927557262276,0.0811845278194206,0.06618168895556002,
683,100,4,12.5,18.0,15.0,1.31,1e-06,25,0.45,0.55,True,13.600000000000001,3,0.0031078304456687955,0.05574791875638763,0.3440643410846329,
659,100,4,47.0,67.8,75.5,1.27,1e-05,120,0.60,0.45,True,89.0,3,0.002732875364343338,0.05227691043226769,0.2259616804809051,
673,100,4,25.5,14.2,22.5,4.28,1e-07,80,0.45,0.55,True,35.4,3,0.015419071815269386,0.12417355521716122,0.9428232704737362,
648,100,4,79.2,21.4,76.0,2.53,1e-05,50,0.45,0.55,True,133.3,3,0.012233291479014231,0.1106042109461219,5.538213003246842,
662,100,4,28.1,47.4,48.3,3.22,1e-07,25,0.35,0.40,True,93.2,3,0.007256211117319566,0.08518339695809017,0.6849066204635194,
661,100,4,18.2,68.0,64.4,2.31,1e-07,25,center,center,True,112.30000000000001,3,0.0022675313378672872,0.04761860285505327,3.5720776774790775,
663,100,4,76.3,68.3,95.3,2.42,1e-07,25,0.45,0.55,True,124.4,3,0.0014212552338865663,0.03769953890814271,0.08096905199417785,
666,100,4,72.1,38.3,74.9,2.91,1e-07,50,center,center,True,106.80000000000001,3,0.00557610904228195,0.07467334894245704,0.05650362488442632,
694,100,4,16.6,30.3,27.9,3.02,1e-06,80,0.60,0.45,True,48.2,3,0.01547526596621805,0.12439962205014149,2.593581615778232,
667,100,4,33.2,74.3,74.8,3.04,1e-07,50,0.35,0.40,True,106.2,4,0.00397254464170497,0.06302812579876518,0.2506065487213192,
688,100,4,30.8,24.7,32.5,2.54,1e-06,50,0.45,0.55,True,63.300000000000004,3,0.003968206553053415,0.06299370248725991,0.522474284189606,
674,100,4,18.1,58.4,55.0,2.25,1e-07,80,0.60,0.45,True,86.80000000000001,3,0.0025335843887352334,0.050334723489210045,0.06921116419528142,
665,100,4,69.7,72.3,93.3,4.58,1e-07,25,0.60,0.58,True,128.70000000000002,3,0.003957878663940588,0.06291167351088817,0.2785425862325,
675,100,4,28.2,42.0,43.7,1.76,1e-07,80,0.60,0.58,True,82.60000000000001,3,0.004146326155596774,0.06439197275745459,0.2618896364653599,
668,100,4,42.3,50.3,58.7,1.92,1e-07,50,0.45,0.55,True,100.9,3,0.0028488892381011207,0.05337498700797145,0.49697687422463616,
669,100,4,62.0,57.5,77.5,1.8,1e-07,50,0.60,0.45,True,106.4,3,0.001986415482249272,0.044569221243468814,0.4806574555946484,
671,100,4,38.8,47.7,54.4,1.94,1e-07,80,center,center,True,103.7,3,0.015675268568718884,0.12520091281104498,2.04787673018765,
672,100,4,63.6,61.5,81.4,3.91,1e-07,80,0.35,0.40,True,113.80000000000001,3,0.0033334932030832476,0.05773641141500957,0.10141777082236957,
670,100,4,72.9,48.6,80.6,3.3,1e-07,50,0.60,0.58,True,127.30000000000001,3,0.0029307795602336473,0.05413667481692653,0.2618830658621215,
679,100,4,41.9,47.2,56.1,4.8,1e-07,120,0.60,0.45,True,97.60000000000001,3,0.0014869656151131052,0.03856119312356796,0.05871540228584408,
709,100,4,15.8,10.3,12.0,2.65,1e-05,50,0.60,0.45,True,5.2,3,0.011111247100922136,0.10540990039328439,1.6021873941285352,
678,100,4,29.0,48.8,49.9,1.01,1e-07,120,0.45,0.55,True,97.0,3,0.00436021124456734,0.06603189566086483,0.9104762048269051,
677,100,4,46.8,42.3,56.0,2.3,1e-07,120,0.35,0.40,True,105.0,3,0.014021532936794444,0.11841255396618403,0.4904096046729093,
695,100,4,17.5,39.9,37.1,3.2,1e-06,80,0.60,0.58,True,67.10000000000001,3,0.008261257201279652,0.09089145835159458,0.774585636124763,
676,100,4,74.1,70.2,95.0,2.78,1e-07,120,center,center,True,114.80000000000001,3,0.004428689568905962,0.06654840019794588,0.26740725307732527,
691,100,4,30.9,48.1,50.3,2.41,1e-06,80,center,center,True,85.30000000000001,3,0.0039048571480086386,0.0624888561905932,2.5543492898859848,
689,100,4,33.3,67.6,68.7,3.35,1e-06,50,0.60,0.45,True,89.9,3,0.0036904408910540766,0.06074899909508038,0.16233195604128026,
693,100,4,40.6,33.3,45.4,4.05,1e-06,80,0.45,0.55,True,83.80000000000001,3,0.007450992244457274,0.08631913023459674,1.4249049308379709,
682,100,4,64.3,56.0,78.2,1.28,1e-06,25,0.35,0.40,True,107.7,3,0.021354431186624157,0.1461315543837954,0.4075829130716454,
685,100,4,41.4,58.7,64.9,4.9,1e-06,25,0.60,0.58,True,104.10000000000001,3,0.0024000864520011865,0.04899067719476009,0.04884543637053289,
680,100,4,76.3,56.4,87.9,4.55,1e-07,120,0.60,0.58,True,112.0,3,0.004230200372153114,0.06503999056083198,0.23605169269663548,
692,100,4,47.5,54.5,65.2,1.56,1e-06,80,0.35,0.40,True,99.5,3,0.0014296800620479282,0.03781111029906327,0.09799486899813978,
698,100,4,19.2,33.8,32.1,4.14,1e-06,120,0.45,0.55,True,53.300000000000004,3,0.03489167052243382,0.1867931222567732,3.3221146212089376,
684,100,4,78.8,19.8,75.3,2.31,1e-06,25,0.60,0.45,False,119.10000000000001,3,0.028826130539306577,0.16978259786947122,15.035358493072213,vittima non trovata entro 15 minuti
686,100,4,40.4,72.9,76.6,4.86,1e-06,50,center,center,True,111.0,3,0.042107859795813316,0.2052019975434287,4.6502362944099165,
681,100,4,75.1,36.5,76.8,4.57,1e-06,25,center,center,True,118.2,3,0.001280881892668831,0.03578941034256965,0.26430355769894903,
697,100,4,30.0,32.2,36.9,3.79,1e-06,120,0.35,0.40,True,66.9,3,0.0046877831037946465,0.0684673871547224,0.2233470203606573,
687,100,4,78.4,66.5,95.8,4.96,1e-06,50,0.35,0.40,True,125.0,3,0.047243563540118064,0.2173558454243135,2.3107683478146606,
704,100,4,31.1,42.6,45.7,2.62,1e-05,25,0.60,0.45,True,56.0,3,0.001676035838884186,0.040939416689593736,0.6199225703723407,
690,100,4,74.5,32.4,74.7,4.4,1e-06,50,0.60,0.58,True,128.5,3,0.002746450324400849,0.05240658665092442,0.6113219528051845,
710,100,4,11.0,30.7,26.4,4.51,1e-05,50,0.60,0.58,True,47.800000000000004,3,0.003545396489481786,0.059543232104763893,2.4547768859551815,
708,100,4,27.0,40.9,42.1,3.35,1e-05,50,0.45,0.55,True,59.2,3,0.003416125381788283,0.05844762939408478,1.9636661617789541,
716,100,4,26.8,26.6,30.7,3.8,1e-05,120,center,center,True,41.0,3,0.034957905195604475,0.18697033239421829,2.73979581912421,
718,100,4,19.4,27.8,27.0,1.9,1e-05,120,0.45,0.55,True,41.400000000000006,3,0.00476872341644553,0.06905594410653966,0.9876708954501455,
696,100,4,56.5,53.5,70.7,4.04,1e-06,120,center,center,True,114.80000000000001,3,0.006251774682079197,0.07906816478254189,0.05133103773128613,
706,100,4,33.8,52.6,55.7,4.41,1e-05,50,center,center,True,70.4,3,0.015227915223884806,0.12340143931042623,3.8348647119384176,
703,100,4,30.2,52.7,54.0,4.72,1e-05,25,0.45,0.55,True,75.2,3,0.009409483111622395,0.09700249023412953,2.4798968374569528,
707,100,4,50.0,35.2,54.2,2.69,1e-05,50,0.35,0.40,True,78.4,3,0.010992513014664102,0.10484518593938447,1.2770429792724713,
711,100,4,60.9,27.4,60.2,1.89,1e-05,80,center,center,True,68.2,3,0.014838296277139316,0.12181254564756175,0.468085157749154,
702,100,4,51.5,56.9,69.7,4.91,1e-05,25,0.35,0.40,True,88.10000000000001,3,0.00624948688367596,0.07905369620502231,0.7109285190882859,
712,100,4,20.4,53.8,51.1,2.82,1e-05,80,0.35,0.40,True,63.0,3,0.01002563314945446,0.10012808372007556,0.16362192277457066,
720,100,4,45.6,24.8,45.1,1.33,1e-05,120,0.60,0.58,True,65.4,3,0.01840437538201,0.13566272657590958,1.798243457709645,
729,100,4,12.6,28.5,24.7,3.89,1e-07,50,0.60,0.45,True,39.300000000000004,4,0.004428055877527939,0.0665436388960503,1.171461689294355,
701,100,4,77.3,32.7,77.5,4.21,1e-05,25,center,center,True,107.7,3,0.012119600511584606,0.11008905718364839,0.3079578156652864,
713,100,4,37.6,61.5,65.2,2.12,1e-05,80,0.45,0.55,True,77.4,3,0.00344154895149772,0.05866471641027271,0.6953028410650725,
699,100,4,12.0,74.0,69.4,4.98,1e-06,120,0.60,0.45,True,108.2,3,0.0041925240131758116,0.06474970280376437,0.15496211887312583,
717,100,4,31.4,63.9,64.5,1.95,1e-05,120,0.35,0.40,True,71.7,3,0.003567944620980666,0.05973227453379509,0.14492540374144944,
719,100,4,54.9,78.4,88.8,2.35,1e-05,120,0.60,0.45,False,77.4,3,0.013535865374707506,0.11634373801244098,11.470223393869599,vittima non trovata entro 15 minuti
733,100,4,16.4,24.6,22.7,4.41,1e-07,80,0.45,0.55,True,38.800000000000004,3,0.006204588907539112,0.07876921294223468,1.992302208051961,
700,100,4,63.8,35.8,66.4,1.39,1e-06,120,0.60,0.58,True,110.2,3,0.004113569184239915,0.06413711237840315,0.10939921565201861,
705,100,4,80.1,22.1,77.0,2.7,1e-05,25,0.60,0.58,True,123.4,3,0.01491021674866607,0.12210739841903959,6.050987189881343,
714,100,4,54.5,75.5,86.1,2.15,1e-05,80,0.60,0.45,True,96.4,3,0.010488684571766804,0.10241427914000471,0.5783442611030112,
715,100,4,58.3,73.1,86.5,1.29,1e-05,80,0.60,0.58,True,98.7,3,0.0036882228292021086,0.0607307403972824,0.05136356787105038,
723,100,4,43.8,13.4,39.7,1.37,1e-07,25,0.45,0.55,True,78.5,3,0.002509180617055053,0.05009172204122207,0.3650379632084571,
724,100,4,48.9,9.3,44.2,3.63,1e-07,25,0.60,0.45,True,79.10000000000001,3,0.005378984765869199,0.07334156233588973,2.2264845128092094,
732,100,4,13.2,40.6,36.6,1.87,1e-07,80,0.35,0.40,True,67.9,3,0.005705567999718195,0.0755352103308,0.14163253364689332,
721,100,4,67.6,29.2,67.1,4.45,1e-07,25,center,center,True,107.80000000000001,3,0.00308275833003449,0.05552259296929935,0.09182026202562345,
722,100,4,41.3,35.6,47.5,2.73,1e-07,25,0.35,0.40,True,93.9,3,0.0024981539468050817,0.0499815360588796,0.426183591570189,
746,100,4,21.7,13.7,18.9,3.99,1e-06,50,center,center,True,36.1,3,0.043512097098330274,0.2085955347037186,3.3478722116180935,
730,100,4,23.7,40.7,40.3,3.61,1e-07,50,0.60,0.58,True,80.5,3,0.004695480470550826,0.06852357601986944,0.6300662409333199,
728,100,4,62.2,44.5,69.5,2.68,1e-07,50,0.45,0.55,True,102.5,3,0.003414890098997184,0.05843706100581363,0.1035216443429991,
726,100,4,61.0,57.9,77.0,2.55,1e-07,50,center,center,True,108.7,3,0.006636290413663787,0.08146342991590635,0.10693246513964359,
736,100,4,9.4,49.2,44.4,2.44,1e-07,120,center,center,True,82.9,3,0.009468772437265984,0.09730761757059919,2.523845115670113,
737,100,4,12.1,45.8,41.4,2.57,1e-07,120,0.35,0.40,True,80.10000000000001,3,0.0013341352134691817,0.03652581571257761,0.6350288498100364,
744,100,4,19.3,33.3,31.7,3.24,1e-06,25,0.60,0.45,True,65.0,3,0.000910053188380722,0.030167087833941182,1.5445422962449282,
727,100,4,75.6,18.7,71.9,4.92,1e-07,50,0.35,0.40,True,125.7,3,0.03839440473136532,0.19594490228471198,2.2001809790547138,
725,100,4,70.4,79.2,98.9,1.77,1e-07,25,0.60,0.58,True,126.9,3,0.0036017790357098026,0.060014823466455376,0.5819117733049484,
739,100,4,19.3,76.3,72.7,1.05,1e-07,120,0.60,0.45,True,92.60000000000001,3,0.008873126929508878,0.09419727665654076,0.4358148808913092,
742,100,4,39.5,27.6,41.2,3.28,1e-06,25,0.35,0.40,True,83.9,3,0.0027218108726308823,0.05217097730185704,0.495195137777305,
752,100,4,39.8,11.8,35.5,2.63,1e-06,80,0.35,0.40,True,66.8,3,0.007736231952371741,0.08795585229177046,0.7985129620232505,
731,100,4,75.2,26.8,73.5,2.77,1e-07,80,center,center,True,122.5,3,0.005090771981151886,0.07134964597776142,0.5926515087949116,
735,100,4,64.1,76.1,92.4,2.64,1e-07,80,0.60,0.58,True,112.30000000000001,3,0.003664578495822254,0.060535762123081045,0.2039016039314435,
740,100,4,50.4,49.9,63.8,1.64,1e-07,120,0.60,0.58,True,104.5,3,0.003455722146965868,0.058785390591250375,0.2481462432821493,
734,100,4,62.5,32.6,63.8,3.59,1e-07,80,0.60,0.45,True,117.80000000000001,3,0.005012276344432532,0.07079743176438347,0.2546246868288908,
747,100,4,20.2,56.7,53.9,3.46,1e-06,50,0.35,0.40,True,87.10000000000001,3,0.005824467368652924,0.0763181981486259,0.08882241033131749,
738,100,4,58.1,48.3,68.5,3.45,1e-07,120,0.45,0.55,True,111.5,3,0.005681995132871963,0.07537900989580563,0.07707533827101128,
745,100,4,70.5,23.5,68.1,1.75,1e-06,25,0.60,0.58,False,103.30000000000001,3,0.04526591731414385,0.21275788425847783,15.760272032118511,vittima non trovata entro 15 minuti
751,100,4,44.3,39.5,52.3,4.58,1e-06,80,center,center,True,85.10000000000001,3,0.003234096514302822,0.05686911740393746,1.4904714487572595,
743,100,4,46.1,55.5,65.1,4.0,1e-06,25,0.45,0.55,True,103.2,3,0.013408835857772557,0.11579652783124612,1.7567166100844178,
761,100,4,13.1,44.4,40.3,4.98,1e-05,25,center,center,True,66.10000000000001,3,0.0023750081153010296,0.048734054985205465,4.145929166062295,
749,100,4,24.2,66.4,64.3,4.85,1e-06,50,0.60,0.45,True,101.9,3,0.004620755720962865,0.06797614082134161,0.19287444894318956,
741,100,4,69.2,78.0,97.2,1.15,1e-06,25,center,center,True,124.2,3,0.007344798843510183,0.08570180186851489,0.2699727261512205,
754,100,4,31.1,46.7,49.2,3.11,1e-06,80,0.60,0.45,True,84.30000000000001,3,0.0031200149643359192,0.055857094127209295,0.6907595902647413,
748,100,4,46.5,66.0,73.8,2.8,1e-06,50,0.45,0.55,True,104.7,3,0.0019238284126429615,0.04386146842780075,1.1910188936879376,
750,100,4,67.4,29.2,67.0,1.56,1e-06,50,0.60,0.58,True,106.4,3,0.004106283894677933,0.06408029256080167,0.12809653323739786,
759,100,4,40.7,36.7,47.7,3.3,1e-06,120,0.60,0.45,True,79.60000000000001,3,0.0006576672844220549,0.025645024554912303,1.2253968125593555,
769,100,4,35.7,9.2,31.0,2.89,1e-05,50,0.60,0.45,True,44.0,3,0.02865944649555869,0.16929101126627688,3.143870021337265,
764,100,4,46.7,35.8,51.8,2.99,1e-05,25,0.60,0.45,True,62.900000000000006,3,0.005298071915360502,0.07278785554857693,3.4587204845636688,
762,100,4,29.1,53.1,53.8,3.55,1e-05,25,0.35,0.40,True,69.0,3,0.0074251112523530775,0.08616908524728041,0.06472367609576758,
779,100,4,13.4,18.3,15.7,4.8,1e-05,120,0.60,0.45,True,29.0,3,0.012217091608818868,0.11053095317067915,2.2335631691307634,
766,100,4,14.4,49.1,45.1,2.02,1e-05,50,center,center,True,62.300000000000004,3,0.04020669414123433,0.20051606953367684,2.3105709881602357,
753,100,4,66.5,37.7,69.6,1.27,1e-06,80,0.45,0.55,True,108.10000000000001,3,0.004700595449032161,0.06856088862487243,0.13734713947904986,
780,100,4,9.6,27.0,22.5,1.89,1e-05,120,0.60,0.58,True,28.6,3,0.004567253401835253,0.0675814575296749,0.5726253782835489,
760,100,4,25.3,55.1,54.0,1.43,1e-06,120,0.60,0.58,True,85.80000000000001,3,0.007773853383040794,0.08816945833473626,0.12270755192854339,
772,100,4,23.8,17.0,22.3,3.25,1e-05,80,0.35,0.40,True,42.900000000000006,3,0.006394802339338816,0.07996750802256386,0.6738839580807213,
756,100,4,66.3,27.8,65.4,2.61,1e-06,120,center,center,True,105.80000000000001,3,0.003096928295833418,0.05565005207395064,0.12565568613537453,
765,100,4,35.3,75.4,76.6,1.27,1e-05,25,0.60,0.58,True,79.7,3,0.002462565347585567,0.04962424153158985,0.04362605697440733,
757,100,4,62.8,58.5,78.8,2.2,1e-06,120,0.35,0.40,True,108.2,3,0.0031482958519842143,0.05610967699055319,0.2882206292933839,
763,100,4,44.4,76.6,81.8,3.76,1e-05,25,0.45,0.55,True,90.30000000000001,3,0.004923382756571944,0.07016682090968597,1.4471696098158635,
758,100,4,63.1,47.3,71.9,4.55,1e-06,120,0.45,0.55,True,105.10000000000001,3,0.006394272765278952,0.07996419677129854,0.08500278523818078,
767,100,4,20.6,78.3,75.0,4.66,1e-05,50,0.35,0.40,True,80.9,3,0.033999681852168256,0.18439002644440466,3.8204438831872505,
773,100,4,36.9,29.2,40.0,4.16,1e-05,80,0.45,0.55,True,65.2,3,0.0037398810688321306,0.06115456703167908,0.14021659757226107,
768,100,4,57.3,43.1,64.7,2.5,1e-05,50,0.45,0.55,True,89.4,3,0.005201910863642447,0.07212427374776433,0.25084108022960855,
755,100,4,68.6,60.0,84.1,2.9,1e-06,80,0.60,0.58,True,122.30000000000001,3,0.0041499636371777554,0.06442021140277138,0.08178862465129659,
775,100,4,46.7,15.4,42.9,1.24,1e-05,80,0.60,0.58,True,69.2,3,0.012370556189513635,0.11122300207022662,0.3896169496799078,
777,100,4,39.7,42.9,51.4,2.13,1e-05,120,0.35,0.40,True,64.2,3,0.003739133203570318,0.06114845217640687,0.14723692247097667,
774,100,4,59.2,51.7,71.6,1.51,1e-05,80,0.60,0.45,True,82.5,3,0.006670430783939448,0.08167270525664892,0.23605255056664617,
781,100,4,28.3,14.8,25.2,2.28,1e-07,25,center,center,True,52.1,3,0.012203981363609876,0.11047163148795204,1.594834822009199,
778,100,4,15.1,60.0,55.9,3.78,1e-05,120,0.45,0.55,True,70.7,3,0.01281808108021721,0.11321696463082381,1.2164337175873734,
796,100,4,14.6,27.5,24.5,3.53,1e-07,120,center,center,True,41.900000000000006,3,0.004342355077337613,0.06589654829608006,2.9071036240478425,
770,100,4,52.9,57.3,70.9,1.58,1e-05,50,0.60,0.58,True,102.2,3,0.005301106382971841,0.07280869716573592,0.3154257654449814,
811,100,4,11.1,9.7,7.7,1.66,1e-06,80,center,center,True,0.30000000000000004,3,0.0002448632404479697,0.015648106609042825,1.7853528592866947,
785,100,4,28.2,27.6,32.3,4.46,1e-07,25,0.60,0.58,True,65.3,3,0.0026135753427116715,0.051123139014654324,0.7994022078473941,
771,100,4,73.2,27.3,71.8,2.16,1e-05,80,center,center,True,121.30000000000001,3,0.010787895710163083,0.10386479533587444,1.818636932432555,
792,100,4,39.3,15.6,35.9,4.37,1e-07,80,0.35,0.40,True,71.2,3,0.005352266955260858,0.07315918913752979,2.001863214968624,
804,100,4,33.8,12.0,29.6,3.2,1e-06,25,0.60,0.45,True,48.400000000000006,3,0.0010267749823622153,0.03204332976396516,2.5581772057246126,
798,100,4,35.1,12.4,31.0,2.52,1e-07,120,0.45,0.55,True,59.300000000000004,3,0.016313105016680735,0.12772276624267395,3.7535753460230907,
807,100,4,23.5,25.3,27.5,1.13,1e-06,50,0.35,0.40,True,50.400000000000006,3,0.007041018110860911,0.0839107747006361,0.06110166535287462,
788,100,4,61.1,48.7,71.1,2.84,1e-07,50,0.45,0.55,True,89.80000000000001,3,0.0043459445832886995,0.06592377858776527,0.27780716857414284,
786,100,4,24.7,53.7,52.6,3.62,1e-07,50,center,center,True,94.4,3,0.0024688069025130947,0.04968708989781043,3.7870044128901,
789,100,4,32.6,54.2,56.4,3.66,1e-07,50,0.60,0.45,True,91.2,3,0.004423560530265956,0.06650985288110293,0.06906008292019512,
776,100,4,77.5,19.5,73.9,3.98,1e-05,120,center,center,True,135.4,3,0.024879304124988597,0.15773174735920667,5.058868716327638,
794,100,4,45.3,35.5,50.5,1.25,1e-07,80,0.60,0.45,True,91.9,3,0.003476636957575257,0.058963013470948525,0.7339511932288645,
784,100,4,75.4,17.1,71.5,2.2,1e-07,25,0.60,0.45,True,120.10000000000001,3,0.003681859593279875,0.06067832886030955,2.1073225933820723,
797,100,4,53.7,30.4,54.9,2.85,1e-07,120,0.35,0.40,True,92.60000000000001,3,0.0002795739528359066,0.016720465090298973,1.0036213221851702,
790,100,4,53.4,57.7,71.6,3.98,1e-07,50,0.60,0.58,True,104.80000000000001,3,0.0028957613080162568,0.05381227841316753,0.14359233814668773,
805,100,4,46.7,22.8,45.4,1.5,1e-06,25,0.60,0.58,True,75.2,3,0.007246872706956917,0.0851285657517905,0.4214824797719367,
787,100,4,77.0,26.8,75.2,1.61,1e-07,50,0.35,0.40,True,116.4,3,0.01837132345708214,0.1355408553060004,0.8563179274499387,
791,100,4,15.1,69.7,65.5,4.65,1e-07,80,center,center,True,100.5,3,0.0021465751838421975,0.046331147016258914,3.682526568813675,
783,100,4,66.5,69.2,88.9,3.26,1e-07,25,0.45,0.55,True,128.3,3,0.0021347427083771176,0.046203275948541976,0.2295841564762521,
799,100,4,54.7,16.2,51.0,1.01,1e-07,120,0.60,0.45,True,93.2,3,0.007254936167683786,0.08517591307220479,1.5051472409682545,
801,100,4,57.5,30.7,58.4,2.81,1e-06,25,center,center,True,98.2,3,0.0023769887071199676,0.04875437115910703,0.3014528310767846,
793,100,4,51.8,71.6,81.4,3.68,1e-07,80,0.45,0.55,True,113.60000000000001,3,0.008171568969084116,0.09039673096458807,1.3401120542692597,
806,100,4,51.0,40.7,58.2,1.97,1e-06,50,center,center,True,91.0,3,0.004502004176554624,0.06709697591214245,0.3041078353284039,
813,100,4,42.1,17.5,39.2,1.91,1e-06,80,0.45,0.55,True,72.3,3,0.0038223410961890983,0.06182508468404308,0.03254221756879978,
795,100,4,58.8,37.0,62.6,1.75,1e-07,80,0.60,0.58,True,118.7,3,0.0035780219124772117,0.05981656887917604,0.05066653712179477,
815,100,4,22.4,32.6,32.7,2.92,1e-06,80,0.60,0.58,True,54.7,3,0.008297888215628452,0.0910927451316978,0.49088480767074966,
827,100,4,20.1,12.2,16.7,4.33,1e-05,50,0.35,0.40,True,21.3,3,0.014895661330189644,0.12204778297941198,1.8462774767464585,
800,100,4,65.9,47.6,74.3,2.62,1e-07,120,0.60,0.58,True,112.4,3,0.005715749560547631,0.07560257641474681,0.16906025672348587,
782,100,4,59.0,37.9,63.3,3.83,1e-07,25,0.35,0.40,True,148.4,3,0.006307832814100151,0.07942186609555425,1.8218760657131905,
803,100,4,65.9,35.1,67.9,2.05,1e-06,25,0.45,0.55,True,109.7,3,0.002341565932987928,0.04838972962300914,0.11876318501697336,
820,100,4,28.9,17.6,27.1,1.61,1e-06,120,0.60,0.58,True,49.900000000000006,3,0.001456948127015024,0.03816998987444225,0.9470391310618487,
802,100,4,49.4,67.1,76.4,4.91,1e-06,25,0.35,0.40,True,118.0,3,0.000628819890721347,0.02507628143727349,0.20544728783474075,
810,100,4,80.3,59.4,92.9,3.81,1e-06,50,0.60,0.58,True,111.4,3,0.003004306456219505,0.05481155403944961,2.756514111544745,
809,100,4,12.8,77.7,73.1,4.27,1e-06,50,0.60,0.45,True,105.0,3,0.004381601688770052,0.06619366804136217,0.18768282424816807,
823,100,4,28.6,49.8,50.7,1.92,1e-05,25,0.45,0.55,True,62.1,3,0.00490750876040047,0.0700536134714011,0.6015173510595027,
832,100,4,18.4,21.9,21.6,4.76,1e-05,80,0.35,0.40,True,41.1,3,0.00301315347413068,0.054892198663659665,0.12402627737669428,
814,100,4,14.8,79.1,74.7,2.65,1e-06,80,0.60,0.45,True,95.30000000000001,3,0.0042029091299302926,0.06482984752357739,0.07459620821999483,
818,100,4,10.8,47.6,43.0,4.36,1e-06,120,0.45,0.55,True,82.2,3,0.011303323332855657,0.10631708862104745,1.5724102032484577,
824,100,4,50.6,53.8,66.8,4.72,1e-05,25,0.60,0.45,True,73.9,3,0.0022945626596251687,0.04790159349776549,0.19322244238828679,
812,100,4,78.9,33.7,79.3,2.0,1e-06,80,0.35,0.40,True,121.10000000000001,3,0.030659985091729708,0.17509992887414236,1.0662713985483219,
822,100,4,41.8,64.3,69.8,3.77,1e-05,25,0.35,0.40,True,83.2,3,0.007239936761225242,0.08508781793667788,0.19972056892048268,
830,100,4,11.6,56.6,52.0,1.79,1e-05,50,0.60,0.58,True,66.0,3,0.004263125480462073,0.06529261428723829,0.19269039976445357,
808,100,4,73.7,38.8,76.5,1.88,1e-06,50,0.45,0.55,True,134.1,3,0.004464793997253627,0.06681911401128891,0.1937497373006347,
825,100,4,34.2,63.1,65.0,2.65,1e-05,25,0.60,0.58,True,71.4,3,0.005681782334279241,0.0753775983583932,0.1773040529159725,
826,100,4,41.4,43.4,52.9,1.57,1e-05,50,center,center,True,73.8,3,0.00798705144590012,0.08937030516844015,0.26836397151735725,
821,100,4,74.5,76.4,99.6,1.56,1e-05,25,center,center,True,96.60000000000001,3,0.0023210612288659684,0.04817739333822419,3.113291088247453,
816,100,4,76.5,42.8,80.8,1.86,1e-06,120,center,center,True,106.4,3,0.0068948076965583294,0.08303497875328403,0.17911614201687776,
819,100,4,40.5,71.2,75.1,4.58,1e-06,120,0.60,0.45,True,98.60000000000001,3,0.0013069833313601523,0.03615222443170202,0.19689892341561208,
829,100,4,48.9,53.6,65.4,4.24,1e-05,50,0.60,0.45,True,84.60000000000001,3,0.002997317611948308,0.05474776353375824,0.15427901455619675,
831,100,4,46.5,41.6,55.3,1.85,1e-05,80,center,center,True,79.0,3,0.004255228111836345,0.06523210951545523,0.13194493975762706,
834,100,4,16.1,66.1,62.1,1.5,1e-05,80,0.60,0.45,True,72.2,3,0.011112309720042093,0.10541494068699224,0.2867494303439503,
837,100,4,26.6,51.5,51.2,4.0,1e-05,120,0.35,0.40,True,68.5,3,0.0030494461941034355,0.05522179093531317,0.20341908597870167,
833,100,4,40.6,60.5,65.9,3.59,1e-05,80,0.45,0.55,True,78.10000000000001,3,0.004511661932371765,0.06716890599356048,0.719327854281518,
835,100,4,65.2,36.6,68.0,2.2,1e-05,80,0.60,0.58,True,83.80000000000001,3,0.02459766644754835,0.1568364321436456,0.23572888914202778,
840,100,4,60.2,10.2,55.4,4.39,1e-05,120,0.60,0.58,False,73.8,3,0.05021210885343223,0.22408058562363728,15.24073342799479,vittima non trovata entro 15 minuti
828,100,4,75.9,51.0,84.5,4.94,1e-05,50,0.45,0.55,True,102.9,3,0.004821371274042361,0.06943609489337921,0.23108766350740376,
817,100,4,79.5,19.7,75.9,4.85,1e-06,120,0.35,0.40,True,129.70000000000002,3,0.013114077757852394,0.1145167138799066,2.0389244825655117,
838,100,4,16.9,74.5,70.5,4.79,1e-05,120,0.45,0.55,True,78.30000000000001,3,0.0037871905726371896,0.061540154148630385,1.8418119281002219,
836,100,4,62.9,71.0,87.7,4.33,1e-05,120,center,center,True,89.10000000000001,3,0.017287507350370598,0.13148196587506059,0.3832681228702546,
863,100,4,17.1,12.5,14.2,2.53,1e-06,25,0.45,0.55,True,20.6,3,0.007214728290721256,0.08493955669016207,0.7391252005009628,
845,100,4,33.4,23.3,33.8,2.93,1e-07,25,0.60,0.58,True,64.4,3,0.0019724978275463727,0.044412811524900925,0.9855618883056436,
847,100,4,10.4,41.7,37.1,3.4,1e-07,50,0.35,0.40,True,67.9,3,0.005247086660373416,0.07243677698775268,0.21760773784397744,
839,100,4,72.0,34.5,73.2,1.21,1e-05,120,0.60,0.45,True,102.5,3,0.00343099936653271,0.05857473317508762,0.1683936573302145,
844,100,4,33.1,42.1,46.5,4.24,1e-07,25,0.60,0.45,True,85.0,3,0.0038845977812325774,0.062326541547181785,1.737745808730442,
857,100,4,13.5,31.8,28.1,4.52,1e-07,120,0.35,0.40,True,52.7,3,0.008823625099346248,0.09393415299743883,0.004519013145574871,
856,100,4,24.8,25.4,28.5,4.55,1e-07,120,center,center,True,56.6,3,0.005851562496525708,0.07649550638126208,3.6462040766426322,
842,100,4,18.0,52.4,49.1,3.78,1e-07,25,0.35,0.40,True,94.10000000000001,3,0.0016448948169577396,0.04055730288071113,0.614712063528648,
851,100,4,18.3,41.8,39.1,3.82,1e-07,80,center,center,True,70.9,3,0.004256171161517184,0.06523933753125627,3.1916565633741643,
843,100,4,23.0,79.2,76.3,4.13,1e-07,25,0.45,0.55,True,105.60000000000001,3,0.0018178850151646087,0.042636662805203326,1.7751877818310418,
849,100,4,49.2,72.6,80.8,1.23,1e-07,50,0.60,0.45,True,94.2,3,0.008789626658285987,0.09375300879591004,0.20090890271107575,
841,100,4,59.1,22.5,56.8,1.84,1e-07,25,center,center,True,114.10000000000001,3,0.0017935002854210184,0.04234973772552811,0.23952881729054945,
848,100,4,10.5,66.8,62.0,4.75,1e-07,50,0.45,0.55,True,101.80000000000001,3,0.006904699431615904,0.0830945210685753,1.8894381877614133,
846,100,4,56.2,52.6,69.9,4.95,1e-07,50,center,center,True,108.0,3,0.007005641260361505,0.08369970884275228,0.10353408876397568,
864,100,4,22.0,41.7,40.4,4.37,1e-06,25,0.60,0.45,True,69.9,3,0.0019613224188874297,0.04428681992294581,1.1118120040389454,
853,100,4,74.2,23.8,71.7,1.44,1e-07,80,0.45,0.55,True,103.7,3,0.01833942627418782,0.13542313788340538,8.31013568572288,
859,100,4,30.1,66.7,66.6,4.3,1e-07,120,0.60,0.45,True,89.7,3,0.008518053190998477,0.09229329981639228,0.16039114744499733,
850,100,4,59.3,68.9,83.9,3.27,1e-07,50,0.60,0.58,True,108.30000000000001,3,0.010562425866043909,0.1027736632899884,0.4489456164612641,
872,100,4,29.8,28.0,33.8,1.47,1e-06,80,0.35,0.40,True,64.2,3,0.0026494420499241188,0.05147273112944483,0.21719757482662064,
855,100,4,79.4,51.8,87.9,3.54,1e-07,80,0.60,0.58,False,113.9,3,0.010919864540547051,0.10449815568012218,11.659040418708594,vittima non trovata entro 15 minuti
852,100,4,52.7,66.4,77.7,1.4,1e-07,80,0.35,0.40,True,114.5,3,0.005450922469370418,0.07383036278774754,0.08412155191322135,
858,100,4,25.0,74.4,72.2,2.05,1e-07,120,0.45,0.55,True,104.0,3,0.000822150255649996,0.028673162637734888,0.7416576167476132,
880,100,4,27.9,12.5,24.1,3.78,1e-06,120,0.60,0.58,True,47.6,3,0.0009088389052454818,0.030146955157121288,1.3055119114689338,
865,100,4,23.6,55.4,53.7,3.32,1e-06,25,0.60,0.58,True,92.30000000000001,3,0.002088836397564374,0.045703789750570725,0.27121027835468686,
870,100,4,32.6,39.3,44.0,1.96,1e-06,50,0.60,0.58,True,83.4,3,0.0018236358158858935,0.04270404917435691,0.3052862275998514,
860,100,4,70.0,32.9,70.7,4.36,1e-07,120,0.60,0.58,True,108.7,3,0.0047566669204312465,0.06896859372519673,0.16073129534071565,
854,100,4,69.5,11.1,64.8,2.68,1e-07,80,0.60,0.45,True,130.1,3,0.011246833455965482,0.10605108889570856,1.9153326102287331,
891,100,4,16.7,13.3,14.3,1.56,1e-05,80,center,center,True,15.200000000000001,3,0.017387012235290135,0.13185982039761063,0.8756377832673135,
876,100,4,29.9,28.3,34.1,1.49,1e-06,120,center,center,True,64.9,3,0.015195031760351745,0.12326812954024956,1.4865648665154363,
873,100,4,49.0,16.2,45.4,4.71,1e-06,80,0.45,0.55,True,86.9,3,0.0037555364446868853,0.06128243177850309,0.08482542544881314,
883,100,4,21.1,33.9,33.0,1.45,1e-05,25,0.45,0.55,True,53.800000000000004,3,0.008071772207061144,0.08984304206259461,0.7933022839083788,
861,100,4,61.3,41.8,67.3,1.59,1e-06,25,center,center,True,115.30000000000001,3,9.610050087919202e-05,0.009803086293570613,0.32688839756194926,
868,100,4,20.7,68.6,65.5,2.63,1e-06,50,0.45,0.55,True,103.7,3,0.001742239172038806,0.04174013862026342,1.0982692603153492,
881,100,4,36.4,18.5,34.2,4.81,1e-05,25,center,center,True,61.400000000000006,3,0.00415693025123107,0.0644742603775419,0.17795852881680604,
866,100,4,54.5,75.3,85.9,4.77,1e-06,50,center,center,True,113.2,3,0.0019920876987625956,0.04463280966690979,0.44427898215299727,
869,100,4,10.5,75.7,70.9,4.37,1e-06,50,0.60,0.45,True,104.80000000000001,3,0.003914303440838932,0.0625643943536492,0.16168380382777608,
867,100,4,55.2,39.0,60.7,4.17,1e-06,50,0.35,0.40,True,113.10000000000001,3,0.004913243853986739,0.07009453512212446,1.6023923658207417,
862,100,4,50.2,80.0,87.5,2.61,1e-06,25,0.35,0.40,True,121.30000000000001,3,0.0006865090394499182,0.026201317513627406,0.7305706481458875,
871,100,4,45.8,67.1,74.3,1.42,1e-06,80,center,center,True,105.2,3,0.015162523436212456,0.12313619872406512,1.5799703887481842,
875,100,4,48.0,30.4,49.9,2.75,1e-06,80,0.60,0.58,True,88.9,3,0.004472745211332495,0.06687858559608222,0.30541040730796654,
878,100,4,37.6,35.5,44.6,2.8,1e-06,120,0.45,0.55,True,81.80000000000001,3,0.0012525111712683723,0.035390834565864254,0.8970617903721234,
882,100,4,18.7,60.4,57.1,2.38,1e-05,25,0.35,0.40,True,72.3,3,0.005161866714034879,0.0718461322134663,0.5952400593699242,
889,100,4,18.3,40.0,37.4,2.04,1e-05,50,0.60,0.45,True,54.2,3,0.002851526693492851,0.053399688140408186,1.2138022499932868,
886,100,4,57.2,29.3,57.6,4.93,1e-05,50,center,center,True,65.0,3,0.00882435795785029,0.09393805383256719,0.33346109686696884,
874,100,4,60.7,56.7,76.0,1.45,1e-06,80,0.60,0.45,True,106.30000000000001,3,0.00978617109407109,0.09892507818582247,0.048766853354568034,
888,100,4,22.8,47.0,45.6,3.56,1e-05,50,0.45,0.55,True,61.400000000000006,3,0.0067014897571359075,0.08186262735299855,1.451300267853762,
877,100,4,56.2,44.5,64.7,4.99,1e-06,120,0.35,0.40,True,102.5,3,0.0033435313449737022,0.05782327684396399,1.836978268525267,
879,100,4,16.8,78.8,74.8,4.37,1e-06,120,0.60,0.45,True,95.10000000000001,3,0.004263023989699307,0.06529183708320135,0.22712295215396544,
885,100,4,33.1,65.8,66.9,4.27,1e-05,25,0.60,0.58,True,78.60000000000001,3,0.0007541140347509018,0.027461136807330134,0.2774946684941838,
887,100,4,16.9,64.5,60.7,2.44,1e-05,50,0.35,0.40,True,72.10000000000001,3,0.00564021380645289,0.07510135688822733,0.043483051162926785,
895,100,4,34.1,23.0,34.2,4.69,1e-05,80,0.60,0.58,True,61.2,3,0.010031053822613389,0.10015514875738235,0.5660890499366157,
892,100,4,30.0,47.0,48.9,4.91,1e-05,80,0.35,0.40,True,62.5,3,0.0032093163953742163,0.05665082872627916,0.22941668158307033,
893,100,4,15.0,64.4,60.3,2.66,1e-05,80,0.45,0.55,True,71.7,3,0.012838372985267008,0.11330654431791223,1.8858681883501762,
906,100,4,33.1,15.1,29.9,2.87,1e-07,50,center,center,True,51.300000000000004,3,0.007325462755736279,0.08558891724829962,0.5346350899890019,
896,100,4,59.1,11.0,54.4,2.78,1e-05,120,center,center,True,81.2,3,0.008150942738276244,0.0902825716197553,0.3198014157897888,
898,100,4,57.7,16.2,53.8,3.29,1e-05,120,0.45,0.55,True,72.0,3,0.007107767886922443,0.08430757905978822,0.17515636578790003,
899,100,4,28.1,67.2,66.4,4.08,1e-05,120,0.60,0.45,True,71.4,3,0.004701924941791131,0.06857058364773579,0.1716808352861574,
890,100,4,71.1,77.6,98.1,2.68,1e-05,50,0.60,0.58,True,94.5,3,0.01582641213422723,0.12580306885854267,0.6550929295699064,
884,100,4,76.1,21.8,73.0,3.47,1e-05,25,0.60,0.45,False,124.0,3,0.04262922252781302,0.20646845407425565,14.52504100330274,vittima non trovata entro 15 minuti
897,100,4,17.1,80.9,76.9,4.93,1e-05,120,0.35,0.40,True,79.5,3,0.008286664098291572,0.0910311160993403,0.5766615275995148,
894,100,4,51.4,77.4,86.0,4.46,1e-05,80,0.60,0.45,True,89.4,3,0.00570298919288817,0.07551813817148943,0.14096543823411994,
922,100,4,22.5,16.5,21.0,2.26,1e-06,25,0.35,0.40,True,37.4,3,0.0019762511432403007,0.04445504631917844,0.15961236472520454,
900,100,4,45.1,75.9,81.4,3.22,1e-05,120,0.60,0.58,True,90.2,3,0.004568228417922474,0.06758867078085257,0.08910479478319291,
912,100,4,44.9,14.8,41.0,4.83,1e-07,80,0.35,0.40,True,77.9,3,0.027600874554810518,0.1661351093381845,1.4975869518575524,
909,100,4,29.9,49.1,50.6,4.12,1e-07,50,0.60,0.45,True,92.4,3,0.0024507054419410233,0.049504600209889824,0.5416909777162225,
903,100,4,27.2,56.6,56.2,3.21,1e-07,25,0.45,0.55,True,103.9,3,0.03240732877970713,0.1800203565703255,1.9158533600159138,
904,100,4,37.1,52.3,57.1,2.8,1e-07,25,0.60,0.45,True,101.9,3,0.006068620928314521,0.0779013538285088,0.3484326023456626,
931,100,4,12.7,28.2,24.4,1.77,1e-06,80,center,center,True,39.900000000000006,3,0.05885763188739801,0.24260591890429634,2.8539280723287375,
902,100,4,76.6,71.8,97.9,1.08,1e-07,25,0.35,0.40,True,112.60000000000001,3,0.0018584172739374066,0.04310936410963872,0.47270986695167183,
908,100,4,64.4,36.4,67.2,3.03,1e-07,50,0.45,0.55,True,106.60000000000001,3,0.0013057301676827507,0.036134888510728116,0.3219858025048479,
901,100,4,79.2,39.6,81.8,2.02,1e-07,25,center,center,True,123.0,3,0.006614123547088712,0.08132726201642787,0.06960404242426253,
907,100,4,58.6,75.5,88.5,1.25,1e-07,50,0.35,0.40,True,110.9,3,0.004128665854456226,0.06425469519386288,0.14557674584322391,
905,100,4,25.2,52.2,51.3,2.2,1e-07,25,0.60,0.58,True,106.4,3,0.0017498600335882695,0.041831328374655634,0.3617100227094408,
915,100,4,19.6,56.4,53.4,4.31,1e-07,80,0.60,0.58,True,99.10000000000001,3,0.004973591925623425,0.07052369761735006,0.6975711917091191,
914,100,4,72.0,40.0,75.6,2.3,1e-07,80,0.60,0.45,True,106.4,3,0.002444395426766458,0.04944082752914294,0.4088787537987313,
930,100,4,11.1,36.2,31.8,3.47,1e-06,50,0.60,0.58,True,53.5,3,0.0016796352889000168,0.04098335380248933,0.6402835391230559,
910,100,4,74.0,68.8,94.0,1.29,1e-07,50,0.60,0.58,True,113.2,3,0.008550434962359688,0.09246856202169301,0.14634087793067682,
918,100,4,62.9,15.2,58.8,2.64,1e-07,120,0.45,0.55,True,96.60000000000001,3,0.012194135352836102,0.11042705897032712,4.26093795245483,
913,100,4,29.2,59.2,59.4,3.31,1e-07,80,0.45,0.55,True,100.10000000000001,3,0.0055470142951408105,0.07447828069404402,1.4538090462945832,
926,100,4,33.1,27.6,36.0,3.3,1e-06,50,center,center,True,67.10000000000001,3,0.014934807977095753,0.12220805201416048,0.6205431604960924,
911,100,4,59.1,25.6,57.9,4.03,1e-07,80,center,center,True,113.0,3,0.0005483701829516786,0.02341730520259918,0.1531426963993644,
936,100,4,11.8,24.1,20.3,2.16,1e-06,120,center,center,True,26.8,3,0.05616477584061273,0.23699108810377814,3.5153219501482136,
916,100,4,63.6,45.6,71.3,1.31,1e-07,120,center,center,True,111.80000000000001,3,0.004998640687315428,0.07070106567312424,0.16846363975534015,
919,100,4,73.1,45.1,79.0,1.73,1e-07,120,0.60,0.45,True,105.9,3,0.0026369586410408025,0.05135132560159282,0.2763651560747594,
917,100,4,60.2,64.1,80.9,3.35,1e-07,120,0.35,0.40,True,110.5,3,0.002918185747741077,0.05402023461390257,0.09489623032433639,
923,100,4,30.6,59.5,60.2,2.87,1e-06,25,0.45,0.55,True,95.2,3,0.006134650519774873,0.07832400985505576,1.1177826805700166,
920,100,4,52.1,48.4,64.0,1.61,1e-07,120,0.60,0.58,True,105.10000000000001,3,0.003633799699285174,0.06028100612369682,0.061532563719543645,
947,100,4,9.7,24.2,19.8,3.27,1e-05,50,0.35,0.40,True,27.5,3,0.0034353695525556893,0.058612025665009136,0.11808609624228757,
921,100,4,78.3,49.6,85.8,2.54,1e-06,25,center,center,True,124.5,3,0.0017792998046898502,0.04218174729299214,0.27857583925210083,
927,100,4,45.9,35.3,50.9,3.62,1e-06,50,0.35,0.40,True,91.2,3,0.01585075571146963,0.1258997843980268,1.539492490584556,
933,100,4,12.3,38.7,34.5,4.08,1e-06,80,0.45,0.55,True,70.4,3,0.003068793343116988,0.055396690723516946,1.7408738014003786,
928,100,4,56.1,14.6,52.0,2.61,1e-06,50,0.45,0.55,True,96.30000000000001,3,0.006740378787942328,0.08209980991416684,0.13921077802331952,
924,100,4,73.6,51.2,82.7,4.01,1e-06,25,0.60,0.45,True,112.9,3,0.002330913290167465,0.048279532828802985,0.5875444619187421,
929,100,4,56.0,29.1,56.4,1.66,1e-06,50,0.60,0.45,True,102.0,3,0.0038917804707142185,0.06238413637066893,1.497732345553994,
932,100,4,34.3,63.4,65.4,2.68,1e-06,80,0.35,0.40,True,101.5,3,0.01343477802170457,0.11590848986034012,0.49595364283891297,
941,100,4,13.3,45.9,41.7,1.89,1e-05,25,center,center,True,61.900000000000006,3,0.0016944043382625094,0.041163142958993176,3.3527734927197637,
939,100,4,24.8,32.3,33.7,3.75,1e-06,120,0.60,0.45,True,64.3,3,0.0024290711491930664,0.04928560793165756,1.6077079172003605,
925,100,4,70.4,41.5,74.9,2.8,1e-06,25,0.60,0.58,True,123.9,3,0.004816394214313019,0.06940024650037649,0.27614307989233977,
956,100,4,21.1,24.5,25.3,2.22,1e-05,120,center,center,True,44.6,3,0.009142131599463697,0.09561449471426232,1.5289984516724273,
949,100,4,42.5,30.9,45.5,4.53,1e-05,50,0.60,0.45,True,59.300000000000004,3,0.004075101934312081,0.0638365250801771,1.1945664362489747,
955,100,4,15.7,34.8,31.7,4.01,1e-05,80,0.60,0.58,True,48.400000000000006,3,0.021683196616260766,0.14725215318038906,1.1367701392105347,
942,100,4,62.0,30.8,62.6,1.66,1e-05,25,0.35,0.40,True,79.5,3,0.009334134559841088,0.09661332496007519,0.5166103654194472,
934,100,4,57.5,62.8,78.0,4.43,1e-06,80,0.60,0.45,True,100.4,3,0.001534986401598614,0.03917890250630579,0.2732714017553515,
948,100,4,20.6,55.1,52.5,3.69,1e-05,50,0.45,0.55,True,64.3,3,0.011095988318332691,0.10533749720936364,1.1491604967938196,
951,100,4,45.7,23.2,44.6,3.73,1e-05,80,center,center,True,67.2,3,0.015387244787931846,0.12404533359998612,0.07020037867240476,
962,100,4,15.1,24.0,21.5,2.09,1e-07,25,0.35,0.40,True,38.0,3,0.00640541736806242,0.08003385138841201,0.13647971846383636,
946,100,4,13.8,59.2,54.9,4.81,1e-05,50,center,center,True,73.5,3,0.032663118136707,0.18072940584394948,3.9801579390711597,
957,100,4,17.2,48.3,45.0,4.36,1e-05,120,0.35,0.40,True,61.300000000000004,3,0.0035249059287290564,0.0593709182068886,0.14351343916921283,
943,100,4,9.0,74.7,69.8,1.12,1e-05,25,0.45,0.55,True,84.10000000000001,3,0.023155371925389048,0.15216889276520693,0.8123584484689605,
944,100,4,71.6,42.7,76.6,4.11,1e-05,25,0.60,0.45,True,98.9,3,0.004951139273315896,0.07036433239444467,1.3560904885847442,
945,100,4,9.2,78.0,73.1,4.53,1e-05,25,0.60,0.58,True,84.5,3,0.016928265955129588,0.1301086697923301,6.193403614338773,
959,100,4,33.5,38.8,44.2,2.29,1e-05,120,0.60,0.45,True,59.900000000000006,3,0.003695952480728728,0.06079434579571301,1.124863504417772,
935,100,4,53.3,71.8,82.4,1.44,1e-06,80,0.60,0.58,True,109.9,3,0.006719344334194225,0.08197160687820036,0.12900531004266827,
938,100,4,47.2,63.2,71.9,3.54,1e-06,120,0.45,0.55,True,103.80000000000001,3,0.004378941101101891,0.06617356799434265,1.9486640390621104,
950,100,4,69.2,69.0,90.7,3.81,1e-05,50,0.60,0.58,True,91.10000000000001,3,0.005610658838103828,0.07490433123727779,0.0868757677781914,
940,100,4,60.7,50.6,72.0,1.9,1e-06,120,0.60,0.58,True,105.0,3,0.003387282331927742,0.05820036367521892,0.07523555004821579,
952,100,4,63.8,36.9,66.9,4.57,1e-05,80,0.35,0.40,True,98.30000000000001,3,0.014178003145369926,0.11907142035505382,1.9276800172993938,
979,100,4,12.4,20.3,17.0,3.07,1e-07,120,0.60,0.45,True,22.8,3,0.019974090527268167,0.14132972273116567,2.546877059984081,
937,100,4,69.6,79.2,98.4,3.94,1e-06,120,0.35,0.40,True,121.30000000000001,3,0.010207000764869882,0.10102970238929679,1.4924915530818896,
953,100,4,51.7,80.3,88.6,4.59,1e-05,80,0.45,0.55,True,99.30000000000001,3,0.015496979348857675,0.12448686416187724,2.1641613613131505,
954,100,4,72.8,52.3,82.7,1.79,1e-05,80,0.60,0.45,True,104.5,3,0.003823008856473678,0.06183048484747373,0.1879926808107692,
960,100,4,52.8,44.6,62.1,1.58,1e-05,120,0.60,0.58,True,83.30000000000001,3,0.00397554392123269,0.06305191449300085,0.03232966574933199,
958,100,4,59.7,74.1,88.2,1.41,1e-05,120,0.45,0.55,True,95.4,3,0.004544840474193351,0.06741543201814663,0.19669758876527105,
964,100,4,33.4,39.0,44.3,4.2,1e-07,25,0.60,0.45,True,82.0,3,0.006024766876707123,0.07761937178763509,0.9977643565429467,
961,100,4,71.7,22.2,68.9,2.95,1e-07,25,center,center,False,102.80000000000001,3,0.02726177611181975,0.16511140515367118,10.313599585187486,vittima non trovata entro 15 minuti
971,100,4,18.4,39.1,36.6,2.93,1e-07,80,center,center,True,68.5,3,0.018635814124002417,0.13651305477500097,3.6453965916025695,
969,100,4,27.1,43.2,44.1,2.12,1e-07,50,0.60,0.45,True,81.10000000000001,3,0.004755620012044472,0.06896100356030553,1.248507724017209,
963,100,4,67.6,44.5,74.0,2.2,1e-07,25,0.45,0.55,True,104.0,3,0.019468138894305667,0.139528272741784,0.448980570890483,
965,100,4,40.1,46.6,54.5,2.08,1e-07,25,0.60,0.58,True,104.30000000000001,3,0.0058730652455788995,0.07663592659829266,0.09586788370643545,
974,100,4,42.4,37.8,49.8,2.83,1e-07,80,0.60,0.45,True,94.4,3,0.0030854779084302053,0.05554707830687592,0.6901496432374138,
970,100,4,77.9,36.2,79.3,2.89,1e-07,50,0.60,0.58,True,108.7,3,0.003213345600547506,0.05668637932120472,0.22232649037131455,
966,100,4,76.9,66.3,94.5,4.12,1e-07,50,center,center,True,116.2,3,0.003992747700285434,0.06318819272843175,0.04164321232901086,
985,100,4,45.2,14.5,41.3,1.12,1e-06,25,0.60,0.58,True,72.5,3,0.008315334681889934,0.0911884569553073,0.5739280454720698,
973,100,4,57.4,42.0,64.2,2.02,1e-07,80,0.45,0.55,True,105.60000000000001,3,0.003727630830390299,0.061054326876891364,0.08616269207964629,
968,100,4,67.4,42.8,72.9,4.81,1e-07,50,0.45,0.55,True,115.7,3,0.006457066892547523,0.08035587652777812,0.18666008989939845,
988,100,4,10.9,44.4,39.9,3.93,1e-06,50,0.45,0.55,True,73.5,3,0.013671846218379444,0.11692667026123443,1.2371735366612084,
980,100,4,54.8,14.4,50.7,3.94,1e-07,120,0.60,0.58,False,89.4,3,0.02876570928412637,0.16960456740349408,11.160935787166931,vittima non trovata entro 15 minuti
972,100,4,52.6,57.7,71.1,3.31,1e-07,80,0.35,0.40,True,111.5,3,0.004071424509955284,0.06380771512877799,0.2912757187800393,
981,100,4,57.8,26.0,56.8,2.64,1e-06,25,center,center,True,91.30000000000001,3,0.00038472636423165824,0.019614442745886466,1.6606549493843181,
975,100,4,12.2,64.4,59.8,1.05,1e-07,80,0.60,0.58,True,105.80000000000001,3,0.00639179692845369,0.07994871436398268,0.05866993953755357,
976,100,4,78.7,51.3,87.0,2.72,1e-07,120,center,center,True,112.4,3,0.035010348685527784,0.1871105253200038,2.510686995096687,
977,100,4,49.0,76.2,83.7,2.63,1e-07,120,0.35,0.40,True,108.5,3,0.0019797072419894244,0.044493901177458293,0.723827558428729,
967,100,4,70.0,9.4,65.2,2.09,1e-07,50,0.35,0.40,True,130.0,3,0.017771497638493974,0.1333097807308,8.117922513516108,
982,100,4,24.6,64.0,62.1,4.65,1e-06,25,0.35,0.40,True,102.80000000000001,3,0.0060840407406996585,0.07800026115789395,0.7023540233654962,
978,100,4,56.7,65.6,79.6,3.2,1e-07,120,0.45,0.55,True,116.0,3,0.003877695649462903,0.06227114620322082,0.1595997939804779,
983,100,4,46.0,70.4,77.2,3.03,1e-06,25,0.45,0.55,True,107.4,3,0.0017925916288180851,0.042339008358936385,1.368873134318007,
1008,100,4,17.9,10.2,13.9,4.29,1e-05,50,0.45,0.55,True,20.400000000000002,3,0.013494153200423154,0.11616433704206792,0.9155173039302884,
989,100,4,40.8,67.6,72.1,2.07,1e-06,50,0.60,0.45,True,94.2,3,0.006504325187438761,0.0806493966960619,0.025965609442754445,
993,100,4,19.9,52.2,49.5,1.47,1e-06,80,0.45,0.55,True,85.80000000000001,3,0.007945330587788861,0.08913658389117715,1.1334650111656146,
1011,100,4,13.5,28.4,24.8,3.01,1e-05,80,center,center,True,35.0,3,0.006280824020041338,0.07925164995153942,3.593876064549839,
990,100,4,59.8,71.3,86.0,1.19,1e-06,50,0.60,0.58,True,107.80000000000001,3,0.005029565350532429,0.070919428582952,0.7736963507994876,
986,100,4,62.6,77.5,92.6,1.71,1e-06,50,center,center,True,120.10000000000001,3,0.007515431203338236,0.08669158669293253,0.32600527662611495,
987,100,4,74.4,63.1,90.5,3.79,1e-06,50,0.35,0.40,True,123.60000000000001,3,0.014230900521236522,0.11929333812596797,1.538574572204524,
984,100,4,77.5,57.1,89.3,3.54,1e-06,25,0.60,0.45,True,140.3,3,0.008032646252753815,0.08962503139611062,0.2290278240190035,
994,100,4,58.3,41.2,64.4,1.93,1e-06,80,0.60,0.45,True,108.7,3,0.0033170620144038036,0.0575939407785559,0.17877009419114312,
991,100,4,74.8,62.9,90.7,4.68,1e-06,80,center,center,True,124.0,3,0.00735423509112147,0.08575683699345184,0.053249614148862236,
1004,100,4,48.9,19.4,46.2,3.55,1e-05,25,0.60,0.45,True,69.7,3,0.035754690523994936,0.18908910736474202,5.021434768171051,
1003,100,4,40.5,21.8,39.2,1.79,1e-05,25,0.45,0.55,True,61.900000000000006,3,0.0019374574314043182,0.04401655860473781,0.33079670298357905,
1002,100,4,11.9,59.5,54.9,4.03,1e-05,25,0.35,0.40,True,70.0,3,0.004479650366583255,0.06693019024762484,0.4853348531689248,
999,100,4,52.6,28.1,52.9,3.3,1e-06,120,0.60,0.45,True,89.0,3,0.022384575132362562,0.1496147557307185,2.1441343403117994,
992,100,4,77.8,23.8,75.2,3.59,1e-06,80,0.35,0.40,True,128.20000000000002,3,0.031899434714288556,0.17860412849172483,1.3739891750104787,
1001,100,4,67.4,43.2,73.2,4.43,1e-05,25,center,center,True,83.5,3,0.046038921134932326,0.21456682207399244,0.5475500106494384,
1000,100,4,12.7,46.4,42.1,3.68,1e-06,120,0.60,0.58,True,75.3,3,0.020756465203767435,0.1440710422110128,1.6079352465777115,
1007,100,4,42.2,15.1,38.6,5.0,1e-05,50,0.35,0.40,True,63.400000000000006,3,0.006147467781117475,0.078405789206649,1.7184839727020726,
995,100,4,34.6,76.3,77.2,3.07,1e-06,80,0.60,0.58,True,105.80000000000001,3,0.003153905782428869,0.05615964549771365,0.1971654516012262,
997,100,4,50.0,65.2,75.1,3.29,1e-06,120,0.35,0.40,True,104.7,3,0.002121930709090565,0.04606441912246984,0.009210878563705014,
996,100,4,80.6,10.3,75.8,3.59,1e-06,120,center,center,True,122.0,3,0.004530342015990733,0.06730781541537902,0.20080680267972434,
1028,100,4,16.1,14.5,14.6,2.19,1e-07,50,0.45,0.55,True,15.3,3,0.001013912222136751,0.03184198835086702,0.4644772197492711,
1025,100,4,19.7,13.1,16.8,4.39,1e-07,25,0.60,0.58,True,27.700000000000003,3,0.002337721149398011,0.04834998603306945,1.0560422863065149,
1012,100,4,35.0,62.5,64.9,3.33,1e-05,80,0.35,0.40,True,77.7,3,0.008423760262581872,0.09178104522493667,0.08185196796785255,
1018,100,4,26.9,35.4,37.5,4.2,1e-05,120,0.45,0.55,True,57.6,3,0.042123566083698855,0.2052402642848105,1.7208926568556853,
1005,100,4,52.1,80.5,89.0,3.22,1e-05,25,0.60,0.58,True,94.10000000000001,3,0.0042890748235297725,0.06549102857284937,0.4904231122919933,
1017,100,4,47.8,17.0,44.5,3.22,1e-05,120,0.35,0.40,True,71.60000000000001,3,0.02245138958744884,0.14983787767933995,1.7691955086977367,
998,100,4,64.8,54.4,77.6,4.54,1e-06,120,0.45,0.55,True,114.80000000000001,3,0.006525448737944095,0.08078024967740627,0.10206907045602659,
1006,100,4,61.5,79.9,93.8,1.6,1e-05,50,center,center,True,91.4,3,0.013606421066004714,0.11664656474155043,0.29422710512612393,
1010,100,4,71.1,48.6,79.2,1.97,1e-05,50,0.60,0.58,True,89.80000000000001,3,0.007132844426129431,0.08445616866830646,0.3854598513982029,
1013,100,4,68.7,57.4,82.5,2.46,1e-05,80,0.45,0.55,True,90.60000000000001,3,0.01384775531532961,0.11767648582163562,0.23342796920143374,
1020,100,4,54.2,36.8,58.6,1.29,1e-05,120,0.60,0.58,True,68.8,3,0.004450384689129491,0.06671120362524942,0.037963753555754584,
1015,100,4,41.9,60.0,66.2,4.63,1e-05,80,0.60,0.58,True,79.60000000000001,3,0.003641080265461581,0.06034136446469852,0.15497338290270865,
1016,100,4,47.7,49.7,61.9,4.48,1e-05,120,center,center,True,84.9,3,0.006708023049196,0.08190252162904388,0.11511624886798351,
1009,100,4,63.4,64.3,83.2,3.68,1e-05,50,0.60,0.45,True,103.5,3,0.003473366584617164,0.0589352745358598,0.22592708227588285,
1014,100,4,74.8,74.9,98.8,2.37,1e-05,80,0.60,0.45,True,103.30000000000001,3,0.004192125617049986,0.06474662629859557,5.508367823788856,
1026,100,4,25.7,23.3,27.6,3.09,1e-07,50,center,center,True,54.5,3,0.011328061384650813,0.10643336593686593,4.5899155088571835,
1043,100,4,9.2,23.7,19.1,1.65,1e-06,25,0.45,0.55,True,28.1,3,0.0029843270684666943,0.05462899475980401,0.6659685451767899,
1048,100,4,19.1,9.1,14.7,4.49,1e-06,50,0.45,0.55,True,21.1,3,0.014072187030547701,0.118626249331873,0.885223363045853,
1046,100,4,27.3,12.1,23.4,4.45,1e-06,50,center,center,True,35.0,3,0.0011745582836333842,0.034271829300948964,1.5095131313717889,
1044,100,4,26.8,15.6,24.3,4.48,1e-06,25,0.60,0.45,True,48.800000000000004,3,0.023562022758514517,0.15349925979793685,2.474551037181396,
1019,100,4,80.7,41.3,84.0,1.07,1e-05,120,0.60,0.45,True,125.80000000000001,3,0.006962244821496308,0.08344006724287983,0.23009469526940826,
1049,100,4,14.5,31.5,28.2,1.65,1e-06,50,0.60,0.45,True,54.300000000000004,3,0.0016179459829531923,0.04022369926987313,1.5710723519162404,
1036,100,4,46.8,16.7,43.4,3.82,1e-07,120,center,center,True,80.2,3,0.002336489797166064,0.048337250616538624,0.29236716793248385,
1022,100,4,40.1,50.5,57.5,4.32,1e-07,25,0.35,0.40,True,112.9,3,0.006548850678404827,0.0809249694371572,0.1739045092179945,
1024,100,4,73.4,55.1,84.8,3.06,1e-07,25,0.60,0.45,True,112.10000000000001,3,0.0012652403001406165,0.0355702164758751,0.20556815823883326,
1029,100,4,50.7,39.5,57.2,1.63,1e-07,50,0.60,0.45,True,100.4,3,0.0032112299473104904,0.056667715211666074,0.17438301346456328,
1034,100,4,55.5,15.4,51.6,1.03,1e-07,80,0.60,0.45,True,92.30000000000001,3,0.0024609276280999405,0.04960773758296119,0.47180653081727486,
1021,100,4,9.3,60.0,55.1,3.5,1e-07,25,center,center,True,125.10000000000001,3,0.0041894655643268785,0.06472608102092138,4.340843305082748,
1030,100,4,14.4,71.2,66.9,1.19,1e-07,50,0.60,0.58,True,103.0,3,0.004041070818856619,0.06356941732355754,0.136624420190952,
1023,100,4,54.2,51.3,67.5,2.37,1e-07,25,0.45,0.55,True,116.2,3,0.0019254511999427292,0.043879963536251135,0.16105354838095937,
1027,100,4,79.5,55.5,90.0,2.74,1e-07,50,0.35,0.40,True,124.30000000000001,3,0.006838438133348508,0.08269484949710296,1.1485416673030133,
1039,100,4,80.9,42.8,84.8,2.95,1e-07,120,0.60,0.45,True,110.10000000000001,3,0.020043338884680184,0.14157449941525552,1.463322889411605,
1035,100,4,63.2,66.5,84.7,3.94,1e-07,80,0.60,0.58,True,110.5,3,0.006130291502617515,0.07829617808435808,0.10941635122151197,
1040,100,4,51.7,13.8,47.5,2.6,1e-07,120,0.60,0.58,True,92.7,3,0.0018809923907616862,0.04337040916064415,0.9093301559652349,
1050,100,4,31.6,40.3,44.2,3.91,1e-06,50,0.60,0.58,True,86.30000000000001,3,0.008588491252478018,0.09267411317341007,0.4872976824988918,
1053,100,4,31.4,29.9,36.3,2.35,1e-06,80,0.45,0.55,True,65.9,3,0.01618095569316153,0.12720438551072652,0.6734681583271891,
1047,100,4,39.4,31.0,43.1,2.43,1e-06,50,0.35,0.40,True,86.30000000000001,3,0.010163040651923347,0.1008119072923598,0.7589136996576632,
1038,100,4,56.1,40.9,62.4,2.44,1e-07,120,0.45,0.55,True,106.0,3,0.004166658344585861,0.06454965797419736,0.2589619945933329,
1031,100,4,51.3,72.9,82.2,4.84,1e-07,80,center,center,True,116.7,3,0.011922188363672741,0.10918877398191053,3.740392755951377,
1037,100,4,76.5,79.7,103.4,4.63,1e-07,120,0.35,0.40,True,118.4,3,0.03779135835328025,0.19439999576460965,3.291003376830986,
1041,100,4,19.3,49.1,46.3,3.56,1e-06,25,center,center,True,98.30000000000001,3,0.0211023280522938,0.14526640372878308,3.911770525668856,
1042,100,4,49.2,17.3,45.9,2.12,1e-06,25,0.35,0.40,True,102.2,3,0.03354755987859151,0.18315992978430493,1.14075140467859,
1032,100,4,77.0,17.8,73.1,1.87,1e-07,80,0.35,0.40,True,125.80000000000001,3,0.012382378940447903,0.11127613823478914,2.394619346204851,
1033,100,4,75.1,63.7,91.4,2.37,1e-07,80,0.45,0.55,True,125.2,3,0.003277039714808343,0.05724543400838483,0.1893106753067039,
1082,100,4,13.8,16.2,14.2,2.6,1e-07,25,0.35,0.40,True,16.0,3,0.006086443183488692,0.07801565986062473,0.39372650802168246,
1045,100,4,44.3,76.5,81.6,3.32,1e-06,25,0.60,0.58,True,118.9,3,0.00044295218643805383,0.021046429303757296,0.24392016795715757,
1055,100,4,34.1,55.7,58.5,1.24,1e-06,80,0.60,0.58,True,90.10000000000001,3,0.0032378860596871295,0.056902425780340236,0.24655395009026185,
1056,100,4,38.0,46.7,53.2,3.02,1e-06,120,center,center,True,88.0,3,0.023067896660846084,0.1518811925843555,2.311874731231716,
1086,100,4,12.3,9.7,8.7,3.43,1e-07,50,center,center,True,0.30000000000000004,3,0.0001703811882991341,0.013053014529185742,2.532155752869157,
1079,100,4,19.1,16.7,18.3,3.93,1e-05,120,0.60,0.45,True,22.900000000000002,3,0.01283391164682588,0.11328685557833212,2.0326531523783147,
1054,100,4,51.7,39.7,58.2,3.33,1e-06,80,0.60,0.45,True,99.2,3,0.004281048058905425,0.06542971846879234,0.1247891389619489,
1051,100,4,65.0,51.3,75.8,4.31,1e-06,80,center,center,True,114.5,3,0.0046049714509920625,0.06785993995717991,0.1524561003906878,
1052,100,4,60.5,30.6,61.1,2.7,1e-06,80,0.35,0.40,True,113.30000000000001,3,0.006477305370046383,0.080481708294782,0.9853285177957171,
1065,100,4,32.5,27.8,35.7,2.51,1e-05,25,0.60,0.58,True,59.2,3,0.0017799965545227871,0.042190005386617185,0.8280851243833298,
1078,100,4,17.2,27.6,25.7,2.94,1e-05,120,0.45,0.55,True,47.0,3,0.0038860732150832467,0.062338376744051065,1.2321168065983361,
1059,100,4,61.8,13.3,57.4,3.09,1e-06,120,0.60,0.45,False,89.7,3,0.004560100155802823,0.06752851365018205,11.89830711209799,vittima non trovata entro 15 minuti
1076,100,4,32.8,23.3,33.3,3.64,1e-05,120,center,center,True,55.1,3,0.0038411152186141884,0.0619767312675829,0.04240504692870552,
1061,100,4,57.6,51.0,69.8,1.47,1e-05,25,center,center,True,88.7,3,0.007699255379285581,0.0877454009010477,0.08598317220046998,
1062,100,4,69.6,52.3,80.1,3.49,1e-05,25,0.35,0.40,True,88.7,3,0.03514727967771189,0.18747607761448362,2.0975303430624117,
1057,100,4,66.7,52.8,78.1,3.04,1e-06,120,0.35,0.40,True,113.2,3,0.007901920213336777,0.08889274556079803,1.244682431481342,
1067,100,4,14.7,63.2,59.0,2.16,1e-05,50,0.35,0.40,True,71.0,3,0.03634672336419491,0.1906481664328165,0.7500058091810876,
1071,100,4,47.0,12.9,42.7,4.95,1e-05,80,center,center,True,69.9,3,0.0018195811789877144,0.04265654907499802,0.3479802499614977,
1075,100,4,49.1,23.9,48.0,3.94,1e-05,80,0.60,0.58,True,68.10000000000001,3,0.018610228441907364,0.13641931110333083,0.9526047977174811,
1058,100,4,52.6,51.0,66.2,2.24,1e-06,120,0.45,0.55,True,100.10000000000001,3,0.0014069213401510952,0.0375089501339493,0.1114535760254151,
1068,100,4,71.9,27.1,70.5,2.15,1e-05,50,0.45,0.55,False,82.60000000000001,3,0.01970352682310667,0.1403692517010284,10.74951086566262,vittima non trovata entro 15 minuti
1069,100,4,53.3,14.4,49.2,2.46,1e-05,50,0.60,0.45,True,76.80000000000001,3,0.02827458140904467,0.16815047252102705,3.3254170622367596,
1066,100,4,43.6,54.1,62.5,3.06,1e-05,50,center,center,True,82.60000000000001,3,0.0028802911490133525,0.053668344012214056,3.5596932040127003,
1074,100,4,43.1,22.2,41.8,4.1,1e-05,80,0.60,0.45,True,67.2,3,0.011135334052525878,0.10552409228477579,2.4607082284066197,
1064,100,4,70.6,62.1,86.9,3.83,1e-05,25,0.60,0.45,True,104.4,4,0.004448855437860304,0.06669974091299234,0.17313149573573583,
1070,100,4,34.9,64.9,67.0,2.37,1e-05,50,0.60,0.58,True,76.2,3,0.006299054529189237,0.07936658320218426,0.04623052710286113,
1073,100,4,32.6,72.5,72.9,4.58,1e-05,80,0.45,0.55,True,77.60000000000001,3,0.0012274386812577776,0.035034820982242476,1.7889434919262543,
1084,100,4,32.3,16.2,29.5,4.45,1e-07,25,0.60,0.45,True,48.900000000000006,3,0.0010210624732975096,0.031954068180710726,2.6357283856806504,
1060,100,4,75.7,50.7,84.2,3.95,1e-06,120,0.60,0.58,True,111.80000000000001,3,0.003810923635450333,0.06173267882937151,0.2767355626767966,
1107,100,4,11.5,17.5,14.1,2.81,1e-06,50,0.35,0.40,True,14.0,3,0.004289156251433383,0.06549165024209867,0.19868309146206087,
1077,100,4,63.2,75.4,91.4,4.37,1e-05,120,0.35,0.40,True,93.5,3,0.006464665864176445,0.08040314585995031,0.49745649035097517,
1092,100,4,24.7,18.8,24.0,2.61,1e-07,80,0.35,0.40,True,45.300000000000004,3,0.0039800182104413094,0.06308738550963504,0.41238993509809463,
1072,100,4,50.4,71.2,80.2,4.72,1e-05,80,0.35,0.40,True,94.10000000000001,3,0.0028507142816868447,0.05339208070198093,0.2617170271062647,
1080,100,4,49.8,58.3,69.6,4.37,1e-05,120,0.60,0.58,True,96.4,3,0.003519197782242076,0.05932282682275075,0.11514325242016646,
1083,100,4,43.8,17.7,40.8,3.74,1e-07,25,0.45,0.55,True,78.9,3,0.002442826670010329,0.049424959989971956,0.19283141699491976,
1098,100,4,32.5,9.1,27.8,2.38,1e-07,120,0.45,0.55,True,49.6,3,0.001231160987463626,0.03508790371999482,0.2894732708219216,
1063,100,4,78.4,10.0,73.6,1.92,1e-05,25,0.45,0.55,True,146.1,3,0.024225008646026846,0.1556438519377712,1.323135758315418,
1106,100,4,21.4,31.9,31.5,2.32,1e-06,50,center,center,True,53.0,3,0.04557848859670377,0.21349119091124993,2.555320257893706,
1085,100,4,44.2,31.6,47.3,1.2,1e-07,25,0.60,0.58,True,92.5,3,0.0027325252549211193,0.05227356172025319,0.24366369015495218,
1096,100,4,34.6,20.6,33.5,4.64,1e-07,120,center,center,True,66.9,3,0.003116008846084378,0.05582122218372129,0.5681527090394156,
1102,100,4,44.2,10.4,39.6,1.06,1e-06,25,0.35,0.40,True,65.7,3,0.03313943724182655,0.18204240506493688,0.6871366992317914,
1087,100,4,26.2,50.4,50.1,3.98,1e-07,50,0.35,0.40,True,93.30000000000001,3,0.0030047768961252346,0.05481584530156618,0.2269479352690509,
1089,100,4,51.7,61.7,73.4,3.23,1e-07,50,0.60,0.45,True,90.80000000000001,3,0.003137265775532636,0.05601130042708021,0.1375319047551924,
1081,100,4,44.7,64.8,71.8,3.86,1e-07,25,center,center,True,121.60000000000001,3,0.011761620402395931,0.1084510046168127,2.4677456088802865,
1115,100,4,18.8,20.6,20.8,2.3,1e-06,80,0.60,0.58,True,37.0,3,0.0023156630706319486,0.048121336958068285,0.797630184904638,
1088,100,4,32.4,76.7,76.8,4.69,1e-07,50,0.45,0.55,True,104.9,3,0.025578308246245636,0.15993219890392815,1.8258255982089309,
1099,100,4,48.9,10.5,44.2,4.43,1e-07,120,0.60,0.45,True,79.0,3,0.01863291586780822,0.13650243905442944,2.6272525165466183,
1094,100,4,24.4,54.6,53.3,2.44,1e-07,80,0.60,0.45,True,86.0,3,0.007144519400353992,0.08452525894875444,0.13629439395753987,
1091,100,4,43.5,40.9,52.6,4.72,1e-07,80,center,center,True,103.80000000000001,3,0.004364115734177806,0.06606145422391038,0.22322688978625485,
1093,100,4,51.8,15.7,48.0,4.18,1e-07,80,0.45,0.55,True,92.5,3,0.0021688781521582664,0.0465712159188298,0.07916052180805416,
1090,100,4,77.1,19.7,73.6,3.89,1e-07,50,0.60,0.58,True,118.10000000000001,3,0.005372522851733373,0.07329749553520484,0.06414032350062712,
1112,100,4,16.8,41.6,38.4,2.01,1e-06,80,0.35,0.40,True,67.60000000000001,3,0.011465308881544262,0.10707618260633063,0.16311524682820552,
1108,100,4,50.7,12.9,46.4,1.71,1e-06,50,0.45,0.55,True,84.30000000000001,3,0.004965610790852939,0.07046709012619252,0.23826462689065142,
1095,100,4,50.1,73.8,82.2,4.54,1e-07,80,0.60,0.58,True,103.10000000000001,3,0.0020320981982582752,0.045078799875975795,0.07071546188180282,
1103,100,4,58.5,15.3,54.5,1.15,1e-06,25,0.45,0.55,True,97.60000000000001,3,0.0011777004891479913,0.03431764107784786,0.3630288816723671,
1097,100,4,53.8,66.1,78.2,4.66,1e-07,120,0.35,0.40,True,108.2,3,0.007131782458420948,0.08444988134047879,0.18826488458500432,
1100,100,4,72.7,46.5,79.4,1.56,1e-07,120,0.60,0.58,True,107.7,3,0.0028079912514259804,0.05299048264949075,0.13144906774681037,
1105,100,4,30.9,76.6,76.1,2.52,1e-06,25,0.60,0.58,True,105.2,3,0.0013339311397012493,0.036523022050499176,0.39332986829802963,
1104,100,4,68.3,53.4,79.7,4.63,1e-06,25,0.60,0.45,True,116.2,3,0.004590612417272667,0.06775405830850774,0.07962944029740458,
1109,100,4,53.1,63.5,75.7,3.27,1e-06,50,0.60,0.45,True,101.7,3,0.0020266374581860286,0.04501819030332104,0.28471208528589736,
1101,100,4,73.9,62.7,89.9,4.35,1e-06,25,center,center,True,122.60000000000001,3,0.0039566390107063625,0.06290182040852524,0.49557520007912254,
1114,100,4,50.1,31.1,52.1,2.92,1e-06,80,0.60,0.45,True,88.2,3,0.003480975114777149,0.058999789107904016,0.745880885172137,
1110,100,4,40.5,59.6,65.1,4.3,1e-06,50,0.60,0.58,True,103.5,3,0.0028522878702021983,0.053406814829216304,0.055544480205944026,
1122,100,4,43.4,17.9,40.5,4.32,1e-05,25,0.35,0.40,True,69.7,3,0.03656890950599245,0.19122999112584943,0.6121991297717633,
1111,100,4,63.6,51.2,74.7,3.52,1e-06,80,center,center,True,114.30000000000001,3,0.004400263638458517,0.06633448302699371,0.14349827060423925,
1134,100,4,18.8,28.7,27.4,2.49,1e-05,80,0.60,0.45,True,40.800000000000004,3,0.0024669564775083455,0.049668465624663156,2.340207236550882,
1124,100,4,23.0,78.0,75.2,1.52,1e-05,25,0.60,0.45,False,69.8,3,0.021511023134591075,0.14666636674640535,12.904998645417646,vittima non trovata entro 15 minuti
1126,100,4,31.6,54.2,55.9,2.43,1e-05,50,center,center,True,65.3,3,0.0037637126203913024,0.061349104479130764,1.660847328385752,
1143,100,4,15.0,15.7,14.6,2.36,1e-07,25,0.45,0.55,True,16.1,3,0.013338578066875405,0.11549276196747311,0.6237922234177664,
1113,100,4,67.8,15.5,63.7,1.41,1e-06,80,0.45,0.55,True,103.0,3,0.004645389770110172,0.06815709625644399,0.09800571088423841,
1128,100,4,65.4,9.4,60.6,1.71,1e-05,50,0.45,0.55,True,74.5,3,0.02477246350083094,0.15739270472557151,3.435729125894954,
1116,100,4,38.5,56.8,61.7,4.01,1e-06,120,center,center,True,98.30000000000001,3,0.011959549696338827,0.10935972611678774,2.9569446505294232,
1121,100,4,74.8,41.0,78.5,4.12,1e-05,25,center,center,True,87.9,3,0.008997869408736554,0.09485709993846825,0.13258365961315277,
1133,100,4,31.5,15.9,28.6,4.91,1e-05,80,0.45,0.55,True,56.2,3,0.0009808530648875728,0.03131857380034367,2.043186112722172,
1119,100,4,34.3,65.3,67.0,4.18,1e-06,120,0.60,0.45,True,93.5,3,0.0033677848256797524,0.05803261863538257,0.14149480981533027,
1125,100,4,46.7,66.8,74.5,3.45,1e-05,25,0.60,0.58,True,84.5,3,0.008657964352987253,0.093048182964458,0.25887045963805,
1120,100,4,52.8,11.2,48.2,3.17,1e-06,120,0.60,0.58,True,88.10000000000001,3,0.01175539965131495,0.10842232081686386,1.782278780703322,
1117,100,4,32.3,73.2,73.4,4.62,1e-06,120,0.35,0.40,True,103.2,3,0.00207883830497928,0.045594279301018455,0.06371912117148781,
1118,100,4,44.3,60.1,67.7,1.62,1e-06,120,0.45,0.55,True,102.5,3,0.0021548420185465763,0.046420275942163206,0.7537369743719528,
1127,100,4,64.4,56.8,78.7,2.24,1e-05,50,0.35,0.40,True,89.60000000000001,3,0.003989925413869958,0.06316585639307012,0.7712447651987168,
1131,100,4,41.0,46.1,54.6,3.45,1e-05,80,center,center,True,76.60000000000001,3,0.03431075865778009,0.18523163514308266,3.10401383413744,
1135,100,4,39.9,46.0,53.9,1.76,1e-05,80,0.60,0.58,True,64.4,3,0.004156001896492067,0.06446706055414708,0.13658663495528625,
1132,100,4,21.2,65.9,63.1,4.34,1e-05,80,0.35,0.40,True,76.7,3,0.0014101429369083728,0.03755186995221906,0.9872089658843541,
1123,100,4,71.3,58.9,85.4,4.6,1e-05,25,0.45,0.55,True,101.9,3,0.002364692109046195,0.04862809999420289,0.742988180689388,
1137,100,4,20.9,44.7,42.7,2.36,1e-05,120,0.35,0.40,True,59.900000000000006,3,0.0061216296972633625,0.07824084417529864,0.3969011466591508,
1166,100,4,11.5,13.3,10.5,4.74,1e-06,50,center,center,True,7.1000000000000005,3,0.05821288322865961,0.24127346150925844,3.701596596250584,
1138,100,4,60.8,20.9,58.0,2.63,1e-05,120,0.45,0.55,True,75.10000000000001,3,0.002565728328306826,0.05065301894563468,0.13074721514024298,
1129,100,4,80.4,72.1,101.0,1.44,1e-05,50,0.60,0.45,True,102.9,3,0.029943804348729307,0.17304278184521107,1.7107548758530755,
1147,100,4,13.7,37.4,33.5,4.11,1e-07,50,0.35,0.40,True,54.1,3,0.005533383452987169,0.0743867155679505,0.3358001402515728,
1136,100,4,46.1,48.0,59.5,2.54,1e-05,120,center,center,True,91.7,3,0.003938196295572513,0.0627550499607204,0.13337036956363488,
1130,100,4,77.4,51.7,86.1,1.1,1e-05,50,0.60,0.58,True,119.9,3,0.02048775453230788,0.1431354412167297,0.18719911860662117,
1139,100,4,67.1,36.5,69.6,2.43,1e-05,120,0.60,0.45,True,99.2,3,0.002243373930746379,0.04736426850217766,0.19024863557061905,
1150,100,4,31.7,27.9,35.2,3.82,1e-07,50,0.60,0.58,True,64.9,3,0.004755247208603978,0.06895830050547923,0.7627156960884776,
1140,100,4,72.7,40.3,76.3,1.23,1e-05,120,0.60,0.58,True,100.5,3,0.012900356186589019,0.11357973492920741,0.1570832121821165,
1160,100,4,25.4,22.1,26.6,2.29,1e-07,120,0.60,0.58,True,50.5,3,0.0018391854603191816,0.04288572560094071,0.6377415719446053,
1158,100,4,26.6,27.6,31.3,2.89,1e-07,120,0.45,0.55,True,56.5,3,0.018188141456613825,0.1348634177848605,1.0598743932377286,
1155,100,4,45.5,15.3,41.8,4.84,1e-07,80,0.60,0.58,True,77.0,3,0.0009749304691052148,0.031223876586759926,1.158227502067206,
1168,100,4,13.7,30.9,27.3,3.76,1e-06,50,0.45,0.55,True,53.5,3,0.002606330605159521,0.051052234085880326,2.064517729661234,
1141,100,4,43.8,66.8,72.9,2.3,1e-07,25,center,center,True,107.5,3,0.0056025969226190546,0.07485049714343288,1.8323209592650014,
1163,100,4,20.2,39.6,37.8,2.07,1e-06,25,0.45,0.55,True,67.10000000000001,3,0.012802812705782993,0.11314951482787274,1.327067504551591,
1145,100,4,27.8,64.7,63.9,2.12,1e-07,25,0.60,0.58,True,102.10000000000001,3,0.004916823649757246,0.07012006595659509,0.22125512044159942,
1172,100,4,18.9,16.3,17.9,3.13,1e-06,80,0.35,0.40,True,36.4,3,0.008894166964190974,0.09430889122554126,0.16675230895355772,
1144,100,4,57.6,67.1,81.4,1.28,1e-07,25,0.60,0.45,True,109.2,3,0.0046284095191247,0.06803241520866872,0.3697631487245304,
1149,100,4,51.5,76.4,85.2,4.36,1e-07,50,0.60,0.45,True,95.30000000000001,3,0.003428974418562277,0.0585574454579627,0.26424139176739014,
1142,100,4,76.5,63.5,92.4,2.68,1e-07,25,0.35,0.40,True,120.80000000000001,3,0.007039062721261147,0.08389912229136337,0.8515032782937105,
1148,100,4,62.1,17.8,58.5,2.31,1e-07,50,0.45,0.55,True,99.10000000000001,3,0.0015842114774290291,0.03980215418076048,0.26146531544655466,
1152,100,4,28.0,49.0,49.6,2.88,1e-07,80,0.35,0.40,True,93.10000000000001,3,0.006913070922246918,0.08314487911018284,0.24424946823096777,
1151,100,4,32.1,50.1,52.6,2.1,1e-07,80,center,center,True,94.5,3,0.002053651511944627,0.04531723195369094,1.8056106320502787,
1156,100,4,34.9,40.9,46.7,4.34,1e-07,120,center,center,True,86.80000000000001,3,0.03459881563733029,0.18600756876355942,3.4787453813590874,
1154,100,4,51.6,16.2,48.0,1.88,1e-07,80,0.60,0.45,True,93.60000000000001,3,0.008091035610248971,0.08995018404788825,1.2244803204407972,
1146,100,4,35.2,55.9,59.2,4.9,1e-07,50,center,center,True,104.60000000000001,3,0.008453884766630304,0.09194500947104364,4.112727528670755,
1153,100,4,18.9,66.7,63.3,4.22,1e-07,80,0.45,0.55,True,102.5,3,0.0021292199270925545,0.04614347112097826,1.4042989204504919,
1180,100,4,20.2,13.5,17.4,2.09,1e-06,120,0.60,0.58,True,28.0,3,0.002918247413445258,0.054020805375755536,0.6684953616749485,
1161,100,4,57.8,10.2,53.1,1.55,1e-06,25,center,center,True,103.9,3,0.02186683235114112,0.147874380306871,0.798249296494869,
1164,100,4,78.3,25.1,76.0,3.58,1e-06,25,0.60,0.45,True,111.4,3,0.0037516074084985996,0.06125036659889147,0.26256467903086633,
1159,100,4,69.4,12.9,64.9,2.26,1e-07,120,0.60,0.45,True,116.7,3,0.018308180856949047,0.13530772652346593,2.3191823523837676,
1162,100,4,61.4,55.3,75.5,2.68,1e-06,25,0.35,0.40,True,107.7,3,0.006662566811218943,0.08162454784694946,0.04292164132804105,
1157,100,4,72.8,69.8,93.7,2.05,1e-07,120,0.35,0.40,True,122.7,3,0.013657918781772997,0.11686709879933273,0.9526734943967637,
1165,100,4,45.7,57.4,66.3,3.16,1e-06,25,0.60,0.58,True,109.10000000000001,3,0.006218850232143905,0.07885968698989304,0.28408638285526533,
1186,100,4,12.0,35.5,31.3,1.82,1e-05,50,center,center,True,45.1,3,0.007195020511625195,0.08482346675080661,3.0030125023283185,
1170,100,4,40.2,57.5,63.2,3.72,1e-06,50,0.60,0.58,True,95.2,3,0.0016988718578951928,0.04121737325321924,0.15994153791244486,
1167,100,4,56.6,50.7,69.0,4.5,1e-06,50,0.35,0.40,True,115.9,3,0.013862411351633347,0.11773874193158915,1.0241530580260947,
1184,100,4,15.8,52.0,48.2,1.48,1e-05,25,0.60,0.45,True,62.6,3,0.00881959517402929,0.09391269974837956,0.14755239618485902,
1169,100,4,80.5,10.5,75.7,3.65,1e-06,50,0.60,0.45,True,128.8,3,0.0014991917616478233,0.03871939774386765,0.25648938334802796,
1171,100,4,56.2,57.9,73.6,3.97,1e-06,80,center,center,True,105.9,3,0.003524303376133702,0.05936584351404183,0.0944413854539005,
1174,100,4,47.7,43.0,57.2,4.64,1e-06,80,0.60,0.45,True,93.30000000000001,3,0.013702274753363773,0.1170567159686439,0.38716444796705557,
1176,100,4,32.5,44.0,47.7,4.8,1e-06,120,center,center,True,85.4,3,0.003907345168207163,0.06250876073165396,4.155899157547329,
1189,100,4,43.5,24.7,43.3,2.62,1e-05,50,0.60,0.45,True,64.9,3,0.0018080914933240703,0.04252165910831879,2.5340390375875668,
1187,100,4,57.5,14.9,53.4,2.04,1e-05,50,0.35,0.40,True,73.2,3,0.014340413782046889,0.11975146672190236,1.0931109773328291,
1190,100,4,26.8,62.1,61.1,3.39,1e-05,50,0.60,0.58,True,65.0,3,0.003897024577388186,0.062426152992060835,0.16304599455045493,
1173,100,4,57.6,64.5,79.4,4.13,1e-06,80,0.45,0.55,True,107.10000000000001,3,0.004416139834310129,0.06645404302456043,0.22494058566375114,
1191,100,4,27.9,52.2,52.4,2.97,1e-05,80,center,center,True,64.8,3,0.0015286767983691528,0.03909829661723325,2.453379981709768,
1181,100,4,59.0,60.7,77.6,4.83,1e-05,25,center,center,True,85.30000000000001,3,0.0075981753091771955,0.08716751292297605,0.3482892810071401,
1192,100,4,65.3,11.2,60.6,4.68,1e-05,80,0.35,0.40,False,79.2,3,0.03362156605029684,0.18336184458686283,12.615461464269904,vittima non trovata entro 15 minuti
1177,100,4,39.1,42.9,51.0,1.19,1e-06,120,0.35,0.40,True,94.30000000000001,3,0.008027657001034971,0.08959719304216494,0.09266768659072835,
1183,100,4,58.2,15.5,54.2,3.75,1e-05,25,0.45,0.55,True,85.4,3,0.04094073487684806,0.20233816959943088,0.26708034598063535,
1182,100,4,40.4,54.0,60.4,4.25,1e-05,25,0.35,0.40,True,82.5,3,0.005725406800248583,0.07566641791606488,0.18452899713898727,
1188,100,4,64.2,68.2,86.5,1.66,1e-05,50,0.45,0.55,True,85.60000000000001,3,0.001473200129753537,0.0383822892719225,0.20192003059304037,
1175,100,4,72.4,52.7,82.5,2.12,1e-06,80,0.60,0.58,True,116.7,3,0.0032760112953312565,0.057236450757635705,0.23676150068771376,
1195,100,4,51.7,19.9,49.0,2.49,1e-05,80,0.60,0.58,True,67.4,3,0.004802126018862785,0.06929737382370839,1.1790070179672323,
1193,100,4,9.7,64.9,60.1,2.36,1e-05,80,0.45,0.55,True,78.5,3,0.013442995807857558,0.1159439338984906,0.7510598290642503,
1178,100,4,40.3,72.8,76.4,2.75,1e-06,120,0.45,0.55,True,108.0,3,0.0025242380971121727,0.05024179631653483,1.1604452842047073,
1185,100,4,78.6,45.3,83.9,1.24,1e-05,25,0.60,0.58,True,103.4,3,0.0020127234385193945,0.04486338639157096,0.45379470554401097,
1179,100,4,12.8,72.8,68.2,4.41,1e-06,120,0.60,0.45,True,107.7,3,0.005653861439933419,0.07519216342102027,0.05644786493747845,
1194,100,4,70.9,20.8,67.7,3.21,1e-05,80,0.60,0.45,True,94.60000000000001,3,0.03189873398144138,0.17860216678820381,7.541640894954408,
1204,100,5,18.5,21.2,21.1,1.14,1e-07,25,0.60,0.45,True,35.300000000000004,3,0.019014934333767743,0.13789464940224383,1.659142560136867,
1198,100,4,74.2,13.8,69.8,2.5,1e-05,120,0.45,0.55,True,91.5,3,0.010591047280836574,0.1029128139778355,6.5471262894117475,
1196,100,4,71.9,74.9,96.7,1.61,1e-05,120,center,center,True,92.9,3,0.03501228053324128,0.18711568756585129,2.2173628753943038,
1197,100,4,60.9,70.5,86.1,1.91,1e-05,120,0.35,0.40,True,88.80000000000001,3,0.004871298292367974,0.06979468670585157,0.05455786292165077,
1200,100,4,53.7,72.8,83.5,3.39,1e-05,120,0.60,0.58,True,87.4,3,0.003185670583908323,0.056441745046625934,0.4599189885143036,
1227,100,5,13.2,23.9,20.6,4.09,1e-06,50,0.35,0.40,True,28.700000000000003,3,0.005095199366532669,0.07138066521497728,0.11230474371228713,
1206,100,5,29.8,22.2,30.2,3.45,1e-07,50,center,center,True,56.400000000000006,3,0.03653922917072598,0.19115237160633394,1.760205000429159,
1199,100,4,80.0,46.4,85.7,4.86,1e-05,120,0.60,0.45,True,116.60000000000001,3,0.0018131125734054021,0.04258065961684251,0.6494474154254001,
1202,100,5,65.3,18.5,61.8,4.44,1e-07,25,0.35,0.40,False,91.4,3,0.031851357597625744,0.17846948646092348,13.149217065629628,vittima non trovata entro 15 minuti
1226,100,5,22.9,26.0,27.6,2.69,1e-06,50,center,center,True,52.7,3,0.017733707778800723,0.13316796829118,2.9229679712936947,
1230,100,5,22.3,22.5,24.6,2.33,1e-06,50,0.60,0.58,True,41.400000000000006,3,0.005619609428180893,0.07496405424055513,0.4018866593489059,
1201,100,5,41.1,40.1,50.3,4.07,1e-07,25,center,center,True,96.30000000000001,3,0.002806338179078491,0.052974882530105634,0.2577798416641656,
1209,100,5,36.0,54.0,57.9,1.18,1e-07,50,0.60,0.45,True,87.80000000000001,3,0.006956991613016748,0.0834085823702618,0.08183747133313986,
1223,100,5,53.6,9.5,48.8,3.1,1e-06,25,0.45,0.55,False,74.2,3,0.043191595108186515,0.2078258768974319,13.430818620725425,vittima non trovata entro 15 minuti
1212,100,5,48.2,31.4,50.6,3.01,1e-07,80,0.35,0.40,True,90.5,3,0.011794206595373764,0.10860113533188206,0.7883002979449458,
1214,100,5,26.2,56.5,55.7,2.97,1e-07,80,0.60,0.45,True,89.2,3,0.004765601669213433,0.06903333737560015,0.23578295019385556,
1219,100,5,50.8,27.8,51.2,4.79,1e-07,120,0.60,0.45,True,90.60000000000001,3,0.0014161674774628885,0.037632000710338114,1.150126110705036,
1218,100,5,61.8,25.7,60.4,3.76,1e-07,120,0.45,0.55,True,93.0,3,0.005819619708875016,0.07628643201038449,0.5466979047384665,
1211,100,5,15.7,69.1,65.0,3.96,1e-07,80,center,center,True,102.7,3,0.02509544504984039,0.1584154192300749,3.3292412983601958,
1203,100,5,38.3,72.0,74.8,2.04,1e-07,25,0.45,0.55,True,118.9,3,0.009610796282879685,0.09803466878038444,0.9007274737616091,
1215,100,5,45.1,54.3,63.5,4.28,1e-07,80,0.60,0.58,True,99.80000000000001,3,0.0033509259896103032,0.05788718329311164,0.08735327098991694,
1217,100,5,24.2,57.7,56.1,3.69,1e-07,120,0.35,0.40,True,98.7,3,0.012017827258900063,0.10962585123455171,0.21255244705519202,
1205,100,5,67.3,46.2,74.7,1.88,1e-07,25,0.60,0.58,True,115.9,3,0.003988249099267102,0.06315258584782654,0.23072252175336833,
1213,100,5,70.5,31.7,70.7,4.94,1e-07,80,0.45,0.55,True,106.30000000000001,3,0.006312723016458455,0.07945264637794298,0.03454985866152631,
1216,100,5,76.8,40.6,80.1,1.01,1e-07,120,center,center,True,105.9,3,0.03268723991600724,0.18079612804484294,0.4542967926641045,
1207,100,5,63.3,80.7,95.6,3.6,1e-07,50,0.35,0.40,True,114.7,3,0.004873857051056279,0.06981301491166442,0.4490569356449254,
1208,100,5,70.6,31.4,70.7,4.14,1e-07,50,0.45,0.55,True,118.5,3,0.003929705238133651,0.0626873610716997,0.1346067224450343,
1220,100,5,63.9,32.1,64.8,1.3,1e-07,120,0.60,0.58,True,105.9,3,0.003726641869946966,0.061046227319523735,0.12226086367105622,
1210,100,5,74.4,76.8,99.9,2.67,1e-07,50,0.60,0.58,True,120.80000000000001,3,0.007865500849723185,0.08868765894826171,0.2522585124072443,
1221,100,5,57.0,35.3,60.2,3.19,1e-06,25,center,center,True,107.7,3,0.0032111111854767767,0.0566666673228343,0.02324286684447629,
1222,100,5,65.0,61.6,82.5,3.09,1e-06,25,0.35,0.40,True,109.4,3,0.004202766500316787,0.0648287474837883,0.4244415713778017,
1224,100,5,63.4,58.9,79.4,2.55,1e-06,25,0.60,0.45,True,108.0,3,0.008125531873013113,0.09014173213896609,0.06050173005513015,
1236,100,5,31.3,10.4,26.8,2.0,1e-06,120,center,center,True,49.900000000000006,3,0.0010918387301942748,0.033042983070453474,0.10285306283329414,
1229,100,5,36.1,49.1,54.0,3.95,1e-06,50,0.60,0.45,True,82.60000000000001,3,0.024166712529139166,0.1554564650606052,0.33189052655853163,
1228,100,5,68.1,47.6,76.1,1.18,1e-06,50,0.45,0.55,True,98.9,3,0.005167030816048761,0.07188206185168008,0.1900164526881107,
1231,100,5,57.9,29.3,58.2,4.09,1e-06,80,center,center,True,92.80000000000001,3,0.0003472631706662646,0.018634998542158908,0.35642452060690993,
1244,100,5,22.8,15.8,20.8,2.03,1e-05,25,0.60,0.45,True,34.6,3,0.024043873332461663,0.1550608697655913,2.8540408170550475,
1225,100,5,27.4,63.2,62.4,4.16,1e-06,25,0.60,0.58,True,112.7,3,0.0006615482736817529,0.025720580741533675,0.12408338030100269,
1232,100,5,33.1,68.2,69.1,2.31,1e-06,80,0.35,0.40,True,101.80000000000001,3,0.02724493733310865,0.16506040510403652,0.4381171045888166,
1235,100,5,32.8,39.6,44.4,3.98,1e-06,80,0.60,0.58,True,84.10000000000001,3,0.001272183920123873,0.03566768733915718,0.2915005672674351,
1234,100,5,35.0,59.2,62.0,3.28,1e-06,80,0.60,0.45,True,95.10000000000001,3,0.0009700901052057125,0.031146269523102,0.2805947166773521,
1242,100,5,24.6,49.7,48.8,2.79,1e-05,25,0.35,0.40,True,64.0,3,0.002206611644851019,0.04697458509503857,0.2572968920849288,
1266,100,5,11.7,19.1,15.6,2.38,1e-07,50,center,center,True,14.9,3,0.05094541768645862,0.22571091618807146,2.7629529467745066,
1248,100,5,30.8,22.0,30.9,1.91,1e-05,50,0.45,0.55,True,53.800000000000004,3,0.001047882543238738,0.032371013935907814,0.7667411668360159,
1251,100,5,29.0,34.1,37.7,4.57,1e-05,80,center,center,True,54.300000000000004,3,0.04052361245461331,0.20130477504175928,3.5275358523457037,
1233,100,5,59.4,42.6,66.1,1.92,1e-06,80,0.45,0.55,True,109.2,3,0.004983903480254305,0.07059676678329047,0.14194065190496027,
1253,100,5,13.3,45.3,41.2,1.63,1e-05,80,0.45,0.55,True,59.7,3,0.0016234048628753646,0.0402914986427083,0.7251026850127044,
1240,100,5,41.7,24.3,41.5,2.39,1e-06,120,0.60,0.58,True,77.7,3,0.008677413082978843,0.09315263325842615,0.5888750430258313,
1249,100,5,69.3,33.5,70.3,3.72,1e-05,50,0.60,0.45,False,72.3,3,0.042404738551427214,0.20592410871830236,14.19271024478017,vittima non trovata entro 15 minuti
1245,100,5,51.6,18.2,48.5,3.48,1e-05,25,0.60,0.58,True,77.5,3,0.021794756147770523,0.1476304716099306,0.993497086895071,
1243,100,5,60.3,47.1,69.5,3.76,1e-05,25,0.45,0.55,True,80.7,3,0.0017833599380896199,0.042229846531684434,0.18175896329153593,
1250,100,5,12.1,66.5,61.9,4.42,1e-05,50,0.60,0.58,False,66.2,3,0.08408684556911034,0.28997731905980223,20.00600494945219,vittima non trovata entro 15 minuti
1254,100,5,39.0,30.5,42.5,3.66,1e-05,80,0.60,0.45,True,58.2,3,0.006925158964319323,0.08321754000401191,1.6436331782126885,
1247,100,5,43.1,30.7,46.0,4.34,1e-05,50,0.35,0.40,True,73.0,3,0.040804653892298454,0.20200161853880888,0.5862745108058626,
1237,100,5,11.0,78.0,73.3,1.23,1e-06,120,0.35,0.40,True,104.80000000000001,3,0.011554148919865797,0.10749022709002803,0.4998865720171384,
1239,100,5,52.4,62.6,74.6,3.37,1e-06,120,0.60,0.45,True,99.5,3,0.0019441645267763536,0.044092681102155196,0.3076848092275572,
1238,100,5,58.2,45.2,66.7,4.6,1e-06,120,0.45,0.55,True,103.10000000000001,3,0.004161155831398101,0.06450702156663336,0.026974681128216164,
1257,100,5,52.7,40.3,59.4,4.59,1e-05,120,0.35,0.40,True,75.5,3,0.008420370710859219,0.09176257794362154,1.8455152755142228,
1261,100,5,36.0,17.6,33.5,1.32,1e-07,25,center,center,True,60.800000000000004,3,0.00010083682785610182,0.010041754222052132,0.6292426035861711,
1241,100,5,79.5,22.6,76.5,1.82,1e-05,25,center,center,True,108.4,3,0.031117781493786335,0.1764023284817588,5.4147628923216615,
1259,100,5,10.8,72.7,68.0,4.37,1e-05,120,0.60,0.45,True,73.5,3,0.0629798505035413,0.2509578659925632,0.6835775039810327,
1252,100,5,58.8,80.7,92.8,1.75,1e-05,80,0.35,0.40,True,95.0,3,0.0016690700504394613,0.04085425376187235,0.4685181639888664,
1246,100,5,74.0,45.3,79.9,3.86,1e-05,50,center,center,True,107.7,3,0.015827641867465984,0.12580795629635666,1.0849410339341734,
1256,100,5,66.1,70.4,89.5,1.62,1e-05,120,center,center,True,89.0,3,0.033318071095126946,0.1825323836888319,0.23268458246291232,
1282,100,5,15.2,19.7,17.9,3.3,1e-06,25,0.35,0.40,True,22.900000000000002,3,0.008868509219649656,0.09417276262088553,0.19352662677353288,
1258,100,5,54.2,70.6,82.0,2.43,1e-05,120,0.45,0.55,True,90.5,3,0.004490231508351492,0.06700918973059958,0.27801588293764423,
1262,100,5,66.1,14.8,61.8,1.37,1e-07,25,0.35,0.40,False,90.7,3,0.029965610946458037,0.17310577964486928,11.181171718465198,vittima non trovata entro 15 minuti
1260,100,5,76.1,59.7,89.7,1.27,1e-05,120,0.60,0.58,True,105.2,3,0.006148570102344206,0.07841281848233875,0.6646324291599485,
1255,100,5,80.2,44.6,85.0,4.86,1e-05,80,0.60,0.58,True,115.4,3,0.0026817665610548427,0.051785775663350284,0.3609015496552376,
1264,100,5,46.6,19.3,44.0,4.19,1e-07,25,0.60,0.45,True,86.30000000000001,3,0.00014932732763675398,0.012219956122538001,1.8272238174094937,
1268,100,5,21.8,45.7,44.1,1.68,1e-07,50,0.45,0.55,True,80.0,3,0.030527653970581645,0.17472164711500876,0.8329248054062306,
1265,100,5,25.3,68.3,66.4,1.28,1e-07,25,0.60,0.58,True,102.30000000000001,3,0.0011983809730218193,0.03461763962233444,0.23587544647640166,
1263,100,5,45.4,69.6,76.2,3.76,1e-07,25,0.45,0.55,True,116.4,3,0.03409400377326941,0.18464561671826768,1.915022177781901,
1298,100,5,14.1,17.5,15.5,4.85,1e-06,120,0.45,0.55,True,20.200000000000003,3,0.04069702230803529,0.2017350299477889,1.315936273486639,
1270,100,5,45.0,35.8,50.5,3.1,1e-07,50,0.60,0.58,True,96.2,3,0.00287667095799995,0.05363460597412784,0.23384894178890964,
1267,100,5,59.8,70.5,85.4,3.38,1e-07,50,0.35,0.40,True,118.4,3,0.005341218899754316,0.0730836431751614,0.26468401650635076,
1272,100,5,38.5,52.1,57.8,3.27,1e-07,80,0.35,0.40,True,98.30000000000001,3,0.0014703373668199955,0.038344978378139626,0.2210958576661208,
1274,100,5,56.9,45.8,66.0,1.38,1e-07,80,0.60,0.45,True,99.4,3,0.0010958154749621733,0.0331031037058789,0.24002462876154515,
1271,100,5,75.6,40.0,78.8,4.13,1e-07,80,center,center,True,109.30000000000001,3,0.01907553031765863,0.13811419303481676,0.297281007222092,
1292,100,5,33.3,16.2,30.5,2.86,1e-06,80,0.35,0.40,True,61.7,3,0.0007440781868444089,0.027277796590714744,0.44551007498328377,
1273,100,5,66.6,56.0,79.9,1.15,1e-07,80,0.45,0.55,True,109.10000000000001,3,0.0035668103235676693,0.059722778933734066,0.2557839445834376,
1275,100,5,13.1,59.0,54.6,4.94,1e-07,80,0.60,0.58,True,101.2,3,0.014390918418040483,0.11996215410720368,0.8349912127281585,
1293,100,5,41.1,13.9,37.2,4.65,1e-06,80,0.45,0.55,True,69.4,3,0.007335589874155322,0.08564805820423088,0.05631920225084623,
1269,100,5,73.3,30.2,72.8,1.05,1e-07,50,0.60,0.45,True,121.7,3,0.0027855838828519126,0.05277863093006404,0.2286069588244965,
1276,100,5,20.0,69.2,65.9,2.44,1e-07,120,center,center,True,102.60000000000001,3,0.0034741922008316626,0.058942278551407074,2.8585649867511345,
1278,100,5,18.8,60.5,57.2,3.79,1e-07,120,0.45,0.55,True,98.80000000000001,3,0.02295083474451804,0.15149532911782476,0.9973989159821829,
1277,100,5,52.5,79.4,88.3,3.07,1e-07,120,0.35,0.40,True,109.4,3,0.0017889602867502974,0.04229610250070682,0.13026790603839875,
1296,100,5,27.1,26.2,30.6,1.52,1e-06,120,center,center,True,57.0,3,0.013698572135970399,0.11704089941541973,1.1413210807421903,
1280,100,5,14.5,79.5,75.1,1.23,1e-07,120,0.60,0.58,True,108.80000000000001,3,0.009482012331341202,0.0973756249342781,0.28687100165759233,
1284,100,5,23.6,64.4,62.2,1.89,1e-06,25,0.60,0.45,True,96.4,3,0.0016304872615778218,0.040379292484859386,0.047563707558974495,
1279,100,5,68.3,60.4,84.1,2.62,1e-07,120,0.60,0.45,True,118.4,3,0.0035364714133520312,0.05946823869387785,0.16385089585223145,
1283,100,5,57.4,38.7,62.3,4.51,1e-06,25,0.45,0.55,True,104.60000000000001,3,0.0010709371426482685,0.0327251759758182,0.31867670390531466,
1287,100,5,64.0,18.2,60.5,1.49,1e-06,50,0.35,0.40,True,103.10000000000001,3,0.02841289085684381,0.16856123770560008,6.850705829549905,
1288,100,5,10.4,67.3,62.5,1.74,1e-06,50,0.45,0.55,True,102.10000000000001,3,0.0030926240914993376,0.05561136656745038,0.7520618194053914,
1281,100,5,23.0,80.8,77.9,3.32,1e-06,25,center,center,True,119.80000000000001,3,0.017698830449464804,0.13303695144381805,3.296695181734492,
1299,100,5,29.9,14.4,26.6,3.06,1e-06,120,0.60,0.45,True,47.800000000000004,3,0.0005365063185415284,0.023162606039509637,2.5223925022674534,
1290,100,5,60.2,50.4,71.5,1.46,1e-06,50,0.60,0.58,True,102.9,3,0.004733848951771969,0.06880297196903612,0.1938111054602065,
1289,100,5,54.8,61.2,75.1,2.46,1e-06,50,0.60,0.45,True,102.9,3,0.0017821242148764451,0.042215213073919754,0.2830022999280556,
1286,100,5,78.7,76.5,102.7,2.09,1e-06,50,center,center,True,121.2,3,0.01277984939478584,0.11304799597863661,0.6040932754364474,
1291,100,5,52.4,76.5,85.8,4.75,1e-06,80,center,center,True,110.2,3,0.008694980645917824,0.0932468800867773,3.08229626447781,
1285,100,5,72.4,70.0,93.6,1.53,1e-06,25,0.60,0.58,True,128.1,3,0.0033471994103932167,0.05785498604608955,0.6844451390325514,
1310,100,5,14.8,40.3,36.6,2.88,1e-05,50,0.60,0.58,True,45.300000000000004,3,0.004105336539276997,0.06407290019405237,1.2789922117377992,
1300,100,5,33.8,25.7,35.5,1.32,1e-06,120,0.60,0.58,True,65.2,3,0.00427304503242008,0.06536853243281572,0.6509274229795888,
1294,100,5,65.1,64.4,84.5,4.96,1e-06,80,0.60,0.45,True,107.2,3,0.0037995167034641144,0.06164021985249659,0.23517480136015256,
1312,100,5,25.5,30.1,32.4,3.49,1e-05,80,0.35,0.40,True,51.6,3,0.0012496975066990032,0.035351060899200794,0.27732489494571216,
1295,100,5,35.3,78.6,79.6,4.13,1e-06,80,0.60,0.58,True,106.80000000000001,3,0.0008573040950234413,0.02927975572000971,0.30121150208798625,
1313,100,5,32.9,18.6,31.0,1.98,1e-05,80,0.45,0.55,True,53.800000000000004,3,0.006973805877528927,0.08350931611220946,0.24625233039657712,
1304,100,5,56.6,10.5,51.9,1.87,1e-05,25,0.60,0.45,True,78.60000000000001,3,0.04504241375509244,0.2122319809903598,2.4296989914168767,
1308,100,5,9.5,68.5,63.7,1.92,1e-05,50,0.45,0.55,False,67.60000000000001,3,0.06732412204490194,0.25946892308116964,16.6337861981664,vittima non trovata entro 15 minuti
1297,100,5,37.5,68.7,71.6,1.46,1e-06,120,0.35,0.40,True,103.5,3,0.000945953534152779,0.030756357621681718,0.37330410250913093,
1303,100,5,11.3,74.6,69.9,2.21,1e-05,25,0.45,0.55,True,76.7,3,0.037519172329344,0.19369866372627353,8.906552719068825,
1314,100,5,31.8,45.2,48.3,2.8,1e-05,80,0.60,0.45,True,60.400000000000006,3,0.011233402415713755,0.10598774653569042,0.6809234705310628,
1309,100,5,27.7,64.0,63.2,4.47,1e-05,50,0.60,0.45,True,65.60000000000001,3,0.021079076211419627,0.14518634994867674,0.19202017030474752,
1305,100,5,67.5,49.6,76.8,4.61,1e-05,25,0.60,0.58,True,87.30000000000001,3,0.014659500235383486,0.12107642311938145,0.4488244867965952,
1316,100,5,57.5,28.3,57.4,4.84,1e-05,120,center,center,True,69.2,3,0.017046596208098123,0.13056261412861694,0.4693982029362878,
1301,100,5,72.2,73.8,96.2,1.69,1e-05,25,center,center,True,95.80000000000001,3,0.03960127151134718,0.19900068218814523,0.48473133595848705,
1302,100,5,49.2,69.7,78.3,4.87,1e-05,25,0.35,0.40,True,93.30000000000001,3,0.007728212254916675,0.08791025113669437,0.15306173391464856,
1306,100,5,51.7,69.0,79.2,2.45,1e-05,50,center,center,True,88.30000000000001,3,0.005966810613117341,0.07724513326493353,0.06991764995878756,
1311,100,5,66.1,56.8,80.1,1.86,1e-05,80,center,center,True,89.9,3,0.013347942567818807,0.11553329636004855,0.2228906794358651,
1317,100,5,53.0,50.8,66.4,1.09,1e-05,120,0.35,0.40,True,81.4,3,0.009101213091745254,0.09540027825821712,0.1684309475929237,
1315,100,5,52.9,72.7,82.9,4.62,1e-05,80,0.60,0.58,True,88.2,3,0.014843565692275466,0.12183417292482214,0.1428660657644609,
1307,100,5,75.8,56.2,87.3,3.75,1e-05,50,0.35,0.40,True,108.2,3,0.015426379368138426,0.12420297648663024,1.343131228282131,
1318,100,5,52.7,80.8,89.6,4.43,1e-05,120,0.45,0.55,True,89.60000000000001,3,0.06024936517463593,0.24545746102865956,1.3617303707412038,
1319,100,5,75.1,65.2,92.4,3.34,1e-05,120,0.60,0.45,True,93.2,3,0.022757924162997902,0.15085729734751946,1.2141788424498152,
1321,100,5,51.0,10.7,46.4,2.6,1e-07,25,center,center,True,77.9,3,0.03158168145992582,0.17771235595738924,2.2771961246419807,
1327,100,5,25.7,35.1,36.5,4.87,1e-07,50,0.35,0.40,True,68.2,3,0.004892462561095549,0.06994614043030215,0.22928449051248187,
1328,100,5,23.6,29.9,31.0,4.25,1e-07,50,0.45,0.55,True,65.0,3,0.0016164151482672422,0.04020466575246264,1.511919387163679,
1344,100,5,25.7,13.0,22.2,2.61,1e-06,25,0.60,0.45,True,34.4,3,0.00821118083465399,0.09061556618293565,2.3604583040131355,
1320,100,5,52.8,63.0,75.2,4.17,1e-05,120,0.60,0.58,True,94.7,3,0.0036094642146432612,0.06007881668810781,0.08222388603694132,
1334,100,5,15.7,33.4,30.3,4.77,1e-07,80,0.60,0.45,True,51.6,3,0.001683630225666783,0.04103206338544021,1.7221201957852847,
1330,100,5,28.5,35.2,38.3,2.58,1e-07,50,0.60,0.58,True,68.4,3,0.002402142683325054,0.049011658646949036,0.2982653450734699,
1326,100,5,48.5,21.1,46.4,1.5,1e-07,50,center,center,True,88.80000000000001,3,0.00028170332956941577,0.016784020065807113,0.5190998748141687,
1325,100,5,45.1,29.0,46.7,4.1,1e-07,25,0.60,0.58,True,89.0,3,0.00038634382280959675,0.019655630816882902,0.23236504984242423,
1329,100,5,9.5,47.8,43.1,1.53,1e-07,50,0.60,0.45,True,79.2,3,0.0009576394112727519,0.03094574948636326,0.984157618965533,
1324,100,5,79.0,36.9,80.6,2.33,1e-07,25,0.60,0.45,True,112.60000000000001,3,0.029006967100040946,0.17031431854087004,0.5882718907741438,
1322,100,5,47.4,74.7,81.6,3.16,1e-07,25,0.35,0.40,True,107.2,3,0.0010786166710135485,0.032842300026239765,0.8885005813079491,
1323,100,5,15.9,70.8,66.7,1.67,1e-07,25,0.45,0.55,True,105.60000000000001,3,0.0031241960321853443,0.05589450806819347,0.8353557405087254,
1331,100,5,48.4,30.6,50.4,4.47,1e-07,80,center,center,True,91.9,3,0.004248630869189912,0.065181522452225,0.30659647659575245,
1345,100,5,31.0,31.2,36.9,1.26,1e-06,25,0.60,0.58,True,65.60000000000001,3,0.0026766810877295183,0.05173665129992004,0.6906089606093117,
1332,100,5,57.8,14.0,53.6,3.26,1e-07,80,0.35,0.40,True,95.5,4,0.005155694690103955,0.07180316629581146,1.1903554242878074,
1335,100,5,32.4,42.9,46.8,4.92,1e-07,80,0.60,0.58,True,94.9,4,0.008809690742420148,0.09385995281492607,0.2855158601521862,
1333,100,5,60.0,33.6,62.0,1.25,1e-07,80,0.45,0.55,True,103.30000000000001,3,0.003564434943379742,0.05970288890313217,0.1912374630028178,
1343,100,5,43.1,34.7,48.3,1.81,1e-06,25,0.45,0.55,True,84.60000000000001,3,0.0046710622397904645,0.06834516983511318,0.1448483110179531,
1338,100,5,29.9,46.2,48.2,3.62,1e-07,120,0.45,0.55,True,95.0,3,0.018028394917875876,0.1342698585605715,1.7199933106208827,
1340,100,5,37.7,45.5,52.1,2.46,1e-07,120,0.60,0.58,True,94.10000000000001,3,0.004694559896123133,0.06851685848112954,0.11997262054115809,
1336,100,5,41.0,54.8,61.5,4.93,1e-07,120,center,center,True,100.9,3,0.03992623295903602,0.19981549729446918,4.331332713122062,
1337,100,5,36.4,55.4,59.3,4.56,1e-07,120,0.35,0.40,True,99.0,3,0.0015897396402706286,0.03987153922625296,0.03235911213894258,
1342,100,5,49.9,30.5,51.6,3.48,1e-06,25,0.35,0.40,True,98.2,3,0.004950762936523349,0.07036165814222509,0.9820663874535522,
1356,100,5,27.3,23.8,29.1,2.88,1e-06,120,center,center,True,55.1,3,0.008689601353138468,0.09321803126615831,1.8158449423636427,
1341,100,5,49.5,46.0,60.5,3.21,1e-06,25,center,center,True,107.7,3,0.004285377596261689,0.06546279551212039,0.07955562888914991,
1349,100,5,11.3,54.0,49.4,3.62,1e-06,50,0.60,0.45,True,86.30000000000001,3,0.009272134863361035,0.09629192522408633,0.20554438407869402,
1362,100,5,17.2,34.5,31.9,3.69,1e-05,25,0.35,0.40,True,48.900000000000006,3,0.00247652824818372,0.0497647289572014,0.27320349930930304,
1346,100,5,28.2,57.6,57.5,2.82,1e-06,50,center,center,True,99.80000000000001,3,0.0018446213995433809,0.04294905586323616,2.899172630566946,
1360,100,5,35.8,15.0,32.4,1.34,1e-06,120,0.60,0.58,True,61.0,3,0.007432850153338841,0.08621397887430345,1.2944842704217188,
1361,100,5,11.4,45.4,40.9,1.58,1e-05,25,center,center,True,58.900000000000006,3,0.0013600053602413563,0.03687825050407566,2.7812109268227565,
1339,100,5,71.1,72.0,94.1,4.81,1e-07,120,0.60,0.45,True,122.2,3,0.0032423397236379234,0.056941546551160016,0.13483857497430052,
1367,100,5,22.0,16.1,20.3,3.6,1e-05,50,0.35,0.40,True,34.5,3,0.007326061425891129,0.08559241453476546,0.38258955877078915,
1348,100,5,43.2,55.0,62.9,2.31,1e-06,50,0.45,0.55,True,99.7,3,0.005808062952325314,0.07621064854943378,0.7856889902113614,
1354,100,5,37.1,40.1,47.5,3.35,1e-06,80,0.60,0.45,True,81.2,3,0.005956092124454065,0.07717572237727396,0.7310036951828526,
1347,100,5,59.1,43.2,66.2,2.11,1e-06,50,0.35,0.40,True,104.10000000000001,3,0.0034297216659046953,0.0585638255743654,0.8027643873602675,
1357,100,5,34.3,41.0,46.5,2.23,1e-06,120,0.35,0.40,True,84.60000000000001,3,0.0014538486306495482,0.038129367037095546,0.041214853950722136,
1382,100,5,12.6,19.5,16.4,1.99,1e-07,25,0.35,0.40,True,20.200000000000003,3,0.007208875843947694,0.08490509904562678,0.12205282524711061,
1350,100,5,43.0,78.9,83.1,3.29,1e-06,50,0.60,0.58,True,106.80000000000001,3,0.0011081495552671629,0.03328888035466442,0.34600499947932656,
1352,100,5,67.7,33.1,68.7,4.31,1e-06,80,0.35,0.40,True,106.5,3,0.00441460008422705,0.0664424569400248,2.194665936236133,
1353,100,5,38.4,74.9,77.5,4.03,1e-06,80,0.45,0.55,True,106.2,3,0.0017083051855250975,0.041331648715301664,1.3920109633067062,
1363,100,5,53.8,68.9,80.4,2.94,1e-05,25,0.45,0.55,True,84.0,3,0.012292790213997793,0.11087285607396336,0.152872501873884,
1364,100,5,43.4,43.7,54.6,4.59,1e-05,25,0.60,0.45,True,78.10000000000001,3,0.0009175963173638262,0.030291852326390114,0.22524423772854954,
1355,100,5,58.9,39.8,64.2,4.19,1e-06,80,0.60,0.58,True,102.7,3,0.004617404069584658,0.06795148320371423,0.13248518722368982,
1393,100,5,15.3,9.5,11.3,1.54,1e-07,80,0.45,0.55,True,5.300000000000001,3,0.0026390969324823982,0.051372141599142995,0.21781457684459476,
1371,100,5,21.5,45.7,43.9,1.06,1e-05,80,center,center,True,57.400000000000006,3,0.005860518830102832,0.07655402556432178,2.0003020769238344,
1366,100,5,21.8,72.8,69.8,1.4,1e-05,50,center,center,False,71.7,3,0.06833031627348411,0.26140068147096346,16.427061642897776,vittima non trovata entro 15 minuti
1358,100,5,66.3,33.2,67.5,2.44,1e-06,120,0.45,0.55,True,103.9,3,0.004177415207896414,0.0646329266542713,0.0356100668929159,
1377,100,5,17.7,30.9,28.8,1.27,1e-05,120,0.35,0.40,True,42.1,3,0.015046300228886793,0.12266336139567835,0.055970877464236936,
1351,100,5,65.0,26.4,63.7,3.97,1e-06,80,center,center,True,120.2,3,0.006254046677079965,0.0790825307958715,0.1757449141417691,
1369,100,5,28.9,67.3,66.7,4.06,1e-05,50,0.60,0.45,True,66.8,3,0.003734745876387195,0.06111256725410245,0.34148023893168383,
1365,100,5,46.2,70.1,77.1,1.07,1e-05,25,0.60,0.58,True,82.9,3,0.011320798821020002,0.10639924257728531,0.3034804022166758,
1374,100,5,66.0,16.3,62.1,2.58,1e-05,80,0.60,0.45,True,76.60000000000001,3,0.03590120116620012,0.18947612294481886,3.7100757741155377,
1378,100,5,36.8,43.7,50.1,4.41,1e-05,120,0.45,0.55,True,62.300000000000004,3,0.052157522703845896,0.22838021521980817,1.2567205702186204,
1372,100,5,37.8,68.9,71.8,4.49,1e-05,80,0.35,0.40,True,77.80000000000001,3,0.007522552258030529,0.0867326481668266,0.12932774729035504,
1379,100,5,61.5,45.6,69.6,3.04,1e-05,120,0.60,0.45,True,71.5,3,0.0046413731215289,0.06812762377720875,0.18918129974279485,
1359,100,5,79.8,62.1,94.1,4.42,1e-06,120,0.60,0.45,True,125.10000000000001,3,0.0035677028132661557,0.05973025040351125,0.10768782929327615,
1373,100,5,66.1,51.5,76.8,4.2,1e-05,80,0.45,0.55,True,86.9,3,0.015573241484527439,0.12479279420113742,0.3186357236874089,
1368,100,5,46.7,79.9,85.8,4.97,1e-05,50,0.45,0.55,True,91.0,3,0.01857098762015913,0.1362754109153927,1.9619268785560375,
1392,100,5,20.5,23.9,24.4,2.01,1e-07,80,0.35,0.40,True,42.800000000000004,3,0.005946915774392022,0.07711624844604426,0.20531997475904967,
1380,100,5,38.8,74.4,77.2,2.41,1e-05,120,0.60,0.58,True,74.60000000000001,3,0.009540450768035853,0.0976752310877013,0.11684533396044072,
1375,100,5,70.5,9.1,65.6,3.44,1e-05,80,0.60,0.58,False,95.0,3,0.05866841770045085,0.2422156429722301,16.176142330292052,vittima non trovata entro 15 minuti
1370,100,5,76.0,75.4,100.0,3.14,1e-05,50,0.60,0.58,True,100.0,3,0.035770542227271794,0.18913101868089166,0.6079213293205091,
1387,100,5,37.0,16.4,33.9,3.09,1e-07,50,0.35,0.40,True,61.400000000000006,3,0.00035895253724369376,0.01894604278586148,0.8127115859944867,
1376,100,5,56.0,74.9,86.5,3.38,1e-05,120,center,center,True,94.4,3,0.007488422968019094,0.0865356745395741,0.04964926395728983,
1383,100,5,73.7,20.7,70.5,1.87,1e-07,25,0.45,0.55,True,104.0,3,0.03647769847508003,0.19099135706905698,5.357412116968445,
1381,100,5,40.2,48.5,56.0,1.64,1e-07,25,center,center,True,106.2,3,0.007943691141971158,0.08912738716001473,1.9055602890118521,
1403,100,5,39.3,12.2,35.1,1.26,1e-06,25,0.45,0.55,True,63.0,3,0.0011499065464166348,0.03391027198971773,0.2540637183284582,
1386,100,5,64.6,41.5,69.9,4.48,1e-07,50,center,center,True,105.10000000000001,3,0.0036740768958740833,0.06061416415223494,0.16127022992670723,
1384,100,5,71.6,67.6,91.4,1.5,1e-07,25,0.60,0.45,True,117.0,3,0.022102588984304106,0.14866939491470363,0.4864329153429625,
1385,100,5,69.1,47.8,77.0,1.64,1e-07,25,0.60,0.58,True,113.10000000000001,3,0.018632680962054615,0.13650157860645648,0.2651910862978513,
1389,100,5,41.5,49.4,57.5,4.96,1e-07,50,0.60,0.45,True,97.2,3,0.028312809519132447,0.16826410644915465,0.1295425490981474,
1412,100,5,29.9,16.1,27.2,4.43,1e-06,80,0.35,0.40,True,48.800000000000004,3,0.04193899188901902,0.20479011667807365,1.2016495079164238,
1399,100,5,36.7,36.0,44.3,1.88,1e-07,120,0.60,0.45,True,82.80000000000001,3,0.002764976023762037,0.05258303931651381,0.7776027433711648,
1406,100,5,37.7,16.4,34.6,2.53,1e-06,50,center,center,True,65.2,3,0.0016308094114968297,0.04038328133642473,0.2044550486009098,
1398,100,5,44.4,31.4,47.4,4.57,1e-07,120,0.45,0.55,True,90.7,3,0.0017513670021755484,0.04184933693830224,0.4845931576723955,
1390,100,5,61.3,42.7,67.8,3.76,1e-07,50,0.60,0.58,True,110.0,3,0.005530156124628678,0.07436501949592078,0.18985427610729882,
1397,100,5,50.8,55.5,68.2,3.48,1e-07,120,0.35,0.40,True,99.80000000000001,3,0.001264064764056122,0.035553688473295174,0.4184228313060194,
1395,100,5,50.3,61.9,72.7,3.08,1e-07,80,0.60,0.58,True,104.4,3,0.0010239609735433852,0.03199939020580525,0.2065652809328268,
1409,100,5,36.8,30.0,40.5,4.52,1e-06,50,0.60,0.45,True,76.60000000000001,3,0.007653228740470667,0.08748273395631087,1.0417114272860286,
1391,100,5,79.9,18.7,76.1,3.22,1e-07,80,center,center,True,120.5,3,0.0032479639922689202,0.0569909114883147,0.024462012800423545,
1394,100,5,16.1,71.3,67.3,2.89,1e-07,80,0.60,0.45,True,106.10000000000001,3,0.011067232621313584,0.10520091549655632,0.18970165838603598,
1400,100,5,40.7,68.4,72.7,1.25,1e-07,120,0.60,0.58,True,103.4,3,0.0010739945783008664,0.03277185649762409,0.24054854083390353,
1410,100,5,23.4,42.3,41.6,1.95,1e-06,50,0.60,0.58,True,78.0,3,0.0004117146745475744,0.020290753424837986,0.84723175143596,
1396,100,5,80.0,58.3,92.0,1.65,1e-07,120,center,center,True,113.60000000000001,3,0.03614919741134519,0.1901294227923316,4.884008952341679,
1388,100,5,73.8,79.1,101.1,1.65,1e-07,50,0.45,0.55,True,132.1,3,0.004776831341565334,0.06911462465763187,0.20048755961563416,
1404,100,5,19.6,70.7,67.3,4.24,1e-06,25,0.60,0.45,True,103.60000000000001,3,0.0015261623597219017,0.039066128035958485,0.3670261365935208,
1401,100,5,80.6,11.1,75.9,2.0,1e-06,25,center,center,True,120.2,3,0.015135379183686801,0.1230259289080428,0.5288554884114319,
1405,100,5,37.0,54.1,58.6,3.31,1e-06,25,0.60,0.58,True,100.2,3,0.0011296469570382336,0.03361022102037167,0.24257796968290182,
1408,100,5,27.7,55.0,54.9,3.6,1e-06,50,0.45,0.55,True,97.0,3,0.004709237046591734,0.06862388102251092,1.4166525152868161,
1402,100,5,73.0,80.2,101.4,1.26,1e-06,25,0.35,0.40,True,123.10000000000001,3,0.013749728442470393,0.11725923606467165,0.7265147626124269,
1417,100,5,17.5,35.1,32.6,2.8,1e-06,120,0.35,0.40,True,61.1,3,0.006174262077596959,0.07857647279941343,0.21086010304409422,
1414,100,5,30.5,62.8,63.2,3.87,1e-06,80,0.60,0.45,True,98.30000000000001,3,0.001495439411490986,0.038670911697178616,0.12457545439683892,
1411,100,5,24.2,66.9,64.8,1.93,1e-06,80,center,center,True,101.80000000000001,3,0.000967991294926958,0.03111255847607133,2.3427582299886645,
1407,100,5,67.3,22.8,64.8,3.08,1e-06,50,0.35,0.40,True,116.80000000000001,3,0.008568029015953051,0.09256364845852312,1.1536477741032756,
1421,100,5,51.7,9.1,46.9,4.22,1e-05,25,center,center,True,67.3,3,0.019183631723315404,0.1385049880809908,0.16920455666272685,
1415,100,5,46.0,55.9,65.4,3.09,1e-06,80,0.60,0.58,True,100.5,3,0.003254262988194397,0.0570461478821699,0.08676775044471308,
1413,100,5,52.4,67.6,78.5,2.17,1e-06,80,0.45,0.55,True,106.60000000000001,3,0.000994421179573744,0.031534444335896326,0.8760087634986572,
1422,100,5,46.3,23.2,45.1,4.96,1e-05,25,0.35,0.40,True,66.4,3,0.015153201377723058,0.12309834027200796,2.001155064593226,
1424,100,5,63.2,34.8,65.4,3.5,1e-05,25,0.60,0.45,True,71.10000000000001,3,0.012181022696968814,0.11036767052433794,0.21629597631357997,
1416,100,5,80.3,78.5,105.3,4.93,1e-06,120,center,center,True,118.60000000000001,3,0.014598575337609032,0.12082456429720337,0.4528115308510847,
1439,100,5,10.1,35.6,31.0,1.21,1e-05,120,0.60,0.45,True,43.1,3,0.0037138207230779834,0.06094112505589295,2.3350935679634826,
1423,100,5,39.9,76.9,80.0,3.08,1e-05,25,0.45,0.55,True,81.5,3,0.004111774115529215,0.06412311685756716,0.6837591204118592,
1419,100,5,41.2,45.8,54.5,4.87,1e-06,120,0.60,0.45,True,85.7,3,0.00439557647417186,0.06629914384192197,0.4733937645255358,
1431,100,5,40.6,29.5,43.2,1.9,1e-05,80,center,center,True,66.0,3,0.008136049764562878,0.09020005412727244,0.4066333670148614,
1426,100,5,23.8,73.5,71.0,3.26,1e-05,50,center,center,False,80.2,3,0.04111752319810783,0.20277456250256795,11.54842829838098,vittima non trovata entro 15 minuti
1433,100,5,49.9,40.7,57.3,1.43,1e-05,80,0.45,0.55,True,64.10000000000001,3,0.029857811319948684,0.17279412987699752,0.24531603915995598,
1418,100,5,25.8,56.9,55.9,1.55,1e-06,120,0.45,0.55,True,92.80000000000001,3,0.001876042230498125,0.0433133031584769,0.9880270411718456,
1430,100,5,59.3,13.7,55.0,3.63,1e-05,50,0.60,0.58,True,75.5,3,0.011461453713867371,0.10705817910775137,1.3355964168207517,
1425,100,5,69.7,77.5,97.2,2.67,1e-05,25,0.60,0.58,True,94.10000000000001,3,0.03558091169475583,0.1886290319509588,0.8685675344445388,
1436,100,5,40.3,56.7,62.7,1.34,1e-05,120,center,center,True,69.8,3,0.005121908805662809,0.0715675122221166,2.2510282086373765,
1420,100,5,16.4,77.2,73.1,4.86,1e-06,120,0.60,0.58,True,104.2,3,0.00871197617556755,0.09333796749216018,0.06484174401608214,
1429,100,5,63.1,39.4,67.5,2.62,1e-05,50,0.60,0.45,True,83.80000000000001,3,0.005079520556159589,0.07127075526581425,0.12764948426106282,
1428,100,5,53.8,77.5,87.4,1.81,1e-05,50,0.45,0.55,True,93.7,3,0.01211464216230918,0.11006653516082525,0.048557268673503656,
1435,100,5,61.0,53.1,73.8,1.61,1e-05,80,0.60,0.58,True,84.80000000000001,3,0.004396082277841587,0.06630295828876406,0.06264909221896105,
1434,100,5,53.7,75.9,86.0,1.39,1e-05,80,0.60,0.45,True,87.7,3,0.044709039430771674,0.21144512155822293,0.7720658149122788,
1445,100,5,21.2,25.1,25.8,2.86,1e-07,25,0.60,0.58,True,50.7,4,0.0015295139052747219,0.039109000310347,0.721627726563163,
1440,100,5,55.3,46.9,65.5,4.84,1e-05,120,0.60,0.58,True,79.0,3,0.0046140674116457205,0.06792692699987038,0.06151881768915295,
1437,100,5,40.3,66.7,71.1,1.07,1e-05,120,0.35,0.40,True,81.60000000000001,3,0.0013866643812843785,0.03723794276385819,0.06209555084101166,
1427,100,5,80.4,42.4,84.2,3.78,1e-05,50,0.35,0.40,True,113.9,3,0.0020610405327480268,0.04539868426230023,1.3116139604888208,
1438,100,5,53.4,43.3,61.7,4.34,1e-05,120,0.45,0.55,True,86.10000000000001,3,0.01277701346555411,0.11303545225084964,0.45545769973876543,
1470,100,5,18.8,14.8,17.0,3.77,1e-06,50,0.60,0.58,True,20.700000000000003,3,0.0013850003972113402,0.03721559346848227,0.8867431593122996,
1432,100,5,80.7,23.5,77.9,3.34,1e-05,80,0.35,0.40,True,122.5,3,0.034215659371670065,0.18497475333588112,0.2913801873393505,
1448,100,5,41.4,14.0,37.5,4.64,1e-07,50,0.45,0.55,True,71.9,3,0.0002416404286103145,0.015544787827767689,0.5897272367347741,
1441,100,5,68.4,45.3,75.1,3.03,1e-07,25,center,center,True,99.80000000000001,3,0.007976173130107733,0.08930942352354389,0.08634053180543555,
1442,100,5,34.5,47.7,51.9,2.42,1e-07,25,0.35,0.40,True,95.30000000000001,3,0.007230706162522072,0.08503355903713587,0.0948061266219965,
1456,100,5,27.6,24.8,30.1,4.08,1e-07,120,center,center,True,57.400000000000006,3,0.039449290280832106,0.19861845402890463,3.062221265381148,
1447,100,5,34.8,36.0,43.0,2.79,1e-07,50,0.35,0.40,True,82.4,3,0.005135645566088695,0.07166341860453418,0.12155402556433884,
1444,100,5,36.0,41.7,48.0,2.01,1e-07,25,0.60,0.45,True,91.5,3,0.0003579193210631193,0.018918755801138703,0.6827065496700884,
1446,100,5,75.5,66.5,93.5,3.68,1e-07,50,center,center,True,97.9,3,0.00356051231422135,0.0596700286091883,0.4134467255670449,
1478,100,5,15.5,17.4,16.2,2.4,1e-06,120,0.45,0.55,True,20.200000000000003,3,0.024887269147368996,0.15775699397291074,0.6427199015048424,
1443,100,5,78.9,54.6,89.0,3.73,1e-07,25,0.45,0.55,True,126.4,3,0.005294128247459475,0.07276076035514936,0.1735779980615922,
1452,100,5,64.1,11.6,59.5,1.6,1e-07,80,0.35,0.40,False,89.10000000000001,3,0.030359968638019087,0.17424112212109713,10.93434715129639,vittima non trovata entro 15 minuti
1451,100,5,11.0,64.5,59.8,1.86,1e-07,80,center,center,True,100.5,3,0.016867568671150503,0.12987520421986062,2.489597313943535,
1455,100,5,33.2,35.4,41.4,5.0,1e-07,80,0.60,0.58,True,80.2,3,0.0043226752927662485,0.06574705539236148,0.3052171740084569,
1450,100,5,64.9,66.0,85.5,2.95,1e-07,50,0.60,0.58,True,108.80000000000001,3,0.007383711646900601,0.08592852638618098,0.3288690281579801,
1449,100,5,63.3,72.9,89.5,3.77,1e-07,50,0.60,0.45,True,110.9,3,0.0056812231134167005,0.07537388880386033,0.05788377787430904,
1454,100,5,60.2,31.3,61.1,3.39,1e-07,80,0.60,0.45,True,92.7,3,0.0013035706455088523,0.03610499474461743,1.0284190726989015,
1453,100,5,32.9,44.8,48.6,3.49,1e-07,80,0.45,0.55,True,95.0,3,0.014575055186535225,0.12072719323555578,1.675438173239878,
1473,100,5,22.9,27.7,28.9,2.81,1e-06,80,0.45,0.55,True,51.900000000000006,3,0.002751978543797439,0.05245930369150394,1.0098653874575605,
1460,100,5,64.8,20.9,61.9,4.93,1e-07,120,0.60,0.58,False,101.5,3,0.03536079847525207,0.18804467148859091,16.25618048693075,vittima non trovata entro 15 minuti
1457,100,5,60.6,23.7,58.7,2.38,1e-07,120,0.35,0.40,True,101.7,3,0.004472322795898341,0.06687542744460286,0.9439210555690416,
1458,100,5,37.8,63.4,66.9,2.36,1e-07,120,0.45,0.55,True,102.0,3,0.0016113931100333516,0.04014216125264498,1.0454088614623036,
1465,100,5,31.2,50.1,52.2,2.94,1e-06,25,0.60,0.58,True,86.10000000000001,3,0.001284027906022187,0.03583333512279016,0.03970403250095561,
1463,100,5,68.1,43.7,74.0,1.9,1e-06,25,0.45,0.55,True,108.7,3,0.004050309951024559,0.06364204546543549,0.24068288840478227,
1461,100,5,63.2,38.4,67.1,4.32,1e-06,25,center,center,True,115.4,3,0.006485953267470914,0.08053541623081682,0.19432947577091547,
1475,100,5,27.4,38.4,40.2,3.24,1e-06,80,0.60,0.58,True,68.3,3,0.004197808075674089,0.06479049371377014,0.19145083871064272,
1459,100,5,69.5,69.6,91.3,4.93,1e-07,120,0.60,0.45,True,121.80000000000001,3,0.0031772722763856068,0.05636729793404689,0.12869222650888765,
1464,100,5,30.0,76.6,75.8,1.88,1e-06,25,0.60,0.45,True,102.5,3,0.01699997881551046,0.13038396686521875,0.19354886561325538,
1462,100,5,38.6,62.0,66.2,3.11,1e-06,25,0.35,0.40,True,115.30000000000001,3,0.0011922553801833218,0.03452905124939464,0.2890123365587129,
1467,100,5,54.0,44.2,62.8,2.66,1e-06,50,0.35,0.40,True,105.2,3,0.009254948236459355,0.09620264152537265,1.0854137788039968,
1471,100,5,26.5,53.7,53.2,4.46,1e-06,80,center,center,True,94.7,3,0.01788116393911266,0.13372046940955845,3.7948798057576014,
1468,100,5,59.9,38.4,64.3,1.05,1e-06,50,0.45,0.55,True,103.60000000000001,3,0.0027675838268201914,0.0526078304705696,0.2534974632404183,
1466,100,5,75.2,72.1,97.1,3.68,1e-06,50,center,center,True,111.0,3,0.0065326704002642,0.08082493674766594,0.28441680760104304,
1480,100,5,31.2,21.8,31.1,1.7,1e-06,120,0.60,0.58,True,61.2,3,0.0009084634814383839,0.03014072795136813,0.9641230307858654,
1483,100,5,46.1,12.9,41.9,2.98,1e-05,25,0.45,0.55,True,59.5,3,0.0042500595757235665,0.06519248097536684,0.2168586461194744,
1504,100,5,13.8,12.6,11.6,2.23,1e-07,25,0.60,0.45,True,4.7,3,0.025960569627567372,0.16112284017968206,2.468007966116763,
1484,100,5,29.5,47.5,49.0,1.43,1e-05,25,0.60,0.45,True,60.800000000000004,3,0.004194199926965663,0.06476264298934736,0.5349903918295938,
1469,100,5,78.7,77.4,103.3,3.99,1e-06,50,0.60,0.45,True,117.30000000000001,3,0.0036268643488603647,0.060223453478361444,0.06299015290998747,
1472,100,5,76.1,54.3,86.5,2.75,1e-06,80,0.35,0.40,True,112.9,3,0.008517473092534884,0.09229015707286928,1.1944368101519167,
1476,100,5,50.8,27.3,50.9,2.9,1e-06,120,center,center,True,90.60000000000001,3,0.0009253878834004799,0.030420188746956844,1.2285133141439069,
1481,100,5,50.0,63.5,73.8,2.77,1e-05,25,center,center,True,83.60000000000001,3,0.015343985078213449,0.12387084030639918,0.303013958633293,
1486,100,5,47.8,15.5,44.1,3.23,1e-05,50,center,center,True,65.4,3,0.0003523249032233273,0.01877031974217081,1.0859785594112308,
1479,100,5,40.0,43.0,51.7,2.12,1e-06,120,0.60,0.45,True,84.10000000000001,3,0.003791216254209304,0.06157285322452829,0.5426230357962172,
1482,100,5,46.3,49.6,60.8,4.5,1e-05,25,0.35,0.40,True,79.60000000000001,3,0.004664851728559899,0.06829971982782872,0.20535036206599183,
1499,100,5,27.5,9.3,22.9,4.02,1e-05,120,0.60,0.45,True,32.2,3,0.0004422578011417503,0.02102992632278464,3.4335283996056125,
1495,100,5,13.5,39.7,35.7,1.6,1e-05,80,0.60,0.58,True,49.800000000000004,3,0.0019901118857912244,0.044610670089018215,0.5123519427338101,
1487,100,5,51.4,29.7,52.6,2.17,1e-05,50,0.35,0.40,True,74.0,3,0.010249908676977051,0.10124183264331524,0.5707413568103163,
1477,100,5,14.7,70.4,66.1,1.53,1e-06,120,0.35,0.40,True,102.4,3,0.012654466796462642,0.11249207437176471,0.32490818275863825,
1488,100,5,56.3,30.0,57.1,3.05,1e-05,50,0.45,0.55,True,77.4,3,0.03667337642941926,0.19150294104639556,0.24666834478571484,
1491,100,5,44.5,17.4,41.4,4.28,1e-05,80,center,center,True,61.6,3,0.005450929211715614,0.07383040844879306,0.32244687697457436,
1500,100,5,27.7,24.9,30.2,4.97,1e-05,120,0.60,0.58,True,41.400000000000006,3,0.01867138929251906,0.136643292160717,0.775192245933391,
1493,100,5,21.4,51.2,49.1,1.75,1e-05,80,0.45,0.55,True,60.900000000000006,3,0.0020674586439511436,0.04546931541106754,0.6730522095837611,
1485,100,5,53.0,57.5,71.1,3.09,1e-05,25,0.60,0.58,True,91.7,3,0.005017721498714846,0.07083587720015082,0.1092378407706336,
1474,100,5,69.3,77.9,97.2,1.74,1e-06,80,0.60,0.45,True,124.0,3,0.004576950997317427,0.06765316694226094,0.025037960776869584,
1492,100,5,55.2,25.3,54.1,3.53,1e-05,80,0.35,0.40,True,77.7,3,0.02446644277340182,0.15641752706586887,1.391165377670275,
1518,100,5,17.0,14.0,15.0,3.76,1e-07,120,0.45,0.55,True,20.900000000000002,4,0.008208258989245897,0.09059944254379215,1.0901670456742916,
1489,100,5,55.7,61.5,75.9,3.65,1e-05,50,0.60,0.45,True,95.10000000000001,3,0.0035272563910249354,0.05939070963564028,0.037813396600114034,
1494,100,5,71.0,45.2,77.3,1.82,1e-05,80,0.60,0.45,True,86.2,3,0.016510164724390444,0.1284918858309366,0.5889690114221466,
1498,100,5,32.3,80.1,80.0,4.22,1e-05,120,0.45,0.55,True,82.4,3,0.0279561892177721,0.16720104430825813,1.0190150968756928,
1497,100,5,56.6,53.9,71.0,4.74,1e-05,120,0.35,0.40,True,91.30000000000001,3,0.024778615074293832,0.15741224563004566,2.288763487990427,
1514,100,5,21.0,31.1,30.6,1.4,1e-07,80,0.60,0.45,True,53.2,3,0.010357081241005987,0.10176974619702059,1.0111242151980915,
1490,100,5,75.8,41.0,79.4,4.61,1e-05,50,0.60,0.58,True,123.2,3,0.006342416493462128,0.07963928988547128,0.252306479680396,
1523,100,5,27.2,18.8,26.1,1.55,1e-06,25,0.45,0.55,True,47.6,3,0.0006891934598254218,0.026252494354354634,0.24828736520098724,
1496,100,5,76.4,34.8,77.4,1.73,1e-05,120,center,center,True,112.10000000000001,3,0.01671065161411449,0.12926968559609978,0.32089307022868446,
1502,100,5,21.0,59.4,56.7,4.58,1e-07,25,0.35,0.40,True,99.0,3,0.009018688074953464,0.09496677353134339,0.13948052057412494,
1508,100,5,9.2,53.5,48.7,2.3,1e-07,50,0.45,0.55,True,90.9,3,0.0062247025702121895,0.07889678428308843,0.5082685241907804,
1501,100,5,61.3,76.6,91.1,1.73,1e-07,25,center,center,True,108.0,3,0.006130385184795421,0.07829677633718658,0.2792811349276499,
1505,100,5,29.2,63.8,63.6,1.55,1e-07,25,0.60,0.58,True,102.9,3,0.0016007178404879167,0.04000897199988918,0.18740771314543575,
1507,100,5,74.5,45.8,80.6,2.52,1e-07,50,0.35,0.40,True,111.80000000000001,3,0.003516099350391758,0.05929670606696259,1.2127780969271158,
1515,100,5,45.7,32.6,49.2,3.25,1e-07,80,0.60,0.58,True,90.4,3,0.00503728205777129,0.07097381247876776,0.21633315515030394,
1506,100,5,56.0,41.3,62.6,3.0,1e-07,50,center,center,True,111.7,3,0.0017157510146449742,0.04142162496383953,0.21628030196556744,
1512,100,5,40.6,64.5,69.3,4.26,1e-07,80,0.35,0.40,True,102.30000000000001,3,0.0011850742866397442,0.034424907939451986,0.31280791361731014,
1510,100,5,66.2,63.7,84.8,1.8,1e-07,50,0.60,0.58,True,111.2,3,0.0027938157690376975,0.05285655842975115,0.07370799284404148,
1513,100,5,35.1,59.1,61.9,4.21,1e-07,80,0.45,0.55,True,101.10000000000001,3,0.005677933577934592,0.07535206419159725,1.6924401731562322,
1511,100,5,50.6,54.8,67.5,3.64,1e-07,80,center,center,True,102.9,3,0.00040893686484868647,0.02022218743975751,1.6824546279456587,
1533,100,5,23.9,18.5,23.2,1.1,1e-06,80,0.45,0.55,True,42.900000000000006,3,0.004342159845499638,0.06589506692841003,0.28593301832916684,
1517,100,5,25.8,68.0,66.3,4.68,1e-07,120,0.35,0.40,True,102.60000000000001,3,0.001665020135342662,0.04080465825543282,0.2671386436686368,
1527,100,5,11.0,53.7,49.1,3.43,1e-06,50,0.35,0.40,True,84.4,3,0.002133856471780774,0.046193684327846964,0.10696767839975178,
1516,100,5,80.3,54.0,89.8,4.92,1e-07,120,center,center,True,113.4,3,0.016737414358729986,0.1293731593443168,6.167889459399344,
1521,100,5,71.5,29.0,70.7,4.8,1e-06,25,center,center,True,110.2,3,0.005654597869316165,0.07519706024384308,0.0796170781654742,
1520,100,5,12.8,80.5,75.9,3.7,1e-07,120,0.60,0.58,True,109.9,3,0.003356415416393134,0.05793457876254158,0.25567143713173096,
1519,100,5,71.8,56.3,84.3,3.66,1e-07,120,0.60,0.45,True,116.2,3,0.0016135542808847008,0.040169071197685174,0.08187391674225768,
1509,100,5,73.0,79.3,100.8,1.17,1e-07,50,0.60,0.45,True,133.5,3,0.01007502664791255,0.10037443224204334,0.1647223974577073,
1524,100,5,77.3,42.6,81.5,4.12,1e-06,25,0.60,0.45,True,114.30000000000001,3,0.024234019316108482,0.15567279568411585,1.6377830624039038,
1529,100,5,48.1,24.1,47.1,3.43,1e-06,50,0.60,0.45,True,96.10000000000001,3,0.0015536009711282822,0.03941574521848194,2.370526475192917,
1503,100,5,75.6,42.9,80.1,4.9,1e-07,25,0.45,0.55,True,150.5,3,0.002769735018921018,0.05262827204954594,0.1974165533917246,
1526,100,5,66.7,51.1,77.1,4.74,1e-06,50,center,center,True,109.30000000000001,3,0.007762011094253609,0.0881022763284446,0.08412847860493913,
1541,100,5,15.8,40.0,36.7,4.3,1e-05,25,center,center,True,53.300000000000004,3,0.0016577213252250188,0.04071512403548611,2.979100972431615,
1528,100,5,67.0,78.4,96.0,2.91,1e-06,50,0.45,0.55,True,114.7,3,0.004975005272122693,0.0705337172714064,0.2524889876019256,
1532,100,5,30.4,42.3,45.1,3.39,1e-06,80,0.35,0.40,True,83.10000000000001,3,0.0017639153979505217,0.041998992820668,0.06348967933317162,
1545,100,5,32.0,10.2,27.5,1.92,1e-05,25,0.60,0.58,True,41.2,3,0.02202573754797516,0.14841070563802047,0.30724555925557634,
1525,100,5,80.8,63.5,95.7,2.96,1e-06,25,0.60,0.58,True,129.5,3,0.003436860314069622,0.058624741484032336,1.8758564080514473,
1530,100,5,57.1,74.0,86.4,4.56,1e-06,50,0.60,0.58,True,108.80000000000001,3,0.005306805243361272,0.07284782250253793,0.07018398905523716,
1531,100,5,34.3,70.6,71.9,3.61,1e-06,80,center,center,True,103.60000000000001,3,0.04152904674679232,0.20378676784029018,3.521959433991582,
1550,100,5,18.3,39.4,36.8,3.83,1e-05,50,0.60,0.58,True,51.900000000000006,3,0.0014633236046815152,0.03825341298082454,1.0476728529946395,
1558,100,5,23.7,10.5,19.5,1.28,1e-05,120,0.45,0.55,True,34.4,3,0.0011862105280001376,0.034441407172183566,0.3203262865535179,
1534,100,5,78.5,44.1,83.3,3.54,1e-06,80,0.60,0.45,True,108.80000000000001,3,0.010005200642589177,0.1000259998329893,0.544360554990691,
1547,100,5,25.1,48.2,47.6,2.98,1e-05,50,0.35,0.40,True,62.7,3,0.003478812232422777,0.05898145668278105,0.27010337098980325,
1542,100,5,58.7,70.3,84.6,2.64,1e-05,25,0.35,0.40,True,79.10000000000001,3,0.0021844106832119145,0.04673767948039263,0.2097383310690023,
1559,100,5,18.5,30.1,28.5,2.95,1e-05,120,0.60,0.45,True,41.5,3,0.006274290630219203,0.07921041995987146,1.7424054062512864,
1535,100,5,43.7,71.2,76.7,3.57,1e-06,80,0.60,0.58,True,104.4,3,0.0011762762458255073,0.03429688390838893,0.17179381341144392,
1546,100,5,20.3,76.5,73.2,1.71,1e-05,50,center,center,True,76.10000000000001,3,0.05129737563886139,0.22648923956528572,7.749875454364739,
1536,100,5,39.6,71.1,74.6,3.43,1e-06,120,center,center,True,105.5,3,0.006977664746624135,0.08353241733976179,3.2643292672546607,
1549,100,5,39.8,72.9,76.3,1.49,1e-05,50,0.60,0.45,True,70.9,3,0.0035621880304436077,0.05968406848099087,0.38161584853252667,
1543,100,5,11.5,80.3,75.6,1.73,1e-05,25,0.45,0.55,True,83.60000000000001,3,0.03217009303751335,0.17936023259773431,3.3116164387687737,
1557,100,5,38.5,16.0,35.3,1.27,1e-05,120,0.35,0.40,True,60.1,3,0.004430715363238516,0.06656361891633084,0.6380442879939832,
1539,100,5,39.0,60.4,65.0,1.73,1e-06,120,0.60,0.45,True,95.4,3,0.0013740050377936178,0.03706757393994942,0.07537102847386244,
1554,100,5,42.0,28.1,43.6,2.0,1e-05,80,0.60,0.45,True,63.300000000000004,3,0.002865121675997387,0.053526831365189056,3.0828394743025966,
1552,100,5,47.0,34.2,51.2,1.29,1e-05,80,0.35,0.40,True,71.0,3,0.018523649171487258,0.13610161340515864,0.43095139756864953,
1538,100,5,64.0,61.3,81.6,3.99,1e-06,120,0.45,0.55,True,106.4,3,0.004341255060753934,0.0658882012256666,0.1528110102363154,
1548,100,5,40.7,64.6,69.4,2.37,1e-05,50,0.45,0.55,True,82.9,3,0.023946765129692498,0.15474742366092076,1.1603011539789851,
1544,100,5,67.5,76.7,95.1,2.19,1e-05,25,0.60,0.45,True,94.60000000000001,3,0.006691713351095982,0.0818028932929391,0.10364420082871015,
1537,100,5,50.0,75.6,83.7,3.11,1e-06,120,0.35,0.40,True,106.2,3,0.0013802477960307418,0.037151686314765606,0.7526995843489332,
1551,100,5,25.3,79.2,76.9,3.12,1e-05,80,center,center,False,78.5,3,0.06894199988173466,0.26256808618286925,15.016855809456333,vittima non trovata entro 15 minuti
1560,100,5,38.3,18.7,36.1,4.9,1e-05,120,0.60,0.58,True,51.2,3,0.005044555161278587,0.07102503193437218,1.047207468110712,
1555,100,5,27.3,77.4,75.8,2.94,1e-05,80,0.60,0.58,True,77.4,3,0.0303509684244117,0.1742152933137952,0.9508942238550204,
1556,100,5,54.1,49.2,66.0,3.98,1e-05,120,center,center,True,81.7,3,0.0030460318073367333,0.05519086706454913,0.29302114562302223,
1540,100,5,71.5,80.2,100.4,2.07,1e-06,120,0.60,0.58,True,122.10000000000001,3,0.004849266108097856,0.06963667214979372,0.057197827891644154,
1564,100,5,20.7,41.8,40.0,2.73,1e-07,25,0.60,0.45,True,67.2,3,0.005415105457363328,0.07358740012640294,1.3228472022228686,
1565,100,5,30.6,29.7,35.6,4.77,1e-07,25,0.60,0.58,True,67.10000000000001,3,0.0023679246355118072,0.04866132587087828,0.297892550109896,
1553,100,5,79.0,58.7,91.4,1.9,1e-05,80,0.45,0.55,True,107.10000000000001,3,0.0012136056431790358,0.03483684318618775,0.24550711633085073,
1571,100,5,16.2,30.1,27.5,3.51,1e-07,80,center,center,True,51.300000000000004,3,0.023126571070433106,0.15207422881748606,2.7623748885465877,
1567,100,5,26.4,35.5,37.3,3.92,1e-07,50,0.35,0.40,True,69.0,3,0.0023534851102241846,0.048512731424072426,0.16747170085638358,
1562,100,5,66.8,26.7,65.5,3.92,1e-07,25,0.35,0.40,True,102.4,3,0.010293412491560613,0.10145645613543089,1.4040314154050526,
1563,100,5,37.3,60.0,63.8,3.96,1e-07,25,0.45,0.55,True,102.10000000000001,3,0.014985350701626354,0.12241466702003627,1.7080484755934895,
1561,100,5,62.7,76.7,92.0,4.11,1e-07,25,center,center,True,109.7,3,0.009367971907476989,0.09678828393703955,0.14768714674502556,
1595,100,5,15.1,18.9,17.1,3.65,1e-06,80,0.60,0.58,True,20.6,3,0.004160130021808269,0.06449906992979255,0.6060811345625855,
1581,100,5,31.2,27.1,34.3,3.36,1e-06,25,center,center,True,64.9,3,0.04340350278337815,0.20833507333950793,1.7282129764529948,
1566,100,5,72.9,41.1,76.9,2.62,1e-07,50,center,center,True,105.2,3,0.027877937535066878,0.16696687556239076,0.3038221752487539,
1569,100,5,42.7,55.8,63.2,2.41,1e-07,50,0.60,0.45,True,95.10000000000001,4,0.0008878892186583536,0.029797470004320058,0.1592920549705219,
1585,100,5,54.1,15.1,50.1,2.97,1e-06,25,0.60,0.58,True,82.4,3,0.005764909290860078,0.07592699974883821,1.194541769918734,
1570,100,5,57.7,62.2,77.7,4.43,1e-07,50,0.60,0.58,True,105.30000000000001,3,0.0018528524990902061,0.04304477319129706,0.25868324051996094,
1586,100,5,26.0,48.6,48.4,1.69,1e-06,50,center,center,True,84.30000000000001,3,0.036107704042738706,0.19002027271514665,3.1664726501059715,
1584,100,5,39.4,42.5,50.9,4.36,1e-06,25,0.60,0.45,True,84.10000000000001,3,0.003690465867761633,0.06074920466772905,0.782954997441441,
1568,100,5,65.6,76.8,93.9,1.06,1e-07,50,0.45,0.55,True,116.9,3,0.004220120150573367,0.06496245185161477,0.20641667198664637,
1583,100,5,31.6,51.8,53.9,4.37,1e-06,25,0.45,0.55,True,87.5,3,0.015293700257539136,0.12366770094709102,1.835710580116467,
1573,100,5,46.8,56.9,66.7,3.26,1e-07,80,0.45,0.55,True,100.4,3,0.001971935029618562,0.044406475086619546,0.8292572645040623,
1572,100,5,67.4,41.2,72.1,2.5,1e-07,80,0.35,0.40,True,105.4,3,0.004889337027667481,0.06992379443127697,0.9552457634725056,
1575,100,5,20.7,63.6,60.6,1.89,1e-07,80,0.60,0.58,True,99.2,3,0.005899244829235073,0.0768065415784038,0.1374613858469207,
1580,100,5,17.4,64.5,60.7,3.39,1e-07,120,0.60,0.58,True,99.7,3,0.001426285983563353,0.03776620160359462,0.3098527273237065,
1579,100,5,47.1,64.3,72.7,3.2,1e-07,120,0.60,0.45,True,98.9,3,0.0038505818486583394,0.06205305672292332,0.20771049034687808,
1577,100,5,42.3,43.1,53.3,1.75,1e-07,120,0.35,0.40,True,104.80000000000001,4,0.0034833481449105075,0.059019896178411795,0.2752877991461152,
1582,100,5,54.8,25.5,53.8,3.3,1e-06,25,0.35,0.40,True,100.10000000000001,3,0.004370702468079418,0.06611128850717869,1.0059841302479517,
1576,100,5,48.6,75.6,83.0,3.38,1e-07,120,center,center,True,109.80000000000001,3,0.05460795715397483,0.23368345502832422,2.144940533560735,
1578,100,5,50.0,79.9,87.4,2.12,1e-07,120,0.45,0.55,True,110.7,3,0.0007423833803471134,0.027246713202643606,0.9509059281754932,
1574,100,5,68.9,71.2,92.0,4.83,1e-07,80,0.60,0.45,True,122.2,3,0.004112320233117366,0.06412737506804224,0.07279462718722313,
1587,100,5,67.1,19.2,63.7,4.6,1e-06,50,0.35,0.40,True,108.10000000000001,3,0.05232318081153044,0.22874260821178558,2.3091534732719943,
1589,100,5,21.9,63.2,60.6,3.44,1e-06,50,0.60,0.45,True,95.10000000000001,3,0.0017797287299864744,0.0421868312389835,0.17221733747989368,
1593,100,5,56.8,25.9,55.8,1.51,1e-06,80,0.45,0.55,True,88.2,3,0.013801838001078124,0.11748122403634602,0.0705812509418536,
1588,100,5,68.4,52.3,79.1,2.17,1e-06,50,0.45,0.55,True,110.60000000000001,3,0.006784521173158377,0.08236820486788805,0.0880527776897793,
1601,100,5,44.6,18.9,42.0,3.39,1e-05,25,center,center,True,59.800000000000004,3,0.0014264181536233847,0.037767951408878196,0.4683331388592962,
1590,100,5,78.0,9.2,73.1,4.61,1e-06,50,0.60,0.58,True,114.80000000000001,3,0.05755894518469466,0.23991445388866145,8.62127972674268,
1598,100,5,17.4,41.0,38.0,3.95,1e-06,120,0.45,0.55,True,69.5,3,0.012046869410569297,0.1097582316301119,1.7147600281218849,
1591,100,5,31.9,61.2,62.3,3.66,1e-06,80,center,center,True,102.30000000000001,4,0.005140551088255762,0.07169763655976229,3.289234498954441,
1592,100,5,26.0,75.0,73.1,2.58,1e-06,80,0.35,0.40,True,103.10000000000001,3,0.0198112945148771,0.14075260038406787,0.48908889861837124,
1599,100,5,33.9,45.3,49.6,4.32,1e-06,120,0.60,0.45,True,83.80000000000001,3,0.011238188032760336,0.10601032040683744,0.5759660466659694,
1606,100,5,23.1,62.7,60.5,1.4,1e-05,50,center,center,True,64.4,3,0.0031844988733651853,0.056431364269926926,2.2832779695120684,
1597,100,5,54.9,31.1,56.3,4.57,1e-06,120,0.35,0.40,True,92.5,3,0.0008614736289338505,0.029350871008095324,1.6428467374175164,
1607,100,5,41.3,55.1,61.9,3.85,1e-05,50,0.35,0.40,True,66.8,3,0.031575426988179014,0.17769475790855233,0.6440819733490695,
1612,100,5,18.9,52.1,49.1,3.96,1e-05,80,0.35,0.40,True,61.0,3,0.0022109817735951024,0.047021077971427905,0.25361025023895517,
1617,100,5,32.5,36.1,41.6,4.13,1e-05,120,0.35,0.40,True,54.6,3,0.0013455980092856278,0.036682393723496666,0.49577531172061245,
1611,100,5,16.6,53.9,50.3,2.06,1e-05,80,center,center,True,62.5,3,0.008065379623773962,0.08980745861994961,2.407060276400129,
1614,100,5,31.5,59.7,60.8,1.38,1e-05,80,0.60,0.45,True,65.10000000000001,3,0.017924616222219292,0.1338828451379014,0.24861556793328043,
1594,100,5,76.3,68.9,95.7,2.5,1e-06,80,0.60,0.45,True,125.2,3,0.004061450805762135,0.06372951283167114,0.18322759637550745,
1600,100,5,69.4,16.5,65.4,4.17,1e-06,120,0.60,0.58,False,102.60000000000001,3,0.07208700571620802,0.2684902339307857,14.427443903414057,vittima non trovata entro 15 minuti
1596,100,5,69.5,58.1,83.5,1.3,1e-06,120,center,center,True,110.7,3,0.0053372833033215805,0.07305671292442317,0.2333958682522089,
1620,100,5,33.6,22.4,33.5,2.92,1e-05,120,0.60,0.58,True,53.2,3,0.0006359390081992828,0.025217831155737457,0.9260057874822831,
1605,100,5,69.4,32.3,70.0,3.06,1e-05,25,0.60,0.58,False,88.0,3,0.04606826185579055,0.21463518317319402,13.477870888388155,vittima non trovata entro 15 minuti
1608,100,5,60.4,15.9,56.4,3.44,1e-05,50,0.45,0.55,True,82.10000000000001,3,0.012386961433549167,0.11129672696692014,0.10814480337993684,
1603,100,5,55.3,68.2,80.8,2.94,1e-05,25,0.45,0.55,True,88.30000000000001,3,0.013373390085199268,0.11564337458410347,0.39050179651324735,
1609,100,5,59.3,18.3,56.0,3.0,1e-05,50,0.60,0.45,True,85.0,3,0.009169596099325262,0.09575800801669415,3.5226667982358757,
1615,100,5,41.1,48.4,56.5,2.36,1e-05,80,0.60,0.58,True,72.7,3,0.001987822352083989,0.0445850014251877,0.19104006615376637,
1602,100,5,67.7,76.6,95.2,1.56,1e-05,25,0.35,0.40,True,109.5,3,0.01257202083102507,0.11212502321527104,0.9526275539873349,
1610,100,5,61.3,78.8,92.8,4.21,1e-05,50,0.60,0.58,True,92.80000000000001,3,0.028296942764895004,0.1682169514790201,1.5605058805419174,
1618,100,5,59.7,34.3,62.1,1.37,1e-05,120,0.45,0.55,True,79.30000000000001,3,0.019045534426859564,0.13800555940562526,0.4065548408828464,
1604,100,5,69.5,52.2,80.0,3.39,1e-05,25,0.60,0.45,True,100.60000000000001,3,0.008597987733226523,0.09272533490490353,0.043249085737028986,
1613,100,5,60.0,71.0,85.9,3.19,1e-05,80,0.45,0.55,True,89.80000000000001,3,0.005042006310995022,0.07100708634351238,0.29889130690249743,
1616,100,5,49.1,61.1,71.4,3.43,1e-05,120,center,center,True,84.7,3,0.005288964015239605,0.07272526394066649,0.09377832334347114,
1626,100,5,23.0,24.0,26.1,2.46,1e-07,50,center,center,True,50.0,3,0.0007586461134701497,0.02754353124546941,1.516254214044128,
1629,100,5,11.7,29.0,25.0,3.87,1e-07,50,0.60,0.45,True,37.300000000000004,3,0.012593350062582605,0.1122200965183269,1.6474876323921512,
1623,100,5,15.2,35.0,31.7,2.96,1e-07,25,0.45,0.55,True,64.60000000000001,3,0.0008539902518399227,0.02922311160434362,1.0419400800469427,
1628,100,5,27.1,21.6,27.7,1.87,1e-07,50,0.45,0.55,True,50.2,3,0.009042723924828359,0.0950932380604865,0.4329762685086128,
1619,100,5,78.1,58.7,90.7,1.24,1e-05,120,0.60,0.45,True,108.10000000000001,3,0.012112994064284916,0.11005904808004163,1.0316304436632016,
1624,100,5,57.7,58.8,75.3,1.4,1e-07,25,0.60,0.45,True,92.0,3,0.21495912268420544,0.4636368435361942,0.41804978163771017,
1622,100,5,26.9,46.7,47.1,1.73,1e-07,25,0.35,0.40,True,93.80000000000001,3,0.0021326591502512497,0.04618072271252638,0.5564472262442692,
1627,100,5,29.5,37.8,41.0,4.07,1e-07,50,0.35,0.40,True,81.30000000000001,3,0.006724199120782971,0.08200121414212701,0.21359745856950285,
1625,100,5,22.6,53.1,51.2,3.23,1e-07,25,0.60,0.58,True,94.4,3,0.0020615018757864727,0.045403764995718944,0.1504805098931915,
1643,100,5,33.5,17.3,31.0,1.01,1e-06,25,0.45,0.55,True,61.400000000000006,3,0.00930123085288464,0.09644288907371368,0.03437026180528857,
1621,100,5,18.8,61.2,57.8,3.87,1e-07,25,center,center,True,112.2,3,0.01495743684692746,0.12230060035391266,3.8661131383231724,
1631,100,5,44.5,19.8,42.2,4.43,1e-07,80,center,center,True,78.60000000000001,3,0.003628842818562802,0.06023987731198331,0.49540570975931353,
1641,100,5,56.0,17.5,52.5,4.28,1e-06,25,center,center,False,76.60000000000001,3,0.009316080255628186,0.09651984384378265,12.46986468369285,vittima non trovata entro 15 minuti
1642,100,5,36.4,29.2,39.7,3.42,1e-06,25,0.35,0.40,True,76.60000000000001,3,0.00837915878967173,0.0915377451637942,0.2810646354495709,
1633,100,5,41.7,30.1,44.5,3.12,1e-07,80,0.45,0.55,True,88.60000000000001,3,0.0001864152001682154,0.013653395188311785,0.17273482623405156,
1630,100,5,55.0,44.2,63.5,1.06,1e-07,50,0.60,0.58,True,98.10000000000001,3,0.001413736096931174,0.037599682138698645,0.266296480381516,
1632,100,5,58.9,25.5,57.7,2.83,1e-07,80,0.35,0.40,True,100.0,3,0.05561993545754025,0.2358387912484718,1.255435172899413,
1639,100,5,20.5,60.5,57.6,2.88,1e-07,120,0.60,0.45,True,94.60000000000001,3,0.0012533113941473346,0.0354021382708352,0.19654067778268566,
1635,100,5,18.1,67.4,63.8,3.83,1e-07,80,0.60,0.58,True,100.60000000000001,3,0.0019365976756894126,0.04400679124509548,0.2471048800347152,
1634,100,5,58.5,68.5,83.0,2.32,1e-07,80,0.60,0.45,True,104.5,3,0.003798967682252138,0.06163576625833525,0.5968434659207082,
1659,100,5,9.5,30.3,25.7,3.39,1e-06,120,0.60,0.45,True,38.300000000000004,3,0.006132226264830501,0.07830853251613454,0.983838830250874,
1636,100,5,73.2,44.8,79.0,3.8,1e-07,120,center,center,True,106.2,3,0.011067265792572029,0.10520107315313865,0.5865957915377689,
1637,100,5,51.2,38.9,57.3,3.51,1e-07,120,0.35,0.40,True,102.9,3,0.014067478631154715,0.11860640215078912,1.3937109469582944,
1649,100,5,48.7,28.6,49.6,2.75,1e-06,50,0.60,0.45,True,86.30000000000001,3,0.005088483951467318,0.07133361025118046,1.5892066579969857,
1638,100,5,44.0,72.7,78.1,1.76,1e-07,120,0.45,0.55,True,105.4,3,0.001177215423595528,0.03431057305839598,0.5833306668257228,
1644,100,5,43.9,46.2,56.7,3.82,1e-06,25,0.60,0.45,True,97.80000000000001,3,0.020970811487876703,0.1448130225079109,0.3095824673174216,
1661,100,5,24.4,16.1,22.4,2.24,1e-05,25,center,center,True,37.300000000000004,3,0.01508946099790312,0.12283916719802003,1.0032297211092338,
1646,100,5,72.6,16.3,68.6,2.85,1e-06,50,center,center,True,105.9,3,0.02302947875371473,0.15175466633258672,0.9682855635922168,
1645,100,5,44.4,43.9,55.4,4.45,1e-06,25,0.60,0.58,True,97.4,3,0.002227073837598954,0.047191883174958746,0.14481550653166617,
1648,100,5,11.2,60.2,55.5,2.56,1e-06,50,0.45,0.55,True,97.80000000000001,3,0.008194603744329058,0.09052405064030807,0.9800059769615083,
1640,100,5,69.6,56.5,82.6,1.55,1e-07,120,0.60,0.58,True,117.5,3,0.0037317485619783562,0.061088039434723684,0.17025175276327995,
1647,100,5,24.8,70.0,68.0,4.86,1e-06,50,0.35,0.40,True,103.2,3,0.0012686130010651118,0.03561759398197907,0.2873571162744785,
1666,100,5,19.9,19.7,21.0,1.18,1e-05,50,center,center,True,35.6,3,0.0015401935380119375,0.039245299565832566,1.68554970872347,
1651,100,5,15.5,67.9,63.8,1.25,1e-06,80,center,center,True,101.80000000000001,3,0.06159100131448218,0.2481753438891184,1.968268663848223,
1650,100,5,28.1,68.0,67.1,3.63,1e-06,50,0.60,0.58,True,103.2,3,0.0023744059938190024,0.048727876968107306,0.2310816797343814,
1652,100,5,47.4,57.8,67.7,1.8,1e-06,80,0.35,0.40,True,100.30000000000001,3,0.0012856709050814083,0.03585625336090496,0.04685170591014075,
1653,100,5,70.6,30.2,70.3,1.61,1e-06,80,0.45,0.55,True,104.5,3,0.008277469126664744,0.09098059752862005,0.2000484599034923,
1657,100,5,22.9,42.5,41.6,3.48,1e-06,120,0.35,0.40,True,73.7,3,0.0033338976291614588,0.057739913657377934,0.2336057877173233,
1654,100,5,59.6,68.4,83.6,1.13,1e-06,80,0.60,0.45,True,105.10000000000001,3,0.0034579474980155848,0.058804315300967365,0.6864318894527519,
1673,100,5,39.8,12.0,35.5,4.76,1e-05,80,0.45,0.55,True,49.300000000000004,3,0.02513844808990772,0.15855108984143793,4.057377759022389,
1662,100,5,47.4,44.0,57.6,3.6,1e-05,25,0.35,0.40,True,83.10000000000001,3,0.035746388017927164,0.1890671521389349,0.11910348150448062,
1656,100,5,66.8,37.2,69.7,3.66,1e-06,120,center,center,True,102.2,3,0.004205316428746559,0.06484841115051747,0.13002683610486068,
1663,100,5,55.3,46.2,65.0,1.9,1e-05,25,0.45,0.55,True,79.10000000000001,3,0.0011006971144031763,0.03317675563407574,0.24606360176765613,
1664,100,5,51.9,54.5,68.2,3.59,1e-05,25,0.60,0.45,True,80.80000000000001,3,0.008522908797376615,0.09231960137141308,0.17053457028573307,
1660,100,5,59.8,30.6,60.5,4.52,1e-06,120,0.60,0.58,True,93.2,3,0.019070861083701943,0.1380972884733873,0.6415708858414736,
1655,100,5,72.5,66.5,91.4,5.0,1e-06,80,0.60,0.58,True,121.2,3,0.004840985162980527,0.06957718852454824,0.13974030350300398,
1675,100,5,50.7,10.1,46.0,4.33,1e-05,80,0.60,0.58,True,61.7,3,0.0018202223993898233,0.04266406449683179,1.479834636931171,
1684,100,5,9.1,27.2,22.6,1.41,1e-07,25,0.60,0.45,True,35.4,3,0.0011549543999174363,0.03398462004962592,1.9955266410868344,
1677,100,5,28.8,50.3,51.2,2.27,1e-05,120,0.35,0.40,True,60.0,3,0.0015615258889478069,0.039516147192607314,0.27199711493060547,
1683,100,5,28.2,10.5,23.9,1.21,1e-07,25,0.45,0.55,True,44.0,3,0.00016493314604606974,0.012842630028388646,0.42721614633358473,
1665,100,5,68.9,79.6,98.2,1.49,1e-05,25,0.60,0.58,True,94.60000000000001,3,0.04272240392327593,0.20669398618072063,3.278259045691155,
1658,100,5,58.2,62.5,78.3,4.73,1e-06,120,0.45,0.55,True,108.7,3,0.005075416997250383,0.07124196093069296,0.15800677206257313,
1668,100,5,64.8,58.8,80.4,4.32,1e-05,50,0.45,0.55,True,87.30000000000001,3,0.004554775147023559,0.06748907427890502,0.2048444122492321,
1671,100,5,42.7,59.2,66.0,3.86,1e-05,80,center,center,True,76.9,3,0.00913183907887225,0.09556065654270197,1.7612137276405124,
1679,100,5,43.8,57.4,65.2,3.69,1e-05,120,0.60,0.45,True,68.7,3,0.003830941942070046,0.061894603497155115,0.27788844009878905,
1672,100,5,27.2,73.7,72.2,2.4,1e-05,80,0.35,0.40,True,76.7,3,0.008925304179337692,0.09447382801251197,0.5282973561260628,
1674,100,5,37.7,65.3,68.5,3.0,1e-05,80,0.60,0.45,True,76.80000000000001,3,0.006322331465085811,0.07951308989773828,0.08224563565837617,
1667,100,5,74.1,53.4,84.4,1.76,1e-05,50,0.35,0.40,True,102.10000000000001,3,0.03407245794734207,0.1845872637733765,0.6371477822399261,
1676,100,5,71.9,45.8,78.4,4.3,1e-05,120,center,center,True,86.0,3,0.03071349077301748,0.17525264840514532,0.2224159296456581,
1681,100,5,14.0,37.1,33.3,2.38,1e-07,25,center,center,True,65.0,3,0.0023914719816291166,0.048902678675396875,3.4921359089420245,
1669,100,5,65.8,73.3,91.4,1.23,1e-05,50,0.60,0.45,True,92.7,3,0.002752917817477744,0.05246825533098794,0.1442410503394468,
1680,100,5,29.0,68.0,67.4,1.52,1e-05,120,0.60,0.58,True,74.9,3,0.002666679754967804,0.05163990467620756,0.28876666515354055,
1670,100,5,72.5,80.2,101.0,2.11,1e-05,50,0.60,0.58,True,98.4,3,0.02718427180134569,0.1648765350234705,0.45541695769888746,
1678,100,5,53.4,75.4,85.5,3.94,1e-05,120,0.45,0.55,True,92.80000000000001,4,0.02648298902343981,0.16273594877420236,1.445781339360807,
1682,100,5,77.4,41.7,81.2,1.12,1e-07,25,0.35,0.40,True,118.60000000000001,3,0.005075219005314339,0.07124057134326155,0.5293447565708722,
1686,100,5,62.4,61.8,80.7,2.02,1e-07,50,center,center,True,107.30000000000001,3,0.0050674863116716585,0.07118627895649314,0.20032869160340327,
1696,100,5,15.8,41.4,38.0,4.49,1e-07,120,center,center,True,68.0,3,0.016432011016449255,0.12818740584179578,3.2014702974103546,
1697,100,5,25.9,35.3,36.8,1.88,1e-07,120,0.35,0.40,True,67.3,3,0.002179252923223145,0.046682469120893175,0.16996695314443525,
1689,100,5,55.5,60.2,74.8,4.46,1e-07,50,0.60,0.45,True,104.80000000000001,3,0.0026089285451569148,0.051077671688879035,0.20093321448531057,
1685,100,5,65.2,71.8,89.9,1.66,1e-07,25,0.60,0.58,True,118.5,3,0.004185764582712112,0.06469748513437065,0.9162267789218246,
1694,100,5,65.4,14.6,61.2,2.68,1e-07,80,0.60,0.45,False,90.30000000000001,3,0.0246439304991126,0.1569838542625088,12.699624593350844,vittima non trovata entro 15 minuti
1687,100,5,79.0,30.5,78.3,3.68,1e-07,50,0.35,0.40,True,121.5,3,0.032059662178389306,0.17905212140153298,1.959271955766539,
1692,100,5,35.8,45.4,50.8,2.45,1e-07,80,0.35,0.40,True,95.9,3,0.003789928779552228,0.06156239744805451,0.05924562157850767,
1693,100,5,52.5,27.9,52.8,2.55,1e-07,80,0.45,0.55,True,91.80000000000001,3,0.006994090839477335,0.08363068120897578,0.49165645061317886,
1688,100,5,78.5,61.2,92.5,4.37,1e-07,50,0.45,0.55,True,125.7,3,0.0022539688212778568,0.047475981519899686,0.3682090719352285,
1691,100,5,35.4,64.4,66.7,3.69,1e-07,80,center,center,True,103.10000000000001,3,0.014353082056299713,0.11980434907089021,3.051255960238037,
1714,100,5,33.1,24.0,33.9,3.28,1e-06,80,0.60,0.45,True,61.800000000000004,3,0.00022125731037278657,0.014874720514106696,2.032824869767404,
1706,100,5,11.6,53.1,48.5,3.29,1e-06,50,center,center,True,84.9,3,0.002878504943120061,0.0536517002817251,3.501792754966007,
1698,100,5,52.0,42.5,60.2,3.08,1e-07,120,0.45,0.55,True,100.0,3,0.0023221805731969284,0.048189008842234225,0.017911238809134335,
1705,100,5,15.3,51.6,47.8,3.52,1e-06,25,0.60,0.58,True,87.10000000000001,3,0.0022905111418107917,0.047859284802541625,0.6313450171460201,
1710,100,5,30.9,40.3,43.8,3.06,1e-06,50,0.60,0.58,True,82.30000000000001,3,0.0014173097288422143,0.03764717424777342,0.2827307546600785,
1709,100,5,12.0,50.5,46.1,2.27,1e-06,50,0.60,0.45,True,84.0,3,0.0027504309839562675,0.05244455151830615,0.5193742388494897,
1695,100,5,76.7,25.6,74.6,4.98,1e-07,80,0.60,0.58,False,114.60000000000001,3,0.0470893226423523,0.21700074341428488,13.098858029147568,vittima non trovata entro 15 minuti
1700,100,5,43.1,53.7,61.8,2.29,1e-07,120,0.60,0.58,True,98.5,3,0.0011978366882985374,0.034609777351184125,0.20362091278682248,
1690,100,5,78.7,63.4,94.0,4.64,1e-07,50,0.60,0.58,True,125.60000000000001,3,0.00404346109372749,0.0635882150537935,0.10581939449683092,
1717,100,5,30.5,9.9,25.9,4.84,1e-06,120,0.35,0.40,True,44.7,3,0.04020127932406183,0.2005025668764912,6.592474102734692,
1699,100,5,75.5,73.6,98.3,3.31,1e-07,120,0.60,0.45,True,116.5,3,0.005958985193385044,0.07719446348919749,0.4587159051608709,
1704,100,5,61.2,20.6,58.4,3.8,1e-06,25,0.60,0.45,True,106.80000000000001,3,0.05628546622185765,0.2372455820913377,2.2857757860836023,
1721,100,5,18.2,28.0,26.5,1.61,1e-05,25,center,center,True,42.300000000000004,3,0.0015130121765627347,0.03889745719918893,2.5434013130810116,
1701,100,5,77.1,22.1,74.1,3.18,1e-06,25,center,center,True,120.30000000000001,3,0.030389660443527127,0.1743263045083189,4.513321534825268,
1707,100,5,58.5,31.0,59.5,4.38,1e-06,50,0.35,0.40,True,105.5,3,0.004470787804091027,0.06686394995878592,1.938855899442151,
1703,100,5,66.1,46.2,73.7,4.49,1e-06,25,0.45,0.55,True,115.0,3,0.0013909189688291437,0.03729502606017515,0.24350749428266624,
1708,100,5,35.8,69.3,71.3,1.48,1e-06,50,0.45,0.55,True,103.7,3,0.015131105931657384,0.12300856039990625,0.6250815705769364,
1719,100,5,21.1,32.1,31.5,2.48,1e-06,120,0.60,0.45,True,51.400000000000006,3,0.0014895818698804984,0.038595101630653834,1.607003546140725,
1702,100,5,53.5,62.6,75.3,2.84,1e-06,25,0.35,0.40,True,114.5,3,0.003410101260739501,0.058396072305759585,0.37573519628866897,
1725,100,5,22.6,29.2,29.9,4.12,1e-05,25,0.60,0.58,True,41.1,3,0.01716465505741635,0.13101394985808323,0.41529108079451843,
1711,100,5,70.7,68.3,91.2,1.49,1e-06,80,center,center,True,119.60000000000001,3,0.006034162347206636,0.07767987092681498,0.09207725281218677,
1733,100,5,24.5,16.5,22.7,1.25,1e-05,80,0.45,0.55,True,36.300000000000004,3,0.0018387001571051292,0.04288006713037107,0.42046700273614146,
1712,100,5,69.6,27.4,68.3,1.52,1e-06,80,0.35,0.40,True,116.9,3,0.005536439110103484,0.07440725173061752,0.6774806306663866,
1713,100,5,38.2,61.0,65.1,1.59,1e-06,80,0.45,0.55,True,101.2,3,0.008922572314787446,0.09445936859193717,0.8341938327051108,
1724,100,5,22.7,44.1,42.9,2.23,1e-05,25,0.60,0.45,True,57.900000000000006,3,0.016550050559082905,0.128646999805992,1.1618594507843882,
1716,100,5,52.8,22.7,51.0,2.32,1e-06,120,center,center,True,82.60000000000001,3,0.007711915246909937,0.08781751104939114,0.3573506302570259,
1745,100,5,10.7,24.2,20.0,1.65,1e-07,25,0.60,0.58,True,24.6,3,0.0037506573827040335,0.06124261084166835,1.576901912601113,
1728,100,5,41.3,22.3,40.2,2.38,1e-05,50,0.45,0.55,True,61.2,3,0.009002762111580253,0.0948828862945276,0.32172398507690847,
1723,100,5,62.1,30.1,62.4,2.62,1e-05,25,0.45,0.55,True,79.4,3,0.0012216376731366033,0.034951933753894125,0.44045528351380814,
1726,100,5,21.1,67.6,64.6,1.45,1e-05,50,center,center,False,70.3,3,0.0708119861569145,0.2661052163278926,13.932445251004502,vittima non trovata entro 15 minuti
1732,100,5,19.6,59.5,56.5,1.34,1e-05,80,0.35,0.40,True,64.2,3,0.0016935717892161211,0.041153028919098056,0.606355222196567,
1727,100,5,39.9,51.8,58.4,3.22,1e-05,50,0.35,0.40,True,74.10000000000001,3,0.006500533603466809,0.08062588668329056,0.08935201598196443,
1731,100,5,35.1,59.2,61.9,1.68,1e-05,80,center,center,True,67.5,3,0.00471747981576166,0.0686839123504308,2.1429409802184463,
1718,100,5,43.2,51.8,60.4,1.71,1e-06,120,0.45,0.55,True,98.7,3,0.0081881087894482,0.09048816933416325,0.7092731412571043,
1715,100,5,59.3,58.3,76.1,3.9,1e-06,80,0.60,0.58,True,106.4,3,0.0046927258121737415,0.06850347299351867,0.2016665319612,
1729,100,5,54.3,33.1,56.8,3.0,1e-05,50,0.60,0.45,True,78.60000000000001,3,0.0238562226705252,0.15445459744055923,1.1077635600467124,
1722,100,5,80.7,66.0,97.2,2.22,1e-05,25,0.35,0.40,True,105.0,3,0.0003810166660362357,0.0195196482047253,0.6865283522669041,
1735,100,5,55.8,52.7,69.7,2.71,1e-05,80,0.60,0.58,True,80.4,3,0.010265714091881978,0.10131986030330864,0.24314411057982876,
1736,100,5,51.5,33.8,54.7,1.34,1e-05,120,center,center,True,74.2,3,0.03630970909417382,0.19055106689329718,0.4471510634565917,
1720,100,5,63.2,57.9,78.7,1.84,1e-06,120,0.60,0.58,True,104.9,3,0.004584956527435965,0.0677123070603562,0.10927040244864722,
1739,100,5,20.8,77.2,73.9,4.46,1e-05,120,0.60,0.45,True,72.4,3,0.029459687461137706,0.17163824591604782,7.875783394730854,
1734,100,5,60.1,70.1,85.3,2.51,1e-05,80,0.60,0.45,True,95.7,3,0.008169958247954577,0.09038782134753873,0.20593611734294906,
1730,100,5,73.3,41.5,77.4,4.3,1e-05,50,0.60,0.58,True,98.9,3,0.027670914973069394,0.16634576932723416,1.2457610893855837,
1738,100,5,57.0,55.8,72.7,2.87,1e-05,120,0.45,0.55,True,91.0,3,0.00783587491212745,0.08852047736048112,0.12194689874351694,
1747,100,5,12.6,40.2,36.0,1.42,1e-07,50,0.35,0.40,True,66.60000000000001,3,0.0022657705353842854,0.04760011066567267,0.39372732554043144,
1737,100,5,72.2,70.2,93.6,4.76,1e-05,120,0.35,0.40,True,93.5,3,0.004524947656278916,0.06726773116642865,1.1751823758407178,
1744,100,5,41.0,14.7,37.3,1.71,1e-07,25,0.60,0.45,True,71.9,3,0.00017385359230658962,0.013185355221100023,1.4232752672622886,
1740,100,5,59.4,53.8,73.0,4.55,1e-05,120,0.60,0.58,True,90.5,3,0.007651939042065088,0.08747536248604568,0.20426357032502038,
1743,100,5,37.3,27.8,39.5,1.38,1e-07,25,0.45,0.55,True,77.9,3,0.002127054414008611,0.04612000015187132,0.25545668423967394,
1754,100,5,32.9,13.9,29.3,2.79,1e-07,80,0.60,0.45,True,56.800000000000004,3,0.01402726868801811,0.11843677084426994,1.6081550634765018,
1748,100,5,25.9,38.5,39.5,4.55,1e-07,50,0.45,0.55,True,80.5,3,0.019494309866441926,0.13962202500480334,2.119982864252784,
1760,100,5,25.9,24.7,28.8,4.88,1e-07,120,0.60,0.58,True,53.1,3,0.0020341735868845815,0.045101813565361,0.5745026281204348,
1741,100,5,75.3,72.5,97.5,2.87,1e-07,25,center,center,True,112.4,3,0.001838599198855637,0.04287888989765986,1.275834704385826,
1742,100,5,72.7,64.3,90.0,4.92,1e-07,25,0.35,0.40,True,110.80000000000001,3,0.022103255411466585,0.148671636203637,2.330354860186904,
1780,100,5,9.1,16.3,12.0,3.65,1e-06,120,0.60,0.58,True,6.0,3,0.002660229686553126,0.051577414500468384,1.1099531058598364,
1749,100,5,60.8,9.7,56.0,4.93,1e-07,50,0.60,0.45,True,98.0,3,0.003082842454585384,0.05552335053457585,2.9726162641948477,
1746,100,5,59.2,53.3,72.6,3.58,1e-07,50,center,center,True,106.9,3,0.005862251564180132,0.07656534179496707,0.13154113868558742,
1775,100,5,16.7,25.6,23.7,3.54,1e-06,80,0.60,0.58,True,37.0,3,0.0022656690839670613,0.04759904499007371,0.6175275298259632,
1761,100,5,15.5,42.5,39.0,1.77,1e-06,25,center,center,True,75.9,3,0.009036628964959338,0.09506118537531151,3.285125132786117,
1759,100,5,39.8,27.5,41.5,3.83,1e-07,120,0.60,0.45,True,77.7,3,0.009509057239392283,0.09751439503679589,1.3170769826159276,
1756,100,5,30.0,40.6,43.5,2.92,1e-07,120,center,center,True,82.80000000000001,3,0.013016327229360771,0.11408911968001494,2.360327406946105,
1779,100,5,13.5,22.4,19.4,1.63,1e-06,120,0.60,0.45,True,23.400000000000002,3,0.03735018534927044,0.19326196043006094,2.1697235753930393,
1757,100,5,42.7,23.6,42.0,4.68,1e-07,120,0.35,0.40,True,84.30000000000001,3,0.008275247730303198,0.09096838863200336,2.3296399705951916,
1751,100,5,27.1,54.8,54.5,3.59,1e-07,80,center,center,True,98.4,3,0.007216874093144466,0.08495218710041823,3.264099503826819,
1763,100,5,52.5,12.8,48.1,3.81,1e-06,25,0.45,0.55,False,74.60000000000001,3,0.020862763651966355,0.14443948093221035,12.271421210847329,vittima non trovata entro 15 minuti
1750,100,5,55.7,17.1,52.1,4.48,1e-07,50,0.60,0.58,True,108.4,3,0.003530431081528506,0.05941743078868781,0.8049044226628225,
1768,100,5,17.5,38.4,35.7,2.12,1e-06,50,0.45,0.55,True,65.2,3,0.0005802075854529938,0.02408749853042017,0.8820305044833392,
1752,100,5,69.4,37.0,71.9,1.47,1e-07,80,0.35,0.40,True,110.60000000000001,3,0.014750190181434933,0.1214503609769643,0.7776861689377577,
1753,100,5,60.4,43.8,67.6,4.4,1e-07,80,0.45,0.55,True,110.80000000000001,3,0.00487028430108502,0.06978742222696738,0.04060002459371662,
1767,100,5,20.3,45.0,42.8,4.92,1e-06,50,0.35,0.40,True,79.4,3,0.002746110428622617,0.05240334367788583,0.19588452993461028,
1758,100,5,39.0,72.3,75.4,4.27,1e-07,120,0.45,0.55,True,105.30000000000001,3,0.0015752559168307739,0.039689493784007546,1.6864268253479489,
1774,100,5,14.2,45.0,41.0,4.91,1e-06,80,0.60,0.45,True,71.5,3,0.004627233685877517,0.06802377294650391,1.3844939743923186,
1755,100,5,79.4,74.5,101.8,2.33,1e-07,80,0.60,0.58,True,117.9,3,0.008152227749876045,0.09028968794871342,0.1473236111327666,
1776,100,5,38.8,19.9,36.9,3.2,1e-06,120,center,center,True,71.0,3,0.003096466177052042,0.05564589991232096,0.18564964541066095,
1797,100,5,18.7,11.0,14.9,4.81,1e-05,120,0.35,0.40,True,18.7,3,0.0007265421912925941,0.026954446595925396,1.690072535747289,
1791,100,5,14.5,25.2,22.3,4.16,1e-05,80,center,center,True,35.2,3,0.0057783035448735,0.0760151533897913,3.6586984403096245,
1764,100,5,80.4,61.1,94.0,3.21,1e-06,25,0.60,0.45,True,115.30000000000001,3,0.0052035889335232096,0.0721359059936396,0.4052596787987523,
1766,100,5,67.0,46.1,74.3,3.22,1e-06,50,center,center,True,113.7,3,0.0017887631778155577,0.042293772328979566,0.8355497687804582,
1765,100,5,79.4,19.9,75.8,1.33,1e-06,25,0.60,0.58,True,125.9,3,0.011261138951531295,0.10611851370769991,0.2010807554360411,
1772,100,5,53.3,49.4,65.6,4.85,1e-06,80,0.35,0.40,True,100.10000000000001,3,0.009576240217737599,0.09785826596531128,1.3804792316025212,
1783,100,5,38.6,39.5,48.1,4.25,1e-05,25,0.45,0.55,True,69.60000000000001,3,0.028121322440647897,0.1676941335904387,1.3478049626413222,
1762,100,5,80.4,23.9,77.8,3.18,1e-06,25,0.35,0.40,True,145.70000000000002,3,0.0046376002429187975,0.06809992836206803,1.083725147799549,
1771,100,5,70.5,48.4,78.6,4.53,1e-06,80,center,center,True,114.9,3,0.007058448080589275,0.0840145706445571,0.037102201734090325,
1770,100,5,79.5,75.3,102.5,2.38,1e-06,50,0.60,0.58,True,116.9,3,0.0043917940144562,0.06627061199699456,0.03921110287962693,
1773,100,5,65.3,74.7,92.2,4.68,1e-06,80,0.45,0.55,True,114.9,3,0.0026162297077185594,0.051149092931532615,0.3026705849565751,
1778,100,5,47.2,19.7,44.7,3.57,1e-06,120,0.45,0.55,True,87.10000000000001,3,0.004584006464772071,0.06770529126126015,0.11122049649278139,
1788,100,5,9.0,52.2,47.4,1.05,1e-05,50,0.45,0.55,True,63.300000000000004,3,0.005759427608825221,0.07589089279238466,0.47576750256798567,
1787,100,5,23.1,64.2,62.0,3.89,1e-05,50,0.35,0.40,True,67.8,3,0.002337412736034447,0.04834679654366406,0.28949386100239966,
1781,100,5,38.7,65.2,69.0,4.99,1e-05,25,center,center,True,83.10000000000001,3,0.0020461997608580726,0.045234939602679616,3.9698937031256785,
1786,100,5,72.0,25.3,70.0,4.85,1e-05,50,center,center,True,82.9,3,0.05943186506482884,0.24378651534658113,6.594832263786062,
1794,100,5,42.1,42.1,52.4,3.55,1e-05,80,0.60,0.45,True,62.7,3,0.0216891853103694,0.1472724866034705,0.2236071876947456,
1769,100,5,79.6,25.5,77.3,2.47,1e-06,50,0.60,0.45,True,130.5,3,0.020206513739440983,0.1421496174438784,7.569599501439225,
1785,100,5,42.5,40.1,51.3,2.38,1e-05,25,0.60,0.58,True,76.80000000000001,3,0.007107435219488316,0.08430560609762744,0.17631840737485693,
1784,100,5,21.2,72.6,69.5,3.89,1e-05,25,0.60,0.45,True,79.7,3,0.018713433156054393,0.13679705097718442,0.45105142936007786,
1777,100,5,55.6,48.0,66.4,1.84,1e-06,120,0.35,0.40,True,102.2,3,0.005259827916506789,0.07252467108858053,0.33466771272851215,
1796,100,5,27.0,52.9,52.7,1.92,1e-05,120,center,center,True,61.300000000000004,3,0.0011020358859037613,0.03319692585020127,1.878176609790758,
1792,100,5,50.5,35.3,54.7,1.75,1e-05,80,0.35,0.40,True,75.8,3,0.04095955719597829,0.20238467628745585,0.8831808559331498,
1800,100,5,40.9,12.2,36.7,1.71,1e-05,120,0.60,0.58,True,49.6,3,0.00044246373394447305,0.02103482193755091,6.665218014716151,
1789,100,5,66.1,22.2,63.5,2.53,1e-05,50,0.60,0.45,False,92.0,3,0.06345666836636848,0.25190607052305924,13.961655179143413,vittima non trovata entro 15 minuti
1795,100,5,39.4,45.1,52.8,2.15,1e-05,80,0.60,0.58,True,70.7,3,0.0016369085517096993,0.04045872652110666,0.11572607347478689,
1782,100,5,80.3,73.3,101.7,1.37,1e-05,25,0.35,0.40,True,103.0,3,0.05435883902462435,0.2331498209834705,3.0072542370505304,
1804,200,3,39.9,23.0,39.3,1.54,1e-07,25,0.60,0.45,True,81.2,3,0.00544215733666457,0.07377097895964625,2.372727161910379,
1793,100,5,42.6,80.7,84.5,4.71,1e-05,80,0.45,0.55,True,88.30000000000001,3,0.014495746780471204,0.12039828395982728,1.6862396882760502,
1790,100,5,63.3,80.3,95.3,1.71,1e-05,50,0.60,0.58,True,94.7,3,0.029083280197705293,0.1705382074425121,5.08228638215437,
1798,100,5,56.9,56.8,73.4,2.49,1e-05,120,0.45,0.55,True,91.2,3,0.00565882663284667,0.07522517286684471,0.13732411691105995,
1811,200,3,60.3,62.4,79.6,4.39,1e-07,80,center,center,True,116.0,3,0.01170597623551146,0.10819415989558522,3.3729738175733903,
1799,100,5,76.3,20.9,73.1,2.21,1e-05,120,0.60,0.45,False,119.30000000000001,3,0.06636335174647866,0.2576108533165454,14.977054464972014,vittima non trovata entro 15 minuti
1819,200,3,98.7,134.8,160.1,3.6,1e-07,120,0.60,0.45,True,144.3,3,0.005134916890569633,0.07165833441107623,0.03249561587020228,
1816,200,3,77.1,168.4,178.6,1.04,1e-07,120,center,center,False,135.0,3,0.002309754370279381,0.04805990397700958,11.02472745772349,vittima non trovata entro 15 minuti
1818,200,3,91.5,84.2,117.3,4.16,1e-07,120,0.45,0.55,True,133.3,3,0.003070916172866989,0.05541584766893843,0.15143892921303787,
1817,200,3,31.4,91.1,90.1,1.8,1e-07,120,0.35,0.40,True,127.5,3,0.0015189305467815692,0.038973459517748346,0.7710189262991004,
1813,200,3,87.5,45.1,91.7,1.5,1e-07,80,0.45,0.55,True,145.0,3,0.0016272994631569182,0.04033979998905446,0.15887316085448147,
1822,200,3,27.9,151.2,148.0,4.07,1e-06,25,0.35,0.40,True,129.5,3,0.0042072489391425895,0.06486330965301254,0.14609766475321367,
1812,200,3,136.1,157.3,201.0,4.27,1e-07,80,0.35,0.40,True,175.5,3,0.0019497264362403224,0.04415570672337068,0.23061293408509903,
1522,100,5,80.6,20.1,77.1,1.56,1e-06,25,0.35,0.40,False,900.0,0,0.040208065197636166,0.20051948832379402,4.496824464003181,vittima non trovata entro 15 minuti
1802,200,3,135.2,125.2,177.2,3.44,1e-07,25,0.35,0.40,True,224.20000000000002,3,0.010358469216707926,0.10177656516461894,1.4089517810706602,
1806,200,3,147.9,45.1,148.4,3.6,1e-07,50,center,center,True,207.60000000000002,3,0.025838369606870307,0.1607431790368422,3.6318731668772495,
1827,200,3,84.3,105.4,128.0,3.42,1e-06,50,0.35,0.40,True,142.4,3,0.004362552356166437,0.0660496204089504,0.07033687668065439,
1829,200,3,46.6,118.7,121.1,3.53,1e-06,50,0.60,0.45,True,129.1,3,0.003802840085912759,0.06166717186569171,0.28493851396798997,
1828,200,3,95.0,131.7,155.4,3.22,1e-06,50,0.45,0.55,True,148.8,3,0.0034242419597026144,0.058517022819882206,0.40458561605678217,
1820,200,3,161.7,124.8,197.3,2.77,1e-07,120,0.60,0.58,True,195.60000000000002,3,0.003957096454448383,0.06290545647595591,0.8590910445070925,
1814,200,3,163.3,32.2,160.6,2.8,1e-07,80,0.60,0.45,True,214.60000000000002,3,0.002582404598591262,0.05081736512838168,1.6113027411859695,
1824,200,3,110.4,42.3,111.8,4.03,1e-06,25,0.60,0.45,True,167.8,3,0.005702351097417407,0.0755139132704524,3.016461810487787,
1803,200,3,119.3,91.3,143.2,3.62,1e-07,25,0.45,0.55,True,244.0,3,0.0017305138149164624,0.041599444887119134,0.14737415138576543,
1815,200,3,163.9,106.1,188.3,3.23,1e-07,80,0.60,0.58,True,214.20000000000002,3,0.003430195657068124,0.05856787222588954,0.8815304659952345,
1831,200,3,54.6,91.2,99.4,3.61,1e-06,80,center,center,True,141.20000000000002,3,0.0074380474782799865,0.08624411561538553,3.695566773754652,
1830,200,3,95.1,57.9,104.5,1.89,1e-06,50,0.60,0.58,True,161.20000000000002,3,0.0020011277303863657,0.044733966182157,6.346275688601254,
1823,200,3,160.3,141.9,207.0,2.74,1e-06,25,0.45,0.55,True,199.20000000000002,3,0.010565455621875518,0.10278840217590464,0.5270523169261383,
1826,200,3,133.3,23.7,129.7,1.78,1e-06,50,center,center,True,232.10000000000002,3,0.003173459968037291,0.05633347111653329,0.608392460146531,
1837,200,3,77.1,129.4,143.8,2.36,1e-06,120,0.35,0.40,True,139.9,3,0.006111937565784746,0.07817888184020506,0.05853014587358771,
1834,200,3,69.3,144.0,153.2,1.81,1e-06,80,0.60,0.45,True,144.1,3,0.0036351561674673647,0.06029225628111262,0.2406233164912168,
1838,200,3,66.9,110.7,122.5,4.14,1e-06,120,0.45,0.55,True,136.70000000000002,3,0.005712621861786201,0.07558188845078033,1.45920508057766,
1835,200,3,99.0,149.0,172.0,3.66,1e-06,80,0.60,0.58,True,150.5,3,0.0029259394151634195,0.05409195333100312,0.4695630546117329,
1832,200,3,157.0,127.0,194.9,3.4,1e-06,80,0.35,0.40,True,190.8,3,0.012317187383986355,0.11098282472520851,1.2840291569223186,
1839,200,3,53.5,136.1,139.8,3.46,1e-06,120,0.60,0.45,True,132.9,3,0.003632213607038595,0.06026784886685931,0.011484985542942527,
1836,200,3,42.9,134.4,134.8,1.88,1e-06,120,center,center,True,140.20000000000002,3,0.017925605145757383,0.1338865383291292,2.0015503465852773,
1840,200,3,32.4,109.3,107.8,4.77,1e-06,120,0.60,0.58,True,146.4,3,0.026227148902380558,0.16194798208801664,4.562343146011545,
1833,200,3,150.8,118.7,184.9,2.16,1e-06,80,0.45,0.55,True,198.8,3,0.01053637299280171,0.10264683625325093,0.2429159764347198,
1851,200,3,47.4,95.8,100.2,1.27,1e-05,80,center,center,True,109.5,3,0.012373787947615192,0.11123752940269391,2.3450879967645455,
1810,200,3,145.9,90.5,164.8,4.49,1e-07,50,0.60,0.58,True,346.5,3,0.002192165761126722,0.04682056985051252,0.3627984174489797,
1850,200,3,73.9,71.3,95.6,3.93,1e-05,50,0.60,0.58,True,150.8,3,0.0011881611299773243,0.03446971322737287,2.3245399891505807,
1848,200,3,134.0,166.3,206.5,2.95,1e-05,50,0.45,0.55,True,172.60000000000002,3,0.006630387067534523,0.08142718874881119,0.564973844660029,
1854,200,3,66.2,104.8,117.1,1.23,1e-05,80,0.60,0.45,True,130.0,3,0.0057020166535278905,0.07551169878586954,0.18249688349661786,
1846,200,3,131.8,113.4,166.8,3.08,1e-05,50,center,center,True,184.4,3,0.0023820605000314235,0.04880635716821553,0.909595650318225,
1821,200,3,137.5,25.6,134.1,2.34,1e-06,25,center,center,True,350.1,3,0.0008097784503049841,0.02845660644393467,0.6282170778365161,
1842,200,3,110.8,24.6,107.5,1.6,1e-05,25,0.35,0.40,True,205.4,3,0.0006596097142771398,0.025682868108471448,0.13670942092054575,
1805,200,3,167.9,27.3,164.4,3.78,1e-07,25,0.60,0.58,True,416.3,3,0.0012742584758792686,0.03569675721797806,0.8565684650687074,
1852,200,3,77.9,19.5,74.3,4.67,1e-05,80,0.35,0.40,True,164.8,3,0.004146470109803846,0.06439309054396944,1.483802386535315,
1845,200,3,158.3,25.3,154.6,2.37,1e-05,25,0.60,0.58,True,213.3,3,0.005324258263175865,0.07296751512266171,6.124587076586362,
1859,200,3,28.9,150.6,147.6,1.93,1e-05,120,0.60,0.45,True,132.1,3,0.0013023828701969027,0.03608854209021061,0.18332769481767083,
1855,200,3,120.0,159.0,192.2,2.88,1e-05,80,0.60,0.58,True,165.4,3,0.004120622558278297,0.06419207550997473,0.4749340838588786,
1849,200,3,119.6,58.3,126.4,1.34,1e-05,50,0.60,0.45,True,239.70000000000002,3,0.001959294801108394,0.044263922116192934,1.369395932174697,
1865,200,3,37.1,66.9,69.7,1.06,1e-07,25,0.60,0.58,True,106.7,3,0.0064473626349141454,0.08029547082441292,0.783357739531836,
1863,200,3,29.3,79.3,78.2,3.39,1e-07,25,0.45,0.55,True,115.60000000000001,3,0.004136378343439904,0.06431468217631106,1.2562158061150348,
1867,200,3,24.9,35.5,36.4,2.07,1e-07,50,0.35,0.40,True,70.7,3,0.003728726962500947,0.061063302911822145,0.20070131238463948,
1853,200,3,121.3,69.1,132.8,1.91,1e-05,80,0.45,0.55,True,213.3,3,0.0001724782946854455,0.013133099203365728,0.4507189203392225,
1860,200,3,160.4,133.1,201.4,2.3,1e-05,120,0.60,0.58,True,173.4,3,0.003938254077152566,0.06275551033297846,0.20178024853551482,
1875,200,3,28.9,24.9,31.1,1.75,1e-07,80,0.60,0.58,True,57.7,3,0.0021481836588973825,0.046348502229277944,2.6631115705328625,
1862,200,3,123.8,107.3,156.7,1.1,1e-07,25,0.35,0.40,True,171.70000000000002,3,0.006328680993058463,0.07955300744194693,0.6821827743619461,
1857,200,3,132.4,47.8,134.4,4.18,1e-05,120,0.35,0.40,True,220.20000000000002,3,0.003950923753523061,0.0628563740087118,1.5093950785648726,
1858,200,3,121.3,94.2,146.6,3.57,1e-05,120,0.45,0.55,True,213.8,3,0.002186280459513603,0.04675767808086286,0.3518738597397028,
1864,200,3,73.1,111.6,126.5,4.0,1e-07,25,0.60,0.45,True,165.8,3,0.005055376303418294,0.07110116949402656,0.12288240786774177,
1866,200,3,128.8,149.6,190.4,4.0,1e-07,50,center,center,True,165.4,3,0.004589584374646592,0.06774647130771161,3.9180765653682887,
1870,200,3,102.3,143.7,169.5,3.04,1e-07,50,0.60,0.58,True,143.4,3,0.00019950799133807654,0.014124729779294064,4.40029568149068,
1872,200,3,34.3,94.1,93.7,2.43,1e-07,80,0.35,0.40,True,129.5,3,0.0007173355406870826,0.02678312044342635,3.2500861416472504,
1874,200,3,65.7,102.0,114.5,4.73,1e-07,80,0.60,0.45,True,135.9,3,0.010854504840006147,0.10418495495994681,0.12280012642195573,
1876,200,3,59.2,89.4,100.3,2.24,1e-07,120,center,center,True,117.2,3,0.003768126642388758,0.061385068562222506,2.433103423487968,
1869,200,3,73.4,89.3,108.5,1.06,1e-07,50,0.60,0.45,True,165.3,3,0.0020051196879670953,0.044778562817123724,1.6875668546610392,
1873,200,3,128.5,149.9,190.4,3.75,1e-07,80,0.45,0.55,True,163.5,3,0.0012551493560797765,0.03542808710726246,2.682668151743308,
1871,200,3,74.9,27.7,73.5,3.33,1e-07,80,center,center,True,161.60000000000002,3,0.00027338827121784355,0.016534457088693402,0.37364707688075854,
1877,200,3,108.3,117.7,152.8,3.95,1e-07,120,0.35,0.40,True,151.0,3,0.005629997762361477,0.07503331101825027,0.18325319087408484,
1880,200,3,58.8,123.1,129.8,3.21,1e-07,120,0.60,0.58,True,124.2,3,0.004393606379079703,0.06628428455584101,0.04676828722997293,
1879,200,3,85.7,97.8,123.0,2.49,1e-07,120,0.60,0.45,True,131.5,3,0.0020357503586054446,0.045119290315844336,0.12674396345543054,
1868,200,3,157.8,115.8,188.7,4.53,1e-07,50,0.45,0.55,True,222.3,3,0.003475665064388415,0.058954771345400156,0.22008831753857477,
1884,200,3,30.8,108.3,106.5,1.58,1e-06,25,0.60,0.45,True,122.80000000000001,3,0.0070093138096736785,0.08372164480989178,0.2167044074701526,
1890,200,3,38.2,38.0,46.8,4.75,1e-06,50,0.60,0.58,True,86.5,3,0.0068474629203039705,0.08274939830780627,0.17208157809860325,
1882,200,3,92.1,166.5,183.5,2.46,1e-06,25,0.35,0.40,True,157.10000000000002,3,0.002959582860734641,0.054402048313778054,0.2312757110301634,
1889,200,3,71.5,143.5,153.7,4.44,1e-06,50,0.60,0.45,True,138.9,3,0.0026090936689714297,0.051079288062495835,0.16246220866219135,
1887,200,3,75.7,153.2,164.2,4.98,1e-06,50,0.35,0.40,True,157.4,3,0.0030002503231052347,0.05477454082970696,0.3409188313786946,
1886,200,3,104.6,139.8,167.6,4.18,1e-06,50,center,center,True,166.70000000000002,3,0.001678780204906314,0.040972920385375436,0.032681419332908114,
1891,200,3,57.5,156.2,160.0,3.49,1e-06,80,center,center,True,147.0,3,0.008277267725357116,0.0909794906853029,3.929859152868352,
1893,200,3,50.7,129.6,132.7,3.47,1e-06,80,0.45,0.55,True,134.0,3,0.003431721632997679,0.05858089819213836,1.0412131595954481,
1894,200,3,123.4,58.8,130.0,1.0,1e-06,80,0.60,0.45,True,151.1,3,0.0010646667829141547,0.032629232030713724,5.70351426914962,
1897,200,3,99.1,108.0,139.5,2.51,1e-06,120,0.35,0.40,True,144.6,3,0.0050093421313614234,0.07077670613529159,0.03321061844117618,
1892,200,3,140.0,88.2,158.6,4.0,1e-06,80,0.35,0.40,True,211.8,3,0.0035609223841061395,0.059673464656463004,1.8037296494797885,
1878,200,3,168.3,106.1,192.1,1.3,1e-07,120,0.45,0.55,True,315.6,3,0.001951891559625812,0.04418021683543226,0.250804164178381,
1900,200,3,91.7,100.3,128.8,1.84,1e-06,120,0.60,0.58,True,140.8,3,0.003957178365194773,0.06290610753491885,0.18379640943310355,
1888,200,3,139.4,63.9,146.8,4.35,1e-06,50,0.45,0.55,True,257.1,3,0.002984872970092465,0.054633990977160596,0.3713047434150169,
1895,200,3,136.6,88.3,155.7,2.88,1e-06,80,0.60,0.58,True,244.70000000000002,3,0.005843328232699214,0.07644166555419377,0.28683099386161565,
1907,200,3,48.9,128.4,131.0,4.83,1e-05,50,0.35,0.40,True,128.8,3,0.00934151796912393,0.09665152854002843,0.38460649868990765,
1906,200,3,147.9,126.4,187.5,1.79,1e-05,50,center,center,True,160.5,3,0.003789093337780162,0.061555611748890626,0.25634856569086617,
1801,200,3,88.9,166.3,181.8,4.46,1e-07,25,center,center,False,900.0,1,0.3628450578263287,0.6023662157079601,2.9899471359078307,vittima non trovata entro 15 minuti
1911,200,3,50.1,76.5,84.5,2.31,1e-05,80,center,center,True,97.7,3,0.0018728598852722996,0.04327655121740063,2.5705971805203083,
1899,200,3,153.9,26.4,150.4,4.1,1e-06,120,0.60,0.45,True,287.3,3,0.0024305363735923893,0.04930047031816623,2.9364579097391705,
1847,200,3,27.9,57.8,57.6,2.1,1e-05,50,0.35,0.40,False,616.8000000000001,3,506.1579012476986,22.49795326796859,28.020040694714712,vittima non trovata entro 15 minuti
1913,200,3,75.7,67.2,94.2,2.58,1e-05,80,0.45,0.55,True,138.3,3,0.028523494807684405,0.16888900144084104,0.6379172265845137,
1916,200,3,35.1,20.2,33.8,4.94,1e-05,120,center,center,True,62.800000000000004,3,0.00959661749104374,0.09796232689684203,4.041779519645221,
1903,200,3,74.4,39.5,77.5,4.05,1e-05,25,0.45,0.55,True,239.60000000000002,3,0.004475011841497875,0.06689552930875034,0.7923304919397736,
1808,200,3,168.9,67.7,175.5,3.93,1e-07,50,0.45,0.55,False,900.0,2,8.751096975251757e-28,2.958225308398898e-14,0.32627247165863255,vittima non trovata entro 15 minuti
1912,200,3,134.0,32.5,131.9,1.79,1e-05,80,0.35,0.40,True,213.20000000000002,3,0.0022848555982966827,0.04780016316182072,2.069663056367301,
1914,200,3,149.5,49.1,151.1,4.88,1e-05,80,0.60,0.45,True,202.20000000000002,3,0.002188582573925674,0.046782289105233764,2.9443723508817716,
1807,200,3,169.4,105.4,192.6,4.98,1e-07,50,0.35,0.40,False,900.0,2,2.0194839173657902e-28,1.4210854715202004e-14,1.6135551983634735,vittima non trovata entro 15 minuti
1917,200,3,105.7,82.6,127.1,1.95,1e-05,120,0.35,0.40,True,137.20000000000002,3,0.006929738523487662,0.08324505104501806,0.23480956950619078,
1809,200,3,170.4,145.2,216.8,1.93,1e-07,50,0.60,0.45,False,900.0,2,0.0,0.0,2.3998987231685707,vittima non trovata entro 15 minuti
1919,200,3,99.1,118.3,147.3,1.13,1e-05,120,0.60,0.45,True,132.5,3,0.0023584073823994254,0.04856343668233772,0.4722666524957579,
1921,200,3,52.0,126.9,130.6,1.18,1e-07,25,center,center,True,122.80000000000001,3,0.003630705701265166,0.06025533753340998,1.60303450008249,
1918,200,3,143.8,78.9,157.2,4.25,1e-05,120,0.45,0.55,True,205.3,3,0.002894514683597964,0.053800694081005726,0.2468916110362014,
1825,200,3,21.6,46.2,44.5,3.57,1e-06,25,0.60,0.58,False,900.0,2,0.0,0.0,0.511130219020174,vittima non trovata entro 15 minuti
1924,200,3,95.6,156.2,176.2,1.92,1e-07,25,0.60,0.45,True,161.5,3,0.0032516190680934704,0.05702296965340783,0.18693387608818188,
1926,200,3,98.0,106.7,137.8,4.31,1e-07,50,center,center,True,136.6,3,0.002654303165277763,0.05151992978719753,4.055202352207284,
1925,200,3,40.2,139.8,139.4,1.35,1e-07,25,0.60,0.58,False,146.1,3,0.02597966911519011,0.16118209923930793,14.812787311287563,vittima non trovata entro 15 minuti
1841,200,3,53.2,76.7,86.3,4.75,1e-05,25,center,center,False,900.0,1,6.731613057885967e-29,8.204640795236539e-15,23.956212284016672,vittima non trovata entro 15 minuti
1928,200,3,68.3,59.6,83.6,1.37,1e-07,50,0.45,0.55,True,155.3,3,0.0015124413873522941,0.03889011940522032,0.6146648395828815,
1927,200,3,124.6,158.7,194.8,1.2,1e-07,50,0.35,0.40,True,175.4,3,0.0029809419286200805,0.05459800297282017,0.21270927165452275,
1923,200,3,152.5,97.8,174.2,3.96,1e-07,25,0.45,0.55,True,232.8,3,0.00513848316289257,0.07168321395482048,0.1086047633023971,
1932,200,3,159.3,164.8,222.2,1.88,1e-07,80,0.35,0.40,False,162.9,3,0.00922351583060671,0.09603913697345844,12.391528101580159,vittima non trovata entro 15 minuti
1843,200,3,165.2,153.8,218.6,3.92,1e-05,25,0.45,0.55,False,900.0,2,1.0770580892617547e-27,3.2818563180946156e-14,27.284048775556272,vittima non trovata entro 15 minuti
1931,200,3,155.0,22.3,151.0,2.41,1e-07,80,center,center,True,232.60000000000002,3,0.026704141476055408,0.16341401860322574,2.983795655771413,
1929,200,3,150.2,79.6,163.2,3.21,1e-07,50,0.60,0.45,True,242.20000000000002,3,0.0027354122917409894,0.05230116912403574,0.3409829234924998,
1844,200,3,25.1,114.9,111.8,1.81,1e-05,25,0.60,0.45,False,900.0,2,420.5034675002252,20.50618120226741,16.597377132731012,vittima non trovata entro 15 minuti
1933,200,3,72.0,39.1,75.2,3.9,1e-07,80,0.45,0.55,True,152.1,3,0.0033097407344680556,0.057530346205007805,3.9808739969070546,
1935,200,3,91.6,55.8,100.4,1.83,1e-07,80,0.60,0.58,True,141.4,3,0.000513271631452883,0.02265549892306243,1.6281422491607813,
1936,200,3,100.6,123.0,151.8,1.73,1e-07,120,center,center,True,163.5,3,0.0016847998567151854,0.04104631355816482,0.2740203116854047,
1938,200,3,88.0,142.1,160.2,3.17,1e-07,120,0.45,0.55,True,142.70000000000002,3,0.0023492610005765493,0.04846917577777189,0.94708171328168,
1856,200,3,35.6,145.2,143.5,4.29,1e-05,120,center,center,False,900.0,2,2.271919407036514e-28,1.507288760336424e-14,22.554769071844873,vittima non trovata entro 15 minuti
1940,200,3,33.6,114.9,113.5,3.12,1e-07,120,0.60,0.58,True,148.1,3,0.006722951213489345,0.08199360471091233,9.007844678868153,
1861,200,3,79.8,101.4,122.1,3.77,1e-07,25,center,center,False,900.0,2,0.2567385413786397,0.5066937352865533,3.1114968462770807,vittima non trovata entro 15 minuti
1930,200,3,170.1,158.6,225.5,3.02,1e-07,50,0.60,0.58,True,338.70000000000005,3,0.0015906319059824832,0.03988272691256809,0.040046142853282236,
1942,200,3,70.6,119.5,131.9,4.97,1e-06,25,0.35,0.40,True,153.3,3,0.005750742259452725,0.07583364859646886,0.025965291100915854,
1944,200,3,104.5,51.0,109.6,3.19,1e-06,25,0.60,0.45,True,152.70000000000002,3,0.003563213132674404,0.05969265560078898,6.489826285803388,
1881,200,3,122.2,122.5,166.0,3.72,1e-06,25,center,center,False,900.0,1,4.0389678347315804e-28,2.0097183471152322e-14,0.3336651473235036,vittima non trovata entro 15 minuti
1943,200,3,123.5,145.1,183.5,1.23,1e-06,25,0.45,0.55,True,170.70000000000002,3,0.013930415938945659,0.11802718305096356,7.981192158804677,
1950,200,3,123.9,86.5,144.2,1.75,1e-06,50,0.60,0.58,True,146.3,3,0.0008964932126490554,0.02994149649982538,0.7404171576493329,
1951,200,3,54.2,55.1,70.2,4.6,1e-06,80,center,center,True,110.60000000000001,3,0.008341335065222817,0.09133090969229868,5.2407259561911195,
1946,200,3,62.0,143.3,149.6,4.53,1e-06,50,center,center,True,157.5,3,0.002199060896844786,0.04689414565641202,4.988537390634185,
1939,200,3,142.7,43.3,143.0,4.52,1e-07,120,0.60,0.45,True,269.40000000000003,3,0.006516259800189906,0.08072335349940503,9.072270251133563,
1949,200,3,122.3,138.7,177.8,1.86,1e-06,50,0.60,0.45,True,183.70000000000002,3,0.0032281130018957,0.056816485300445155,0.33335628609326323,
1937,200,3,166.0,91.2,182.6,4.1,1e-07,120,0.35,0.40,True,330.6,3,0.00022778878465843416,0.01509267321114567,1.9569759429371167,
1883,200,3,167.8,79.6,179.1,3.04,1e-06,25,0.45,0.55,False,900.0,2,8.077935669463161e-28,2.842170943040401e-14,0.23051767776282228,vittima non trovata entro 15 minuti
1954,200,3,27.8,119.8,117.1,2.74,1e-06,80,0.60,0.45,True,117.0,3,0.003890253470129187,0.06237189647693252,0.2070781177250793,
1947,200,3,139.6,35.5,138.0,4.18,1e-06,50,0.35,0.40,True,250.10000000000002,3,0.003319946454097447,0.05761897651032555,1.5052117644382494,
1952,200,3,39.2,162.4,161.1,2.87,1e-06,80,0.35,0.40,True,155.20000000000002,3,0.0377560538744251,0.19430917084488086,0.583176499924681,
1948,200,3,149.2,117.1,182.6,1.68,1e-06,50,0.45,0.55,True,224.0,3,0.003138970380864319,0.05602651498053684,0.34625201870521793,
1953,200,3,92.3,163.1,180.6,2.44,1e-06,80,0.45,0.55,True,157.4,3,0.01009242005866949,0.10046103751539445,1.632285939199599,
1885,200,3,69.8,128.9,139.8,4.27,1e-06,25,0.60,0.58,False,900.0,2,0.022086866708018228,0.14861650886768343,0.3707383686002365,vittima non trovata entro 15 minuti
1955,200,3,107.8,98.3,138.8,3.73,1e-06,80,0.60,0.58,True,158.10000000000002,3,0.0038938852216021946,0.06240100337015579,0.3446172271615651,
1956,200,3,145.4,168.5,215.5,2.03,1e-06,120,center,center,True,157.4,3,0.0015790334096357397,0.0397370533587449,3.528219007304967,
1966,200,3,38.8,30.0,42.1,4.09,1e-05,50,center,center,True,69.8,3,0.0008486456795584077,0.029131523811129545,2.376769488802107,
1958,200,3,82.5,128.4,145.7,3.04,1e-06,120,0.45,0.55,True,142.20000000000002,3,0.0012812320401606946,0.03579430178339416,1.054096163318179,
1957,200,3,119.1,32.5,117.3,1.46,1e-06,120,0.35,0.40,True,174.8,3,0.007241789864227044,0.08509870659550028,0.4611446385249289,
1898,200,3,167.8,33.8,165.3,2.05,1e-06,120,0.45,0.55,False,900.0,2,0.0,0.0,0.010726632889382104,vittima non trovata entro 15 minuti
1960,200,3,96.3,40.8,98.0,2.38,1e-06,120,0.60,0.58,True,145.0,3,0.006184280186697536,0.07864019447265842,2.536338970135527,
1959,200,3,115.0,85.3,136.2,3.95,1e-06,120,0.60,0.45,True,166.70000000000002,3,0.0018812953457817824,0.043373901666575745,0.595410638551152,
1969,200,3,47.7,73.2,80.4,2.95,1e-05,50,0.60,0.45,True,90.7,3,0.0017842404558474976,0.04224027054657081,0.09859364548674844,
1896,200,3,23.7,57.1,55.3,4.55,1e-06,120,center,center,False,900.0,2,5.048709793414476e-29,7.105427357601002e-15,4.90860011535399,vittima non trovata entro 15 minuti
1968,200,3,115.0,115.4,155.8,2.14,1e-05,50,0.45,0.55,True,130.9,3,0.006082717820286874,0.07799178046619319,0.025713810096990475,
1965,200,3,55.8,156.2,159.5,1.92,1e-05,25,0.60,0.58,True,151.0,3,0.008038649769623745,0.0896585175520081,0.8935881534223462,
1901,200,3,44.5,145.2,145.7,3.34,1e-05,25,center,center,False,900.0,2,0.0,0.0,27.301137530433678,vittima non trovata entro 15 minuti
1971,200,3,113.0,59.2,120.8,2.1,1e-05,80,center,center,True,151.0,3,0.00148171314899303,0.038493027277586654,0.2008274730435868,
1915,200,3,110.1,28.6,107.7,4.13,1e-05,80,0.60,0.58,False,900.0,2,38.92340854377781,6.2388627604538485,15.857183046460563,vittima non trovata entro 15 minuti
1902,200,3,76.2,103.1,121.2,3.33,1e-05,25,0.35,0.40,False,900.0,2,1.1780322851300441e-28,1.0853719570405549e-14,35.39505877372461,vittima non trovata entro 15 minuti
1904,200,3,56.1,47.9,66.7,3.87,1e-05,25,0.60,0.45,False,900.0,2,2.692645223154387e-28,1.6409281590473078e-14,41.54503412660381,vittima non trovata entro 15 minuti
1972,200,3,74.4,25.3,72.3,1.14,1e-05,80,0.35,0.40,True,162.4,3,0.0014924074496334662,0.038631689707201086,0.8239756762400389,
1961,200,3,74.9,167.1,176.5,4.08,1e-05,25,center,center,True,263.5,3,38.636213775793365,6.215803550289646,3.8615519535745766,
1908,200,3,160.5,28.3,157.2,1.4,1e-05,50,0.45,0.55,False,900.0,2,2.069971015299935e-27,4.5496934130773415e-14,15.248313182206918,vittima non trovata entro 15 minuti
1979,200,3,84.3,109.0,130.8,3.0,1e-05,120,0.60,0.45,True,125.0,3,0.0029483140813788265,0.054298380099030825,0.14350220955519863,
1905,200,3,32.0,124.2,122.2,2.81,1e-05,25,0.60,0.58,False,900.0,2,5.981306661815874e-22,2.445671004410829e-11,30.02568778158323,vittima non trovata entro 15 minuti
1980,200,3,22.8,99.4,96.1,2.44,1e-05,120,0.60,0.58,True,119.2,3,0.002590650176871332,0.05089843000399258,1.4568888877515473,
1909,200,3,150.1,129.9,191.5,1.88,1e-05,50,0.60,0.45,False,900.0,2,1.1813960913736303e-17,3.4371442963216284e-09,17.44497563175592,vittima non trovata entro 15 minuti
1981,200,3,51.5,56.4,69.4,1.88,1e-07,25,center,center,True,108.2,3,0.0037996077139234793,0.06164095808732599,2.22771823007554,
1977,200,3,139.4,108.0,169.3,3.47,1e-05,120,0.35,0.40,True,184.5,3,0.004107383542177424,0.06408887221801787,1.5354725831464966,
1910,200,3,111.7,41.2,112.7,2.94,1e-05,50,0.60,0.58,False,900.0,2,0.0,0.0,34.8965211972732,vittima non trovata entro 15 minuti
1967,200,3,94.7,64.6,107.7,1.78,1e-05,50,0.35,0.40,True,271.6,3,0.03568962328766048,0.18891697458846965,1.933204081498922,
1987,200,3,62.1,24.1,60.2,3.89,1e-07,50,0.35,0.40,True,103.2,3,0.0024455115232369785,0.049452113435494126,1.9780291395601324,
1970,200,3,124.6,129.9,173.0,4.61,1e-05,50,0.60,0.58,True,282.8,3,0.0036011881033842256,0.060009900044777825,0.03430850416223575,
1985,200,3,33.8,97.0,96.4,4.16,1e-07,25,0.60,0.58,True,119.10000000000001,3,0.0024484617344730643,0.0494819334148643,1.440001083944891,
1986,200,3,96.7,74.5,115.1,2.87,1e-07,50,center,center,True,144.3,3,0.0060419304804314984,0.07772985578547988,0.3710224649729629,
1990,200,3,115.4,111.2,153.2,4.34,1e-07,50,0.60,0.58,True,139.8,3,0.005109156519318366,0.07147836399441698,0.008287888443778034,
1988,200,3,65.4,167.8,173.7,2.68,1e-07,50,0.45,0.55,True,155.20000000000002,3,0.007995156301108875,0.08941563790025141,0.7680900496916975,
1996,200,3,47.7,51.4,63.1,3.13,1e-07,120,center,center,True,113.5,3,0.0025237812068088093,0.050237249196276756,3.0154084841219664,
1989,200,3,120.1,140.6,177.9,4.83,1e-07,50,0.60,0.45,True,160.8,3,0.002112213166697139,0.04595882033622207,0.2352331012230583,
1922,200,3,133.8,68.5,143.6,1.76,1e-07,25,0.35,0.40,False,900.0,1,6.731613057885967e-29,8.204640795236539e-15,0.2254469451488763,vittima non trovata entro 15 minuti
1963,200,3,97.5,49.5,102.7,3.54,1e-05,25,0.45,0.55,True,361.5,3,0.0015991132468749173,0.039988914049707794,1.5818985327134012,
1993,200,3,64.9,149.7,156.6,3.05,1e-07,80,0.45,0.55,True,150.8,3,0.00252123022553202,0.05021185343653448,1.3475967991582583,
1973,200,3,167.2,70.0,174.7,3.35,1e-05,80,0.45,0.55,True,337.6,3,0.0016861581394696833,0.04106285595851418,0.34674932778591555,
1992,200,3,70.8,32.9,71.5,4.98,1e-07,80,0.35,0.40,True,149.9,3,0.00415770201671804,0.06448024516639217,1.2057212253849272,
1997,200,3,108.1,104.6,143.4,2.63,1e-07,120,0.35,0.40,True,146.20000000000002,3,0.0036573808481385785,0.06047628335255548,0.20460105417461436,
1983,200,3,153.9,119.8,188.1,3.27,1e-07,25,0.45,0.55,True,239.20000000000002,3,0.0017133764964308805,0.04139295225555772,0.3942725918433829,
1995,200,3,106.1,149.4,176.3,2.04,1e-07,80,0.60,0.58,True,154.0,3,4.4349346176958835e-05,0.006659530477215255,2.061046968988381,
2001,200,3,42.6,27.3,43.7,1.97,1e-06,25,center,center,True,87.80000000000001,3,0.01291644164712575,0.11365052418324233,2.3491924094118506,
1994,200,3,106.3,170.6,194.1,1.12,1e-07,80,0.60,0.45,False,161.9,3,0.0012633249564958796,0.03554328286042075,10.775043813438435,vittima non trovata entro 15 minuti
1991,200,3,157.6,119.3,190.6,4.59,1e-07,80,center,center,True,193.60000000000002,3,0.0120631553638309,0.10983239669528705,0.24011240297771963,
1920,200,3,54.2,60.2,73.9,3.08,1e-05,120,0.60,0.58,False,900.0,2,0.026989414042605197,0.16428455205102274,2.63855371124153,vittima non trovata entro 15 minuti
1999,200,3,114.7,91.6,139.7,2.99,1e-07,120,0.60,0.45,True,144.4,3,0.003958542382882628,0.06291694829600866,0.3457782291877325,
2000,200,3,132.3,126.3,175.8,2.52,1e-07,120,0.60,0.58,True,134.6,3,0.005286205906088169,0.07270629894368279,0.2108378009501016,
1998,200,3,126.4,149.1,188.4,4.55,1e-07,120,0.45,0.55,True,176.4,3,0.0029376501537976742,0.0542000936696393,2.731312223581508,
2011,200,3,30.3,21.6,30.2,2.56,1e-06,80,center,center,True,54.5,3,0.006534863743413199,0.08083850408940778,2.1630592489331595,
2002,200,3,73.8,164.8,174.0,2.23,1e-06,25,0.35,0.40,True,161.3,3,0.0012257983952540905,0.035011403788681346,0.25823984019435064,
1962,200,3,32.8,75.7,76.0,2.86,1e-05,25,0.35,0.40,False,485.8,3,62.5807458451103,7.910799317711851,14.328986658434058,vittima non trovata entro 15 minuti
2003,200,3,29.2,90.2,88.5,2.8,1e-06,25,0.45,0.55,True,156.8,3,0.004743870299715591,0.06887575988485056,1.220327699973887,
2008,200,3,85.6,87.2,115.1,2.97,1e-06,50,0.45,0.55,True,137.6,3,0.001784609318373666,0.04224463656339898,1.304647823249475,
2009,200,3,59.9,165.5,169.7,1.26,1e-06,50,0.60,0.45,True,144.0,3,0.0017050628676483588,0.04129240690064408,0.5228674238947078,
2012,200,3,91.0,150.6,169.1,1.65,1e-06,80,0.35,0.40,True,156.9,3,0.004384863656605271,0.06621830303326469,0.7055986252303154,
2017,200,3,96.8,72.4,113.8,2.34,1e-06,120,0.35,0.40,True,139.1,3,0.003767229039221285,0.061377756876748804,1.2852261412495651,
2013,200,3,87.4,130.0,149.7,1.15,1e-06,80,0.45,0.55,True,155.70000000000002,3,0.0010600939832785938,0.03255908449693563,0.8912473786113598,
2007,200,3,135.4,162.7,204.6,2.72,1e-06,50,0.35,0.40,True,188.3,3,0.0025876118800606807,0.05086857458255225,0.3628717599834573,
2004,200,3,146.8,84.7,162.7,2.78,1e-06,25,0.60,0.45,True,208.70000000000002,3,0.002517879131666368,0.05017847279129137,0.23774410610606542,
2016,200,3,73.9,99.6,117.1,2.67,1e-06,120,center,center,True,160.3,3,0.017447329122970444,0.1320883383307188,2.5961235511839313,
2020,200,3,84.2,156.6,171.1,3.75,1e-06,120,0.60,0.58,True,153.4,3,0.0047470720338787815,0.0688989987872014,0.0908561627481444,
2005,200,3,148.7,113.8,180.2,3.27,1e-06,25,0.60,0.58,True,207.70000000000002,3,0.00412262262979559,0.06420765242395637,0.7011762320095125,
2006,200,3,152.2,40.4,151.4,2.13,1e-06,50,center,center,True,213.4,3,0.02187850028096435,0.14791382721356497,0.42934074483956286,
1941,200,3,126.7,82.3,144.1,2.05,1e-06,25,center,center,False,900.0,1,0.00031751716014597966,0.017819011200007135,0.5247121964723312,vittima non trovata entro 15 minuti
1934,200,3,26.5,147.5,144.1,2.08,1e-07,80,0.60,0.45,False,900.0,2,0.0,0.0,4.17232733576677,vittima non trovata entro 15 minuti
2014,200,3,132.2,109.3,164.5,2.41,1e-06,80,0.60,0.45,True,218.20000000000002,3,0.0023095910422919544,0.04805820473438385,0.21643094320132025,
2023,200,3,139.1,163.3,207.4,1.44,1e-05,25,0.45,0.55,True,160.20000000000002,3,0.0036429640845404214,0.06035697212866482,0.9244597870194742,
2015,200,3,140.6,122.8,179.6,3.94,1e-06,80,0.60,0.58,True,224.4,3,0.0026256035106067823,0.051240643151767545,0.11930754221483787,
2027,200,3,60.5,148.7,154.1,4.73,1e-05,50,0.35,0.40,True,122.4,3,0.0018264065871831903,0.04273647841344898,0.17667860946748362,
2025,200,3,116.5,160.7,191.5,4.17,1e-05,25,0.60,0.58,True,163.3,3,0.005317777158894026,0.07292309071133797,0.11834053451209328,
2019,200,3,127.3,143.1,184.5,1.3,1e-06,120,0.60,0.45,True,254.70000000000002,3,0.0030359081403852984,0.055099075676324175,1.0169696264605437,
2018,200,3,25.6,159.0,155.4,3.8,1e-06,120,0.45,0.55,True,271.5,3,0.0009226432636157161,0.030375043433972505,0.2997512126027739,
2031,200,3,108.6,62.8,118.6,4.16,1e-05,80,center,center,True,152.4,3,0.08752272260187201,0.29584239486907893,0.7580690541953241,
1974,200,3,106.6,31.6,105.0,1.51,1e-05,80,0.60,0.45,True,603.8000000000001,3,0.03346981676829243,0.18294757929060562,1.1175615458361652,
2033,200,3,64.4,85.4,99.9,2.84,1e-05,80,0.45,0.55,True,132.5,3,0.005547798315991143,0.07448354392744173,1.0893850875998417,
2039,200,3,83.0,43.0,86.7,3.37,1e-05,120,0.60,0.45,True,155.8,3,0.0017301251688477397,0.04159477333569375,3.402471718319688,
2022,200,3,135.3,122.6,175.5,2.2,1e-05,25,0.35,0.40,True,280.90000000000003,3,0.0005803780420322054,0.02409103654955937,0.5695439134436306,
2040,200,3,87.1,62.2,100.1,4.38,1e-05,120,0.60,0.58,True,137.9,3,0.007235652858640775,0.08506264079277562,3.4798492708608557,
2034,200,3,135.4,25.3,132.0,4.65,1e-05,80,0.60,0.45,True,206.20000000000002,3,0.0024541408942002187,0.04953928637152758,4.606366226845967,
1945,200,3,91.7,37.4,92.5,4.58,1e-06,25,0.60,0.58,False,900.0,2,2.3795883256302326,1.5425914318542784,2.3083511296644326,vittima non trovata entro 15 minuti
2029,200,3,144.9,72.1,155.2,4.94,1e-05,50,0.60,0.45,True,217.8,3,0.012810877088905194,0.11318514517773609,3.5095283151816163,
2044,200,3,29.7,41.5,44.1,1.47,1e-07,25,0.60,0.45,True,86.2,3,0.0026141396901621346,0.051128658208113915,3.3035499948151874,
1975,200,3,32.0,89.0,88.2,4.67,1e-05,80,0.60,0.58,True,661.5,3,0.026648789000403267,0.16324456805787832,1.7522906966113472,
2045,200,3,35.2,68.6,70.4,3.27,1e-07,25,0.60,0.58,True,119.2,3,0.0032940916696170643,0.05739417801151145,0.7700309597522529,
2047,200,3,112.6,127.3,162.9,2.44,1e-07,50,0.35,0.40,True,166.5,3,0.006717748190337558,0.08196187034431046,0.13411523151467417,
2046,200,3,54.2,167.9,170.2,4.82,1e-07,50,center,center,True,163.3,3,0.002404747805550725,0.049038228001740895,4.361390685359376,
2042,200,3,151.1,125.2,189.1,4.44,1e-07,25,0.35,0.40,True,224.20000000000002,3,0.004328281929251269,0.06578967950409295,2.1813637251579765,
2057,200,3,40.2,33.9,45.6,1.49,1e-07,120,0.35,0.40,True,84.7,3,0.003821667554943297,0.06181963729223342,0.14880052714892208,
2052,200,3,46.9,122.4,124.7,1.44,1e-07,80,0.35,0.40,True,127.7,3,0.004260962097898747,0.06527604536044404,0.11015652424306419,
2054,200,3,122.7,73.1,136.0,3.56,1e-07,80,0.60,0.45,False,144.9,3,0.02812954776879224,0.16771865659130542,13.318832813129868,vittima non trovata entro 15 minuti
2038,200,3,154.7,145.9,205.6,1.6,1e-05,120,0.45,0.55,True,304.8,3,0.0045558729015196895,0.06749720662012385,0.057190395450553745,
2055,200,3,40.8,136.8,136.5,4.78,1e-07,80,0.60,0.58,False,133.6,3,0.026978077537596182,0.16425004577654212,14.011085474663123,vittima non trovata entro 15 minuti
2053,200,3,122.6,144.1,182.2,2.67,1e-07,80,0.45,0.55,False,147.70000000000002,3,0.008364101211886254,0.09145546026283097,11.679675598765257,vittima non trovata entro 15 minuti
2048,200,3,143.2,135.3,190.0,4.7,1e-07,50,0.45,0.55,True,217.3,3,0.002234065807557562,0.047265905339446974,0.12540899177266615,
2043,200,3,80.7,52.2,89.2,2.1,1e-07,25,0.45,0.55,True,253.5,3,0.00034797657560106253,0.01865413025581902,0.41892462837721983,
2056,200,3,102.0,92.7,130.8,2.64,1e-07,120,center,center,True,160.60000000000002,3,0.0038970336757404274,0.062426225864939386,0.23347618743803852,
1964,200,3,35.2,148.3,146.4,2.86,1e-05,25,0.60,0.45,False,900.0,1,0.0,0.0,14.179591253406755,vittima non trovata entro 15 minuti
2051,200,3,152.0,73.2,162.0,4.07,1e-07,80,center,center,True,215.0,3,0.01745382841142793,0.1321129380924818,0.5374025197194894,
2049,200,3,142.6,88.5,161.0,4.13,1e-07,50,0.60,0.45,True,239.4,3,0.0026870945674814717,0.05183719289739242,0.06258761525888247,
2035,200,3,169.9,105.8,193.2,1.26,1e-05,80,0.60,0.58,True,389.1,3,0.00020914820264310912,0.014461957082051832,0.4577513867153556,
2050,200,3,141.1,159.9,206.2,3.09,1e-07,50,0.60,0.58,True,236.20000000000002,3,0.004928426969213634,0.07020275613687567,0.15486805046042007,
2041,200,3,136.3,20.7,132.2,3.28,1e-07,25,center,center,True,363.20000000000005,3,0.001999068850464865,0.04471094776970026,0.4925513142199938,
2058,200,3,157.4,122.2,192.2,4.86,1e-07,120,0.45,0.55,True,205.10000000000002,3,0.015604889403036528,0.12491953171156434,0.47920434961541064,
2063,200,3,40.8,90.5,92.7,1.56,1e-06,25,0.45,0.55,True,119.80000000000001,3,0.002305321368251703,0.04801376227970167,0.7088141743700956,
2064,200,3,38.7,109.4,109.7,2.91,1e-06,25,0.60,0.45,True,138.6,3,0.005770871196936064,0.07596625038091628,0.02487314724331004,
1976,200,3,38.5,127.6,127.1,1.2,1e-05,120,center,center,False,900.0,2,4.291403324402304e-28,2.07157025572446e-14,25.840886222688983,vittima non trovata entro 15 minuti
2069,200,3,62.4,100.1,111.1,4.81,1e-06,50,0.60,0.45,True,125.10000000000001,3,0.0030165324770524537,0.05492296857465421,0.4870130714365879,
2067,200,3,97.0,111.6,140.8,2.21,1e-06,50,0.35,0.40,True,148.4,3,0.0033474781393106083,0.0578573948541637,0.21896912476415203,
1978,200,3,166.5,79.9,178.0,2.52,1e-05,120,0.45,0.55,False,900.0,2,2.524354896707238e-29,5.0242958677880805e-15,28.59013232072234,vittima non trovata entro 15 minuti
2062,200,3,76.0,158.0,168.7,3.82,1e-06,25,0.35,0.40,True,161.0,3,0.0018576283769781003,0.04310021318947391,0.19491324113215144,
2066,200,3,65.8,163.3,169.6,3.32,1e-06,50,center,center,True,156.20000000000002,3,0.019554567022267093,0.1398376452256941,4.603539295456941,
2068,200,3,93.9,147.6,168.0,2.05,1e-06,50,0.45,0.55,True,165.5,3,0.0026716228614055686,0.051687743821969716,0.7179728544553928,
1982,200,3,169.2,144.5,215.4,1.26,1e-07,25,0.35,0.40,False,900.0,2,5.385290446308774e-28,2.320622857404618e-14,0.4936740049294713,vittima non trovata entro 15 minuti
2071,200,3,101.4,142.7,168.1,3.33,1e-06,80,center,center,True,160.60000000000002,3,3.785604777750762e-05,0.006152726857053515,1.350927343414414,
2072,200,3,128.0,63.7,136.3,1.58,1e-06,80,0.35,0.40,True,147.0,3,0.0008584303891095829,0.029298982731650988,0.7185137342922306,
2059,200,3,148.2,165.9,215.4,4.38,1e-07,120,0.60,0.45,True,227.60000000000002,3,0.001889166257775433,0.043464540234258005,0.2471402403136015,
2073,200,3,47.9,134.6,136.5,4.11,1e-06,80,0.45,0.55,True,133.0,3,0.0028084201196216982,0.0529945291480328,1.1787505009986818,
1984,200,3,74.3,93.4,112.3,2.72,1e-07,25,0.60,0.45,False,900.0,2,0.2371288948761398,0.4869588225673089,2.291382462796647,vittima non trovata entro 15 minuti
2075,200,3,108.7,130.1,162.5,4.87,1e-06,80,0.60,0.58,True,152.20000000000002,3,0.006156335446145722,0.07846231863860334,0.022374743277911766,
2077,200,3,109.5,77.6,127.2,3.02,1e-06,120,0.35,0.40,True,144.9,3,0.0004484457211561477,0.021176537043533526,0.5742536702165821,
2065,200,3,147.1,38.2,145.9,4.58,1e-06,25,0.60,0.58,True,250.4,3,0.0005636820058607765,0.02374198824573832,0.8912256866273363,
2076,200,3,44.6,129.3,130.5,3.66,1e-06,120,center,center,True,154.0,3,0.0022958967443109882,0.04791551673843233,3.564074479525688,
2080,200,3,68.1,155.8,163.5,1.64,1e-06,120,0.60,0.58,True,136.1,3,0.004665493676348018,0.0683044191568014,0.9792527642087175,
2082,200,3,78.5,112.7,130.4,4.43,1e-05,25,0.35,0.40,True,136.3,3,0.0017914815080745754,0.04232589642375664,0.05230022849976954,
2083,200,3,115.9,130.3,167.3,2.77,1e-05,25,0.45,0.55,True,146.70000000000002,3,0.00409393873562737,0.06398389434558802,0.18503688004059723,
2078,200,3,147.3,161.0,211.2,3.16,1e-06,120,0.45,0.55,False,182.8,3,0.008127938880690445,0.09015508238968253,10.306733759805205,vittima non trovata entro 15 minuti
2087,200,3,63.2,159.2,164.8,3.08,1e-05,50,0.35,0.40,True,134.1,3,0.0037841167381773523,0.061515174860983304,0.1841812522259275,
2088,200,3,89.1,59.2,100.0,2.2,1e-05,50,0.45,0.55,True,143.0,3,0.0027056385362986646,0.05201575277066232,0.7216887745176792,
2070,200,3,132.8,100.5,159.6,4.83,1e-06,50,0.60,0.58,True,309.0,3,0.005297129692980313,0.07278138287350902,0.15436856333241802,
2091,200,3,155.5,164.2,219.1,4.02,1e-05,80,center,center,True,154.9,3,0.0018904971016722527,0.043479847075078966,9.838551314432381,
2092,200,3,63.5,166.7,172.0,3.95,1e-05,80,0.35,0.40,True,133.0,3,0.004549464067474704,0.06744971510299139,0.15412761088898908,
2096,200,3,106.5,124.7,156.9,4.98,1e-05,120,center,center,True,135.9,3,0.0028396412739889482,0.05328828458478419,4.666621740441565,
2079,200,3,133.2,62.7,140.6,3.48,1e-06,120,0.60,0.45,True,257.6,3,0.007330536117609225,0.08561855007887732,1.825706128236559,
2089,200,3,138.6,54.9,142.6,2.75,1e-05,50,0.60,0.45,True,215.4,3,0.0014640855240333015,0.03826337052630494,1.7516723238557386,
2100,200,3,27.1,73.9,72.4,4.74,1e-05,120,0.60,0.58,True,106.10000000000001,3,0.005593802400883002,0.07479172682110637,1.4842981696089632,
2094,200,3,64.4,143.6,150.8,3.26,1e-05,80,0.60,0.45,True,164.20000000000002,3,0.0040545527228280625,0.06367536982874981,0.23824141567212181,
2097,200,3,106.9,36.0,106.5,4.79,1e-05,120,0.35,0.40,True,164.70000000000002,3,0.0012582696965800846,0.03547209743700088,1.2895256979214968,
2099,200,3,64.5,83.7,98.6,1.36,1e-05,120,0.60,0.45,True,133.20000000000002,3,0.001350295241844774,0.036746363654717916,3.3082160710342374,
2104,200,3,41.9,123.5,124.2,2.03,1e-07,25,0.60,0.45,True,141.5,3,5.353223350624374e-05,0.007316572524498322,0.1854205535433157,
2010,200,3,71.9,34.6,73.2,1.86,1e-06,50,0.60,0.58,False,900.0,2,0.15721829647673574,0.3965076247397214,1.6652265320125572,vittima non trovata entro 15 minuti
2098,200,3,126.8,38.3,126.3,4.51,1e-05,120,0.45,0.55,True,226.8,3,0.005883873874506553,0.07670641351612362,0.11559670442493485,
2105,200,3,106.7,121.5,154.6,3.61,1e-07,25,0.60,0.58,True,161.3,3,0.0064647970586510835,0.08040396170992499,0.10192980544490136,
2021,200,3,81.4,89.4,113.8,4.1,1e-05,25,center,center,False,900.0,2,193.28939014196914,13.90285546720418,12.99086120717092,vittima non trovata entro 15 minuti
2107,200,3,126.9,118.0,166.2,3.73,1e-07,50,0.35,0.40,True,171.60000000000002,3,0.0064016684131496145,0.08001042690268322,2.088556459917844,
2108,200,3,127.3,169.4,204.9,4.82,1e-07,50,0.45,0.55,True,180.0,3,0.0036409740557465835,0.06034048438442124,2.4218974569317755,
2111,200,3,73.0,87.5,106.9,2.2,1e-07,80,center,center,True,141.4,3,0.004101591200181179,0.06404366635492677,2.759339113967077,
2036,200,3,76.8,19.7,73.3,3.82,1e-05,120,center,center,False,900.0,2,656.6169678000523,25.624538391940884,41.72608001045512,vittima non trovata entro 15 minuti
2024,200,3,102.1,57.1,110.2,1.86,1e-05,25,0.60,0.45,False,900.0,2,165.26148175584996,12.85540671296906,9.115581799926506,vittima non trovata entro 15 minuti
2112,200,3,127.2,33.2,125.4,1.72,1e-07,80,0.35,0.40,True,161.70000000000002,3,0.005897538477147036,0.07679543265811474,0.33158249706298976,
2026,200,3,67.3,39.8,71.3,3.87,1e-05,50,center,center,False,900.0,2,2.0194839173657902e-28,1.4210854715202004e-14,28.55386160107406,vittima non trovata entro 15 minuti
2109,200,3,71.7,57.5,84.9,2.5,1e-07,50,0.60,0.45,True,194.8,3,0.0017254900172443961,0.041539018010111846,1.9752232468375033,
2028,200,3,45.9,36.4,51.6,4.66,1e-05,50,0.45,0.55,False,900.0,2,0.0,0.0,36.5668428060269,vittima non trovata entro 15 minuti
2032,200,3,22.6,76.3,73.5,2.08,1e-05,80,0.35,0.40,False,900.0,2,0.0055817279836093536,0.0747109629412535,0.2945079617829167,vittima non trovata entro 15 minuti
2037,200,3,154.7,109.7,182.7,4.76,1e-05,120,0.35,0.40,False,900.0,2,6.731613057885967e-29,8.204640795236539e-15,26.85319954164911,vittima non trovata entro 15 minuti
2113,200,3,76.9,46.6,83.1,3.65,1e-07,80,0.45,0.55,True,147.8,3,0.005929101500156119,0.07700065908910209,0.1201066791932238,
2030,200,3,38.2,95.1,96.0,4.13,1e-05,50,0.60,0.58,False,900.0,2,2.0194839173657902e-28,1.4210854715202004e-14,25.980668007814074,vittima non trovata entro 15 minuti
2116,200,3,67.4,118.5,129.5,2.48,1e-07,120,center,center,True,174.10000000000002,3,0.005285783587591849,0.07270339460844899,3.1855086141590587,
2118,200,3,60.7,140.4,146.4,4.49,1e-07,120,0.45,0.55,True,141.4,3,0.0030696355034752977,0.055404291381402015,1.2772044311932558,
2119,200,3,52.3,119.3,123.7,3.48,1e-07,120,0.60,0.45,True,132.20000000000002,3,0.005361612133451425,0.07322303007559455,0.13317467458195723,
2120,200,3,130.4,139.9,184.2,1.87,1e-07,120,0.60,0.58,True,145.1,3,3.6760967909195224e-05,0.006063082376909885,0.21719367912355503,
2114,200,3,139.1,26.9,135.9,4.98,1e-07,80,0.60,0.45,True,232.70000000000002,3,0.023333723742008178,0.1527538010722096,2.9945910669245612,
2115,200,3,164.1,53.5,166.3,1.91,1e-07,80,0.60,0.58,True,230.4,3,0.0027473392566885507,0.05241506707702043,2.0130996699520343,
2122,200,3,46.5,126.5,128.4,3.23,1e-06,25,0.35,0.40,True,131.4,3,0.006500343078726465,0.08062470513884974,0.12115695297277343,
2106,200,3,166.3,159.7,223.5,2.88,1e-07,50,center,center,True,344.5,3,0.0003523891447734417,0.018772030917656238,0.11242407358170307,
2123,200,3,26.2,83.3,81.2,1.1,1e-06,25,0.45,0.55,True,141.3,3,0.002687743754988774,0.05184345431188757,0.5138721938468024,
2124,200,3,86.0,95.4,121.4,2.83,1e-06,25,0.60,0.45,True,174.9,3,0.0024633092548523357,0.04963173636749309,1.412351660458737,
2125,200,3,53.1,121.3,125.9,3.17,1e-06,25,0.60,0.58,True,154.3,3,0.0008406152820652457,0.028993366173406733,0.2615162091250928,
2127,200,3,59.6,149.6,154.6,4.68,1e-06,50,0.35,0.40,True,146.8,3,0.020949546242260177,0.14473958077271115,1.8216885717039728,
2126,200,3,150.5,167.7,218.2,2.13,1e-06,50,center,center,True,180.10000000000002,3,0.0029225099200163493,0.05406024343282547,4.994342867865273,
2133,200,3,44.4,85.9,90.0,4.45,1e-06,80,0.45,0.55,True,116.2,3,0.0029691023411447825,0.05448947000242141,1.725354909158576,
2128,200,3,157.9,126.3,195.2,1.85,1e-06,50,0.45,0.55,True,217.10000000000002,3,0.0038177560207172437,0.06178799252862358,0.12959717607486082,
2132,200,3,119.0,29.4,116.6,3.18,1e-06,80,0.35,0.40,True,167.20000000000002,3,0.005305064997324449,0.07283587713019216,0.40860381405468327,
2137,200,3,105.2,73.4,121.3,4.8,1e-06,120,0.35,0.40,True,155.9,3,0.00222974256479325,0.047220149986983845,0.6870517447403568,
2135,200,3,82.1,80.6,108.0,4.19,1e-06,80,0.60,0.58,True,139.70000000000002,3,0.0011692121885177344,0.0341937448741394,4.5086760169458655,
2136,200,3,77.9,53.6,87.6,3.91,1e-06,120,center,center,True,143.5,3,0.005463772465530655,0.07391733535193659,0.019288048903322957,
2139,200,3,68.4,81.7,99.5,3.43,1e-06,120,0.60,0.45,True,136.9,3,0.006206798751157826,0.07878323902428629,3.4003910081848123,
2138,200,3,61.1,135.3,141.8,4.85,1e-06,120,0.45,0.55,True,141.0,3,0.007805702018862468,0.08834988409082645,1.4460888518640254,
2134,200,3,143.1,127.4,184.5,3.59,1e-06,80,0.60,0.45,True,193.20000000000002,3,0.0031690172397876772,0.05629402490307188,0.6739891233029968,
2129,200,3,156.0,60.5,160.9,1.53,1e-06,50,0.60,0.45,True,249.3,3,0.02501429931437964,0.15815909494676442,0.7475819988623422,
2131,200,3,153.6,43.8,153.6,4.16,1e-06,80,center,center,True,228.60000000000002,3,0.003533056871126838,0.059439522803660175,0.14304315385135016,
2140,200,3,125.5,143.5,183.6,1.79,1e-06,120,0.60,0.58,True,144.8,3,0.0059450828051588215,0.07710436307472374,0.7419780392654929,
2060,200,3,26.4,120.5,117.5,2.07,1e-07,120,0.60,0.58,False,900.0,2,2.1877742438129393e-28,1.479112654199449e-14,1.4136513985478623,vittima non trovata entro 15 minuti
2141,200,3,146.5,155.4,206.5,4.4,1e-05,25,center,center,True,169.20000000000002,3,0.0062093580694212395,0.07879948013420672,0.13823569620393203,
2061,200,3,72.9,99.0,115.9,2.25,1e-06,25,center,center,False,900.0,2,0.138955837729586,0.3727678067236842,1.2972958036640851,vittima non trovata entro 15 minuti
2074,200,3,107.5,42.8,109.3,2.26,1e-06,80,0.60,0.45,False,900.0,2,1.1780322851300441e-28,1.0853719570405549e-14,1.763820524528758,vittima non trovata entro 15 minuti
2147,200,3,104.4,136.3,164.7,2.11,1e-05,50,0.35,0.40,True,154.3,3,0.003022519917390705,0.054977449171371214,0.20478552600245167,
2146,200,3,107.8,114.0,149.8,2.16,1e-05,50,center,center,True,161.0,3,0.003910323860342383,0.06253258238984204,0.3669026830660318,
2148,200,3,102.1,68.6,116.0,1.77,1e-05,50,0.45,0.55,True,172.70000000000002,3,0.005518596200673001,0.0742872546314171,0.06695228776203285,
2154,200,3,78.2,84.1,107.8,3.42,1e-05,80,0.60,0.45,True,135.0,3,0.0017115234489559227,0.04137056258930887,5.185779530474366,
2145,200,3,83.3,73.3,103.9,4.04,1e-05,25,0.60,0.58,True,184.0,3,0.001081090199267957,0.032879936120192764,1.381051899178586,
2156,200,3,86.0,81.3,111.3,3.64,1e-05,120,center,center,True,131.70000000000002,3,0.00566989357306479,0.07529869569298521,0.09452940469643452,
2157,200,3,46.6,83.5,88.9,5.0,1e-05,120,0.35,0.40,True,99.0,3,0.0029411825848848884,0.05423267082566457,0.034480925111566,
2081,200,3,63.6,153.5,159.6,3.95,1e-05,25,center,center,False,900.0,1,0.010542995820066797,0.10267909144546808,13.2682251736009,vittima non trovata entro 15 minuti
2084,200,3,55.2,146.0,149.6,4.87,1e-05,25,0.60,0.45,False,900.0,1,4.0389678347315804e-28,2.0097183471152322e-14,27.925377505471882,vittima non trovata entro 15 minuti
2142,200,3,87.0,85.7,115.0,3.41,1e-05,25,0.35,0.40,True,258.0,3,0.003954751143077072,0.06288681215546764,0.18520561671197922,
2150,200,3,137.9,158.1,202.7,1.73,1e-05,50,0.60,0.58,True,209.4,3,0.003109534699397525,0.05576320201887195,0.24375793094526707,
2143,200,3,117.6,86.9,139.2,2.24,1e-05,25,0.45,0.55,True,293.1,3,0.009630000000750956,0.098132563406603,2.9032023622219247,
2158,200,3,108.1,116.8,152.1,1.99,1e-05,120,0.45,0.55,True,132.20000000000002,3,0.006915555313316472,0.08315981790093381,0.24281685725322827,
2086,200,3,108.7,80.3,128.2,3.13,1e-05,50,center,center,False,900.0,2,0.0,0.0,29.093492280998383,vittima non trovata entro 15 minuti
2155,200,3,137.8,29.2,135.0,1.28,1e-05,80,0.60,0.58,True,233.70000000000002,3,0.014822968880464835,0.12174961552491587,1.3493744984489022,
2101,200,3,100.5,47.7,104.7,2.45,1e-07,25,center,center,False,900.0,1,0.01989492708565392,0.14104937818244334,0.33592283711365795,vittima non trovata entro 15 minuti
2160,200,3,66.3,164.0,170.4,2.72,1e-05,120,0.60,0.58,True,133.1,3,0.0026855006207753707,0.05182181606983077,0.13509709883076923,
2149,200,3,124.6,131.1,173.8,2.78,1e-05,50,0.60,0.45,True,292.90000000000003,3,0.004874374070016842,0.06981671769724528,1.318745070793879,
2093,200,3,160.5,34.3,158.3,3.28,1e-05,80,0.45,0.55,False,900.0,2,5.048709793414476e-29,7.105427357601002e-15,24.410078604219535,vittima non trovata entro 15 minuti
2169,200,3,46.8,21.4,44.9,3.69,1e-07,50,0.60,0.45,True,87.5,3,0.0019281441342892097,0.04391063805377018,3.0447924577942995,
2159,200,3,109.6,153.5,181.6,1.73,1e-05,120,0.60,0.45,True,166.3,3,0.004008091418426555,0.06330948916573688,0.2968354536419497,
2085,200,3,65.7,43.2,71.7,1.96,1e-05,25,0.60,0.58,False,900.0,2,0.0007195358275975545,0.026824164993482173,14.784114713157328,vittima non trovata entro 15 minuti
2090,200,3,55.4,46.2,65.1,2.32,1e-05,50,0.60,0.58,False,900.0,2,5.048709793414476e-29,7.105427357601002e-15,27.399978673901682,vittima non trovata entro 15 minuti
2162,200,3,79.5,101.0,121.5,2.74,1e-07,25,0.35,0.40,True,145.4,3,0.004713305926747631,0.06865352086198953,0.07645469617762254,
2171,200,3,60.6,43.6,67.7,2.72,1e-07,80,center,center,True,109.2,3,0.003904991206526827,0.06248992884078863,0.2767634639391062,
2151,200,3,161.6,156.2,217.6,3.6,1e-05,80,center,center,True,349.1,3,0.026767231412815583,0.16360694182343113,0.4689588882830085,
2163,200,3,145.0,166.6,213.8,2.65,1e-07,25,0.45,0.55,True,186.5,3,0.008177999465516443,0.09043229216113259,1.7700504860550856,
2165,200,3,121.6,167.2,199.8,3.14,1e-07,25,0.60,0.58,True,168.8,3,0.0033840325428756823,0.05817243800010175,0.11080078271688935,
2095,200,3,49.2,37.5,54.9,3.02,1e-05,80,0.60,0.58,False,900.0,1,2.524354896707238e-28,1.5888218580782548e-14,39.46548657461288,vittima non trovata entro 15 minuti
2166,200,3,142.6,138.1,191.4,2.13,1e-07,50,center,center,True,182.9,3,0.001835270891709167,0.04284006176126695,0.8289805218140716,
2175,200,3,59.8,30.2,60.3,2.22,1e-07,80,0.60,0.58,True,98.4,3,0.0012145893519279294,0.03485095912493556,3.114462228925435,
2168,200,3,84.2,58.9,95.8,2.44,1e-07,50,0.45,0.55,True,177.70000000000002,3,0.004110838446578983,0.06411582056387474,0.2033759225862963,
2164,200,3,161.9,25.9,158.3,1.3,1e-07,25,0.60,0.45,True,219.9,3,0.007750646470859581,0.08803775593948077,0.8785734746563253,
2174,200,3,65.5,126.5,135.8,4.33,1e-07,80,0.60,0.45,True,159.8,3,0.0007941495858218442,0.028180659783295425,0.8675124265350983,
2176,200,3,117.0,159.7,190.9,2.32,1e-07,120,center,center,True,151.5,3,0.006179351525064437,0.07860885144221633,1.768826070143538,
2177,200,3,86.2,128.2,147.5,1.08,1e-07,120,0.35,0.40,True,144.20000000000002,3,0.0016252904098744579,0.04031489067174135,0.11969905579041015,
2103,200,3,106.3,24.0,103.1,2.77,1e-07,25,0.45,0.55,False,900.0,2,0.11344690564839895,0.33681880239737055,3.9223804215514333,vittima non trovata entro 15 minuti
2179,200,3,61.1,167.4,171.8,2.68,1e-07,120,0.60,0.45,True,147.9,3,0.012526616828420677,0.11192236965156106,0.1718940008195389,
2180,200,3,152.0,166.5,218.4,3.96,1e-07,120,0.60,0.58,True,163.70000000000002,3,0.003503783882588594,0.059192768836983746,0.18030535131849768,
2173,200,3,151.7,117.8,185.0,1.03,1e-07,80,0.45,0.55,True,218.10000000000002,3,0.002028303941481558,0.04503669549913224,0.22544910855268704,
2102,200,3,148.3,25.5,144.7,3.75,1e-07,25,0.35,0.40,False,900.0,0,2.692645223154387e-28,1.6409281590473078e-14,2.1844039829510176,vittima non trovata entro 15 minuti
2172,200,3,133.5,76.4,147.0,1.39,1e-07,80,0.35,0.40,True,243.0,3,0.0014022668842419016,0.03744685413011221,0.299789623721287,
2183,200,3,32.4,107.7,106.3,1.6,1e-06,25,0.45,0.55,True,146.70000000000002,3,0.005923329470181836,0.07696316956948847,1.1420945373410707,
2110,200,3,68.3,62.5,85.6,1.75,1e-07,50,0.60,0.58,False,900.0,2,1.851193590918641e-28,1.3605857528721374e-14,0.47469342028398986,vittima non trovata entro 15 minuti
2182,200,3,141.8,170.0,214.3,2.26,1e-06,25,0.35,0.40,True,163.8,3,0.0021458977381719514,0.04632383552958403,2.2630315560643304,
2189,200,3,61.3,92.9,104.4,1.64,1e-06,50,0.60,0.45,True,113.2,3,0.006483674813939297,0.08052126932642889,0.7528387846439974,
2188,200,3,38.2,104.0,104.4,3.68,1e-06,50,0.45,0.55,True,119.5,3,0.00280754931526933,0.05298631252757008,1.3655516324229184,
2187,200,3,78.4,88.3,111.0,4.68,1e-06,50,0.35,0.40,True,140.20000000000002,3,0.005643452781526194,0.07512291781824101,0.055146815370106614,
2184,200,3,104.4,95.9,134.7,2.79,1e-06,25,0.60,0.45,True,157.60000000000002,3,0.003781814411211136,0.06149645852576501,0.10404916788851416,
2178,200,3,131.0,21.6,127.1,1.17,1e-07,120,0.45,0.55,False,241.0,3,0.0088302117807409,0.09396920655587605,11.882847738436281,vittima non trovata entro 15 minuti
2186,200,3,97.5,138.3,162.2,3.02,1e-06,50,center,center,True,157.70000000000002,3,0.0048223237074954154,0.06944295290017134,3.1158900664294826,
2190,200,3,97.7,121.0,148.4,3.85,1e-06,50,0.60,0.58,True,149.3,3,0.0037136070390334248,0.0609393718299871,0.20252185255072633,
2191,200,3,107.1,59.5,115.7,1.35,1e-06,80,center,center,True,164.4,3,0.001519722470774023,0.038983617979531135,0.5621542723942338,
2192,200,3,107.4,167.8,192.3,2.67,1e-06,80,0.35,0.40,False,155.8,3,0.005330187914986111,0.073008135950633,12.689221442534262,vittima non trovata entro 15 minuti
2194,200,3,110.8,76.7,127.8,4.7,1e-06,80,0.60,0.45,True,152.5,3,0.002345654432857342,0.048431956731659544,5.6344585868956685,
2193,200,3,68.7,71.5,92.1,2.59,1e-06,80,0.45,0.55,True,140.9,3,0.0033461707413792825,0.057846095299330984,1.723017133807944,
2195,200,3,68.5,126.1,136.7,2.81,1e-06,80,0.60,0.58,True,138.20000000000002,3,0.004496215067464383,0.06705382216894412,0.17819439048420313,
2170,200,3,167.7,77.1,177.9,4.73,1e-07,50,0.60,0.58,True,359.0,3,0.00571685716564629,0.07560990124081825,0.14727041687326792,
2199,200,3,65.7,135.9,144.3,1.16,1e-06,120,0.60,0.45,True,138.5,3,0.003143016248896845,0.05606261007923949,0.18237318467562766,
2196,200,3,74.5,105.5,122.2,3.23,1e-06,120,center,center,True,149.1,3,0.0014215576006132659,0.03770354891271199,3.7083969128757475,
2197,200,3,66.5,117.0,127.8,4.49,1e-06,120,0.35,0.40,True,152.20000000000002,3,0.0013622426453918975,0.036908571435262806,0.8579504453511275,
2203,200,3,41.6,169.4,168.4,1.99,1e-05,25,0.45,0.55,True,127.60000000000001,3,0.007255281205797424,0.08517793849229638,0.6720916486475107,
2210,200,3,53.4,70.1,81.1,4.23,1e-05,50,0.60,0.58,True,91.10000000000001,3,0.006223241054481841,0.07888752153846539,0.939701196786796,
2208,200,3,48.8,111.0,114.7,3.02,1e-05,50,0.45,0.55,True,108.4,3,0.0030128113481078106,0.05488908223051111,1.209672746472797,
2117,200,3,22.9,73.0,70.3,1.52,1e-07,120,0.35,0.40,False,900.0,2,6.310887241768095e-30,2.5121479338940403e-15,0.38467593192957694,vittima non trovata entro 15 minuti
2200,200,3,141.1,149.6,198.6,2.52,1e-06,120,0.60,0.58,True,175.5,3,0.0040638897024476315,0.06374864471067311,0.2772970986490577,
2202,200,3,117.9,168.0,198.3,4.13,1e-05,25,0.35,0.40,True,152.6,3,0.00041993546561893764,0.02049232699375397,1.170248483066755,
2121,200,3,105.5,112.0,146.8,4.54,1e-06,25,center,center,False,900.0,2,0.2030577790202422,0.4506193282808031,1.7988380045790038,vittima non trovata entro 15 minuti
2211,200,3,95.7,79.3,117.2,1.56,1e-05,80,center,center,True,132.0,3,0.003973074701044396,0.06303233060140166,0.14854242469059392,
2205,200,3,144.8,101.0,169.6,4.25,1e-05,25,0.60,0.58,True,186.0,3,0.0033114760276946216,0.05754542577559594,0.13912166986940294,
2217,200,3,47.2,121.6,124.0,4.81,1e-05,120,0.35,0.40,True,116.2,3,0.0030888687066395032,0.0555775917671817,0.2750998437696457,
2130,200,3,103.2,67.3,116.3,4.62,1e-06,50,0.60,0.58,False,900.0,1,2.692645223154387e-28,1.6409281590473078e-14,1.51018144449715,vittima non trovata entro 15 minuti
2219,200,3,54.5,124.4,129.2,3.62,1e-05,120,0.60,0.45,True,112.2,3,0.004107688021459817,0.06409124761977893,0.15192558014553245,
2212,200,3,152.4,84.4,167.4,2.45,1e-05,80,0.35,0.40,True,183.8,3,0.0020321504659945614,0.0450793796096903,1.1688832012657762,
2214,200,3,119.7,138.0,175.6,2.69,1e-05,80,0.60,0.45,True,148.3,3,0.0008574577595927191,0.02928237967776388,0.32850543144350697,
2218,200,3,73.8,80.0,101.8,1.48,1e-05,120,0.45,0.55,True,126.30000000000001,3,0.0018339446705793595,0.04282458021486445,0.8818903014641429,
2220,200,3,102.7,97.2,134.3,2.0,1e-05,120,0.60,0.58,True,138.1,3,0.003487552506880228,0.05905550361211246,0.19074167588393587,
2209,200,3,161.7,61.6,166.6,1.23,1e-05,50,0.60,0.45,False,224.4,3,0.03125834784385407,0.17680030498801202,15.125577822128058,vittima non trovata entro 15 minuti
2226,200,3,97.7,44.3,100.7,1.26,1e-07,50,center,center,True,153.8,3,0.00016102880680170307,0.012689712636687368,0.9557708142337428,
2215,200,3,135.4,90.1,155.7,2.49,1e-05,80,0.60,0.58,True,241.4,3,0.0006788532463220731,0.026054812344787154,0.4701315664050193,
2229,200,3,63.7,80.0,95.2,2.3,1e-07,50,0.60,0.45,True,117.7,3,0.0032200114609111457,0.05674514482236472,0.6262430302161015,
2225,200,3,120.1,142.1,179.1,1.48,1e-07,25,0.60,0.58,True,167.60000000000002,3,0.01828371580836867,0.13521729108501127,0.1542591271788934,
2227,200,3,98.9,115.0,144.6,1.66,1e-07,50,0.35,0.40,True,168.3,3,0.0032710122437408485,0.05719276391066311,0.06759450996131194,
2206,200,3,122.8,121.1,165.4,1.17,1e-05,50,center,center,True,327.40000000000003,3,0.0259934211739592,0.16122475360179403,0.7979432641638048,
2231,200,3,60.2,126.8,133.7,3.7,1e-07,80,center,center,True,125.10000000000001,3,0.003355287237182803,0.0579248412788745,3.0424435394533127,
2230,200,3,81.2,58.3,92.9,2.96,1e-07,50,0.60,0.58,True,148.20000000000002,3,0.0026523118721196947,0.051500600696687944,1.8500943708929356,
2234,200,3,82.7,129.5,146.8,2.38,1e-07,80,0.60,0.45,True,143.3,3,0.00251836826755651,0.05018334651611538,0.07204271507646075,
2228,200,3,150.9,139.9,198.7,3.41,1e-07,50,0.45,0.55,True,214.20000000000002,3,0.0037672034102690685,0.061377548095937075,0.15067772397552878,
2201,200,3,166.7,120.3,198.6,3.25,1e-05,25,center,center,True,376.5,3,0.0012238619298873639,0.03498373807767494,6.7441417912145045,
2236,200,3,106.0,22.8,102.6,1.24,1e-07,120,center,center,True,166.3,3,0.005990977106573199,0.0774014024845364,0.2723707387346126,
2237,200,3,109.5,163.9,190.2,2.69,1e-07,120,0.35,0.40,False,157.3,3,0.001536064457864693,0.0391926582138121,13.576498221520751,vittima non trovata entro 15 minuti
2222,200,3,143.9,42.9,144.0,2.81,1e-07,25,0.35,0.40,True,269.1,3,0.002300029192725096,0.047958619587359856,1.912049424367156,
2144,200,3,21.4,126.6,122.7,2.56,1e-05,25,0.60,0.45,False,900.0,1,0.0,0.0,22.45130981276896,vittima non trovata entro 15 minuti
2233,200,3,154.7,71.2,163.7,3.12,1e-07,80,0.45,0.55,True,218.3,3,0.017834948999732106,0.1335475533273901,1.9818415612556193,
2238,200,3,49.0,75.3,83.0,4.62,1e-07,120,0.45,0.55,True,117.10000000000001,3,0.002515197629904116,0.050151746030463545,1.8961933560389972,
2240,200,3,65.1,20.0,62.0,3.98,1e-07,120,0.60,0.58,True,108.80000000000001,3,0.00012875511503149066,0.011347031110889343,3.7508353426513548,
2232,200,3,139.3,46.1,140.5,4.98,1e-07,80,0.35,0.40,True,235.0,3,0.003288860777845177,0.05734859002490974,3.2779817754569915,
2235,200,3,169.9,19.8,165.6,2.8,1e-07,80,0.60,0.58,True,232.10000000000002,3,0.0035616863124348103,0.059679865217967865,0.3630616977235859,
2224,200,3,70.5,60.9,86.1,4.11,1e-07,25,0.60,0.45,True,297.2,3,0.0014632744457289913,0.03825277043207448,3.0837174429030205,
2152,200,3,33.4,108.6,107.4,3.09,1e-05,80,0.35,0.40,False,900.0,2,0.0,0.0,32.297025827846724,vittima non trovata entro 15 minuti
2161,200,3,105.1,129.9,160.0,1.93,1e-07,25,center,center,False,900.0,1,0.005650623443309654,0.07517062886067706,1.3376952028021873,vittima non trovata entro 15 minuti
2242,200,3,93.6,159.8,178.4,1.17,1e-06,25,0.35,0.40,True,168.70000000000002,3,0.0024274323483801396,0.04926897957518645,0.300954240414057,
2249,200,3,56.6,23.7,54.9,3.05,1e-06,50,0.60,0.45,True,99.4,3,0.0008708161689685092,0.029509594523959647,4.33315406270748,
2243,200,3,30.3,163.5,160.5,2.64,1e-06,25,0.45,0.55,True,150.1,3,0.0029998340480448522,0.054770740802410664,0.7639740649806295,
2244,200,3,108.8,44.9,111.2,3.14,1e-06,25,0.60,0.45,True,164.70000000000002,3,0.010978972471851398,0.10478059205717154,2.827394595676227,
2247,200,3,65.4,79.5,95.9,2.74,1e-06,50,0.35,0.40,True,129.8,3,0.0032898057265434992,0.057356828072545114,0.030617620009861415,
2248,200,3,60.6,101.0,111.0,4.24,1e-06,50,0.45,0.55,True,128.70000000000002,3,0.0037913133973331388,0.0615736420664974,1.4946171583218129,
2153,200,3,55.7,30.6,56.8,4.64,1e-05,80,0.45,0.55,False,900.0,2,1.8302907255108518e-12,1.3528823768202659e-06,26.452775471362788,vittima non trovata entro 15 minuti
2239,200,3,146.2,117.9,180.7,3.04,1e-07,120,0.60,0.45,True,247.5,3,0.0027200465451934566,0.05215406547138446,0.7363386403638202,
2254,200,3,107.0,103.0,141.5,2.0,1e-06,80,0.60,0.45,True,144.6,3,0.002733276142309845,0.052280743513361067,0.13582942128676354,
2256,200,3,62.8,37.6,66.4,4.89,1e-06,120,center,center,True,109.2,3,0.002325880689638359,0.048227385266447514,0.20805334130681444,
2252,200,3,124.0,77.8,139.5,2.3,1e-06,80,0.35,0.40,True,159.9,3,0.003841637415159902,0.061980943967964074,1.0799131310081915,
2250,200,3,124.9,140.2,180.7,2.48,1e-06,50,0.60,0.58,True,171.0,3,0.010697303594570905,0.10342776993907828,0.7520730433914459,
2255,200,3,127.3,20.6,123.3,2.07,1e-06,80,0.60,0.58,True,174.9,3,0.006110856964747962,0.0781719704545559,0.11176652920613886,
2246,200,3,113.9,28.8,111.5,4.63,1e-06,50,center,center,True,237.5,3,0.0015068583347236778,0.038818273206360915,0.07031371682847326,
2245,200,3,144.5,36.4,143.0,2.37,1e-06,25,0.60,0.58,True,240.5,3,0.02587105083686708,0.1608448035743371,1.9052653557380892,
2259,200,3,95.1,111.9,139.8,3.63,1e-06,120,0.60,0.45,True,148.20000000000002,3,0.0020887212573445315,0.04570253009784613,0.240192950337854,
2265,200,3,55.0,72.9,84.3,4.33,1e-05,25,0.60,0.58,True,110.9,3,0.006426110460518198,0.08016302427252978,0.5696791124368717,
2260,200,3,102.8,24.8,99.8,3.91,1e-06,120,0.60,0.58,True,172.70000000000002,3,0.019030822928547284,0.1379522487259533,2.389024381882135,
2257,200,3,143.4,135.0,189.9,4.5,1e-06,120,0.35,0.40,True,206.3,3,0.03738042990399815,0.19334019215879078,2.518259393164146,
2270,200,3,109.1,132.6,164.6,1.11,1e-05,50,0.60,0.58,True,131.8,3,0.004166056172261968,0.064544993394236,0.05341128849834359,
2167,200,3,22.4,137.4,133.6,3.9,1e-07,50,0.35,0.40,False,900.0,2,0.0,0.0,0.5283740225151436,vittima non trovata entro 15 minuti
2269,200,3,125.1,167.4,202.0,2.4,1e-05,50,0.60,0.45,True,169.10000000000002,3,0.00044381699956534015,0.021066964650023508,1.9988989346860087,
2268,200,3,147.9,135.4,193.5,3.46,1e-05,50,0.45,0.55,True,200.10000000000002,3,0.004137052095434765,0.0643199198960537,0.23070536226246488,
2276,200,3,97.3,122.6,149.5,2.37,1e-05,120,center,center,False,137.4,3,0.02361698313015483,0.15367818039707143,11.933542658541592,vittima non trovata entro 15 minuti
2273,200,3,151.9,143.8,202.1,2.92,1e-05,80,0.45,0.55,True,186.60000000000002,3,0.0031059092369269898,0.05573068487760571,0.17302232644223647,
2181,200,3,98.3,153.1,175.0,1.29,1e-06,25,center,center,False,900.0,2,0.005507521821022086,0.07421267965127042,1.0828952406959578,vittima non trovata entro 15 minuti
2278,200,3,65.7,77.1,94.2,1.31,1e-05,120,0.45,0.55,True,135.5,3,0.0017923920013502958,0.04233665080459596,0.6425277019842973,
2272,200,3,127.7,66.8,137.3,4.65,1e-05,80,0.35,0.40,True,225.4,3,0.004049061625768348,0.063632237315439,1.8324422505377937,
2274,200,3,148.5,52.8,151.3,2.43,1e-05,80,0.60,0.45,True,198.60000000000002,3,0.02435238933399124,0.15605252107540987,3.1682356703007852,
2275,200,3,146.4,57.0,150.6,4.02,1e-05,80,0.60,0.58,True,205.5,3,0.0015554517715969552,0.039439216163571954,0.34490382704699,
2271,200,3,119.3,85.1,139.6,2.6,1e-05,80,center,center,True,245.10000000000002,3,0.0010570139478413589,0.03251175091934236,0.5216779576580106,
2277,200,3,130.8,154.4,195.3,3.46,1e-05,120,0.35,0.40,True,170.5,3,0.003640588872711339,0.060337292553704625,0.4931940010127361,
2262,200,3,108.3,23.4,105.0,3.54,1e-05,25,0.35,0.40,True,298.7,3,0.0016079916068306207,0.04009977065808009,0.6555122890127275,
2185,200,3,88.0,44.3,91.9,3.38,1e-06,25,0.60,0.58,False,900.0,2,0.46222510443575293,0.6798713881579022,3.594797740313121,vittima non trovata entro 15 minuti
2279,200,3,127.9,107.7,160.1,1.38,1e-05,120,0.60,0.45,True,209.9,3,0.002432920599045608,0.04932464494596599,1.4243746697695416,
2241,200,3,22.4,58.4,56.2,4.7,1e-06,25,center,center,True,511.0,3,2.902084022788082,1.7035504168612334,1.4025067271467437,
2204,200,3,21.4,66.1,63.3,2.98,1e-05,25,0.60,0.45,False,823.8000000000001,3,340.9878722281185,18.46585693186532,10.168829288979115,vittima non trovata entro 15 minuti
2284,200,3,63.6,70.7,88.1,4.55,1e-07,25,0.60,0.45,True,128.6,3,0.0007822488303771037,0.027968711632413528,0.5935690285336047,
2283,200,3,76.0,95.3,114.9,1.39,1e-07,25,0.45,0.55,True,150.3,3,0.0012550525164329897,0.03542672037365285,0.9987485709566022,
2286,200,3,34.7,48.8,52.9,2.08,1e-07,50,center,center,True,116.2,3,0.007903755436597135,0.08890306764446959,3.5672403039500282,
2198,200,3,27.9,54.3,54.4,4.54,1e-06,120,0.45,0.55,False,900.0,2,6.310887241768095e-30,2.5121479338940403e-15,0.7847550978345232,vittima non trovata entro 15 minuti
2288,200,3,89.7,81.2,114.0,4.81,1e-07,50,0.45,0.55,True,138.4,3,0.00526470927248061,0.07255831635643574,0.0356598889417785,
2289,200,3,65.1,88.7,103.0,4.63,1e-07,50,0.60,0.45,True,140.8,3,0.007034019317018508,0.08386906054689362,8.28778553627181,
2287,200,3,106.7,60.6,115.9,1.61,1e-07,50,0.35,0.40,True,161.4,3,0.0013125116615240492,0.03622860280943842,0.7781823039960117,
2285,200,3,84.6,148.9,164.5,2.55,1e-07,25,0.60,0.58,True,169.0,3,0.0037600996650697356,0.061319651540674425,0.33601576060421473,
2291,200,3,89.2,160.5,176.9,1.24,1e-07,80,center,center,True,153.3,3,0.0035284843910965546,0.059401047053874015,2.7910213250381064,
2292,200,3,108.4,19.4,104.4,3.31,1e-07,80,0.35,0.40,True,174.60000000000002,3,0.00656206704225754,0.08100658641281917,1.0707540984718091,
2207,200,3,159.2,166.5,223.3,1.84,1e-05,50,0.35,0.40,False,900.0,2,4.0389678347315804e-28,2.0097183471152322e-14,25.56211876318207,vittima non trovata entro 15 minuti
2213,200,3,160.7,114.7,190.4,2.69,1e-05,80,0.45,0.55,False,900.0,2,1.0770580892617547e-27,3.2818563180946156e-14,34.020415641019994,vittima non trovata entro 15 minuti
2295,200,3,108.9,113.0,149.9,2.92,1e-07,80,0.60,0.58,True,150.6,3,0.002235433177071411,0.04728036777639754,0.2547793335190868,
2297,200,3,47.4,48.3,60.6,3.12,1e-07,120,0.35,0.40,True,106.7,3,0.0041749261309942986,0.06461366829854422,0.26125178395983734,
2221,200,3,83.7,153.1,167.7,4.52,1e-07,25,center,center,False,900.0,1,1.1336546499227267,1.0647321963398715,2.010005110984083,vittima non trovata entro 15 minuti
2294,200,3,131.2,160.0,199.9,2.97,1e-07,80,0.60,0.45,True,189.3,3,0.0029437131505577153,0.054255996447929285,3.8766330100861848,
2296,200,3,94.4,145.7,166.7,3.02,1e-07,120,center,center,True,146.20000000000002,3,0.0023212400856281825,0.04817924953367562,2.0913990003296945,
2301,200,3,31.0,77.7,77.2,2.34,1e-06,25,center,center,True,116.4,3,0.0016801891371663429,0.0409901102360843,3.4799579345220013,
2282,200,3,128.0,107.4,160.0,1.28,1e-07,25,0.35,0.40,True,300.6,3,0.002373927955720626,0.0487229715403384,0.9051959976867516,
2298,200,3,111.7,107.9,148.2,2.29,1e-07,120,0.45,0.55,True,149.4,3,0.0017120674134789304,0.04137713636150924,0.2946709360878292,
2293,200,3,161.1,22.1,157.0,1.29,1e-07,80,0.45,0.55,True,256.90000000000003,3,0.0018699932432745788,0.04324341849662881,0.36009900548733076,
2216,200,3,59.0,74.8,88.3,4.77,1e-05,120,center,center,False,900.0,2,0.0,0.0,31.283824870329944,vittima non trovata entro 15 minuti
2305,200,3,49.8,84.6,91.4,4.32,1e-06,25,0.60,0.58,True,142.9,3,0.00028286558006036507,0.01681860814872518,1.066412573998934,
2223,200,3,88.3,77.3,110.4,3.55,1e-07,25,0.45,0.55,False,900.0,2,0.003667812714197906,0.06056246951865409,0.16070052910691085,vittima non trovata entro 15 minuti
2307,200,3,94.1,48.5,99.2,2.47,1e-06,50,0.35,0.40,True,143.70000000000002,3,0.003264589411170432,0.057136585575009925,1.1028233497745665,
2312,200,3,58.9,23.8,57.1,1.22,1e-06,80,0.35,0.40,True,115.80000000000001,3,0.0018776515511406307,0.04333187684765836,1.0070354545418052,
2300,200,3,133.5,36.8,132.4,2.53,1e-07,120,0.60,0.58,True,254.9,3,0.003722036786357642,0.061008497656946464,0.20606851477711016,
2299,200,3,130.2,85.8,149.0,4.61,1e-07,120,0.60,0.45,True,254.5,3,0.0033714087107424547,0.05806383306966958,0.21160459060829043,
2314,200,3,51.6,114.9,119.4,2.36,1e-06,80,0.60,0.45,True,128.20000000000002,3,0.005090346490287271,0.07134666418472044,0.15393988808136996,
2313,200,3,83.9,140.7,157.0,2.19,1e-06,80,0.45,0.55,True,147.1,3,0.003350358949484196,0.057882285282149976,0.9475538787192138,
2304,200,3,145.8,27.5,142.6,4.86,1e-06,25,0.60,0.45,True,241.8,3,0.010703479513843404,0.10345762182576691,2.7168546840188985,
2321,200,3,33.4,25.0,34.7,5.0,1e-05,25,center,center,True,64.2,3,0.004482505763339993,0.06695151800624086,4.229505700543825,
2302,200,3,152.6,60.5,157.7,4.7,1e-06,25,0.35,0.40,True,247.4,3,0.007457901557074889,0.08635914286903784,2.608767215362809,
2309,200,3,82.8,19.7,79.1,3.29,1e-06,50,0.60,0.45,True,202.8,3,0.0029973573122743877,0.054748126107423876,4.06060934407153,
2310,200,3,158.9,154.2,214.3,3.36,1e-06,50,0.60,0.58,True,224.0,3,0.002935959094133433,0.05418449126948995,0.15860235105870435,
2264,200,3,19.2,77.2,73.6,1.06,1e-05,25,0.60,0.45,False,623.7,3,163.12621134185616,12.772087195985478,20.40104605920786,vittima non trovata entro 15 minuti
2319,200,3,101.6,66.6,114.5,1.68,1e-06,120,0.60,0.45,True,149.8,3,0.0010371066604137375,0.032204140423457005,4.779089114569553,
2315,200,3,153.6,137.9,199.4,1.62,1e-06,80,0.60,0.58,True,206.4,3,0.00605750793068476,0.07782999377286857,0.09923759064334925,
2320,200,3,68.7,151.9,160.1,3.63,1e-06,120,0.60,0.58,True,138.5,3,0.0035680523600138906,0.059733176376398155,0.6290925184956511,
2323,200,3,49.7,81.9,88.9,1.62,1e-05,25,0.45,0.55,True,107.9,3,0.0008833223579597818,0.029720739525788752,1.0844871493034607,
2317,200,3,156.9,43.6,156.7,3.19,1e-06,120,0.35,0.40,True,227.9,3,0.026949745419711083,0.16416377621056077,2.4133104188064607,
2318,200,3,155.2,90.2,172.7,2.38,1e-06,120,0.45,0.55,True,213.70000000000002,3,0.0066647185016295565,0.0816377271953939,8.480131587786103,
2326,200,3,108.9,119.2,154.4,1.63,1e-05,50,center,center,True,140.70000000000002,3,0.003848862126314077,0.062039198304894926,0.14860253523642716,
2330,200,3,88.0,131.7,151.5,1.48,1e-05,50,0.60,0.58,True,117.30000000000001,3,0.0024873662507877486,0.049873502491681376,0.22006549017517088,
2336,200,3,19.6,45.2,42.7,1.28,1e-05,120,center,center,True,94.9,3,0.0013926175876330406,0.03731779183758118,1.4107122167121848,
2331,200,3,68.2,141.9,150.8,3.0,1e-05,80,center,center,True,127.60000000000001,3,0.00606105250795965,0.07785276172339456,3.3665671430284743,
2329,200,3,108.6,156.1,183.2,4.37,1e-05,50,0.60,0.45,True,154.9,3,0.003192205378934032,0.05649960512193012,0.3092934571516985,
2251,200,3,103.3,40.6,104.6,2.25,1e-06,80,center,center,False,900.0,2,2.524354896707238e-28,1.5888218580782548e-14,0.1206991594351157,vittima non trovata entro 15 minuti
2253,200,3,169.4,58.0,172.7,2.93,1e-06,80,0.45,0.55,False,900.0,2,6.731613057885967e-29,8.204640795236539e-15,0.3899767693705575,vittima non trovata entro 15 minuti
2335,200,3,77.5,85.7,108.5,4.89,1e-05,80,0.60,0.58,True,133.1,3,0.001888153767842677,0.04345289136343722,3.413874418200554,
2333,200,3,86.2,73.1,106.0,1.13,1e-05,80,0.45,0.55,True,137.1,3,0.006762554887637285,0.08223475474297522,0.031192556203050142,
2340,200,3,31.2,42.7,45.9,2.64,1e-05,120,0.60,0.58,True,71.10000000000001,3,0.000892006070551084,0.02986647067450528,1.684486508744962,
2337,200,3,108.7,100.1,140.7,2.49,1e-05,120,0.35,0.40,True,137.9,3,0.002175805530537913,0.04664553065983828,0.2154731776303132,
2339,200,3,58.1,146.0,150.7,2.31,1e-05,120,0.60,0.45,True,125.5,3,0.01775883479253555,0.13326227820555803,0.517484718164184,
2338,200,3,105.2,141.6,169.4,2.28,1e-05,120,0.45,0.55,True,134.0,3,0.002968567219769097,0.05448455946200811,1.1900509179552468,
2258,200,3,170.1,64.9,175.7,2.62,1e-06,120,0.45,0.55,False,900.0,2,6.731613057885967e-29,8.204640795236539e-15,0.1393159513576626,vittima non trovata entro 15 minuti
2350,200,3,20.1,21.6,22.4,3.35,1e-07,50,0.60,0.58,True,42.7,3,0.004182148219215831,0.06466953084116067,4.700436544375204,
2261,200,3,96.7,84.0,121.0,4.4,1e-05,25,center,center,False,900.0,2,23.35785842455867,4.832996836804124,5.522608941644472,vittima non trovata entro 15 minuti
2263,200,3,45.2,35.4,50.4,3.2,1e-05,25,0.45,0.55,False,900.0,2,1.262177448353619e-28,1.1234667099445444e-14,32.57805021299863,vittima non trovata entro 15 minuti
2343,200,3,43.9,105.6,107.9,1.68,1e-07,25,0.45,0.55,True,135.9,3,0.0003678871039480756,0.019180383310770294,1.7488550860488936,
2267,200,3,164.8,82.6,177.6,4.92,1e-05,50,0.35,0.40,False,900.0,2,2.0194839173657902e-28,1.4210854715202004e-14,23.705816094193725,vittima non trovata entro 15 minuti
2342,200,3,104.2,135.3,163.8,3.34,1e-07,25,0.35,0.40,True,171.3,3,0.0011594886318336917,0.034051264761146414,0.21445747617262503,
2322,200,3,169.8,156.8,224.1,4.49,1e-05,25,0.35,0.40,True,368.6,3,0.024162953052505858,0.15544437285571278,3.04104680015075,
2266,200,3,100.9,36.8,101.0,4.06,1e-05,50,center,center,False,900.0,2,0.004933988301693751,0.0702423540443638,13.519638109374084,vittima non trovata entro 15 minuti
2353,200,3,52.6,120.1,124.6,3.08,1e-07,80,0.45,0.55,True,130.4,3,0.004123599424476232,0.06421525850198091,1.247469252493394,
2351,200,3,128.5,164.4,201.6,2.49,1e-07,80,center,center,False,159.4,3,0.02845659549210831,0.1686908281208801,11.667938851652723,vittima non trovata entro 15 minuti
2346,200,3,79.5,122.8,139.4,1.82,1e-07,50,center,center,True,183.0,3,0.0020326247804049883,0.0450846401827162,0.5969744496340416,
2352,200,3,158.0,40.5,157.0,3.25,1e-07,80,0.35,0.40,False,215.70000000000002,3,0.00793970805938701,0.08910503947245077,12.094274362825571,vittima non trovata entro 15 minuti
2334,200,3,162.7,114.9,192.2,4.69,1e-05,80,0.60,0.45,True,368.8,3,0.0001402149681930872,0.011841240145909008,0.28021294985122586,
2354,200,3,145.9,169.1,216.2,4.94,1e-07,80,0.60,0.45,True,180.10000000000002,3,1.9716634154997847e-06,0.0014041593269639256,5.018210200991969,
2348,200,3,137.9,69.1,147.6,2.68,1e-07,50,0.45,0.55,True,256.40000000000003,3,0.0029168657495820694,0.05400801560492729,0.3146982332059578,
2347,200,3,136.6,41.7,136.7,4.45,1e-07,50,0.35,0.40,True,265.40000000000003,3,0.0036736148271302033,0.06061035247488834,1.418481616765871,
2356,200,3,92.3,26.7,89.9,4.85,1e-07,120,center,center,True,153.5,3,0.0006204731819111708,0.02490929910517698,0.4427679620423173,
2357,200,3,91.4,152.6,171.0,1.06,1e-07,120,0.35,0.40,True,145.1,3,0.002425674677288186,0.049251138842550495,1.373280743612702,
2280,200,3,95.7,36.3,96.0,1.87,1e-05,120,0.60,0.58,False,900.0,1,2.0510383535746307e-28,1.432144669219779e-14,26.73552624091312,vittima non trovata entro 15 minuti
2359,200,3,118.5,40.2,118.9,3.49,1e-07,120,0.60,0.45,True,176.3,3,0.021296887135843618,0.14593453030672218,4.493214602129082,
2358,200,3,119.0,160.4,192.7,4.08,1e-07,120,0.45,0.55,True,172.0,3,0.0032518909113822,0.057025353233296154,1.7706296707599358,
2281,200,3,119.1,159.4,192.0,4.01,1e-07,25,center,center,False,900.0,2,1.0097419586828951e-27,3.1776437161565096e-14,2.582228771812016,vittima non trovata entro 15 minuti
2366,200,3,57.2,43.9,65.1,2.07,1e-06,50,center,center,True,114.80000000000001,3,0.016537516726075428,0.1285982765284023,2.154693248460839,
2369,200,3,43.4,94.0,97.0,2.07,1e-06,50,0.60,0.45,True,103.9,3,0.0036893959703663557,0.060740398174249366,0.5182594287654227,
2360,200,3,151.5,90.1,169.4,3.33,1e-07,120,0.60,0.58,True,222.10000000000002,3,0.0033808740143637236,0.05814528368116991,0.4076606122317836,
2375,200,3,20.2,31.4,30.4,1.76,1e-06,80,0.60,0.58,True,55.5,3,0.0029705130502473047,0.05450241325159194,2.8678674616484954,
2290,200,3,25.7,134.4,131.1,2.37,1e-07,50,0.60,0.58,False,900.0,2,6.310887241768095e-30,2.5121479338940403e-15,0.4715696377735631,vittima non trovata entro 15 minuti
2371,200,3,49.2,52.5,64.9,4.08,1e-06,80,center,center,True,120.10000000000001,3,0.0012373072804117604,0.035175378895070344,3.695918612231579,
2364,200,3,142.2,38.6,141.2,1.39,1e-06,25,0.60,0.45,True,224.8,3,0.01232599214400515,0.11102248485782126,1.2836173584308128,
2367,200,3,94.1,32.3,93.2,4.32,1e-06,50,0.35,0.40,True,156.10000000000002,3,0.008853534756302111,0.09409322375337191,1.8330774985410643,
2311,200,3,24.1,165.7,161.8,3.53,1e-06,80,center,center,True,722.5,3,2.332354506089776,1.5272048016195392,4.495164324527345,
2363,200,3,147.1,63.4,153.6,1.25,1e-06,25,0.45,0.55,True,236.9,3,0.009497194310384902,0.09745354950121059,0.5348991504632464,
2372,200,3,93.1,114.8,140.8,3.7,1e-06,80,0.35,0.40,True,145.1,3,0.00223481903321341,0.04727387262763027,0.2776440107508297,
2373,200,3,103.5,118.8,150.6,3.95,1e-06,80,0.45,0.55,True,161.60000000000002,3,0.0029887394201268958,0.054669364548409524,2.1639454700622043,
2303,200,3,65.5,128.9,137.9,3.31,1e-06,25,0.45,0.55,False,900.0,1,0.0,0.0,0.3313480406695395,vittima non trovata entro 15 minuti
2378,200,3,35.5,58.8,61.8,3.38,1e-06,120,0.45,0.55,True,105.5,3,0.0026906516286901846,0.05187149148318549,1.597757572734657,
2376,200,3,124.4,109.9,158.9,1.37,1e-06,120,center,center,True,151.9,3,0.0009190066405888942,0.030315122308658005,0.9134708217668239,
2365,200,3,128.2,41.1,128.4,3.89,1e-06,25,0.60,0.58,True,263.6,3,0.00010338072401139241,0.010167631189780263,0.23541465958364427,
2374,200,3,154.0,130.5,194.8,1.69,1e-06,80,0.60,0.45,True,197.70000000000002,3,0.0021978963134421286,0.04688172686070905,0.9145215995711954,
2380,200,3,78.4,106.7,125.4,2.85,1e-06,120,0.60,0.58,True,135.9,3,0.003679890101220879,0.06066209773178701,0.21757936393080066,
2379,200,3,81.4,38.0,83.3,4.4,1e-06,120,0.60,0.45,True,160.60000000000002,3,0.0022201217124816555,0.04711816754163574,3.9173440311095447,
2387,200,3,48.5,101.7,106.0,1.96,1e-05,50,0.35,0.40,True,107.5,3,0.004042296490091989,0.0635790570085149,0.4079447997094745,
2370,200,3,141.5,90.6,161.1,2.98,1e-06,50,0.60,0.58,True,301.8,3,0.005946685427111273,0.07711475492479551,0.19506770815167465,
2377,200,3,137.7,90.4,157.8,4.03,1e-06,120,0.35,0.40,True,223.10000000000002,3,0.0026316900448758603,0.05130000043738655,1.7194610394941858,
2306,200,3,29.2,137.4,134.6,1.39,1e-06,50,center,center,False,900.0,2,4.102076707149261e-28,2.0253584144909416e-14,1.51345211131562,vittima non trovata entro 15 minuti
2308,200,3,25.6,61.5,60.2,4.63,1e-06,50,0.45,0.55,False,900.0,2,5.048709793414476e-29,7.105427357601002e-15,0.730504513937647,vittima non trovata entro 15 minuti
2392,200,3,110.9,132.4,165.6,2.74,1e-05,80,0.35,0.40,True,130.70000000000002,3,0.004087574077998826,0.06393413859589278,0.1786266619299712,
2386,200,3,155.0,68.8,163.0,4.03,1e-05,50,center,center,True,187.10000000000002,3,0.004620822208297256,0.06797662986863394,0.10166931264593948,
2393,200,3,87.5,137.1,155.8,1.9,1e-05,80,0.45,0.55,True,126.30000000000001,3,0.005228067251697957,0.07230537498483745,0.5231839134505094,
2316,200,3,35.9,45.1,50.6,1.5,1e-06,120,center,center,False,900.0,2,0.0,0.0,2.6644438315571426,vittima non trovata entro 15 minuti
2391,200,3,101.7,43.4,104.1,2.4,1e-05,80,center,center,True,163.20000000000002,3,0.0013588859506113704,0.03686307028194166,0.28862545828942265,
2381,200,3,60.4,168.0,172.2,2.4,1e-05,25,center,center,True,271.7,3,0.0006415813607801916,0.025329456385406134,0.8851277565703507,
2382,200,3,130.8,72.7,142.8,1.54,1e-05,25,0.35,0.40,True,270.3,3,0.001112620916004503,0.033355972718607727,1.0687803542506489,
2396,200,3,113.9,75.8,129.9,3.7,1e-05,120,center,center,True,138.5,3,0.0049462612350657815,0.07032966113288035,2.326664884062176,
2400,200,3,22.2,40.2,39.2,4.96,1e-05,120,0.60,0.58,True,74.9,3,0.0024554931826421475,0.04955293313863618,4.539223945585686,
2398,200,3,115.7,102.0,147.2,3.23,1e-05,120,0.45,0.55,True,135.70000000000002,3,0.0036206868433330867,0.060172143416477086,0.5537667580512606,
2395,200,3,80.0,51.7,88.4,2.89,1e-05,80,0.60,0.58,True,144.0,3,0.00029168873022063685,0.017078897219101614,2.149602759247682,
2324,200,3,79.9,147.1,160.7,1.72,1e-05,25,0.60,0.45,False,900.0,2,579.1350590544604,24.065225098769808,12.434264313123682,vittima non trovata entro 15 minuti
2399,200,3,109.1,68.9,122.1,3.91,1e-05,120,0.60,0.45,True,149.4,3,0.0044877015087462346,0.06699030906591068,6.9460154135405885,
2328,200,3,109.4,21.8,105.7,2.1,1e-05,50,0.45,0.55,False,900.0,2,0.013328496034063005,0.11544910581751167,0.1638449203293975,vittima non trovata entro 15 minuti
2327,200,3,170.9,132.9,209.5,3.48,1e-05,50,0.35,0.40,False,900.0,2,0.0,0.0,27.837272081780238,vittima non trovata entro 15 minuti
2325,200,3,27.8,78.9,77.4,2.62,1e-05,25,0.60,0.58,False,900.0,2,6.310887241768095e-30,2.5121479338940403e-15,46.23026840387593,vittima non trovata entro 15 minuti
2384,200,3,166.1,147.3,215.0,2.58,1e-05,25,0.60,0.45,True,324.40000000000003,3,0.0009919371555402565,0.03149503382344995,1.4315140578149346,
2401,200,4,55.8,120.7,126.4,3.08,1e-07,25,center,center,True,120.5,3,0.0035166636254201937,0.059301463939941595,2.7586461392122095,
2404,200,4,61.3,61.4,79.7,2.98,1e-07,25,0.60,0.45,True,107.0,3,0.002807770224334358,0.05298839707270223,1.5136545331006537,
2403,200,4,57.6,47.5,67.6,2.98,1e-07,25,0.45,0.55,True,109.5,3,0.02857210323928183,0.16903284662834567,0.7803296671771573,
2383,200,3,159.3,118.0,191.2,2.39,1e-05,25,0.45,0.55,True,383.40000000000003,3,0.016425787506659153,0.12816312849903108,3.8066761344035798,
2407,200,4,39.7,24.4,39.7,4.6,1e-07,50,0.35,0.40,True,79.4,3,0.010695248291906132,0.10341783352935863,1.0958080543445308,
2332,200,3,164.4,166.8,227.1,2.19,1e-05,80,0.35,0.40,False,900.0,2,8.077935669463161e-28,2.842170943040401e-14,73.93868624128544,vittima non trovata entro 15 minuti
2389,200,3,169.8,157.9,224.8,1.62,1e-05,50,0.60,0.45,True,345.70000000000005,3,0.031890489761764805,0.17857908545449774,0.8778020271127153,
2341,200,3,92.5,140.2,161.1,3.81,1e-07,25,center,center,False,900.0,1,0.29305178296194884,0.5413425744959922,2.8914879135028824,vittima non trovata entro 15 minuti
2410,200,4,85.6,70.3,103.7,2.85,1e-07,50,0.60,0.58,True,112.4,3,0.003652413886639362,0.06043520403406744,1.2595147780014777,
2405,200,4,31.5,159.0,156.2,4.59,1e-07,25,0.60,0.58,True,144.1,3,0.0036488592447775532,0.06040578817280305,3.774752732595833,
2408,200,4,107.1,147.0,174.9,2.03,1e-07,50,0.45,0.55,True,143.70000000000002,3,0.03465887706432034,0.18616894763714043,3.359058346607687,
2409,200,4,71.7,168.1,176.2,2.26,1e-07,50,0.60,0.45,True,132.0,3,0.004017010011488042,0.06337988649002176,0.09060007857498853,
2394,200,3,162.2,138.1,205.9,4.8,1e-05,80,0.60,0.45,True,356.40000000000003,3,0.0008691720419361465,0.02948172386303329,0.8215662157417638,
2411,200,4,122.1,141.1,179.5,3.7,1e-07,80,center,center,False,146.0,3,0.03040866088974382,0.17438079277759871,10.692490292751033,vittima non trovata entro 15 minuti
2402,200,4,143.8,119.4,179.9,3.55,1e-07,25,0.35,0.40,True,193.3,3,0.008505180557617672,0.09222353581173122,1.8321854649698743,
2412,200,4,116.1,148.7,181.6,3.5,1e-07,80,0.35,0.40,False,147.4,3,0.03365242771495306,0.1834459803728418,10.87614618495577,vittima non trovata entro 15 minuti
2345,200,3,89.9,166.9,182.8,3.09,1e-07,25,0.60,0.58,False,900.0,2,4.38321152126065e-05,0.006620582694340922,0.11220079789392055,vittima non trovata entro 15 minuti
2406,200,4,123.1,125.3,168.6,3.65,1e-07,50,center,center,True,179.9,3,0.0033111669353068614,0.05754274007472065,0.02106161101895153,
2415,200,4,58.4,53.6,72.2,4.5,1e-07,80,0.60,0.58,True,116.60000000000001,3,0.009759428656005171,0.09878982060923672,1.4912701579445549,
2344,200,3,115.4,22.6,111.8,4.93,1e-07,25,0.60,0.45,False,900.0,1,0.004995266525156649,0.07067719947165882,2.6130713550068045,vittima non trovata entro 15 minuti
2413,200,4,130.2,33.8,128.4,4.09,1e-07,80,0.45,0.55,True,170.70000000000002,3,0.0030478159250584723,0.05520702785930857,0.20539607964983364,
2355,200,3,19.8,100.5,96.6,1.32,1e-07,80,0.60,0.58,False,900.0,2,22.96790975390678,4.792484716084839,16.23958489398133,vittima non trovata entro 15 minuti
2420,200,4,64.7,103.5,115.2,1.92,1e-07,120,0.60,0.58,True,119.5,3,0.004485668982888509,0.06697513705016593,0.5308311107915317,
2349,200,3,161.6,19.4,157.3,2.78,1e-07,50,0.60,0.45,False,900.0,0,0.0,0.0,19.073192418875465,vittima non trovata entro 15 minuti
2414,200,4,122.1,169.5,201.9,3.13,1e-07,80,0.60,0.45,True,166.3,3,0.007279676542172115,0.08532102051764334,0.27111225543532863,
2422,200,4,80.4,33.9,80.7,1.24,1e-06,25,0.35,0.40,True,121.2,3,0.0015127094497260681,0.038893565659708654,1.511513748491617,
2417,200,4,111.1,39.7,111.6,4.41,1e-07,120,0.35,0.40,True,155.60000000000002,3,0.004034777042155908,0.06351989485315532,0.5894727188761963,
2421,200,4,28.1,136.8,133.8,3.02,1e-06,25,center,center,True,127.2,3,0.0023729832976508228,0.048713276400287664,3.867373442761137,
2419,200,4,123.5,112.0,159.7,3.24,1e-07,120,0.60,0.45,True,156.5,3,0.004249973860274366,0.06519182356917443,0.15694347083574292,
2418,200,4,104.4,70.0,118.8,3.08,1e-07,120,0.45,0.55,True,149.6,3,0.0045349546209578935,0.06734207170081638,0.29541666438310654,
2416,200,4,140.8,66.5,149.1,1.22,1e-07,120,center,center,False,199.4,3,0.007039115163507723,0.08389943482233789,15.67572813007637,vittima non trovata entro 15 minuti
2362,200,3,74.2,134.0,146.4,1.17,1e-06,25,0.35,0.40,False,900.0,2,0.011243942408312706,0.10603745757190101,0.0679696446465706,vittima non trovata entro 15 minuti
2423,200,4,83.5,92.3,117.4,4.23,1e-06,25,0.45,0.55,True,149.1,3,0.007553308821516628,0.08690977402753172,1.653669905481003,
2427,200,4,103.8,67.6,116.9,3.57,1e-06,50,0.35,0.40,True,136.3,3,0.0011485613206069385,0.03389043110683219,1.3181227853154178,
2433,200,4,51.6,101.8,107.4,2.79,1e-06,80,0.45,0.55,True,112.60000000000001,3,0.005164190489783529,0.07186230228557619,1.1710719597044945,
2361,200,3,116.3,72.7,130.3,3.39,1e-06,25,center,center,False,900.0,1,2.692645223154387e-28,1.6409281590473078e-14,0.05971866555848699,vittima non trovata entro 15 minuti
2435,200,4,72.7,56.7,85.2,3.22,1e-06,80,0.60,0.58,True,113.60000000000001,3,0.0033328545565837558,0.05773088044178571,1.0241643558919509,
2434,200,4,25.8,130.4,127.1,1.82,1e-06,80,0.60,0.45,True,117.0,3,0.02244619732430477,0.14982055040716133,0.7411983242989348,
2428,200,4,31.1,148.2,145.6,1.25,1e-06,50,0.45,0.55,True,136.5,3,0.004552652408801245,0.06747334591378469,0.49740051117722583,
2444,200,4,36.3,48.8,53.8,4.53,1e-05,25,0.60,0.45,True,72.2,3,0.0006849954521116076,0.02617241777351889,4.010483158962771,
2431,200,4,106.9,22.7,103.4,3.4,1e-06,80,center,center,True,148.8,3,0.039257757182502614,0.19813570395691588,0.5607762846925775,
2436,200,4,87.3,58.6,98.2,1.39,1e-06,120,center,center,True,115.4,3,0.004135336023539644,0.06430657838463841,0.34123355086435814,
2426,200,4,92.9,57.0,102.1,3.47,1e-06,50,center,center,True,158.20000000000002,3,0.003584234715294971,0.05986847847820229,0.14969504634188152,
2424,200,4,157.1,148.1,208.9,2.99,1e-06,25,0.60,0.45,True,181.9,3,0.016681467125172676,0.12915675408267535,3.618016486175672,
2445,200,4,23.1,53.1,51.5,3.24,1e-05,25,0.60,0.58,True,76.10000000000001,3,0.002682596339292458,0.05179378668616978,1.557309953571055,
2429,200,4,94.1,169.1,186.7,4.82,1e-06,50,0.60,0.45,True,157.9,3,0.005307435121636259,0.07285214562136286,0.2637973865707982,
2439,200,4,38.7,98.5,99.4,2.23,1e-06,120,0.60,0.45,True,106.30000000000001,3,0.004302711845333974,0.06559505961072049,0.11056158396457526,
2425,200,4,130.3,151.4,192.7,4.01,1e-06,25,0.60,0.58,True,186.9,3,0.0015004673080195887,0.03873586591286671,0.02369316316586799,
2438,200,4,48.3,57.1,67.7,4.66,1e-06,120,0.45,0.55,True,108.9,3,0.030652665127759375,0.1750790253792823,1.883111756584875,
2446,200,4,45.5,108.2,110.8,3.41,1e-05,50,center,center,True,104.10000000000001,3,0.004265243456524612,0.06530883138232234,2.493031885947147,
2447,200,4,63.3,54.0,76.1,3.13,1e-05,50,0.35,0.40,True,92.5,3,0.004076530613807601,0.06384771424105644,0.279057756457814,
2450,200,4,49.8,73.7,82.0,1.61,1e-05,50,0.60,0.58,True,84.5,3,0.005748386225299265,0.07581811277853905,0.7422559841629202,
2456,200,4,34.8,61.4,63.8,3.14,1e-05,120,center,center,True,85.30000000000001,3,0.0011458186572369691,0.03384994323831236,3.263606647795259,
2453,200,4,30.8,144.0,141.4,3.91,1e-05,80,0.45,0.55,True,99.9,3,0.0030221916225731636,0.054974463367759796,0.9497494549195862,
2449,200,4,86.1,132.4,151.0,3.02,1e-05,50,0.60,0.45,True,129.1,3,0.0018433263877625805,0.04293397707833017,0.08179635163754248,
2430,200,4,141.7,22.5,137.8,3.08,1e-06,50,0.60,0.58,True,252.0,3,0.02045772790109409,0.1430305138811089,5.531991936049835,
2432,200,4,141.4,100.5,166.5,2.99,1e-06,80,0.35,0.40,True,244.10000000000002,3,0.010398542738362722,0.10197324520854832,1.1977626934080974,
2441,200,4,132.2,146.9,190.6,4.0,1e-05,25,center,center,True,204.4,3,0.004465463265168602,0.0668241218810139,0.018118426371891348,
2443,200,4,128.6,93.9,152.2,2.29,1e-05,25,0.45,0.55,True,186.5,3,0.003933782471091487,0.06271987301558803,0.16153672534904975,
2460,200,4,86.6,131.7,150.7,2.26,1e-05,120,0.60,0.58,True,117.10000000000001,3,0.0011809193393801562,0.03436450697129462,0.4091562120159836,
2455,200,4,92.8,115.7,141.3,4.12,1e-05,80,0.60,0.58,True,122.5,3,0.0025023934281370747,0.05002392855561301,0.19106414779404504,
2457,200,4,84.3,168.7,181.9,3.53,1e-05,120,0.35,0.40,True,124.0,3,0.003257488312454199,0.057074410311927,0.05402847773641384,
2437,200,4,138.3,145.2,193.4,4.6,1e-06,120,0.35,0.40,True,225.9,3,0.003264113448235202,0.05713242029036755,0.265010592666848,
2454,200,4,110.6,155.7,184.0,1.29,1e-05,80,0.60,0.45,True,137.6,3,0.001726607142249606,0.04155246252930873,0.5810303619273844,
2368,200,3,75.9,19.7,72.4,1.48,1e-06,50,0.45,0.55,False,900.0,2,8.201036154332412,2.863745127334556,19.09785575518568,vittima non trovata entro 15 minuti
2440,200,4,161.9,80.7,174.2,2.09,1e-06,120,0.60,0.58,True,236.70000000000002,3,0.0030729954030512658,0.05543460474334841,1.5590238046717266,
2461,200,4,54.3,82.8,92.1,1.31,1e-07,25,center,center,True,117.9,3,0.004481114927488995,0.06694113031230496,2.063759098917855,
2448,200,4,151.1,123.4,188.1,4.15,1e-05,50,0.45,0.55,True,176.5,3,0.0037922267406199656,0.061581058294088824,0.6251181909930642,
2442,200,4,123.6,27.4,120.7,1.03,1e-05,25,0.35,0.40,True,218.4,3,0.0027826405806128654,0.05275074009540402,1.9364829330243198,
2451,200,4,155.8,78.3,167.7,1.71,1e-05,80,center,center,False,183.20000000000002,3,0.009474195593293376,0.09733547962224964,15.062174483113003,vittima non trovata entro 15 minuti
2467,200,4,30.6,152.3,149.5,3.88,1e-07,50,0.35,0.40,True,125.7,3,0.004027850433685212,0.06346534829089975,0.20869363494842658,
2463,200,4,77.7,54.8,88.1,1.68,1e-07,25,0.45,0.55,True,141.8,3,0.004776627462324854,0.0691131497062958,0.00867734815566522,
2385,200,3,93.6,80.8,116.6,2.13,1e-05,25,0.60,0.58,False,900.0,2,2.0194839173657902e-28,1.4210854715202004e-14,30.314732261222982,vittima non trovata entro 15 minuti
2458,200,4,160.4,111.1,188.2,2.47,1e-05,120,0.45,0.55,True,211.70000000000002,3,0.0041626786424403045,0.06451882393875685,0.04757767926612637,
2390,200,3,158.9,140.4,205.0,3.13,1e-05,50,0.60,0.58,False,900.0,2,198.0916861455975,14.074504827722981,20.57259731649211,vittima non trovata entro 15 minuti
2459,200,4,169.3,25.7,165.5,2.28,1e-05,120,0.60,0.45,True,219.3,3,0.015631612909162856,0.12502644883848718,7.799167235048287,
2468,200,4,84.9,103.0,126.5,2.43,1e-07,50,0.45,0.55,True,124.60000000000001,3,0.00979381903039834,0.09896372583122738,1.4250106239714586,
2470,200,4,56.2,108.3,115.3,3.17,1e-07,50,0.60,0.58,True,120.5,3,0.007855347392756774,0.08863039767910767,0.4579688522071534,
2469,200,4,101.3,156.3,179.3,1.65,1e-07,50,0.60,0.45,True,133.5,3,0.008257696257985885,0.09087186725266454,2.1223851703176955,
2472,200,4,91.3,112.3,137.7,4.12,1e-07,80,0.35,0.40,True,128.9,3,0.005837582220901748,0.07640407201780379,0.0903658259936071,
2452,200,4,167.4,42.6,166.7,3.46,1e-05,80,0.35,0.40,True,242.10000000000002,3,0.004869573737499149,0.06978233112686297,8.718088729615335,
2473,200,4,51.1,111.5,116.0,2.41,1e-07,80,0.45,0.55,True,119.0,3,0.015411145878894134,0.12414163636304354,0.618701322224121,
2388,200,3,160.6,146.3,210.2,2.74,1e-05,50,0.45,0.55,False,900.0,2,1.6155871338926322e-27,4.0194366942304644e-14,32.47548086790697,vittima non trovata entro 15 minuti
2466,200,4,154.9,91.3,173.0,2.97,1e-07,50,center,center,True,211.4,3,0.0034273172448880357,0.0585432937652814,0.05658193028912668,
2476,200,4,129.3,84.5,147.6,4.18,1e-07,120,center,center,True,136.0,3,0.02786395909490961,0.1669250103936184,1.6756495794670823,
2478,200,4,44.8,125.0,126.4,3.05,1e-07,120,0.45,0.55,True,121.30000000000001,3,0.007567415145221856,0.08699089116236168,0.8265582385599506,
2474,200,4,113.6,68.6,125.9,1.47,1e-07,80,0.60,0.45,False,148.1,3,0.025357715277352883,0.15924106027451865,12.983216654595282,vittima non trovata entro 15 minuti
2475,200,4,80.8,103.8,124.5,3.31,1e-07,80,0.60,0.58,True,134.5,3,0.006804929817459957,0.082491998505673,0.08273970653056924,
2477,200,4,124.3,140.2,180.3,3.05,1e-07,120,0.35,0.40,True,149.70000000000002,3,0.0021076666533572604,0.04590933078751269,1.8927841574989044,
2480,200,4,87.4,44.9,91.6,2.95,1e-07,120,0.60,0.58,True,148.6,3,0.005133087481068826,0.07164556846776238,2.1352507464751347,
2483,200,4,60.1,76.2,90.1,2.37,1e-06,25,0.45,0.55,True,123.30000000000001,3,0.00868572369807957,0.09319723009875117,0.725270898792511,
2481,200,4,89.5,110.7,135.4,4.16,1e-06,25,center,center,True,162.3,3,0.006722791325440177,0.08199262970194442,5.07227051414077,
2471,200,4,142.7,85.7,159.7,2.37,1e-07,80,center,center,True,212.0,3,0.0047735428092532985,0.06909083013868988,0.2463286490216263,
2486,200,4,54.4,132.2,136.5,4.9,1e-06,50,center,center,True,136.70000000000002,3,0.002964377787873905,0.054446099840795806,4.014568481622744,
2465,200,4,170.8,84.9,184.0,4.52,1e-07,25,0.60,0.58,True,273.0,3,0.0030940588442572615,0.05562426488734266,0.24393832048499348,
2479,200,4,137.3,149.6,196.0,4.0,1e-07,120,0.60,0.45,True,199.5,3,0.0008804162819349201,0.029671809549384077,0.7220662535717627,
2397,200,3,99.0,54.9,106.4,2.48,1e-05,120,0.35,0.40,False,900.0,2,1.262177448353619e-29,3.552713678800501e-15,29.834071305533033,vittima non trovata entro 15 minuti
2494,200,4,64.9,38.1,68.4,4.03,1e-06,80,0.60,0.45,True,109.9,3,0.0017542475312906228,0.04188373826786027,2.5831386820050226,
2492,200,4,111.4,122.7,158.7,2.79,1e-06,80,0.35,0.40,True,139.1,3,0.001897839201417611,0.043564196324706955,0.23219868250828665,
2484,200,4,165.9,152.3,218.2,1.68,1e-06,25,0.60,0.45,True,194.8,3,0.010914749382625901,0.10447367794150783,2.196146195158279,
2488,200,4,165.1,165.3,226.5,2.31,1e-06,50,0.45,0.55,True,168.4,3,0.00909392269618756,0.09536206109448117,3.905467545213582,
2510,200,4,34.3,27.6,37.0,4.5,1e-05,50,0.60,0.58,True,50.400000000000006,3,0.003065476117806925,0.05536674198295331,2.1813922619783135,
2485,200,4,91.2,114.0,139.0,2.03,1e-06,25,0.60,0.58,True,193.8,3,0.003992730556650121,0.06318805707291625,0.24624089780031203,
2495,200,4,115.1,143.3,176.8,4.38,1e-06,80,0.60,0.58,True,146.5,3,0.004685732638194879,0.06845241148560713,0.19685268554651922,
2498,200,4,21.7,130.8,126.9,3.7,1e-06,120,0.45,0.55,True,122.7,3,0.02045083653548041,0.14300642130855667,0.8883024044589588,
2487,200,4,168.5,139.9,212.0,4.7,1e-06,50,0.35,0.40,True,199.9,3,0.008280314429477612,0.09099623305103136,1.092417277958392,
2490,200,4,117.7,57.1,124.2,4.66,1e-06,50,0.60,0.58,True,171.9,3,0.008242532402013577,0.09078839354242137,2.553611674011212,
2500,200,4,116.8,70.3,129.5,1.32,1e-06,120,0.60,0.58,True,147.6,3,0.007836175880803422,0.08852217733880828,2.0436943305453794,
2499,200,4,85.0,163.3,177.3,5.0,1e-06,120,0.60,0.45,True,138.1,3,0.0360641268541684,0.18990557352054835,2.3461943051693552,
2497,200,4,50.0,158.4,159.8,3.06,1e-06,120,0.35,0.40,True,139.8,3,0.002705371985566285,0.05201319049593368,0.35860705750046934,
2464,200,4,93.7,99.6,129.6,4.07,1e-07,25,0.60,0.45,True,349.70000000000005,3,0.008609330750023224,0.09278647934921998,0.17096069097439803,
2511,200,4,59.9,61.5,78.8,1.49,1e-05,80,center,center,True,93.7,3,0.0010450680315054056,0.03232751199064669,1.7834184584112172,
2489,200,4,154.7,129.4,194.7,2.7,1e-06,50,0.60,0.45,True,214.4,3,0.003734101446937897,0.06110729454768798,0.29460845905400496,
2496,200,4,37.9,167.8,166.1,2.85,1e-06,120,center,center,True,169.60000000000002,3,0.003498232157253224,0.05914585494566144,5.255382901382142,
2502,200,4,170.1,143.0,215.2,3.53,1e-05,25,0.35,0.40,True,162.5,3,0.025922619273787844,0.16100502872204905,9.040076896740723,
2491,200,4,138.9,90.3,158.8,3.01,1e-06,80,center,center,True,220.60000000000002,3,0.004105288343146148,0.0640725240890832,0.3487328455342337,
2501,200,4,138.1,161.4,205.4,1.44,1e-05,25,center,center,True,178.20000000000002,3,0.013215536722032887,0.11495884795018123,0.19661200444951438,
2482,200,4,114.8,118.8,158.2,4.66,1e-06,25,0.35,0.40,True,289.8,3,0.001708426231902206,0.04133311301973523,0.0328863775991096,
2504,200,4,134.7,168.0,208.3,3.67,1e-05,25,0.60,0.45,True,170.0,3,0.0003665681012585258,0.019145968276859906,0.833463739888288,
2513,200,4,97.6,108.6,139.0,3.87,1e-05,80,0.45,0.55,True,124.10000000000001,3,0.0023373512636893218,0.048346160795758354,1.9854413785816525,
2518,200,4,33.9,114.8,113.6,3.61,1e-05,120,0.45,0.55,True,99.30000000000001,3,0.01727454027113802,0.1314326453783002,1.4048421839670309,
2503,200,4,83.5,62.6,97.4,4.3,1e-05,25,0.45,0.55,True,186.10000000000002,3,0.001305353884318829,0.03612968148653997,0.19923839429517695,
2509,200,4,88.5,38.3,89.9,1.21,1e-05,50,0.60,0.45,True,152.70000000000002,3,0.00022476773871501788,0.01499225595816113,1.3963123389044,
2516,200,4,60.8,154.7,159.8,4.82,1e-05,120,center,center,True,122.80000000000001,3,0.026430101500065452,0.16257337266620708,4.1765649665292965,
2493,200,4,151.4,36.9,149.8,3.4,1e-06,80,0.45,0.55,True,256.8,3,0.03481801857689573,0.18659586966729927,1.215491117946092,
2508,200,4,159.5,122.7,194.2,3.96,1e-05,50,0.45,0.55,True,177.8,3,0.007647320134014783,0.08744895730661849,1.715324625114171,
2505,200,4,149.6,135.5,194.8,2.93,1e-05,25,0.60,0.58,True,202.20000000000002,3,0.004894599492373204,0.06996141431084141,0.12285935279704735,
2524,200,4,31.7,85.2,84.5,2.4,1e-07,25,0.60,0.45,True,102.5,3,0.005010146523238841,0.07078238851041155,0.4340155890065979,
2514,200,4,101.8,46.9,105.5,2.46,1e-05,80,0.60,0.45,True,158.60000000000002,3,0.01579695318799069,0.12568593074799855,1.9662106735145108,
2521,200,4,41.7,49.2,57.4,4.55,1e-07,25,center,center,True,110.7,3,0.019753939442798615,0.1405487084351849,3.6354982725583422,
2512,200,4,45.0,31.7,48.0,3.15,1e-05,80,0.35,0.40,False,162.4,3,0.02813060720596925,0.16772181493762,17.62661737795709,vittima non trovata entro 15 minuti
2517,200,4,99.3,30.4,97.6,3.89,1e-05,120,0.35,0.40,True,162.60000000000002,3,0.006149970468272807,0.07842174741914902,0.8420575961255999,
2523,200,4,109.4,101.8,142.3,2.61,1e-07,25,0.45,0.55,True,130.20000000000002,3,0.00010867326150360254,0.010424646828722905,0.34782898540301543,
2515,200,4,74.8,19.0,71.2,2.68,1e-05,80,0.60,0.58,True,172.8,3,0.006332658194828012,0.07957800069634831,0.14662797909864692,
2525,200,4,46.1,99.9,103.4,4.76,1e-07,25,0.60,0.58,True,119.7,3,0.009267527790875049,0.0962679998279545,1.7158603462060644,
2519,200,4,134.9,64.6,142.9,4.38,1e-05,120,0.60,0.45,False,195.4,3,0.02853816460452755,0.16893242614882303,12.123725884615434,vittima non trovata entro 15 minuti
2530,200,4,48.6,127.4,129.9,2.85,1e-07,50,0.60,0.58,True,128.3,3,0.00999691713343932,0.09998458447900516,0.3407321463962131,
2528,200,4,44.0,140.7,141.2,4.29,1e-07,50,0.45,0.55,True,132.5,3,0.015300872335430222,0.1236966949252494,0.9024512682183125,
2520,200,4,150.4,121.0,186.0,3.86,1e-05,120,0.60,0.58,True,193.70000000000002,3,0.00013351080144230666,0.011554687422959856,1.5125811162199432,
2529,200,4,111.7,143.2,174.6,2.6,1e-07,50,0.60,0.45,True,150.20000000000002,3,0.0025525080764184143,0.05052235224550035,0.36471842344564287,
2532,200,4,33.1,170.7,168.1,2.21,1e-07,80,0.35,0.40,True,133.70000000000002,3,0.0024794868296656694,0.049794445771247114,0.39153110391030505,
2533,200,4,38.2,82.6,84.4,3.54,1e-07,80,0.45,0.55,True,109.4,3,0.03609122447195536,0.189976905101529,1.4161671943146208,
2527,200,4,87.5,137.3,155.9,1.74,1e-07,50,0.35,0.40,True,154.5,3,0.0010104494246023382,0.031787567138778304,0.1283599176774182,
2534,200,4,80.0,49.3,87.1,1.76,1e-07,80,0.60,0.45,True,103.9,3,0.0022484701419832028,0.047418036040974984,2.6976517733494307,
2535,200,4,28.9,90.8,89.1,3.79,1e-07,80,0.60,0.58,True,112.10000000000001,3,0.0036932552261900327,0.06077215831439618,0.7797312768132134,
2531,200,4,86.1,106.0,129.5,3.87,1e-07,80,center,center,True,151.1,3,0.0009672397629274381,0.031100478499975496,2.8374341188492,
2536,200,4,31.9,102.4,101.0,1.39,1e-07,120,center,center,True,130.20000000000002,3,0.0004784582449382311,0.021873688416410964,2.9705157968749702,
2538,200,4,126.0,117.9,165.5,1.2,1e-07,120,0.45,0.55,True,142.8,3,0.006499241408322304,0.08061787275984342,0.4997596051345606,
2522,200,4,154.2,56.1,157.7,4.06,1e-07,25,0.35,0.40,True,216.20000000000002,3,0.03245618063094373,0.1801559897170886,0.8799710245359759,
2542,200,4,50.8,92.9,99.2,3.79,1e-06,25,0.35,0.40,True,121.60000000000001,3,0.004440937332962299,0.06664035813951107,0.03267320463258714,
2540,200,4,90.2,128.6,150.1,3.89,1e-07,120,0.60,0.58,True,135.20000000000002,3,0.0060732607391503855,0.0779311281783498,0.22070468143947392,
2539,200,4,80.2,153.0,166.0,4.24,1e-07,120,0.60,0.45,True,145.0,3,0.004047519795071211,0.06362012099227109,0.09518715926212983,
2544,200,4,35.1,89.0,89.3,4.67,1e-06,25,0.60,0.45,True,112.10000000000001,3,0.0036195274079995478,0.06016250832536446,0.222013317924408,
2560,200,4,26.0,26.7,30.2,3.63,1e-06,120,0.60,0.58,True,51.1,3,0.0035420835197027363,0.05951540573416883,2.1523416658926093,
2550,200,4,63.2,93.2,105.7,4.1,1e-06,50,0.60,0.58,True,109.0,3,0.0032070859409166668,0.05663113932207851,0.9777960348374192,
2548,200,4,53.9,141.0,144.6,2.68,1e-06,50,0.45,0.55,True,135.1,3,0.01885349370155906,0.1373080248986164,3.932045257398601,
2551,200,4,117.8,41.0,118.4,2.64,1e-06,80,center,center,True,153.9,3,0.04121104344223739,0.20300503304656609,2.26509741657063,
2552,200,4,97.6,118.7,146.7,3.53,1e-06,80,0.35,0.40,True,133.6,3,0.00537148533303566,0.07329041774362909,0.045365072977691004,
2546,200,4,136.7,147.5,194.0,4.97,1e-06,50,center,center,True,174.5,3,0.0055113680458353,0.07423858865735057,0.1064676333967461,
2553,200,4,39.1,109.2,109.6,3.44,1e-06,80,0.45,0.55,True,117.10000000000001,3,0.011637489419362036,0.10787719601177088,1.1308612404468406,
2547,200,4,149.8,145.4,201.7,1.62,1e-06,50,0.35,0.40,True,182.4,3,0.009603755503437153,0.09799875256061759,1.604132535284262,
2557,200,4,105.8,76.5,123.6,3.55,1e-06,120,0.35,0.40,True,137.0,3,0.004726135277530143,0.0687468928572786,1.7909396955064456,
2569,200,4,27.7,66.2,65.2,1.51,1e-05,50,0.60,0.45,True,76.10000000000001,3,0.00484436116004658,0.0696014451002749,1.1687359366536987,
2541,200,4,151.8,99.6,174.7,2.56,1e-06,25,center,center,True,212.3,3,0.03481151947532118,0.18657845394182357,0.6024693306626762,
2558,200,4,118.4,63.2,127.5,3.9,1e-06,120,0.45,0.55,True,149.4,3,0.010964962061669765,0.1047137147735184,1.9581867245405236,
2559,200,4,70.9,146.7,156.3,2.9,1e-06,120,0.60,0.45,True,139.5,3,0.004859328991301602,0.06970888746280206,0.08594891443112562,
2537,200,4,164.7,89.4,180.7,4.25,1e-07,120,0.35,0.40,True,264.3,3,0.0036815765806590323,0.06067599674219643,1.7757071950764265,
2554,200,4,119.6,156.1,189.7,2.81,1e-06,80,0.60,0.45,True,165.3,3,0.0029918294593650474,0.05469761840670074,0.010336254098758563,
2556,200,4,156.7,155.8,213.9,2.91,1e-06,120,center,center,True,172.0,3,0.01751399440153754,0.13234044884893484,4.727018109410232,
2549,200,4,162.6,26.5,159.1,4.04,1e-06,50,0.60,0.45,True,236.0,3,0.02568243224596583,0.16025739373260078,1.8275489575060866,
2567,200,4,86.5,20.8,83.1,4.58,1e-05,50,0.35,0.40,True,147.5,3,0.001835475983425557,0.04284245538511486,2.6031329487520067,
2570,200,4,108.1,166.3,191.5,3.09,1e-05,50,0.60,0.58,True,132.4,3,0.00023329789555681175,0.015274092298948954,1.3711994341570404,
2566,200,4,84.8,32.3,84.3,2.08,1e-05,50,center,center,True,151.9,3,0.0038166816523415898,0.06177929792690744,0.08986036443733054,
2543,200,4,126.7,27.3,123.7,4.34,1e-06,25,0.45,0.55,True,249.0,3,0.0024078478447686273,0.049069826214982945,0.1630486313751233,
2565,200,4,101.5,55.6,109.0,2.5,1e-05,25,0.60,0.58,True,158.10000000000002,3,0.001905093769688963,0.04364737987198044,0.4421165611935932,
2571,200,4,82.8,81.9,109.4,2.67,1e-05,80,center,center,True,131.5,3,0.0010923952424571866,0.03305140303311172,2.055380363982725,
2564,200,4,85.7,60.8,98.1,3.18,1e-05,25,0.60,0.45,True,165.0,3,0.0006421346514161128,0.02534037591307818,1.9587336289030095,
2555,200,4,138.2,102.7,165.2,1.0,1e-06,80,0.60,0.58,True,225.4,3,0.004411268668274227,0.06641738227508087,0.24703037128725394,
2577,200,4,32.5,136.4,134.3,1.25,1e-05,120,0.35,0.40,True,107.0,3,0.005651762905112207,0.07517820764764352,0.401484085927929,
2580,200,4,27.0,112.5,109.7,3.81,1e-05,120,0.60,0.58,True,90.60000000000001,3,0.00616578841249328,0.07852253442479605,1.7163206959673292,
2578,200,4,43.6,110.0,111.9,1.52,1e-05,120,0.45,0.55,True,103.30000000000001,3,0.003544414579698202,0.059534986182061066,0.6402151240470222,
2576,200,4,98.2,130.4,156.3,2.83,1e-05,120,center,center,True,134.8,3,0.006314544320047915,0.0794641071179178,0.8698534431549737,
2561,200,4,127.4,86.6,147.1,1.88,1e-05,25,center,center,True,255.0,3,0.0006079664050885836,0.024656974775681295,0.2419266168305423,
2574,200,4,157.7,168.0,223.4,2.51,1e-05,80,0.60,0.45,True,170.8,3,0.0011801789511900476,0.034353732711163244,2.0627987642514434,
2583,200,4,65.6,36.8,68.5,1.36,1e-07,25,0.45,0.55,True,108.5,3,0.0016741659956500889,0.04091657360593735,0.1568903889183987,
2573,200,4,140.7,112.6,173.2,1.46,1e-05,80,0.45,0.55,True,196.9,3,0.003735624691598349,0.061119756966126336,0.20361959835481552,
2586,200,4,47.1,79.8,85.9,1.89,1e-07,50,center,center,True,116.5,3,0.01203729306781915,0.10971459824389437,2.1164994347109247,
2572,200,4,153.0,109.0,180.9,3.07,1e-05,80,0.35,0.40,True,220.10000000000002,3,0.0031291312859723303,0.05593863857810923,1.4517303566571207,
2585,200,4,50.0,135.7,138.2,5.0,1e-07,25,0.60,0.58,True,131.9,3,0.00392603361708905,0.06265806905011556,0.029719847010872987,
2584,200,4,75.7,137.4,150.1,3.72,1e-07,25,0.60,0.45,True,145.3,3,0.0050270795351206555,0.07090190078637283,0.15424824079202093,
2579,200,4,159.6,66.4,166.4,3.37,1e-05,120,0.60,0.45,False,201.8,3,0.016896199481357312,0.12998538179871347,10.830235006619018,vittima non trovata entro 15 minuti
2593,200,4,39.4,87.5,89.4,1.45,1e-07,80,0.45,0.55,True,109.9,3,0.004373512019548316,0.06613253374511154,0.4657602283130875,
2589,200,4,122.5,107.6,156.0,4.12,1e-07,50,0.60,0.45,True,149.6,3,0.0025892771470540955,0.05088494027759191,0.33467300297853714,
2462,200,4,112.2,43.2,113.8,4.48,1e-07,25,0.35,0.40,False,900.0,2,0.09627206761243924,0.31027740428919287,1.1895001563985623,vittima non trovata entro 15 minuti
2582,200,4,168.2,41.5,167.2,3.26,1e-07,25,0.35,0.40,True,199.4,3,0.017009538415449707,0.13042062112813949,3.079188962362047,
2598,200,4,59.2,22.8,57.1,1.39,1e-07,120,0.45,0.55,True,89.80000000000001,3,0.0017078435427310362,0.04132606372171243,4.1661085857055244,
2588,200,4,168.5,160.3,225.5,2.92,1e-07,50,0.45,0.55,True,169.9,3,0.030666385806079874,0.1751182052388611,0.2659522715483376,
2587,200,4,109.6,36.3,109.1,1.45,1e-07,50,0.35,0.40,True,177.3,3,0.0011992097537747162,0.034629608051127525,0.7384338225618092,
2595,200,4,98.7,54.0,105.7,2.91,1e-07,80,0.60,0.58,True,154.60000000000002,3,0.012701781816792018,0.11270218195222317,0.9956293471830671,
2590,200,4,116.1,57.1,122.7,4.49,1e-07,50,0.60,0.58,True,180.70000000000002,3,0.004740843233156193,0.06885378154579597,0.22288500459314722,
2591,200,4,161.0,143.0,208.3,1.28,1e-07,80,center,center,True,200.20000000000002,3,0.003979550588178489,0.0630836792536587,0.19073811832319656,
2594,200,4,150.1,160.0,212.3,1.53,1e-07,80,0.60,0.45,True,183.70000000000002,3,0.0032916955273068023,0.05737329977704614,6.690856842408201,
2596,200,4,152.7,152.6,208.8,2.17,1e-07,120,center,center,True,171.10000000000002,3,0.0552363674409388,0.23502418480007287,8.173642621482879,
2581,200,4,137.2,82.3,153.1,3.54,1e-07,25,center,center,True,258.40000000000003,3,0.0012364923963033006,0.035163793826936546,0.807317175648397,
2599,200,4,82.3,101.9,124.0,1.23,1e-07,120,0.60,0.45,True,136.1,3,0.004630986650259215,0.06805135303768188,0.02846918944486289,
2592,200,4,151.3,159.5,212.8,4.78,1e-07,80,0.35,0.40,True,217.3,3,0.0030505389981670796,0.05523168473047947,0.36606297110394626,
2601,200,4,122.6,101.6,152.2,1.92,1e-06,25,center,center,True,154.70000000000002,3,0.0031232024303347377,0.05588561917286716,0.24556602204360062,
2606,200,4,125.7,143.3,183.5,1.96,1e-06,50,center,center,True,145.4,3,0.03627183060061869,0.19045164898372158,6.887595564742388,
2597,200,4,158.8,143.8,207.2,1.04,1e-07,120,0.35,0.40,True,224.0,3,0.004351475551831304,0.06596571497248631,0.5153225429039678,
2608,200,4,57.3,154.7,158.5,3.51,1e-06,50,0.45,0.55,True,129.8,3,0.0029119828851311056,0.05396279167288425,1.4530739165279258,
2607,200,4,27.6,170.8,167.3,2.2,1e-06,50,0.35,0.40,True,141.0,3,0.0075712025260872996,0.08701265727517635,0.47360475843601746,
2604,200,4,125.6,75.0,139.5,1.62,1e-06,25,0.60,0.45,True,167.8,3,0.0020230230567342597,0.044978028599909306,1.184576538028273,
2610,200,4,105.0,104.4,141.0,2.64,1e-06,50,0.60,0.58,True,133.3,3,0.0044688622524881,0.06684954938133914,0.09388841547910282,
2614,200,4,39.8,106.7,107.5,2.18,1e-06,80,0.60,0.45,True,109.7,3,0.004613310538750778,0.06792135554264783,0.14117906082660042,
2609,200,4,86.9,111.8,134.5,2.88,1e-06,50,0.60,0.45,True,138.6,3,0.006693230604237237,0.08181216660275681,0.0748730082373929,
2603,200,4,152.2,132.7,194.9,1.87,1e-06,25,0.45,0.55,True,182.8,3,0.006008469521093258,0.07751431816827944,0.06002236402194629,
2612,200,4,116.4,69.6,128.8,2.51,1e-06,80,0.35,0.40,True,148.6,3,0.027602415745301968,0.1661397476382517,0.9052405371980162,
2615,200,4,65.7,79.9,96.4,3.62,1e-06,80,0.60,0.58,True,118.0,3,0.0035128501063184173,0.05926930155078949,0.870276106486581,
2600,200,4,161.4,49.6,162.6,4.23,1e-07,120,0.60,0.58,True,244.3,3,0.006194385844678366,0.07870442074418924,0.42951238329614405,
2611,200,4,92.4,164.9,182.2,3.92,1e-06,80,center,center,True,160.5,3,0.0031392052448452144,0.056028610948739524,3.5570074698886667,
2616,200,4,60.9,109.6,118.6,3.54,1e-06,120,center,center,True,131.8,3,0.014458797435902452,0.12024473974316903,3.4416036766726523,
2617,200,4,35.7,95.7,95.7,2.32,1e-06,120,0.35,0.40,True,113.80000000000001,3,0.006061917648710516,0.07785831778757178,0.13189117048104934,
2605,200,4,145.6,128.8,187.3,1.9,1e-06,25,0.60,0.58,True,218.4,3,0.006217009906226471,0.07884801776979858,0.05777211958218585,
2618,200,4,120.1,124.3,165.7,2.36,1e-06,120,0.45,0.55,True,140.1,3,0.003779800856023173,0.061480085035913644,0.07440636176615117,
2620,200,4,30.9,117.4,115.3,4.37,1e-06,120,0.60,0.58,True,120.60000000000001,3,0.006315858657400393,0.0794723766940463,1.8456921412361988,
2619,200,4,108.3,53.3,114.0,3.15,1e-06,120,0.60,0.45,True,145.1,3,0.005528987399311055,0.07435716104929675,4.29708078774449,
2621,200,4,91.4,122.5,145.8,2.9,1e-05,25,center,center,True,128.4,3,0.002833441150358278,0.05323007749720338,0.10267080988746383,
2623,200,4,109.6,93.1,136.7,4.07,1e-05,25,0.45,0.55,True,131.5,3,0.01857094438686154,0.13627525229058113,3.610036211370988,
2628,200,4,87.2,106.0,130.2,4.01,1e-05,50,0.45,0.55,True,123.10000000000001,3,0.004556958738562173,0.06750524971113116,1.7923757594600884,
2613,200,4,149.9,106.3,176.8,4.76,1e-06,80,0.45,0.55,True,231.9,3,0.004528724176601059,0.0672957961287409,0.06503640094588814,
2626,200,4,112.8,51.3,117.3,2.31,1e-05,50,center,center,True,159.0,3,0.0020000806082405126,0.044722260768441845,0.31077000244297215,
2624,200,4,112.3,153.9,183.5,1.77,1e-05,25,0.60,0.45,True,141.9,3,0.018829285259838912,0.13721984280649396,3.20551353423691,
2633,200,4,37.8,133.1,132.2,2.76,1e-05,80,0.45,0.55,True,105.5,3,0.015597589684299388,0.12489031061014857,1.1916408616093352,
2638,200,4,55.7,53.5,70.2,4.0,1e-05,120,0.45,0.55,True,80.9,3,0.004201044943337358,0.06481546839557173,1.5014516099876158,
2631,200,4,139.4,164.6,208.6,3.44,1e-05,80,center,center,False,143.3,3,0.03889626413243374,0.19722135820552938,18.724607824273352,vittima non trovata entro 15 minuti
2622,200,4,144.4,39.6,143.6,2.12,1e-05,25,0.35,0.40,True,187.70000000000002,3,0.009642626147872837,0.09819687443026298,9.576880128396892,
2506,200,4,27.4,87.1,85.1,4.57,1e-05,50,center,center,False,900.0,2,0.0,0.0,24.452986186861178,vittima non trovata entro 15 minuti
2637,200,4,66.4,80.0,96.9,2.28,1e-05,120,0.35,0.40,True,102.10000000000001,3,0.00430400179305823,0.0656048915330117,0.02537321690772266,
2507,200,4,20.7,79.9,76.5,4.44,1e-05,50,0.35,0.40,False,900.0,2,0.0,0.0,9.302206289004149,vittima non trovata entro 15 minuti
2640,200,4,98.5,157.1,178.5,1.4,1e-05,120,0.60,0.58,True,122.2,3,0.03925089484743033,0.1981183859398979,0.7155985288726592,
2641,200,4,29.1,71.1,70.4,4.85,1e-07,25,center,center,True,106.9,3,0.01289823433294619,0.1135703937342219,5.674132602745701,
2648,200,4,20.0,26.9,26.6,1.62,1e-07,50,0.45,0.55,True,53.0,3,0.003994666519514713,0.06320337427317242,1.1263322374594555,
2627,200,4,164.2,66.5,170.7,3.0,1e-05,50,0.35,0.40,True,215.20000000000002,3,0.0025999435349401212,0.050989641447455984,0.9140666157633797,
2634,200,4,122.5,136.0,175.9,4.26,1e-05,80,0.60,0.45,True,182.70000000000002,3,0.0029727430903058356,0.05452286759063426,0.5781054776970336,
2630,200,4,138.9,58.9,144.4,1.1,1e-05,50,0.60,0.58,True,208.20000000000002,3,0.035892912422167064,0.18945424888918977,0.6703983263376978,
2635,200,4,154.6,138.4,200.4,2.44,1e-05,80,0.60,0.58,True,176.8,3,0.0017095667411654988,0.041346907274492715,0.11137654153479237,
2629,200,4,160.7,33.9,158.3,2.88,1e-05,50,0.60,0.45,True,225.60000000000002,3,0.011587164574553985,0.10764369268356593,1.4997543500261479,
2650,200,4,35.8,30.5,40.0,1.99,1e-07,50,0.60,0.58,True,77.60000000000001,3,0.0025753608770171586,0.050748013527793956,1.6255482743957526,
2625,200,4,170.5,80.7,182.0,4.68,1e-05,25,0.60,0.58,True,230.4,3,0.0022872682008066927,0.04782539284529394,0.6461484157848427,
2642,200,4,98.3,81.9,121.0,4.96,1e-07,25,0.35,0.40,True,151.20000000000002,3,0.011138357028616028,0.10553841494269292,0.791531976440711,
2636,200,4,150.2,49.5,151.8,4.47,1e-05,120,center,center,True,201.8,3,0.0026488397761010784,0.05146688038050372,2.483538630573339,
2644,200,4,54.2,121.3,126.3,1.5,1e-07,25,0.60,0.45,True,135.0,3,0.003877249216918379,0.062267561514149396,0.048682187056226685,
2645,200,4,57.0,58.1,74.4,2.79,1e-07,25,0.60,0.58,True,113.80000000000001,3,0.008355076035057937,0.09140610502071476,0.5106850677808703,
2632,200,4,146.1,41.7,145.8,3.7,1e-05,80,0.35,0.40,True,227.20000000000002,3,0.0029024931760965283,0.053874791657105535,0.9428003593830553,
2639,200,4,164.6,63.4,170.0,1.92,1e-05,120,0.60,0.45,True,205.60000000000002,3,0.014617534280534526,0.12090299533317826,1.4123568089851468,
2646,200,4,42.7,80.6,84.5,2.49,1e-07,50,center,center,True,114.4,3,0.002210781818303954,0.047018951692949874,2.790718435964833,
2647,200,4,37.2,95.5,96.1,2.08,1e-07,50,0.35,0.40,True,118.0,3,0.007888690910816749,0.08881830279180496,0.09986638618723015,
2643,200,4,52.0,161.3,163.2,4.95,1e-07,25,0.45,0.55,True,192.20000000000002,3,0.004347357423510519,0.06593449342726855,1.1387871244278864,
2651,200,4,64.5,67.4,86.2,2.04,1e-07,80,center,center,True,127.4,3,0.0003428865075024271,0.018517194914522746,2.390885586484027,
2649,200,4,79.7,133.0,148.2,4.49,1e-07,50,0.60,0.45,True,145.0,3,0.0040865007288925035,0.06392574386655585,0.17963305891122086,
2652,200,4,109.5,84.2,131.1,1.13,1e-07,80,0.35,0.40,True,142.6,3,0.004210918771636144,0.06489159245723705,0.5273052161628163,
2654,200,4,34.6,143.2,141.4,3.42,1e-07,80,0.60,0.45,True,121.60000000000001,3,0.01567599955495859,0.12520383202984878,2.6041657168299848,
2526,200,4,123.6,42.7,124.4,4.36,1e-07,50,center,center,False,900.0,2,1.262177448353619e-29,3.552713678800501e-15,1.096887431152725,vittima non trovata entro 15 minuti
2653,200,4,97.0,168.8,187.9,4.24,1e-07,80,0.45,0.55,True,146.1,3,0.03610505234032455,0.19001329516727125,0.9856535243539818,
2657,200,4,31.2,109.0,107.3,2.57,1e-07,120,0.35,0.40,True,119.2,3,0.00372094944712728,0.06099958563078343,0.26953271430229747,
2655,200,4,121.3,23.6,117.8,3.84,1e-07,80,0.60,0.58,True,160.10000000000002,3,0.02890934010712065,0.17002746868409424,2.699306678698068,
2659,200,4,93.4,143.8,164.6,4.59,1e-07,120,0.60,0.45,True,137.5,3,0.003713681700751823,0.06093998441706252,0.225928241481131,
2662,200,4,37.8,128.3,127.5,2.3,1e-06,25,0.35,0.40,True,121.7,3,0.03223447306856738,0.17953961420412873,3.9073327770070367,
2660,200,4,96.4,130.6,155.4,1.46,1e-07,120,0.60,0.58,True,140.20000000000002,3,0.004634474060386024,0.0680769715864772,0.25865415257413105,
2656,200,4,121.4,144.3,181.5,3.39,1e-07,120,center,center,True,164.60000000000002,3,0.006938501453216133,0.08329766775376207,5.505112231775028,
2664,200,4,72.9,63.8,89.8,4.55,1e-06,25,0.60,0.45,True,132.20000000000002,3,0.0024986575014160567,0.049986573211374036,2.8288917793763244,
2673,200,4,38.0,55.7,60.5,4.51,1e-06,80,0.45,0.55,True,101.2,3,0.046994519915003335,0.2167821946447709,1.9025623451517106,
2667,200,4,78.2,106.5,125.1,1.06,1e-06,50,0.35,0.40,True,134.4,3,0.004308011883109128,0.06563544684931404,0.24179355973002764,
2666,200,4,87.9,38.5,89.4,2.19,1e-06,50,center,center,True,148.20000000000002,3,0.0063670165002553385,0.07979358683663329,0.20151145775710713,
2663,200,4,65.1,137.4,145.4,1.72,1e-06,25,0.45,0.55,True,154.8,3,0.011216269483049355,0.10590689063063534,0.9710368144963681,
2668,200,4,29.1,111.9,109.5,2.83,1e-06,50,0.45,0.55,True,140.4,3,0.004394855747181695,0.06629370820207371,0.6965093965714148,
2545,200,4,85.1,169.2,182.7,1.83,1e-06,25,0.60,0.58,False,900.0,2,0.01065387785046386,0.10321762373966889,0.48927513575198806,vittima non trovata entro 15 minuti
2658,200,4,152.9,129.6,193.3,3.04,1e-07,120,0.45,0.55,True,214.0,3,0.00419885711689049,0.06479858884953044,0.05170175877274764,
2680,200,4,46.3,45.3,57.7,3.01,1e-06,120,0.60,0.58,True,96.0,3,0.020647662682681076,0.1436929458347941,0.5169159636128553,
2671,200,4,67.9,134.9,144.3,4.72,1e-06,80,center,center,True,152.8,3,0.0002625171122306887,0.016202379832317496,3.681965386450698,
2672,200,4,98.2,26.2,95.5,1.19,1e-06,80,0.35,0.40,True,166.9,3,0.015795675756956055,0.1256808488074299,6.862561313743648,
2674,200,4,103.7,106.2,141.3,4.49,1e-06,80,0.60,0.45,True,143.0,3,0.005023110987626421,0.07087390907538839,0.07354728727625082,
2670,200,4,170.3,158.3,225.4,2.03,1e-06,50,0.60,0.58,False,182.70000000000002,3,0.02582534307959743,0.1607026542394289,15.410035457811203,vittima non trovata entro 15 minuti
2682,200,4,47.8,99.9,104.1,2.92,1e-05,25,0.35,0.40,True,108.60000000000001,3,0.007582362157861741,0.08707676014793925,0.019647319187184847,
2678,200,4,56.0,151.3,154.9,1.25,1e-06,120,0.45,0.55,True,128.8,3,0.013303470803652026,0.11534067280734939,8.033015512523136,
2677,200,4,113.1,149.4,180.4,2.67,1e-06,120,0.35,0.40,True,147.0,3,0.0016512999139785545,0.04063618970792604,8.302961705689004,
2679,200,4,102.9,141.1,167.7,4.27,1e-06,120,0.60,0.45,True,144.3,3,0.002274725356840978,0.047694080941359775,0.7392828561727083,
2568,200,4,19.8,89.5,85.8,4.82,1e-05,50,0.45,0.55,False,900.0,2,0.0,0.0,24.829819857108397,vittima non trovata entro 15 minuti
2676,200,4,114.2,149.2,180.9,3.73,1e-06,120,center,center,True,167.4,3,0.005992128475074318,0.0774088397734672,2.6964723010057714,
2562,200,4,104.4,67.9,117.6,3.58,1e-05,25,0.35,0.40,False,900.0,2,75.90104518389785,8.712120590527764,11.176538698173028,vittima non trovata entro 15 minuti
2669,200,4,155.9,78.6,167.9,3.26,1e-06,50,0.60,0.45,True,231.0,3,0.006833873634095622,0.08266724644074958,0.28316849690673357,
2686,200,4,115.9,34.7,114.8,3.22,1e-05,50,center,center,True,152.9,3,0.005538967598265234,0.07442424066300733,1.0757815758057938,
2661,200,4,170.0,38.6,168.4,3.17,1e-06,25,center,center,True,266.3,3,0.008513674008116342,0.09226957249340836,0.5178866288323134,
2681,200,4,90.3,42.1,93.1,1.66,1e-05,25,center,center,True,170.8,3,0.0036854075525983993,0.06070755762339974,0.09814068541184788,
2689,200,4,75.2,98.2,116.7,1.8,1e-05,50,0.60,0.45,True,132.4,3,0.0037998614694311965,0.0616430163881619,0.5330088970965974,
2675,200,4,170.2,158.1,225.2,2.57,1e-06,80,0.60,0.58,True,217.3,3,0.00421655670368641,0.06493501908590164,0.08617042164528489,
2692,200,4,92.8,111.3,137.9,3.0,1e-05,80,0.35,0.40,True,126.0,3,0.004455196640874778,0.06674725942594781,0.2387254625882789,
2694,200,4,47.8,154.0,155.0,1.88,1e-05,80,0.60,0.45,True,106.9,3,0.03936076119200994,0.1983954666619425,0.5511524864206263,
2563,200,4,21.0,132.7,128.6,1.98,1e-05,25,0.45,0.55,False,900.0,2,0.0,0.0,16.57941125212467,vittima non trovata entro 15 minuti
2575,200,4,169.6,100.6,190.4,2.08,1e-05,80,0.60,0.58,False,900.0,2,2.0194839173657902e-28,1.4210854715202004e-14,21.03184384671511,vittima non trovata entro 15 minuti
2684,200,4,156.7,154.4,212.9,3.07,1e-05,25,0.60,0.45,True,176.4,3,0.0024028016445316333,0.049018380680430816,1.8609211076563816,
2691,200,4,145.1,142.6,196.4,1.63,1e-05,80,center,center,True,158.3,3,0.00479585192654485,0.06925208969081618,0.5444693101258289,
2697,200,4,36.7,159.7,157.9,2.81,1e-05,120,0.35,0.40,True,118.2,3,0.012955947161545134,0.11382419409574193,0.38612405457068133,
2685,200,4,149.0,123.4,186.4,4.57,1e-05,25,0.60,0.58,True,192.0,3,0.0030912903733708533,0.05559937385772301,0.05864211615132983,
2700,200,4,30.5,160.4,157.5,1.01,1e-05,120,0.60,0.58,True,115.80000000000001,3,0.015192937260035797,0.1232596335384614,0.759727459875816,
2696,200,4,106.4,145.7,173.4,4.48,1e-05,120,center,center,True,141.70000000000002,3,0.02931480330662851,0.17121566314630363,2.799136052706639,
2699,200,4,107.9,120.3,154.5,1.71,1e-05,120,0.60,0.45,True,128.8,3,0.004171676358884156,0.06458851568881388,0.5613217415303701,
2698,200,4,82.1,79.2,107.0,2.13,1e-05,120,0.45,0.55,True,134.6,3,0.002220845278113526,0.04712584511829497,0.16856372853163584,
2688,200,4,170.2,44.6,169.9,2.61,1e-05,50,0.45,0.55,True,206.9,3,0.0016585519892359003,0.04072532368485118,4.279247272190516,
2695,200,4,160.3,160.6,219.8,1.54,1e-05,80,0.60,0.58,True,172.4,3,0.006167251932128467,0.07853185297781065,0.7651321802402328,
2690,200,4,163.8,66.0,170.2,3.46,1e-05,50,0.60,0.58,True,214.10000000000002,3,0.003578366766593742,0.059819451406659875,2.1584104275907765,
2705,200,4,32.6,155.4,152.9,2.23,1e-07,25,0.60,0.58,True,125.30000000000001,3,0.0351929386268515,0.18759781082638333,1.4413117765075416,
2693,200,4,145.8,85.9,162.4,2.91,1e-05,80,0.45,0.55,True,208.4,3,0.007062674666830065,0.08403972076839657,0.5785669978624535,
2711,200,4,48.6,22.1,46.9,3.29,1e-07,80,center,center,True,86.5,3,0.013327429307204926,0.11544448582416107,1.8442278616579277,
2665,200,4,112.6,35.2,111.7,3.02,1e-06,25,0.60,0.58,True,366.6,3,0.010261784201569516,0.10130046496225728,1.3299301043836562,
2708,200,4,86.1,70.2,104.0,2.16,1e-07,50,0.45,0.55,True,124.7,3,0.0038395117761172697,0.06196379407458254,0.11187732870463277,
2707,200,4,84.1,145.3,161.0,2.45,1e-07,50,0.35,0.40,True,139.70000000000002,3,0.003171255915965748,0.05631390517417299,0.18889576079975834,
2709,200,4,77.4,148.4,160.6,1.32,1e-07,50,0.60,0.45,True,136.9,3,0.004697999382073402,0.06854195344512296,0.13848636854714105,
2713,200,4,38.0,146.5,145.3,1.51,1e-07,80,0.45,0.55,True,122.80000000000001,3,0.02210414824861484,0.14867463888846288,3.307769732375113,
2717,200,4,66.9,60.9,83.4,3.14,1e-07,120,0.35,0.40,True,116.80000000000001,3,0.0020940179647936487,0.04576044104675619,0.43322108543095017,
2715,200,4,87.8,130.8,150.6,4.72,1e-07,80,0.60,0.58,True,134.8,3,0.005563331005360193,0.07458774031541773,0.1473594885881945,
2687,200,4,103.5,42.0,105.2,2.07,1e-05,50,0.35,0.40,True,291.8,3,0.0011178046943242505,0.03343358632160556,2.0552253293123637,
2718,200,4,92.8,85.6,119.2,3.84,1e-07,120,0.45,0.55,True,132.1,3,0.001342834969628223,0.03664471271040644,0.4428618147331791,
2702,200,4,144.4,67.5,152.8,2.43,1e-07,25,0.35,0.40,True,209.10000000000002,3,0.0035738167743836983,0.05978140826698296,2.4604820538532204,
2712,200,4,80.6,111.2,130.3,2.62,1e-07,80,0.35,0.40,True,135.20000000000002,3,0.0060553907916191165,0.07781639153558276,0.14299573659134088,
2714,200,4,63.7,124.0,132.6,4.79,1e-07,80,0.60,0.45,True,138.20000000000002,3,0.005141654299161887,0.07170532964265548,0.15952934606847002,
2704,200,4,139.5,138.6,189.6,1.4,1e-07,25,0.60,0.45,True,195.3,3,0.0037689516818767642,0.06139178839125608,3.286635821750056,
2703,200,4,161.2,52.3,163.2,4.18,1e-07,25,0.45,0.55,True,206.5,3,0.007006128063421828,0.0837026168254125,0.2603014469074961,
2716,200,4,64.7,79.4,95.4,1.66,1e-07,120,center,center,True,139.20000000000002,3,0.017183378492919614,0.13108538626757604,2.76637156983314,
2719,200,4,85.5,156.5,171.5,4.8,1e-07,120,0.60,0.45,True,135.6,3,0.007210404202806477,0.08491409896363782,0.18798484569967797,
2722,200,4,45.0,99.6,102.7,5.0,1e-06,25,0.35,0.40,True,119.4,3,0.005815668456250212,0.07626053013355082,0.07196685098512154,
2706,200,4,158.6,59.5,162.9,4.71,1e-07,50,center,center,True,222.10000000000002,3,0.00405559336242054,0.06368354074971444,0.1810849339339175,
2729,200,4,45.4,61.0,69.0,1.64,1e-06,50,0.60,0.45,True,89.10000000000001,3,0.006416960078647068,0.08010593035878846,0.310837427414805,
2721,200,4,115.9,148.6,181.4,3.63,1e-06,25,center,center,True,147.3,3,0.04034298862246819,0.20085564125129318,2.9676248237075744,
2710,200,4,158.4,101.5,181.2,1.86,1e-07,50,0.60,0.58,True,211.9,3,0.002773829724628192,0.0526671598306591,0.7457641696979157,
2726,200,4,62.5,58.1,78.3,3.78,1e-06,50,center,center,True,114.4,3,0.007269494924732287,0.08526133311608661,4.267131014764913,
2701,200,4,158.0,158.6,216.8,4.87,1e-07,25,center,center,True,251.20000000000002,3,0.006316863817618042,0.07947870040217091,0.22384754507100982,
2683,200,4,97.6,44.8,100.8,4.65,1e-05,25,0.45,0.55,True,371.90000000000003,3,0.0021304198113569262,0.04615647095865244,7.026457582965473,
2727,200,4,103.8,24.9,100.8,4.9,1e-06,50,0.35,0.40,True,153.4,3,0.022998822257046032,0.15165362592778991,3.9475172384320403,
2730,200,4,47.2,149.1,150.2,1.36,1e-06,50,0.60,0.58,True,127.60000000000001,3,0.055011334237011995,0.23454495142085663,8.557974661762163,
2723,200,4,158.2,107.1,184.1,4.05,1e-06,25,0.45,0.55,True,194.8,3,0.003211898622368884,0.05667361486943359,0.19456905043020475,
2733,200,4,132.0,82.1,148.6,1.47,1e-06,80,0.45,0.55,True,138.70000000000002,3,0.01265340177826048,0.11248734052443626,0.707826658449552,
2724,200,4,169.5,141.2,213.6,1.75,1e-06,25,0.60,0.45,True,199.60000000000002,3,0.001740164483015355,0.041715278771876314,4.648999364935477,
2739,200,4,83.3,61.7,96.6,2.92,1e-06,120,0.60,0.45,True,106.60000000000001,3,0.0026040407686834534,0.05102980274979959,2.3367341967662534,
2720,200,4,148.9,65.7,156.2,1.4,1e-07,120,0.60,0.58,True,234.3,3,0.03425017923403985,0.1850680394720813,3.153398470544888,
2734,200,4,77.2,144.6,157.1,2.73,1e-06,80,0.60,0.45,True,136.6,3,0.006366733580475767,0.07979181399414208,0.16461919064377523,
2741,200,4,51.9,140.0,142.9,4.64,1e-05,25,center,center,True,109.60000000000001,3,0.008108463570306687,0.0900470075588672,3.8645379846813164,
2740,200,4,88.0,94.1,121.8,3.0,1e-06,120,0.60,0.58,True,130.9,3,0.003708302694718978,0.06089583478957307,0.11982769003488426,
2602,200,4,108.7,149.8,178.1,1.78,1e-06,25,0.35,0.40,False,900.0,2,0.005271130464719507,0.07260255136508295,0.3899714016443105,vittima non trovata entro 15 minuti
2743,200,4,90.8,133.3,154.3,4.29,1e-05,25,0.45,0.55,True,127.4,3,0.0021278175749050343,0.04612827305357349,1.4408451429554494,
2748,200,4,35.5,135.7,134.3,2.03,1e-05,50,0.45,0.55,True,106.9,3,0.0013998259187890413,0.0374142475373893,0.9962251877482858,
2750,200,4,60.5,70.8,86.1,2.29,1e-05,50,0.60,0.58,True,94.60000000000001,3,0.0035127655060575463,0.05926858785273651,0.6125015040920317,
2747,200,4,94.1,165.8,183.8,1.43,1e-05,50,0.35,0.40,True,123.7,3,0.0015991744695102786,0.03998967953747915,0.21460406965145076,
2728,200,4,145.3,75.3,156.9,1.76,1e-06,50,0.45,0.55,True,218.60000000000002,3,0.0035903056680647344,0.059919159440572384,0.48485049843029293,
2737,200,4,131.3,91.4,153.0,2.39,1e-06,120,0.35,0.40,True,163.8,3,0.004216316609236715,0.06493317033101584,1.1803360339488218,
2756,200,4,38.7,22.7,38.1,3.87,1e-05,120,center,center,True,66.2,3,0.006533339755914608,0.08082907741595599,1.6752023532837839,
2736,200,4,156.2,167.7,222.1,4.19,1e-06,120,center,center,True,168.0,3,0.0589526857044286,0.24280174155971082,7.600099746263518,
2731,200,4,156.8,51.4,158.7,2.05,1e-06,80,center,center,True,212.60000000000002,3,0.02643615215491631,0.16259198059841792,0.8376048118814201,
2746,200,4,86.0,45.4,90.5,4.25,1e-05,50,center,center,True,150.6,3,0.002588300745579145,0.05087534516422611,0.13829596189532167,
2745,200,4,53.6,118.5,123.4,2.55,1e-05,25,0.60,0.58,True,137.1,3,0.0030562984487892283,0.055283799152999864,2.187639907882089,
2752,200,4,92.6,114.3,140.1,3.3,1e-05,80,0.35,0.40,True,123.80000000000001,3,0.004637550196417107,0.06809956091207275,0.03397614880856715,
2755,200,4,67.9,66.7,88.1,4.72,1e-05,80,0.60,0.58,True,89.5,3,0.005207588190262955,0.07216362096141625,1.1771505741489035,
2754,200,4,60.7,65.6,82.3,4.06,1e-05,80,0.60,0.45,True,94.5,3,0.0024926612733251028,0.04992655879714827,1.0075178111687833,
2744,200,4,169.0,139.0,211.8,3.27,1e-05,25,0.60,0.45,True,183.9,3,0.0028384303510217744,0.053276921373346775,0.508128144510619,
2735,200,4,167.5,94.4,185.5,1.65,1e-06,80,0.60,0.58,True,229.20000000000002,3,0.003951714000383546,0.06286265982587394,0.6172246087162991,
2758,200,4,63.7,101.7,113.2,3.98,1e-05,120,0.45,0.55,True,103.60000000000001,3,0.0037896453902833633,0.06156009576246096,1.438509426563085,
2757,200,4,57.3,137.0,141.9,4.83,1e-05,120,0.35,0.40,True,116.80000000000001,3,0.004611112999450771,0.06790517652911868,0.14493450571747166,
2732,200,4,150.7,77.5,162.7,4.66,1e-06,80,0.35,0.40,True,257.0,3,0.004414413984280332,0.06644105646571502,1.5377985915848549,
2759,200,4,59.9,131.2,137.6,1.94,1e-05,120,0.60,0.45,True,113.5,3,0.035120098814884586,0.18740357204409042,0.9047381190691435,
2765,200,4,34.5,42.2,47.5,3.57,1e-07,25,0.60,0.58,True,83.2,3,0.030839488053827517,0.1756117537462328,0.708188155389335,
2749,200,4,149.0,119.3,183.9,2.61,1e-05,50,0.60,0.45,True,194.20000000000002,3,0.002464467538677638,0.0496434037781218,0.291245516510033,
2753,200,4,132.1,154.6,196.3,4.66,1e-05,80,0.45,0.55,True,184.8,3,0.00797287642437333,0.08929096496495785,0.3668007909076686,
2738,200,4,143.9,60.8,149.7,2.66,1e-06,120,0.45,0.55,True,246.8,3,0.02473551236476501,0.15727527575803202,0.5906973588653811,
2769,200,4,95.5,78.0,116.3,1.58,1e-07,50,0.60,0.45,True,135.1,3,0.0020569531105501344,0.04535364495330154,3.770376248340216,
2751,200,4,128.0,86.4,147.5,3.87,1e-05,80,center,center,True,239.8,3,0.047023183783129516,0.21684829670331635,1.5632532844682725,
2771,200,4,32.8,124.5,122.7,1.75,1e-07,80,center,center,True,127.10000000000001,3,0.008138656982929725,0.09021450539092771,2.2979200165331335,
2775,200,4,66.5,35.2,68.5,1.63,1e-07,80,0.60,0.58,True,109.9,3,8.168190201373605e-06,0.0028580045838615454,3.05688693665143,
2764,200,4,49.1,140.1,142.2,2.38,1e-07,25,0.60,0.45,True,134.5,3,0.01885392866159722,0.13730960877373885,2.0047684376444668,
2770,200,4,43.6,131.5,132.2,2.94,1e-07,50,0.60,0.58,True,124.7,3,0.013072953832505972,0.1143370186444704,1.3014223927723143,
2763,200,4,46.8,146.7,147.7,1.02,1e-07,25,0.45,0.55,True,154.5,3,0.035254955111448785,0.18776302913898887,3.0042425413540568,
2766,200,4,96.2,151.3,172.4,4.1,1e-07,50,center,center,True,151.1,3,0.010502699740625109,0.10248268019829063,3.4351715218692855,
2773,200,4,83.0,86.9,113.1,1.23,1e-07,80,0.45,0.55,True,132.3,3,0.01358750468362447,0.11656545235885489,0.3693329061740956,
2774,200,4,119.5,99.4,148.4,4.92,1e-07,80,0.60,0.45,True,149.0,3,0.01083752256723888,0.10410342245689562,4.162952799698883,
2777,200,4,37.6,167.1,165.4,4.43,1e-07,120,0.35,0.40,True,132.6,3,0.020770980317486424,0.14412140825528463,1.4312227779816398,
2779,200,4,83.5,155.4,169.6,3.94,1e-07,120,0.60,0.45,True,134.0,3,0.029095649542729075,0.17057446919961108,1.511854719179012,
2762,200,4,167.4,108.4,192.5,4.48,1e-07,25,0.35,0.40,True,205.8,3,0.0034277450358867504,0.05854694728068023,2.191995783493574,
2782,200,4,31.6,88.5,87.6,3.15,1e-06,25,0.35,0.40,True,112.10000000000001,3,0.003233166618729954,0.056860941064406895,0.18553337587866311,
2742,200,4,113.0,77.0,129.8,1.86,1e-05,25,0.35,0.40,False,300.0,3,218.56816811295454,14.784051140095347,14.433627690168064,vittima non trovata entro 15 minuti
2760,200,4,167.8,22.2,163.7,1.87,1e-05,120,0.60,0.58,True,233.20000000000002,3,0.008519626441921094,0.09230182252762452,0.2289001215545068,
2778,200,4,133.7,136.5,184.0,4.69,1e-07,120,0.45,0.55,True,164.4,3,0.00506949631310406,0.07120039545609322,0.11650415862765577,
2776,200,4,157.9,148.2,209.5,2.11,1e-07,120,center,center,True,177.5,3,0.03982740663720447,0.19956805014131013,0.8274278143667821,
2768,200,4,161.2,84.9,175.5,1.04,1e-07,50,0.45,0.55,True,197.20000000000002,3,0.04356174504974576,0.20871450608365907,1.090910653439641,
2767,200,4,140.3,67.5,149.0,1.57,1e-07,50,0.35,0.40,True,212.9,3,0.010399919207853471,0.10197999415499821,0.8161223534259604,
2781,200,4,19.3,149.2,144.9,1.79,1e-06,25,center,center,True,134.9,3,0.003996530772165709,0.06321812059975929,2.314324509591529,
2772,200,4,141.0,156.0,203.2,3.56,1e-07,80,0.35,0.40,True,217.9,3,0.002050546009937309,0.04528295496030829,0.048706605607596154,
2788,200,4,96.3,58.6,105.9,4.51,1e-06,50,0.45,0.55,True,141.3,3,0.0021534451541546156,0.046405227659764965,0.12157813569879923,
2798,200,4,29.2,50.9,51.9,1.61,1e-06,120,0.45,0.55,True,89.10000000000001,3,0.003307858064294434,0.05751398146793903,1.2210074811865974,
2801,200,4,35.8,25.1,36.7,2.64,1e-05,25,center,center,True,65.2,3,0.03466141391078761,0.18617576080356865,2.418879934204473,
2787,200,4,145.4,167.8,215.0,4.05,1e-06,50,0.35,0.40,True,163.70000000000002,3,0.02007617554352831,0.14169042149534425,8.345608501567394,
2789,200,4,115.0,157.9,188.3,3.88,1e-06,50,0.60,0.45,True,147.1,3,0.00277912107264327,0.05271736974321908,6.182349468367065,
2790,200,4,82.8,73.9,103.9,2.47,1e-06,50,0.60,0.58,True,114.10000000000001,3,0.0033448076851437638,0.057834312351265696,0.7836689005540125,
2786,200,4,117.4,64.7,127.3,4.58,1e-06,50,center,center,True,181.4,3,0.004002499196373469,0.06326530800030511,0.128236236092593,
2799,200,4,25.4,97.4,94.6,2.63,1e-06,120,0.60,0.45,True,104.80000000000001,3,0.003702877906281368,0.060851276948650536,0.22455800294030742,
2805,200,4,42.5,50.6,59.1,4.19,1e-05,25,0.60,0.58,True,76.60000000000001,3,0.0038161454798335834,0.061774958355579515,0.6863099724846571,
2785,200,4,145.5,164.5,212.6,1.55,1e-06,25,0.60,0.58,True,187.3,3,0.00839503392712912,0.09162441774510285,1.4199984087545245,
2792,200,4,80.4,116.2,134.4,2.01,1e-06,80,0.35,0.40,True,136.0,3,0.004654772333724145,0.06822589195990145,0.14055413274246598,
2804,200,4,34.1,94.8,94.4,1.99,1e-05,25,0.60,0.45,True,94.4,3,0.005040063687438576,0.07099340594335911,0.18876024659032656,
2797,200,4,112.9,96.9,141.7,2.72,1e-06,120,0.35,0.40,True,145.8,3,0.0017532357861494421,0.04187165850727007,1.613496668731071,
2784,200,4,159.3,95.2,178.7,3.08,1e-06,25,0.60,0.45,True,217.20000000000002,3,0.023573860798022987,0.15353781553097265,5.338138640632385,
2780,200,4,168.0,91.3,184.4,4.46,1e-07,120,0.60,0.58,True,246.5,3,0.003116766775511679,0.05582801067127217,0.25698634976848844,
2808,200,4,51.9,99.9,105.8,3.64,1e-05,50,0.45,0.55,True,102.5,3,0.014572749488412256,0.12071764365001603,1.4656839341594445,
2800,200,4,81.4,151.5,165.2,3.31,1e-06,120,0.60,0.58,True,135.5,3,0.003359033260900316,0.057957167467883694,0.09402733406959723,
2802,200,4,33.0,101.6,100.6,4.38,1e-05,25,0.35,0.40,True,124.2,3,0.0005416975600679003,0.023274397093542516,0.5197619004788261,
2803,200,4,106.7,104.1,142.0,1.84,1e-05,25,0.45,0.55,True,129.3,3,0.027882541019651423,0.16698066061568753,0.5506727483065883,
2809,200,4,61.7,90.0,102.2,4.23,1e-05,50,0.60,0.45,True,111.9,3,0.004862370763745595,0.06973070172990943,1.5633729671049383,
2813,200,4,42.4,24.7,42.3,4.82,1e-05,80,0.45,0.55,True,71.60000000000001,3,0.00327918334234806,0.05726415407869097,1.9414557024562986,
2810,200,4,101.4,120.1,150.1,2.55,1e-05,50,0.60,0.58,True,131.0,3,0.0062326281254174686,0.07894699567062365,0.3311339695076531,
2811,200,4,25.9,89.7,87.3,2.41,1e-05,80,center,center,True,96.30000000000001,3,0.029319220134147936,0.17122856109349263,2.8337290463312867,
2820,200,4,35.5,39.8,46.2,4.24,1e-05,120,0.60,0.58,True,67.8,3,0.0025579569010034733,0.050576248387988146,0.8006132620029546,
2806,200,4,135.0,132.0,181.8,3.56,1e-05,50,center,center,True,154.0,3,0.00529271825778902,0.07275107049239221,0.18607635028582586,
2816,200,4,23.3,53.9,52.2,3.12,1e-05,120,center,center,True,91.7,3,0.02365193936859516,0.15379187029422317,2.247631114253232,
2791,200,4,158.2,53.8,160.8,1.26,1e-06,80,center,center,True,213.10000000000002,3,0.03532125133545328,0.18793948849417805,0.6375589576342179,
2815,200,4,89.4,135.7,155.6,2.95,1e-05,80,0.60,0.58,True,116.10000000000001,3,0.0010564866474003206,0.03250364052533686,0.2497091993176999,
2795,200,4,161.2,115.8,191.5,1.63,1e-06,80,0.60,0.58,True,216.20000000000002,3,0.0004549275370396341,0.02132903038207865,2.1752163461297145,
2819,200,4,54.6,73.8,84.9,3.71,1e-05,120,0.60,0.45,True,95.60000000000001,3,0.004305997028632834,0.06562009622541584,0.6254966212138585,
2796,200,4,170.6,64.7,176.1,1.57,1e-06,120,center,center,True,225.60000000000002,3,0.004963707899381042,0.07045358684539094,0.20433312626136715,
2817,200,4,76.9,126.1,140.8,2.45,1e-05,120,0.35,0.40,True,121.2,3,0.003793665397917181,0.06159273819142303,0.15336096342031275,
2807,200,4,148.7,107.8,176.7,4.42,1e-05,50,0.35,0.40,True,191.70000000000002,3,0.0018024185869356104,0.04245490062331568,1.5176607596729734,
2794,200,4,163.0,28.2,159.7,4.68,1e-06,80,0.60,0.45,True,240.3,3,0.026910670093917746,0.16404471979895527,7.082742848276269,
2793,200,4,159.0,50.1,160.5,1.48,1e-06,80,0.45,0.55,True,243.0,3,0.02758366250459906,0.16608329989676585,1.4423409123639843,
2814,200,4,106.3,74.2,122.7,2.74,1e-05,80,0.60,0.45,True,144.6,3,0.0009243621076216809,0.030403323956792634,7.048478357201804,
2827,200,4,23.7,43.8,43.1,1.74,1e-07,50,0.35,0.40,True,77.5,3,0.002350880370491036,0.048485878052181706,0.05169034617836508,
2818,200,4,73.2,41.1,77.1,3.33,1e-05,120,0.45,0.55,True,146.70000000000002,3,0.0020369230107907758,0.04513228346528431,0.10691055174933456,
2837,200,4,24.4,26.6,29.0,1.01,1e-07,120,0.35,0.40,True,56.2,3,0.003650733958774192,0.060421303848677346,0.14570947988463523,
2828,200,4,30.5,52.6,54.0,3.79,1e-07,50,0.45,0.55,True,100.7,3,0.002465015130004541,0.04964891871938946,1.8051958267912191,
2824,200,4,79.7,60.8,93.2,4.27,1e-07,25,0.60,0.45,True,124.60000000000001,3,0.0022813779340867786,0.047763772192811346,3.428041842963799,
2829,200,4,96.2,102.9,133.8,4.57,1e-07,50,0.60,0.45,True,132.5,3,0.0044871674325258825,0.06698632272729921,0.16712712608182342,
2830,200,4,77.2,95.0,115.4,3.82,1e-07,50,0.60,0.58,True,120.10000000000001,3,0.002520576700159776,0.050205345334533615,1.204129461645787,
2822,200,4,132.1,138.1,184.1,2.46,1e-07,25,0.35,0.40,True,166.60000000000002,3,0.038661606025303004,0.1966255477431735,4.89080127944426,
2833,200,4,109.1,80.9,128.8,1.65,1e-07,80,0.45,0.55,True,134.1,3,0.006051608532233077,0.07779208528014322,0.08288774079640107,
2835,200,4,75.6,55.9,87.0,4.42,1e-07,80,0.60,0.58,True,120.10000000000001,3,0.0031752165034688398,0.05634905947279723,0.8790713050048237,
2812,200,4,121.0,26.5,118.0,4.07,1e-05,80,0.35,0.40,True,232.8,3,0.004264846262131366,0.06530579041808901,1.7217518191570234,
2836,200,4,71.5,105.3,120.3,3.11,1e-07,120,center,center,True,135.6,3,0.006759420857401296,0.08221569714720721,3.8362767375860467,
2844,200,4,65.0,20.7,62.0,3.15,1e-06,25,0.60,0.45,True,92.0,3,2.9831202790240132e-06,0.0017271711782634671,7.38497591408511,
2843,200,4,53.8,41.9,61.2,2.4,1e-06,25,0.45,0.55,True,92.60000000000001,3,0.020312197590309902,0.14252086721006824,0.7892550018891503,
2831,200,4,165.4,155.1,219.7,3.2,1e-07,80,center,center,True,179.70000000000002,3,0.0022424291932455556,0.047354294348512425,4.755351290183203,
2840,200,4,31.9,157.4,154.8,4.52,1e-07,120,0.60,0.58,True,130.1,3,0.00437532676868597,0.0661462528695766,2.75931686199482,
2838,200,4,100.5,46.0,103.9,1.26,1e-07,120,0.45,0.55,True,154.70000000000002,3,0.0034239097375960773,0.05851418407186481,0.20230202267611205,
2845,200,4,45.1,48.2,58.9,4.97,1e-06,25,0.60,0.58,True,105.0,3,0.04311582070142768,0.20764349424296366,2.1512851662814128,
2823,200,4,146.5,91.4,165.8,1.63,1e-07,25,0.45,0.55,True,207.60000000000002,3,0.010118383574624835,0.10059017633260633,0.16920126709453115,
2847,200,4,39.5,72.8,76.1,3.4,1e-06,50,0.35,0.40,True,108.60000000000001,3,0.00421517471683275,0.06492437690754337,0.14937789176407287,
2846,200,4,45.5,82.8,87.7,1.54,1e-06,50,center,center,True,116.80000000000001,3,0.004229872847257387,0.06503747263891323,1.8826538029721624,
2841,200,4,95.8,111.4,139.9,3.96,1e-06,25,center,center,True,150.0,3,0.041951113905884636,0.20481971073577035,4.236339653115004,
2842,200,4,89.8,151.4,169.2,1.96,1e-06,25,0.35,0.40,True,155.60000000000002,3,0.0024040419537020748,0.049031030518459175,0.3222051897702117,
2848,200,4,69.9,141.3,150.9,3.07,1e-06,50,0.45,0.55,True,127.60000000000001,3,0.003743786346572276,0.061186488268017765,0.8454679103200531,
2826,200,4,170.1,25.6,166.4,4.76,1e-07,50,center,center,False,233.4,3,0.006900198238002234,0.08306743187316094,11.7861875858749,vittima non trovata entro 15 minuti
2821,200,4,159.7,106.1,184.8,2.43,1e-07,25,center,center,True,246.0,3,0.0041827493975200875,0.06467417875412171,0.12040773995792295,
2834,200,4,148.0,128.7,189.1,3.97,1e-07,80,0.60,0.45,True,213.9,3,0.002289836133116972,0.04785223226890227,0.2616929603923946,
2832,200,4,143.4,108.9,173.1,1.64,1e-07,80,0.35,0.40,True,229.9,3,0.004870567132137886,0.0697894485731037,1.0602456545429486,
2850,200,4,116.1,55.8,122.2,3.34,1e-06,50,0.60,0.58,True,157.20000000000002,3,0.009715401537169351,0.09856673646402904,1.5447795429883853,
2783,200,4,98.9,47.8,103.2,3.12,1e-06,25,0.45,0.55,True,443.20000000000005,3,0.0010062429954204371,0.03172133344329076,1.2457775858402085,
2852,200,4,91.1,149.2,168.0,3.04,1e-06,80,0.35,0.40,True,139.3,3,0.0021723723714013273,0.04660871561630214,0.2906503605589876,
2851,200,4,131.5,110.2,164.5,4.94,1e-06,80,center,center,True,152.70000000000002,3,0.00369817045283667,0.06081258465841318,0.11830888567783877,
2857,200,4,75.7,35.0,76.8,4.3,1e-06,120,0.35,0.40,True,106.4,3,0.0019444175542176053,0.044095550276843185,2.0531048342709544,
2855,200,4,76.5,69.4,96.2,4.22,1e-06,80,0.60,0.58,True,121.10000000000001,3,0.003630365068544904,0.060252510889961294,1.0223029737663862,
2849,200,4,122.8,34.6,121.4,3.91,1e-06,50,0.60,0.45,True,184.3,3,0.03858348342080289,0.1964267889591511,3.6262963865599893,
2861,200,4,46.1,69.6,76.6,2.28,1e-05,25,center,center,True,91.5,3,0.0022487720100614708,0.047421218985402205,2.225456269621556,
2873,200,4,29.1,19.0,27.9,3.72,1e-05,80,0.45,0.55,True,40.5,3,0.007066736716804542,0.08406388473538766,1.3905599963612028,
2839,200,4,143.7,79.3,157.3,1.97,1e-07,120,0.60,0.45,True,230.0,3,0.0031649328558766166,0.056257735964724144,0.6389422892740617,
2862,200,4,43.6,60.7,67.8,1.44,1e-05,25,0.35,0.40,True,95.30000000000001,3,0.00018343467100230516,0.013543805632181272,0.2729635520968605,
2859,200,4,70.9,40.4,74.8,4.47,1e-06,120,0.60,0.45,True,103.80000000000001,3,0.0003206399490631357,0.017906422006172415,5.205403716878066,
2856,200,4,92.5,35.1,92.5,3.14,1e-06,120,center,center,True,151.5,3,0.000500993637736232,0.022382887162656923,0.7914732868991535,
2878,200,4,26.1,51.2,50.8,2.44,1e-05,120,0.45,0.55,True,75.60000000000001,3,0.0038423752207855802,0.06198689555692864,1.4240359835383893,
2870,200,4,56.7,121.1,127.0,3.05,1e-05,50,0.60,0.58,True,109.7,3,0.002274184191535894,0.047688407307603535,1.1900981126066692,
2874,200,4,44.7,80.8,85.5,3.8,1e-05,80,0.60,0.45,True,98.10000000000001,3,0.01892753719312141,0.1375773861981736,0.3572085180633918,
2872,200,4,85.7,117.4,138.4,2.3,1e-05,80,0.35,0.40,True,123.5,3,0.002873344230781768,0.05360358412253576,0.10857076521968351,
2869,200,4,101.3,63.2,112.5,3.02,1e-05,50,0.60,0.45,True,156.5,3,0.0005802916843324303,0.02408924416274679,2.8221148666687936,
2860,200,4,114.3,165.0,193.7,4.33,1e-06,120,0.60,0.58,True,172.60000000000002,3,0.004640545112889244,0.06812154661257512,0.16718361665823545,
2885,200,4,25.9,35.1,36.6,3.75,1e-07,25,0.60,0.58,True,68.8,3,0.013592390529457318,0.1165864079962039,1.7281876487040118,
2854,200,4,167.7,99.6,188.2,2.62,1e-06,80,0.60,0.45,True,230.5,3,0.00339190705640607,0.05824008118474827,0.3735626008100946,
2853,200,4,153.2,64.2,159.5,2.38,1e-06,80,0.45,0.55,True,235.20000000000002,3,0.0351750300117133,0.1875500733449958,2.143626187308406,
2865,200,4,147.0,166.1,214.7,3.54,1e-05,25,0.60,0.58,True,168.3,3,0.012981697756809926,0.11393725359516933,3.149013748567768,
2864,200,4,158.3,148.6,210.0,3.69,1e-05,25,0.60,0.45,True,175.20000000000002,3,0.010071633948101542,0.10035753059985854,1.3663055037056688,
2868,200,4,167.7,147.5,216.2,3.62,1e-05,50,0.45,0.55,True,182.70000000000002,3,0.003917388276348837,0.06258904278185469,0.3689780808286517,
2867,200,4,138.5,117.4,174.5,3.72,1e-05,50,0.35,0.40,True,186.20000000000002,3,0.004459079870962406,0.06677634215021369,1.7060512478807255,
2880,200,4,65.7,110.0,121.3,1.11,1e-05,120,0.60,0.58,True,112.5,3,0.005706997678431167,0.07554467339548943,0.08554303286813691,
2877,200,4,97.9,76.4,117.2,1.23,1e-05,120,0.35,0.40,True,142.8,3,0.001199884610348559,0.03463935060517964,0.032020364343557615,
2725,200,4,28.4,157.5,154.2,1.5,1e-06,25,0.60,0.58,False,900.0,2,13.82055540424088,3.717600759124207,2.375988402618207,vittima non trovata entro 15 minuti
2876,200,4,129.6,129.0,175.8,3.81,1e-05,120,center,center,True,166.20000000000002,3,0.0016893503335958422,0.041101707185904605,0.20040311120782975,
2858,200,4,165.8,137.1,208.1,3.64,1e-06,120,0.45,0.55,True,248.60000000000002,3,0.003312154272378993,0.05755131859809116,0.17227636358795934,
2875,200,4,165.9,132.4,205.2,4.19,1e-05,80,0.60,0.58,True,191.4,3,0.0016129805233461413,0.04016192878020354,0.3861598859106154,
2886,200,4,102.5,62.5,113.2,4.85,1e-07,50,center,center,True,146.1,3,0.002632826360364891,0.0513110744417313,0.08772666148115775,
2884,200,4,71.4,142.9,153.0,2.29,1e-07,25,0.60,0.45,True,138.1,3,0.005127056862040468,0.07160346962292029,0.09819454239967111,
2887,200,4,103.2,31.0,101.6,2.43,1e-07,50,0.35,0.40,True,146.6,3,0.020180116288172206,0.14205673615908612,1.9485422583889516,
2879,200,4,139.9,150.6,198.5,3.15,1e-05,120,0.60,0.45,True,185.3,3,0.0025512636627832,0.0505100352680851,0.6729740641514018,
2888,200,4,89.6,155.9,173.0,3.72,1e-07,50,0.45,0.55,True,144.6,3,0.028811269801899922,0.16973882820939917,4.122682621164657,
2863,200,4,118.1,43.6,119.5,2.21,1e-05,25,0.45,0.55,True,235.5,3,0.002995850841235505,0.054734366180997335,1.1757900062269377,
2882,200,4,142.5,170.6,215.3,1.34,1e-07,25,0.35,0.40,True,159.5,3,0.014689150858052327,0.121198807164313,8.023578740499456,
2889,200,4,72.4,126.7,139.2,4.56,1e-07,50,0.60,0.45,True,134.6,3,0.004887997475909244,0.0699142151204549,0.2752647554952085,
2883,200,4,152.6,122.3,188.5,2.29,1e-07,25,0.45,0.55,True,197.10000000000002,3,0.004329681248778109,0.0658003134398166,0.25386666576692,
2893,200,4,134.1,117.1,171.0,4.51,1e-07,80,0.45,0.55,True,143.4,3,0.020531628601293914,0.1432886199294763,0.16827518195487176,
2892,200,4,32.9,137.3,135.2,3.45,1e-07,80,0.35,0.40,True,128.6,3,0.0035807703091892884,0.05983953800949075,0.140278516846244,
2896,200,4,72.5,40.1,76.1,1.29,1e-07,120,center,center,True,112.4,3,0.006292175740872989,0.07932323581948098,0.2119773229431667,
2894,200,4,91.7,56.5,100.9,2.6,1e-07,80,0.60,0.45,True,143.20000000000002,3,0.0036856037082090734,0.06070917318008106,8.153183839304067,
2895,200,4,62.6,151.7,157.6,1.04,1e-07,80,0.60,0.58,True,131.6,3,0.003960302042492281,0.06293093072958862,0.12208519154533964,
2899,200,4,46.0,111.3,114.0,2.52,1e-07,120,0.60,0.45,True,115.80000000000001,3,0.003920440026510861,0.06261341730420773,0.06780593315148979,
2897,200,4,93.9,107.3,135.5,4.96,1e-07,120,0.35,0.40,True,141.70000000000002,3,0.004424314356822445,0.06651551966888965,0.2402511279570628,
2890,200,4,114.5,170.8,198.7,2.21,1e-07,50,0.60,0.58,True,164.60000000000002,3,0.0061400788047521505,0.07835865494476121,0.2838344194230239,
2898,200,4,52.5,85.1,93.2,4.92,1e-07,120,0.45,0.55,True,122.4,3,0.0034468681916454374,0.058710034846229116,2.009925674959909,
2902,200,4,35.4,83.3,84.0,3.37,1e-06,25,0.35,0.40,True,124.0,3,0.00226476906343336,0.04758958986410116,0.4312151686230735,
2891,200,4,161.3,91.2,178.5,4.36,1e-07,80,center,center,True,191.9,3,0.014385841281506145,0.11994099083093379,1.1150162001736146,
2910,200,4,76.0,30.3,75.4,3.26,1e-06,50,0.60,0.58,True,102.10000000000001,3,0.0008201051141202472,0.028637477439890674,2.7299976616213937,
2908,200,4,24.9,170.3,166.5,1.77,1e-06,50,0.45,0.55,True,129.9,3,0.0033988613341947387,0.05829975415209518,0.6517530557346811,
2906,200,4,47.3,94.0,98.5,4.47,1e-06,50,center,center,True,122.0,3,0.00788722618673751,0.08881005678827995,3.712710993044224,
2904,200,4,126.3,65.5,135.6,2.48,1e-06,25,0.60,0.45,True,161.60000000000002,3,0.0035983974902283333,0.059986644265439065,2.333806294961534,
2907,200,4,52.2,122.1,126.2,3.26,1e-06,50,0.35,0.40,True,129.4,3,0.0031426591163712424,0.05605942486657567,0.17361210320922232,
2924,200,4,31.8,29.8,36.5,1.27,1e-05,25,0.60,0.45,True,60.0,3,0.0023797517337877327,0.04878269912364149,4.104618052207114,
2912,200,4,85.6,65.1,100.6,3.0,1e-06,80,0.35,0.40,True,122.9,3,0.0034083360702781757,0.05838095640085195,0.9090906363448167,
2909,200,4,131.2,103.2,159.9,3.25,1e-06,50,0.60,0.45,True,152.3,3,0.002726197895613831,0.05221300504293764,0.5704892911919458,
2881,200,4,142.6,106.0,170.7,2.37,1e-07,25,center,center,True,290.7,3,0.002849080329054927,0.05337677705758308,0.28020000759160557,
2913,200,4,90.5,42.7,93.5,4.44,1e-06,80,0.45,0.55,True,151.1,3,0.0026798000652979506,0.051766785348309495,0.3023318392212342,
2914,200,4,69.9,122.7,134.4,2.12,1e-06,80,0.60,0.45,True,138.5,3,0.004000605575540587,0.06325034051719079,0.15845814165397523,
2911,200,4,110.6,151.4,180.5,3.86,1e-06,80,center,center,True,155.0,3,0.025857272170066895,0.16080196569092958,8.402572275455782,
2900,200,4,142.6,71.8,153.0,3.22,1e-07,120,0.60,0.58,True,228.5,3,0.00548706262218459,0.0740747097340556,0.582009728004593,
2761,200,4,113.9,63.5,123.6,3.43,1e-07,25,center,center,False,900.0,2,0.00894209546005447,0.09456265362210639,0.15239815501174003,vittima non trovata entro 15 minuti
2915,200,4,92.2,138.2,159.1,4.44,1e-06,80,0.60,0.58,True,138.0,3,0.004601413788036992,0.06783372161423101,0.22807094729452976,
2916,200,4,87.1,82.8,113.1,4.89,1e-06,120,center,center,True,123.60000000000001,3,0.018495978622044166,0.13599992140455142,2.8764330865250534,
2918,200,4,53.1,125.3,129.6,1.5,1e-06,120,0.45,0.55,True,123.4,3,0.005182474876967758,0.07198940808874427,0.21884955689215638,
2903,200,4,111.7,59.4,119.7,3.82,1e-06,25,0.45,0.55,True,225.20000000000002,3,0.0028590140103812436,0.053469748553562915,0.20326670790124232,
2901,200,4,108.2,88.2,132.6,4.77,1e-06,25,center,center,True,240.3,3,0.011824668710751593,0.10874129257440153,0.06801773863709114,
2920,200,4,95.2,127.1,151.8,3.98,1e-06,120,0.60,0.58,True,137.20000000000002,3,0.006146395267067597,0.07839894940027957,0.08454338130248094,
2905,200,4,137.8,141.3,190.3,1.3,1e-06,25,0.60,0.58,True,230.20000000000002,3,0.007356395068208092,0.08576942968335567,0.317413244706126,
2929,200,4,79.4,63.7,94.8,4.5,1e-05,50,0.60,0.45,True,97.80000000000001,3,0.014315707680414581,0.11964826651654666,3.4302398148032007,
2927,200,4,104.0,55.0,110.9,1.02,1e-05,50,0.35,0.40,True,149.4,3,0.001376937750769175,0.037107111862406846,0.6180846643449565,
2928,200,4,94.2,121.5,146.8,2.3,1e-05,50,0.45,0.55,True,118.5,3,0.005560403138658155,0.07456811073547562,0.9006922420629163,
2931,200,4,30.1,123.8,121.4,3.37,1e-05,80,center,center,True,113.10000000000001,3,0.005876753250102319,0.07665998467324606,2.8547577187594855,
2919,200,4,163.8,156.8,219.7,1.76,1e-06,120,0.60,0.45,True,202.9,3,0.0008885966148552318,0.02980933771245567,7.117345031447575,
2934,200,4,69.3,154.1,162.3,2.3,1e-05,80,0.60,0.45,True,115.7,3,0.009495052127104782,0.0974425580899064,0.3069778604735637,
2935,200,4,112.1,122.5,159.1,3.31,1e-05,80,0.60,0.58,True,131.3,3,0.00493681155601202,0.07026244769442651,4.0776442219556115,
2932,200,4,103.3,26.2,100.6,1.2,1e-05,80,0.35,0.40,True,163.5,3,0.0007329496636080832,0.027073043116873346,0.7927537358911348,
2936,200,4,51.4,160.4,162.2,4.1,1e-05,120,center,center,True,141.70000000000002,3,0.00205246777087617,0.045304169464588685,3.634734068684629,
2944,200,4,25.3,70.9,69.0,4.39,1e-07,25,0.60,0.45,True,103.10000000000001,3,0.0029896362736855035,0.054677566457236405,1.6255199188116087,
2917,200,4,138.6,125.2,179.7,1.68,1e-06,120,0.35,0.40,True,234.5,3,0.01526230723598882,0.123540710844599,0.7714428439873032,
2943,200,4,24.3,52.4,51.2,2.18,1e-07,25,0.45,0.55,True,105.5,3,0.00088884866042758,0.029813565040557963,0.9609351592964032,
2925,200,4,161.9,90.0,178.5,2.64,1e-05,25,0.60,0.58,True,221.10000000000002,3,0.002983800349029617,0.05462417366907821,0.5740149477604533,
2933,200,4,47.9,44.5,58.3,3.36,1e-05,80,0.45,0.55,True,164.8,3,0.0006386048644161661,0.025270632449864924,1.1133402974065254,
2926,200,4,123.2,72.9,136.3,1.25,1e-05,50,center,center,True,246.60000000000002,3,0.03981535259500176,0.19953784752522957,2.286535198927775,
2947,200,4,64.4,32.3,65.3,3.95,1e-07,50,0.35,0.40,True,107.9,3,5.0034596289782605e-06,0.0022368414402854442,3.0196874196454266,
2940,200,4,122.6,153.7,189.6,2.69,1e-05,120,0.60,0.58,True,164.4,3,0.0015441501525287936,0.039295676002949656,0.17209689609326065,
2942,200,4,81.6,105.9,126.7,1.37,1e-07,25,0.35,0.40,True,144.5,3,0.0025550940913587495,0.050547938547073804,0.8502320968003293,
2930,200,4,159.8,63.7,165.6,2.82,1e-05,50,0.60,0.58,True,216.20000000000002,3,0.012340241066009021,0.11108663765732142,0.36167976599752294,
2948,200,4,113.1,96.6,141.7,1.32,1e-07,50,0.45,0.55,True,132.5,3,0.00017768908706195918,0.013330007016575766,0.2909787195591633,
2938,200,4,133.9,104.2,162.7,2.08,1e-05,120,0.45,0.55,True,198.20000000000002,3,0.003372396909531412,0.058072342035872915,0.2147494257084758,
2939,200,4,125.7,142.9,183.3,4.14,1e-05,120,0.60,0.45,True,194.8,3,0.0022031960351358974,0.046938215082551846,0.12344987431693626,
2937,200,4,144.1,110.8,174.7,4.86,1e-05,120,0.35,0.40,True,210.4,3,0.0034990070447858037,0.059152405232465434,2.1943060204480274,
2954,200,4,22.5,129.3,125.5,1.56,1e-07,80,0.60,0.45,True,116.60000000000001,3,0.01212944113493975,0.1101337420363975,0.4651005168119128,
2951,200,4,93.4,29.3,91.7,4.89,1e-07,80,center,center,True,151.1,3,0.002859914003121422,0.05347816379721187,1.473444616288024,
2952,200,4,72.1,37.6,74.6,3.42,1e-07,80,0.35,0.40,True,134.6,3,0.0023141769124176764,0.048105892699519426,1.6169706261110923,
2945,200,4,157.7,161.6,218.7,2.37,1e-07,25,0.60,0.58,True,197.3,3,0.03840790840835221,0.1959793570975071,1.9977020113087687,
2959,200,4,53.5,28.2,53.8,3.57,1e-07,120,0.60,0.45,True,94.5,3,0.023985157254136608,0.15487142168307427,2.765700933865538,
2956,200,4,95.5,74.1,113.9,1.06,1e-07,120,center,center,True,133.1,3,0.0007923921563202217,0.028149461030723515,0.4757634688430307,
2958,200,4,61.8,120.8,129.0,4.48,1e-07,120,0.45,0.55,True,118.0,3,0.006104200207833325,0.07812938120728542,2.1720609992074706,
2953,200,4,133.1,42.3,133.4,2.44,1e-07,80,0.45,0.55,True,169.9,3,0.010516730908150796,0.10255111363681428,0.48700052217384837,
2961,200,4,53.5,91.1,98.9,4.92,1e-06,25,center,center,True,118.2,3,0.003296005167828715,0.05741084538507263,4.26454227120905,
2950,200,4,159.0,117.3,190.6,1.67,1e-07,50,0.60,0.58,True,206.70000000000002,3,0.009647049638920617,0.09821939543145548,0.31726261397354144,
2957,200,4,86.8,41.2,89.5,2.67,1e-07,120,0.35,0.40,True,147.20000000000002,3,0.005969664000678164,0.07726360074885304,0.7004632629700475,
2964,200,4,25.3,113.9,110.8,3.73,1e-06,25,0.60,0.45,True,111.7,3,0.004015832717321657,0.06337059820864607,0.43419289729276916,
2949,200,4,148.1,102.4,173.1,4.31,1e-07,50,0.60,0.45,True,220.60000000000002,3,0.006363046686087061,0.07976870743648201,0.09721476930110656,
2955,200,4,157.2,159.5,216.9,3.24,1e-07,80,0.60,0.58,True,201.9,3,0.009771510959713792,0.09885095325647493,0.3010695100772914,
2922,200,4,98.1,109.3,139.8,2.75,1e-05,25,0.35,0.40,True,372.20000000000005,3,0.027562940297089694,0.16602090319321147,9.90834869964576,
2968,200,4,70.2,138.8,148.9,1.19,1e-06,50,0.45,0.55,True,130.6,3,0.0038078049774153697,0.06170741428236456,0.423624250393801,
2969,200,4,95.4,138.5,161.3,2.11,1e-06,50,0.60,0.45,True,128.70000000000002,3,0.004803069584423578,0.06930418157963904,0.22823540792134117,
2970,200,4,32.6,114.0,112.5,3.07,1e-06,50,0.60,0.58,True,110.7,3,0.009539675027324526,0.09767125998636715,6.524536304668679,
2825,200,4,112.9,84.7,134.1,3.75,1e-07,25,0.60,0.58,False,900.0,2,0.0022867421279899316,0.04781989259701376,0.025637144149543253,vittima non trovata entro 15 minuti
2966,200,4,20.1,140.7,136.6,2.75,1e-06,50,center,center,True,141.8,3,0.008073631611165916,0.08985338953632142,2.2965556410359937,
2962,200,4,47.4,169.5,169.9,1.09,1e-06,25,0.35,0.40,True,157.10000000000002,3,0.03457750834220755,0.1859502845983505,2.0078862255178027,
2963,200,4,126.5,153.1,191.6,4.44,1e-06,25,0.45,0.55,True,169.8,3,0.002057009753014964,0.045354269402284104,3.6226302435418027,
2960,200,4,167.3,127.6,203.4,4.82,1e-07,120,0.60,0.58,True,206.9,3,0.009789659043543423,0.09894270586325918,5.191914760063214,
2973,200,4,48.1,43.5,57.8,3.52,1e-06,80,0.45,0.55,True,91.80000000000001,3,0.015271094619163412,0.1235762704533658,1.4808322336095947,
2965,200,4,67.6,139.9,148.7,4.15,1e-06,25,0.60,0.58,True,155.3,3,0.004884431900299644,0.06988871082156004,0.09165337512918144,
2974,200,4,55.8,59.2,74.3,4.23,1e-06,80,0.60,0.45,True,97.80000000000001,3,0.024689949523992158,0.15713035837797915,0.8235407923892837,
2971,200,4,125.1,108.1,158.3,2.73,1e-06,80,center,center,True,151.8,3,0.004333532771000477,0.06582957368083495,0.744287290876949,
2972,200,4,114.3,20.8,110.4,2.67,1e-06,80,0.35,0.40,True,160.20000000000002,3,0.02095192282253528,0.1447477903891292,4.712408125485444,
2975,200,4,66.8,119.1,129.8,4.2,1e-06,80,0.60,0.58,True,120.2,3,0.008132502037279674,0.09018038610074629,0.40726109316729364,
2977,200,4,39.7,148.6,147.7,2.34,1e-06,120,0.35,0.40,True,129.5,3,0.004476513394043619,0.06690675148326676,0.19846993852834682,
2979,200,4,82.0,21.1,78.7,4.14,1e-06,120,0.60,0.45,True,110.9,3,0.001884256665608245,0.04340802535946832,5.271190796826466,
2978,200,4,109.3,89.4,134.2,3.2,1e-06,120,0.45,0.55,True,132.70000000000002,3,0.004818705413653375,0.06941689573622098,0.09591818119933533,
2976,200,4,135.8,106.8,165.8,4.68,1e-06,120,center,center,True,155.4,3,0.012900161762449824,0.11357887903325083,0.21872600994158087,
2980,200,4,125.5,70.5,137.2,1.26,1e-06,120,0.60,0.58,True,146.4,3,0.03446809930644547,0.18565586256955494,3.708216530887213,
2967,200,4,166.4,126.7,202.2,2.86,1e-06,50,0.35,0.40,True,215.4,3,0.005315293266537436,0.07290605781783456,1.0703098562644329,
2981,200,4,111.0,148.3,178.3,4.42,1e-05,25,center,center,True,134.5,3,0.001248087799660941,0.03532828611270211,3.8949933948560775,
2988,200,4,37.0,114.4,114.0,1.53,1e-05,50,0.45,0.55,True,101.5,3,0.0038657834986138085,0.062175425198496295,1.0075061919413837,
2983,200,4,31.4,158.4,155.7,2.32,1e-05,25,0.45,0.55,True,130.20000000000002,3,0.003658820353151536,0.0604881835828415,0.5902098727322548,
2994,200,4,39.5,75.3,78.3,2.07,1e-05,80,0.60,0.45,True,90.10000000000001,3,0.0048808831627743555,0.06986331771948964,0.13341954304289522,
2989,200,4,53.0,131.7,135.5,4.55,1e-05,50,0.60,0.45,True,113.7,3,0.027898958214952807,0.16702981235382144,0.5787344096828834,
2997,200,4,41.0,133.9,133.9,1.91,1e-05,120,0.35,0.40,True,106.4,3,0.0019845778020839994,0.04454860045033962,0.22558758484787253,
2946,200,4,167.0,83.0,179.8,2.07,1e-07,50,center,center,True,407.70000000000005,3,21.48453959624493,4.635141809723294,3.4063646346536074,
2986,200,4,100.9,61.0,111.0,2.31,1e-05,50,center,center,True,149.1,3,0.0034590768879753826,0.05881391746836273,0.030078194417242313,
2923,200,4,124.0,81.8,141.7,3.7,1e-05,25,0.45,0.55,True,500.3,3,0.000986430975257931,0.031407498710625315,4.925558929326768,
2999,200,4,53.0,134.8,138.4,2.97,1e-05,120,0.60,0.45,True,112.2,3,0.002885770296618635,0.05371936612264366,0.1943608197473631,
2985,200,4,107.1,126.3,158.6,3.7,1e-05,25,0.60,0.58,True,172.3,3,0.002509464124856597,0.05009455184804628,0.5263741483453722,
3000,200,4,79.5,150.5,163.5,4.6,1e-05,120,0.60,0.58,True,127.80000000000001,3,0.0016007200816295511,0.04000900000786762,0.29941688608108036,
2984,200,4,135.9,33.9,134.1,1.46,1e-05,25,0.60,0.45,True,205.8,3,0.035180956574795676,0.18756587262824673,1.7420199523578124,
2991,200,4,157.1,83.3,171.0,3.9,1e-05,80,center,center,True,189.60000000000002,3,0.022564628215646407,0.15021527291073436,1.9881337665568186,
2866,200,4,23.6,51.5,50.0,4.4,1e-05,50,center,center,False,900.0,2,0.0,0.0,20.120585152770797,vittima non trovata entro 15 minuti
2996,200,4,141.8,53.9,145.3,4.91,1e-05,120,center,center,False,185.60000000000002,3,0.024363175754700345,0.15608707747504386,16.032789548862553,vittima non trovata entro 15 minuti
2987,200,4,145.3,83.0,160.6,2.01,1e-05,50,0.35,0.40,True,204.3,3,0.02874046824380102,0.16953013963245891,1.2953521457658563,
2993,200,4,137.0,168.4,210.0,4.11,1e-05,80,0.45,0.55,True,176.20000000000002,3,0.0075451484828941056,0.08686281415481602,0.7445803419482947,
2995,200,4,134.7,113.2,168.9,3.25,1e-05,80,0.60,0.58,True,189.10000000000002,3,0.0005429693525195842,0.023301702781547622,0.9826526076824728,
2990,200,4,166.2,47.6,166.7,3.75,1e-05,50,0.60,0.58,True,224.10000000000002,3,0.009347125129191013,0.09668053128314415,0.7958808808632675,
3004,200,5,51.2,67.1,77.3,2.7,1e-07,25,0.60,0.45,True,104.7,3,0.005175322173195204,0.071939712073341,0.5818599190134498,
2998,200,4,134.9,88.1,154.3,2.77,1e-05,120,0.45,0.55,True,214.20000000000002,3,0.003818778230901771,0.06179626389112671,0.2744567599889561,
3003,200,5,112.6,81.1,131.8,2.1,1e-07,25,0.45,0.55,True,133.4,3,0.0023702308088631423,0.048685016266436044,0.30775322777995245,
3001,200,5,28.7,147.0,143.9,3.75,1e-07,25,center,center,True,137.70000000000002,3,0.0038452931053513852,0.06201042739210386,3.1803784660039005,
2992,200,4,155.0,71.8,164.2,4.68,1e-05,80,0.35,0.40,True,235.5,3,0.003035366197858916,0.05509415756556149,1.6229213469419599,
3008,200,5,79.1,42.1,82.9,1.58,1e-07,50,0.45,0.55,True,120.2,3,0.0003327135728908445,0.018240437848112214,0.240919826459768,
3007,200,5,48.5,134.9,137.0,1.68,1e-07,50,0.35,0.40,True,133.70000000000002,3,0.056443205640427256,0.23757778860917797,1.6243801922337668,
3010,200,5,49.9,133.8,136.3,1.79,1e-07,50,0.60,0.58,True,131.8,3,0.0076536905661150345,0.08748537344102175,0.11903298836852845,
3009,200,5,137.8,149.0,195.9,2.49,1e-07,50,0.60,0.45,True,149.6,3,0.010522689695124253,0.10258016228844763,4.8405249359723355,
3006,200,5,95.8,145.6,167.3,4.22,1e-07,50,center,center,True,154.4,3,0.00299852069702957,0.05475874995860999,2.752861688532544,
2871,200,4,52.4,42.6,60.5,1.58,1e-05,80,center,center,False,900.0,2,8.414516322357459e-29,9.173067274558417e-15,18.342759111705696,vittima non trovata entro 15 minuti
3029,200,5,19.3,21.2,21.6,4.77,1e-06,50,0.60,0.45,True,34.2,3,0.010689683880526293,0.10339092745752063,2.3298409925298134,
3012,200,5,21.2,156.4,152.2,3.58,1e-07,80,0.35,0.40,True,133.1,3,0.03980577616506084,0.19951384955701906,2.7507203471551076,
3005,200,5,106.8,58.6,115.1,2.02,1e-07,25,0.60,0.58,True,180.20000000000002,3,0.001988120749295419,0.04458834768519034,1.3682612260453566,
3015,200,5,50.8,127.2,130.5,1.07,1e-07,80,0.60,0.58,True,133.8,3,0.00846184425096943,0.09198828322655789,0.1302334691203917,
3016,200,5,49.3,102.3,106.9,1.07,1e-07,120,center,center,True,121.60000000000001,3,0.02226881120499615,0.14922738088231713,1.935831798328648,
3024,200,5,97.2,41.8,99.2,2.32,1e-06,25,0.60,0.45,True,100.4,3,0.0016776190353609858,0.04095874797111095,4.707374465964163,
3023,200,5,46.3,44.2,57.0,1.99,1e-06,25,0.45,0.55,True,102.9,3,0.008167294194611062,0.09037308335235145,0.5530387381341945,
3002,200,5,155.7,59.7,160.3,4.08,1e-07,25,0.35,0.40,True,216.20000000000002,3,0.005831627734067421,0.07636509499809073,1.9790307523481676,
3013,200,5,100.7,167.2,188.3,4.0,1e-07,80,0.45,0.55,True,167.60000000000002,3,0.007283162442684151,0.08534144621861145,0.7110064560145003,
3025,200,5,45.6,59.0,67.6,4.34,1e-06,25,0.60,0.58,True,107.2,3,0.007202209223541686,0.08486583071850347,0.978478128780459,
3020,200,5,80.2,105.7,125.7,1.77,1e-07,120,0.60,0.58,True,132.0,3,0.005994050041488579,0.07742125058075837,0.06277711768811585,
3011,200,5,134.1,127.9,178.2,1.37,1e-07,80,center,center,True,194.4,3,0.00403786391862621,0.06354418870853738,0.05825028204406836,
3017,200,5,107.6,136.7,166.9,4.35,1e-07,120,0.35,0.40,True,156.60000000000002,3,0.002315450508988447,0.04811912830661469,0.2431454952311131,
3019,200,5,134.8,42.9,135.3,3.35,1e-07,120,0.60,0.45,True,165.8,3,0.02261530751706809,0.15038386721011032,3.867148827602308,
3014,200,5,138.9,61.7,145.4,4.22,1e-07,80,0.60,0.45,False,205.60000000000002,3,0.07378385690643545,0.2716318407448498,13.230685789742699,vittima non trovata entro 15 minuti
3027,200,5,49.4,97.3,102.4,2.43,1e-06,50,0.35,0.40,True,121.60000000000001,3,0.0058369013825007,0.07639961637665925,0.2712638972964008,
3030,200,5,85.1,43.1,88.7,2.3,1e-06,50,0.60,0.58,True,122.60000000000001,3,0.002294147901447121,0.04789726402882654,3.5809769512812424,
3028,200,5,71.9,62.5,88.2,4.68,1e-06,50,0.45,0.55,True,126.7,3,0.016131685845440717,0.12701057375447414,1.5205423546766643,
2921,200,4,133.6,34.7,132.0,4.74,1e-05,25,center,center,False,900.0,1,201.87927683889052,14.208422742827246,6.746120194050515,vittima non trovata entro 15 minuti
3031,200,5,118.6,87.8,140.5,3.33,1e-06,80,center,center,True,155.9,3,0.005374477552690849,0.07331082834541462,0.29051076671540965,
3021,200,5,162.3,29.3,159.2,1.84,1e-06,25,center,center,True,208.20000000000002,3,0.005854110438311434,0.07651215876128077,6.566519245748611,
3018,200,5,161.5,34.9,159.3,4.88,1e-07,120,0.45,0.55,True,231.10000000000002,3,0.012445745972648376,0.11156050364106634,0.360798131870734,
3043,200,5,52.5,96.5,103.1,1.41,1e-05,25,0.45,0.55,True,102.7,3,0.005227249566979784,0.07229972037967909,0.5906245085857189,
3034,200,5,91.0,138.6,158.9,3.87,1e-06,80,0.60,0.45,True,132.9,3,0.004300610027951929,0.06557903649758762,0.13948041569538736,
3033,200,5,110.2,139.8,171.0,4.56,1e-06,80,0.45,0.55,True,154.3,3,0.03684388374744561,0.1919476067770724,0.3053186085247909,
3035,200,5,49.5,130.9,133.6,4.71,1e-06,80,0.60,0.58,True,133.5,3,0.04998497391513971,0.22357319587808308,0.5480852853906051,
3037,200,5,22.2,162.2,158.1,4.57,1e-06,120,0.35,0.40,True,135.0,3,0.04190391828710153,0.20470446572339726,1.9863974264757793,
3046,200,5,34.1,146.6,144.6,1.25,1e-05,50,center,center,True,105.5,3,0.02863014783049654,0.1692044557052105,3.91050224095358,
3022,200,5,146.9,22.8,143.0,1.64,1e-06,25,0.35,0.40,True,227.4,3,0.03135643801382254,0.17707749155051453,3.137538656948197,
3049,200,5,84.3,118.1,138.1,2.95,1e-05,50,0.60,0.45,True,102.60000000000001,3,0.004442938168346337,0.06665536863859008,0.6675796347887762,
3050,200,5,71.4,95.1,111.9,2.18,1e-05,50,0.60,0.58,True,106.9,3,0.006636151797889151,0.08146257912618009,0.4494842328365186,
3048,200,5,56.8,136.2,141.0,3.26,1e-05,50,0.45,0.55,True,118.7,3,0.016967305870620997,0.13025861150273713,1.3327754090479644,
3026,200,5,163.2,104.1,186.7,2.65,1e-06,50,center,center,True,240.4,3,0.038007256129869826,0.19495449758820602,0.635574936426378,
3040,200,5,93.4,155.5,174.5,4.72,1e-06,120,0.60,0.58,True,152.0,3,0.005065542843006789,0.0711726270627043,1.9239887474463082,
3032,200,5,139.7,93.1,160.9,2.65,1e-06,80,0.35,0.40,True,205.20000000000002,3,0.043643061880455726,0.20890921923279435,1.1794411267276415,
3053,200,5,98.9,116.4,145.7,4.73,1e-05,80,0.45,0.55,True,125.30000000000001,3,0.005490196692152756,0.07409586150489618,0.19276459436219287,
3042,200,5,149.4,96.1,170.7,3.3,1e-05,25,0.35,0.40,True,184.3,3,0.0062869705856109905,0.07929041925485696,1.3292020185687956,
3039,200,5,150.1,106.9,177.3,1.66,1e-06,120,0.60,0.45,True,198.5,3,0.0036206657871197525,0.06017196844976698,0.5762420999324519,
3054,200,5,66.0,166.7,172.8,3.34,1e-05,80,0.60,0.45,True,116.80000000000001,3,0.008650046879290527,0.09300562821297713,0.11810365699698427,
3036,200,5,163.3,73.5,172.5,1.84,1e-06,120,center,center,True,220.9,3,0.015439203495951317,0.1242545914481687,0.08345329617391516,
3044,200,5,141.9,69.2,151.2,4.66,1e-05,25,0.60,0.45,True,194.0,3,0.03294171510898528,0.18149852646505227,4.691793105370838,
3056,200,5,64.6,164.2,170.0,1.44,1e-05,120,center,center,True,124.60000000000001,3,0.0190570131850585,0.1380471411694516,2.236814187196132,
3038,200,5,138.3,22.5,134.5,4.73,1e-06,120,0.45,0.55,True,228.8,3,0.00589580280999398,0.07678413123812745,0.05453469455266175,
3051,200,5,108.9,23.2,105.5,1.38,1e-05,80,center,center,True,178.10000000000002,3,0.03796554991085285,0.19484750424589187,0.4213777952724696,
3057,200,5,108.8,121.0,155.6,2.09,1e-05,120,0.35,0.40,True,126.0,3,0.0056024610769818935,0.07484958969147322,0.44476308046335905,
3047,200,5,163.6,79.9,175.4,2.94,1e-05,50,0.35,0.40,True,202.60000000000002,3,0.011665939968216984,0.1080089809609228,0.9113629651000437,
3059,200,5,81.3,164.9,177.1,1.48,1e-05,120,0.60,0.45,True,119.30000000000001,3,0.046264366339451496,0.21509153014345195,0.5533362842591181,
3058,200,5,97.3,141.2,164.6,1.23,1e-05,120,0.45,0.55,True,134.20000000000002,3,0.005799663990749114,0.0761555250178811,0.3116218057032343,
3061,200,5,94.5,66.7,108.7,3.58,1e-07,25,center,center,True,126.4,3,0.004812913615905419,0.06937516570002135,0.08293093443525759,
2941,200,4,131.9,42.2,132.3,1.07,1e-07,25,center,center,False,900.0,1,2.0194839173657902e-28,1.4210854715202004e-14,1.9555140894017127,vittima non trovata entro 15 minuti
3045,200,5,149.3,67.2,157.1,2.11,1e-05,25,0.60,0.58,True,221.60000000000002,3,0.004577901397193438,0.06766019063816948,0.16246790836478298,
3065,200,5,117.8,116.9,158.9,1.79,1e-07,25,0.60,0.58,True,125.2,3,0.004794158901935517,0.06923986497629467,0.46835442356169293,
3052,200,5,121.9,21.9,118.1,1.06,1e-05,80,0.35,0.40,True,207.5,3,0.015589738981380826,0.12485887626188547,0.6048543506105668,
3062,200,5,58.4,88.7,99.3,2.49,1e-07,25,0.35,0.40,True,130.3,3,0.0032903435817973913,0.05736151655768344,0.27780218814678337,
3066,200,5,26.2,145.1,141.7,3.01,1e-07,50,center,center,True,126.0,3,0.037782242980358205,0.1943765494609836,3.1955161210149945,
3055,200,5,164.7,85.2,178.6,1.56,1e-05,80,0.60,0.58,True,198.8,3,0.01249934712619697,0.11180047909645545,0.6830037261782879,
3069,200,5,84.0,96.9,121.2,1.29,1e-07,50,0.60,0.45,True,119.30000000000001,3,0.004013800814893285,0.0633545642783003,0.35148582026221076,
3060,200,5,123.6,88.7,145.2,1.28,1e-05,120,0.60,0.58,True,181.0,3,0.003646247538188347,0.06038416628710168,0.7823832460923463,
3083,200,5,31.6,25.5,33.6,3.05,1e-06,25,0.45,0.55,True,64.10000000000001,3,0.0018281234729151537,0.04275656058332047,1.1327778052347615,
3079,200,5,91.5,27.9,89.5,3.99,1e-07,120,0.60,0.45,True,102.0,3,0.0019980305748332613,0.04469933528402029,6.843571568892456,
3075,200,5,101.2,71.2,116.8,3.18,1e-07,80,0.60,0.58,True,135.20000000000002,3,0.005023254413535386,0.07087492090673107,1.725860119137534,
3064,200,5,122.2,92.5,146.3,2.08,1e-07,25,0.60,0.45,True,193.8,3,0.006761547206689311,0.08222862765904167,0.185232690635119,
3073,200,5,21.2,161.5,157.3,1.66,1e-07,80,0.45,0.55,True,138.8,3,0.02815295795754765,0.16778843213269398,4.064046155418904,
3063,200,5,167.7,82.0,180.0,2.87,1e-07,25,0.45,0.55,True,206.9,3,0.05251345548089387,0.22915814513321114,0.39398695071018436,
3077,200,5,20.0,123.9,119.8,4.53,1e-07,120,0.35,0.40,True,121.7,3,0.040606314966644644,0.2015100865134166,1.8013133989539831,
3067,200,5,140.0,121.3,178.2,1.04,1e-07,50,0.35,0.40,True,197.4,3,0.012102208841464183,0.11001003973030908,0.6896156716625361,
3074,200,5,86.6,155.6,171.2,3.69,1e-07,80,0.60,0.45,True,144.70000000000002,3,0.02248300451196959,0.14994333767116694,0.49858092921172037,
3070,200,5,129.6,134.9,180.0,2.11,1e-07,50,0.60,0.58,True,174.0,3,0.0040016872701230406,0.06325889083854569,0.21953753132201254,
3080,200,5,90.3,38.7,91.7,2.06,1e-07,120,0.60,0.58,True,117.80000000000001,3,0.003158050231434754,0.0561965322011488,4.734326845974792,
3068,200,5,151.1,70.5,160.2,4.7,1e-07,50,0.45,0.55,True,200.10000000000002,3,0.0029639671720896126,0.05444232886357464,0.13956538469525326,
3071,200,5,133.6,132.9,181.4,3.77,1e-07,80,center,center,True,189.8,3,0.008018982643182017,0.08954877242699655,0.16117488272776784,
3084,200,5,74.6,50.6,83.2,4.99,1e-06,25,0.60,0.45,True,117.7,3,0.003315193311385787,0.057577715406099496,3.033612939657538,
3095,200,5,32.0,36.7,41.6,1.84,1e-06,80,0.60,0.58,True,80.30000000000001,3,0.0075468921682027125,0.08687285058177101,0.3860439578389392,
3085,200,5,56.9,114.4,121.1,2.0,1e-06,25,0.60,0.58,True,129.0,3,0.009363052005935268,0.09676286480843396,0.2058567884426723,
3088,200,5,130.0,116.8,167.7,2.25,1e-06,50,0.45,0.55,True,143.20000000000002,3,0.006874812026493906,0.08291448622824546,0.4087564820872198,
3076,200,5,132.7,54.5,137.0,1.27,1e-07,120,center,center,True,204.9,3,0.027966040023531053,0.1672304996809226,2.3528150141974,
3087,200,5,130.2,47.7,132.2,2.54,1e-06,50,0.35,0.40,True,167.10000000000002,3,0.0034832015304636947,0.05901865408888697,0.7919318242856349,
3094,200,5,91.4,98.1,127.0,2.02,1e-06,80,0.60,0.45,True,129.20000000000002,3,0.004736930123253555,0.06882535959407372,0.24501945049938703,
3072,200,5,168.9,45.2,168.7,4.99,1e-07,80,0.35,0.40,True,237.4,3,0.007158319253671041,0.08460685110362541,1.4221217028300666,
3104,200,5,50.6,57.3,69.4,3.25,1e-05,25,0.60,0.45,True,69.9,3,0.002056836732302018,0.04535236192638723,2.9339855815605898,
3093,200,5,105.3,66.1,117.5,4.59,1e-06,80,0.45,0.55,True,146.1,3,0.003979170997086936,0.06308067055039077,1.1545408367217302,
3090,200,5,105.1,135.4,164.4,4.68,1e-06,50,0.60,0.58,True,162.3,3,0.0015350136643283113,0.03917925043091446,0.4267153188960337,
3105,200,5,33.2,62.0,63.6,4.36,1e-05,25,0.60,0.58,True,78.7,3,0.0035431037522920847,0.059523976280924686,1.4207443961229687,
3078,200,5,143.9,73.5,154.8,1.42,1e-07,120,0.45,0.55,True,211.3,3,0.014612271022701392,0.12088122692420603,0.4052876575052827,
3089,200,5,165.7,153.3,218.7,4.02,1e-06,50,0.60,0.45,True,170.9,3,0.00042228424653327875,0.020549555871922847,0.8477575394474154,
3102,200,5,43.9,80.9,85.3,3.74,1e-05,25,0.35,0.40,True,93.10000000000001,3,0.004851208379973402,0.0696506165082076,0.10135527807005397,
3081,200,5,149.5,105.2,175.8,4.38,1e-06,25,center,center,True,202.4,3,0.003643757921580949,0.060363547953884794,0.2617683527264166,
3098,200,5,63.8,40.5,68.7,1.22,1e-06,120,0.45,0.55,True,106.80000000000001,3,0.007347066441900868,0.08571503043166273,0.17964836698090794,
2982,200,4,113.0,51.5,117.6,3.23,1e-05,25,0.35,0.40,False,900.0,2,1.5146129380243427e-28,1.2306961192854808e-14,16.41798792942987,vittima non trovata entro 15 minuti
3096,200,5,20.3,142.4,138.3,2.22,1e-06,120,center,center,True,130.3,3,0.009559411506148993,0.09777224302504772,2.273798400071803,
3097,200,5,98.5,94.5,129.4,1.32,1e-06,120,0.35,0.40,True,138.3,3,0.004418241579640778,0.06646985466841926,0.6777231870320247,
3100,200,5,24.1,90.9,88.0,4.99,1e-06,120,0.60,0.58,True,114.9,3,0.03858900458924972,0.19644084246726728,2.633044691177148,
3082,200,5,158.4,81.7,171.5,1.49,1e-06,25,0.35,0.40,True,212.9,3,0.002294002051964904,0.04789574148047929,0.5970190583515868,
3109,200,5,21.0,141.7,137.6,1.82,1e-05,50,0.60,0.45,True,97.4,3,0.031887658721038555,0.1785711587044183,2.500786240958535,
3112,200,5,26.3,46.6,46.7,1.43,1e-05,80,0.35,0.40,True,66.8,3,0.003984561947679694,0.0631233866936787,0.32246692135318783,
3091,200,5,157.4,87.7,173.4,1.99,1e-06,80,center,center,True,213.60000000000002,3,0.04163158663359445,0.20403819895694641,1.3923133579035514,
3092,200,5,164.4,129.8,202.5,3.12,1e-06,80,0.35,0.40,True,208.10000000000002,3,0.0035748142991110098,0.05978975078649358,1.0358078676083373,
3107,200,5,82.7,62.0,96.4,2.52,1e-05,50,0.35,0.40,True,138.0,3,0.0009662630561365652,0.03108477209401036,0.6738740641883973,
3108,200,5,111.6,64.6,122.2,4.23,1e-05,50,0.45,0.55,True,142.5,3,0.005083935407732211,0.07130172093107018,0.23628648769458166,
3086,200,5,156.8,146.4,207.5,4.24,1e-06,50,center,center,True,234.0,3,0.004747952981367475,0.068905391526117,0.8060026298591292,
3099,200,5,128.1,109.3,161.3,1.5,1e-06,120,0.60,0.45,True,169.60000000000002,3,0.003484802699206589,0.05903221746814691,0.19812983804093176,
3103,200,5,142.5,153.6,202.5,3.98,1e-05,25,0.45,0.55,True,168.20000000000002,3,0.005869876356558635,0.07661511832894755,0.44779368206556514,
3101,200,5,153.2,136.1,197.9,1.13,1e-05,25,center,center,True,175.0,3,0.0069569891610884145,0.0834085676719629,0.09072540364343912,
3106,200,5,124.0,128.3,171.4,4.9,1e-05,50,center,center,True,189.8,3,0.006048369669046503,0.07777126506008825,0.12662827544474228,
3115,200,5,95.1,150.8,171.4,2.67,1e-05,80,0.60,0.58,True,135.3,3,0.03300172748687026,0.1816637759347478,0.7055473067466513,
3110,200,5,151.9,136.8,197.3,4.89,1e-05,50,0.60,0.58,True,169.5,3,0.006701524388721295,0.08186283887528757,0.0732210598268629,
3120,200,5,58.9,106.9,115.3,4.88,1e-05,120,0.60,0.58,True,107.80000000000001,3,0.01802980115366871,0.13427509506110472,0.5088204671001767,
3118,200,5,68.5,134.9,144.6,3.81,1e-05,120,0.45,0.55,True,118.4,3,0.028336758942963967,0.16833525757536347,1.6458658123161114,
3111,200,5,147.9,134.9,193.1,1.87,1e-05,80,center,center,True,174.0,3,0.00784807105157902,0.08858933937883846,0.2693750654746035,
3122,200,5,57.5,76.9,89.1,2.9,1e-07,25,0.35,0.40,True,120.0,3,0.004585716777374366,0.06771792065158504,0.16373351554748283,
3136,200,5,28.6,27.1,32.3,4.59,1e-07,120,center,center,True,65.4,3,0.04653242774802091,0.21571376346450616,3.3857298967275455,
3114,200,5,145.7,152.1,203.5,2.79,1e-05,80,0.60,0.45,True,168.0,3,0.002467136754998179,0.049670280399834454,1.1016531823852969,
3113,200,5,137.1,124.4,178.1,4.91,1e-05,80,0.45,0.55,True,183.9,3,0.004221979241097089,0.06497675923818523,0.007515448963412291,
3116,200,5,126.0,61.6,133.6,3.2,1e-05,120,center,center,False,180.9,3,0.010349826354893291,0.10173409632415914,12.900410394920936,vittima non trovata entro 15 minuti
3128,200,5,90.8,121.0,144.3,4.44,1e-07,50,0.45,0.55,True,130.3,3,0.041680463825214065,0.20415793843300353,3.037632882763044,
3132,200,5,56.6,52.7,70.3,1.51,1e-07,80,0.35,0.40,True,110.30000000000001,3,0.0022045214369187235,0.04695233153868638,0.1699344590848713,
3123,200,5,65.3,118.9,128.9,2.33,1e-07,25,0.45,0.55,True,130.1,3,0.004151466924731331,0.06443187817168868,1.362837947160717,
3117,200,5,147.7,122.3,184.7,4.1,1e-05,120,0.35,0.40,True,178.10000000000002,3,0.047941445541241905,0.2189553505654564,1.8756427982458042,
3119,200,5,143.8,152.6,202.6,4.98,1e-05,120,0.60,0.45,True,168.4,3,0.0030011469043695013,0.054782724506631665,1.3368545858941658,
3121,200,5,111.5,74.9,127.3,3.45,1e-07,25,center,center,True,155.0,3,0.002950964355920868,0.054322779346429505,0.23147573008987204,
3129,200,5,89.4,156.2,173.2,2.66,1e-07,50,0.60,0.45,True,130.8,3,0.0327633630411652,0.1810065276203187,1.101300541915629,
3125,200,5,39.1,129.4,128.9,2.72,1e-07,25,0.60,0.58,False,141.4,3,0.07162966671150227,0.26763719231732774,16.23799931878941,vittima non trovata entro 15 minuti
3137,200,5,55.0,62.8,76.4,3.95,1e-07,120,0.35,0.40,True,104.60000000000001,3,0.0022092854814916,0.04700303693902767,0.23535687102931613,
3124,200,5,101.6,113.4,145.2,1.84,1e-07,25,0.60,0.45,True,162.4,3,0.003111429488863669,0.05578018903574699,0.1531823214740137,
3134,200,5,57.6,152.1,156.2,3.86,1e-07,80,0.60,0.45,True,124.5,3,0.039648762904009045,0.19911997113300575,9.809120057276312,
3127,200,5,125.5,40.4,125.6,3.97,1e-07,50,0.35,0.40,True,170.60000000000002,3,0.009096294600730413,0.09537449659489906,1.4645910465392782,
3131,200,5,109.7,149.6,178.5,1.79,1e-07,80,center,center,True,157.60000000000002,3,0.04606426491146932,0.21462587195272922,2.538622264839169,
3138,200,5,112.6,55.5,118.9,3.92,1e-07,120,0.45,0.55,True,140.0,3,0.005180732476362339,0.07197730528689122,0.24049007347088217,
3130,200,5,92.2,170.5,187.1,2.88,1e-07,50,0.60,0.58,True,173.0,3,0.005666662342302961,0.0752772365479961,0.14654825781792266,
3143,200,5,45.8,70.3,77.0,1.29,1e-06,25,0.45,0.55,True,109.0,3,0.015270803638639708,0.12357509311604709,0.5131161845919507,
3144,200,5,90.6,89.3,120.1,1.79,1e-06,25,0.60,0.45,True,117.2,3,0.0029971780241342108,0.054746488692282456,0.5018045138641769,
3133,200,5,135.2,162.2,204.2,2.25,1e-07,80,0.45,0.55,True,177.4,3,0.057868142702633414,0.2405579819973418,8.53796546665233,
3142,200,5,77.3,34.7,78.1,1.4,1e-06,25,0.35,0.40,True,110.60000000000001,3,0.00781084205781017,0.08837896841336275,0.9477085055600661,
3151,200,5,35.0,23.2,35.1,3.14,1e-06,80,center,center,True,68.9,3,0.0026867965052194877,0.05183431783306777,2.3422333717564667,
3139,200,5,117.7,44.3,119.4,4.9,1e-07,120,0.60,0.45,True,167.4,3,0.018234249671517183,0.1350342536970423,4.4591175080218015,
3153,200,5,22.6,40.4,39.6,1.29,1e-06,80,0.45,0.55,True,77.0,3,0.0022093280713913837,0.047003489991610026,0.7682536228672476,
3140,200,5,124.9,158.0,194.4,3.01,1e-07,120,0.60,0.58,True,160.9,3,0.04445626612401934,0.21084654638864572,3.409828508845528,
3149,200,5,96.8,67.8,111.2,3.48,1e-06,50,0.60,0.45,True,111.30000000000001,3,0.004252626246701201,0.06521216333400695,2.9403410230793003,
3135,200,5,142.0,142.0,193.8,2.08,1e-07,80,0.60,0.58,True,190.9,3,0.0031510596526968205,0.05613430014435755,0.2087598621876894,
3126,200,5,162.9,37.4,161.2,1.33,1e-07,50,center,center,True,263.90000000000003,3,0.026551212141717465,0.16294542688187805,1.8416717250871015,
3163,200,5,41.1,100.1,101.8,1.95,1e-05,25,0.45,0.55,True,100.0,3,0.0032897109360853793,0.05735600174424102,0.6331780834335732,
3155,200,5,89.8,94.0,122.9,3.55,1e-06,80,0.60,0.58,True,136.9,3,0.008855554055550888,0.09410395345335332,0.09526697464347067,
3165,200,5,45.3,81.7,86.6,2.72,1e-05,25,0.60,0.58,True,92.5,3,0.003964792529307749,0.06296659852102342,0.6717217246098062,
3156,200,5,119.0,59.1,126.2,3.73,1e-06,120,center,center,True,147.3,3,0.03869849671252597,0.19671933487211157,3.169273695431694,
3164,200,5,46.4,119.3,121.6,2.53,1e-05,25,0.60,0.45,True,106.7,3,0.003446392841421402,0.0587059864189454,0.22931306347409802,
3157,200,5,57.5,164.9,168.3,1.67,1e-06,120,0.35,0.40,True,143.8,3,0.028900307935286938,0.17000090568960785,8.504659166120234,
3148,200,5,151.9,105.8,178.1,2.17,1e-06,50,0.45,0.55,True,185.9,3,0.0038564063076843257,0.06209997027120324,0.32461762944121414,
3162,200,5,106.7,162.2,187.2,3.65,1e-05,25,0.35,0.40,True,135.4,3,0.03821865032211848,0.1954959087094113,2.971010866075136,
3141,200,5,102.3,39.4,103.2,3.79,1e-06,25,center,center,True,207.0,3,0.008675623493053897,0.09314302707693098,0.024114524310781392,
3159,200,5,111.9,156.4,185.4,3.31,1e-06,120,0.60,0.45,True,162.0,3,0.0027524581864158716,0.0524638750609967,0.22496736482005206,
3176,200,5,25.0,57.2,55.9,2.9,1e-05,120,center,center,True,74.8,3,0.0034144745335112324,0.05843350523040041,2.191464175315419,
3154,200,5,133.0,126.6,176.5,4.79,1e-06,80,0.60,0.45,True,174.0,3,0.003979520490029129,0.06308344069586827,0.2343669277137586,
3167,200,5,58.7,100.2,109.3,2.4,1e-05,50,0.35,0.40,True,106.7,3,0.00442988707458569,0.06655739684351912,0.22307679273930803,
3174,200,5,60.7,79.9,93.4,4.34,1e-05,80,0.60,0.45,True,84.4,3,0.004042962154010139,0.06358429172374368,0.3201104121567653,
3150,200,5,162.8,68.6,170.2,1.55,1e-06,50,0.60,0.58,True,205.4,3,0.04165146059753138,0.20408689472264352,3.251547456930407,
3169,200,5,121.4,121.1,164.4,2.5,1e-05,50,0.60,0.45,True,126.60000000000001,3,0.0021440487281831405,0.04630387379240684,1.1672268220052553,
3173,200,5,21.0,138.6,134.6,1.73,1e-05,80,0.45,0.55,True,104.0,3,0.014683040134913054,0.12117359503997996,1.1803935107430477,
3158,200,5,150.5,152.4,207.1,3.98,1e-06,120,0.45,0.55,True,184.60000000000002,3,0.022323626887724553,0.14941093295915314,1.9997930468258418,
3171,200,5,83.1,153.4,167.7,3.28,1e-05,80,center,center,True,120.30000000000001,3,0.001809353284819998,0.04253649356517293,2.664877737198818,
3147,200,5,169.3,106.6,193.2,4.02,1e-06,50,0.35,0.40,True,216.20000000000002,3,0.003943593779265861,0.0627980396132384,1.1041406918544945,
3172,200,5,37.9,153.1,151.7,1.37,1e-05,80,0.35,0.40,True,116.5,3,0.016372832591532663,0.1279563698747845,0.4028339767584913,
3161,200,5,142.5,89.8,161.5,1.21,1e-05,25,center,center,True,189.4,3,0.013987375217851478,0.11826823418759358,0.24951637481296662,
3152,200,5,141.8,82.8,157.4,2.39,1e-06,80,0.35,0.40,True,209.10000000000002,3,0.01812124880743978,0.13461518787803917,0.8527181530441746,
3170,200,5,58.6,151.6,156.1,2.37,1e-05,50,0.60,0.58,True,127.0,3,0.006159505055748509,0.07848251433120954,0.18289928104999337,
3146,200,5,145.9,100.7,170.3,4.81,1e-06,50,center,center,True,256.0,3,0.007929975365500226,0.08905040912595644,0.1623502199587231,
3180,200,5,80.4,49.3,87.4,1.8,1e-05,120,0.60,0.58,True,90.7,3,0.00587499132151691,0.07664849197157704,1.1655972913454398,
3177,200,5,108.8,99.6,140.4,1.65,1e-05,120,0.35,0.40,True,132.6,3,0.033141982266480005,0.18204939512802565,4.420022347480463,
3160,200,5,169.7,85.8,183.5,2.73,1e-06,120,0.60,0.58,True,228.70000000000002,3,0.0046562385793869005,0.06823663663595166,0.4625829015600077,
3166,200,5,147.7,153.6,206.0,3.28,1e-05,50,center,center,True,184.70000000000002,3,0.0018704066848469192,0.04324819863123688,0.3427936312448882,
3145,200,5,129.6,32.2,127.5,3.23,1e-06,25,0.60,0.58,True,278.40000000000003,3,0.011936958186615023,0.10925638739503986,0.200440758152233,
3175,200,5,157.5,151.8,211.7,1.79,1e-05,80,0.60,0.58,True,172.3,3,0.017844900875212566,0.13358480780093432,0.046634448186157786,
3168,200,5,167.3,41.8,166.4,3.94,1e-05,50,0.45,0.55,True,199.9,3,0.003647563826078431,0.060395064583775644,0.2929207176834648,
3181,200,5,45.1,170.0,169.8,3.29,1e-07,25,center,center,True,134.8,3,0.05716089113726254,0.2390834396968191,6.054468128785857,
3178,200,5,126.6,169.4,204.5,4.54,1e-05,120,0.45,0.55,True,151.9,3,0.009081549283257797,0.09529716303887434,7.64813840355448,
3183,200,5,76.2,81.3,104.4,4.21,1e-07,25,0.45,0.55,True,129.1,3,0.009506137349858224,0.09749942230525381,1.5718908827308598,
3188,200,5,23.1,63.8,61.5,3.44,1e-07,50,0.45,0.55,True,108.0,3,0.008268810545375108,0.09093300030998157,1.0660050152057996,
3189,200,5,25.0,118.6,115.4,1.02,1e-07,50,0.60,0.45,True,113.5,3,0.004841381653607434,0.06958003775227083,0.25400919622580026,
3179,200,5,124.6,115.3,162.7,2.49,1e-05,120,0.60,0.45,True,170.20000000000002,3,0.038893217426756714,0.19721363397786856,1.1129820600347347,
3193,200,5,43.7,45.4,55.9,1.37,1e-07,80,0.45,0.55,True,102.60000000000001,3,0.0037306585434471917,0.061079117081431294,0.6193951252642235,
3187,200,5,105.1,76.4,122.9,1.65,1e-07,50,0.35,0.40,True,135.6,3,0.0028065102099580595,0.05297650620754505,1.8923134102672325,
3041,200,5,104.5,118.1,150.7,3.28,1e-05,25,center,center,False,900.0,2,152.72747896224135,12.358295957058212,7.70371656037706,vittima non trovata entro 15 minuti
3184,200,5,103.0,140.3,167.0,4.43,1e-07,25,0.60,0.45,True,151.20000000000002,3,0.001656067311733513,0.0406948069381526,0.3978755050311741,
3185,200,5,60.6,137.4,143.6,3.39,1e-07,25,0.60,0.58,True,148.5,3,0.006517366679380596,0.08073020921179751,0.15225714727046405,
3196,200,5,45.4,92.0,95.9,3.21,1e-07,120,center,center,True,114.9,3,0.0031615510999360467,0.056227672012417934,3.2577729382293668,
3195,200,5,33.4,101.2,100.3,4.39,1e-07,80,0.60,0.58,True,121.80000000000001,3,0.01053586547046448,0.1026443640462762,1.1489528809791263,
3192,200,5,49.1,113.9,117.5,3.14,1e-07,80,0.35,0.40,True,128.8,3,0.007549313745163498,0.0868867869423395,0.10757466932236215,
3202,200,5,23.6,68.1,65.8,4.28,1e-06,25,0.35,0.40,True,104.0,3,0.004474863864844852,0.06689442327163642,0.2710108776011262,
3199,200,5,114.4,93.9,141.0,3.59,1e-07,120,0.60,0.45,True,132.8,3,0.0029807761827894963,0.05459648507724189,1.973138574600527,
3197,200,5,83.2,108.8,130.0,4.44,1e-07,120,0.35,0.40,True,139.5,3,0.003206419864912715,0.05662525818848613,0.08254416118015884,
3190,200,5,71.8,166.6,174.9,1.29,1e-07,50,0.60,0.58,True,155.5,3,0.012484714186169307,0.1117350177257305,0.28548383438135067,
3186,200,5,109.4,29.3,107.2,2.34,1e-07,50,center,center,True,175.5,3,0.03193230765276997,0.1786961321707047,0.2461679096593877,
3200,200,5,127.5,106.8,159.3,1.05,1e-07,120,0.60,0.58,True,151.3,3,0.007963269759417697,0.08923715459054989,2.159862928787011,
3209,200,5,35.7,34.5,42.6,1.64,1e-06,50,0.60,0.45,True,79.5,3,0.005440127911152355,0.07375722277277226,1.8864339784129665,
3204,200,5,58.4,104.5,112.9,1.51,1e-06,25,0.60,0.45,True,118.5,3,0.007340150456168881,0.08567467803364585,0.12816979443355814,
3182,200,5,169.4,135.5,209.9,3.57,1e-07,25,0.35,0.40,True,211.10000000000002,3,0.02562652739027815,0.1600828766304446,6.401244691623687,
3198,200,5,130.2,22.3,126.4,1.35,1e-07,120,0.45,0.55,True,171.9,3,0.03358475847807815,0.1832614484229516,3.2863202140268277,
3191,200,5,165.5,119.8,197.3,4.59,1e-07,80,center,center,True,194.10000000000002,3,0.036805418489790076,0.19184738332797263,2.4218591952088278,
3203,200,5,86.9,74.3,107.3,2.6,1e-06,25,0.45,0.55,True,137.5,3,0.002763016590555758,0.052564404215740504,0.38224260403726407,
3205,200,5,126.2,105.1,157.2,1.03,1e-06,25,0.60,0.58,True,158.5,3,0.003090530464850193,0.05559253965101966,0.23925735537620807,
3194,200,5,140.1,60.5,146.1,1.14,1e-07,80,0.60,0.45,False,204.8,3,0.07395687283381994,0.2719501293138504,13.051168308030707,vittima non trovata entro 15 minuti
3208,200,5,44.2,122.0,123.4,1.44,1e-06,50,0.45,0.55,True,124.2,3,0.013675104984769298,0.11694060451686274,0.647144076324865,
3224,200,5,42.8,36.3,49.0,4.66,1e-05,25,0.60,0.45,True,65.5,3,0.001787763665107065,0.042281954367165496,3.7086612305293203,
3225,200,5,57.4,19.8,54.5,3.81,1e-05,25,0.60,0.58,True,64.60000000000001,3,0.011922657418540608,0.1091909218687186,2.642557035206704,
3220,200,5,30.0,34.3,38.5,1.77,1e-06,120,0.60,0.58,True,76.4,3,0.004181585658666451,0.06466518119255873,1.5528414795609378,
3223,200,5,37.6,80.0,81.8,1.58,1e-05,25,0.45,0.55,True,91.10000000000001,3,0.003977856345184456,0.0630702492874767,0.6948258437562396,
3222,200,5,74.5,76.7,99.8,1.57,1e-05,25,0.35,0.40,True,94.4,3,0.004694052104613946,0.06851315278553415,0.05534062795120243,
3201,200,5,166.4,42.1,165.6,2.85,1e-06,25,center,center,True,210.4,3,0.013905675797331728,0.11792232951113088,0.18377628501209753,
3221,200,5,27.5,109.0,106.4,1.84,1e-05,25,center,center,True,97.5,3,0.0014653163583504573,0.03827945086270775,2.6017232992191484,
3213,200,5,103.4,76.4,121.6,4.81,1e-06,80,0.45,0.55,True,135.8,3,0.005807049624238932,0.07620400005405839,0.07963630499568665,
3216,200,5,67.0,73.9,92.7,4.33,1e-06,120,center,center,True,116.0,3,0.015271041736024855,0.12357605648354723,5.970581641153861,
3226,200,5,42.2,73.3,77.7,4.34,1e-05,50,center,center,True,88.2,3,0.025441112530747267,0.15950270383522427,3.9725251207502863,
3212,200,5,29.7,152.0,149.1,2.22,1e-06,80,0.35,0.40,True,138.3,3,0.017543758320918545,0.13245285320036917,7.892237550888463,
3214,200,5,101.7,45.2,104.7,1.82,1e-06,80,0.60,0.45,True,146.70000000000002,3,0.004920796320699711,0.07014838786957055,2.7440678043977123,
3211,200,5,115.1,114.6,155.4,1.47,1e-06,80,center,center,True,149.20000000000002,3,0.003612526320108973,0.06010429535489933,0.05735722099692925,
3215,200,5,120.7,141.2,178.7,2.93,1e-06,80,0.60,0.58,True,145.9,3,0.004191984318448312,0.06474553512365398,0.2542623491635354,
3206,200,5,134.6,153.3,197.0,2.77,1e-06,50,center,center,True,204.8,3,0.007971286052847137,0.0892820589639774,0.21896709505054784,
3219,200,5,81.6,129.0,145.7,4.76,1e-06,120,0.60,0.45,True,133.1,3,0.00445728890406749,0.06676293061323395,0.20703056051934757,
3207,200,5,165.2,102.8,187.7,1.99,1e-06,50,0.35,0.40,True,209.0,3,0.023939878891584904,0.15472517213299491,0.7493662275345009,
3230,200,5,35.4,112.6,111.8,1.6,1e-05,50,0.60,0.58,True,103.5,3,0.014004300650413564,0.11833976783150102,2.5840147449132433,
3210,200,5,109.7,170.4,195.8,3.76,1e-06,50,0.60,0.58,True,171.60000000000002,3,0.005402331069325184,0.07350055148993907,0.26465451423574327,
3234,200,5,61.1,79.1,92.9,3.69,1e-05,80,0.60,0.45,True,93.2,3,0.006176582906981799,0.07859123937807444,0.45138279721130853,
3227,200,5,65.8,157.1,163.8,3.58,1e-05,50,0.35,0.40,True,130.9,3,0.0031337269478173024,0.05597970121229036,0.09694833771557927,
3218,200,5,113.9,40.2,114.4,4.14,1e-06,120,0.45,0.55,True,161.10000000000002,3,0.013226541467840101,0.11500670183880633,0.4247162511303707,
3217,200,5,149.5,143.3,200.1,3.14,1e-06,120,0.35,0.40,True,179.3,3,0.0031306044811894827,0.055951804985983095,0.7136305900419249,
3229,200,5,161.9,130.4,200.9,1.31,1e-05,50,0.60,0.45,True,162.20000000000002,3,0.004652599315598974,0.06820996492887953,3.6364756505357274,
3228,200,5,147.2,74.0,158.0,2.59,1e-05,50,0.45,0.55,True,176.0,3,0.03676283957885093,0.19173638042596644,0.2949583348994548,
3233,200,5,119.8,161.2,193.8,2.17,1e-05,80,0.45,0.55,True,151.4,4,0.00047959522720084313,0.02189966271888321,3.45617802139102,
3243,200,5,85.6,19.8,81.9,2.82,1e-07,25,0.45,0.55,True,97.7,3,5.675653564743774e-08,0.0002382363021192147,9.397569686585351,
3231,200,5,169.6,105.7,193.0,3.54,1e-05,80,center,center,True,190.4,3,0.003914826225641874,0.06256857218797528,0.21664905506559815,
3237,200,5,83.3,40.9,86.2,4.91,1e-05,120,0.35,0.40,True,149.8,3,0.002593407630435418,0.05092551060554443,2.438158269943895,
3244,200,5,96.6,56.5,105.1,1.54,1e-07,25,0.60,0.45,True,119.10000000000001,3,0.003941007338447677,0.06277744291103037,1.956560336340076,
3242,200,5,55.4,70.0,82.3,4.98,1e-07,25,0.35,0.40,True,115.80000000000001,3,0.0036363880506467836,0.06030247134775476,0.19415506980742459,
3245,200,5,58.0,97.2,106.3,4.8,1e-07,25,0.60,0.58,True,114.4,3,0.0029446106648059766,0.05426426692406317,0.9892149273621682,
3235,200,5,164.1,167.5,227.4,2.91,1e-05,80,0.60,0.58,False,173.20000000000002,3,0.020591272089185805,0.14349659260479256,16.5612872190809,vittima non trovata entro 15 minuti
3239,200,5,84.0,19.1,80.2,1.42,1e-05,120,0.60,0.45,True,154.70000000000002,3,0.011271857473778658,0.10616900429870603,0.68508710040303,
3232,200,5,154.9,71.9,164.2,2.14,1e-05,80,0.35,0.40,True,197.8,3,0.01567324931976871,0.125192848516873,0.581203907648939,
3236,200,5,144.9,122.4,182.6,3.47,1e-05,120,center,center,True,179.20000000000002,3,0.0036293621421905425,0.060244187621633194,0.1752508599262764,
3251,200,5,58.3,38.5,62.9,3.6,1e-07,80,center,center,True,108.7,3,0.009111427762491072,0.0954537990993081,1.09578792349101,
3238,200,5,138.8,114.9,173.1,3.86,1e-05,120,0.45,0.55,True,185.0,3,0.004833950472775183,0.0695266170094244,0.09885146734652303,
3250,200,5,128.7,64.9,137.4,3.68,1e-07,50,0.60,0.58,True,143.9,3,0.032227962862246926,0.17952148301038215,4.9018262701348965,
3247,200,5,101.7,49.0,106.2,2.81,1e-07,50,0.35,0.40,True,159.70000000000002,3,0.014115253040245843,0.11880763039571929,1.168679669003778,
3241,200,5,121.5,129.4,170.4,2.79,1e-07,25,center,center,True,169.60000000000002,3,0.007318261962781923,0.08554684075278247,0.09749611310093087,
3255,200,5,30.3,106.0,104.1,2.16,1e-07,80,0.60,0.58,True,121.5,3,0.0037520918388703906,0.06125432098122051,1.040329148897293,
3240,200,5,141.0,73.2,152.1,3.63,1e-05,120,0.60,0.58,True,201.20000000000002,3,0.004108160662334945,0.06409493476348146,0.36060293976369506,
3248,200,5,126.2,154.1,192.1,3.98,1e-07,50,0.45,0.55,True,159.4,3,0.028975337704912944,0.17022143726602987,6.591241465390356,
3258,200,5,35.1,84.1,84.6,3.43,1e-07,120,0.45,0.55,True,116.30000000000001,3,0.013390535912550745,0.1157174831758397,1.0700577235050577,
3256,200,5,69.3,94.0,109.8,4.36,1e-07,120,center,center,True,131.4,3,0.00436387008053144,0.06605959491649521,3.584946329308876,
3253,200,5,73.3,147.8,158.3,3.14,1e-07,80,0.45,0.55,True,138.1,3,0.0009238793788503182,0.0303953841701387,1.599453389010328,
3263,200,5,36.6,31.4,41.2,4.01,1e-06,25,0.45,0.55,True,77.9,3,0.00018599144847188825,0.013637868179150591,0.3522831125753766,
3246,200,5,167.9,113.1,195.6,2.63,1e-07,50,center,center,True,225.10000000000002,3,0.008083608885458015,0.08990889213786374,0.25892029265569405,
3249,200,5,151.7,41.3,151.1,4.11,1e-07,50,0.60,0.45,True,208.20000000000002,3,0.00298441308874699,0.05462978206754068,1.5300016006323869,
3254,200,5,145.2,132.3,189.4,2.61,1e-07,80,0.60,0.45,True,197.10000000000002,3,0.00266927235843672,0.05166500129136473,0.3470151175008717,
3266,200,5,37.3,80.9,82.5,3.47,1e-06,50,center,center,True,114.0,3,0.007795014186966314,0.08828937754320343,3.1926459825582194,
3271,200,5,24.1,72.4,70.0,1.5,1e-06,80,center,center,True,106.4,3,0.006797653563701971,0.08244788392494966,3.0856818656974077,
3269,200,5,78.5,88.0,110.9,4.39,1e-06,50,0.60,0.45,True,114.60000000000001,3,0.004192087080447949,0.06474632870246737,1.1427125974296526,
3252,200,5,169.5,28.5,166.1,1.34,1e-07,80,0.35,0.40,True,228.5,3,0.03724832457698582,0.19299825019151293,0.5059565423185172,
3264,200,5,114.6,103.3,147.2,2.66,1e-06,25,0.60,0.45,True,145.20000000000002,3,0.002734291521542277,0.05229045344555999,0.1641885056753098,
3268,200,5,26.1,82.9,80.7,2.94,1e-06,50,0.45,0.55,True,121.0,3,0.0006202979642932367,0.02490578174427048,1.2333792779577173,
3281,200,5,70.8,40.8,74.9,4.13,1e-05,25,center,center,True,94.60000000000001,3,0.0014551429920303066,0.03814633654796102,0.18040141140363522,
3288,200,5,19.5,20.6,21.3,4.24,1e-05,50,0.45,0.55,True,44.900000000000006,3,0.0038367803440996157,0.0619417496047667,1.8925259544485142,
3273,200,5,122.3,77.2,137.7,4.99,1e-06,80,0.45,0.55,True,142.6,3,0.01660939380586699,0.12887743714811756,3.762553437580251,
3260,200,5,144.3,83.6,160.0,4.22,1e-07,120,0.60,0.58,True,210.60000000000002,3,0.008771347043950767,0.09365546990940127,0.1658504637220944,
3257,200,5,158.3,50.4,159.8,4.59,1e-07,120,0.35,0.40,True,224.60000000000002,3,0.006377224639911335,0.07985752713371067,1.320185628113456,
3261,200,5,151.7,27.3,148.3,1.96,1e-06,25,center,center,True,212.3,3,0.023677550038298967,0.15387511182221433,1.5121931210433799,
3259,200,5,163.4,54.5,165.9,2.85,1e-07,120,0.60,0.45,True,229.60000000000002,3,0.009411727933322503,0.09701406049291258,1.670853881871082,
3270,200,5,98.5,127.3,153.9,4.21,1e-06,50,0.60,0.58,True,165.0,3,0.007727142032154261,0.08790416390680399,0.03897811738516859,
3279,200,5,46.8,150.4,151.3,2.53,1e-06,120,0.60,0.45,True,128.5,3,0.046282420105052575,0.2151334936848574,7.823187872722373,
3265,200,5,109.9,50.5,114.3,2.25,1e-06,25,0.60,0.58,True,200.10000000000002,3,0.007181058588231596,0.08474112689970317,1.8290097866536408,
3285,200,5,46.1,136.5,137.7,1.64,1e-05,25,0.60,0.58,False,138.9,3,0.02830240438511569,0.1682331845538082,17.36411899227838,vittima non trovata entro 15 minuti
3276,200,5,134.6,169.3,209.3,1.99,1e-06,120,center,center,True,163.8,3,0.018343271761006485,0.13543733518128037,4.234614679274472,
3278,200,5,105.3,166.5,190.1,3.48,1e-06,120,0.45,0.55,True,166.20000000000002,3,0.03579813833852511,0.1892039596269727,4.345979023034288,
3277,200,5,151.5,167.0,218.4,1.09,1e-06,120,0.35,0.40,True,169.9,3,0.011059676041058012,0.10516499437102639,2.585540309412941,
3274,200,5,156.8,106.8,182.7,2.78,1e-06,80,0.60,0.45,True,197.8,3,0.005674134304349971,0.07532684982361848,0.49771837518781925,
3267,200,5,139.1,91.1,159.3,3.44,1e-06,50,0.35,0.40,True,222.0,3,0.015857596796270426,0.12592695023810602,1.098162659577526,
3283,200,5,138.2,110.2,169.7,1.9,1e-05,25,0.45,0.55,True,170.70000000000002,3,0.014700450565809141,0.12124541461766354,0.2167897785025183,
3294,200,5,62.8,63.6,82.4,2.46,1e-05,80,0.60,0.45,True,87.10000000000001,3,0.02332199775454065,0.15271541426634264,1.0942960856345705,
3272,200,5,163.8,125.7,199.4,4.31,1e-06,80,0.35,0.40,True,216.20000000000002,3,0.003114534820294883,0.05580801752700846,1.9841191462219718,
3275,200,5,139.9,114.6,173.8,3.82,1e-06,80,0.60,0.58,True,196.10000000000002,3,0.004507338625329978,0.06713671592601159,0.13227653978118972,
3284,200,5,135.9,134.0,183.8,1.63,1e-05,25,0.60,0.45,True,172.10000000000002,3,0.005930599450426897,0.0770103853413739,0.5546113258046727,
3293,200,5,73.7,74.8,97.9,1.44,1e-05,80,0.45,0.55,True,102.0,3,0.004345732047491328,0.06592216658675083,0.6448804649739305,
3282,200,5,131.0,60.8,137.8,3.95,1e-05,25,0.35,0.40,True,178.4,3,0.030149246284089437,0.17363538315703236,2.4572329826205617,
3291,200,5,102.7,133.9,161.7,1.8,1e-05,80,center,center,True,121.60000000000001,3,0.004964269063208316,0.07045756923999234,1.9886500207560531,
3297,200,5,19.5,82.0,78.4,4.1,1e-05,120,0.35,0.40,True,86.80000000000001,3,0.02988225220461637,0.1728648379648573,1.4201992908324281,
3298,200,5,74.5,45.5,80.5,1.11,1e-05,120,0.45,0.55,True,92.80000000000001,3,0.0070941740951727655,0.08422692025221369,0.13848209005934528,
3280,200,5,144.9,132.6,189.4,4.66,1e-06,120,0.60,0.58,True,191.4,3,0.005035302123385377,0.070959862763293,0.44726020700863856,
3286,200,5,156.4,154.4,212.7,2.84,1e-05,50,center,center,True,192.0,3,0.003032330971115132,0.055066604862794404,0.21883594726738562,
3290,200,5,88.8,150.1,167.5,3.26,1e-05,50,0.60,0.58,True,138.70000000000002,3,0.0071524165774967275,0.08457196094153621,0.2126864486035828,
3299,200,5,19.9,155.6,151.3,2.41,1e-05,120,0.60,0.45,True,110.2,3,0.03287549878506576,0.1813160191077053,1.0844308693226417,
3295,200,5,115.0,142.9,176.4,2.87,1e-05,80,0.60,0.58,True,132.20000000000002,3,0.004252334494793183,0.06520992635169268,0.0638169161110439,
3292,200,5,101.7,60.2,111.4,2.36,1e-05,80,0.35,0.40,True,145.4,3,0.003485644941661778,0.05903935078963672,0.7608403365328646,
3287,200,5,149.5,91.8,168.5,2.32,1e-05,50,0.35,0.40,True,185.5,3,0.0043263879699856605,0.06577528388373295,1.062258975120106,
3296,200,5,96.9,134.0,158.4,3.87,1e-05,120,center,center,True,133.1,3,0.02162337768110906,0.14704889554535613,0.9561932947610362,
3300,200,5,96.9,78.1,117.4,3.23,1e-05,120,0.60,0.58,True,134.1,3,0.002098250863736216,0.04580666833263707,1.6428576985382242,
3302,200,5,65.9,98.2,111.4,4.26,1e-07,25,0.35,0.40,True,122.9,3,0.003802603501330427,0.06166525359820089,0.30951230196809687,
3289,200,5,130.1,80.2,146.0,3.05,1e-05,50,0.60,0.45,True,183.10000000000002,3,0.0048101331498460855,0.06935512345779571,0.843175265200972,
3303,200,5,75.1,46.9,81.7,4.71,1e-07,25,0.45,0.55,True,108.5,3,0.0014718790301928397,0.03836507565733241,0.3630818258780208,
3304,200,5,80.0,79.1,105.4,2.12,1e-07,25,0.60,0.45,True,122.5,3,0.02257333817972279,0.15024426171978347,1.1789377849033518,
3305,200,5,85.8,68.3,102.6,4.47,1e-07,25,0.60,0.58,True,119.10000000000001,3,0.007829140069046654,0.08848242802413739,0.853819318816291,
3301,200,5,152.6,167.1,219.2,2.28,1e-07,25,center,center,True,155.8,3,0.07213048380623395,0.26857118945678804,2.1876739362705706,
3309,200,5,24.1,131.6,128.0,3.24,1e-07,50,0.60,0.45,False,116.80000000000001,3,0.02290819687424623,0.15135454031592918,12.134236615888916,vittima non trovata entro 15 minuti
3306,200,5,98.9,119.8,148.3,2.68,1e-07,50,center,center,True,138.0,3,0.003286166870179094,0.057325098082594624,1.6705068919996182,
3313,200,5,60.1,32.0,61.4,1.71,1e-07,80,0.45,0.55,True,107.80000000000001,3,0.006872785603886795,0.08290226537246612,0.8627287115814751,
3312,200,5,19.8,125.1,121.0,2.01,1e-07,80,0.35,0.40,True,122.30000000000001,3,0.04358366141595025,0.2087670026990622,1.975164964000482,
3315,200,5,91.5,77.9,113.2,3.39,1e-07,80,0.60,0.58,True,126.30000000000001,3,0.004433992655491716,0.06658823210967323,0.14697333773687046,
3323,200,5,37.1,92.3,93.0,2.0,1e-06,25,0.45,0.55,True,104.60000000000001,3,0.010131381659536701,0.10065476471353306,0.6250046731403707,
3319,200,5,90.3,113.5,138.0,1.9,1e-07,120,0.60,0.45,True,124.9,3,0.004346037152315796,0.06592448067535911,0.16716435333977836,
3320,200,5,125.1,72.5,137.8,3.29,1e-07,120,0.60,0.58,True,144.3,3,0.007515226504486529,0.08669040606945227,8.568276428476246,
3329,200,5,51.8,26.6,51.5,4.35,1e-06,50,0.60,0.45,True,90.0,3,0.010406666338899197,0.10201306945141489,1.6007517440712833,
3318,200,5,53.8,152.0,154.9,2.16,1e-07,120,0.45,0.55,True,136.6,3,0.021803327445759368,0.1476594983255712,4.350133823087731,
3307,200,5,169.9,170.0,233.3,3.32,1e-07,50,0.35,0.40,True,180.9,3,0.004401586091594039,0.06634445034510451,0.39789339865181067,
3326,200,5,112.0,101.0,143.8,2.67,1e-06,50,center,center,True,144.20000000000002,3,0.004335496945008015,0.06584449062000568,0.15032685392489295,
3310,200,5,135.4,65.1,143.6,3.74,1e-07,50,0.60,0.58,True,194.8,3,0.011983798712959886,0.10947053810482474,0.446686814941571,
3311,200,5,163.8,136.8,206.4,2.54,1e-07,80,center,center,True,189.0,3,0.03234251128355847,0.17984023822147943,0.7906688449374436,
3308,200,5,123.5,89.9,145.8,3.89,1e-07,50,0.45,0.55,True,208.9,3,0.003555508642526991,0.05962808602099342,0.10614793013004573,
3327,200,5,99.5,160.7,182.1,2.0,1e-06,50,0.35,0.40,True,150.6,3,0.02443284235650328,0.15631008398853632,8.738662014294803,
3330,200,5,87.1,116.1,138.1,1.42,1e-06,50,0.60,0.58,True,141.3,3,0.0026799053361766653,0.05176780211846612,0.16897142871667742,
3322,200,5,134.0,155.9,198.5,1.51,1e-06,25,0.35,0.40,True,174.10000000000002,3,0.021441074210948208,0.14642770984669606,1.0555272395418585,
3334,200,5,77.0,112.9,129.7,1.91,1e-06,80,0.60,0.45,True,117.7,3,0.00428864312209246,0.06548773260766065,0.11249487830525613,
3316,200,5,158.0,91.2,175.6,4.22,1e-07,120,center,center,True,212.10000000000002,3,0.031248899529657266,0.17677358266906643,0.8107993064225268,
3343,200,5,32.4,47.7,50.7,4.28,1e-05,25,0.45,0.55,True,69.8,3,0.005269047910074994,0.07258820778938542,1.7125507819224628,
3314,200,5,137.1,72.9,148.5,4.56,1e-07,80,0.60,0.45,True,215.20000000000002,3,0.003995653029132423,0.06321117803942926,0.12733760967939237,
3333,200,5,73.3,145.2,156.0,3.51,1e-06,80,0.45,0.55,True,140.70000000000002,3,0.05974261162957677,0.24442301779819503,0.9498456117548499,
3335,200,5,50.5,96.0,101.7,1.2,1e-06,80,0.60,0.58,True,123.0,3,0.0033977325491111863,0.058290072474746386,0.48740027544448905,
3317,200,5,145.4,24.0,141.7,3.16,1e-07,120,0.35,0.40,True,227.70000000000002,3,0.027149185680359705,0.16477009947305277,0.7303208104179604,
3337,200,5,55.9,43.3,63.7,1.9,1e-06,120,0.35,0.40,True,100.4,3,0.0058265122873110455,0.07633159429299931,0.2513632685926949,
3332,200,5,112.0,134.8,168.2,2.59,1e-06,80,0.35,0.40,True,160.20000000000002,3,0.003999790962296209,0.06324390059362411,0.15914556434108382,
3321,200,5,145.3,78.2,158.2,4.63,1e-06,25,center,center,True,209.8,3,0.004711727933380644,0.06864202745680408,0.2015953598411225,
3336,200,5,104.7,78.1,123.6,2.25,1e-06,120,center,center,True,146.70000000000002,3,0.004627272889385066,0.068024061106237,0.12164064914670576,
3339,200,5,96.3,29.3,94.5,1.99,1e-06,120,0.60,0.45,True,114.30000000000001,3,0.0009254525524269101,0.03042125165779525,4.695698726077058,
3328,200,5,151.9,46.1,152.5,1.23,1e-06,50,0.45,0.55,True,204.9,3,0.01469778147280424,0.1212344071326463,0.916125471360627,
3331,200,5,156.0,111.8,185.0,2.08,1e-06,80,center,center,True,202.4,3,0.005671871321929102,0.07531182723801821,0.268876183797154,
3324,200,5,169.3,22.0,165.2,3.64,1e-06,25,0.60,0.45,True,234.70000000000002,3,0.030073732705458503,0.1734177981219301,2.6920877279545357,
3342,200,5,60.6,152.0,157.1,1.92,1e-05,25,0.35,0.40,True,115.60000000000001,3,0.021430854403667904,0.1463928085790689,0.09181584806310218,
3346,200,5,30.4,125.9,123.5,3.07,1e-05,50,center,center,True,113.9,3,0.007690473053608473,0.08769534225720585,2.274305651366014,
3349,200,5,68.7,97.9,112.6,2.54,1e-05,50,0.60,0.45,True,94.7,3,0.003928221582631842,0.06267552618552032,0.5973175120332835,
3350,200,5,33.9,70.4,71.5,3.71,1e-05,50,0.60,0.58,True,81.7,3,0.001963612281411729,0.04431266502267415,1.3140807792505032,
3351,200,5,58.7,25.3,57.4,4.53,1e-05,80,center,center,True,83.0,3,0.0020567956605867434,0.04535190911733202,0.5447570288445619,
3325,200,5,149.4,69.0,158.0,4.16,1e-06,25,0.60,0.58,True,234.3,3,0.020222122035500847,0.14220450778896163,1.081112824295912,
3347,200,5,103.2,64.1,114.6,2.71,1e-05,50,0.35,0.40,True,148.4,3,0.0034561183235535396,0.05878876018044214,0.9331035296248469,
3356,200,5,69.7,56.5,82.6,2.6,1e-05,120,center,center,True,92.2,3,0.006120339705982077,0.07823260002059293,0.01487453467052866,
3340,200,5,152.7,145.5,203.8,2.82,1e-06,120,0.60,0.58,True,178.0,3,0.01790651727398311,0.133815235582437,1.0943455981414383,
3353,200,5,49.2,102.6,107.2,1.4,1e-05,80,0.45,0.55,True,105.2,3,0.004753786855897271,0.06894771102725072,0.7722459503169173,
3359,200,5,71.4,59.3,85.8,4.1,1e-05,120,0.60,0.45,True,84.10000000000001,3,0.002610979860764112,0.051097748098757854,3.0054872085436526,
3344,200,5,112.5,27.2,109.8,1.47,1e-05,25,0.60,0.45,True,173.20000000000002,3,62.43600236820457,7.901645548125059,3.912645063859192,
3355,200,5,44.9,168.9,168.7,2.68,1e-05,80,0.60,0.58,True,117.0,3,0.0393356779297956,0.19833224127659022,3.2734187163315984,
3354,200,5,71.4,162.1,170.6,2.44,1e-05,80,0.60,0.45,True,123.10000000000001,3,0.007573857916836845,0.08702791458398187,0.017812986928627088,
3338,200,5,157.1,53.5,159.6,2.58,1e-06,120,0.45,0.55,True,221.60000000000002,3,0.019657143623915442,0.14020393583603652,1.746200330150646,
3341,200,5,131.3,40.0,131.0,4.2,1e-05,25,center,center,True,201.3,3,0.007200310972663493,0.0848546461465929,0.567013342622834,
3348,200,5,151.9,123.4,188.7,2.22,1e-05,50,0.45,0.55,True,162.70000000000002,3,0.004490499099651994,0.06701118637699227,0.5569267218729539,
3360,200,5,54.6,110.4,116.5,2.95,1e-05,120,0.60,0.58,True,106.80000000000001,3,0.0020408660565321528,0.04517594555216473,0.5082229835606346,
3345,200,5,142.5,66.3,150.5,3.22,1e-05,25,0.60,0.58,True,194.20000000000002,3,0.020249523294248443,0.14230081972444306,3.0351364643420427,
3352,200,5,121.7,27.8,118.9,3.76,1e-05,80,0.35,0.40,True,171.9,3,0.05328974906827882,0.23084572568769562,6.852320092033153,
3364,200,5,22.7,167.9,163.9,1.25,1e-07,25,0.60,0.45,True,130.20000000000002,3,0.008666085873968377,0.09309181421568911,1.3701473890644116,
3370,200,5,97.3,41.8,99.4,4.09,1e-07,50,0.60,0.58,True,124.7,3,0.0011327864168376104,0.033656892560627316,4.462604185543433,
3371,200,5,43.1,79.2,83.5,4.65,1e-07,80,center,center,True,111.2,4,0.0373545930897209,0.19327336363224215,4.305867682914473,
3358,200,5,141.0,94.4,162.7,2.79,1e-05,120,0.45,0.55,True,183.70000000000002,3,0.0038536730444987555,0.06207795940991259,0.26325732262552703,
3368,200,5,67.6,116.6,127.9,3.88,1e-07,50,0.45,0.55,True,135.5,3,0.014771431799167001,0.1215377793081929,1.179721081544952,
3362,200,5,117.7,50.0,121.4,2.32,1e-07,25,0.35,0.40,True,162.4,3,0.005388979420596884,0.07340966844085924,1.1068450165617039,
3369,200,5,118.8,44.8,120.5,2.67,1e-07,50,0.60,0.45,True,161.9,3,0.002723149745804651,0.05218380731419135,2.4863382404517753,
3375,200,5,45.9,85.4,90.2,4.84,1e-07,80,0.60,0.58,True,113.60000000000001,3,0.0038192827689953555,0.061800346026501786,0.6170166934442272,
3357,200,5,167.3,79.7,178.7,4.05,1e-05,120,0.35,0.40,True,209.5,3,0.01404499534183444,0.1185115831547045,3.4849990282889447,
3374,200,5,76.3,127.2,141.5,2.8,1e-07,80,0.60,0.45,True,130.0,3,0.007336968221270035,0.08565610440167143,0.057933345095371805,
3363,200,5,163.4,129.9,201.7,3.92,1e-07,25,0.45,0.55,True,189.0,3,0.006420145705925071,0.08012581173333018,0.24751276052373009,
3372,200,5,130.9,47.1,132.8,2.21,1e-07,80,0.35,0.40,True,166.8,3,0.02863906257925546,0.1692307967813644,0.5917637946220662,
3373,200,5,132.0,97.5,157.1,2.51,1e-07,80,0.45,0.55,True,165.3,3,0.013205891105973158,0.11491688781886307,0.20708650243500426,
3383,200,5,38.2,71.6,74.5,3.1,1e-06,25,0.45,0.55,True,111.30000000000001,3,0.02458674638192715,0.15680161472997384,0.8780513636136927,
3378,200,5,99.8,115.4,145.5,1.69,1e-07,120,0.45,0.55,True,145.3,3,0.004427574824723504,0.06654002423146166,0.19030580211480733,
3361,200,5,140.7,28.3,137.7,1.22,1e-07,25,center,center,True,227.60000000000002,3,0.016872080214834145,0.12989257182315755,0.41131995106272806,
3386,200,5,35.2,66.7,68.7,3.67,1e-06,50,center,center,True,110.4,3,0.005549186464416477,0.0744928618353227,3.875503897946338,
3385,200,5,85.5,93.9,119.9,3.11,1e-06,25,0.60,0.58,True,119.80000000000001,3,0.007301649849225111,0.08544969192001285,0.09439998726302204,
3366,200,5,136.3,133.5,183.7,3.24,1e-07,50,center,center,True,209.9,3,0.006728112676618594,0.08202507346304905,0.23784410467507197,
3377,200,5,120.0,156.2,189.9,3.84,1e-07,120,0.35,0.40,True,159.5,3,0.0010138789897427326,0.03184146651369457,0.5266362451324128,
3382,200,5,116.4,85.2,137.2,1.34,1e-06,25,0.35,0.40,True,142.9,3,0.004260561055282516,0.06527297339084927,0.8525591270899179,
3388,200,5,114.4,39.7,114.7,3.3,1e-06,50,0.45,0.55,True,150.6,3,0.032479947693026506,0.18022194009894163,3.0402543422028963,
3389,200,5,127.3,72.7,139.8,1.25,1e-06,50,0.60,0.45,True,141.20000000000002,3,0.0031514301988514164,0.056137600579748835,1.5546487688102038,
3380,200,5,162.9,143.3,209.9,1.99,1e-07,120,0.60,0.58,True,184.10000000000002,3,0.03413395840613067,0.18475377778581598,1.2260333411164843,
3367,200,5,151.8,34.3,149.7,4.8,1e-07,50,0.35,0.40,True,239.60000000000002,3,0.0050941578776074305,0.07137336952678801,1.3161678257131733,
3365,200,5,168.6,25.7,164.9,3.32,1e-07,25,0.60,0.58,True,246.60000000000002,3,0.014030933206545252,0.11845224019217725,0.565801673379959,
3376,200,5,138.4,107.4,168.2,4.74,1e-07,120,center,center,True,202.4,3,0.0065307881959002015,0.08081329219812915,0.08259177442936705,
3379,200,5,169.7,147.1,217.5,4.41,1e-07,120,0.60,0.45,True,197.10000000000002,3,0.0024131416731740293,0.04912373838760675,2.2076561734829787,
3404,200,5,30.7,24.3,32.1,4.64,1e-05,25,0.60,0.45,True,60.0,3,0.0031601717217365002,0.056215404665772,3.3283691365456742,
3396,200,5,59.0,21.5,56.4,2.7,1e-06,120,center,center,True,101.7,3,0.005113926582936605,0.07151172339509519,0.23107035654315417,
3393,200,5,35.0,81.7,82.4,3.44,1e-06,80,0.45,0.55,True,113.9,3,0.009990167247125203,0.0999508241443021,1.0188339570912637,
3401,200,5,53.1,40.3,59.6,4.5,1e-05,25,center,center,True,87.60000000000001,3,0.00440918022301322,0.0664016582851153,4.803273956969962,
3381,200,5,143.8,126.3,184.3,2.77,1e-06,25,center,center,True,196.4,3,0.0037231712125324018,0.06101779422867072,0.24439724265467852,
3397,200,5,27.1,86.5,84.4,1.75,1e-06,120,0.35,0.40,True,110.60000000000001,3,0.0038148708277809234,0.06176464059460658,0.21535771543278714,
3394,200,5,27.1,150.8,147.5,4.06,1e-06,80,0.60,0.45,True,123.4,3,0.021798537037531734,0.14764327630316165,3.280533709180499,
3390,200,5,114.3,122.5,160.5,3.67,1e-06,50,0.60,0.58,True,158.0,3,0.007336565641628261,0.08565375439306944,0.3271350043407933,
3384,200,5,144.1,108.6,173.5,1.63,1e-06,25,0.60,0.45,True,195.4,3,0.00424344536306105,0.06514173288346765,0.5634932382809007,
3387,200,5,165.1,78.7,176.3,1.79,1e-06,50,0.35,0.40,True,215.0,3,0.05461779318349169,0.23370449970741192,0.6169792315599736,
3399,200,5,107.1,135.9,166.1,1.59,1e-06,120,0.60,0.45,True,140.70000000000002,3,0.004099532189676123,0.06402758928521457,0.0908496342331543,
3416,200,5,24.7,22.1,26.0,1.28,1e-05,120,center,center,True,50.400000000000006,3,0.004225347635780559,0.06500267406638406,3.7395146203014855,
3398,200,5,26.8,145.0,141.7,3.04,1e-06,120,0.45,0.55,True,134.20000000000002,3,0.028927978876708203,0.17008227090648867,2.2919701952900153,
3391,200,5,129.8,125.3,173.3,1.91,1e-06,80,center,center,True,167.60000000000002,3,0.013025343657052718,0.11412862768408598,0.05257576968221341,
3406,200,5,77.8,111.6,129.1,1.95,1e-05,50,center,center,True,120.10000000000001,3,0.03385445773174437,0.18399580900592374,2.393325601908009,
3420,200,5,32.6,19.1,31.0,1.41,1e-05,120,0.60,0.58,True,49.800000000000004,5,0.004996303665433716,0.07068453625393405,2.5838206791650498,
3412,200,5,75.4,55.1,86.5,2.51,1e-05,80,0.35,0.40,True,91.9,3,0.004116447196547997,0.06415954485926469,0.9340818007180878,
3409,200,5,89.3,135.2,155.1,3.92,1e-05,50,0.60,0.45,True,118.7,3,0.0037101160867218414,0.060910722263997505,0.06052005219246933,
3402,200,5,109.4,138.1,169.1,4.08,1e-05,25,0.35,0.40,True,148.8,3,0.0054070872930557035,0.07353289939241961,0.1486620125993956,
3410,200,5,117.6,105.7,151.1,2.84,1e-05,50,0.60,0.58,True,128.1,3,0.002573095542422913,0.05072568917642138,4.592893649238592,
3395,200,5,141.5,138.0,190.6,3.29,1e-06,80,0.60,0.58,True,190.10000000000002,3,0.004838288221393742,0.06955780489200146,0.029498314928096316,
3413,200,5,25.8,120.9,117.7,1.31,1e-05,80,0.45,0.55,True,99.30000000000001,3,0.01160793098807503,0.10774010853936908,1.0358466873770096,
3392,200,5,136.5,56.8,141.3,4.31,1e-06,80,0.35,0.40,True,216.5,3,0.041552171332173496,0.20384349715449226,1.391352191566524,
3400,200,5,167.7,164.8,228.0,2.74,1e-06,120,0.60,0.58,False,175.4,3,0.06888802886638798,0.26246529078411107,17.51426790272184,vittima non trovata entro 15 minuti
3407,200,5,91.8,38.7,93.1,4.45,1e-05,50,0.35,0.40,True,148.8,3,0.002604789436663483,0.051037137818097544,2.0586694926532667,
3408,200,5,154.8,84.7,169.7,2.22,1e-05,50,0.45,0.55,True,175.3,3,0.030670185435284707,0.17512905365839418,0.9763867260823629,
3405,200,5,92.6,106.4,134.0,4.36,1e-05,25,0.60,0.58,True,169.8,3,0.00011443080589544238,0.010697233562722765,0.145592414122166,
3418,200,5,62.8,137.3,144.4,1.93,1e-05,120,0.45,0.55,True,113.80000000000001,3,0.02255527461460205,0.15018413569549233,1.5332115222571694,
3415,200,5,77.9,151.1,163.3,1.76,1e-05,80,0.60,0.58,True,131.20000000000002,3,0.006010734427203434,0.07752892639011219,0.32616296161862374,
3414,200,5,101.1,60.3,110.9,2.64,1e-05,80,0.60,0.45,True,147.5,3,0.029092178499856382,0.17056429432872633,2.394528673026132,
3403,200,5,139.7,24.5,136.1,2.28,1e-05,25,0.45,0.55,True,194.3,3,0.015732000008334263,0.12542726979542473,0.4444016611513204,
3262,200,5,106.8,134.9,165.0,2.37,1e-06,25,0.35,0.40,False,900.0,2,0.0019958028786495564,0.04467440966201519,0.09515688073747522,vittima non trovata entro 15 minuti
3411,200,5,170.7,136.4,211.5,1.38,1e-05,80,center,center,True,172.70000000000002,3,0.009896717177735409,0.09948224554027421,0.8238052207577762,
3429,200,5,66.8,55.3,79.6,1.09,1e-07,50,0.60,0.45,True,102.2,3,0.0035553654371722793,0.05962688518757524,2.3658356540646834,
3424,200,5,112.9,73.9,128.0,4.53,1e-07,25,0.60,0.45,True,152.8,3,0.0022331082996802933,0.04725577530503857,3.194170035147103,
3428,200,5,118.0,100.0,147.6,1.73,1e-07,50,0.45,0.55,True,133.8,3,0.0017691305178810092,0.04206103324790071,0.9910210722744665,
3431,200,5,85.5,83.9,112.8,4.39,1e-07,80,center,center,True,118.7,3,0.002475457438876204,0.049753969076609394,3.608831377951937,
3430,200,5,71.7,101.6,117.4,1.16,1e-07,50,0.60,0.58,True,123.5,3,0.003450426350105293,0.058740329843347774,0.2662470591841151,
3427,200,5,20.8,142.7,138.6,4.65,1e-07,50,0.35,0.40,True,129.9,3,0.033692869877477105,0.1835561763533908,3.852611123130408,
3419,200,5,130.0,99.4,156.7,2.61,1e-05,120,0.60,0.45,True,184.3,3,0.03561004416329652,0.18870623774347398,0.37542429231352054,
3426,200,5,124.9,63.1,133.2,1.8,1e-07,50,center,center,True,161.4,3,0.005190918114774092,0.0720480264460734,0.3170012683147541,
3434,200,5,77.7,69.7,97.3,4.86,1e-07,80,0.60,0.45,True,108.80000000000001,3,0.0166806138667279,0.12915345085102412,4.094445413828103,
3417,200,5,167.7,70.6,175.4,2.24,1e-05,120,0.35,0.40,True,201.5,3,0.007799700143444107,0.08831591104350398,0.7548330984443123,
3422,200,5,150.4,139.8,198.2,2.47,1e-07,25,0.35,0.40,True,178.3,3,0.002832881361233974,0.05322481903429991,0.38978950885742303,
3421,200,5,144.6,80.7,158.8,2.08,1e-07,25,center,center,True,195.8,3,0.0038259172002715687,0.06185399906450325,0.23482169191649455,
3432,200,5,92.3,111.6,137.8,2.71,1e-07,80,0.35,0.40,True,141.5,3,0.004004471452842568,0.06328089326836789,0.2890104076541163,
3425,200,5,128.7,151.5,191.8,3.04,1e-07,25,0.60,0.58,True,177.70000000000002,3,0.009860683835045665,0.0993009760024828,0.3495765163949335,
3436,200,5,63.7,117.3,126.8,1.17,1e-07,120,center,center,True,129.4,3,0.037396085033953363,0.1933806738894902,2.1567154537671707,
3439,200,5,109.3,115.5,151.9,3.03,1e-07,120,0.60,0.45,True,135.6,3,0.002653419519712619,0.05151135330888346,0.18231312466915836,
3442,200,5,68.2,61.8,84.9,1.3,1e-06,25,0.35,0.40,True,116.7,3,0.008538054493657877,0.09240159356665813,0.1867100478051793,
3437,200,5,76.0,118.2,133.6,3.44,1e-07,120,0.35,0.40,True,135.4,3,0.007057645248191792,0.08400979257319822,0.25616601628743824,
3423,200,5,135.3,40.3,135.0,1.28,1e-07,25,0.45,0.55,True,205.4,3,0.04326648253706829,0.2080059675515784,0.5123223482789987,
3441,200,5,66.7,25.5,65.0,1.36,1e-06,25,center,center,True,121.30000000000001,3,0.03194210127669325,0.1787235330802669,3.7660578619997627,
3438,200,5,112.8,95.6,140.8,2.95,1e-07,120,0.45,0.55,True,144.20000000000002,3,0.0035259648377866564,0.05937983527921458,0.03643053176037712,
3433,200,5,103.4,160.3,183.9,1.78,1e-07,80,0.45,0.55,True,158.9,3,0.027118916954774353,0.16467822246664662,5.772615985936811,
3443,200,5,78.8,52.4,87.7,4.92,1e-06,25,0.45,0.55,True,121.4,3,0.005952640279962971,0.07715335559755629,0.11948543121660056,
3446,200,5,56.4,93.9,102.7,4.96,1e-06,50,center,center,True,118.60000000000001,3,0.002041506782859117,0.045183036450189104,3.656044001136386,
3444,200,5,63.0,145.3,151.8,1.79,1e-06,25,0.60,0.45,True,130.8,3,0.03731605360334389,0.1931736358909877,0.31679929144878105,
3435,200,5,170.4,138.0,212.2,2.82,1e-07,80,0.60,0.58,True,188.70000000000002,3,0.018715347027888077,0.1368040460947266,4.472477903296406,
3449,200,5,51.7,120.8,124.8,3.55,1e-06,50,0.60,0.45,True,117.0,3,0.006817930905211427,0.08257076301701122,0.13556825245614576,
3440,200,5,139.7,122.2,178.6,4.5,1e-07,120,0.60,0.58,True,193.20000000000002,3,0.0038485971180475965,0.06203706245501633,0.2445695244082826,
3467,200,5,45.4,23.4,44.4,3.07,1e-05,50,0.35,0.40,True,63.6,3,0.005628391457365989,0.07502260630880528,0.9466973234991323,
3452,200,5,50.9,68.3,78.2,4.34,1e-06,80,0.35,0.40,True,115.4,3,0.00816227539405939,0.09034531196503441,0.24642913897084281,
3471,200,5,36.0,28.8,39.0,1.84,1e-05,80,center,center,True,69.0,3,0.00327908456861018,0.05726329163268717,2.394426177991015,
3463,200,5,66.1,55.6,79.3,1.03,1e-05,25,0.45,0.55,True,97.4,3,0.004230372062577819,0.0650413104309701,0.17824874711839436,
3456,200,5,70.0,86.0,103.9,2.18,1e-06,120,center,center,True,123.0,3,0.05206737321869508,0.22818276275541735,2.375342183327503,
3450,200,5,122.3,135.8,175.7,1.31,1e-06,50,0.60,0.58,True,176.3,3,0.006703270702144316,0.08187350427424195,0.13725358079226058,
3451,200,5,89.5,146.7,165.0,2.21,1e-06,80,center,center,True,155.5,3,0.015354521892611966,0.1239133644632893,2.2457037196390157,
3469,200,5,21.7,140.2,136.2,1.41,1e-05,50,0.60,0.45,True,97.80000000000001,3,0.02965877257896403,0.17221722497753827,2.541258893765007,
3459,200,5,119.9,58.2,126.7,3.07,1e-06,120,0.60,0.45,True,148.3,3,0.036205493075167954,0.19027741083788152,8.194580109681961,
3453,200,5,52.8,166.2,168.2,3.09,1e-06,80,0.45,0.55,True,141.1,3,0.03687919021854031,0.19203955378655801,5.351185415830736,
3458,200,5,83.6,109.1,130.5,3.85,1e-06,120,0.45,0.55,True,136.4,3,0.003953162885090972,0.06287418297752244,1.536397428191111,
3457,200,5,133.8,125.1,176.1,3.03,1e-06,120,0.35,0.40,True,156.60000000000002,3,0.00921652476210297,0.09600273309704765,1.3845936441624982,
3448,200,5,153.6,86.6,169.5,3.43,1e-06,50,0.45,0.55,True,193.60000000000002,3,0.0030504605187179077,0.0552309742691355,0.1520881394069669,
3465,200,5,89.8,159.8,176.5,1.48,1e-05,25,0.60,0.58,True,114.30000000000001,3,0.04207715419257348,0.20512716590586796,1.623120323465799,
3460,200,5,58.0,94.8,104.2,4.15,1e-06,120,0.60,0.58,True,125.30000000000001,3,0.0075371360634144315,0.08681668079012483,0.9085009864303132,
3472,200,5,51.4,68.1,78.3,4.61,1e-05,80,0.35,0.40,True,94.30000000000001,3,0.0038280584585960874,0.06187130561573828,0.21806355096322513,
3468,200,5,45.0,156.2,156.4,1.99,1e-05,50,0.45,0.55,True,112.80000000000001,3,0.001566473760071631,0.039578703365214365,0.4408538821918793,
3445,200,5,127.2,98.7,154.0,1.43,1e-06,25,0.60,0.58,True,224.60000000000002,3,0.001454329247404375,0.03813566896495163,0.3374235729987205,
3466,200,5,94.1,51.3,100.4,3.08,1e-05,50,center,center,True,138.3,3,0.00021575277431555624,0.014688525260064615,0.1256384302581021,
3475,200,5,27.9,136.6,133.6,1.01,1e-05,80,0.60,0.58,True,99.10000000000001,3,0.008516589905222964,0.09228537210860106,1.1680197216840351,
3476,200,5,49.9,94.2,99.8,1.42,1e-05,120,center,center,True,99.60000000000001,3,0.002933887583774931,0.0541653725527198,1.4269506738561262,
3447,200,5,124.8,39.6,124.7,3.46,1e-06,50,0.35,0.40,True,234.8,3,0.0030710006387428103,0.05541660977308888,0.5997751872154022,
3473,200,5,97.8,97.3,130.9,1.29,1e-05,80,0.45,0.55,True,127.4,3,0.004578039875711833,0.06766121396865292,0.1662438806493179,
3461,200,5,154.3,118.3,187.4,1.73,1e-05,25,center,center,True,179.0,3,0.0041727031309723795,0.06459646376522774,0.32949682295036536,
3455,200,5,136.6,115.2,171.6,4.39,1e-06,80,0.60,0.58,True,200.60000000000002,3,0.0028195808623143154,0.053099725633135954,0.16380551005363544,
3462,200,5,111.3,33.1,109.9,1.47,1e-05,25,0.35,0.40,True,177.60000000000002,3,0.01254556412545298,0.1120069824852584,0.6356766174984155,
3480,200,5,51.2,71.5,81.0,3.85,1e-05,120,0.60,0.58,True,88.4,3,0.001888256394066998,0.04345407223801928,1.1762705170125092,
3464,200,5,145.1,130.7,188.3,1.26,1e-05,25,0.60,0.45,True,181.8,3,0.005107783307656832,0.07146875756340551,0.09539211872084018,
3454,200,5,148.0,49.6,149.8,1.98,1e-06,80,0.60,0.45,True,220.20000000000002,3,0.036807762119036025,0.19185349128706525,1.9249981010727082,
3470,200,5,141.5,21.3,137.5,4.85,1e-05,50,0.60,0.58,True,193.5,3,0.029244818148378267,0.1710111638121274,1.213682822117455,
3474,200,5,100.5,66.6,113.6,4.22,1e-05,80,0.60,0.45,True,157.3,3,0.04508337016785115,0.21232844879537727,1.1098863620895576,
3478,200,5,86.5,90.0,117.7,3.99,1e-05,120,0.45,0.55,True,129.3,3,0.014517247701688218,0.12048754168663339,0.24179460688660107,
3477,200,5,120.3,71.6,133.2,3.21,1e-05,120,0.35,0.40,True,155.9,3,0.01173511401982083,0.10832873127578312,1.2703946597340834,
3485,200,5,48.3,43.5,57.9,1.19,1e-07,25,0.60,0.58,True,103.30000000000001,3,0.0039081093970543945,0.06251487340668935,1.8181238788337881,
3484,200,5,61.0,106.7,116.1,4.79,1e-07,25,0.60,0.45,True,115.60000000000001,3,0.0037909749838902786,0.061570893966957134,0.02599943322003675,
3481,200,5,48.5,149.4,150.8,3.93,1e-07,25,center,center,True,127.5,3,0.03076106657609994,0.17538833078657182,4.59145342631309,
3491,200,5,71.7,20.1,68.4,3.25,1e-07,80,center,center,False,94.30000000000001,3,0.0006053310271291795,0.0246034759155933,12.668640369403455,vittima non trovata entro 15 minuti
3483,200,5,25.4,110.4,107.3,4.08,1e-07,25,0.45,0.55,True,119.9,3,0.005638511203025035,0.07509002066203628,1.8274426571695987,
3479,200,5,83.8,21.6,80.5,4.63,1e-05,120,0.60,0.45,True,154.9,3,0.0005045641209314835,0.022462504778663565,4.633055460650096,
3487,200,5,61.6,106.5,116.2,2.35,1e-07,50,0.35,0.40,True,116.60000000000001,3,0.0031939569496824693,0.05651510373061762,0.24332539994144045,
3488,200,5,87.8,124.3,145.2,3.65,1e-07,50,0.45,0.55,True,130.9,3,0.004326353961500467,0.06577502536297851,1.2215505306327392,
3492,200,5,33.1,81.2,81.2,1.62,1e-07,80,0.35,0.40,True,113.9,3,0.008063561623718303,0.08979733639545387,0.1424160678220926,
3500,200,5,29.3,51.9,52.8,3.66,1e-07,120,0.60,0.58,True,96.80000000000001,3,0.036275075591791967,0.19046016799265922,2.051785573681562,
3494,200,5,41.8,167.1,166.2,1.67,1e-07,80,0.60,0.45,True,129.3,3,0.04832652656913041,0.21983295150893647,0.3503913002408507,
3499,200,5,34.6,141.4,139.6,1.26,1e-07,120,0.60,0.45,True,119.5,3,0.05645790701115922,0.23760872671507505,0.5332742681149851,
3490,200,5,66.1,154.3,161.3,1.54,1e-07,50,0.60,0.58,True,159.0,3,0.012514261660379642,0.11186716077732393,0.26130011063249214,
3486,200,5,104.2,154.6,179.5,1.9,1e-07,50,center,center,True,172.10000000000002,3,0.022492251407725167,0.14997416913497194,1.2695106471813578,
3498,200,5,62.8,146.7,153.1,1.02,1e-07,120,0.45,0.55,True,138.8,3,0.014913367704168153,0.12212030013133833,1.051592036977649,
3495,200,5,128.3,42.4,128.8,2.19,1e-07,80,0.60,0.58,False,172.60000000000002,3,0.07096540748988642,0.26639333229247014,19.373886514500025,vittima non trovata entro 15 minuti
3497,200,5,91.8,169.2,185.7,3.58,1e-07,120,0.35,0.40,True,150.6,3,0.027876191260199003,0.16696164607537564,1.2615616255715867,
3496,200,5,70.1,151.2,160.1,1.93,1e-07,120,center,center,True,150.70000000000002,3,0.014258752010155303,0.1194100163728123,2.134958477142799,
3489,200,5,144.4,125.3,184.1,3.01,1e-07,50,0.60,0.45,True,178.70000000000002,3,0.00492141090244696,0.07015276831634629,0.5528053826017439,
3502,200,5,49.4,71.4,79.8,2.69,1e-06,25,0.35,0.40,True,122.30000000000001,3,0.0017945302694799955,0.042361896433941615,0.3536054994001712,
3493,200,5,154.4,130.8,195.3,1.12,1e-07,80,0.45,0.55,True,187.3,3,0.0029357170878725365,0.054182258054390246,0.3848873549729291,
3509,200,5,42.0,98.2,100.3,3.12,1e-06,50,0.60,0.45,True,107.0,3,0.008165413464725008,0.09036267738798474,0.16957766495491136,
3505,200,5,100.9,160.7,182.9,3.1,1e-06,25,0.60,0.58,True,139.0,3,0.05589584235169785,0.23642301569791774,5.381850346322952,
3482,200,5,115.4,45.1,117.5,3.26,1e-07,25,0.35,0.40,True,216.10000000000002,3,0.013684279638010912,0.11697982577355341,0.7364287434231566,
3510,200,5,44.6,103.0,105.7,1.07,1e-06,50,0.60,0.58,True,120.9,3,0.010264112435586406,0.10131195603474649,0.5144081947079745,
3522,200,5,27.2,44.2,45.1,3.33,1e-05,25,0.35,0.40,True,67.8,3,0.004196613388669624,0.06478127344124708,0.3482588717308236,
3511,200,5,24.9,111.2,108.1,3.51,1e-06,80,center,center,True,126.9,3,0.01888935527407337,0.13743855090211543,2.931615480504961,
3501,200,5,109.6,119.3,154.9,2.14,1e-06,25,center,center,True,170.4,3,0.0016024923065752652,0.040031141709614845,0.01307472344727109,
3508,200,5,102.1,161.5,184.2,1.25,1e-06,50,0.45,0.55,True,146.70000000000002,3,0.012324631414425573,0.1110163565175221,0.3923713651084329,
3507,200,5,85.7,143.0,159.9,1.83,1e-06,50,0.35,0.40,True,151.4,3,0.003088435131424109,0.055573691000545475,0.225005526582223,
3506,200,5,115.9,152.2,184.3,2.03,1e-06,50,center,center,False,161.0,3,0.048450267816784,0.22011421539006518,10.503721477532556,vittima non trovata entro 15 minuti
3518,200,5,85.5,52.6,93.6,1.03,1e-06,120,0.45,0.55,True,119.2,3,0.003773278935419192,0.061427021215579,0.16600170564278363,
3503,200,5,125.4,128.4,172.4,1.99,1e-06,25,0.45,0.55,True,187.5,3,0.0025202700583516167,0.050202291365550405,0.14398697585926842,
3516,200,5,29.6,143.4,140.6,3.49,1e-06,120,center,center,True,128.3,3,0.029685170520287733,0.17229384933968983,2.9076832478271517,
3515,200,5,56.1,140.0,144.3,4.1,1e-06,80,0.60,0.58,True,132.9,3,0.0032305624652791457,0.056838037134291905,0.1450824199559944,
3527,200,5,23.6,54.3,52.7,2.91,1e-05,50,0.35,0.40,True,77.7,3,0.0020890973022376436,0.04570664396165664,0.2674550369760082,
3520,200,5,22.4,136.6,132.7,3.71,1e-06,120,0.60,0.58,True,126.2,3,0.02073359750216798,0.1439916577519961,2.499388498220339,
3504,200,5,160.8,144.0,208.8,1.57,1e-06,25,0.60,0.45,True,190.60000000000002,3,0.00531069799815485,0.07287453600644637,1.9818495846313233,
3517,200,5,106.4,107.6,144.2,3.37,1e-06,120,0.35,0.40,True,145.0,3,0.003063896121162832,0.05535247168070123,1.327097858290142,
3523,200,5,57.9,100.3,109.0,3.94,1e-05,25,0.45,0.55,True,104.80000000000001,3,0.0028966414083978135,0.053820455297199164,1.4759460607820623,
3513,200,5,104.3,158.9,183.2,2.11,1e-06,80,0.45,0.55,True,159.0,3,0.034880538888065596,0.18676332318757233,3.807933426679761,
3533,200,5,74.4,78.8,101.4,2.37,1e-05,80,0.45,0.55,True,94.2,3,0.00455778021134428,0.0675113339473031,1.0680955747314476,
3534,200,5,74.1,92.0,111.1,2.2,1e-05,80,0.60,0.45,True,96.0,3,0.01849997174279043,0.1360146012117465,1.0901516516444458,
3529,200,5,100.3,164.0,185.4,3.64,1e-05,50,0.60,0.45,True,121.0,3,0.027247509635069642,0.1650681969219681,1.0112434391440717,
3514,200,5,151.1,147.9,204.3,1.81,1e-06,80,0.60,0.45,True,183.10000000000002,3,0.00485638645204124,0.06968777835489692,1.0720848241709577,
3538,200,5,45.9,55.0,64.6,2.55,1e-05,120,0.45,0.55,True,86.2,3,0.004029227106323187,0.06347619322488697,1.1218174289539404,
3512,200,5,138.9,115.2,173.4,2.12,1e-06,80,0.35,0.40,True,196.70000000000002,3,0.0052613845489709035,0.07253540203907953,0.9813167304042191,
3526,200,5,115.5,88.3,138.4,3.15,1e-05,50,center,center,True,151.8,3,0.027289641482548876,0.1651957671447694,0.1361220194190861,
3530,200,5,86.4,59.1,97.8,1.72,1e-05,50,0.60,0.58,True,143.70000000000002,3,0.0011339967392562766,0.0336748680659075,1.6397880544826362,
3537,200,5,66.9,141.2,149.6,1.57,1e-05,120,0.35,0.40,False,120.9,3,0.012210145638511227,0.11049952777505986,10.155274034899557,vittima non trovata entro 15 minuti
3521,200,5,136.8,43.0,137.1,3.32,1e-05,25,center,center,True,202.8,3,0.005252095781249428,0.07247134455251557,0.23732950175155054,
3539,200,5,100.3,162.6,184.2,4.17,1e-05,120,0.60,0.45,True,121.9,3,0.02270944795405072,0.1506965426081525,0.086595890936053,
3528,200,5,131.0,103.2,159.8,3.66,1e-05,50,0.45,0.55,True,173.8,3,0.006527062398156542,0.08079023702252978,0.2396170998433326,
3540,200,5,93.5,118.5,143.9,2.19,1e-05,120,0.60,0.58,True,119.80000000000001,3,0.0012969147202107783,0.036012702206454576,0.1895074924801149,
3532,200,5,124.4,140.4,180.5,4.64,1e-05,80,0.35,0.40,True,165.10000000000002,3,0.002788591349319409,0.052807114571044395,0.14861813503817595,
3519,200,5,165.6,41.7,164.8,1.19,1e-06,120,0.60,0.45,True,230.3,3,0.03360428846539417,0.18331472517338637,0.724796902854975,
3531,200,5,128.8,151.3,191.6,2.66,1e-05,80,center,center,True,165.9,3,0.0039254813652984145,0.06265366202624086,0.043934095361012386,
3524,200,5,140.9,79.6,155.0,2.41,1e-05,25,0.60,0.45,True,191.60000000000002,3,0.004198234887914173,0.0647937874175771,0.3043472666206978,
3545,200,5,21.4,79.7,76.5,1.64,1e-07,25,0.60,0.58,True,107.60000000000001,3,0.025021956558456817,0.15818330050437315,0.5737335590149099,
3541,200,5,70.7,86.1,104.4,3.19,1e-07,25,center,center,True,136.0,3,0.0014783282233418666,0.03844903410154625,2.5972716995041267,
3535,200,5,122.2,88.5,143.9,2.3,1e-05,80,0.60,0.58,True,181.3,3,0.0044489714006048075,0.06670061019664518,0.585133806273691,
3550,200,5,37.6,84.4,85.8,1.98,1e-07,50,0.60,0.58,True,111.0,3,0.006435105129745499,0.08021910701164342,0.2390162996864375,
3525,200,5,151.2,21.5,147.1,3.23,1e-05,25,0.60,0.58,True,221.9,3,0.03176347590453404,0.17822310710043757,0.4644291706125311,
3536,200,5,131.2,87.4,150.7,2.54,1e-05,120,center,center,True,191.9,3,0.00584399057457404,0.07644599776688142,0.13317767803394817,
3548,200,5,35.9,87.2,87.8,4.09,1e-07,50,0.45,0.55,True,125.80000000000001,3,0.010612429041957788,0.10301664448989681,1.083170874387653,
3552,200,5,70.3,46.0,77.2,1.25,1e-07,80,0.35,0.40,True,113.7,3,0.004360832925746691,0.06603660292403518,0.6220048489370403,
3557,200,5,23.9,44.3,43.6,3.48,1e-07,120,0.35,0.40,True,82.10000000000001,3,0.0029442637055066326,0.05426106988907086,0.3241292572846001,
3551,200,5,21.3,127.9,124.0,1.52,1e-07,80,center,center,True,124.4,3,0.008191562075161363,0.09050724874374076,2.044261785180982,
3547,200,5,63.0,148.4,154.7,1.83,1e-07,50,0.35,0.40,True,140.0,3,0.005410398132824421,0.07355540858988155,0.36917815915718427,
3553,200,5,108.4,81.2,128.4,4.76,1e-07,80,0.45,0.55,True,133.4,3,0.0026968250725590234,0.05193096448708635,0.621862687054431,
3554,200,5,45.1,102.2,105.1,2.91,1e-07,80,0.60,0.45,True,110.9,3,0.0037762267317870152,0.061451010828032886,0.2902406495624759,
3542,200,5,128.9,116.7,166.8,1.86,1e-07,25,0.35,0.40,True,191.60000000000002,3,0.011453084772073375,0.1070190860177444,0.5621305713929045,
3555,200,5,79.5,142.1,156.0,1.12,1e-07,80,0.60,0.58,True,135.4,3,0.00906266111396301,0.09519801003152856,0.4226979194843002,
3543,200,5,158.5,97.1,179.0,2.59,1e-07,25,0.45,0.55,True,203.60000000000002,3,0.008213842455384708,0.09063025132583881,0.7751678211762738,
3549,200,5,135.8,33.1,133.8,1.43,1e-07,50,0.60,0.45,True,207.3,3,0.03779724502177974,0.194415135783662,0.9361007066137754,
3565,200,5,53.9,65.7,77.9,2.24,1e-06,25,0.60,0.58,True,108.9,3,0.005486585643252298,0.07407149008392026,0.4620177033650747,
3562,200,5,44.1,97.7,100.7,2.89,1e-06,25,0.35,0.40,True,120.2,3,0.007301328706987693,0.08544781276889242,0.19873720896118852,
3558,200,5,120.0,158.7,192.0,4.53,1e-07,120,0.45,0.55,False,159.10000000000002,3,0.028695039518476642,0.1693961024300047,11.91431273129725,vittima non trovata entro 15 minuti
3544,200,5,117.8,47.1,120.4,4.83,1e-07,25,0.60,0.45,True,221.0,3,0.050240093603278586,0.22414302042062026,2.589537875055572,
3567,200,5,95.9,72.8,113.4,3.14,1e-06,50,0.35,0.40,True,125.60000000000001,3,0.004736121577416716,0.06881948544864831,0.7332355670056367,
3563,200,5,27.9,135.6,132.6,1.29,1e-06,25,0.45,0.55,True,131.8,3,0.018690967763789396,0.13671491419662082,6.204638155757816,
3569,200,5,58.9,109.6,117.6,4.39,1e-06,50,0.60,0.45,True,113.10000000000001,3,0.004996510525108565,0.07068599949854684,0.10268891140736323,
3566,200,5,33.3,167.2,164.7,2.28,1e-06,50,center,center,True,139.4,3,0.03389332566662881,0.18410140050154103,3.0206881958700778,
3568,200,5,67.3,135.3,144.5,3.62,1e-06,50,0.45,0.55,True,129.8,3,0.0037559489571306294,0.061285797352491296,1.2178933924648025,
3561,200,5,157.4,132.6,198.7,1.97,1e-06,25,center,center,True,175.5,3,0.004812798704274611,0.06937433750512224,0.4310118628327201,
3572,200,5,26.3,94.5,92.0,3.23,1e-06,80,0.35,0.40,True,115.2,3,0.004189061484913229,0.06472295948821584,0.05636463251315659,
3559,200,5,153.7,109.1,181.6,3.62,1e-07,120,0.60,0.45,True,194.10000000000002,3,0.0035275665813742562,0.05939332101654408,0.25134870173137064,
3546,200,5,133.8,37.0,132.7,3.97,1e-07,50,center,center,True,253.60000000000002,3,0.036475946549097,0.1909867706127757,4.643575815172569,
3575,200,5,21.8,86.4,83.1,1.86,1e-06,80,0.60,0.58,True,108.30000000000001,3,0.009199673795368037,0.0959149299919884,0.6008104601242417,
3556,200,5,135.0,103.8,163.3,1.3,1e-07,120,center,center,True,204.10000000000002,3,0.01254039861840744,0.11198392124946974,0.09620800634251551,
3571,200,5,82.0,121.7,139.8,4.48,1e-06,80,center,center,True,135.8,3,0.004040579133152882,0.06356554989263352,3.3219360608181834,
3578,200,5,75.9,68.7,95.3,1.61,1e-06,120,0.45,0.55,True,116.0,3,0.0046878466588180815,0.06846785127940033,0.4039004737635815,
3570,200,5,46.2,164.6,164.9,3.33,1e-06,50,0.60,0.58,True,157.3,3,0.07006011905850568,0.2646887210640183,3.2460730492200454,
3577,200,5,105.0,68.5,118.5,1.14,1e-06,120,0.35,0.40,True,137.9,3,0.0029201443260249943,0.05403835976438399,0.8924668758023337,
3560,200,5,159.0,69.9,167.1,4.11,1e-07,120,0.60,0.58,True,219.10000000000002,3,0.002936319553406075,0.054187817389207284,0.5427805648272611,
3587,200,5,30.7,61.6,62.1,2.14,1e-05,50,0.35,0.40,True,81.30000000000001,3,0.0044140220811879185,0.06643810714633522,0.2281326353889501,
3580,200,5,122.3,54.0,127.1,3.14,1e-06,120,0.60,0.58,True,149.4,3,0.03921662694054776,0.1980318836464163,5.832934907412897,
3585,200,5,68.8,72.5,92.9,2.26,1e-05,25,0.60,0.58,True,96.4,3,0.0022621210803720365,0.04756176069461723,0.6546306372130536,
3573,200,5,123.8,83.2,142.2,1.95,1e-06,80,0.45,0.55,True,158.5,3,0.040060755258528535,0.20015183051505808,2.0122656546064377,
3588,200,5,47.6,85.1,90.7,4.48,1e-05,50,0.45,0.55,True,97.80000000000001,3,0.004989299969593269,0.07063497695613179,1.7519242180582628,
3574,200,5,135.4,119.0,173.2,4.12,1e-06,80,0.60,0.45,True,173.70000000000002,3,0.004076154345971483,0.06384476756924942,0.16411580596129005,
3592,200,5,25.6,95.9,93.2,2.61,1e-05,80,0.35,0.40,True,89.30000000000001,3,0.007850809918676024,0.08860479625097066,0.7243934627564644,
3581,200,5,86.6,25.3,84.1,4.44,1e-05,25,center,center,True,175.4,3,0.025669278954252528,0.1602163504585363,1.5738215362002086,
3590,200,5,45.7,121.7,123.6,3.93,1e-05,50,0.60,0.58,True,104.0,3,0.0026232250382802955,0.05121742904793539,0.3840736062443514,
3593,200,5,67.0,116.1,127.2,3.03,1e-05,80,0.45,0.55,True,109.60000000000001,3,0.003856957007226853,0.062104404088815256,1.5537580095751042,
3582,200,5,91.0,71.6,108.8,4.49,1e-05,25,0.35,0.40,True,185.70000000000002,3,0.03951263341699606,0.1987778494123429,2.0169921982070287,
3597,200,5,36.4,133.9,132.7,4.22,1e-05,120,0.35,0.40,True,96.5,3,0.0198708551735749,0.14096402084778548,1.1916019511524834,
3564,200,5,157.0,23.9,153.2,3.71,1e-06,25,0.60,0.45,True,244.4,3,0.02697743867125979,0.16424810096698161,3.2232615720299402,
3586,200,5,99.5,27.8,97.2,4.84,1e-05,50,center,center,True,147.8,3,0.0011389356492450924,0.03374812067723316,0.3016842369433961,
3579,200,5,161.5,116.5,192.2,4.86,1e-06,120,0.60,0.45,True,206.60000000000002,3,0.0033067126457458846,0.05750402286576031,0.2716152563691964,
3589,200,5,142.8,164.8,211.0,2.32,1e-05,50,0.60,0.45,True,140.0,3,0.0038434753926401654,0.061995769151129705,3.088449632551647,
3583,200,5,169.6,106.5,193.4,4.52,1e-05,25,0.45,0.55,True,191.20000000000002,3,0.020786891326118054,0.14417659770613972,3.179525610717073,
3596,200,5,67.5,97.7,111.8,4.57,1e-05,120,center,center,True,109.2,3,0.007086039354044833,0.08417861577648347,3.6742407019466077,
3576,200,5,156.0,91.1,173.9,3.4,1e-06,120,center,center,True,214.60000000000002,3,0.004351565898904709,0.06596639977219243,0.17119970740779147,
3584,200,5,146.7,91.4,166.0,2.41,1e-05,25,0.60,0.45,True,189.5,3,0.002883155450138389,0.05369502258252983,0.5439046702453074,
3594,200,5,131.5,144.7,188.4,4.13,1e-05,80,0.60,0.45,True,165.60000000000002,3,0.0038369826673325196,0.06194338275661509,0.03957025332292444,
3591,200,5,146.0,70.1,155.3,1.08,1e-05,80,center,center,True,200.20000000000002,3,0.005289597707599522,0.07272962056548571,0.19879706847276954,
3595,200,5,159.6,118.2,191.6,4.67,1e-05,80,0.60,0.58,True,191.0,3,0.0024559307746678206,0.049557348341772896,0.45577580813970603,
3599,200,5,169.6,157.4,224.3,1.56,1e-05,120,0.60,0.45,True,171.10000000000002,3,0.0020711459022156866,0.04550984401440733,2.9747843958544817,
3600,200,5,137.9,111.0,170.0,2.89,1e-05,120,0.60,0.58,True,188.3,3,0.003736883528039465,0.06113005421263312,0.3465329120300003,
3598,200,5,132.5,151.3,194.0,1.21,1e-05,120,0.45,0.55,True,173.4,3,0.0044173173911747875,0.06646290236797357,0.3041508526346895,
